date,bond_code,side,reason,price,quantity,notional,fee
2018-01-11,110041,buy,rebalance,102.55,0.0004870799605075567,0.04995004995004994,4.9950049950049936e-05
2018-01-11,128026,buy,rebalance,98.46,0.0005073131215727192,0.04995004995004994,4.9950049950049936e-05
2018-01-11,128023,buy,rebalance,95.99,0.0005203672252323152,0.04995004995004994,4.9950049950049936e-05
2018-01-11,128025,buy,rebalance,99.72,0.0005009030279788402,0.04995004995004994,4.9950049950049936e-05
2018-01-11,128019,buy,rebalance,96.799,0.0005160182434741055,0.04995004995004994,4.9950049950049936e-05
2018-01-11,128018,buy,rebalance,95.708,0.0005219004675685411,0.04995004995004994,4.9950049950049936e-05
2018-01-11,113503,buy,rebalance,101.94,0.0004899946041794186,0.04995004995004994,4.9950049950049936e-05
2018-01-11,123002,buy,rebalance,110.329,0.00045273726717408785,0.04995004995004994,4.9950049950049936e-05
2018-01-11,113016,buy,rebalance,100.02,0.0004994006193766241,0.04995004995004994,4.9950049950049936e-05
2018-01-11,128022,buy,rebalance,105.09,0.00047530735512465446,0.04995004995004994,4.9950049950049936e-05
2018-01-11,128014,buy,rebalance,109.3,0.0004569995420864587,0.04995004995004994,4.9950049950049936e-05
2018-01-11,128021,buy,rebalance,105.5,0.0004734601890999994,0.04995004995004994,4.9950049950049936e-05
2018-01-11,113009,buy,rebalance,116.93,0.000427179081074574,0.04995004995004994,4.9950049950049936e-05
2018-01-11,128015,buy,rebalance,98.002,0.0005096839855314171,0.04995004995004994,4.9950049950049936e-05
2018-01-11,113012,buy,rebalance,96.82,0.0005159063204921497,0.04995004995004994,4.9950049950049936e-05
2018-01-11,113011,buy,rebalance,107.6,0.0004642197950748136,0.04995004995004994,4.9950049950049936e-05
2018-01-11,110039,buy,rebalance,113.44,0.0004403213147924007,0.04995004995004994,4.9950049950049936e-05
2018-01-11,110033,buy,rebalance,122.02,0.0004093595308150298,0.04995004995004994,4.9950049950049936e-05
2018-01-11,110040,buy,rebalance,113.3,0.00044086540114783704,0.04995004995004994,4.9950049950049936e-05
2018-01-11,110034,buy,rebalance,112.81,0.0004427803381796821,0.04995004995004994,4.9950049950049936e-05
2018-01-23,110039,sell,rebalance,117.06,0.0004403213147924007,0.05154401310959843,5.154401310959843e-05
2018-01-23,110033,sell,rebalance,126.8,0.0004093595308150298,0.05190678850734578,5.190678850734578e-05
2018-01-23,110040,sell,rebalance,113.1,0.00044086540114783704,0.04986187686982037,4.986187686982037e-05
2018-01-23,128025,sell,rebalance_resize,101.495,3.5595965453586077e-06,0.0003612812513711719,3.612812513711719e-07
2018-01-23,128022,sell,rebalance_resize,111.001,2.0555852225210217e-05,0.0022817201528505596,2.2817201528505595e-06
2018-01-23,123002,sell,rebalance_resize,112.58,4.363918681094296e-06,0.0004912899651175959,4.912899651175959e-07
2018-01-23,128021,sell,rebalance_resize,106.985,1.6382367390029051e-06,0.0001752667575222258,1.7526675752222582e-07
2018-01-23,113011,sell,rebalance_resize,115.0,2.528178139358565e-05,0.00290740486026235,2.90740486026235e-06
2018-01-23,113017,buy,rebalance,101.25,0.0004980294029821463,0.050425477051942315,5.0425477051942314e-05
2018-01-23,110041,buy,rebalance,102.37,6.0062239886806346e-06,0.0006148571497212366,6.148571497212366e-07
2018-01-23,128026,buy,rebalance,99.107,2.0117939716324844e-06,0.00019938286514658063,1.9938286514658063e-07
2018-01-23,128023,buy,rebalance,95.987,5.50942566729939e-06,0.0005288332415270665,5.288332415270665e-07
2018-01-23,128018,buy,rebalance,95.536,6.457748548318753e-06,0.0006169474653121805,6.169474653121804e-07
2018-01-23,128019,buy,rebalance,97.0,4.367646919618376e-06,0.0004236617512029825,4.236617512029825e-07
2018-01-23,113503,buy,rebalance,100.85,1.0518725880597112e-05,0.0010608135050582186,1.0608135050582187e-06
2018-01-23,113016,buy,rebalance,99.4,8.416305424920005e-06,0.0008365807592370485,8.365807592370486e-07
2018-01-23,128014,buy,rebalance,106.4,1.7398466277104836e-05,0.0018511968118839549,1.8511968118839548e-06
2018-01-23,128027,buy,rebalance,106.7,0.0004725911626236393,0.050425477051942315,5.0425477051942314e-05
2018-01-23,110042,buy,rebalance,105.73,0.00047692686136330574,0.050425477051942315,5.0425477051942314e-05
2018-01-23,123002,buy,rebalance,112.58,6.157125190538912e-20,6.931691539508707e-18,6.931691539508708e-21
2018-01-23,128015,buy,rebalance,98.7,1.7414752377910757e-06,0.00017188360596997917,1.7188360596997917e-07
2018-01-23,113009,buy,rebalance,117.5,2.4173142256203385e-06,0.00028403442151038975,2.8403442151038974e-07
2018-01-23,113012,buy,rebalance,96.52,7.064701696802452e-06,0.0006818850077753726,6.818850077753726e-07
2018-01-23,110034,buy,rebalance,112.5,5.905717256096493e-06,0.0006643931913108555,6.643931913108555e-07
2018-01-31,128021,sell,rebalance,103.79,0.0004718219523609965,0.04897040043554783,4.897040043554783e-05
2018-01-31,113012,sell,rebalance,97.81,0.0005229710221889522,0.05115179568030141,5.115179568030142e-05
2018-01-31,113011,sell,rebalance,116.5,0.00043893801368122796,0.051136278593863056,5.113627859386306e-05
2018-01-31,110034,sell,rebalance,110.1,0.0004486860554357786,0.049400334703479216,4.9400334703479215e-05
2018-01-31,128027,sell,rebalance,105.4,0.0004725911626236393,0.049811108540531585,4.9811108540531585e-05
2018-01-31,110042,sell,rebalance,106.46,0.00047692686136330574,0.050773633660737526,5.0773633660737525e-05
2018-01-31,113017,sell,rebalance_resize,103.16,6.78265744245965e-06,0.0006996989417641375,6.996989417641376e-07
2018-01-31,110041,sell,rebalance_resize,102.96,8.851911990920207e-07,9.113928585851444e-05,9.113928585851445e-08
2018-01-31,128018,sell,rebalance_resize,96.5,3.2078091751596254e-06,0.00030955358540290384,3.0955358540290387e-07
2018-01-31,113503,sell,rebalance_resize,101.65,1.9691660671572063e-06,0.00020016573072653004,2.0016573072653004e-07
2018-01-31,128019,sell,rebalance_resize,99.016,8.579573537114084e-06,0.0008495150533508882,8.495150533508882e-07
2018-01-31,128022,sell,rebalance_resize,116.2,1.863261933770522e-05,0.0021651103670413466,2.1651103670413465e-06
2018-01-31,123002,sell,rebalance_resize,113.694,2.6416980112260834e-06,0.00030034521368833833,3.003452136883383e-07
2018-01-31,128015,sell,rebalance_resize,100.279,6.065272994359268e-06,0.000608219510601353,6.08219510601353e-07
2018-01-31,128026,buy,rebalance,99.299,1.0217252153048709e-06,0.00010145629215455837,1.0145629215455837e-07
2018-01-31,123005,buy,rebalance,107.58,0.00047058490522475444,0.050625524104079084,5.062552410407908e-05
2018-01-31,128023,buy,rebalance,96.2,9.10513159851978e-07,8.759136597776029e-05,8.759136597776029e-08
2018-01-31,128025,buy,rebalance,100.711,5.843070120560016e-06,0.0005884614349117198,5.884614349117198e-07
2018-01-31,123007,buy,rebalance,109.997,0.00046024458943497626,0.050625524104079084,5.062552410407908e-05
2018-01-31,113016,buy,rebalance,99.22,2.934115057778623e-06,0.000291122896032795,2.91122896032795e-07
2018-01-31,128033,buy,rebalance,101.512,0.0004987146751524853,0.050625524104079084,5.062552410407908e-05
2018-01-31,128032,buy,rebalance,101.11,0.0005006974988040657,0.050625524104079084,5.062552410407908e-05
2018-01-31,128030,buy,rebalance,108.9,0.0004648808457674847,0.050625524104079084,5.062552410407908e-05
2018-01-31,128014,buy,rebalance,106.513,1.3830178451911878e-06,0.000147309379744849,1.47309379744849e-07
2018-01-31,123004,buy,rebalance,102.5,0.0004939075522349179,0.050625524104079084,5.062552410407908e-05
2018-01-31,113009,buy,rebalance,115.9,7.643580960042666e-06,0.0008858910332689451,8.858910332689451e-07
2018-01-31,128015,buy,rebalance,100.279,6.912557634333928e-20,6.93184367013372e-18,6.93184367013372e-21
2018-02-13,128023,sell,rebalance,93.53,0.0005267871640594666,0.04927040345448191,4.927040345448191e-05
2018-02-13,128019,sell,rebalance,95.01,0.0005118063168566098,0.0486267181645465,4.86267181645465e-05
2018-02-13,128033,sell,rebalance,97.514,0.0004987146751524853,0.048631662832819444,4.863166283281944e-05
2018-02-13,123004,sell,rebalance,102.11,0.0004939075522349179,0.05043290015870747,5.043290015870747e-05
2018-02-13,123005,sell,rebalance_resize,110.86,2.527850400161039e-05,0.0028023749536185277,2.8023749536185277e-06
2018-02-13,113503,sell,rebalance_resize,102.22,1.559887305568626e-05,0.0015945168037522495,1.5945168037522495e-06
2018-02-13,128025,sell,rebalance_resize,98.704,3.0378992724952217e-06,0.00029985280979236834,2.9985280979236835e-07
2018-02-13,128015,sell,rebalance_resize,99.99,1.164413977407139e-05,0.0011642975360093982,1.1642975360093982e-06
2018-02-13,128018,sell,rebalance_resize,94.588,3.2378214171331784e-06,0.00030625905220379307,3.0625905220379305e-07
2018-02-13,123007,sell,rebalance_resize,111.78,1.860326147292804e-05,0.0020794725674438963,2.0794725674438964e-06
2018-02-13,113017,buy,rebalance,100.06,2.1217013264145103e-06,0.0002122974347210359,2.1229743472103592e-07
2018-02-13,123005,buy,rebalance,110.86,6.252645767181924e-20,6.931683097497881e-18,6.931683097497881e-21
2018-02-13,110041,buy,rebalance,100.01,1.4148495450068822e-06,0.0001414991029961383,1.414991029961383e-07
2018-02-13,128030,buy,rebalance,103.41,1.2493911204650146e-05,0.0012919953576728716,1.2919953576728716e-06
2018-02-13,113018,buy,rebalance,105.41,0.0004678433398547019,0.049315366454084124,4.931536645408412e-05
2018-02-13,128026,buy,rebalance,94.75,1.0662506319185267e-05,0.001010272473742804,1.0102724737428041e-06
2018-02-13,128032,buy,rebalance,98.418,9.035815871875087e-07,8.892869264782023e-05,8.892869264782023e-08
2018-02-13,123002,buy,rebalance,107.497,1.3491945468384651e-05,0.0014503436620149448,1.4503436620149447e-06
2018-02-13,113009,buy,rebalance,109.95,1.1739786112849738e-05,0.0012907894831078288,1.2907894831078288e-06
2018-02-13,128015,buy,rebalance,99.99,6.932376335131395e-20,6.931683097497881e-18,6.931683097497881e-21
2018-02-13,128027,buy,rebalance,104.6,0.000471466218490288,0.049315366454084124,4.931536645408412e-05
2018-02-13,128022,buy,rebalance,111.01,8.576884206490522e-06,0.0009521199157625129,9.521199157625129e-07
2018-02-13,128014,buy,rebalance,102.097,7.738037000600437e-06,0.0007900303636503027,7.900303636503027e-07
2018-02-13,113016,buy,rebalance,96.05,3.2140460277544034e-06,0.00030870912096581045,3.0870912096581047e-07
2018-02-13,110033,buy,rebalance,114.01,0.0004325529905629692,0.049315366454084124,4.931536645408412e-05
2018-02-13,110039,buy,rebalance,121.0,0.00040756501201722416,0.049315366454084124,4.931536645408412e-05
2018-02-13,123007,buy,rebalance,111.78,6.201183662102237e-20,6.931683097497881e-18,6.931683097497881e-21
2018-02-23,110033,sell,rebalance,120.3,0.0004325529905629692,0.052036124764725196,5.20361247647252e-05
2018-02-23,110039,sell,rebalance,124.0,0.00040756501201722416,0.050538061490135795,5.0538061490135794e-05
2018-02-23,113503,sell,rebalance_resize,105.37,6.770489034376724e-06,0.0007134064295522755,7.134064295522755e-07
2018-02-23,123002,sell,rebalance_resize,109.28,8.616113593576599e-08,9.415688935060507e-06,9.415688935060507e-09
2018-02-23,123007,sell,rebalance_resize,119.4,2.1419059314664965e-05,0.002557435682170997,2.5574356821709972e-06
2018-02-23,113009,sell,rebalance_resize,112.0,9.928081186441815e-07,0.00011119450928814834,1.1119450928814834e-07
2018-02-23,128022,sell,rebalance_resize,116.45,1.3828108888903078e-05,0.0016102832801127634,1.6102832801127634e-06
2018-02-23,113017,buy,rebalance,100.35,6.620029538307241e-06,0.0006643199641691316,6.643199641691317e-07
2018-02-23,110041,buy,rebalance,101.1,2.6676053976155753e-06,0.00026969490569893464,2.6969490569893467e-07
2018-02-23,123005,buy,rebalance,111.666,4.016306651912454e-06,0.0004484848985924561,4.484848985924561e-07
2018-02-23,128030,buy,rebalance,104.71,1.799549846816988e-06,0.0001884308644602068,1.884308644602068e-07
2018-02-23,128034,buy,rebalance,98.26,0.0005100964960950944,0.05012208170630398,5.012208170630398e-05
2018-02-23,128032,buy,rebalance,98.911,5.662547464740147e-06,0.0005600882322849127,5.600882322849127e-07
2018-02-23,113018,buy,rebalance,105.96,5.674116138761692e-06,0.0006012293460631888,6.012293460631889e-07
2018-02-23,128025,buy,rebalance,99.007,6.622158285911296e-06,0.0006556400254132197,6.556400254132197e-07
2018-02-23,128026,buy,rebalance,95.78,2.839821458907695e-06,0.00027199809933417903,2.7199809933417905e-07
2018-02-23,128015,buy,rebalance,101.219,1.984646866195799e-06,0.00020088397114947256,2.0088397114947256e-07
2018-02-23,128027,buy,rebalance,103.0,1.5648849014713388e-05,0.0016118314485154789,1.611831448515479e-06
2018-02-23,113016,buy,rebalance,96.67,5.0586761042563995e-06,0.0004890222189984662,4.890222189984662e-07
2018-02-23,128018,buy,rebalance,95.05,5.956392333005214e-06,0.0005661550912521455,5.661550912521455e-07
2018-02-23,128014,buy,rebalance,102.55,5.743953774718602e-06,0.0005890424595973926,5.890424595973926e-07
2018-02-23,123004,buy,rebalance,102.02,0.0004912966252333266,0.05012208170630398,5.012208170630398e-05
2018-03-01,113016,sell,rebalance,97.88,0.0005190237619913335,0.05080204582371172,5.080204582371172e-05
2018-03-01,113009,sell,rebalance,111.14,0.0004479869542544426,0.04978927009583875,4.978927009583875e-05
2018-03-01,113017,sell,rebalance_resize,101.11,1.3167052512156094e-06,0.00013313206795041027,1.3313206795041028e-07
2018-03-01,128032,sell,rebalance_resize,99.82,2.1473908163285985e-06,0.00021435255128592068,2.1435255128592068e-07
2018-03-01,113503,sell,rebalance_resize,106.2,1.403589272858432e-06,0.00014906118077756547,1.4906118077756548e-07
2018-03-01,128027,sell,rebalance_resize,104.51,4.666471377364567e-06,0.0004876929236483709,4.87692923648371e-07
2018-03-01,128015,sell,rebalance_resize,104.136,1.1519405194820465e-05,0.0011995847793678238,1.199584779367824e-06
2018-03-01,128022,sell,rebalance_resize,118.999,7.160713599959992e-06,0.0008521177576816391,8.521177576816392e-07
2018-03-01,123002,sell,rebalance_resize,111.112,5.354740044080615e-06,0.0005949758757778853,5.949758757778853e-07
2018-03-01,128014,sell,rebalance_resize,103.091,1.7373876095694545e-07,1.7910902605812462e-05,1.7910902605812462e-08
2018-03-01,123004,sell,rebalance_resize,104.061,6.766371043002432e-06,0.0007041153371058761,7.041153371058762e-07
2018-03-01,110041,buy,rebalance,100.8,3.921936495344701e-06,0.0003953311987307459,3.953311987307459e-07
2018-03-01,128030,buy,rebalance,103.01,1.0299557672838607e-05,0.001060957435879105,1.060957435879105e-06
2018-03-01,123005,buy,rebalance,111.303,3.6812792708364766e-06,0.0004097374266819123,4.0973742668191234e-07
2018-03-01,128034,buy,rebalance,98.551,1.5239114228336726e-06,0.00015018299463168128,1.5018299463168127e-07
2018-03-01,128026,buy,rebalance,96.001,1.3612144947118544e-06,0.00013067795270683275,1.3067795270683275e-07
2018-03-01,128025,buy,rebalance,98.51,5.062584080794531e-06,0.0004987151577990692,4.987151577990692e-07
2018-03-01,113503,buy,rebalance,106.2,6.533798402925827e-20,6.938893903907228e-18,6.938893903907229e-21
2018-03-01,113018,buy,rebalance,106.29,8.517488357708288e-07,9.05323837540814e-05,9.053238375408141e-08
2018-03-01,128033,buy,rebalance,100.3,0.0005026989310199334,0.05042070278129933,5.042070278129933e-05
2018-03-01,128018,buy,rebalance,95.456,3.3985952613674415e-07,3.244163092690905e-05,3.244163092690905e-08
2018-03-01,110042,buy,rebalance,106.3,0.0004743245793160802,0.05042070278129933,5.042070278129933e-05
2018-03-13,123002,sell,rebalance,112.003,0.0004537826947701358,0.05082502316233952,5.082502316233952e-05
2018-03-13,128022,sell,rebalance,121.0,0.0004237069452793665,0.051268540378803344,5.126854037880335e-05
2018-03-13,123005,sell,rebalance_resize,115.86,1.0634051237322751e-05,0.001232061176356214,1.232061176356214e-06
2018-03-13,128025,sell,rebalance_resize,101.45,6.62899990338328e-06,0.0006725120401982337,6.725120401982337e-07
2018-03-13,110041,sell,rebalance_resize,103.25,3.8084765087982044e-06,0.0003932251995334146,3.9322519953341464e-07
2018-03-13,128032,sell,rebalance_resize,104.998,1.698331284713774e-05,0.0017832138823237684,1.7832138823237685e-06
2018-03-13,128014,sell,rebalance_resize,107.0,1.0089457901930343e-05,0.0010795719955065466,1.0795719955065466e-06
2018-03-13,128015,sell,rebalance_resize,108.02,9.704518941112943e-06,0.00104828213601902,1.04828213601902e-06
2018-03-13,128027,sell,rebalance_resize,110.0,1.651240726975551e-05,0.0018163647996731064,1.8163647996731064e-06
2018-03-13,113017,buy,rebalance,102.6,6.024157783679782e-07,6.180785886055456e-05,6.180785886055457e-08
2018-03-13,128026,buy,rebalance,96.906,2.550782418371478e-06,0.00024718612103470644,2.471861210347064e-07
2018-03-13,128034,buy,rebalance,98.102,7.496283253104267e-06,0.0007354003796960348,7.354003796960348e-07
2018-03-13,110041,buy,rebalance,103.25,4.653731654120919e-20,4.804977932879849e-18,4.8049779328798485e-21
2018-03-13,128030,buy,rebalance,104.69,6.589282993753166e-08,6.89832036616019e-06,6.89832036616019e-09
2018-03-13,113018,buy,rebalance,105.99,6.367334331088727e-06,0.0006748737657520941,6.748737657520941e-07
2018-03-13,128033,buy,rebalance,100.25,5.922523633248559e-06,0.000593732994233168,5.93732994233168e-07
2018-03-13,113503,buy,rebalance,106.33,5.018229521862815e-06,0.0005335883450596731,5.335883450596731e-07
2018-03-13,110042,buy,rebalance,106.35,5.264739126855722e-06,0.000559905006141106,5.59905006141106e-07
2018-03-13,113009,buy,rebalance,112.01,0.0003168571278966441,0.035491166895703107,3.5491166895703105e-05
2018-03-13,128018,buy,rebalance,96.501,2.011370421986559e-06,0.00019409925709212492,1.9409925709212492e-07
2018-03-13,123004,buy,rebalance,102.97,9.152016856654415e-06,0.0009423831757297052,9.423831757297051e-07
2018-03-13,128023,buy,rebalance,95.108,0.0003731669985248676,0.035491166895703107,3.5491166895703105e-05
2018-03-13,128019,buy,rebalance,99.48,0.0003567668566114104,0.035491166895703107,3.5491166895703105e-05
2018-03-21,123004,sell,rebalance,101.5,0.0004936822710469785,0.05010875051126832,5.010875051126832e-05
2018-03-21,128019,sell,rebalance,97.1,0.0003567668566114104,0.03464206177696795,3.464206177696795e-05
2018-03-21,128032,sell,rebalance_resize,105.1,2.5564733967708674e-06,0.00026868535400061816,2.6868535400061816e-07
2018-03-21,128025,sell,rebalance_resize,102.401,6.829475567478404e-06,0.000699345127585356,6.99345127585356e-07
2018-03-21,123005,sell,rebalance_resize,124.64,3.2918034603740655e-05,0.004102903833010235,4.1029038330102355e-06
2018-03-21,110042,sell,rebalance_resize,107.0,2.6352532220577964e-06,0.0002819720947601842,2.819720947601842e-07
2018-03-21,128027,sell,rebalance_resize,109.847,1.3437559408788602e-06,0.00014760755883772014,1.4760755883772016e-07
2018-03-21,113017,buy,rebalance,101.29,2.9519453924937977e-06,0.0002990025488056968,2.990025488056968e-07
2018-03-21,110043,buy,rebalance,96.54,0.00034168024808735136,0.0329858111503529,3.2985811150352904e-05
2018-03-21,128026,buy,rebalance,95.808,3.1732015649159434e-06,0.0003040180955314667,3.040180955314667e-07
2018-03-21,110041,buy,rebalance,102.3,1.596482815238657e-06,0.0001633201919989146,1.633201919989146e-07
2018-03-21,128034,buy,rebalance,95.388,1.0276352963122063e-05,0.0009802407564462874,9.802407564462875e-07
2018-03-21,113018,buy,rebalance,103.68,7.426778957891835e-06,0.0007700084423542255,7.700084423542255e-07
2018-03-21,128030,buy,rebalance,103.5,2.290135587140739e-06,0.0002370290332690665,2.3702903326906649e-07
2018-03-21,113503,buy,rebalance,105.32,3.084829155094845e-06,0.00032489420661458904,3.2489420661458906e-07
2018-03-21,128014,buy,rebalance,104.6,5.751043145659117e-06,0.0006015591130359436,6.015591130359435e-07
2018-03-21,128018,buy,rebalance,96.178,2.591754148836637e-07,2.4926973052681007e-05,2.492697305268101e-08
2018-03-21,128015,buy,rebalance,107.0,1.6011959113172783e-06,0.00017132796251094877,1.7132796251094878e-07
2018-03-21,113016,buy,rebalance,100.33,0.0003287731600752806,0.0329858111503529,3.2985811150352904e-05
2018-03-21,110042,buy,rebalance,107.0,4.191537010549925e-20,4.4849446012884196e-18,4.48494460128842e-21
2018-03-21,128033,buy,rebalance,100.0,1.111328696868372e-06,0.0001111328696868372,1.111328696868372e-07
2018-03-21,128023,buy,rebalance,95.12,0.00010558504552960964,0.010043249530776469,1.0043249530776469e-05
2018-03-21,113009,buy,rebalance,111.9,8.997919482983712e-05,0.010068671901458773,1.0068671901458775e-05
2018-04-02,123005,sell,rebalance,131.5,0.0004094519013048296,0.053842925021585095,5.38429250215851e-05
2018-04-02,128027,sell,rebalance,117.658,0.0004645924329170025,0.054663016472148676,5.466301647214868e-05
2018-04-02,128033,sell,rebalance,99.538,0.0005097327833500503,0.05073778178909731,5.073778178909731e-05
2018-04-02,128023,sell,rebalance,94.498,0.00047875204405447723,0.04524111065905999,4.524111065905999e-05
2018-04-02,128026,sell,rebalance_resize,98.401,8.140900809055853e-06,0.0008010727805119049,8.010727805119049e-07
2018-04-02,113503,sell,rebalance_resize,111.86,2.2983513323658648e-05,0.0025709358003844565,2.5709358003844565e-06
2018-04-02,110042,sell,rebalance_resize,113.48,2.362854364875275e-05,0.002681367133260462,2.681367133260462e-06
2018-04-02,128015,sell,rebalance_resize,109.45,6.060788131578127e-06,0.000663353261001226,6.63353261001226e-07
2018-04-02,113505,buy,rebalance,104.3,0.00039957010058340746,0.0416751614908494,4.1675161490849396e-05
2018-04-02,113017,buy,rebalance,99.9,1.030681052794859e-05,0.0010296503717420642,1.0296503717420643e-06
2018-04-02,110043,buy,rebalance,94.31,0.0001650944584682595,0.015570058378141554,1.5570058378141556e-05
2018-04-02,128030,buy,rebalance,103.4,4.608181534938539e-06,0.00047648597071264494,4.7648597071264497e-07
2018-04-02,110041,buy,rebalance,101.6,6.755640239875591e-06,0.00068637304837136,6.8637304837136e-07
2018-04-02,128034,buy,rebalance,93.43,1.718724677664443e-05,0.0016058044663418893,1.6058044663418894e-06
2018-04-02,128032,buy,rebalance,104.9,3.910884657304966e-06,0.000410251800551291,4.10251800551291e-07
2018-04-02,113009,buy,rebalance,108.85,5.328275528488304e-05,0.005799827912759519,5.799827912759519e-06
2018-04-02,113018,buy,rebalance,102.09,1.2750373623245533e-05,0.0013016856431971365,1.3016856431971366e-06
2018-04-02,113012,buy,rebalance,105.55,0.00039483810033964377,0.0416751614908494,4.1675161490849396e-05
2018-04-02,128025,buy,rebalance,101.987,4.890096108766825e-06,0.0004987262318448022,4.987262318448021e-07
2018-04-02,128014,buy,rebalance,103.93,8.287646312480486e-06,0.000861335081256097,8.61335081256097e-07
2018-04-02,123002,buy,rebalance,108.11,0.0003854884977416465,0.0416751614908494,4.1675161490849396e-05
2018-04-02,128018,buy,rebalance,95.8,5.272147953170054e-06,0.0005050717739136912,5.050717739136912e-07
2018-04-02,113019,buy,rebalance,103.66,0.0004020370585650145,0.0416751614908494,4.1675161490849396e-05
2018-04-02,113016,buy,rebalance,98.9,0.00015504211456147748,0.015333665130130123,1.5333665130130125e-05
2018-04-11,128018,sell,rebalance,95.16,0.0005357515311737493,0.05098211570649398,5.098211570649398e-05
2018-04-11,113009,sell,rebalance,108.24,0.00046011907801136423,0.04980328900395006,4.980328900395006e-05
2018-04-11,113016,sell,rebalance,99.77,0.00048381527463675807,0.04827024995050935,4.8270249950509357e-05
2018-04-11,113018,sell,rebalance_resize,103.72,4.176147758296513e-06,0.0004331500454905143,4.331500454905143e-07
2018-04-11,128025,sell,rebalance_resize,105.453,1.4690737317927263e-05,0.0015491823223873838,1.549182322387384e-06
2018-04-11,128015,sell,rebalance_resize,110.103,2.076994665345744e-06,0.0002286833436385624,2.2868334363856243e-07
2018-04-11,128014,sell,rebalance_resize,105.84,6.250735195673692e-06,0.0006615778131101036,6.615778131101035e-07
2018-04-11,128036,buy,rebalance,98.759,0.00039360418798939394,0.03887195600164456,3.887195600164456e-05
2018-04-11,113017,buy,rebalance,99.51,3.938550314661734e-06,0.0003919251418119892,3.919251418119892e-07
2018-04-11,128026,buy,rebalance,97.28,5.152054894151963e-06,0.000501191900103103,5.01191900103103e-07
2018-04-11,113505,buy,rebalance,105.16,6.817876239782297e-05,0.007169678653755064,7.1696786537550635e-06
2018-04-11,110043,buy,rebalance,94.79,2.773433903150683e-05,0.0026289379967965325,2.6289379967965325e-06
2018-04-11,128034,buy,rebalance,93.458,3.54657130008185e-06,0.00033145546056304953,3.3145546056304956e-07
2018-04-11,128030,buy,rebalance,103.26,1.895493989329678e-06,0.00019572870933818256,1.9572870933818256e-07
2018-04-11,110041,buy,rebalance,101.36,2.6815865850052806e-06,0.0002718056162561352,2.718056162561352e-07
2018-04-11,113503,buy,rebalance,110.69,4.200855766007124e-06,0.00046499272473932856,4.649927247393286e-07
2018-04-11,128032,buy,rebalance,104.004,4.446734471537327e-06,0.0004624781719777681,4.624781719777681e-07
2018-04-11,113012,buy,rebalance,105.17,7.171380764922962e-05,0.007542141150469479,7.54214115046948e-06
2018-04-11,110042,buy,rebalance,111.58,6.353066226439707e-06,0.0007088751295461425,7.088751295461425e-07
2018-04-11,123002,buy,rebalance,108.703,6.675501644552614e-05,0.0072564705526780285,7.2564705526780285e-06
2018-04-11,128023,buy,rebalance,94.722,0.0004103793838986145,0.03887195600164456,3.887195600164456e-05
2018-04-11,128015,buy,rebalance,110.103,4.7548628587119307e-20,5.235246653327597e-18,5.235246653327597e-21
2018-04-11,113019,buy,rebalance,104.8,6.758727127083692e-05,0.0070831460291837095,7.08314602918371e-06
2018-04-11,123009,buy,rebalance,119.15,0.00032624386069361776,0.03887195600164456,3.887195600164456e-05
2018-04-23,128034,sell,rebalance,97.34,0.0005501268618108809,0.05354934872867115,5.354934872867115e-05
2018-04-23,113019,sell,rebalance,103.82,0.0004696243298358514,0.04875639792355809,4.875639792355809e-05
2018-04-23,128023,sell,rebalance,94.05,0.0004103793838986145,0.038596181055664695,3.85961810556647e-05
2018-04-23,113017,sell,rebalance_resize,99.28,1.1040542589733976e-06,0.00010961050683087892,1.0961050683087893e-07
2018-04-23,110042,sell,rebalance_resize,115.29,1.5878784391889728e-05,0.0018306650525409668,1.8306650525409669e-06
2018-04-23,113503,sell,rebalance_resize,113.95,1.507292717832959e-05,0.0017175600519706569,1.7175600519706569e-06
2018-04-23,128015,sell,rebalance_resize,111.127,7.514910646700431e-06,0.0008351094754358787,8.351094754358787e-07
2018-04-23,128038,buy,rebalance,96.07,0.00039745104091338184,0.03818312150054859,3.818312150054859e-05
2018-04-23,128036,buy,rebalance,95.511,0.0001060444477996141,0.010128411253788942,1.0128411253788941e-05
2018-04-23,113505,buy,rebalance,104.15,1.755233237594223e-05,0.0018280754169543833,1.8280754169543835e-06
2018-04-23,128026,buy,rebalance,95.0,7.94083245709288e-06,0.0007543790834238235,7.543790834238235e-07
2018-04-23,128030,buy,rebalance,99.88,1.040139549391682e-05,0.001038891381932412,1.038891381932412e-06
2018-04-23,110041,buy,rebalance,100.12,2.696195741477049e-06,0.00026994311763668216,2.699431176366822e-07
2018-04-23,110042,buy,rebalance,115.29,4.4914988487517656e-20,5.178249022725911e-18,5.178249022725911e-21
2018-04-23,113018,buy,rebalance,101.01,7.315769521307022e-06,0.0007389658793472223,7.389658793472222e-07
2018-04-23,128025,buy,rebalance,101.35,1.2139635631349194e-05,0.0012303520712372408,1.2303520712372408e-06
2018-04-23,110043,buy,rebalance,94.85,3.6781851273678547e-06,0.000348875859330841,3.48875859330841e-07
2018-04-23,127005,buy,rebalance,104.191,0.00036647235846232965,0.03818312150054859,3.818312150054859e-05
2018-04-23,128032,buy,rebalance,101.229,8.590103872918334e-06,0.00086956762495165,8.695676249516501e-07
2018-04-23,123002,buy,rebalance,110.223,8.923800690890288e-06,0.0009836080835520001,9.836080835520001e-07
2018-04-23,113012,buy,rebalance,103.7,2.0036488295543776e-05,0.0020777838362478897,2.0777838362478898e-06
2018-04-23,123009,buy,rebalance,117.73,8.086372488927175e-05,0.009520086331213963,9.520086331213962e-06
2018-04-23,128014,buy,rebalance,103.0,7.437564146276924e-06,0.0007660691070665232,7.660691070665231e-07
2018-04-23,123005,buy,rebalance,127.6,0.00029924076411088236,0.03818312150054859,3.818312150054859e-05
2018-05-11,110043,sell,rebalance,98.55,0.0005381872307144856,0.05303835158691255,5.3038351586912554e-05
2018-05-11,123009,sell,rebalance,129.0,0.0004071075855828895,0.05251687854019275,5.2516878540192747e-05
2018-05-11,127005,sell,rebalance,105.052,0.00036647235846232965,0.03849865420118466,3.849865420118466e-05
2018-05-11,123005,sell,rebalance,152.18,0.00029924076411088236,0.04553845948239408,4.553845948239408e-05
2018-05-11,113505,sell,rebalance_resize,109.3,7.233868018532843e-06,0.0007906617744256397,7.906617744256397e-07
2018-05-11,128032,sell,rebalance_resize,104.511,2.5504018681185594e-06,0.00026654504963893877,2.6654504963893876e-07
2018-05-11,128014,sell,rebalance_resize,106.02,1.3677752691357855e-06,0.00014501153403377598,1.4501153403377597e-07
2018-05-11,113503,sell,rebalance_resize,117.17,3.0618812614203646e-06,0.00035876062740062414,3.5876062740062415e-07
2018-05-11,123002,sell,rebalance_resize,118.1,1.872227780682384e-05,0.0022111010089858954,2.2111010089858953e-06
2018-05-11,128038,buy,rebalance,96.433,0.00011498059854222368,0.011087924059222256,1.1087924059222257e-05
2018-05-11,128037,buy,rebalance,95.81,0.0004342522868146572,0.041605711599712304,4.160571159971231e-05
2018-05-11,128034,buy,rebalance,99.11,0.0004197932761549017,0.041605711599712304,4.160571159971231e-05
2018-05-11,113017,buy,rebalance,97.79,1.510385536502542e-05,0.0014770060161458359,1.4770060161458358e-06
2018-05-11,113507,buy,rebalance,101.01,0.0004118969567341085,0.041605711599712304,4.160571159971231e-05
2018-05-11,128026,buy,rebalance,95.533,8.817677523099302e-06,0.0008423791868142457,8.423791868142457e-07
2018-05-11,128036,buy,rebalance,97.188,3.0255162192235192e-05,0.002940438703138954,2.9404387031389538e-06
2018-05-11,128025,buy,rebalance,103.401,3.684263715023092e-06,0.0003809565523971027,3.8095655239710273e-07
2018-05-11,110041,buy,rebalance,101.0,5.754609874035882e-06,0.0005812155972776241,5.812155972776241e-07
2018-05-11,128014,buy,rebalance,106.02,5.211301212030045e-20,5.525021544994254e-18,5.525021544994254e-21
2018-05-11,113018,buy,rebalance,102.15,5.952994567820152e-06,0.0006080983951028286,6.080983951028286e-07
2018-05-11,128019,buy,rebalance,99.61,0.0004176860917549674,0.041605711599712304,4.160571159971231e-05
2018-05-11,113012,buy,rebalance,103.5,1.4546641040627503e-05,0.0015055773477049466,1.5055773477049467e-06
2018-05-11,128030,buy,rebalance,96.801,2.473174707736462e-05,0.0023940578488359726,2.394057848835973e-06
2018-05-11,128015,buy,rebalance,107.1,2.1866566972640722e-05,0.0023419093227698214,2.3419093227698214e-06
2018-05-11,110042,buy,rebalance,110.96,2.1590409803576563e-05,0.002395671871804855,2.3956718718048553e-06
2018-05-11,123002,buy,rebalance,118.1,4.678257023703856e-20,5.525021544994254e-18,5.525021544994254e-21
2018-05-22,128015,sell,rebalance,106.305,0.00048229184017137386,0.0512700340694179,5.12700340694179e-05
2018-05-22,123007,sell,rebalance,123.85,0.0004202222686473833,0.05204452797197842,5.2044527971978425e-05
2018-05-22,128030,sell,rebalance,96.38,0.0005334667110044184,0.05141552160660585,5.141552160660585e-05
2018-05-22,110042,sell,rebalance,110.83,0.00046539021321025207,0.05157919733009224,5.157919733009224e-05
2018-05-22,113012,sell,rebalance,102.95,0.0005011350373250446,0.05159185209261335,5.159185209261335e-05
2018-05-22,123002,sell,rebalance,113.497,0.0004424450370712391,0.05021618437247442,5.021618437247442e-05
2018-05-22,128026,sell,rebalance_resize,97.11,7.1182433504719395e-06,0.00069125261176433,6.9125261176433e-07
2018-05-22,128014,sell,rebalance_resize,106.3,1.7480956854860868e-06,0.000185822571367171,1.85822571367171e-07
2018-05-22,128032,sell,rebalance_resize,105.604,5.627568901907062e-06,0.0005942937863169934,5.942937863169934e-07
2018-05-22,128038,buy,rebalance,96.071,2.6516356789240234e-05,0.0025474529130990985,2.5474529130990986e-06
2018-05-22,128034,buy,rebalance,98.902,9.251972231370435e-05,0.009150385576269987,9.150385576269987e-06
2018-05-22,110043,buy,rebalance,101.35,0.00044105223067772875,0.04470064357918781,4.470064357918781e-05
2018-05-22,128037,buy,rebalance,94.806,9.9666026857667e-05,0.009448937342267977,9.448937342267977e-06
2018-05-22,113017,buy,rebalance,97.34,5.0039936326336345e-06,0.00048708874020055796,4.87088740200558e-07
2018-05-22,113506,buy,rebalance,106.4,0.0004201188306314643,0.04470064357918781,4.470064357918781e-05
2018-05-22,113505,buy,rebalance,106.21,1.1523708697632098e-05,0.001223933100775505,1.223933100775505e-06
2018-05-22,113508,buy,rebalance,103.93,0.00043010337322416824,0.04470064357918781,4.470064357918781e-05
2018-05-22,113507,buy,rebalance,105.4,7.141669280620175e-05,0.007527319421773665,7.527319421773665e-06
2018-05-22,128025,buy,rebalance,102.15,5.705569349283757e-06,0.0005828239090293357,5.828239090293358e-07
2018-05-22,128014,buy,rebalance,106.3,5.589322738590797e-20,5.941450071122017e-18,5.9414500711220166e-21
2018-05-22,110041,buy,rebalance,100.27,4.077651507172992e-06,0.0004088661166242359,4.088661166242359e-07
2018-05-22,127006,buy,rebalance,105.085,0.0004253760629888929,0.04470064357918781,4.470064357918781e-05
2018-05-22,113018,buy,rebalance,101.74,2.667014437427475e-06,0.0002713420488638713,2.713420488638713e-07
2018-05-22,113503,buy,rebalance,116.53,1.7457917479068916e-06,0.0002034371123835901,2.034371123835901e-07
2018-05-22,128019,buy,rebalance,100.06,8.909334241659785e-05,0.008914679842204782,8.914679842204782e-06
2018-05-22,113502,buy,rebalance,95.33,0.00046890426496578,0.04470064357918781,4.470064357918781e-05
2018-05-22,128033,buy,rebalance,96.3,0.00046418113789395437,0.04470064357918781,4.470064357918781e-05
2018-05-31,128032,sell,rebalance,103.0,0.0004943462030274912,0.050917658911831594,5.091765891183159e-05
2018-05-31,128019,sell,rebalance,97.5,0.0005067794341715653,0.04941099483172762,4.941099483172762e-05
2018-05-31,113502,sell,rebalance,91.01,0.00046890426496578,0.042674977154535644,4.267497715453564e-05
2018-05-31,128033,sell,rebalance,91.5,0.00046418113789395437,0.042472574117296824,4.2472574117296824e-05
2018-05-31,128026,sell,rebalance_resize,95.65,1.3460615832889737e-05,0.0012875079044159035,1.2875079044159036e-06
2018-05-31,113017,sell,rebalance_resize,94.36,4.18497885477122e-06,0.0003948946047362123,3.9489460473621233e-07
2018-05-31,128014,sell,rebalance_resize,102.705,2.9876279231809425e-06,0.0003068443258502987,3.068443258502987e-07
2018-05-31,110041,sell,rebalance_resize,99.0,1.3569645069799797e-05,0.0013433948619101799,1.34339486191018e-06
2018-05-31,113018,sell,rebalance_resize,97.9,5.941237149009658e-07,5.816471168880455e-05,5.816471168880455e-08
2018-05-31,128038,buy,rebalance,91.35,7.72694904455312e-06,0.0007058567952199275,7.058567952199275e-07
2018-05-31,110043,buy,rebalance,97.03,5.932922184028453e-05,0.005756714395162808,5.756714395162808e-06
2018-05-31,128037,buy,rebalance,90.73,1.461551350260662e-05,0.0013260655400914986,1.3260655400914987e-06
2018-05-31,128034,buy,rebalance,94.616,1.3761506523611836e-05,0.0013020587012380575,1.3020587012380576e-06
2018-05-31,113506,buy,rebalance,101.9,5.637972481425346e-05,0.005745093958572428,5.745093958572428e-06
2018-05-31,113507,buy,rebalance,100.57,1.1902595675475644e-05,0.0011970440470825854,1.1970440470825854e-06
2018-05-31,128025,buy,rebalance,97.13,4.7349975316811534e-06,0.00045991031025219037,4.599103102521904e-07
2018-05-31,113503,buy,rebalance,104.0,2.6943644451733402e-05,0.002802139022980274,2.802139022980274e-06
2018-05-31,113505,buy,rebalance,101.2,4.542701478786565e-06,0.00045972138965320045,4.5972138965320047e-07
2018-05-31,113016,buy,rebalance,94.91,0.000414427806440942,0.039333343109309804,3.933334310930981e-05
2018-05-31,128015,buy,rebalance,98.0,0.000401360643972549,0.039333343109309804,3.933334310930981e-05
2018-05-31,113508,buy,rebalance,98.75,6.085887741128584e-05,0.006009814144364477,6.009814144364477e-06
2018-05-31,127006,buy,rebalance,101.699,5.3017866605911236e-05,0.005391864015954566,5.391864015954567e-06
2018-05-31,128030,buy,rebalance,94.411,0.00041661822361070005,0.039333343109309804,3.933334310930981e-05
2018-05-31,123009,buy,rebalance,119.7,0.00032859935763834424,0.039333343109309804,3.933334310930981e-05
2018-05-31,110041,buy,rebalance,99.0,5.499156591014523e-20,5.4441650251043774e-18,5.4441650251043776e-21
2018-06-12,113018,sell,rebalance,98.0,0.0005120791987948178,0.050183761481892145,5.018376148189215e-05
2018-06-12,123009,sell,rebalance,126.61,0.00032859935763834424,0.041603964670590764,4.1603964670590765e-05
2018-06-12,128026,sell,rebalance_resize,96.33,2.3605066727641603e-06,0.00022738760778737155,2.2738760778737155e-07
2018-06-12,128036,sell,rebalance_resize,95.499,3.5991148419882574e-06,0.0003437118682950366,3.437118682950366e-07
2018-06-12,113503,sell,rebalance_resize,106.04,6.593409516486649e-07,6.991651451282443e-05,6.991651451282444e-08
2018-06-12,113505,sell,rebalance_resize,102.23,2.4818649227108783e-06,0.0002537210510487331,2.537210510487331e-07
2018-06-12,113507,sell,rebalance_resize,104.05,1.2164145887427448e-05,0.001265679379586826,1.265679379586826e-06
2018-06-12,128014,sell,rebalance_resize,108.75,2.59464749315224e-05,0.0028216791488030607,2.8216791488030607e-06
2018-06-12,128038,buy,rebalance,90.63,7.896591153885504e-06,0.0007156680562766431,7.156680562766431e-07
2018-06-12,110043,buy,rebalance,95.95,2.3424773440156798e-05,0.002247607011583045,2.247607011583045e-06
2018-06-12,128037,buy,rebalance,90.903,4.37589673481033e-06,0.0003977821408844635,3.9778214088446353e-07
2018-06-12,113017,buy,rebalance,92.01,1.4956010300986354e-05,0.0013761025077937545,1.3761025077937545e-06
2018-06-12,128034,buy,rebalance,94.33,6.7454018967469475e-06,0.0006362937609201395,6.362937609201395e-07
2018-06-12,128025,buy,rebalance,95.661,1.0563593896853127e-05,0.001010523955766867,1.010523955766867e-06
2018-06-12,113506,buy,rebalance,99.97,2.624038981309067e-05,0.002623251769614674,2.6232517696146742e-06
2018-06-12,113016,buy,rebalance,95.05,0.00011424291395088806,0.010858788971031909,1.0858788971031909e-05
2018-06-12,113507,buy,rebalance,104.05,6.66180174737384e-20,6.93160471814248e-18,6.93160471814248e-21
2018-06-12,128015,buy,rebalance,97.5,0.00011402274282977581,0.011117217425903141,1.1117217425903142e-05
2018-06-12,113508,buy,rebalance,100.0,1.1641216962686321e-05,0.0011641216962686321,1.1641216962686322e-06
2018-06-12,128030,buy,rebalance,93.29,0.0001220204345370549,0.011383286337961852,1.1383286337961853e-05
2018-06-12,110041,buy,rebalance,97.91,6.947875521198427e-06,0.000680266492280538,6.80266492280538e-07
2018-06-12,113012,buy,rebalance,98.9,0.0005076721136560929,0.050208772040587595,5.020877204058759e-05
2018-06-12,127006,buy,rebalance,100.55,2.144995781696344e-05,0.002156793258495674,2.1567932584956737e-06
2018-06-21,110041,sell,rebalance,95.01,0.0005133373054405183,0.048772177389903644,4.877217738990364e-05
2018-06-21,113508,sell,rebalance,96.4,0.0005026034675981405,0.048450974276460744,4.845097427646074e-05
2018-06-21,127006,sell,rebalance,98.11,0.0004998438874117676,0.049039683793968517,4.903968379396852e-05
2018-06-21,113012,sell,rebalance,96.41,0.0005076721136560929,0.048944668477583914,4.894466847758391e-05
2018-06-21,128038,sell,rebalance_resize,86.88,2.9271076074366955e-06,0.0002543071089341001,2.543071089341001e-07
2018-06-21,128037,sell,rebalance_resize,87.36,4.296308419145442e-06,0.00037532550349654586,3.7532550349654586e-07
2018-06-21,110043,sell,rebalance_resize,93.9,1.3402946115162307e-05,0.0012585366402137407,1.2585366402137408e-06
2018-06-21,128025,sell,rebalance_resize,91.51,1.6686198893995141e-06,0.00015269540607894955,1.5269540607894955e-07
2018-06-21,128030,sell,rebalance_resize,90.05,6.413583441942173e-06,0.0005775431889468927,5.775431889468927e-07
2018-06-21,128014,sell,rebalance_resize,106.5,1.2157825228036717e-05,0.0012948083867859103,1.2948083867859104e-06
2018-06-21,128034,sell,rebalance_resize,93.17,1.841754585796298e-05,0.0017159627475864109,1.715962747586411e-06
2018-06-21,113017,sell,rebalance_resize,90.17,1.4729540187115902e-05,0.0013281626386722409,1.328162638672241e-06
2018-06-21,113016,sell,rebalance_resize,92.61,1.115783865920462e-05,0.0010333274382289398,1.0333274382289398e-06
2018-06-21,128036,buy,rebalance,91.0,3.6381757854686516e-07,3.310739964776473e-05,3.310739964776473e-08
2018-06-21,113503,buy,rebalance,97.3,1.856182243439643e-05,0.0018060653228667727,1.8060653228667728e-06
2018-06-21,113505,buy,rebalance,92.97,2.3832315656459574e-05,0.0022156903865810464,2.2156903865810467e-06
2018-06-21,113506,buy,rebalance,90.51,2.6753388352232475e-05,0.0024214491797605615,2.4214491797605615e-06
2018-06-21,113507,buy,rebalance,97.68,7.591811287376103e-06,0.0007415681265508978,7.415681265508978e-07
2018-06-21,128026,buy,rebalance,86.991,2.914577437957762e-05,0.0025354200590538365,2.5354200590538365e-06
2018-06-21,123002,buy,rebalance,100.38,0.0004769586009151346,0.04787710435986121,4.787710435986121e-05
2018-06-21,128032,buy,rebalance,95.001,0.0005039642146910159,0.04787710435986121,4.787710435986121e-05
2018-06-21,128019,buy,rebalance,92.083,0.0005199342371541023,0.04787710435986121,4.787710435986121e-05
2018-06-21,128015,buy,rebalance,90.02,1.7001385551174786e-05,0.0015304647273167542,1.5304647273167542e-06
2018-06-21,128022,buy,rebalance,100.0,0.0004787710435986121,0.04787710435986121,4.787710435986121e-05
2018-07-11,128037,sell,rebalance,85.47,0.0005486134154905957,0.04688998862198121,4.688998862198121e-05
2018-07-11,128015,sell,rebalance,95.0,0.0005323847723534996,0.05057655337358247,5.057655337358247e-05
2018-07-11,123002,sell,rebalance,102.02,0.0004769586009151346,0.04865931646536203,4.865931646536203e-05
2018-07-11,128019,sell,rebalance,91.22,0.0005199342371541023,0.04742840111319722,4.7428401113197216e-05
2018-07-11,128022,sell,rebalance,100.008,0.0004787710435986121,0.04788093452821,4.788093452821e-05
2018-07-11,113506,sell,rebalance_resize,97.98,3.5210765293530976e-05,0.003449950783460165,3.449950783460165e-06
2018-07-11,110043,sell,rebalance_resize,95.0,6.168791719592772e-07,5.860352133613134e-05,5.8603521336131336e-08
2018-07-11,128025,sell,rebalance_resize,93.6,6.322257265524953e-06,0.0005917632800531356,5.917632800531355e-07
2018-07-11,113503,sell,rebalance_resize,99.56,6.111317771415206e-06,0.0006084427973220979,6.084427973220979e-07
2018-07-11,128034,sell,rebalance_resize,94.4,1.3757925590778879e-06,0.00012987481757695263,1.2987481757695264e-07
2018-07-11,128030,sell,rebalance_resize,91.309,1.831487395146609e-06,0.00016723128256344172,1.6723128256344172e-07
2018-07-11,128032,sell,rebalance_resize,97.6,7.758189447679638e-06,0.0007571992900935326,7.571992900935327e-07
2018-07-11,128039,buy,rebalance,88.723,0.0005452948806334562,0.048380197694442136,4.838019769444214e-05
2018-07-11,128036,buy,rebalance,89.177,1.6388704922295953e-05,0.0014614955388555864,1.4614955388555865e-06
2018-07-11,128038,buy,rebalance,87.45,2.152203033397195e-06,0.0001882101552705847,1.8821015527058472e-07
2018-07-11,128026,buy,rebalance,87.157,4.745471364157317e-06,0.0004136010476858593,4.1360104768585934e-07
2018-07-11,128025,buy,rebalance,93.6,7.405769418182704e-20,6.931800175419011e-18,6.931800175419011e-21
2018-07-11,113016,buy,rebalance,89.99,2.063366637628642e-05,0.0018568236372020147,1.8568236372020149e-06
2018-07-11,113505,buy,rebalance,93.0,5.259977971603849e-06,0.0004891779513591579,4.891779513591579e-07
2018-07-11,128014,buy,rebalance,107.5,4.908701913367581e-07,5.2768545568701496e-05,5.27685455687015e-08
2018-07-11,113017,buy,rebalance,91.07,2.6847440565211824e-07,2.4449964122738408e-05,2.4449964122738408e-08
2018-07-11,128033,buy,rebalance,97.58,0.0004958003453006982,0.048380197694442136,4.838019769444214e-05
2018-07-11,113012,buy,rebalance,95.42,0.0005070236605998966,0.048380197694442136,4.838019769444214e-05
2018-07-11,113507,buy,rebalance,98.06,3.2311028485696534e-06,0.0003168419453307402,3.1684194533074025e-07
2018-07-11,113509,buy,rebalance,97.2,0.0004977386594078409,0.048380197694442136,4.838019769444214e-05
2018-07-11,113508,buy,rebalance,99.1,0.0004881957385917471,0.048380197694442136,4.838019769444214e-05
2018-07-23,128026,sell,rebalance,92.121,0.0005556557109686463,0.051187559750142664,5.118755975014266e-05
2018-07-23,128032,sell,rebalance,99.3,0.0004962060252433363,0.04927325830666329,4.927325830666329e-05
2018-07-23,113509,sell,rebalance,98.61,0.0004977386594078409,0.04908200920420719,4.908200920420719e-05
2018-07-23,110043,sell,rebalance_resize,98.17,1.3361414780028974e-06,0.00013116900889554445,1.3116900889554446e-07
2018-07-23,128036,sell,rebalance_resize,92.0,5.076192816053727e-07,4.670097390769429e-05,4.670097390769429e-08
2018-07-23,113503,sell,rebalance_resize,106.98,1.9858961165677463e-05,0.002124511665504175,2.124511665504175e-06
2018-07-23,113505,sell,rebalance_resize,98.13,1.2086651240473152e-05,0.0011860630862276303,1.1860630862276302e-06
2018-07-23,113016,sell,rebalance_resize,94.39,9.334577084636988e-06,0.0008810907310188854,8.810907310188854e-07
2018-07-23,113012,sell,rebalance_resize,100.1,8.376688122560847e-06,0.0008385064810683408,8.385064810683408e-07
2018-07-23,128025,sell,rebalance_resize,97.588,5.928831675893053e-06,0.0005785828255870512,5.785828255870512e-07
2018-07-23,128039,buy,rebalance,91.0,3.213455682570925e-06,0.0002924244671139542,2.9242446711395417e-07
2018-07-23,128040,buy,rebalance,95.499,0.0005221294233878068,0.04986283780411215,4.9862837804112156e-05
2018-07-23,113506,buy,rebalance,100.9,4.113839806448885e-07,4.150864364706925e-05,4.1508643647069254e-08
2018-07-23,128038,buy,rebalance,89.68,2.7856919342825435e-06,0.00024982085266645853,2.4982085266645856e-07
2018-07-23,128034,buy,rebalance,97.292,1.212660186463578e-08,1.1798213486141443e-06,1.1798213486141443e-09
2018-07-23,128014,buy,rebalance,109.4,5.743054482780134e-06,0.0006282901604161467,6.282901604161467e-07
2018-07-23,113511,buy,rebalance,100.6,0.0004956544513331228,0.04986283780411215,4.9862837804112156e-05
2018-07-23,113017,buy,rebalance,92.75,6.370531034539257e-06,0.000590866753453516,5.908667534535161e-07
2018-07-23,113507,buy,rebalance,99.02,1.0200064625444348e-05,0.0010100103992114993,1.0100103992114995e-06
2018-07-23,113510,buy,rebalance,96.63,0.0005160181910805355,0.04986283780411215,4.9862837804112156e-05
2018-07-23,128033,buy,rebalance,97.6,1.560316115536694e-05,0.0015228685287638133,1.5228685287638133e-06
2018-07-23,113508,buy,rebalance,100.39,9.001438005444905e-06,0.000903654361366614,9.03654361366614e-07
2018-07-23,128030,buy,rebalance,93.75,2.0263048254654586e-06,0.00018996607738738674,1.8996607738738674e-07
2018-07-31,113511,sell,rebalance,98.7,0.0004956544513331228,0.04892109434657922,4.892109434657922e-05
2018-07-31,113510,sell,rebalance,96.2,0.0005160181910805355,0.04964094998194752,4.964094998194752e-05
2018-07-31,128025,sell,rebalance_resize,100.698,1.9561123563662528e-05,0.001969766020613689,1.969766020613689e-06
2018-07-31,110043,sell,rebalance_resize,97.48,2.89541652307204e-07,2.822452026690625e-05,2.822452026690625e-08
2018-07-31,128039,sell,rebalance_resize,95.38,2.9159345480724175e-05,0.0027812183719514716,2.7812183719514717e-06
2018-07-31,128033,sell,rebalance_resize,98.351,7.743078541034272e-06,0.0007615395175892617,7.615395175892617e-07
2018-07-31,113508,sell,rebalance_resize,103.41,1.8176707146740348e-05,0.0018796532860444193,1.8796532860444194e-06
2018-07-31,113012,sell,rebalance_resize,99.75,2.0504136214842103e-06,0.00020452875874304996,2.0452875874304995e-07
2018-07-31,128030,sell,rebalance_resize,93.106,3.864383751366686e-07,3.5979731355474665e-05,3.5979731355474667e-08
2018-07-31,110044,buy,rebalance,95.1,0.0005203201727348848,0.04948244842708754,4.948244842708754e-05
2018-07-31,128038,buy,rebalance,88.89,6.84427356167888e-07,6.083874768976356e-05,6.083874768976356e-08
2018-07-31,128036,buy,rebalance,90.847,2.7104960961998243e-06,0.0002462404388514654,2.4624043885146543e-07
2018-07-31,110043,buy,rebalance,97.48,7.110649915192126e-20,6.931461537329285e-18,6.931461537329285e-21
2018-07-31,113505,buy,rebalance,96.08,6.900310305157333e-06,0.0006629818141195166,6.629818141195166e-07
2018-07-31,113506,buy,rebalance,98.41,8.656233007816178e-06,0.0008518598902991901,8.518598902991902e-07
2018-07-31,113017,buy,rebalance,92.0,2.7334344940166885e-07,2.5147597344953532e-05,2.5147597344953534e-08
2018-07-31,128014,buy,rebalance,103.731,2.126385533062431e-05,0.00220572097730099,2.2057209773009903e-06
2018-07-31,128040,buy,rebalance,94.058,4.51425880466753e-06,0.0004246021546494186,4.246021546494186e-07
2018-07-31,128034,buy,rebalance,95.95,3.22159982168538e-06,0.0003091125028907122,3.0911250289071223e-07
2018-07-31,113503,buy,rebalance,103.77,1.0768655574306517e-05,0.0011174633889457872,1.1174633889457873e-06
2018-07-31,113507,buy,rebalance,96.31,1.0247925168826522e-05,0.0009869776730096823,9.869776730096823e-07
2018-07-31,113012,buy,rebalance,99.75,6.948833621382742e-20,6.931461537329285e-18,6.931461537329285e-21
2018-07-31,110041,buy,rebalance,98.0,0.0005049229431335463,0.04948244842708754,4.948244842708754e-05
2018-07-31,113016,buy,rebalance,93.38,1.6585866397474276e-06,0.0001548788204196148,1.548788204196148e-07
2018-08-13,128030,sell,rebalance,93.59,0.000532033453760995,0.04979301093749153,4.979301093749153e-05
2018-08-13,128039,sell,rebalance,97.16,0.000519348990835303,0.05045994794955804,5.045994794955804e-05
2018-08-13,110041,sell,rebalance,99.17,0.0005049229431335463,0.05007320827055379,5.007320827055379e-05
2018-08-13,128036,sell,rebalance_resize,90.9,1.6903500985818589e-06,0.00015365282396109098,1.53652823961091e-07
2018-08-13,128025,sell,rebalance_resize,102.003,7.519147224950013e-06,0.0007669755743865761,7.669755743865761e-07
2018-08-13,110044,sell,rebalance_resize,95.22,1.4114490300912573e-06,0.00013439817664528952,1.3439817664528954e-07
2018-08-13,113505,sell,rebalance_resize,96.55,3.7971968938944226e-06,0.0003666193601055065,3.666193601055065e-07
2018-08-13,113017,sell,rebalance_resize,92.05,1.650326629051739e-06,0.00015191256620421256,1.5191256620421256e-07
2018-08-13,110043,sell,rebalance_resize,98.25,5.254980429589139e-06,0.0005163018272071329,5.163018272071329e-07
2018-08-13,128034,sell,rebalance_resize,98.44,1.4325221031491284e-05,0.001410174758340002,1.4101747583400022e-06
2018-08-13,128036,buy,rebalance,90.9,7.625747044564793e-20,6.9318040635093965e-18,6.931804063509396e-21
2018-08-13,127003,buy,rebalance,89.3,0.0005527435982354244,0.0493600033224234,4.93600033224234e-05
2018-08-13,128038,buy,rebalance,88.16,3.19378295969044e-06,0.0002815639057263092,2.815639057263092e-07
2018-08-13,127007,buy,rebalance,94.411,0.000522820469250653,0.0493600033224234,4.93600033224234e-05
2018-08-13,128014,buy,rebalance,101.01,1.1637104895489161e-05,0.0011754639654933602,1.1754639654933603e-06
2018-08-13,113017,buy,rebalance,92.05,7.530476983714717e-20,6.9318040635093965e-18,6.931804063509396e-21
2018-08-13,110043,buy,rebalance,98.25,7.055271311459946e-20,6.9318040635093965e-18,6.931804063509396e-21
2018-08-13,113507,buy,rebalance,95.16,4.907881455472192e-06,0.00046703399930273377,4.670339993027338e-07
2018-08-13,128040,buy,rebalance,92.55,7.227787161117631e-06,0.0006689317017614367,6.689317017614367e-07
2018-08-13,113506,buy,rebalance,98.11,2.739029204422004e-07,2.687261552458428e-05,2.687261552458428e-08
2018-08-13,113508,buy,rebalance,102.15,4.679968271316478e-06,0.0004780587589149782,4.780587589149781e-07
2018-08-13,113503,buy,rebalance,101.88,7.63222283536543e-06,0.0007775708624670301,7.775708624670301e-07
2018-08-13,113012,buy,rebalance,98.38,5.6388677727495554e-06,0.0005547518114831012,5.547518114831013e-07
2018-08-13,113513,buy,rebalance,106.6,0.0004630394307919644,0.0493600033224234,4.93600033224234e-05
2018-08-13,128033,buy,rebalance,96.24,9.738679031969534e-06,0.0009372504700367478,9.372504700367479e-07
2018-08-13,113016,buy,rebalance,93.01,7.671124292349845e-07,7.134912704314591e-05,7.134912704314591e-08
2018-08-21,113017,sell,rebalance,90.64,0.0005367788014249913,0.04865363056116121,4.865363056116121e-05
2018-08-21,128034,sell,rebalance,97.51,0.0005019350738639825,0.04894368905247694,4.894368905247694e-05
2018-08-21,128033,sell,rebalance,94.031,0.0005133991069470004,0.0482754314253334,4.82754314253334e-05
2018-08-21,113012,sell,rebalance,98.5,0.0005022354266286012,0.04947018952291722,4.947018952291722e-05
2018-08-21,113508,sell,rebalance,102.13,0.00048370043772176806,0.04940032570452417,4.940032570452417e-05
2018-08-21,128040,sell,rebalance,90.473,0.0005338714693535919,0.04830095344682752,4.830095344682752e-05
2018-08-21,113513,sell,rebalance,103.1,0.0004630394307919644,0.047739365314651526,4.773936531465153e-05
2018-08-21,110044,sell,rebalance_resize,94.33,4.195291480122379e-06,0.000395741845319944,3.9574184531994403e-07
2018-08-21,127007,sell,rebalance_resize,92.88,7.156677699625427e-08,6.647122247412096e-06,6.647122247412096e-09
2018-08-21,113016,sell,rebalance_resize,96.12,2.6109517141184574e-05,0.0025096467876106615,2.5096467876106617e-06
2018-08-21,128014,sell,rebalance_resize,100.68,6.902543168947732e-06,0.0006949480462496577,6.949480462496577e-07
2018-08-21,110043,sell,rebalance_resize,96.71,8.592262875197858e-07,8.309577426603848e-05,8.309577426603848e-08
2018-08-21,128041,buy,rebalance,98.439,0.0004927304578810727,0.04850389354335491,4.850389354335491e-05
2018-08-21,113514,buy,rebalance,94.43,0.0005136491956301483,0.04850389354335491,4.850389354335491e-05
2018-08-21,128039,buy,rebalance,94.174,0.0005150454854137544,0.04850389354335491,4.850389354335491e-05
2018-08-21,123013,buy,rebalance,91.32,0.0005311420668348107,0.04850389354335491,4.850389354335491e-05
2018-08-21,123011,buy,rebalance,94.922,0.0005109868475522525,0.04850389354335491,4.850389354335491e-05
2018-08-21,123010,buy,rebalance,94.3,0.000514357301626245,0.04850389354335491,4.850389354335491e-05
2018-08-21,128036,buy,rebalance,87.485,1.1404373388175257e-05,0.0009977116058645123,9.977116058645124e-07
2018-08-21,113516,buy,rebalance,99.2,0.0004889505397515615,0.04850389354335491,4.850389354335491e-05
2018-08-21,128025,buy,rebalance,99.291,4.589216467553375e-06,0.0004556678922798421,4.5566789227984214e-07
2018-08-21,127003,buy,rebalance,87.1,4.690444691221533e-06,0.00040853773260539545,4.0853773260539547e-07
2018-08-21,128038,buy,rebalance,86.55,5.200847744056679e-07,4.501333722481056e-05,4.5013337224810564e-08
2018-08-21,113505,buy,rebalance,94.62,1.3738745723029288e-06,0.00012999601203130313,1.2999601203130312e-07
2018-08-21,110044,buy,rebalance,94.33,7.348550420536121e-20,6.931887611691723e-18,6.931887611691723e-21
2018-08-21,113507,buy,rebalance,91.05,1.4010506967604862e-05,0.0012756566594004227,1.2756566594004227e-06
2018-08-21,113506,buy,rebalance,96.38,1.4225939367337303e-07,1.3710960362239693e-05,1.3710960362239693e-08
2018-08-21,113503,buy,rebalance,98.19,9.490340464363568e-06,0.0009318565301958587,9.318565301958587e-07
2018-08-21,110043,buy,rebalance,96.71,7.167705109804285e-20,6.931887611691723e-18,6.931887611691723e-21
2018-08-31,113503,sell,rebalance,97.2,0.0004944696629288242,0.048062451236681715,4.8062451236681716e-05
2018-08-31,128014,sell,rebalance,100.36,0.0004822498814238501,0.0483985980996976,4.8398598099697596e-05
2018-08-31,113507,sell,rebalance,91.81,0.0005332413916816522,0.04895689217029249,4.8956892170292495e-05
2018-08-31,110043,sell,rebalance,97.91,0.0005020465108236298,0.049155373874741594,4.91553738747416e-05
2018-08-31,113016,sell,rebalance,96.91,0.0005051281529520728,0.04895196930258537,4.895196930258537e-05
2018-08-31,127007,sell,rebalance,93.68,0.0005227489024736567,0.04897111718373217,4.897111718373217e-05
2018-08-31,128041,sell,rebalance_resize,100.413,4.625206092689889e-06,0.00046443081938526976,4.6443081938526975e-07
2018-08-31,123013,sell,rebalance_resize,92.83,3.164983480001994e-06,0.0002938054164485851,2.938054164485851e-07
2018-08-31,113514,sell,rebalance_resize,95.8,2.040504107946984e-06,0.00019548029354132107,1.9548029354132108e-07
2018-08-31,128039,sell,rebalance_resize,98.491,1.741511667115986e-05,0.0017152322560592059,1.715232256059206e-06
2018-08-31,123011,sell,rebalance_resize,98.6,1.3906597574292197e-05,0.0013711905208252106,1.3711905208252106e-06
2018-08-31,113516,sell,rebalance_resize,103.84,1.695407742657223e-05,0.0017605113999752606,1.7605113999752607e-06
2018-08-31,128038,sell,rebalance_resize,87.505,8.741947142943386e-07,7.64964084743261e-05,7.64964084743261e-08
2018-08-31,127003,sell,rebalance_resize,88.64,4.499559083833576e-06,0.00039884091719100817,3.988409171910082e-07
2018-08-31,123014,buy,rebalance,93.177,0.0005254743120574305,0.04896211997457521,4.896211997457521e-05
2018-08-31,123012,buy,rebalance,91.661,0.000534165239028324,0.04896211997457521,4.896211997457521e-05
2018-08-31,128041,buy,rebalance,100.413,6.903305535194336e-20,6.931816187054689e-18,6.931816187054689e-21
2018-08-31,113514,buy,rebalance,95.8,7.235716270411993e-20,6.931816187054689e-18,6.931816187054689e-21
2018-08-31,128043,buy,rebalance,94.82,0.0005163691201705887,0.04896211997457521,4.896211997457521e-05
2018-08-31,128025,buy,rebalance,98.606,8.050258886396384e-06,0.0007938038277520018,7.938038277520018e-07
2018-08-31,113515,buy,rebalance,99.6,0.0004915875499455342,0.04896211997457521,4.896211997457521e-05
2018-08-31,128036,buy,rebalance,87.956,2.2580314621413925e-06,0.00019860741528410832,1.9860741528410832e-07
2018-08-31,128034,buy,rebalance,100.601,0.00048669615584909904,0.04896211997457521,4.896211997457521e-05
2018-08-31,123010,buy,rebalance,95.001,1.5526576282792782e-06,0.00014750402734415972,1.4750402734415972e-07
2018-08-31,128038,buy,rebalance,87.505,7.921622978178034e-20,6.931816187054689e-18,6.931816187054689e-21
2018-08-31,113505,buy,rebalance,92.58,1.6251718631585575e-05,0.0015045841109121926,1.5045841109121926e-06
2018-08-31,110044,buy,rebalance,93.84,7.573300628641173e-06,0.0007106785309916876,7.106785309916876e-07
2018-08-31,113506,buy,rebalance,95.21,1.1002460959231198e-05,0.0010475443079284023,1.0475443079284023e-06
2018-08-31,113513,buy,rebalance,106.35,0.00046038664762176976,0.04896211997457521,4.896211997457521e-05
2018-09-11,113505,sell,rebalance,90.45,0.0005293862215950894,0.047882983743275834,4.788298374327583e-05
2018-09-11,128038,sell,rebalance,86.55,0.0005601064241794971,0.04847721101273547,4.847721101273547e-05
2018-09-11,113506,sell,rebalance,94.54,0.0005147678085793176,0.04866614862308869,4.8666148623088694e-05
2018-09-11,110044,sell,rebalance,93.99,0.0005222867328533125,0.049089730020882835,4.908973002088284e-05
2018-09-11,113513,sell,rebalance,105.79,0.00046038664762176976,0.04870430345190702,4.870430345190702e-05
2018-09-11,113514,sell,rebalance_resize,96.3,8.998551313599749e-06,0.0008665604914996558,8.665604914996559e-07
2018-09-11,128043,sell,rebalance_resize,94.23,2.7178785056376863e-06,0.0002561056915862392,2.561056915862392e-07
2018-09-11,128036,sell,rebalance_resize,87.909,6.6473677051435155e-06,0.0005843634475914614,5.843634475914613e-07
2018-09-11,128025,sell,rebalance_resize,98.0,3.1503909484877475e-06,0.00030873831295179927,3.087383129517993e-07
2018-09-11,123011,sell,rebalance_resize,97.49,6.05160203744091e-07,5.899706826301143e-05,5.899706826301143e-08
2018-09-11,127003,sell,rebalance_resize,88.76,7.628529560609371e-06,0.0006771082837996878,6.771082837996879e-07
2018-09-11,113515,sell,rebalance_resize,99.01,2.734338127653899e-06,0.00027072681801901255,2.7072681801901254e-07
2018-09-11,123012,buy,rebalance,89.75,5.120457678861414e-06,0.0004595610766778119,4.595610766778119e-07
2018-09-11,113514,buy,rebalance,96.3,7.198210415719887e-20,6.93187663033825e-18,6.93187663033825e-21
2018-09-11,113016,buy,rebalance,97.17,0.000497606343710767,0.04835240841837524,4.835240841837524e-05
2018-09-11,128041,buy,rebalance,97.72,7.194020027818365e-06,0.0007029996371184106,7.029996371184106e-07
2018-09-11,123013,buy,rebalance,91.145,3.056703102425133e-06,0.00027860320427053873,2.786032042705387e-07
2018-09-11,123014,buy,rebalance,91.0,6.40224530957739e-06,0.0005826043231715425,5.826043231715425e-07
2018-09-11,128039,buy,rebalance,96.406,4.422666108706806e-06,0.0004263715488759884,4.263715488759884e-07
2018-09-11,128034,buy,rebalance,99.001,2.199270356791343e-06,0.00021772996459269977,2.1772996459269977e-07
2018-09-11,128044,buy,rebalance,93.839,0.0005152698602753145,0.04835240841837524,4.835240841837524e-05
2018-09-11,127003,buy,rebalance,88.76,7.809685252747014e-20,6.93187663033825e-18,6.93187663033825e-21
2018-09-11,128042,buy,rebalance,94.802,0.0005100357420558135,0.04835240841837524,4.835240841837524e-05
2018-09-11,113516,buy,rebalance,102.02,2.431154026759354e-06,0.0002480263338099893,2.480263338099893e-07
2018-09-11,113507,buy,rebalance,91.03,0.0005311700364536442,0.04835240841837524,4.835240841837524e-05
2018-09-11,113509,buy,rebalance,99.24,0.00048722700945561507,0.04835240841837524,4.835240841837524e-05
2018-09-11,123010,buy,rebalance,92.51,7.2840128206188266e-06,0.0006738440260354477,6.738440260354477e-07
2018-09-21,127003,sell,rebalance,88.715,0.000545305954282203,0.04837681773414564,4.837681773414564e-05
2018-09-21,113516,sell,rebalance,103.26,0.00047442761635174864,0.048989395664481565,4.898939566448157e-05
2018-09-21,123012,sell,rebalance_resize,91.395,7.616396127562529e-06,0.0006961005240785773,6.961005240785772e-07
2018-09-21,123014,sell,rebalance_resize,92.06,4.047796488508751e-06,0.00037264014473211565,3.7264014473211564e-07
2018-09-21,128041,sell,rebalance_resize,100.2,1.0350013068949349e-05,0.0010370713095087247,1.0370713095087248e-06
2018-09-21,128043,sell,rebalance_resize,94.701,5.424495035732292e-07,5.137051043788838e-05,5.137051043788838e-08
2018-09-21,128044,sell,rebalance_resize,94.51,1.1241008162663592e-06,0.00010623876814533362,1.0623876814533362e-07
2018-09-21,128036,sell,rebalance_resize,88.27,9.291806280347752e-08,8.20187740366296e-06,8.201877403662961e-09
2018-09-21,113016,sell,rebalance_resize,99.06,7.0762031245098495e-06,0.0007009686815139457,7.009686815139458e-07
2018-09-21,128034,sell,rebalance_resize,100.0,2.976268941144028e-06,0.0002976268941144028,2.976268941144028e-07
2018-09-21,128042,sell,rebalance_resize,95.3,1.5205132680368387e-07,1.4490491444391072e-05,1.4490491444391072e-08
2018-09-21,113507,sell,rebalance_resize,92.09,3.5132254375226163e-06,0.00032353293054145776,3.235329305414578e-07
2018-09-21,123014,buy,rebalance,92.06,7.529561150024727e-20,6.931713994712764e-18,6.931713994712764e-21
2018-09-21,123013,buy,rebalance,90.819,4.003365751960981e-06,0.0003635816742273444,3.635816742273444e-07
2018-09-21,113514,buy,rebalance,96.0,3.55196945846312e-06,0.0003409890680124595,3.4098906801245953e-07
2018-09-21,123015,buy,rebalance,93.59,0.0005186626351202066,0.048541636020900135,4.854163602090013e-05
2018-09-21,123001,buy,rebalance,94.0,0.0005164003832010653,0.048541636020900135,4.854163602090013e-05
2018-09-21,128039,buy,rebalance,96.6,9.678645594046113e-07,9.349571643848545e-05,9.349571643848546e-08
2018-09-21,123011,buy,rebalance,96.95,4.725953441551774e-06,0.00045818118615844456,4.5818118615844456e-07
2018-09-21,113016,buy,rebalance,99.06,6.997490404515206e-20,6.931713994712764e-18,6.931713994712764e-21
2018-09-21,113515,buy,rebalance,98.01,6.924899755952716e-06,0.0006787094250809258,6.787094250809258e-07
2018-09-21,128025,buy,rebalance,97.1,6.533515533434216e-06,0.0006344043582964624,6.344043582964623e-07
2018-09-21,123010,buy,rebalance,91.6,7.277918743120115e-06,0.0006666573568698026,6.666573568698026e-07
2018-09-21,113509,buy,rebalance,98.8,4.589246353909359e-06,0.0004534175397662447,4.534175397662447e-07
2018-10-11,113507,sell,rebalance,90.12,0.0005276568110161216,0.04755243180877288,4.755243180877288e-05
2018-10-11,113509,sell,rebalance,97.0,0.0004918162558095245,0.04770617681352387,4.770617681352387e-05
2018-10-11,123012,sell,rebalance_resize,90.33,2.5067468355834077e-06,0.00022643444165824922,2.2643444165824922e-07
2018-10-11,123014,sell,rebalance_resize,91.11,3.1964100970362417e-06,0.000291224923940972,2.9122492394097197e-07
2018-10-11,128039,sell,rebalance_resize,97.0,1.024509034164325e-05,0.0009937737631393953,9.937737631393953e-07
2018-10-11,123013,sell,rebalance_resize,90.51,6.926960189538469e-06,0.0006269591667551269,6.269591667551269e-07
2018-10-11,128044,sell,rebalance_resize,94.8,9.934224863066052e-06,0.0009417645170186617,9.417645170186617e-07
2018-10-11,123011,sell,rebalance_resize,97.85,1.270586202313535e-05,0.001243268598963794,1.243268598963794e-06
2018-10-11,123001,sell,rebalance_resize,92.7,7.66580831064281e-07,7.106204303965885e-05,7.106204303965885e-08
2018-10-11,128034,sell,rebalance_resize,98.99,3.0496403468850415e-06,0.00030188389793815024,3.0188389793815024e-07
2018-10-11,113515,sell,rebalance_resize,96.8,1.9841706678507044e-06,0.0001920677206479482,1.920677206479482e-07
2018-10-11,123010,sell,rebalance_resize,91.11,5.839540036800173e-06,0.0005320404927528638,5.320404927528638e-07
2018-10-11,128036,sell,rebalance_resize,87.1,1.7059331870553426e-06,0.00014858678059252034,1.4858678059252035e-07
2018-10-11,128042,sell,rebalance_resize,93.813,3.6738190508253936e-07,3.446519866150827e-05,3.446519866150827e-08
2018-10-11,113514,buy,rebalance,93.86,3.0957928813297474e-06,0.0002905711198416101,2.905711198416101e-07
2018-10-11,113016,buy,rebalance,96.0,7.370968534864078e-06,0.0007076129793469514,7.076129793469514e-07
2018-10-11,128021,buy,rebalance,96.1,0.0004968662494388004,0.047748846571068725,4.7748846571068724e-05
2018-10-11,128041,buy,rebalance,96.999,7.823371657450324e-06,0.0007588592274010239,7.588592274010239e-07
2018-10-11,128043,buy,rebalance,90.002,1.7963259027249168e-05,0.0016167292389704796,1.6167292389704796e-06
2018-10-11,123015,buy,rebalance,89.88,1.3135397240028097e-05,0.0011806095039337253,1.1806095039337253e-06
2018-10-11,113515,buy,rebalance,96.8,7.160719487040043e-20,6.9315764634547614e-18,6.931576463454762e-21
2018-10-11,123010,buy,rebalance,91.11,7.607920605262607e-20,6.9315764634547614e-18,6.931576463454762e-21
2018-10-11,123002,buy,rebalance,101.0,0.0004727608571392943,0.047748846571068725,4.7748846571068724e-05
2018-10-11,128025,buy,rebalance,94.3,6.453257669110494e-06,0.0006085421981971195,6.085421981971195e-07
2018-10-23,128036,sell,rebalance,83.847,0.0005487859182514248,0.04601405288762721,4.601405288762721e-05
2018-10-23,128042,sell,rebalance,93.001,0.0005095163088239273,0.04738552623693406,4.738552623693406e-05
2018-10-23,123015,sell,rebalance,86.895,0.0005317980323602347,0.046210590021942596,4.62105900219426e-05
2018-10-23,123012,sell,rebalance_resize,89.667,6.2221596492197415e-06,0.0005579223892665866,5.579223892665866e-07
2018-10-23,113016,sell,rebalance_resize,96.3,1.0980067404608272e-05,0.0010573804910637766,1.0573804910637766e-06
2018-10-23,123013,sell,rebalance_resize,89.3,3.0206475930022053e-06,0.00026974383005509694,2.6974383005509695e-07
2018-10-23,128039,sell,rebalance_resize,99.3,2.0565372842474583e-05,0.002042141523257726,2.042141523257726e-06
2018-10-23,128044,sell,rebalance_resize,94.46,7.805687493502552e-06,0.000737325240636251,7.37325240636251e-07
2018-10-23,113515,sell,rebalance_resize,95.27,1.608611659627759e-06,0.0001532524328127366,1.532524328127366e-07
2018-10-23,123001,sell,rebalance_resize,91.32,2.159247866056477e-06,0.00019718251512827747,1.971825151282775e-07
2018-10-23,128043,sell,rebalance_resize,89.99,1.0008640617450043e-05,0.0009006775691643293,9.006775691643293e-07
2018-10-23,128034,sell,rebalance_resize,98.7,7.788500531840986e-06,0.0007687250024927054,7.687250024927054e-07
2018-10-23,128025,sell,rebalance_resize,94.0,8.043098875675657e-06,0.0007560512943135117,7.560512943135118e-07
2018-10-23,123002,sell,rebalance_resize,100.78,7.485045298649234e-06,0.0007543428651978698,7.543428651978698e-07
2018-10-23,123011,buy,rebalance,95.8,9.66182220237906e-07,9.25602566987914e-05,9.25602566987914e-08
2018-10-23,113514,buy,rebalance,88.84,1.8530915247912995e-05,0.0016462865106245906,1.6462865106245907e-06
2018-10-23,123014,buy,rebalance,87.021,1.4193823802438442e-05,0.0012351607411119957,1.2351607411119958e-06
2018-10-23,128041,buy,rebalance,87.818,4.1134806100531875e-05,0.003612376402136508,3.6123764021365083e-06
2018-10-23,123001,buy,rebalance,91.32,7.590426248316793e-20,6.931577249962894e-18,6.931577249962895e-21
2018-10-23,113509,buy,rebalance,94.8,0.0004941039352044576,0.04684105305738258,4.684105305738258e-05
2018-10-23,128043,buy,rebalance,89.99,7.702608345330476e-20,6.931577249962894e-18,6.931577249962895e-21
2018-10-23,113513,buy,rebalance,108.1,0.0004333122391987288,0.04684105305738258,4.684105305738258e-05
2018-10-23,123010,buy,rebalance,89.365,7.518824192236754e-08,6.719197239392375e-06,6.719197239392375e-09
2018-10-23,113516,buy,rebalance,102.81,0.00045560794725593403,0.04684105305738258,4.684105305738258e-05
2018-10-23,128021,buy,rebalance,93.58,4.203221904766229e-06,0.00039333750584802374,3.9333750584802377e-07
2018-10-31,128025,sell,rebalance,94.55,0.0004988350672053214,0.04716485560426314,4.716485560426314e-05
2018-10-31,128021,sell,rebalance,93.002,0.0005010694713435666,0.046600462973894384,4.6600462973894385e-05
2018-10-31,123012,sell,rebalance_resize,91.95,1.0933301104658856e-05,0.0010053170365733818,1.005317036573382e-06
2018-10-31,113514,sell,rebalance_resize,89.57,2.176981238918874e-06,0.00019499220956996352,1.9499220956996351e-07
2018-10-31,123011,sell,rebalance_resize,96.3,5.823166792743676e-07,5.6077096214121596e-05,5.6077096214121595e-08
2018-10-31,123014,sell,rebalance_resize,88.0,3.836945033386575e-06,0.00033765116293801856,3.3765116293801857e-07
2018-10-31,113509,sell,rebalance_resize,95.52,1.2327857023081301e-06,0.00011775569028447258,1.1775569028447259e-07
2018-10-31,128041,sell,rebalance_resize,89.005,4.959038095646861e-06,0.00044137918570304885,4.4137918570304884e-07
2018-10-31,123001,sell,rebalance_resize,93.27,8.713621723357961e-06,0.000812719498137597,8.12719498137597e-07
2018-10-31,128034,sell,rebalance_resize,100.54,6.819108683162725e-06,0.0006855931870051804,6.855931870051805e-07
2018-10-31,123010,sell,rebalance_resize,90.08,2.071524364800675e-06,0.0001866029147812448,1.866029147812448e-07
2018-10-31,113516,sell,rebalance_resize,104.53,5.219999294149777e-06,0.0005456465262174762,5.456465262174761e-07
2018-10-31,123002,sell,rebalance_resize,105.599,1.9447232020331352e-05,0.0020536082541149706,2.0536082541149705e-06
2018-10-31,113016,buy,rebalance,92.63,2.1304713544716526e-05,0.0019734556156470917,1.973455615647092e-06
2018-10-31,128039,buy,rebalance,98.807,4.259896828946715e-06,0.00042090762597773806,4.2090762597773806e-07
2018-10-31,123013,buy,rebalance,89.595,3.75229474386574e-07,3.3618684757665096e-05,3.36186847576651e-08
2018-10-31,113514,buy,rebalance,89.57,7.73865824854037e-20,6.931516193217609e-18,6.931516193217609e-21
2018-10-31,113515,buy,rebalance,94.72,4.843428134259412e-06,0.0004587695128770515,4.5876951287705153e-07
2018-10-31,123014,buy,rebalance,88.0,7.876722946838193e-20,6.931516193217609e-18,6.931516193217609e-21
2018-10-31,128044,buy,rebalance,94.0,4.43041814098413e-06,0.0004164593052525082,4.1645930525250823e-07
2018-10-31,128043,buy,rebalance,89.202,6.709679225095464e-06,0.0005985168062369655,5.985168062369656e-07
2018-10-31,113513,buy,rebalance,103.93,1.9654930711279593e-05,0.002042736948823288,2.042736948823288e-06
2018-10-31,127003,buy,rebalance,88.88,0.0005291291163510509,0.0470289958612814,4.7028995861281396e-05
2018-10-31,113518,buy,rebalance,99.97,0.00047043108793919574,0.0470289958612814,4.7028995861281396e-05
2018-11-13,128043,sell,rebalance,96.106,0.0005277730897962725,0.050722160567960556,5.072216056796056e-05
2018-11-13,113509,sell,rebalance,98.0,0.0004928711495021495,0.04830137265121065,4.8301372651210654e-05
2018-11-13,113516,sell,rebalance,105.03,0.0004503879479617843,0.047304246174426204,4.730424617442621e-05
2018-11-13,127003,sell,rebalance,90.3,0.0005291291163510509,0.047780359206499895,4.77803592064999e-05
2018-11-13,113518,sell,rebalance,103.95,0.00047043108793919574,0.048901311591279396,4.8901311591279395e-05
2018-11-13,123012,sell,rebalance_resize,96.01,5.581470372914513e-06,0.0005358769705035224,5.358769705035224e-07
2018-11-13,113016,sell,rebalance_resize,96.12,2.3796875595874853e-06,0.0002287355682275491,2.287355682275491e-07
2018-11-13,128039,sell,rebalance_resize,103.299,5.779193475463163e-06,0.0005969849068218694,5.969849068218694e-07
2018-11-13,128041,sell,rebalance_resize,94.01,1.1748908701238796e-05,0.0011045149070034593,1.1045149070034594e-06
2018-11-13,123011,sell,rebalance_resize,99.48,1.182503174136464e-07,1.1763541576309544e-05,1.1763541576309544e-08
2018-11-13,113515,sell,rebalance_resize,98.49,3.3550440342658073e-06,0.00033043828693483934,3.3043828693483936e-07
2018-11-13,123010,sell,rebalance_resize,94.52,8.22716967887836e-06,0.0007776320780475826,7.776320780475826e-07
2018-11-13,113513,sell,rebalance_resize,108.12,3.2638400220890627e-06,0.0003528863831882695,3.5288638318826947e-07
2018-11-13,123013,buy,rebalance,91.18,7.77939549784395e-06,0.0007093252814934115,7.093252814934116e-07
2018-11-13,113514,buy,rebalance,92.02,2.769657578302877e-06,0.00025486389035543074,2.5486389035543077e-07
2018-11-13,128041,buy,rebalance,94.01,7.373525442029817e-20,6.931851268052231e-18,6.93185126805223e-21
2018-11-13,123014,buy,rebalance,89.71,6.9936775672983895e-06,0.0006274028145623385,6.274028145623385e-07
2018-11-13,123001,buy,rebalance,95.484,4.449954250993116e-06,0.0004248994317018267,4.248994317018267e-07
2018-11-13,128021,buy,rebalance,94.15,0.0005159062683721751,0.048572575167240284,4.857257516724029e-05
2018-11-13,128044,buy,rebalance,95.589,7.811857089669736e-06,0.0007467276073444405,7.467276073444405e-07
2018-11-13,128034,buy,rebalance,102.12,7.855493430266649e-06,0.0008022029890988303,8.022029890988303e-07
2018-11-13,110044,buy,rebalance,91.72,0.000529574522102489,0.048572575167240284,4.857257516724029e-05
2018-11-13,128033,buy,rebalance,94.511,0.0005139356812142532,0.048572575167240284,4.857257516724029e-05
2018-11-13,123002,buy,rebalance,109.0,2.4386991208776677e-07,2.658182041756658e-05,2.658182041756658e-08
2018-11-13,113508,buy,rebalance,100.38,0.00048388698114405543,0.048572575167240284,4.857257516724029e-05
2018-11-13,128025,buy,rebalance,95.5,0.0005086133525365475,0.048572575167240284,4.857257516724029e-05
2018-11-21,123002,sell,rebalance,109.31,0.0004460724497324015,0.04876017948024881,4.8760179480248806e-05
2018-11-21,113513,sell,rebalance,106.63,0.00044970332988791936,0.04795186606594884,4.795186606594884e-05
2018-11-21,128033,sell,rebalance,99.001,0.0005139356812142532,0.050880146375892284,5.0880146375892283e-05
2018-11-21,123012,sell,rebalance_resize,98.403,6.341569962294231e-06,0.0006240295089996392,6.240295089996392e-07
2018-11-21,113016,sell,rebalance_resize,97.5,1.1304673590239584e-06,0.00011022056750483594,1.1022056750483595e-07
2018-11-21,123013,sell,rebalance_resize,93.25,5.525445180061387e-06,0.0005152477630407243,5.152477630407243e-07
2018-11-21,123014,sell,rebalance_resize,91.511,4.235849022007565e-06,0.00038762677985293426,3.876267798529343e-07
2018-11-21,123001,sell,rebalance_resize,96.8,8.454837939219988e-07,8.184283125164948e-05,8.184283125164949e-08
2018-11-21,123011,sell,rebalance_resize,104.201,1.6502650780293514e-05,0.0017195927139573644,1.7195927139573644e-06
2018-11-21,128025,sell,rebalance_resize,98.197,7.480211672719994e-06,0.0007345343456260853,7.345343456260852e-07
2018-11-21,128034,sell,rebalance_resize,103.55,8.902545043916453e-07,9.218585392975487e-05,9.218585392975487e-08
2018-11-21,110044,sell,rebalance_resize,93.75,4.670297746166045e-06,0.0004378404137030667,4.378404137030667e-07
2018-11-21,128039,buy,rebalance,102.986,7.131223574844726e-06,0.000734416191078959,7.34416191078959e-07
2018-11-21,128041,buy,rebalance,93.31,1.0169417831739042e-05,0.00094890837787957,9.489083778795701e-07
2018-11-21,113514,buy,rebalance,93.12,7.387465008693346e-08,6.879207416095244e-06,6.879207416095244e-09
2018-11-21,128038,buy,rebalance,100.108,0.0004910605625191585,0.04915909079266793,4.915909079266793e-05
2018-11-21,113515,buy,rebalance,98.57,5.557353860658133e-06,0.0005477883700450722,5.477883700450722e-07
2018-11-21,128044,buy,rebalance,96.005,3.922918339015843e-06,0.00037661977513721594,3.766197751372159e-07
2018-11-21,128021,buy,rebalance,94.535,4.63447691998062e-06,0.00043812027563036794,4.3812027563036795e-07
2018-11-21,113516,buy,rebalance,106.7,0.00046072250039988684,0.04915909079266793,4.915909079266793e-05
2018-11-21,127003,buy,rebalance,91.45,0.0005375515668963141,0.04915909079266793,4.915909079266793e-05
2018-11-21,113508,buy,rebalance,99.38,1.1269151385026732e-05,0.0011199282646439566,1.1199282646439565e-06
2018-11-21,123010,buy,rebalance,94.999,3.590495911116087e-06,0.00034109352106011714,3.4109352106011716e-07
2018-12-03,123010,sell,rebalance,94.6,0.0005179993408908225,0.04900273764827181,4.900273764827181e-05
2018-12-03,128034,sell,rebalance,101.99,0.0004752271466287327,0.048468416684664443,4.8468416684664445e-05
2018-12-03,128044,sell,rebalance,95.69,0.0005125710406721493,0.04904792288191797,4.9047922881917974e-05
2018-12-03,113508,sell,rebalance,97.54,0.0004951561325290822,0.04829752916688668,4.8297529166886676e-05
2018-12-03,128025,sell,rebalance,98.399,0.0005011331408638275,0.04931099992785976,4.9310999927859765e-05
2018-12-03,113516,sell,rebalance,105.6,0.00046072250039988684,0.048652296042228045,4.8652296042228046e-05
2018-12-03,127003,sell,rebalance,91.651,0.0005375515668963141,0.04926713865761408,4.9267138657614085e-05
2018-12-03,110044,sell,rebalance_resize,98.59,2.440526121954255e-05,0.0024061147036347,2.4061147036347002e-06
2018-12-03,113016,sell,rebalance_resize,98.12,1.819220647803926e-06,0.00017850192996252123,1.7850192996252123e-07
2018-12-03,128041,sell,rebalance_resize,96.0,1.3366899460346091e-05,0.0012832223481932248,1.2832223481932248e-06
2018-12-03,123011,sell,rebalance_resize,104.487,6.164282656806125e-09,6.440874019617016e-07,6.440874019617015e-10
2018-12-03,113514,sell,rebalance_resize,94.23,4.798436007946017e-06,0.0004521566250287532,4.521566250287532e-07
2018-12-03,128021,sell,rebalance_resize,102.22,3.7815321934151615e-05,0.003865482208108978,3.865482208108978e-06
2018-12-03,123014,sell,rebalance_resize,92.498,4.284791066732952e-06,0.00039633460409066457,3.963346040906646e-07
2018-12-03,123012,buy,rebalance,98.2,2.4001764443225815e-06,0.00023569732683247752,2.3569732683247752e-07
2018-12-03,128039,buy,rebalance,101.188,9.816241503731268e-06,0.0009932858452795595,9.932858452795595e-07
2018-12-03,113016,buy,rebalance,98.12,7.064606706793201e-20,6.931792100705489e-18,6.93179210070549e-21
2018-12-03,128038,buy,rebalance,95.601,2.5061006887635305e-05,0.0023958573194648226,2.3958573194648225e-06
2018-12-03,113519,buy,rebalance,99.99,0.0004929861995651831,0.049293690094522655,4.9293690094522654e-05
2018-12-03,113520,buy,rebalance,104.0,0.0004739777893704101,0.049293690094522655,4.9293690094522654e-05
2018-12-03,123013,buy,rebalance,92.91,3.374501065437018e-06,0.00031352489398975335,3.1352489398975337e-07
2018-12-03,113506,buy,rebalance,95.99,0.0005135294311336874,0.049293690094522655,4.9293690094522654e-05
2018-12-03,128043,buy,rebalance,99.0,0.0004979160615608349,0.049293690094522655,4.9293690094522654e-05
2018-12-03,123001,buy,rebalance,96.0,5.630835902700986e-06,0.0005405602466592947,5.405602466592947e-07
2018-12-03,113515,buy,rebalance,98.05,4.02022218647538e-06,0.00039418278538391104,3.9418278538391106e-07
2018-12-03,128036,buy,rebalance,89.405,0.0005513527218222992,0.049293690094522655,4.9293690094522654e-05
2018-12-03,113513,buy,rebalance,107.5,0.0004585459543676526,0.049293690094522655,4.9293690094522654e-05
2018-12-03,128048,buy,rebalance,103.7,0.000475348988375339,0.049293690094522655,4.9293690094522654e-05
2018-12-11,113515,sell,rebalance,98.89,0.0005032512893934817,0.04976652000812141,4.9766520008121406e-05
2018-12-11,123001,sell,rebalance,96.58,0.0005139962391403587,0.04964175677617585,4.964175677617585e-05
2018-12-11,128048,sell,rebalance,102.013,0.000475348988375339,0.048491776351133456,4.849177635113346e-05
2018-12-11,123012,sell,rebalance_resize,98.82,4.407001013376982e-06,0.00043549984014191334,4.3549984014191333e-07
2018-12-11,123014,sell,rebalance_resize,94.909,1.4860325385515039e-05,0.001410378622013847,1.4103786220138471e-06
2018-12-11,128041,sell,rebalance_resize,99.0,1.6830374953999893e-05,0.0016662071204459894,1.6662071204459893e-06
2018-12-11,128036,sell,rebalance_resize,91.49,1.3370519620436393e-05,0.0012232688400737254,1.2232688400737254e-06
2018-12-11,128039,sell,rebalance_resize,101.02,4.08435588677308e-07,4.126016316818165e-05,4.126016316818165e-08
2018-12-11,113506,sell,rebalance_resize,96.09,1.301398253591483e-06,0.0001250513581876056,1.250513581876056e-07
2018-12-11,110044,sell,rebalance_resize,99.12,3.929232714580812e-06,0.00038946554666925004,3.8946554666925004e-07
2018-12-11,123013,sell,rebalance_resize,93.67,5.63158677194663e-06,0.0005275107329282408,5.275107329282409e-07
2018-12-11,113521,buy,rebalance,96.01,0.0005121232978427592,0.04916895782588331,4.916895782588331e-05
2018-12-11,128041,buy,rebalance,99.0,7.001716461548744e-20,6.931699296933256e-18,6.931699296933256e-21
2018-12-11,128038,buy,rebalance,93.994,7.520981604417501e-06,0.0007069271449256186,7.069271449256186e-07
2018-12-11,113520,buy,rebalance,101.6,1.0460090807604347e-05,0.0010627452260526017,1.0627452260526018e-06
2018-12-11,110044,buy,rebalance,99.12,6.993239807236942e-20,6.931699296933256e-18,6.931699296933256e-21
2018-12-11,113016,buy,rebalance,97.62,1.302142565249496e-06,0.0001271151572196558,1.271151572196558e-07
2018-12-11,113519,buy,rebalance,99.3,2.6806221638129655e-06,0.0002661857808666275,2.661857808666275e-07
2018-12-11,113514,buy,rebalance,93.68,1.7468015568706638e-06,0.0001636403698476438,1.636403698476438e-07
2018-12-11,123011,buy,rebalance,102.0,1.0286280259035073e-05,0.0010492005864215774,1.0492005864215775e-06
2018-12-11,128021,buy,rebalance,99.4,1.2432614928107124e-05,0.0012358019238538482,1.2358019238538482e-06
2018-12-11,110047,buy,rebalance,99.25,0.000495405116633585,0.04916895782588331,4.916895782588331e-05
2018-12-11,128043,buy,rebalance,97.191,8.50052196872003e-06,0.0008261742306618685,8.261742306618685e-07
2018-12-11,128044,buy,rebalance,95.601,0.0005143142626738561,0.04916895782588331,4.916895782588331e-05
2018-12-11,113513,buy,rebalance,106.32,4.391471041219825e-06,0.0004669012011024918,4.669012011024918e-07
2018-12-21,128021,sell,rebalance,96.719,0.0004951580382861111,0.047891190304994384,4.7891190304994385e-05
2018-12-21,128036,sell,rebalance,88.103,0.0005379822022018628,0.04739784596059071,4.7397845960590716e-05
2018-12-21,113513,sell,rebalance,106.86,0.0004629374254088724,0.04946949327919211,4.9469493279192114e-05
2018-12-21,128044,sell,rebalance,95.031,0.0005143142626738561,0.04887579869615922,4.887579869615922e-05
2018-12-21,128041,sell,rebalance_resize,99.75,9.215701619092229e-06,0.0009192662365044499,9.192662365044499e-07
2018-12-21,113016,sell,rebalance_resize,98.02,7.63043240301138e-06,0.0007479349841431754,7.479349841431754e-07
2018-12-21,110044,sell,rebalance_resize,98.87,4.270709811414967e-06,0.0004222450790545978,4.222450790545978e-07
2018-12-21,113520,sell,rebalance_resize,100.6,6.048367606359032e-07,6.084657811997186e-05,6.084657811997186e-08
2018-12-21,113506,sell,rebalance_resize,105.0,4.866989794877902e-05,0.005110339284621797,5.1103392846217965e-06
2018-12-21,113519,sell,rebalance_resize,98.5,1.5185560661709575e-06,0.00014957777251783932,1.4957777251783932e-07
2018-12-21,110047,sell,rebalance_resize,99.64,6.910494315356654e-06,0.0006885616535821371,6.88561653582137e-07
2018-12-21,128049,buy,rebalance,93.226,0.0005215607793530477,0.048623025215967224,4.8623025215967225e-05
2018-12-21,123012,buy,rebalance,96.6,5.784292909051649e-06,0.0005587626950143892,5.587626950143892e-07
2018-12-21,123011,buy,rebalance,97.88,1.4724763840181793e-05,0.0014412598846769938,1.4412598846769939e-06
2018-12-21,123015,buy,rebalance,92.16,0.0005275935895829777,0.048623025215967224,4.8623025215967225e-05
2018-12-21,123013,buy,rebalance,92.111,2.958644423052282e-06,0.00027252369645176875,2.7252369645176875e-07
2018-12-21,123014,buy,rebalance,93.013,4.692116005452863e-06,0.00043642778601518716,4.3642778601518716e-07
2018-12-21,128039,buy,rebalance,96.111,1.9181027385033875e-05,0.001843507723002991,1.8435077230029908e-06
2018-12-21,128038,buy,rebalance,92.003,5.395499891111507e-06,0.000496402176481932,4.96402176481932e-07
2018-12-21,113521,buy,rebalance,93.22,1.000322174934997e-05,0.0009325003314744043,9.325003314744043e-07
2018-12-21,113514,buy,rebalance,91.6,5.961289114480865e-06,0.0005460540828864472,5.460540828864472e-07
2018-12-21,113522,buy,rebalance,102.0,0.00047669632564673747,0.048623025215967224,4.8623025215967225e-05
2018-12-21,128043,buy,rebalance,95.5,3.25128223125562e-06,0.0003104974530849117,3.1049745308491167e-07
2018-12-21,113516,buy,rebalance,105.0,0.00046307643062825927,0.048623025215967224,4.8623025215967225e-05
2019-01-11,110044,sell,rebalance,116.66,0.0004922990206107846,0.057431603744454135,5.7431603744454136e-05
2019-01-11,113519,sell,rebalance,100.54,0.0004941482656628252,0.04968166662974045,4.968166662974045e-05
2019-01-11,110047,sell,rebalance,102.6,0.0004884946223182284,0.05011954824985024,5.011954824985024e-05
2019-01-11,113522,sell,rebalance,106.96,0.00047669632564673747,0.050987438991175034,5.0987438991175034e-05
2019-01-11,123015,sell,rebalance_resize,98.9,1.3813684231144824e-05,0.0013661733704602233,1.3661733704602234e-06
2019-01-11,128041,sell,rebalance_resize,114.499,4.417185794010055e-05,0.005057633562283573,5.057633562283573e-06
2019-01-11,123014,sell,rebalance_resize,101.005,2.0221609361338852e-05,0.0020424836535420307,2.0424836535420306e-06
2019-01-11,113520,sell,rebalance_resize,110.91,2.5688307692049213e-05,0.002849090206125178,2.849090206125178e-06
2019-01-11,128038,buy,rebalance,91.11,2.8640452469368854e-05,0.0026094316244841963,2.6094316244841965e-06
2019-01-11,123012,buy,rebalance,97.811,1.5622235403551856e-05,0.0015280264670568106,1.5280264670568107e-06
2019-01-11,128050,buy,rebalance,97.301,0.0005216745119666485,0.05075945168886687,5.075945168886687e-05
2019-01-11,128049,buy,rebalance,95.0,1.3297159267766437e-05,0.0012632301304378115,1.2632301304378115e-06
2019-01-11,123013,buy,rebalance,95.439,3.987144401428828e-06,0.0003805290745279659,3.805290745279659e-07
2019-01-11,113524,buy,rebalance,96.76,0.0005245912741718362,0.05075945168886687,5.075945168886687e-05
2019-01-11,128039,buy,rebalance,99.5,4.266052238536195e-06,0.0004244721977343514,4.2447219773435143e-07
2019-01-11,113521,buy,rebalance,94.88,1.3407784885197713e-05,0.0012721306299075588,1.2721306299075589e-06
2019-01-11,123011,buy,rebalance,101.17,4.983711696893816e-06,0.0005042021123747473,5.042021123747474e-07
2019-01-11,123014,buy,rebalance,101.005,6.862634833148428e-20,6.9316043132215686e-18,6.931604313221569e-21
2019-01-11,113016,buy,rebalance,100.24,1.0332781940248523e-05,0.001035758061690512,1.035758061690512e-06
2019-01-11,113514,buy,rebalance,93.49,1.213310183542894e-05,0.0011343236905942515,1.1343236905942515e-06
2019-01-11,128043,buy,rebalance,97.99,8.874007554865243e-06,0.0008695640003012451,8.695640003012451e-07
2019-01-11,113506,buy,rebalance,103.64,2.669584992718184e-05,0.002766757886453126,2.766757886453126e-06
2019-01-11,127008,buy,rebalance,135.48,0.00037466380047879297,0.05075945168886687,5.075945168886687e-05
2019-01-11,128034,buy,rebalance,100.3,0.0005060762880245949,0.05075945168886687,5.075945168886687e-05
2019-01-11,113516,buy,rebalance,104.82,2.1663548296410674e-05,0.0022707731324297666,2.2707731324297666e-06
2019-01-22,128041,sell,rebalance,118.34,0.00044378407356654887,0.052517407265865394,5.251740726586539e-05
2019-01-22,123014,sell,rebalance,103.001,0.0005030724482876718,0.051816965246078484,5.181696524607849e-05
2019-01-22,113506,sell,rebalance,118.56,0.0004902539848584989,0.058124512444823626,5.812451244482363e-05
2019-01-22,113516,sell,rebalance,107.78,0.00048473997892466993,0.05224527492850092,5.224527492850092e-05
2019-01-22,127008,sell,rebalance,131.06,0.00037466380047879297,0.04910343769075061,4.910343769075061e-05
2019-01-22,128038,sell,rebalance_resize,93.98,8.20302250747409e-06,0.0007709200552524151,7.709200552524151e-07
2019-01-22,123012,sell,rebalance_resize,100.2,4.117432130844918e-06,0.0004125666995106608,4.125666995106608e-07
2019-01-22,123013,sell,rebalance_resize,97.41,2.2800719151833325e-06,0.0002221018052580084,2.221018052580084e-07
2019-01-22,123004,buy,rebalance,94.48,0.000546018669483805,0.051587843892829895,5.1587843892829896e-05
2019-01-22,128052,buy,rebalance,106.0,0.00048667777257386694,0.051587843892829895,5.1587843892829896e-05
2019-01-22,128049,buy,rebalance,94.828,9.694108632409728e-06,0.0009192729333941497,9.192729333941497e-07
2019-01-22,128050,buy,rebalance,97.5,7.955497382192586e-06,0.0007756609947637771,7.75660994763777e-07
2019-01-22,123015,buy,rebalance,98.36,1.121599367176367e-05,0.0011032051375546746,1.1032051375546746e-06
2019-01-22,113524,buy,rebalance,97.5,5.041664483680382e-06,0.0004915622871588373,4.915622871588373e-07
2019-01-22,123011,buy,rebalance,102.388,2.1042521981076904e-06,0.00021545017405985022,2.1545017405985022e-07
2019-01-22,128039,buy,rebalance,100.367,3.8277128517275665e-06,0.00038417605578934067,3.8417605578934066e-07
2019-01-22,113521,buy,rebalance,95.75,3.7799705870385603e-06,0.00036193218370894213,3.6193218370894216e-07
2019-01-22,113016,buy,rebalance,99.8,1.0520472619296032e-05,0.001049943167405744,1.0499431674057441e-06
2019-01-22,128043,buy,rebalance,98.99,3.1208715672121567e-06,0.0003089350764383314,3.089350764383314e-07
2019-01-22,113514,buy,rebalance,94.62,2.2584891577907823e-06,0.00021369824411016384,2.1369824411016386e-07
2019-01-22,110050,buy,rebalance,104.55,0.0004934274882145375,0.051587843892829895,5.1587843892829896e-05
2019-01-22,113520,buy,rebalance,111.3,5.818019955143497e-06,0.0006475456210074713,6.475456210074713e-07
2019-01-22,113523,buy,rebalance,100.58,0.0005129035980595536,0.051587843892829895,5.1587843892829896e-05
2019-01-22,123013,buy,rebalance,97.41,7.116235670944604e-20,6.931925167067138e-18,6.931925167067138e-21
2019-01-22,128034,buy,rebalance,101.5,2.6865844404253843e-06,0.0002726883207031765,2.726883207031765e-07
2019-01-22,113519,buy,rebalance,103.0,0.0005008528533284455,0.051587843892829895,5.1587843892829896e-05
2019-01-31,113521,sell,rebalance,93.37,0.0005393142750643455,0.05035577386275794,5.035577386275794e-05
2019-01-31,128034,sell,rebalance,102.75,0.0005087628724650203,0.05227538514578084,5.227538514578084e-05
2019-01-31,110050,sell,rebalance,109.5,0.0004934274882145375,0.05403030995949186,5.403030995949186e-05
2019-01-31,113523,sell,rebalance,99.05,0.0005129035980595536,0.05080310138779878,5.0803101387798786e-05
2019-01-31,113519,sell,rebalance,101.02,0.0005008528533284455,0.050596155243239564,5.0596155243239563e-05
2019-01-31,113524,sell,rebalance_resize,98.47,1.2642031211147253e-05,0.00124486081336167,1.2448608133616701e-06
2019-01-31,128049,sell,rebalance_resize,94.51,5.899051209979215e-06,0.0005575193298551356,5.575193298551356e-07
2019-01-31,113016,sell,rebalance_resize,99.0,3.1981660726872994e-06,0.00031661844119604265,3.1661844119604265e-07
2019-01-31,123011,sell,rebalance_resize,101.98,5.154140396214626e-06,0.0005256192376059676,5.256192376059676e-07
2019-01-31,128043,sell,rebalance_resize,97.88,1.5555252665511175e-06,0.00015225481309002337,1.5225481309002337e-07
2019-01-31,113520,sell,rebalance_resize,110.33,2.546145002986666e-06,0.00028091617817951886,2.8091617817951885e-07
2019-01-31,123018,buy,rebalance,97.031,0.0005241277263997999,0.050856637420298986,5.0856637420298987e-05
2019-01-31,128038,buy,rebalance,88.585,2.5179796685583875e-05,0.0022305522893924473,2.2305522893924472e-06
2019-01-31,123012,buy,rebalance,98.02,3.993995475656558e-06,0.0003914914365238558,3.914914365238558e-07
2019-01-31,128049,buy,rebalance,94.51,7.334546778935089e-20,6.9318801607715525e-18,6.931880160771553e-21
2019-01-31,128039,buy,rebalance,97.002,1.0299514484602867e-05,0.0009990735040354473,9.990735040354474e-07
2019-01-31,123013,buy,rebalance,95.81,1.2156860734150358e-06,0.00011647488269389458,1.1647488269389458e-07
2019-01-31,128041,buy,rebalance,106.377,0.00047807925980521154,0.050856637420298986,5.0856637420298987e-05
2019-01-31,123011,buy,rebalance,101.98,6.79729374462792e-20,6.9318801607715525e-18,6.931880160771553e-21
2019-01-31,123004,buy,rebalance,91.4,1.0951591560215446e-05,0.0010009754686036917,1.0009754686036918e-06
2019-01-31,123015,buy,rebalance,95.888,5.910171067264952e-06,0.0005667144832979018,5.667144832979017e-07
2019-01-31,128052,buy,rebalance,103.859,3.484163520769762e-06,0.0003618617391036267,3.6186173910362675e-07
2019-01-31,127008,buy,rebalance,123.6,0.0004114614678017718,0.050856637420298986,5.0856637420298987e-05
2019-01-31,128050,buy,rebalance,94.881,6.909775299135811e-06,0.0006556063901573049,6.556063901573049e-07
2019-01-31,128025,buy,rebalance,96.1,0.0005292053841862538,0.050856637420298986,5.0856637420298987e-05
2019-01-31,113514,buy,rebalance,93.26,1.1603949713625052e-07,1.0821843502926723e-05,1.0821843502926724e-08
2019-01-31,113506,buy,rebalance,112.61,0.00045161741781634833,0.050856637420298986,5.0856637420298987e-05
2019-02-12,128050,sell,rebalance,96.498,0.0005365397846479768,0.051775016138960475,5.177501613896047e-05
2019-02-12,128041,sell,rebalance,114.79,0.00047807925980521154,0.05487871823304023,5.4878718233040234e-05
2019-02-12,113506,sell,rebalance,119.0,0.00045161741781634833,0.05374247272014545,5.374247272014545e-05
2019-02-12,123018,sell,rebalance_resize,99.49,4.781345797841629e-07,4.756960934272636e-05,4.756960934272636e-08
2019-02-12,123004,sell,rebalance_resize,94.099,3.3204040830180516e-06,0.00031244670380791567,3.1244670380791567e-07
2019-02-12,123015,sell,rebalance_resize,98.6,2.529823740218857e-06,0.00024944062078557927,2.494406207855793e-07
2019-02-12,113520,sell,rebalance_resize,114.6,6.810171845257877e-06,0.0007804456934665527,7.804456934665527e-07
2019-02-12,127008,sell,rebalance_resize,128.2,5.081609064069984e-06,0.0006514622820137719,6.514622820137719e-07
2019-02-12,123018,buy,rebalance,99.49,6.967408524861989e-20,6.931874741385192e-18,6.931874741385191e-21
2019-02-12,128038,buy,rebalance,90.302,2.272034551482527e-06,0.00020516926406797517,2.0516926406797517e-07
2019-02-12,113507,buy,rebalance,102.59,0.000507312577518312,0.05204519732760363,5.204519732760363e-05
2019-02-12,123012,buy,rebalance,100.0,1.6170217747312596e-06,0.00016170217747312596,1.6170217747312596e-07
2019-02-12,128049,buy,rebalance,95.95,4.311870621460638e-06,0.00041372398612914824,4.1372398612914826e-07
2019-02-12,113016,buy,rebalance,100.25,5.451081386518798e-06,0.0005464709089985095,5.464709089985094e-07
2019-02-12,123001,buy,rebalance,100.333,0.0005187246202904691,0.05204519732760363,5.204519732760363e-05
2019-02-12,128039,buy,rebalance,98.7,3.033363151533793e-06,0.00029939294305638537,2.9939294305638536e-07
2019-02-12,113524,buy,rebalance,98.01,1.4551320456139164e-05,0.0014261749179061995,1.4261749179061994e-06
2019-02-12,123013,buy,rebalance,97.405,3.5119608154000844e-06,0.00034208254322404524,3.4208254322404526e-07
2019-02-12,128052,buy,rebalance,105.85,2.022108824683078e-06,0.00021404021909270384,2.1404021909270384e-07
2019-02-12,123011,buy,rebalance,102.15,1.080589376575815e-05,0.0011038220481721951,1.103822048172195e-06
2019-02-12,128043,buy,rebalance,98.67,7.88619237484621e-06,0.0007781306016260756,7.781306016260756e-07
2019-02-12,128025,buy,rebalance,97.999,2.4088042976422178e-06,0.00023606041236463968,2.3606041236463969e-07
2019-02-12,113514,buy,rebalance,94.98,2.6390756288801612e-06,0.0002506594032310377,2.506594032310377e-07
2019-02-12,113521,buy,rebalance,95.45,0.0005452613654018191,0.05204519732760363,5.204519732760363e-05
2019-02-21,123012,sell,rebalance,133.0,0.0005209773415180443,0.06928998642189989,6.928998642189988e-05
2019-02-21,113520,sell,rebalance,117.16,0.00045460643883222835,0.05326169037358387,5.326169037358387e-05
2019-02-21,123015,sell,rebalance,114.11,0.0005283762463506427,0.060293013471071834,6.029301347107183e-05
2019-02-21,127008,sell,rebalance,135.98,0.0004063798587377018,0.055259533191152684,5.525953319115268e-05
2019-02-21,123018,sell,rebalance_resize,107.0,2.4537920864566554e-06,0.0002625557532508621,2.6255575325086214e-07
2019-02-21,123004,sell,rebalance_resize,102.7,1.0631837764402281e-05,0.0010918897384041143,1.0918897384041143e-06
2019-02-21,113507,sell,rebalance_resize,111.21,5.847326448346829e-06,0.0006502811743206507,6.502811743206507e-07
2019-02-21,128038,buy,rebalance,96.02,3.863944424911497e-06,0.00037101594368000196,3.7101594368000196e-07
2019-02-21,123018,buy,rebalance,107.0,6.478414960670912e-20,6.931904007917877e-18,6.931904007917878e-21
2019-02-21,123001,buy,rebalance,105.01,1.2335701226378927e-05,0.0012953719857820513,1.2953719857820514e-06
2019-02-21,128049,buy,rebalance,101.74,5.17175605083961e-06,0.0005261744606124219,5.261744606124219e-07
2019-02-21,123013,buy,rebalance,104.0,1.37390624593522e-06,0.00014288624957726288,1.4288624957726288e-07
2019-02-21,113016,buy,rebalance,102.8,2.2792548591063108e-05,0.0023430739951612873,2.3430739951612872e-06
2019-02-21,128039,buy,rebalance,103.25,1.2275212176407427e-05,0.0012674156572140668,1.267415657214067e-06
2019-02-21,123011,buy,rebalance,104.888,2.1665885424878778e-05,0.0022724913904446854,2.2724913904446857e-06
2019-02-21,113524,buy,rebalance,101.25,1.9232951791322543e-05,0.0019473363688714076,1.9473363688714078e-06
2019-02-21,128052,buy,rebalance,110.49,1.2536326560127203e-05,0.0013851387216284546,1.3851387216284547e-06
2019-02-21,113521,buy,rebalance,100.8,7.98406163403862e-06,0.000804793412711093,8.04793412711093e-07
2019-02-21,113514,buy,rebalance,98.2,1.9370474884775478e-05,0.0019021806336849518,1.9021806336849518e-06
2019-02-21,128043,buy,rebalance,105.411,1.0579973865772721e-06,0.00011152456251649684,1.1152456251649684e-07
2019-02-21,128050,buy,rebalance,99.17,0.0005617805053616583,0.05571177271671566,5.571177271671566e-05
2019-02-21,113527,buy,rebalance,106.03,0.0005254340537273947,0.05571177271671566,5.571177271671566e-05
2019-02-21,128025,buy,rebalance,100.36,2.404063085743101e-05,0.002412717712851776,2.412717712851776e-06
2019-02-21,113526,buy,rebalance,106.5,0.0005231152367766728,0.05571177271671566,5.571177271671566e-05
2019-02-21,128036,buy,rebalance,94.16,0.000591671333015247,0.05571177271671566,5.571177271671566e-05
2019-03-01,128043,sell,rebalance,109.0,0.0005290514093777603,0.05766660362217588,5.766660362217588e-05
2019-03-01,128052,sell,rebalance,114.24,0.000504720371479447,0.05765925523781202,5.7659255237812024e-05
2019-03-01,128025,sell,rebalance,107.2,0.000555654819341327,0.05956619663339026,5.956619663339026e-05
2019-03-01,113521,sell,rebalance,112.26,0.0005532454270358577,0.06210733163904539,6.210733163904539e-05
2019-03-01,128038,sell,rebalance_resize,105.21,2.6730013941201156e-05,0.0028122647667537734,2.8122647667537734e-06
2019-03-01,123013,sell,rebalance_resize,109.5,3.874722872642624e-06,0.0004242821545543673,4.242821545543673e-07
2019-03-01,123001,sell,rebalance_resize,111.522,8.358223882594238e-06,0.0009321258438346747,9.321258438346747e-07
2019-03-01,123004,sell,rebalance_resize,109.013,8.285617259516842e-06,0.0009032399943117095,9.032399943117095e-07
2019-03-01,123018,sell,rebalance_resize,113.777,8.853381385674711e-06,0.0010073111739179116,1.0073111739179117e-06
2019-03-01,128036,sell,rebalance_resize,99.32,4.752451295882677e-06,0.0004720134627070674,4.720134627070674e-07
2019-03-01,128049,buy,rebalance,105.58,3.978852967099959e-06,0.00042008729626641367,4.2008729626641366e-07
2019-03-01,128039,buy,rebalance,106.6,6.7166675684604595e-06,0.000715996762797885,7.159967627978849e-07
2019-03-01,113514,buy,rebalance,100.78,1.0523175807303064e-05,0.001060525657860003,1.060525657860003e-06
2019-03-01,113526,buy,rebalance,110.65,3.702319745594193e-06,0.00040966167984999744,4.0966167984999744e-07
2019-03-01,128050,buy,rebalance,101.655,1.1644979426558027e-05,0.0011837703836067562,1.1837703836067562e-06
2019-03-01,113524,buy,rebalance,103.87,1.0423159562229837e-05,0.0010826535837288132,1.082653583728813e-06
2019-03-01,123011,buy,rebalance,109.6,1.99627911444522e-07,2.187921909431961e-05,2.187921909431961e-08
2019-03-01,113507,buy,rebalance,112.3,1.759756159307269e-05,0.001976206166902063,1.976206166902063e-06
2019-03-01,123018,buy,rebalance,113.777,6.092422280756256e-20,6.931775298376046e-18,6.931775298376045e-21
2019-03-01,113527,buy,rebalance,107.99,1.4349185449714644e-05,0.0015495685367146843,1.5495685367146842e-06
2019-03-01,123014,buy,rebalance,104.75,0.0005559234445254435,0.058232980814040214,5.8232980814040216e-05
2019-03-01,113016,buy,rebalance,104.3,1.641167163085952e-05,0.0017117373510986478,1.711737351098648e-06
2019-03-01,123015,buy,rebalance,113.7,0.0005121634196485507,0.058232980814040214,5.8232980814040216e-05
2019-03-01,128036,buy,rebalance,99.32,6.979234090189334e-20,6.931775298376046e-18,6.931775298376045e-21
2019-03-01,127003,buy,rebalance,98.16,0.0005932455258154056,0.058232980814040214,5.8232980814040216e-05
2019-03-01,127007,buy,rebalance,110.012,0.0005293329892560831,0.058232980814040214,5.8232980814040216e-05
2019-03-12,128039,sell,rebalance,125.993,0.0005468297189262728,0.06889671677667789,6.889671677667789e-05
2019-03-12,123013,sell,rebalance,134.8,0.0005323541856837192,0.07176134423016536,7.176134423016536e-05
2019-03-12,123011,sell,rebalance,114.161,0.0005318682560533174,0.060718611979302776,6.0718611979302775e-05
2019-03-12,128038,sell,rebalance,133.515,0.0005540612425849944,0.07397548680373552,7.397548680373551e-05
2019-03-12,123004,sell,rebalance,119.85,0.0005347324019370832,0.06408767837215942,6.408767837215943e-05
2019-03-12,113507,sell,rebalance,125.5,0.0005190628126630379,0.06514238298921125,6.514238298921125e-05
2019-03-12,123001,sell,rebalance,137.0,0.0005227020976342539,0.07161018737589278,7.161018737589278e-05
2019-03-12,123014,sell,rebalance,122.963,0.0005559234445254435,0.06835801450918211,6.83580145091821e-05
2019-03-12,123015,sell,rebalance,139.001,0.0005121634196485507,0.07119122749456819,7.119122749456819e-05
2019-03-12,127003,sell,rebalance,103.38,0.0005932455258154056,0.06132972245879663,6.132972245879663e-05
2019-03-12,128036,sell,rebalance_resize,117.6,3.5759490676972626e-05,0.004205316103611981,4.205316103611981e-06
2019-03-12,123018,buy,rebalance,116.509,4.393386962962476e-05,0.0051186912166779515,5.118691216677952e-06
2019-03-12,128053,buy,rebalance,119.386,0.000542368390800123,0.06475119270406349,6.475119270406349e-05
2019-03-12,113012,buy,rebalance,111.01,0.0005832915296285333,0.06475119270406349,6.475119270406349e-05
2019-03-12,113527,buy,rebalance,110.5,4.674298110107459e-05,0.005165099411668742,5.165099411668742e-06
2019-03-12,113526,buy,rebalance,112.01,5.179602110996853e-05,0.005801672324527575,5.801672324527575e-06
2019-03-12,128049,buy,rebalance,111.2,3.0734394672092724e-05,0.003417664687536711,3.4176646875367112e-06
2019-03-12,113521,buy,rebalance,119.26,0.0005429414112364874,0.06475119270406349,6.475119270406349e-05
2019-03-12,113514,buy,rebalance,108.52,1.885121759675726e-05,0.0020457341336000976,2.0457341336000976e-06
2019-03-12,113524,buy,rebalance,110.4,2.588018920535772e-05,0.0028571728882714927,2.8571728882714925e-06
2019-03-12,113016,buy,rebalance,110.87,2.5711365238231747e-05,0.002850619063962754,2.850619063962754e-06
2019-03-12,110047,buy,rebalance,116.88,0.0005539971997267581,0.06475119270406349,6.475119270406349e-05
2019-03-12,128052,buy,rebalance,119.966,0.0005397462006240392,0.06475119270406349,6.475119270406349e-05
2019-03-12,127007,buy,rebalance,116.988,2.4684847566831223e-05,0.002887830947148451,2.887830947148451e-06
2019-03-12,113523,buy,rebalance,110.97,0.0005835017815992024,0.06475119270406349,6.475119270406349e-05
2019-03-12,128050,buy,rebalance,109.09,2.070845350879799e-05,0.0022590851932747726,2.2590851932747725e-06
2019-03-12,128034,buy,rebalance,115.601,0.0005601265793900008,0.06475119270406349,6.475119270406349e-05
2019-03-12,128025,buy,rebalance,109.99,0.0005887007246482724,0.06475119270406349,6.475119270406349e-05
2019-03-12,128048,buy,rebalance,117.505,0.0005510505315013275,0.06475119270406349,6.475119270406349e-05
2019-03-12,128043,buy,rebalance,112.299,0.0005765963428353189,0.06475119270406349,6.475119270406349e-05
2019-03-21,128049,sell,rebalance,132.0,0.0005828498703547376,0.07693618288682535,7.693618288682535e-05
2019-03-21,128050,sell,rebalance,114.89,0.0005941339382970144,0.06826004817094398,6.826004817094399e-05
2019-03-21,127007,sell,rebalance,127.01,0.0005540178368229143,0.07036580545487835,7.036580545487835e-05
2019-03-21,128025,sell,rebalance,111.226,0.0005887007246482724,0.06547882679972875,6.547882679972875e-05
2019-03-21,128048,sell,rebalance,120.15,0.0005510505315013275,0.06620872135988451,6.62087213598845e-05
2019-03-21,128043,sell,rebalance,117.69,0.0005765963428353189,0.06785962358828868,6.785962358828867e-05
2019-03-21,113527,sell,rebalance_resize,115.12,6.804140438765721e-06,0.0007832926473107099,7.832926473107099e-07
2019-03-21,113012,sell,rebalance_resize,119.1,2.2942194354697604e-05,0.0027324153476444846,2.7324153476444847e-06
2019-03-21,123018,buy,rebalance,118.655,6.16834366284623e-06,0.0007319048173150194,7.319048173150194e-07
2019-03-21,128053,buy,rebalance,119.1,1.7962830485245943e-05,0.0021393731107927916,2.139373110792792e-06
2019-03-21,128036,buy,rebalance,117.0,1.9228106491201592e-05,0.0022496884594705863,2.2496884594705865e-06
2019-03-21,113521,buy,rebalance,115.31,3.578935134458179e-05,0.004126870103543726,4.1268701035437264e-06
2019-03-21,113528,buy,rebalance,111.58,0.0005975118697137381,0.0666703744226589,6.66703744226589e-05
2019-03-21,113526,buy,rebalance,114.8,2.7217076445855707e-06,0.0003124520375984235,3.1245203759842354e-07
2019-03-21,128033,buy,rebalance,107.615,0.0006195267799345714,0.0666703744226589,6.66703744226589e-05
2019-03-21,113514,buy,rebalance,109.83,1.0377531939844777e-05,0.0011397643329531517,1.1397643329531519e-06
2019-03-21,113524,buy,rebalance,110.69,1.5829041965395e-05,0.0017521166551495726,1.7521166551495726e-06
2019-03-21,128052,buy,rebalance,123.5,6.386276909019e-07,7.887051982638465e-05,7.887051982638465e-08
2019-03-21,110047,buy,rebalance,119.27,5.547854103910711e-06,0.0006616925589734304,6.616925589734304e-07
2019-03-21,113016,buy,rebalance,108.9,2.8215547842279083e-05,0.0030726731600241924,3.0726731600241924e-06
2019-03-21,113523,buy,rebalance,112.9,7.611940378282186e-06,0.0008593880687080589,8.593880687080589e-07
2019-03-21,128034,buy,rebalance,118.001,5.436076610403712e-06,0.0006414624761042485,6.414624761042484e-07
2019-03-21,123012,buy,rebalance,119.52,0.0005578177244198369,0.0666703744226589,6.66703744226589e-05
2019-03-21,113515,buy,rebalance,117.0,0.0005698322600227256,0.0666703744226589,6.66703744226589e-05
2019-03-21,123011,buy,rebalance,114.95,0.0005799945578308734,0.0666703744226589,6.66703744226589e-05
2019-03-21,128039,buy,rebalance,119.71,0.0005569323734246003,0.0666703744226589,6.66703744226589e-05
2019-04-11,113016,sell,rebalance,110.48,0.0006128053930328618,0.06770273982227057,6.770273982227057e-05
2019-04-11,128036,sell,rebalance,121.368,0.0005703874975335934,0.06922678980065716,6.922678980065716e-05
2019-04-11,113012,sell,rebalance,113.34,0.0005603493352738357,0.06350999365993655,6.350999365993655e-05
2019-04-11,110047,sell,rebalance,126.5,0.0005595450538306688,0.07078244930957961,7.078244930957961e-05
2019-04-11,128052,sell,rebalance,152.3,0.0005403848283149411,0.08230060935236554,8.230060935236554e-05
2019-04-11,113523,sell,rebalance,119.62,0.0005911137219774846,0.07070902342294672,7.070902342294672e-05
2019-04-11,128034,sell,rebalance,118.0,0.0005655626560004045,0.06673639340804774,6.673639340804774e-05
2019-04-11,123012,sell,rebalance,128.7,0.0005578177244198369,0.071791141132833,7.1791141132833e-05
2019-04-11,113515,sell,rebalance,127.9,0.0005698322600227256,0.07288154605690661,7.288154605690661e-05
2019-04-11,128033,sell,rebalance_resize,114.551,2.004549706166041e-05,0.0022962317339102617,2.2962317339102618e-06
2019-04-11,113521,buy,rebalance,116.5,1.0721429988671772e-05,0.0012490465936802614,1.2490465936802614e-06
2019-04-11,128049,buy,rebalance,119.883,0.0005728183348295825,0.06867118043437483,6.867118043437483e-05
2019-04-11,128057,buy,rebalance,112.9,0.000608247833785428,0.06867118043437483,6.867118043437483e-05
2019-04-11,128056,buy,rebalance,111.698,0.0006147932857739157,0.06867118043437483,6.867118043437483e-05
2019-04-11,123018,buy,rebalance,116.72,2.5896530408777674e-05,0.00302264302931253,3.02264302931253e-06
2019-04-11,113514,buy,rebalance,111.0,1.1025153395464966e-05,0.0012237920268966113,1.2237920268966114e-06
2019-04-11,113528,buy,rebalance,110.01,2.6714840897795615e-05,0.0029388996471664958,2.938899647166496e-06
2019-04-11,128053,buy,rebalance,122.55,2.1128240333340747e-08,2.5892658528509083e-06,2.589265852850908e-09
2019-04-11,113527,buy,rebalance,117.59,4.266188162748924e-06,0.0005016610660576459,5.016610660576459e-07
2019-04-11,123011,buy,rebalance,110.654,4.0599188751941705e-05,0.004492462632157357,4.492462632157357e-06
2019-04-11,128050,buy,rebalance,110.0,0.0006242834584943166,0.06867118043437483,6.867118043437483e-05
2019-04-11,113524,buy,rebalance,110.31,1.962148799577229e-05,0.0021644463408136416,2.1644463408136416e-06
2019-04-11,113526,buy,rebalance,116.49,8.16750839108885e-06,0.0009514330524779402,9.514330524779402e-07
2019-04-11,123019,buy,rebalance,110.5,0.0006214586464649306,0.06867118043437483,6.867118043437483e-05
2019-04-11,128039,buy,rebalance,118.43,2.2913784089330517e-05,0.002713679449699413,2.713679449699413e-06
2019-04-11,113519,buy,rebalance,119.43,0.0005749910444140904,0.06867118043437483,6.867118043437483e-05
2019-04-11,128044,buy,rebalance,116.36,0.00059016139940164,0.06867118043437483,6.867118043437483e-05
2019-04-11,110052,buy,rebalance,124.88,0.0005498973449261277,0.06867118043437483,6.867118043437483e-05
2019-04-23,113526,sell,rebalance,113.82,0.0005895027936679099,0.0670972079752815,6.70972079752815e-05
2019-04-23,128039,sell,rebalance,120.197,0.0005798461575139308,0.06969576859470195,6.969576859470195e-05
2019-04-23,113519,sell,rebalance,118.5,0.0005749910444140904,0.06813643876306971,6.813643876306971e-05
2019-04-23,110052,sell,rebalance,125.0,0.0005498973449261277,0.06873716811576597,6.873716811576597e-05
2019-04-23,123018,sell,rebalance_resize,116.2,6.281590867912354e-06,0.0007299208588514156,7.299208588514156e-07
2019-04-23,113524,sell,rebalance_resize,109.38,4.177237509470025e-06,0.00045690623878583136,4.5690623878583137e-07
2019-04-23,113528,sell,rebalance_resize,109.2,4.855628457157714e-06,0.0005302346275216224,5.302346275216224e-07
2019-04-23,113514,sell,rebalance_resize,110.27,5.298240558505406e-06,0.0005842369863863911,5.842369863863911e-07
2019-04-23,128056,sell,rebalance_resize,110.53,2.87505387978871e-06,0.0003177797053330461,3.177797053330461e-07
2019-04-23,128057,sell,rebalance_resize,112.789,8.585436111383107e-06,0.0009683427535667893,9.683427535667894e-07
2019-04-23,123011,sell,rebalance_resize,112.2,1.778338855021396e-05,0.0019952961953340065,1.9952961953340063e-06
2019-04-23,113521,sell,rebalance_resize,116.61,9.439139047248446e-06,0.0011006980042996412,1.1006980042996411e-06
2019-04-23,128060,buy,rebalance,106.18,0.0006363388342589984,0.06756645742162046,6.756645742162046e-05
2019-04-23,128050,buy,rebalance,107.36,5.6969698974314695e-06,0.0006116266881882426,6.116266881882426e-07
2019-04-23,123023,buy,rebalance,109.7,0.0006159203046638145,0.06756645742162046,6.756645742162046e-05
2019-04-23,128053,buy,rebalance,120.21,2.2883775320194765e-06,0.00027508586312406126,2.7508586312406125e-07
2019-04-23,123019,buy,rebalance,108.59,1.3903110487622635e-06,0.0001509738767850942,1.509738767850942e-07
2019-04-23,113527,buy,rebalance,114.64,5.985761813030111e-06,0.0006862077342457719,6.862077342457719e-07
2019-04-23,110047,buy,rebalance,114.72,0.0005889684224339301,0.06756645742162046,6.756645742162046e-05
2019-04-23,128044,buy,rebalance,109.289,2.867606798240301e-05,0.0031339787937288426,3.1339787937288427e-06
2019-04-23,128049,buy,rebalance,114.311,1.8840622729919493e-05,0.0021536904248798273,2.1536904248798273e-06
2019-04-23,128033,buy,rebalance,107.85,2.761456055856513e-05,0.002978230356241249,2.978230356241249e-06
2019-04-23,123024,buy,rebalance,108.5,0.000622732326466548,0.06756645742162046,6.756645742162046e-05
2019-04-23,113505,buy,rebalance,112.49,0.0006006441232253574,0.06756645742162046,6.756645742162046e-05
2019-05-06,113528,sell,rebalance,101.43,0.0006193710821543759,0.06282280886291836,6.282280886291835e-05
2019-05-06,128033,sell,rebalance,100.8,0.0006270958434314761,0.06321126101789279,6.32112610178928e-05
2019-05-06,128056,sell,rebalance,101.603,0.000611918231894127,0.06217272811513898,6.217272811513898e-05
2019-05-06,128050,sell,rebalance,101.991,0.0006299804283917481,0.06425233387210279,6.425233387210278e-05
2019-05-06,123019,sell,rebalance,101.45,0.0006228489575136929,0.06318802673976415,6.318802673976415e-05
2019-05-06,128044,sell,rebalance,101.95,0.0006188374673840429,0.06309047979980317,6.309047979980318e-05
2019-05-06,110047,sell,rebalance,108.5,0.0005889684224339301,0.06390307383408142,6.390307383408141e-05
2019-05-06,123024,sell,rebalance,99.54,0.000622732326466548,0.061986775776480194,6.198677577648019e-05
2019-05-06,113505,sell,rebalance,102.76,0.0006006441232253574,0.061722190102637735,6.172219010263774e-05
2019-05-06,113524,sell,rebalance_resize,103.98,1.7184583967337252e-05,0.0017868530409237274,1.7868530409237274e-06
2019-05-06,113514,sell,rebalance_resize,102.01,5.841649023273429e-07,5.959066168641225e-05,5.959066168641225e-08
2019-05-06,128060,sell,rebalance_resize,100.0,1.124514128485743e-05,0.001124514128485743,1.124514128485743e-06
2019-05-06,128062,buy,rebalance,103.2,0.0006051026761228144,0.06244659617587445,6.244659617587445e-05
2019-05-06,128057,buy,rebalance,104.003,1.37051497687376e-06,0.00014253766913980165,1.4253766913980167e-07
2019-05-06,123018,buy,rebalance,107.06,1.8109164606712424e-06,0.0001938767162794632,1.938767162794632e-07
2019-05-06,128053,buy,rebalance,110.0,5.620616549090614e-06,0.0006182678203999675,6.182678203999675e-07
2019-05-06,123023,buy,rebalance,101.3,1.1502991152343707e-06,0.00011652530037324174,1.1652530037324174e-07
2019-05-06,128049,buy,rebalance,105.51,7.899620944894549e-07,8.334890058958239e-05,8.334890058958239e-08
2019-05-06,128063,buy,rebalance,103.0,0.00060627763277548,0.06244659617587445,6.244659617587445e-05
2019-05-06,123004,buy,rebalance,103.9,0.0006010259497196771,0.06244659617587445,6.244659617587445e-05
2019-05-06,113526,buy,rebalance,110.04,0.0005674899688829011,0.06244659617587445,6.244659617587445e-05
2019-05-06,113521,buy,rebalance,106.0,9.68823868792336e-06,0.0010269533009198762,1.0269533009198762e-06
2019-05-06,123020,buy,rebalance,107.6,0.0005803587005192793,0.06244659617587445,6.244659617587445e-05
2019-05-06,113527,buy,rebalance,100.95,2.920779636504625e-05,0.002948527043051419,2.948527043051419e-06
2019-05-06,123011,buy,rebalance,101.98,1.0136593941522488e-05,0.0010337298501564634,1.0337298501564635e-06
2019-05-06,123013,buy,rebalance,109.51,0.0005702364731611217,0.06244659617587445,6.244659617587445e-05
2019-05-06,127007,buy,rebalance,109.0,0.0005729045520722427,0.06244659617587445,6.244659617587445e-05
2019-05-06,128055,buy,rebalance,110.11,0.000567129199671914,0.06244659617587445,6.244659617587445e-05
2019-05-06,113532,buy,rebalance,101.39,0.000615904883872911,0.06244659617587445,6.244659617587445e-05
2019-05-13,113524,sell,rebalance,101.13,0.0006011672369437786,0.06079604267212433,6.079604267212433e-05
2019-05-13,123011,sell,rebalance,100.5,0.0006129469519741236,0.061601168673399424,6.160116867339942e-05
2019-05-13,128063,sell,rebalance,103.598,0.00060627763277548,0.06280915020027418,6.280915020027418e-05
2019-05-13,123004,sell,rebalance,103.48,0.0006010259497196771,0.06219416527699219,6.219416527699219e-05
2019-05-13,123020,sell,rebalance,110.29,0.0005803587005192793,0.06400776108027131,6.400776108027131e-05
2019-05-13,127007,sell,rebalance,109.7,0.0005729045520722427,0.06284762936232502,6.284762936232502e-05
2019-05-13,123018,sell,rebalance_resize,109.0,8.070853986086669e-06,0.0008797230844834469,8.797230844834469e-07
2019-05-13,128062,sell,rebalance_resize,106.29,1.4622291623023322e-05,0.001554203376611149,1.5542033766111491e-06
2019-05-13,113527,sell,rebalance_resize,101.55,1.139875727434076e-06,0.00011575438012093042,1.1575438012093042e-07
2019-05-13,113526,sell,rebalance_resize,112.8,1.1087840616209718e-05,0.0012507084215084563,1.2507084215084564e-06
2019-05-13,128057,sell,rebalance_resize,106.999,1.4465187078877839e-05,0.0015477605522528498,1.5477605522528498e-06
2019-05-13,128055,sell,rebalance_resize,116.001,2.608075984395743e-05,0.003025394222658906,3.025394222658906e-06
2019-05-13,128053,buy,rebalance,110.11,1.7319828665862095e-06,0.00019070863343980752,1.9070863343980752e-07
2019-05-13,113514,buy,rebalance,101.03,8.437503493238681e-06,0.000852440977921904,8.524409779219041e-07
2019-05-13,128064,buy,rebalance,99.9,0.0006276084798419115,0.06269808713620696,6.269808713620696e-05
2019-05-13,128049,buy,rebalance,103.35,1.4813736340545553e-05,0.0015309996507953828,1.5309996507953828e-06
2019-05-13,128050,buy,rebalance,104.4,0.0006005563901935533,0.06269808713620696,6.269808713620696e-05
2019-05-13,113521,buy,rebalance,104.5,1.0882419930914035e-05,0.0011372128827805167,1.1372128827805167e-06
2019-05-13,123013,buy,rebalance,109.0,5.557481148956433e-06,0.0006057654452362512,6.057654452362511e-07
2019-05-13,113025,buy,rebalance,97.62,0.0006422668217189813,0.06269808713620696,6.269808713620696e-05
2019-05-13,128056,buy,rebalance,101.0,0.0006207731399624452,0.06269808713620696,6.269808713620696e-05
2019-05-13,110047,buy,rebalance,108.97,0.0005753701673507108,0.06269808713620696,6.269808713620696e-05
2019-05-13,128060,buy,rebalance,98.95,9.178484309209931e-06,0.0009082110223963228,9.082110223963228e-07
2019-05-13,113532,buy,rebalance,101.68,1.3455120437761135e-06,0.00013681166461115523,1.3681166461115523e-07
2019-05-13,123023,buy,rebalance,101.2,3.105669767007512e-06,0.0003142937804211602,3.1429378042116023e-07
2019-05-13,110058,buy,rebalance,97.0,0.0006463720323320305,0.06269808713620696,6.269808713620696e-05
2019-05-21,113521,sell,rebalance,102.53,0.00060058371214133,0.06157784800585056,6.157784800585057e-05
2019-05-21,128060,sell,rebalance,98.99,0.0006342721772833509,0.0627866028292789,6.27866028292789e-05
2019-05-21,123023,sell,rebalance,99.751,0.0006201762735460563,0.06186320346249267,6.186320346249266e-05
2019-05-21,128055,sell,rebalance,115.829,0.0005410484398279565,0.06266909973683238,6.266909973683238e-05
2019-05-21,113532,sell,rebalance,100.52,0.0006172503959166871,0.06204600979754538,6.204600979754538e-05
2019-05-21,128050,sell,rebalance,103.5,0.0006005563901935533,0.06215758638503276,6.215758638503277e-05
2019-05-21,110047,sell,rebalance,108.25,0.0005753701673507108,0.06228382061571445,6.228382061571445e-05
2019-05-21,110058,sell,rebalance,98.5,0.0006463720323320305,0.063667645184705,6.3667645184705e-05
2019-05-21,123018,sell,rebalance_resize,110.498,1.2582065829681739e-05,0.0013902931100481727,1.3902931100481727e-06
2019-05-21,128049,sell,rebalance_resize,104.35,1.0861939083650345e-05,0.0011334433433789134,1.1334433433789134e-06
2019-05-21,128057,sell,rebalance_resize,107.863,9.591238642778541e-06,0.0010345397737260217,1.0345397737260218e-06
2019-05-21,128064,sell,rebalance_resize,100.35,7.434939137865574e-06,0.0007460961424848103,7.460961424848103e-07
2019-05-21,113514,sell,rebalance_resize,100.32,8.553819262177895e-07,8.581191483816863e-05,8.581191483816864e-08
2019-05-21,113025,sell,rebalance_resize,98.81,1.242758672605543e-05,0.0012279698444015372,1.2279698444015373e-06
2019-05-21,123018,buy,rebalance,110.498,6.273312364632549e-20,6.931884696671675e-18,6.931884696671675e-21
2019-05-21,127013,buy,rebalance,100.411,0.00061917070599721,0.062171549759885855,6.217154975988586e-05
2019-05-21,128053,buy,rebalance,105.63,1.9160969274164043e-05,0.002023973184429948,2.023973184429948e-06
2019-05-21,113527,buy,rebalance,98.81,1.1785367711108466e-05,0.0011645121835346275,1.1645121835346276e-06
2019-05-21,113526,buy,rebalance,108.78,1.5694658833612878e-05,0.001707264987920409,1.707264987920409e-06
2019-05-21,128063,buy,rebalance,107.301,0.0005794125847837937,0.062171549759885855,6.217154975988586e-05
2019-05-21,128062,buy,rebalance,105.2,1.1003926586683288e-06,0.0001157613076919082,1.157613076919082e-07
2019-05-21,128056,buy,rebalance,99.847,2.5221035218299724e-06,0.0002518244703441572,2.518244703441572e-07
2019-05-21,123013,buy,rebalance,106.301,9.650937664160954e-06,0.0010259043246379736,1.0259043246379736e-06
2019-05-21,113523,buy,rebalance,110.99,0.000560154516261698,0.062171549759885855,6.217154975988586e-05
2019-05-21,110052,buy,rebalance,113.2,0.0005492186374548221,0.062171549759885855,6.217154975988586e-05
2019-05-21,127007,buy,rebalance,110.755,0.0005613430523216637,0.062171549759885855,6.217154975988586e-05
2019-05-21,123012,buy,rebalance,110.0,0.0005651959069080532,0.062171549759885855,6.217154975988586e-05
2019-05-21,113533,buy,rebalance,117.53,0.0005289845125490161,0.062171549759885855,6.217154975988586e-05
2019-05-21,123011,buy,rebalance,98.82,0.0006291393418324818,0.062171549759885855,6.217154975988586e-05
2019-05-31,127013,sell,rebalance,99.21,0.00061917070599721,0.0614279257419832,6.14279257419832e-05
2019-05-31,110052,sell,rebalance,116.22,0.0005492186374548221,0.06383019004499942,6.383019004499942e-05
2019-05-31,127007,sell,rebalance,108.052,0.0005613430523216637,0.06065423948946041,6.065423948946041e-05
2019-05-31,113533,sell,rebalance,117.3,0.0005289845125490161,0.06204988332199958,6.204988332199959e-05
2019-05-31,123011,sell,rebalance,97.68,0.0006291393418324818,0.06145433091019683,6.145433091019683e-05
2019-05-31,128063,sell,rebalance_resize,107.1,4.6347849501517074e-07,4.9638546816124784e-05,4.963854681612479e-08
2019-05-31,113514,sell,rebalance_resize,100.21,1.6038921884040172e-06,0.00016072603619996656,1.6072603619996656e-07
2019-05-31,128053,sell,rebalance_resize,105.923,3.771996496897804e-06,0.0003995411849409061,3.995411849409061e-07
2019-05-31,113527,sell,rebalance_resize,99.52,6.7822088037069785e-06,0.0006749654201449184,6.749654201449185e-07
2019-05-31,128049,sell,rebalance_resize,104.06,5.382406132872989e-07,5.600931821867632e-05,5.600931821867632e-08
2019-05-31,128056,sell,rebalance_resize,100.001,3.2469511319169854e-06,0.0003246983601428305,3.246983601428305e-07
2019-05-31,113523,sell,rebalance_resize,111.0,1.546865058741461e-06,0.00017170202152030217,1.7170202152030217e-07
2019-05-31,113526,sell,rebalance_resize,113.0,2.337599698058598e-05,0.002641487658806216,2.641487658806216e-06
2019-05-31,123013,sell,rebalance_resize,106.009,5.374852113399386e-07,5.697826976893556e-05,5.697826976893556e-08
2019-05-31,128060,buy,rebalance,100.598,0.0006157439509904508,0.06194260998173736,6.194260998173736e-05
2019-05-31,123018,buy,rebalance,110.0,4.6786011846374986e-07,5.146461303101248e-05,5.146461303101248e-08
2019-05-31,128062,buy,rebalance,102.67,1.233628120825679e-05,0.0012665659916517246,1.2665659916517246e-06
2019-05-31,128057,buy,rebalance,106.1,7.421726446433024e-06,0.0007874451759665438,7.874451759665437e-07
2019-05-31,128049,buy,rebalance,104.06,6.661408509895409e-20,6.931861695397163e-18,6.931861695397163e-21
2019-05-31,128034,buy,rebalance,104.995,0.0005899577120980747,0.06194260998173736,6.194260998173736e-05
2019-05-31,113523,buy,rebalance,111.0,6.24492044630375e-20,6.931861695397163e-18,6.931861695397163e-21
2019-05-31,128039,buy,rebalance,111.0,0.0005580415313670032,0.06194260998173736,6.194260998173736e-05
2019-05-31,113025,buy,rebalance,98.35,6.17172794522435e-07,6.0698944341281477e-05,6.069894434128147e-08
2019-05-31,123012,buy,rebalance,108.767,4.875083000766068e-06,0.0005302481527443229,5.302481527443229e-07
2019-05-31,128064,buy,rebalance,98.503,9.294805066662884e-06,0.000915566183481494,9.155661834814941e-07
2019-05-31,123014,buy,rebalance,103.5,0.000598479323495047,0.06194260998173736,6.194260998173736e-05
2019-05-31,113528,buy,rebalance,98.55,0.0006285399287847526,0.06194260998173736,6.194260998173736e-05
2019-06-11,113514,sell,rebalance,99.5,0.0006187551071103501,0.06156613315747984,6.156613315747983e-05
2019-06-11,113527,sell,rebalance,97.08,0.0006230451093602108,0.060485219216689264,6.048521921668926e-05
2019-06-11,123013,sell,rebalance,102.8,0.0005849074067628991,0.06012848141522603,6.0128481415226034e-05
2019-06-11,128064,sell,rebalance,95.421,0.0006294683457707089,0.06006449902178682,6.0064499021786824e-05
2019-06-11,128056,sell,rebalance,97.74,0.0006200482923523582,0.06060352009451949,6.060352009451949e-05
2019-06-11,128039,sell,rebalance,105.659,0.0005580415313670032,0.0589621101627062,5.89621101627062e-05
2019-06-11,123014,sell,rebalance,100.997,0.000598479323495047,0.06044461623502926,6.044461623502926e-05
2019-06-11,113528,sell,rebalance,96.65,0.0006285399287847526,0.06074838411704634,6.074838411704634e-05
2019-06-11,128060,sell,rebalance_resize,100.421,1.4553520582370232e-05,0.0014614790904022013,1.4614790904022014e-06
2019-06-11,123018,sell,rebalance_resize,107.99,4.6323284723227615e-06,0.000500245151726135,5.00245151726135e-07
2019-06-11,113523,sell,rebalance_resize,109.0,4.7347685239670645e-06,0.00051608976911241,5.1608976911241e-07
2019-06-11,128034,sell,rebalance_resize,103.29,5.466045799208875e-06,0.0005645878706002846,5.645878706002846e-07
2019-06-11,113025,sell,rebalance_resize,97.14,8.960173362804991e-06,0.0008703912404628768,8.703912404628769e-07
2019-06-11,128049,sell,rebalance_resize,101.397,4.588232111188792e-07,4.6523297137820996e-05,4.6523297137821e-08
2019-06-11,128053,sell,rebalance_resize,103.93,4.48992734640382e-06,0.00046663814911174906,4.6663814911174907e-07
2019-06-11,113535,buy,rebalance,100.82,0.0005982075400973044,0.06031128419261022,6.031128419261022e-05
2019-06-11,128057,buy,rebalance,102.6,4.020188065749089e-06,0.0004124712955458565,4.124712955458565e-07
2019-06-11,113526,buy,rebalance,107.35,1.3651500423942353e-05,0.0014654885705102116,1.4654885705102116e-06
2019-06-11,113505,buy,rebalance,102.8,0.0005866856438969866,0.06031128419261022,6.031128419261022e-05
2019-06-11,128053,buy,rebalance,103.93,6.669776711146746e-20,6.9318989358948145e-18,6.931898935894815e-21
2019-06-11,123012,buy,rebalance,103.4,1.3784966357776325e-05,0.001425365521394072,1.425365521394072e-06
2019-06-11,123015,buy,rebalance,104.623,0.0005764629593168827,0.06031128419261022,6.031128419261022e-05
2019-06-11,127007,buy,rebalance,106.801,0.0005647071112874431,0.06031128419261022,6.031128419261022e-05
2019-06-11,128063,buy,rebalance,103.599,3.795393518763566e-06,0.0003931989731503867,3.931989731503867e-07
2019-06-11,128062,buy,rebalance,99.523,2.6952175429633195e-06,0.00026823613552833843,2.682361355283384e-07
2019-06-11,128038,buy,rebalance,107.7,0.0005599933536918312,0.06031128419261022,6.031128419261022e-05
2019-06-11,128025,buy,rebalance,104.122,0.0005792367049481399,0.06031128419261022,6.031128419261022e-05
2019-06-11,113525,buy,rebalance,103.52,0.0005826051409641637,0.06031128419261022,6.031128419261022e-05
2019-06-11,110052,buy,rebalance,110.51,0.000545754087346034,0.06031128419261022,6.031128419261022e-05
2019-06-21,113526,sell,rebalance,118.0,0.0005623722905436607,0.06635993028415196,6.635993028415196e-05
2019-06-21,128063,sell,rebalance,103.2,0.0005827444998075422,0.06013923238013836,6.013923238013836e-05
2019-06-21,113523,sell,rebalance,123.79,0.0005538728826789895,0.06856392414683211,6.856392414683211e-05
2019-06-21,128034,sell,rebalance,107.573,0.0005844916662988658,0.0628755220187679,6.287552201876789e-05
2019-06-21,123015,sell,rebalance,110.6,0.0005764629593168827,0.06375680330044722,6.375680330044723e-05
2019-06-21,127007,sell,rebalance,110.4,0.0005647071112874431,0.062343665086133725,6.234366508613373e-05
2019-06-21,128038,sell,rebalance,116.8,0.0005599933536918312,0.06540722371120589,6.540722371120588e-05
2019-06-21,128025,sell,rebalance,110.279,0.0005792367049481399,0.06387764458497591,6.387764458497592e-05
2019-06-21,113525,sell,rebalance,107.3,0.0005826051409641637,0.06251353162545475,6.251353162545476e-05
2019-06-21,128057,sell,rebalance_resize,106.68,1.3958956938587036e-06,0.0001489141526208465,1.489141526208465e-07
2019-06-21,110052,sell,rebalance_resize,116.05,6.128400890605812e-06,0.0007112009233548044,7.112009233548044e-07
2019-06-21,128060,buy,rebalance,103.799,2.1230910043953836e-06,0.00022037472316523645,2.2037472316523645e-07
2019-06-21,128062,buy,rebalance,102.7,3.156334345294367e-06,0.0003241555372617315,3.241555372617315e-07
2019-06-21,123018,buy,rebalance,107.79,2.1902430002329023e-05,0.0023608629299510455,2.3608629299510454e-06
2019-06-21,113527,buy,rebalance,98.3,0.000636428347033925,0.06256090651343482,6.256090651343482e-05
2019-06-21,127003,buy,rebalance,102.71,0.0006091023903557085,0.06256090651343482,6.256090651343482e-05
2019-06-21,113025,buy,rebalance,98.37,1.5101033081325241e-05,0.001485488624209964,1.485488624209964e-06
2019-06-21,128053,buy,rebalance,105.889,1.0504722376477288e-05,0.0011123345477228035,1.1123345477228035e-06
2019-06-21,123023,buy,rebalance,100.682,0.0006213713127811805,0.06256090651343482,6.256090651343482e-05
2019-06-21,128049,buy,rebalance,103.0,1.2579485649544698e-05,0.001295687021903104,1.295687021903104e-06
2019-06-21,113505,buy,rebalance,103.78,1.6723709859247598e-05,0.0017355866091927157,1.7355866091927156e-06
2019-06-21,128056,buy,rebalance,98.447,0.0006354780390812805,0.06256090651343482,6.256090651343482e-05
2019-06-21,128066,buy,rebalance,97.45,0.0006419795434934307,0.06256090651343482,6.256090651343482e-05
2019-06-21,113521,buy,rebalance,100.71,0.0006211985553910717,0.06256090651343482,6.256090651343482e-05
2019-06-21,113514,buy,rebalance,100.84,0.0006203977242506428,0.06256090651343482,6.256090651343482e-05
2019-06-21,123012,buy,rebalance,106.3,5.259763063423915e-06,0.0005591128136419621,5.591128136419621e-07
2019-06-21,113535,buy,rebalance,98.99,3.438314824361121e-05,0.003403587844635074,3.4035878446350742e-06
2019-06-21,128064,buy,rebalance,96.8,0.0006462903565437482,0.06256090651343482,6.256090651343482e-05
2019-06-21,128044,buy,rebalance,100.5,0.000622496582223232,0.06256090651343482,6.256090651343482e-05
2019-07-11,128062,sell,rebalance,100.123,0.0006097686102549738,0.061051862564558745,6.105186256455874e-05
2019-07-11,113535,sell,rebalance,100.37,0.0006325906883409156,0.0634931273887777,6.34931273887777e-05
2019-07-11,110052,sell,rebalance,116.5,0.0005396256864554282,0.06286639247205739,6.28663924720574e-05
2019-07-11,113527,sell,rebalance,99.7,0.000636428347033925,0.06345190619928233,6.345190619928233e-05
2019-07-11,127003,sell,rebalance,102.511,0.0006091023903557085,0.062439695137754034,6.243969513775403e-05
2019-07-11,123023,sell,rebalance,100.26,0.0006213713127811805,0.06229868781944116,6.229868781944117e-05
2019-07-11,128056,sell,rebalance,100.108,0.0006354780390812805,0.06361643553634883,6.361643553634883e-05
2019-07-11,128066,sell,rebalance,99.01,0.0006419795434934307,0.06356239460128457,6.356239460128458e-05
2019-07-11,128064,sell,rebalance,97.601,0.0006462903565437482,0.06307858508902636,6.307858508902636e-05
2019-07-11,128044,sell,rebalance,99.6,0.000622496582223232,0.062000659589433904,6.200065958943391e-05
2019-07-11,128060,sell,rebalance_resize,106.089,9.447506798030442e-06,0.0010022765486962515,1.0022765486962515e-06
2019-07-11,128049,sell,rebalance_resize,104.36,4.278159582787271e-06,0.00044646873405967957,4.4646873405967957e-07
2019-07-11,113505,sell,rebalance_resize,106.57,1.2223732808200902e-05,0.00130268320536997,1.30268320536997e-06
2019-07-11,128053,sell,rebalance_resize,106.6,3.77848272934455e-07,4.02786258948129e-05,4.02786258948129e-08
2019-07-11,113521,sell,rebalance_resize,103.75,1.3944081902571477e-05,0.0014466984973917907,1.4466984973917906e-06
2019-07-11,123018,sell,rebalance_resize,110.339,9.963843629770875e-06,0.0010994005422652886,1.0994005422652887e-06
2019-07-11,113025,sell,rebalance_resize,99.2,1.4898922596792115e-06,0.00014779731216017777,1.4779731216017777e-07
2019-07-11,113027,buy,rebalance,102.55,0.0006137412601745927,0.06293916623090448,6.293916623090448e-05
2019-07-11,113536,buy,rebalance,103.0,0.000611059866319461,0.06293916623090448,6.293916623090448e-05
2019-07-11,113537,buy,rebalance,100.18,0.0006282607928818575,0.06293916623090448,6.293916623090448e-05
2019-07-11,123026,buy,rebalance,113.9,0.0005525826710351578,0.06293916623090448,6.293916623090448e-05
2019-07-11,128053,buy,rebalance,106.6,1.300544435737639e-19,1.386380368496323e-17,1.386380368496323e-20
2019-07-11,128050,buy,rebalance,102.2,0.0006158431138053276,0.06293916623090448,6.293916623090448e-05
2019-07-11,113532,buy,rebalance,105.88,0.0005944386685956222,0.06293916623090448,6.293916623090448e-05
2019-07-11,113521,buy,rebalance,103.75,1.336270234695251e-19,1.386380368496323e-17,1.386380368496323e-20
2019-07-11,123012,buy,rebalance,106.6,1.901608565814269e-06,0.00020271147311580107,2.0271147311580107e-07
2019-07-11,123027,buy,rebalance,108.45,0.0005803519246740846,0.06293916623090448,6.293916623090448e-05
2019-07-11,123024,buy,rebalance,99.222,0.0006343267242235037,0.06293916623090448,6.293916623090448e-05
2019-07-11,123014,buy,rebalance,106.3,0.0005920899927648587,0.06293916623090448,6.293916623090448e-05
2019-07-11,128057,buy,rebalance,104.4,1.6434591594197074e-05,0.0017157713624341747,1.7157713624341747e-06
2019-07-11,113514,buy,rebalance,100.31,7.674005031951904e-06,0.0007697794447550954,7.697794447550955e-07
2019-07-11,128038,buy,rebalance,109.0,0.0005774235434027934,0.06293916623090448,6.293916623090448e-05
2019-07-23,123018,sell,rebalance,119.6,0.0005709916858448229,0.06829060562704081,6.829060562704081e-05
2019-07-23,128049,sell,rebalance,101.074,0.0006037049791532379,0.061018877062934365,6.101887706293437e-05
2019-07-23,128057,sell,rebalance,103.35,0.0006034570973417827,0.06236729101027324,6.236729101027325e-05
2019-07-23,113521,sell,rebalance,102.3,0.0006072544734885002,0.06212213263787358,6.212213263787358e-05
2019-07-23,128050,sell,rebalance,100.499,0.0006158431138053276,0.061891617094321616,6.189161709432161e-05
2019-07-23,113532,sell,rebalance,102.97,0.0005944386685956222,0.06120934970529122,6.120934970529122e-05
2019-07-23,123014,sell,rebalance,105.2,0.0005920899927648587,0.062287867238863134,6.228786723886314e-05
2019-07-23,128060,sell,rebalance_resize,106.68,8.318719649930465e-06,0.0008874410122545821,8.874410122545821e-07
2019-07-23,123024,sell,rebalance_resize,100.3,1.153325037689884e-05,0.0011567850128029536,1.1567850128029537e-06
2019-07-23,113505,sell,rebalance_resize,106.77,6.131903360560707e-06,0.0006547033218070666,6.547033218070667e-07
2019-07-23,113537,sell,rebalance_resize,100.02,3.7238460030885454e-06,0.0003724590772289163,3.724590772289163e-07
2019-07-23,113025,sell,rebalance_resize,99.57,7.747875127634429e-06,0.00077145592645856,7.714559264585601e-07
2019-07-23,123012,sell,rebalance_resize,107.578,1.035784894275369e-05,0.0011142766735635565,1.1142766735635565e-06
2019-07-23,113536,sell,rebalance_resize,102.6,2.2276496838425077e-06,0.00022855685756224128,2.285568575622413e-07
2019-07-23,113514,sell,rebalance_resize,99.56,6.492159558122881e-07,6.46359405606714e-05,6.46359405606714e-08
2019-07-23,113027,buy,rebalance,99.22,1.5815257286052198e-05,0.001569189827922099,1.5691898279220991e-06
2019-07-23,123028,buy,rebalance,102.653,0.0006079027765055546,0.0624030437166247,6.24030437166247e-05
2019-07-23,123026,buy,rebalance,105.11,4.166862564348733e-05,0.004379789241386953,4.379789241386954e-06
2019-07-23,128053,buy,rebalance,104.995,3.921168777262514e-06,0.00041170311576867766,4.1170311576867767e-07
2019-07-23,123027,buy,rebalance,107.2,2.3526484374602065e-06,0.00025220391249573414,2.5220391249573413e-07
2019-07-23,128038,buy,rebalance,107.98,1.0731058030471746e-06,0.0001158739646130339,1.1587396461303391e-07
2019-07-23,128069,buy,rebalance,100.5,0.000620925808125619,0.0624030437166247,6.24030437166247e-05
2019-07-23,128025,buy,rebalance,110.501,0.000564728316636272,0.0624030437166247,6.24030437166247e-05
2019-07-23,128034,buy,rebalance,105.75,0.0005900997041761202,0.0624030437166247,6.24030437166247e-05
2019-07-23,123020,buy,rebalance,105.777,0.000589949078879385,0.0624030437166247,6.24030437166247e-05
2019-07-23,128064,buy,rebalance,99.601,0.0006265302930354586,0.0624030437166247,6.24030437166247e-05
2019-07-23,128039,buy,rebalance,103.8,0.0006011853922603536,0.0624030437166247,6.24030437166247e-05
2019-07-31,123012,sell,rebalance,108.007,0.0005806594789530802,0.06271528834328534,6.271528834328534e-05
2019-07-31,113505,sell,rebalance,103.91,0.0005850537175874727,0.06079293179451429,6.079293179451429e-05
2019-07-31,128034,sell,rebalance,108.5,0.0005900997041761202,0.06402581790310903,6.402581790310903e-05
2019-07-31,128039,sell,rebalance,105.2,0.0006011853922603536,0.0632447032657892,6.32447032657892e-05
2019-07-31,128060,sell,rebalance_resize,110.79,1.2651077764131217e-05,0.0014016129054880977,1.4016129054880976e-06
2019-07-31,123024,sell,rebalance_resize,103.7,1.0728171015066462e-05,0.0011125113342623921,1.1125113342623921e-06
2019-07-31,123026,sell,rebalance_resize,111.16,2.3261984843178078e-05,0.002585802235167675,2.5858022351676753e-06
2019-07-31,123027,sell,rebalance_resize,109.8,4.642898215091918e-06,0.0005097902240170926,5.097902240170927e-07
2019-07-31,113514,sell,rebalance_resize,101.6,2.706254432781177e-06,0.00027495545037056757,2.749554503705676e-07
2019-07-31,128053,sell,rebalance_resize,106.96,1.5300566733375848e-06,0.00016365486178018807,1.6365486178018806e-07
2019-07-31,128064,sell,rebalance_resize,102.517,7.402032321327967e-06,0.0007588341474855792,7.588341474855792e-07
2019-07-31,123020,sell,rebalance_resize,110.337,1.4700776826306559e-05,0.0016220396126841868,1.6220396126841868e-06
2019-07-31,113539,buy,rebalance,110.1,0.000575891918085724,0.06340570018123821,6.340570018123822e-05
2019-07-31,128070,buy,rebalance,100.179,0.0006329240677311434,0.06340570018123821,6.340570018123822e-05
2019-07-31,113027,buy,rebalance,99.99,5.213295928458672e-06,0.0005212774598865826,5.212774598865826e-07
2019-07-31,123028,buy,rebalance,104.02,2.2772591085912566e-06,0.00023688049247566249,2.368804924756625e-07
2019-07-31,113536,buy,rebalance,103.05,7.086442761319156e-06,0.000730257926553939,7.302579265539391e-07
2019-07-31,113537,buy,rebalance,100.85,4.820216680955265e-06,0.0004861188522743384,4.861188522743384e-07
2019-07-31,113524,buy,rebalance,103.59,0.0006120832144148877,0.06340570018123821,6.340570018123822e-05
2019-07-31,113025,buy,rebalance,100.8,2.3124365367585333e-06,0.00023309360290526017,2.3309360290526018e-07
2019-07-31,128049,buy,rebalance,100.657,0.0006299184376768453,0.06340570018123821,6.340570018123822e-05
2019-07-31,128025,buy,rebalance,110.0,1.2269667568575072e-05,0.001349663432543258,1.349663432543258e-06
2019-07-31,128038,buy,rebalance,108.79,4.926629326677765e-06,0.000535968004449274,5.35968004449274e-07
2019-07-31,128069,buy,rebalance,100.65,9.6769358742441e-06,0.0009739835957426688,9.739835957426688e-07
2019-07-31,123020,buy,rebalance,110.337,1.2564663354486305e-19,1.3863472605439556e-17,1.3863472605439557e-20
2019-08-13,113025,sell,rebalance,100.35,0.0006296719366554134,0.06318757884337073,6.318757884337073e-05
2019-08-13,113537,sell,rebalance,99.95,0.0006293571635597242,0.06290424849779444,6.290424849779444e-05
2019-08-13,128069,sell,rebalance,100.21,0.0006306027439998631,0.06319270097622627,6.319270097622627e-05
2019-08-13,128064,sell,rebalance,99.51,0.0006191282607141306,0.06160945322366313,6.160945322366313e-05
2019-08-13,113524,sell,rebalance,99.94,0.0006120832144148877,0.061171596448623876,6.117159644862388e-05
2019-08-13,113539,sell,rebalance_resize,109.35,3.2061976789219506e-06,0.00035059771619011526,3.505977161901153e-07
2019-08-13,128060,sell,rebalance_resize,112.0,1.3760649999635527e-05,0.001541192799959179,1.541192799959179e-06
2019-08-13,113027,sell,rebalance_resize,101.8,1.9610839651541723e-05,0.0019963834765269473,1.9963834765269475e-06
2019-08-13,123024,sell,rebalance_resize,105.9,2.072268218485465e-05,0.0021945320433761073,2.1945320433761074e-06
2019-08-13,113536,sell,rebalance_resize,102.34,4.0055899569943225e-06,0.00040993207619879896,4.09932076198799e-07
2019-08-13,128070,sell,rebalance_resize,99.002,3.794370521287436e-07,3.7565027034849874e-05,3.756502703484987e-08
2019-08-13,123028,sell,rebalance_resize,102.8,1.0050985860932872e-06,0.00010332413465038992,1.0332413465038992e-07
2019-08-13,123026,buy,rebalance,108.711,5.057475118734387e-06,0.0005498031776327339,5.498031776327339e-07
2019-08-13,113514,buy,rebalance,99.29,5.9875041061848795e-06,0.0005944992827030967,5.944992827030967e-07
2019-08-13,123012,buy,rebalance,103.002,0.0006073602402488069,0.0625593194661076,6.25593194661076e-05
2019-08-13,123027,buy,rebalance,108.2,7.100912052600988e-07,7.683186840914269e-05,7.683186840914269e-08
2019-08-13,128053,buy,rebalance,104.24,7.341774070503745e-06,0.0007653065291093103,7.653065291093103e-07
2019-08-13,128039,buy,rebalance,103.2,0.0006061949560669341,0.0625593194661076,6.25593194661076e-05
2019-08-13,128038,buy,rebalance,105.0,1.2974747798364967e-05,0.0013623485188283214,1.3623485188283215e-06
2019-08-13,113507,buy,rebalance,116.49,0.0005370359641695218,0.0625593194661076,6.25593194661076e-05
2019-08-13,128025,buy,rebalance,106.571,1.0610550630520585e-05,0.0011307769912452092,1.1307769912452092e-06
2019-08-13,128057,buy,rebalance,101.266,0.0006177721986264649,0.0625593194661076,6.25593194661076e-05
2019-08-13,123020,buy,rebalance,107.5,7.285502604265013e-06,0.0007831915299584889,7.831915299584889e-07
2019-08-13,128049,buy,rebalance,99.41,3.0063234205423315e-08,2.9885861123611313e-06,2.9885861123611314e-09
2019-08-13,113540,buy,rebalance,100.8,0.000620628169306623,0.0625593194661076,6.25593194661076e-05
2019-08-21,128038,sell,rebalance,110.15,0.0005963980263308834,0.06569324260034681,6.569324260034682e-05
2019-08-21,123020,sell,rebalance,114.333,0.0005825338046573436,0.06660283748788806,6.660283748788806e-05
2019-08-21,128039,sell,rebalance,104.105,0.0006061949560669341,0.06310792590134817,6.310792590134818e-05
2019-08-21,113507,sell,rebalance,116.75,0.0005370359641695218,0.06269894881679168,6.269894881679168e-05
2019-08-21,128060,sell,rebalance_resize,121.0,2.607918087258816e-05,0.0031555808855831674,3.1555808855831673e-06
2019-08-21,128053,sell,rebalance_resize,108.75,7.650313830900516e-06,0.0008319716291104311,8.319716291104311e-07
2019-08-21,113540,sell,rebalance_resize,106.49,1.4939158641702572e-05,0.0015908710037549068,1.5908710037549067e-06
2019-08-21,123024,sell,rebalance_resize,118.7,4.795742481090135e-05,0.00569254632505399,5.69254632505399e-06
2019-08-21,113539,buy,rebalance,111.18,7.445240915425931e-06,0.0008277618849770551,8.277618849770551e-07
2019-08-21,113027,buy,rebalance,102.93,1.1466820321679645e-05,0.001180279815710486,1.180279815710486e-06
2019-08-21,113541,buy,rebalance,100.7,0.0006398479514273797,0.06443268870873714,6.443268870873714e-05
2019-08-21,123026,buy,rebalance,110.49,7.706815356839476e-06,0.0008515260287771938,8.515260287771938e-07
2019-08-21,128070,buy,rebalance,100.25,1.0833834351207347e-05,0.0010860918937085366,1.0860918937085367e-06
2019-08-21,113514,buy,rebalance,100.83,8.975695328697438e-06,0.0009050193599925626,9.050193599925627e-07
2019-08-21,113536,buy,rebalance,103.75,9.761798010327092e-06,0.0010127865435714358,1.0127865435714358e-06
2019-08-21,123028,buy,rebalance,103.226,1.5649618513711367e-05,0.0016154475206963696,1.6154475206963695e-06
2019-08-21,123027,buy,rebalance,110.4,5.460069784954237e-06,0.0006027917042589478,6.027917042589478e-07
2019-08-21,128049,buy,rebalance,100.6,1.1191158279840643e-05,0.0011258305229519686,1.1258305229519685e-06
2019-08-21,113527,buy,rebalance,95.84,0.0006722943312681254,0.06443268870873714,6.443268870873714e-05
2019-08-21,128069,buy,rebalance,104.8,0.0006148157319535986,0.06443268870873714,6.443268870873714e-05
2019-08-21,123019,buy,rebalance,105.71,0.0006095231171009095,0.06443268870873714,6.443268870873714e-05
2019-08-21,128057,buy,rebalance,104.0,2.4158875237442482e-06,0.00025125230246940183,2.5125230246940185e-07
2019-08-21,128025,buy,rebalance,107.57,1.1986884492223375e-05,0.0012894291648284683,1.2894291648284683e-06
2019-08-21,123012,buy,rebalance,105.609,3.377964314842833e-06,0.00035674343332623673,3.567434333262367e-07
2019-09-02,128060,sell,rebalance,126.71,0.0005330563863281601,0.06754357471164116,6.754357471164117e-05
2019-09-02,123028,sell,rebalance,103.84,0.0006248245555417639,0.06488178184745677,6.488178184745678e-05
2019-09-02,123012,sell,rebalance,105.7,0.0006107382045636498,0.06455502822237778,6.455502822237778e-05
2019-09-02,113540,sell,rebalance,114.51,0.0006056890106649204,0.06935744861124003,6.935744861124003e-05
2019-09-02,113527,sell,rebalance,94.57,0.0006722943312681254,0.06357887490802662,6.357887490802662e-05
2019-09-02,128069,sell,rebalance,104.691,0.0006148157319535986,0.06436567379395419,6.43656737939542e-05
2019-09-02,123019,sell,rebalance,108.011,0.0006095231171009095,0.06583520140118633,6.583520140118633e-05
2019-09-02,113539,sell,rebalance_resize,114.19,9.50682694189814e-06,0.0010855845684953486,1.0855845684953486e-06
2019-09-02,113541,sell,rebalance_resize,104.0,1.3313625418823273e-05,0.0013846170435576205,1.3846170435576206e-06
2019-09-02,113514,sell,rebalance_resize,102.0,8.601455358456245e-07,8.77348446562537e-05,8.773484465625369e-08
2019-09-02,128057,sell,rebalance_resize,109.2,2.3488728046822136e-05,0.0025649691027129773,2.5649691027129772e-06
2019-09-02,123024,buy,rebalance,112.88,3.382697095008383e-05,0.0038183884808454622,3.818388480845462e-06
2019-09-02,113027,buy,rebalance,102.93,6.415129968132849e-06,0.0006603093276199141,6.603093276199142e-07
2019-09-02,123026,buy,rebalance,110.003,8.581293298649348e-06,0.0009439680067313243,9.439680067313243e-07
2019-09-02,113536,buy,rebalance,103.71,6.604733074582473e-06,0.0006849768671649483,6.849768671649483e-07
2019-09-02,128070,buy,rebalance,100.8,3.04276324665899e-06,0.0003067105352632262,3.067105352632262e-07
2019-09-02,128039,buy,rebalance,105.771,0.0006154215989700795,0.06509375794466428,6.509375794466427e-05
2019-09-02,128068,buy,rebalance,131.8,0.0004938828372129308,0.06509375794466428,6.509375794466427e-05
2019-09-02,128056,buy,rebalance,101.101,0.0006438488041133547,0.06509375794466428,6.509375794466427e-05
2019-09-02,128049,buy,rebalance,101.308,2.041144290777257e-06,0.00020678424581006239,2.067842458100624e-07
2019-09-02,113025,buy,rebalance,107.06,0.0006080119367145926,0.06509375794466428,6.509375794466427e-05
2019-09-02,128053,buy,rebalance,108.5,7.43969125416202e-06,0.0008072065010765792,8.072065010765792e-07
2019-09-02,128025,buy,rebalance,107.6,5.9707550519084405e-06,0.0006424532435853482,6.424532435853482e-07
2019-09-02,128057,buy,rebalance,109.2,1.2695761055758966e-19,1.3863771072888793e-17,1.3863771072888794e-20
2019-09-02,128038,buy,rebalance,109.899,0.0005923052797993092,0.06509375794466428,6.509375794466427e-05
2019-09-02,123018,buy,rebalance,119.487,0.0005447769041373897,0.06509375794466428,6.509375794466427e-05
2019-09-02,123021,buy,rebalance,108.0,0.0006027199809691137,0.06509375794466428,6.509375794466427e-05
2019-09-02,123027,buy,rebalance,110.53,5.282138857091172e-06,0.0005838348078742872,5.838348078742872e-07
2019-09-11,123027,sell,rebalance,125.0,0.0005895139747437584,0.0736892468429698,7.36892468429698e-05
2019-09-11,128057,sell,rebalance,116.26,0.0005966993581033871,0.06937226737309979,6.937226737309979e-05
2019-09-11,128039,sell,rebalance,123.94,0.0006154215989700795,0.07627535297635164,7.627535297635165e-05
2019-09-11,128068,sell,rebalance,140.7,0.0004938828372129308,0.06948931519585935,6.948931519585936e-05
2019-09-11,113025,sell,rebalance,111.53,0.0006080119367145926,0.06781157130177852,6.781157130177853e-05
2019-09-11,128038,sell,rebalance,117.503,0.0005923052797993092,0.06959764729225823,6.959764729225824e-05
2019-09-11,123018,sell,rebalance,122.401,0.0005447769041373897,0.06668123784332064,6.668123784332063e-05
2019-09-11,123021,sell,rebalance,112.0,0.0006027199809691137,0.06750463786854073,6.750463786854074e-05
2019-09-11,113539,sell,rebalance_resize,123.99,1.7173893152264227e-05,0.0021293910119492415,2.1293910119492414e-06
2019-09-11,113027,buy,rebalance,107.82,3.4080331424146234e-06,0.0003674541334151447,3.674541334151447e-07
2019-09-11,113541,buy,rebalance,107.72,1.0498353512349063e-05,0.001130882640350241,1.130882640350241e-06
2019-09-11,113536,buy,rebalance,107.46,1.0294612716748727e-05,0.001106259082541818,1.106259082541818e-06
2019-09-11,113514,buy,rebalance,105.78,9.897311345992648e-06,0.0010469375941791024,1.0469375941791025e-06
2019-09-11,123026,buy,rebalance,114.523,6.8592129346297775e-06,0.000785537642912606,7.85537642912606e-07
2019-09-11,123028,buy,rebalance,106.56,0.0006433322251957258,0.06855348191685655,6.855348191685655e-05
2019-09-11,128053,buy,rebalance,111.2,1.6548851886107105e-05,0.0018402323297351101,1.84023232973511e-06
2019-09-11,123024,buy,rebalance,116.71,1.0749756333980723e-05,0.0012546040617388901,1.2546040617388902e-06
2019-09-11,128049,buy,rebalance,104.311,1.466697556599233e-05,0.001529926888264226,1.529926888264226e-06
2019-09-11,128056,buy,rebalance,102.901,2.3004960164631866e-05,0.0023672334059007837,2.367233405900784e-06
2019-09-11,128069,buy,rebalance,108.7,0.0006306668069628017,0.06855348191685655,6.855348191685655e-05
2019-09-11,113537,buy,rebalance,103.15,0.000664599921637,0.06855348191685655,6.855348191685655e-05
2019-09-11,128025,buy,rebalance,110.999,1.2645579234836899e-05,0.0014036466494876608,1.403646649487661e-06
2019-09-11,113521,buy,rebalance,106.5,0.000643694665885977,0.06855348191685655,6.855348191685655e-05
2019-09-11,123012,buy,rebalance,109.531,0.0006258820052483456,0.06855348191685655,6.855348191685655e-05
2019-09-11,128070,buy,rebalance,105.9,1.5686551907062874e-06,0.00016612058469579584,1.6612058469579583e-07
2019-09-11,128051,buy,rebalance,108.5,0.000631829326422641,0.06855348191685655,6.855348191685655e-05
2019-09-11,123023,buy,rebalance,101.999,0.0006720995491804484,0.06855348191685655,6.855348191685655e-05
2019-09-11,113535,buy,rebalance,105.0,0.0006528903039700624,0.06855348191685655,6.855348191685655e-05
2019-09-23,113514,sell,rebalance,126.0,0.0006487166241390306,0.08173829464151786,8.173829464151786e-05
2019-09-23,128070,sell,rebalance,103.8,0.0006479898834675872,0.06726134990393555,6.726134990393556e-05
2019-09-23,128056,sell,rebalance,102.479,0.0006668537642779866,0.06833850690944379,6.833850690944379e-05
2019-09-23,128069,sell,rebalance,107.528,0.0006306668069628017,0.06781434041909615,6.781434041909615e-05
2019-09-23,128051,sell,rebalance,108.39,0.000631829326422641,0.06848398069095006,6.848398069095007e-05
2019-09-23,123023,sell,rebalance,101.005,0.0006720995491804484,0.06788541496497119,6.788541496497119e-05
2019-09-23,113535,sell,rebalance,102.01,0.0006528903039700624,0.06660133990798607,6.660133990798607e-05
2019-09-23,113541,sell,rebalance_resize,108.15,5.441129566621523e-06,0.0005884581626301177,5.884581626301178e-07
2019-09-23,123028,sell,rebalance_resize,107.15,5.8462137393020104e-06,0.0006264218021662105,6.264218021662105e-07
2019-09-23,128025,sell,rebalance_resize,112.499,1.103634647688788e-05,0.0012415779423034096,1.2415779423034097e-06
2019-09-23,128049,sell,rebalance_resize,104.09,1.6211854502375582e-06,0.00016874919351522744,1.6874919351522744e-07
2019-09-23,113521,sell,rebalance_resize,107.47,8.106816927609032e-06,0.0008712396152101427,8.712396152101427e-07
2019-09-23,113539,buy,rebalance,117.0,3.0336523389845636e-05,0.0035493732366119394,3.5493732366119395e-06
2019-09-23,113027,buy,rebalance,105.06,1.370501216329935e-05,0.0014398485778762296,1.4398485778762296e-06
2019-09-23,123021,buy,rebalance,112.801,0.0006049405762311594,0.068237901939451,6.823790193945101e-05
2019-09-23,123011,buy,rebalance,102.997,0.0006625231991169744,0.068237901939451,6.823790193945101e-05
2019-09-23,123030,buy,rebalance,108.4,0.0006295009404008395,0.068237901939451,6.823790193945101e-05
2019-09-23,113536,buy,rebalance,106.09,5.275936769164298e-06,0.0005597241318406403,5.597241318406404e-07
2019-09-23,128073,buy,rebalance,109.2,0.0006248892118997345,0.068237901939451,6.823790193945101e-05
2019-09-23,123026,buy,rebalance,113.304,3.6637609969514864e-06,0.00041511877599859125,4.1511877599859126e-07
2019-09-23,123024,buy,rebalance,108.34,4.247919866691662e-05,0.004602196383573747,4.602196383573747e-06
2019-09-23,128066,buy,rebalance,108.201,0.0006306586994524174,0.068237901939451,6.823790193945101e-05
2019-09-23,113537,buy,rebalance,102.64,8.963125254419437e-07,9.19975176113611e-05,9.19975176113611e-08
2019-09-23,128039,buy,rebalance,111.8,0.0006103569046462523,0.068237901939451,6.823790193945101e-05
2019-09-23,123012,buy,rebalance,107.498,9.5306935545373e-06,0.0010245304957256507,1.0245304957256507e-06
2019-09-23,128053,buy,rebalance,108.6,1.1872139660353363e-05,0.001289314367114375,1.289314367114375e-06
2019-09-23,128057,buy,rebalance,112.111,0.0006086637523476823,0.068237901939451,6.823790193945101e-05
2019-10-08,113027,sell,rebalance,103.5,0.0006501539693330884,0.06729093582597465,6.729093582597464e-05
2019-10-08,123024,sell,rebalance,105.6,0.0006304411217867634,0.06657458246068221,6.657458246068221e-05
2019-10-08,128049,sell,rebalance,102.71,0.0006562265935974235,0.06740103342839136,6.740103342839136e-05
2019-10-08,113521,sell,rebalance,108.27,0.000635587848958368,0.0688150964067225,6.88150964067225e-05
2019-10-08,123021,sell,rebalance,110.77,0.0006049405762311594,0.06700926762912551,6.700926762912552e-05
2019-10-08,113539,sell,rebalance_resize,116.41,1.260265523792625e-06,0.00014670750962469947,1.4670750962469946e-07
2019-10-08,123011,sell,rebalance_resize,106.188,2.3920816931168598e-05,0.002540103708286931,2.540103708286931e-06
2019-10-08,123012,sell,rebalance_resize,111.701,2.832852086762403e-05,0.0031643241094344715,3.1643241094344716e-06
2019-10-08,128039,sell,rebalance_resize,112.12,5.541441218261376e-06,0.0006213063893914655,6.213063893914656e-07
2019-10-08,128025,sell,rebalance_resize,111.92,1.2791440964696836e-06,0.000143161807276887,1.4316180727688698e-07
2019-10-08,113536,sell,rebalance_resize,106.0,4.115152279196618e-06,0.0004362061415948415,4.3620614159484153e-07
2019-10-08,113537,sell,rebalance_resize,104.0,1.3458640320650115e-05,0.001399698593347612,1.399698593347612e-06
2019-10-08,123031,buy,rebalance,112.01,0.0006047898138001086,0.06774250704375016,6.774250704375017e-05
2019-10-08,128070,buy,rebalance,104.8,0.0006463979679747153,0.06774250704375016,6.774250704375017e-05
2019-10-08,128057,buy,rebalance,110.0,7.800163230487363e-06,0.0008580179553536098,8.580179553536098e-07
2019-10-08,113541,buy,rebalance,106.65,4.240109392536776e-06,0.00045220766671404724,4.5220766671404724e-07
2019-10-08,123030,buy,rebalance,107.088,3.730611826245718e-06,0.00039950375924900145,3.9950375924900146e-07
2019-10-08,128066,buy,rebalance,107.18,2.0310443170772526e-06,0.00021768732990433995,2.1768732990433995e-07
2019-10-08,128073,buy,rebalance,106.7,1.06379378073788e-05,0.001135067964047318,1.135067964047318e-06
2019-10-08,113534,buy,rebalance,104.52,0.0006481296119761784,0.06774250704375016,6.774250704375017e-05
2019-10-08,123026,buy,rebalance,109.553,1.611286868809218e-05,0.0017652131033865626,1.7652131033865626e-06
2019-10-08,128038,buy,rebalance,107.301,0.0006313315537017377,0.06774250704375016,6.774250704375017e-05
2019-10-08,128053,buy,rebalance,106.5,7.761094585367227e-06,0.0008265565733416097,8.265565733416097e-07
2019-10-08,113514,buy,rebalance,106.52,0.0006359604491527429,0.06774250704375016,6.774250704375017e-05
2019-10-08,123028,buy,rebalance,105.612,4.594553512287393e-06,0.0004852399855396962,4.852399855396962e-07
2019-10-11,128070,sell,rebalance,103.657,0.0006463979679747153,0.06700367416635507,6.700367416635507e-05
2019-10-11,113514,sell,rebalance,106.55,0.0006359604491527429,0.06776158585722475,6.776158585722476e-05
2019-10-11,123011,sell,rebalance_resize,111.3,2.0851248512446747e-05,0.002320743959435323,2.320743959435323e-06
2019-10-11,123031,sell,rebalance_resize,117.98,2.201560479989794e-05,0.002597401054291959,2.5974010542919593e-06
2019-10-11,113539,sell,rebalance_resize,118.2,8.369798230116369e-07,9.893101507997548e-05,9.893101507997549e-08
2019-10-11,128057,sell,rebalance_resize,114.46,1.5767592165231916e-05,0.001804758599232445,1.804758599232445e-06
2019-10-11,123012,sell,rebalance_resize,117.99,2.435936076562713e-05,0.002874160976736345,2.874160976736345e-06
2019-10-11,128039,sell,rebalance_resize,115.118,7.552644599963589e-06,0.0008694453410586084,8.694453410586084e-07
2019-10-11,128038,sell,rebalance_resize,109.53,3.5975887803020215e-06,0.0003940438991064804,3.940438991064804e-07
2019-10-11,123030,buy,rebalance,107.15,8.4364747346875e-06,0.0009039682678217657,9.039682678217658e-07
2019-10-11,123026,buy,rebalance,109.56,8.582110134002335e-06,0.0009402559862812959,9.402559862812959e-07
2019-10-11,113534,buy,rebalance,104.65,8.867075184854616e-06,0.0009279394180950355,9.279394180950355e-07
2019-10-11,113536,buy,rebalance,106.98,2.9585974795450325e-06,0.00031651075836172757,3.1651075836172755e-07
2019-10-11,128066,buy,rebalance,107.05,9.57647540582828e-06,0.0010251616921939173,1.0251616921939173e-06
2019-10-11,113541,buy,rebalance,107.31,4.88344311468429e-06,0.0005240422806367712,5.240422806367711e-07
2019-10-11,128057,buy,rebalance,114.46,1.2111550111914955e-19,1.3862880258097857e-17,1.3862880258097857e-20
2019-10-11,128073,buy,rebalance,107.231,5.659154733105694e-06,0.0006068368211856566,6.068368211856566e-07
2019-10-11,128025,buy,rebalance,112.49,5.314140927852605e-06,0.0005977877129741395,5.977877129741395e-07
2019-10-11,123028,buy,rebalance,105.1,1.2099584243281537e-05,0.0012716663039688894,1.2716663039688895e-06
2019-10-11,128053,buy,rebalance,107.4,3.456125103361564e-06,0.000371187836101032,3.71187836101032e-07
2019-10-11,123012,buy,rebalance,117.99,1.1749199303413728e-19,1.3862880258097857e-17,1.3862880258097857e-20
2019-10-11,113537,buy,rebalance,104.55,5.591029650957079e-06,0.0005845421500075625,5.845421500075625e-07
2019-10-11,113027,buy,rebalance,103.49,0.0006636568137476443,0.06868184365474371,6.868184365474371e-05
2019-10-11,113521,buy,rebalance,107.45,0.0006391981726825845,0.06868184365474371,6.868184365474371e-05
2019-10-22,113541,sell,rebalance,104.32,0.0006407151024615049,0.06683939948878419,6.683939948878419e-05
2019-10-22,113537,sell,rebalance,102.82,0.0006576286234927489,0.06761737506752444,6.761737506752444e-05
2019-10-22,123012,sell,rebalance,120.2,0.0005827248171696318,0.07004352302378974,7.004352302378974e-05
2019-10-22,128039,sell,rebalance,113.001,0.0005972628188280274,0.06749129579038593,6.749129579038593e-05
2019-10-22,113539,sell,rebalance_resize,122.35,2.3312146603116318e-05,0.0028522411368912814,2.8522411368912817e-06
2019-10-22,123026,sell,rebalance_resize,110.0,6.4849252185601346e-06,0.0007133417740416148,7.133417740416149e-07
2019-10-22,128066,sell,rebalance_resize,107.115,4.470657900723876e-06,0.0004788745210360379,4.788745210360379e-07
2019-10-22,128025,sell,rebalance_resize,113.376,8.636035972706412e-06,0.0009791192144415622,9.791192144415622e-07
2019-10-22,123028,sell,rebalance_resize,104.63,1.2367147674866705e-06,0.00012939746612213032,1.2939746612213032e-07
2019-10-22,128053,sell,rebalance_resize,106.81,5.629101869182684e-07,6.0124437064740244e-05,6.012443706474025e-08
2019-10-22,128038,sell,rebalance_resize,114.053,2.873638006239067e-05,0.003277470355255843,3.2774703552558434e-06
2019-10-22,123011,buy,rebalance,109.0,9.005381793527323e-06,0.000981586615494478,9.81586615494478e-07
2019-10-22,113530,buy,rebalance,106.69,0.0006396771424058225,0.0682471543232772,6.82471543232772e-05
2019-10-22,123030,buy,rebalance,106.43,2.322462526982553e-07,2.4717968674675314e-05,2.4717968674675315e-08
2019-10-22,123031,buy,rebalance,114.47,1.4026849703939177e-05,0.0016056534856099176,1.6056534856099176e-06
2019-10-22,113536,buy,rebalance,105.18,6.828476872479165e-06,0.0007182191974473586,7.182191974473586e-07
2019-10-22,113027,buy,rebalance,102.51,2.7872128096488247e-06,0.000285717185117101,2.8571718511710103e-07
2019-10-22,113514,buy,rebalance,107.91,0.0006324451331968974,0.0682471543232772,6.82471543232772e-05
2019-10-22,113534,buy,rebalance,103.58,2.5630542196883393e-06,0.00026548115607531817,2.654811560753182e-07
2019-10-22,123021,buy,rebalance,113.365,0.0006020125640477856,0.0682471543232772,6.82471543232772e-05
2019-10-22,128073,buy,rebalance,106.505,2.619168109495882e-07,2.7895449950185888e-05,2.789544995018589e-08
2019-10-22,113507,buy,rebalance,118.77,0.000574616101063208,0.0682471543232772,6.82471543232772e-05
2019-10-22,128057,buy,rebalance,109.5,2.318363947742059e-05,0.0025386085227775547,2.5386085227775546e-06
2019-10-22,113521,buy,rebalance,106.12,4.5727617833782735e-06,0.0004852614804521024,4.852614804521024e-07
2019-10-31,123028,sell,rebalance,103.59,0.0006529434344445061,0.0676384103741064,6.763841037410639e-05
2019-10-31,113521,sell,rebalance,105.66,0.0006437709344659627,0.06802083693567362,6.802083693567363e-05
2019-10-31,113514,sell,rebalance,103.72,0.0006324451331968974,0.06559720921518221,6.559720921518221e-05
2019-10-31,123021,sell,rebalance,112.005,0.0006020125640477856,0.06742841723617221,6.742841723617221e-05
2019-10-31,113507,sell,rebalance,126.89,0.000574616101063208,0.07291303706391046,7.291303706391046e-05
2019-10-31,123011,sell,rebalance_resize,109.0,9.7499522984137e-07,0.00010627448005270934,1.0627448005270935e-07
2019-10-31,123031,sell,rebalance_resize,115.8,7.766639828174863e-06,0.000899376892102649,8.99376892102649e-07
2019-10-31,128025,sell,rebalance_resize,113.396,1.0523945064261754e-06,0.00011933732745070258,1.1933732745070258e-07
2019-10-31,128057,sell,rebalance_resize,113.5,2.2909163719980532e-05,0.0026001900822177904,2.6001900822177903e-06
2019-10-31,128073,sell,rebalance_resize,106.586,1.4937647011724565e-06,0.00015921440443916746,1.5921440443916747e-07
2019-10-31,128038,sell,rebalance_resize,117.07,1.635313533450509e-05,0.0019144615536105108,1.914461553610511e-06
2019-10-31,113539,buy,rebalance,117.31,2.3051629886290624e-05,0.0027041867019607533,2.7041867019607533e-06
2019-10-31,128039,buy,rebalance,112.8,0.0006040860380713671,0.06814090509445021,6.814090509445022e-05
2019-10-31,123026,buy,rebalance,109.7,7.197289154336766e-07,7.895426202307432e-05,7.895426202307432e-08
2019-10-31,128066,buy,rebalance,106.03,5.5090865365722756e-06,0.0005841284454727583,5.841284454727583e-07
2019-10-31,113536,buy,rebalance,104.73,1.7717028799213216e-06,0.00018555044261416002,1.8555044261416e-07
2019-10-31,123030,buy,rebalance,106.0,1.5904277363327328e-06,0.00016858534005126968,1.6858534005126967e-07
2019-10-31,113540,buy,rebalance,116.01,0.0005873709602142074,0.06814090509445021,6.814090509445022e-05
2019-10-31,128053,buy,rebalance,105.61,6.2454664989913e-06,0.0006595837169584712,6.595837169584712e-07
2019-10-31,113025,buy,rebalance,109.02,0.0006250312336676776,0.06814090509445021,6.814090509445022e-05
2019-10-31,128073,buy,rebalance,106.586,1.3007048050610654e-19,1.3863692235223872e-17,1.3863692235223872e-20
2019-10-31,113530,buy,rebalance,105.7,5.635819147022312e-06,0.0005957060838402584,5.957060838402584e-07
2019-10-31,113534,buy,rebalance,103.13,1.8384253785515495e-06,0.0001895968092900213,1.895968092900213e-07
2019-10-31,113027,buy,rebalance,101.1,8.227980798797838e-06,0.0008318488587584613,8.318488587584614e-07
2019-10-31,123012,buy,rebalance,117.31,0.0005808618625390011,0.06814090509445021,6.814090509445022e-05
2019-10-31,123015,buy,rebalance,113.717,0.0005992147620360211,0.06814090509445021,6.814090509445022e-05
2019-11-12,128038,sell,rebalance,120.723,0.00058264444952454,0.07033858587995104,7.033858587995104e-05
2019-11-12,113027,sell,rebalance,100.82,0.000674672007356091,0.06802043178164109,6.80204317816411e-05
2019-11-12,113540,sell,rebalance,114.75,0.0005873709602142074,0.06740081768458031,6.740081768458031e-05
2019-11-12,113025,sell,rebalance,108.23,0.0006250312336676776,0.06764713041985275,6.764713041985274e-05
2019-11-12,123012,sell,rebalance,113.575,0.0005808618625390011,0.06597138603786705,6.597138603786705e-05
2019-11-12,123015,sell,rebalance,110.75,0.0005992147620360211,0.06636303489548934,6.636303489548933e-05
2019-11-12,113539,sell,rebalance_resize,122.27,2.3822707252879248e-05,0.0029128024158095456,2.9128024158095457e-06
2019-11-12,123011,sell,rebalance_resize,109.502,3.1579907444106064e-06,0.0003458063024944502,3.458063024944502e-07
2019-11-12,113534,sell,rebalance_resize,104.05,6.150480776548856e-06,0.0006399575247999084,6.399575247999085e-07
2019-11-12,123031,sell,rebalance_resize,122.0,3.0194076855463145e-05,0.0036836773763665037,3.6836773763665036e-06
2019-11-12,128066,sell,rebalance_resize,106.501,3.1367458524815546e-06,0.00033406657003513807,3.340665700351381e-07
2019-11-12,113530,sell,rebalance_resize,107.0,8.130515510765969e-06,0.0008699651596519586,8.699651596519587e-07
2019-11-12,128076,buy,rebalance,103.301,0.0006593253331639469,0.06810896624116888,6.810896624116888e-05
2019-11-12,128050,buy,rebalance,104.24,0.0006533860921063785,0.06810896624116888,6.810896624116888e-05
2019-11-12,113536,buy,rebalance,104.26,2.6314269082389714e-06,0.0002743525694529952,2.743525694529952e-07
2019-11-12,128025,buy,rebalance,110.5,1.5462432302055937e-05,0.001708598769377181,1.7085987693771811e-06
2019-11-12,123026,buy,rebalance,108.436,6.949595120671352e-06,0.0007535862965051187,7.535862965051187e-07
2019-11-12,128066,buy,rebalance,106.501,1.3017370482963026e-19,1.3863629738060454e-17,1.3863629738060454e-20
2019-11-12,123030,buy,rebalance,104.699,7.687436047893083e-06,0.0008048668667783579,8.048668667783578e-07
2019-11-12,128039,buy,rebalance,112.374,2.62210448945907e-06,0.0002946563698984735,2.9465636989847355e-07
2019-11-12,128073,buy,rebalance,105.998,3.2479636558246082e-06,0.00034427765159009686,3.4427765159009684e-07
2019-11-12,113541,buy,rebalance,103.64,0.0006571687209684377,0.06810896624116888,6.810896624116888e-05
2019-11-12,123019,buy,rebalance,110.595,0.0006158412789110619,0.06810896624116888,6.810896624116888e-05
2019-11-12,128057,buy,rebalance,112.61,4.463961185007054e-06,0.0005026866690436444,5.026866690436444e-07
2019-11-12,128053,buy,rebalance,105.0,3.45345058933087e-06,0.00036261231187974133,3.6261231187974134e-07
2019-11-12,128077,buy,rebalance,112.0,0.0006081157700104365,0.06810896624116888,6.810896624116888e-05
2019-11-12,128075,buy,rebalance,103.9,0.0006555242179130787,0.06810896624116888,6.810896624116888e-05
2019-11-21,123031,sell,rebalance,130.41,0.0005588403420205117,0.07287836900289493,7.287836900289493e-05
2019-11-21,113534,sell,rebalance,101.84,0.000655247685982724,0.06673042434048061,6.673042434048062e-05
2019-11-21,128075,sell,rebalance,104.299,0.0006555242179130787,0.0683705204041162,6.83705204041162e-05
2019-11-21,128076,sell,rebalance_resize,104.745,8.408537542370047e-06,0.0008807522648755506,8.807522648755506e-07
2019-11-21,123011,sell,rebalance_resize,111.995,1.3843853994781054e-05,0.0015504424281455043,1.5504424281455044e-06
2019-11-21,113530,sell,rebalance_resize,108.89,1.1043408872622794e-05,0.001202516792139896,1.202516792139896e-06
2019-11-21,128050,sell,rebalance_resize,104.53,1.1304740313562497e-06,0.00011816845049766879,1.1816845049766879e-07
2019-11-21,113539,sell,rebalance_resize,124.71,1.0895688634879173e-05,0.0013588013296557816,1.3588013296557817e-06
2019-11-21,128066,buy,rebalance,106.22,1.7083354468357954e-06,0.00018145939116289819,1.814593911628982e-07
2019-11-21,113521,buy,rebalance,105.35,0.0006465166816679394,0.06811053241371741,6.811053241371741e-05
2019-11-21,113536,buy,rebalance,104.13,8.351045544682419e-07,8.695943725677802e-05,8.695943725677803e-08
2019-11-21,128025,buy,rebalance,109.497,5.677796051276825e-06,0.0006217016342266585,6.217016342266585e-07
2019-11-21,113541,buy,rebalance,102.89,5.4778199967844275e-06,0.0005636128994691498,5.636128994691498e-07
2019-11-21,123026,buy,rebalance,106.32,1.2524191733581812e-05,0.001331572065114418,1.3315720651144181e-06
2019-11-21,123030,buy,rebalance,103.16,9.729694729665968e-06,0.0010037153083123412,1.0037153083123414e-06
2019-11-21,123027,buy,rebalance,116.5,0.0005846397632078748,0.06811053241371741,6.811053241371741e-05
2019-11-21,128039,buy,rebalance,110.421,1.0738407608086104e-05,0.0011857457064924758,1.1857457064924759e-06
2019-11-21,128057,buy,rebalance,111.16,7.90978243041053e-06,0.0008792514149644345,8.792514149644345e-07
2019-11-21,128053,buy,rebalance,104.058,5.8924433388568145e-06,0.0006131558689547624,6.131558689547624e-07
2019-11-21,123019,buy,rebalance,110.25,2.5713238664337124e-06,0.0002834884562743168,2.834884562743168e-07
2019-11-21,113027,buy,rebalance,100.56,0.0006773123748380808,0.06811053241371741,6.811053241371741e-05
2019-11-21,128073,buy,rebalance,104.501,9.22475842822351e-06,0.0009639964805077851,9.639964805077852e-07
2019-11-21,128077,buy,rebalance,111.1,5.562420100162967e-06,0.0006179848731281056,6.179848731281057e-07
2019-12-11,128073,sell,rebalance,105.61,0.0006524271786340443,0.06890283433554142,6.890283433554142e-05
2019-12-11,128057,sell,rebalance,113.42,0.0006133445427857955,0.06956553804276493,6.956553804276493e-05
2019-12-11,113530,sell,rebalance,109.99,0.000626139037169456,0.06886903269826847,6.886903269826847e-05
2019-12-11,128050,sell,rebalance,96.997,0.0006522556180750222,0.06326683818642292,6.326683818642293e-05
2019-12-11,113541,sell,rebalance,102.18,0.0006626465409652221,0.0677092235558264,6.77092235558264e-05
2019-12-11,128077,sell,rebalance,111.679,0.0006136781901105995,0.06853496659336164,6.853496659336164e-05
2019-12-11,113027,sell,rebalance,101.7,0.0006773123748380808,0.06888266852103282,6.888266852103283e-05
2019-12-11,128076,sell,rebalance_resize,105.66,2.1884317567063786e-06,0.00023122969941359595,2.3122969941359595e-07
2019-12-11,113536,sell,rebalance_resize,105.6,5.663346900064625e-06,0.0005980494326468244,5.980494326468244e-07
2019-12-11,113521,sell,rebalance_resize,110.72,2.7435766512933703e-05,0.0030376880683120194,3.0376880683120195e-06
2019-12-11,123030,sell,rebalance_resize,104.55,5.291964430780249e-06,0.000553274881238075,5.53274881238075e-07
2019-12-11,123019,sell,rebalance_resize,113.3,1.3429028850203171e-05,0.0015215089687280192,1.5215089687280192e-06
2019-12-11,123011,sell,rebalance_resize,118.97,3.262905831736887e-05,0.0038818790680173743,3.881879068017374e-06
2019-12-11,128069,buy,rebalance,108.4,0.0006316861255603794,0.06847477601074513,6.847477601074513e-05
2019-12-11,123034,buy,rebalance,102.221,0.0006698699485501524,0.06847477601074513,6.847477601074513e-05
2019-12-11,128066,buy,rebalance,106.7,5.284617135707303e-07,5.6386864837996924e-05,5.638686483799692e-08
2019-12-11,128076,buy,rebalance,105.66,1.3120994810873474e-19,1.3863643117168912e-17,1.3863643117168912e-20
2019-12-11,128079,buy,rebalance,107.87,0.0006347898026397064,0.06847477601074513,6.847477601074513e-05
2019-12-11,113546,buy,rebalance,100.24,0.0006831083001870025,0.06847477601074513,6.847477601074513e-05
2019-12-11,128025,buy,rebalance,109.642,2.50296235361425e-06,0.0002744297983749736,2.744297983749736e-07
2019-12-11,123033,buy,rebalance,110.3,0.0006208048595715787,0.06847477601074513,6.847477601074513e-05
2019-12-11,123026,buy,rebalance,106.39,3.012571059317547e-06,0.00032050743500079384,3.2050743500079384e-07
2019-12-11,113539,buy,rebalance,123.99,6.107091189694746e-06,0.0007572182366102515,7.572182366102516e-07
2019-12-11,128039,buy,rebalance,107.519,2.0044870237450735e-05,0.0021552044030604656,2.1552044030604656e-06
2019-12-11,128053,buy,rebalance,102.952,1.0573244745445883e-05,0.0010885366930331445,1.0885366930331445e-06
2019-12-11,123027,buy,rebalance,116.2,5.239907234617741e-06,0.0006088772206625816,6.088772206625816e-07
2019-12-11,123011,buy,rebalance,118.97,1.165305801224587e-19,1.3863643117168912e-17,1.3863643117168912e-20
2019-12-11,128049,buy,rebalance,100.199,0.0006833878183489369,0.06847477601074513,6.847477601074513e-05
2019-12-11,113534,buy,rebalance,99.36,0.0006891583736991257,0.06847477601074513,6.847477601074513e-05
2019-12-23,113539,sell,rebalance,130.84,0.0005528176978562177,0.07233066758750753,7.233066758750753e-05
2019-12-23,123011,sell,rebalance,125.9,0.0005761506171804844,0.072537362703023,7.2537362703023e-05
2019-12-23,123019,sell,rebalance,114.401,0.0006049835739272924,0.06921072584085618,6.921072584085618e-05
2019-12-23,113521,sell,rebalance,124.22,0.0006190809151550057,0.07690223128055482,7.690223128055482e-05
2019-12-23,123027,sell,rebalance,122.319,0.0005898796704424925,0.07215349140885524,7.215349140885524e-05
2019-12-23,123033,sell,rebalance,109.8,0.0006208048595715787,0.06816437358095934,6.816437358095933e-05
2019-12-23,128076,sell,rebalance_resize,110.6,4.3181139729591255e-06,0.00047758340540927924,4.775834054092793e-07
2019-12-23,128079,sell,rebalance_resize,120.996,4.5747407535360724e-05,0.005535253322148506,5.535253322148506e-06
2019-12-23,128049,sell,rebalance_resize,105.8,9.741564681211021e-06,0.001030657543272126,1.030657543272126e-06
2019-12-23,123034,buy,rebalance,104.88,9.675651345733625e-06,0.0010147823131405425,1.0147823131405426e-06
2019-12-23,128019,buy,rebalance,122.5,0.000581219819210957,0.07119942785334223,7.119942785334223e-05
2019-12-23,128069,buy,rebalance,111.54,7.285973022927401e-06,0.0008126774309773223,8.126774309773223e-07
2019-12-23,123026,buy,rebalance,108.049,1.5334964037156882e-05,0.0016569275292507642,1.6569275292507643e-06
2019-12-23,110058,buy,rebalance,103.15,0.0006902513606722464,0.07119942785334223,7.119942785334223e-05
2019-12-23,128025,buy,rebalance,111.81,1.225886679855299e-05,0.0013706638967462099,1.37066389674621e-06
2019-12-23,128066,buy,rebalance,110.788,9.111028954747329e-07,0.00010093926758385471,1.009392675838547e-07
2019-12-23,113546,buy,rebalance,101.98,1.575560461459333e-05,0.0016067565585962278,1.606756558596228e-06
2019-12-23,113536,buy,rebalance,109.5,1.78500424626949e-06,0.00019545796496650916,1.9545796496650917e-07
2019-12-23,113514,buy,rebalance,115.0,0.0006191254595942803,0.07119942785334223,7.119942785334223e-05
2019-12-23,113549,buy,rebalance,105.92,0.0006722000363797415,0.07119942785334223,7.119942785334223e-05
2019-12-23,128081,buy,rebalance,108.857,0.0006540638438808917,0.07119942785334223,7.119942785334223e-05
2019-12-23,128053,buy,rebalance,104.88,1.3760033925714125e-05,0.0014431523581288973,1.4431523581288972e-06
2019-12-23,123030,buy,rebalance,106.663,1.2567210240881128e-05,0.0013404563459231038,1.3404563459231038e-06
2019-12-23,113541,buy,rebalance,103.63,0.0006870542106855373,0.07119942785334223,7.119942785334223e-05
2019-12-23,128039,buy,rebalance,111.65,8.576735211864757e-07,9.575924864047002e-05,9.575924864047002e-08
2019-12-23,113534,buy,rebalance,102.5,6.169734186516476e-06,0.0006323977541179388,6.323977541179388e-07
2019-12-31,128069,sell,rebalance,105.514,0.0006389720985833068,0.06742050200991903,6.742050200991903e-05
2019-12-31,128019,sell,rebalance,127.001,0.000581219819210957,0.07381549825961076,7.381549825961076e-05
2019-12-31,128081,sell,rebalance,112.303,0.0006540638438808917,0.07345333185935578,7.345333185935578e-05
2019-12-31,113534,sell,rebalance_resize,109.21,3.6548607317732315e-05,0.003991473405169546,3.991473405169546e-06
2019-12-31,128079,sell,rebalance_resize,128.031,2.7105760562543872e-05,0.0034703776305830547,3.470377630583055e-06
2019-12-31,113546,sell,rebalance_resize,103.12,1.1785939305579182e-06,0.00012153660611913253,1.2153660611913252e-07
2019-12-31,123026,sell,rebalance_resize,109.099,1.592150120631966e-07,1.7370198601082687e-05,1.7370198601082687e-08
2019-12-31,128066,sell,rebalance_resize,113.5,9.436425300725953e-06,0.0010710342716323956,1.0710342716323956e-06
2019-12-31,113541,sell,rebalance_resize,104.74,1.599080597836053e-07,1.6748770181734818e-05,1.674877018173482e-08
2019-12-31,128039,sell,rebalance_resize,113.25,3.070424991377914e-06,0.00034772563027354875,3.4772563027354874e-07
2019-12-31,128053,sell,rebalance_resize,106.251,2.415500283191687e-06,0.00025664932058939993,2.566493205893999e-07
2019-12-31,113549,sell,rebalance_resize,108.57,9.537152921867056e-06,0.0010354486927271062,1.035448692727106e-06
2019-12-31,128025,buy,rebalance,110.3,1.4829806708792545e-05,0.0016357276799798177,1.6357276799798176e-06
2019-12-31,123034,buy,rebalance,105.05,5.316133682632667e-06,0.0005584598433605617,5.584598433605618e-07
2019-12-31,128049,buy,rebalance,105.73,6.809210323049213e-06,0.0007199378074559933,7.199378074559933e-07
2019-12-31,113536,buy,rebalance,109.99,3.222395938840223e-06,0.0003544313293130361,3.544313293130361e-07
2019-12-31,128076,buy,rebalance,110.111,8.969305421611899e-06,0.000987619189279108,9.876191892791079e-07
2019-12-31,113550,buy,rebalance,126.8,0.0005667991613818513,0.07187013366321875,7.187013366321875e-05
2019-12-31,123030,buy,rebalance,107.251,2.6266546708239986e-06,0.0002817113401005447,2.817113401005447e-07
2019-12-31,113514,buy,rebalance,109.65,3.697183948904848e-05,0.004053962199974166,4.053962199974166e-06
2019-12-31,113521,buy,rebalance,121.03,0.000593820818501353,0.07187013366321875,7.187013366321875e-05
2019-12-31,110058,buy,rebalance,103.7,3.5280662308689773e-06,0.000365860468141113,3.6586046814111296e-07
2019-12-31,128073,buy,rebalance,107.1,0.0006710563367247316,0.07187013366321875,7.187013366321875e-05
2020-01-13,128079,sell,rebalance,140.0,0.0005619366345418018,0.07867112883585226,7.867112883585226e-05
2020-01-13,113534,sell,rebalance,113.66,0.0006587795005679099,0.07487687803454864,7.487687803454864e-05
2020-01-13,110058,sell,rebalance,109.21,0.0006937794269031155,0.07576765121208924,7.576765121208924e-05
2020-01-13,113550,sell,rebalance,144.99,0.0005667991613818513,0.08218021040875463,8.218021040875463e-05
2020-01-13,113521,sell,rebalance,144.0,0.000593820818501353,0.08551019786419482,8.551019786419482e-05
2020-01-13,128025,sell,rebalance_resize,117.2,7.2329546958368725e-06,0.0008477022903520814,8.477022903520814e-07
2020-01-13,128049,sell,rebalance_resize,113.589,1.4929334800838363e-05,0.0016958082106924288,1.695808210692429e-06
2020-01-13,128039,sell,rebalance_resize,119.8,4.2565696994794074e-06,0.000509937049997633,5.09937049997633e-07
2020-01-13,123034,buy,rebalance,107.649,1.7370180378773778e-05,0.0018698825475946183,1.8698825475946184e-06
2020-01-13,128076,buy,rebalance,113.47,1.2831604915483044e-05,0.001456002209759861,1.4560022097598612e-06
2020-01-13,128082,buy,rebalance,114.199,0.0006613048238356155,0.07552034957720345,7.552034957720346e-05
2020-01-13,123030,buy,rebalance,110.518,1.3196293116191121e-05,0.0014584279226152103,1.4584279226152103e-06
2020-01-13,113549,buy,rebalance,108.9,3.148764234644633e-05,0.0034290042515280053,3.429004251528005e-06
2020-01-13,113559,buy,rebalance,115.18,0.0006556724220976163,0.07552034957720345,7.552034957720346e-05
2020-01-13,123032,buy,rebalance,107.8,0.0007005598291020728,0.07552034957720345,7.552034957720346e-05
2020-01-13,128066,buy,rebalance,115.53,2.044475936871371e-05,0.002361983049867495,2.361983049867495e-06
2020-01-13,128070,buy,rebalance,106.4,0.000709777721590258,0.07552034957720345,7.552034957720346e-05
2020-01-13,113546,buy,rebalance,105.7,1.7495238790398334e-05,0.001849246740145104,1.849246740145104e-06
2020-01-13,113536,buy,rebalance,114.89,3.8815235667068915e-06,0.00044594824257895475,4.4594824257895477e-07
2020-01-13,128053,buy,rebalance,108.4,2.0237859820846134e-05,0.002193784004579721,2.193784004579721e-06
2020-01-13,128085,buy,rebalance,112.0,0.0006742888355107451,0.07552034957720345,7.552034957720346e-05
2020-01-13,123026,buy,rebalance,112.003,1.548483986138874e-05,0.0017343485189951233,1.7343485189951234e-06
2020-01-13,113541,buy,rebalance,107.77,1.4551992508128985e-05,0.0015682682326010606,1.5682682326010608e-06
2020-01-13,128073,buy,rebalance,110.433,1.3475894798364087e-05,0.0014881834902677412,1.4881834902677412e-06
2020-01-13,113514,buy,rebalance,112.47,1.6034205582170905e-05,0.0018033671018267616,1.8033671018267617e-06
2020-01-21,113514,sell,rebalance,110.22,0.0006721315046654997,0.07408233444423137,7.408233444423137e-05
2020-01-21,128073,sell,rebalance,108.41,0.0006845322315230957,0.0742101392194188,7.42101392194188e-05
2020-01-21,123032,sell,rebalance,105.87,0.0007005598291020728,0.07416826910703646,7.416826910703646e-05
2020-01-21,128070,sell,rebalance,106.045,0.000709777721590258,0.07526837848603891,7.526837848603892e-05
2020-01-21,123034,sell,rebalance_resize,107.2,6.972014200331562e-07,7.473999222755434e-05,7.473999222755435e-08
2020-01-21,113536,sell,rebalance_resize,115.89,9.055680637589095e-06,0.0010494628290902003,1.0494628290902003e-06
2020-01-21,113559,sell,rebalance_resize,120.1,2.9489897668022548e-05,0.0035417367099295077,3.5417367099295077e-06
2020-01-21,123026,sell,rebalance_resize,111.5,4.545882415106898e-07,5.068658892844191e-05,5.068658892844191e-08
2020-01-21,128025,sell,rebalance_resize,118.111,8.293387821472512e-06,0.0009795403289819399,9.7954032898194e-07
2020-01-21,113541,sell,rebalance_resize,109.1,1.2128960725136386e-05,0.0013232696151123796,1.3232696151123796e-06
2020-01-21,128085,sell,rebalance_resize,113.0,8.762099369203416e-06,0.000990117228719986,9.901172287199861e-07
2020-01-21,123030,sell,rebalance_resize,110.511,3.4898668978630185e-06,0.00038566868074974003,3.8566868074974006e-07
2020-01-21,128039,sell,rebalance_resize,120.8,8.468115925481895e-06,0.0010229484037982128,1.0229484037982128e-06
2020-01-21,128053,sell,rebalance_resize,109.7,1.1816669964378518e-05,0.0012962886950923236,1.2962886950923236e-06
2020-01-21,128091,buy,rebalance,112.8,0.000666017548649848,0.07512677948770285,7.512677948770286e-05
2020-01-21,128082,buy,rebalance,112.011,1.0087735085277547e-05,0.0011299372946370232,1.1299372946370234e-06
2020-01-21,128049,buy,rebalance,111.0,1.197968301838093e-05,0.0013297448150402832,1.3297448150402832e-06
2020-01-21,128076,buy,rebalance,109.3,2.1822261461393486e-05,0.002385173177730308,2.385173177730308e-06
2020-01-21,128066,buy,rebalance,112.9,1.1779893526104587e-05,0.001329949979097208,1.3299499790972081e-06
2020-01-21,128087,buy,rebalance,109.105,0.0006885732045983488,0.07512677948770285,7.512677948770286e-05
2020-01-21,113557,buy,rebalance,111.67,0.000672757047440699,0.07512677948770285,7.512677948770286e-05
2020-01-21,113549,buy,rebalance,107.26,6.98452871388353e-06,0.0007491605498511475,7.491605498511475e-07
2020-01-21,113546,buy,rebalance,104.6,3.7880083405295487e-06,0.0003962256724193908,3.962256724193908e-07
2020-01-21,128079,buy,rebalance,134.001,0.0005606434242110347,0.07512677948770285,7.512677948770286e-05
2020-02-11,128053,sell,rebalance,152.0,0.0006855471393253801,0.10420316517745778,0.00010420316517745779
2020-02-11,113549,sell,rebalance,105.33,0.0007011350545182044,0.07385055529240246,7.385055529240247e-05
2020-02-11,113559,sell,rebalance,110.49,0.0006261825244295938,0.06918690712422582,6.918690712422582e-05
2020-02-11,113557,sell,rebalance,109.1,0.000672757047440699,0.07339779387578026,7.339779387578026e-05
2020-02-11,128085,sell,rebalance_resize,114.3,4.962302721556329e-06,0.0005671912010738883,5.671912010738884e-07
2020-02-11,128087,sell,rebalance_resize,110.899,7.750882125609475e-06,0.0008595650768479651,8.595650768479652e-07
2020-02-11,123026,sell,rebalance_resize,114.0,1.2177249742428403e-05,0.001388206470636838,1.388206470636838e-06
2020-02-11,128039,sell,rebalance_resize,124.498,1.6098339526536444e-05,0.0020042110743747343,2.0042110743747345e-06
2020-02-11,128091,sell,rebalance_resize,114.4,6.030531692642407e-06,0.0006898928256382914,6.898928256382914e-07
2020-02-11,128079,buy,rebalance,132.3,1.0038089193641648e-05,0.0013280392003187902,1.3280392003187903e-06
2020-02-11,113536,buy,rebalance,115.69,3.693880357336483e-06,0.00042734501854025774,4.2734501854025774e-07
2020-02-11,128025,buy,rebalance,115.5,1.69566874508725e-05,0.001958497400575774,1.958497400575774e-06
2020-02-11,128049,buy,rebalance,109.63,1.118585685134613e-05,0.001226305486613076,1.226305486613076e-06
2020-02-11,128082,buy,rebalance,108.15,2.6708017870061814e-05,0.0028884721326471853,2.8884721326471854e-06
2020-02-11,128076,buy,rebalance,105.89,2.49689961333831e-05,0.0026439670005639366,2.6439670005639365e-06
2020-02-11,123030,buy,rebalance,107.3,2.3118437535883075e-05,0.0024806083476002537,2.4806083476002536e-06
2020-02-11,128069,buy,rebalance,113.5,0.000664544602063714,0.07542581233423154,7.542581233423154e-05
2020-02-11,123034,buy,rebalance,103.021,3.131813985270613e-05,0.003226426085765638,3.2264260857656384e-06
2020-02-11,128066,buy,rebalance,107.65,3.523046171562478e-05,0.003792559203687008,3.792559203687008e-06
2020-02-11,113554,buy,rebalance,123.46,0.0006109331956441888,0.07542581233423154,7.542581233423154e-05
2020-02-11,113541,buy,rebalance,106.18,2.1740936605979086e-05,0.0023084526488228595,2.3084526488228597e-06
2020-02-11,123037,buy,rebalance,117.0,0.0006446650626857396,0.07542581233423154,7.542581233423154e-05
2020-02-11,113546,buy,rebalance,102.91,1.4691700743108173e-05,0.001511922923473262,1.511922923473262e-06
2020-02-11,113514,buy,rebalance,107.07,0.0007044532766809708,0.07542581233423154,7.542581233423154e-05
2020-02-21,128085,sell,rebalance,130.05,0.0006605644334199853,0.08590640456626909,8.590640456626909e-05
2020-02-21,128069,sell,rebalance,117.201,0.000664544602063714,0.07788529190646934,7.788529190646934e-05
2020-02-21,113554,sell,rebalance,124.65,0.0006109331956441888,0.07615282283704813,7.615282283704813e-05
2020-02-21,123037,sell,rebalance,127.0,0.0006446650626857396,0.08187246296108894,8.187246296108894e-05
2020-02-21,128082,sell,rebalance_resize,113.78,1.7913155742150338e-06,0.00020381588603418654,2.0381588603418655e-07
2020-02-21,123034,sell,rebalance_resize,108.202,6.476460052344913e-07,7.007659305838243e-05,7.007659305838243e-08
2020-02-21,128087,sell,rebalance_resize,117.487,6.483308443607107e-06,0.0007617044591140681,7.617044591140682e-07
2020-02-21,128039,sell,rebalance_resize,140.855,4.39902166344792e-05,0.0061962419640495675,6.196241964049568e-06
2020-02-21,113546,sell,rebalance_resize,108.69,4.742531803858793e-06,0.0005154657817614122,5.154657817614123e-07
2020-02-21,123030,sell,rebalance_resize,114.45,1.1401588176336872e-05,0.001304911766781755,1.304911766781755e-06
2020-02-21,128079,sell,rebalance_resize,140.011,4.825489654823264e-06,0.00067562163206146,6.7562163206146e-07
2020-02-21,128025,buy,rebalance,118.446,1.5179408721534133e-05,0.001797940245430832,1.797940245430832e-06
2020-02-21,113536,buy,rebalance,120.25,6.21415833044709e-06,0.0007472525392362626,7.472525392362626e-07
2020-02-21,128091,buy,rebalance,116.0,2.2972677572643104e-05,0.0026648305984266,2.6648305984266e-06
2020-02-21,128049,buy,rebalance,112.3,1.677697116107964e-05,0.0018840538613892433,1.8840538613892433e-06
2020-02-21,113561,buy,rebalance,112.9,0.0007010150249666255,0.07914459631873202,7.914459631873202e-05
2020-02-21,123042,buy,rebalance,116.313,0.000680444974497537,0.07914459631873202,7.914459631873202e-05
2020-02-21,113541,buy,rebalance,109.1,1.5104619719249936e-05,0.001647914011370168,1.647914011370168e-06
2020-02-21,123026,buy,rebalance,115.42,2.4087862780670202e-05,0.002780221122144955,2.780221122144955e-06
2020-02-21,123030,buy,rebalance,114.45,1.2113164445682958e-19,1.3863516708084145e-17,1.3863516708084146e-20
2020-02-21,128076,buy,rebalance,109.299,1.1841683270966235e-05,0.0012942841398333386,1.2942841398333388e-06
2020-02-21,127007,buy,rebalance,126.001,0.0006281267316825424,0.07914459631873202,7.914459631873202e-05
2020-02-21,113555,buy,rebalance,144.08,0.0005493100799467797,0.07914459631873202,7.914459631873202e-05
2020-02-21,128066,buy,rebalance,111.7,7.932792448958053e-06,0.0008860929165486146,8.860929165486146e-07
2020-02-21,113514,buy,rebalance,111.61,5.3885711937482075e-06,0.0006014184309342375,6.014184309342374e-07
2020-03-11,123026,sell,rebalance,117.9,0.0006863906236570239,0.08092545452916311,8.092545452916312e-05
2020-03-11,128076,sell,rebalance,109.1,0.0007248441010947493,0.07908049142943714,7.908049142943714e-05
2020-03-11,123034,sell,rebalance,140.0,0.000732205206384731,0.10250872889386234,0.00010250872889386234
2020-03-11,128079,sell,rebalance,154.05,0.000565856023749853,0.08717012045866486,8.717012045866486e-05
2020-03-11,113514,sell,rebalance,142.0,0.000709841847874719,0.1007975423982101,0.00010079754239821009
2020-03-11,113561,sell,rebalance,110.48,0.0007010150249666255,0.07744813995831279,7.74481399583128e-05
2020-03-11,123042,sell,rebalance,112.751,0.000680444974497537,0.0767208513195718,7.672085131957181e-05
2020-03-11,127007,sell,rebalance,128.0,0.0006281267316825424,0.08040022165536542,8.040022165536542e-05
2020-03-11,113555,sell,rebalance,167.0,0.0005493100799467797,0.09173478335111221,9.173478335111221e-05
2020-03-11,128087,sell,rebalance_resize,123.503,7.084320058482237e-06,0.0008749347801827317,8.749347801827317e-07
2020-03-11,123030,sell,rebalance_resize,119.2,8.910910970846646e-07,0.00010621805877249202,1.0621805877249203e-07
2020-03-11,128025,buy,rebalance,116.01,4.1447089744234225e-05,0.004808276881228613,4.808276881228613e-06
2020-03-11,113536,buy,rebalance,118.98,3.3748210444085345e-05,0.004015362078637274,4.015362078637274e-06
2020-03-11,113517,buy,rebalance,124.97,0.0006587623180051085,0.08232552688109841,8.232552688109841e-05
2020-03-11,128091,buy,rebalance,115.083,3.308128948307856e-05,0.0038070940375811296,3.8070940375811296e-06
2020-03-11,128085,buy,rebalance,123.4,0.0006671436538176533,0.08232552688109841,8.232552688109841e-05
2020-03-11,128082,buy,rebalance,114.981,2.037967201946237e-05,0.0023432750684698024,2.3432750684698024e-06
2020-03-11,128094,buy,rebalance,117.4,0.000701239581610719,0.08232552688109841,8.232552688109841e-05
2020-03-11,128066,buy,rebalance,114.035,1.3374268442720666e-05,0.0015251347018656511,1.5251347018656512e-06
2020-03-11,113546,buy,rebalance,109.49,2.3711344505891937e-05,0.002596155109950108,2.5961551099501083e-06
2020-03-11,113541,buy,rebalance,111.14,1.5300613043577097e-05,0.0017005101336631584,1.7005101336631585e-06
2020-03-11,128075,buy,rebalance,116.4,0.0007072639766417389,0.08232552688109841,8.232552688109841e-05
2020-03-11,128049,buy,rebalance,110.6,3.9590782871810495e-05,0.004378740585622241,4.378740585622241e-06
2020-03-11,123037,buy,rebalance,135.513,0.0006075101789577266,0.08232552688109841,8.232552688109841e-05
2020-03-11,128090,buy,rebalance,135.5,0.000607568464067147,0.08232552688109841,8.232552688109841e-05
2020-03-11,128069,buy,rebalance,115.397,0.0007134113268204408,0.08232552688109841,8.232552688109841e-05
2020-03-11,128039,buy,rebalance,128.521,7.865808166041934e-05,0.010109215313078753,1.0109215313078753e-05
2020-03-11,123012,buy,rebalance,121.999,0.0006748049318527071,0.08232552688109841,8.232552688109841e-05
2020-03-11,123027,buy,rebalance,128.3,0.0006416642781067685,0.08232552688109841,8.232552688109841e-05
2020-03-16,113517,sell,risk_exit_next_open,128.33,0.0006587623180051085,0.08453896826959557,8.453896826959557e-05
2020-03-23,113536,sell,rebalance,121.88,0.0006925864517722539,0.0844124367420023,8.441243674200231e-05
2020-03-23,128025,sell,rebalance,118.04,0.0007103106811033229,0.08384507279743623,8.384507279743623e-05
2020-03-23,123030,sell,rebalance,132.56,0.0006913419166900771,0.09164428447643662,9.164428447643662e-05
2020-03-23,128039,sell,rebalance,131.22,0.000641123508810614,0.08412822682612878,8.412822682612878e-05
2020-03-23,113546,sell,rebalance,111.0,0.000752629071447107,0.08354182693062888,8.354182693062888e-05
2020-03-23,128049,sell,rebalance,111.38,0.000745059423092554,0.08298471854404867,8.298471854404867e-05
2020-03-23,113541,sell,rebalance,112.0,0.0007414635037775523,0.08304391242308586,8.304391242308585e-05
2020-03-23,128082,sell,rebalance,114.503,0.0007166889332362023,0.08206303292234488,8.206303292234488e-05
2020-03-23,128091,sell,rebalance,175.0,0.0007160409840129273,0.12530717220226228,0.00012530717220226228
2020-03-23,128094,sell,rebalance,117.769,0.000701239581610719,0.08258428428671277,8.258428428671278e-05
2020-03-23,123037,sell,rebalance,173.2,0.0006075101789577266,0.10522076299547824,0.00010522076299547824
2020-03-23,128090,sell,rebalance,128.451,0.000607568464067147,0.0780427767778891,7.804277677788909e-05
2020-03-23,128069,sell,rebalance,120.02,0.0007134113268204408,0.0856236274449893,8.56236274449893e-05
2020-03-23,123012,sell,rebalance,159.5,0.0006748049318527071,0.10763138663050678,0.00010763138663050678
2020-03-23,123027,sell,rebalance,125.997,0.0006416642781067685,0.08084777404861851,8.084777404861852e-05
2020-03-23,128087,buy,rebalance,122.0,4.9702533795798104e-05,0.006063709123087369,6.063709123087369e-06
2020-03-23,128066,buy,rebalance,116.589,2.7614697744444705e-05,0.0032195699953270636,3.2195699953270637e-06
2020-03-23,110051,buy,rebalance,122.0,0.0007162906396605835,0.08738745803859119,8.73874580385912e-05
2020-03-23,113550,buy,rebalance,125.5,0.0006963144066820015,0.08738745803859119,8.73874580385912e-05
2020-03-23,110056,buy,rebalance,127.0,0.0006880902207763085,0.08738745803859119,8.73874580385912e-05
2020-03-23,128085,buy,rebalance,115.5,9.012419165847843e-05,0.010409344136554258,1.0409344136554258e-05
2020-03-23,128097,buy,rebalance,123.55,0.0007073043952941416,0.08738745803859119,8.73874580385912e-05
2020-03-23,128075,buy,rebalance,117.0,4.034393153467314e-05,0.004720239989556757,4.7202399895567575e-06
2020-03-23,113549,buy,rebalance,118.05,0.000740258009644991,0.08738745803859119,8.73874580385912e-05
2020-03-23,128081,buy,rebalance,109.803,0.0007958567437919837,0.08738745803859119,8.73874580385912e-05
2020-03-23,113554,buy,rebalance,117.5,0.0007437230471369463,0.08738745803859119,8.73874580385912e-05
2020-03-23,110063,buy,rebalance,113.92,0.0007670949617151613,0.08738745803859119,8.73874580385912e-05
2020-03-23,128057,buy,rebalance,123.5,0.0007075907533489165,0.08738745803859119,8.73874580385912e-05
2020-03-23,128021,buy,rebalance,130.0,0.0006722112156814707,0.08738745803859119,8.73874580385912e-05
2020-03-23,113515,buy,rebalance,127.01,0.0006880360447097959,0.08738745803859119,8.73874580385912e-05
2020-03-23,128034,buy,rebalance,110.94,0.000787700180625484,0.08738745803859119,8.73874580385912e-05
2020-03-23,128058,buy,rebalance,125.002,0.0006990884788930672,0.08738745803859119,8.73874580385912e-05
2020-03-23,110047,buy,rebalance,114.03,0.0007663549770989317,0.08738745803859119,8.73874580385912e-05
2020-03-23,110050,buy,rebalance,133.3,0.0006555698277463704,0.08738745803859119,8.73874580385912e-05
2020-03-23,123002,buy,rebalance,126.08,0.0006931111836817194,0.08738745803859119,8.73874580385912e-05
2020-03-27,110050,sell,risk_exit_next_open,126.5,0.0006555698277463704,0.08292958320991586,8.292958320991586e-05
2020-03-31,128075,sell,rebalance,115.096,0.0007476079081764121,0.08604667979947232,8.604667979947232e-05
2020-03-31,110051,sell,rebalance,120.99,0.0007162906396605835,0.08666400449253399,8.666400449253399e-05
2020-03-31,110056,sell,rebalance,123.97,0.0006880902207763085,0.08530254466963896,8.530254466963897e-05
2020-03-31,128021,sell,rebalance,128.5,0.0006722112156814707,0.08637914121506898,8.637914121506898e-05
2020-03-31,128058,sell,rebalance,122.0,0.0006990884788930672,0.0852887944249542,8.52887944249542e-05
2020-03-31,128085,sell,rebalance_resize,114.62,6.950370429875031e-07,7.966514586722762e-05,7.966514586722762e-08
2020-03-31,128081,sell,rebalance_resize,110.585,1.167828104742529e-05,0.0012914427096295256,1.2914427096295255e-06
2020-03-31,113550,sell,rebalance_resize,133.5,4.673856171865336e-05,0.006239597989440224,6.239597989440224e-06
2020-03-31,128057,sell,rebalance_resize,124.1,8.81254784845726e-06,0.0010936371879935458,1.0936371879935458e-06
2020-03-31,110063,sell,rebalance_resize,113.16,7.607861884117506e-07,8.60905650806737e-05,8.60905650806737e-08
2020-03-31,113554,sell,rebalance_resize,118.32,1.0809124701119887e-05,0.001278935634636505,1.278935634636505e-06
2020-03-31,123002,sell,rebalance_resize,126.11,5.470431143403771e-06,0.0006898760714946495,6.898760714946495e-07
2020-03-31,128034,sell,rebalance_resize,110.71,4.407114934878025e-06,0.0004879116944403461,4.879116944403462e-07
2020-03-31,113515,sell,rebalance_resize,129.0,1.5800577247726284e-05,0.002038274464956691,2.038274464956691e-06
2020-03-31,110047,sell,rebalance_resize,113.45,1.979698979875108e-06,0.000224596849266831,2.2459684926683099e-07
2020-03-31,128087,buy,rebalance,118.8,1.2982110156349283e-05,0.0015422746865742948,1.5422746865742948e-06
2020-03-31,128097,buy,rebalance,122.6,2.3274980520421548e-08,2.8535126118036818e-06,2.8535126118036816e-09
2020-03-31,128077,buy,rebalance,127.56,0.0006791276012098636,0.08662951681033021,8.662951681033021e-05
2020-03-31,128066,buy,rebalance,112.9,1.782445104560739e-05,0.0020123805230490743,2.0123805230490743e-06
2020-03-31,113550,buy,rebalance,133.5,1.0384694779783605e-19,1.3863567531011113e-17,1.3863567531011113e-20
2020-03-31,128025,buy,rebalance,118.0,0.0007341484475451713,0.08662951681033021,8.662951681033021e-05
2020-03-31,128090,buy,rebalance,131.5,0.0006587795955158191,0.08662951681033021,8.662951681033021e-05
2020-03-31,128039,buy,rebalance,125.78,0.0006887384068240595,0.08662951681033021,8.662951681033021e-05
2020-03-31,128082,buy,rebalance,113.498,0.000763269104392414,0.08662951681033021,8.662951681033021e-05
2020-03-31,110057,buy,rebalance,120.01,0.0007218524857122757,0.08662951681033021,8.662951681033021e-05
2020-03-31,113549,buy,rebalance,114.8,1.5113032911905417e-05,0.0017349761782867418,1.7349761782867417e-06
2020-04-13,113550,sell,rebalance,127.51,0.0006495758449633482,0.08282741599127653,8.282741599127654e-05
2020-04-13,113549,sell,rebalance,112.99,0.0007553710425568964,0.08534937409850372,8.534937409850372e-05
2020-04-13,113554,sell,rebalance,123.0,0.0007329139224358265,0.09014841245960666,9.014841245960666e-05
2020-04-13,110063,sell,rebalance,114.5,0.0007663341755267496,0.08774526309781283,8.774526309781283e-05
2020-04-13,128057,sell,rebalance,119.5,0.0006987782055004593,0.08350399555730488,8.350399555730488e-05
2020-04-13,113515,sell,rebalance,127.97,0.0006722354674620697,0.08602597277112106,8.602597277112106e-05
2020-04-13,128034,sell,rebalance,111.48,0.000783293065690606,0.08732151096318876,8.732151096318875e-05
2020-04-13,110047,sell,rebalance,115.0,0.0007643752781190566,0.08790315698369151,8.790315698369151e-05
2020-04-13,123002,sell,rebalance,127.299,0.0006876407525383156,0.08753598015737504,8.753598015737504e-05
2020-04-13,128077,sell,rebalance,125.1,0.0006791276012098636,0.08495886291135393,8.495886291135394e-05
2020-04-13,128039,sell,rebalance,122.35,0.0006887384068240595,0.08426714407492368,8.426714407492369e-05
2020-04-13,110057,sell,rebalance,117.61,0.0007218524857122757,0.08489707084462074,8.489707084462073e-05
2020-04-13,128087,sell,rebalance_resize,124.0,4.082214086058513e-05,0.005061945466712556,5.061945466712556e-06
2020-04-13,128081,sell,rebalance_resize,110.868,1.3437289135272225e-05,0.0014897653718493609,1.489765371849361e-06
2020-04-13,128066,sell,rebalance_resize,111.3,3.310834344616112e-07,3.684958625557733e-05,3.6849586255577325e-08
2020-04-13,113570,buy,rebalance,113.29,0.0007535053883479505,0.08536462544593931,8.536462544593932e-05
2020-04-13,113546,buy,rebalance,110.11,0.0007752667827258134,0.08536462544593931,8.536462544593932e-05
2020-04-13,113567,buy,rebalance,110.82,0.000770299814527516,0.08536462544593931,8.536462544593932e-05
2020-04-13,128087,buy,rebalance,124.0,1.118051281291587e-19,1.386383588801568e-17,1.386383588801568e-20
2020-04-13,128094,buy,rebalance,115.007,0.0007422559100397307,0.08536462544593931,8.536462544593932e-05
2020-04-13,113566,buy,rebalance,115.22,0.0007408837480119712,0.08536462544593931,8.536462544593932e-05
2020-04-13,128069,buy,rebalance,115.3,0.0007403696916386757,0.08536462544593931,8.536462544593932e-05
2020-04-13,128082,buy,rebalance,110.5,1.0028788944278559e-05,0.0011081811783427808,1.1081811783427808e-06
2020-04-13,128085,buy,rebalance,111.0,1.3238485508568466e-05,0.0014694718914510998,1.4694718914510998e-06
2020-04-13,123037,buy,rebalance,126.4,0.0006753530494140768,0.08536462544593931,8.536462544593932e-05
2020-04-13,128025,buy,rebalance,113.75,1.7047868235250247e-05,0.0019391950117597155,1.9391950117597155e-06
2020-04-13,128050,buy,rebalance,114.88,0.0007430764749820623,0.08536462544593931,8.536462544593932e-05
2020-04-13,123034,buy,rebalance,140.0,0.0006097473246138522,0.08536462544593931,8.536462544593932e-05
2020-04-13,113536,buy,rebalance,113.0,0.000755439163238401,0.08536462544593931,8.536462544593932e-05
2020-04-13,123026,buy,rebalance,112.92,0.0007559743663296078,0.08536462544593931,8.536462544593932e-05
2020-04-13,113509,buy,rebalance,124.99,0.0006829716412988184,0.08536462544593931,8.536462544593932e-05
2020-04-13,128090,buy,rebalance,129.0,3.6239856573550312e-06,0.000467494149798799,4.67494149798799e-07
2020-04-13,128097,buy,rebalance,110.0,6.942548528793949e-05,0.007636803381673344,7.636803381673344e-06
2020-04-21,128097,sell,rebalance,111.829,0.0007767531555626015,0.08686352863341015,8.686352863341016e-05
2020-04-21,113546,sell,rebalance,114.0,0.0007752667827258134,0.08838041323074272,8.838041323074272e-05
2020-04-21,113566,sell,rebalance,116.46,0.0007408837480119712,0.08628332129347416,8.628332129347415e-05
2020-04-21,123037,sell,rebalance,143.0,0.0006753530494140768,0.096575486066213,9.6575486066213e-05
2020-04-21,128050,sell,rebalance,113.0,0.0007430764749820623,0.08396764167297305,8.396764167297305e-05
2020-04-21,123034,sell,rebalance,170.0,0.0006097473246138522,0.10365704518435487,0.00010365704518435487
2020-04-21,123026,sell,rebalance,116.301,0.0007559743663296078,0.08792057477849971,8.792057477849971e-05
2020-04-21,113509,sell,rebalance,129.89,0.0006829716412988184,0.0887111864883035,8.87111864883035e-05
2020-04-21,128094,sell,rebalance_resize,119.005,2.5831686075721786e-06,0.0003074099801441271,3.074099801441271e-07
2020-04-21,128069,sell,rebalance_resize,121.01,1.2952498066789017e-05,0.001567381791062139,1.5673817910621391e-06
2020-04-21,128087,buy,rebalance,123.99,2.0796258682103457e-05,0.0025785281139940074,2.5785281139940073e-06
2020-04-21,113567,buy,rebalance,112.48,1.2269273014143814e-05,0.0013800478286308962,1.3800478286308962e-06
2020-04-21,113570,buy,rebalance,113.88,1.9435738374908832e-05,0.0022133418861346177,2.213341886134618e-06
2020-04-21,128085,buy,rebalance,111.45,1.9982530773102478e-05,0.0022270530546622713,2.2270530546622713e-06
2020-04-21,123045,buy,rebalance,110.0,0.0007994235446456298,0.08793658991101927,8.793658991101928e-05
2020-04-21,128066,buy,rebalance,111.992,1.8223562719472322e-05,0.0020408932360791443,2.0408932360791445e-06
2020-04-21,113557,buy,rebalance,111.56,0.0007882448002063398,0.08793658991101927,8.793658991101928e-05
2020-04-21,128081,buy,rebalance,111.79,1.6653835182810417e-05,0.0018617322350863766,1.8617322350863767e-06
2020-04-21,128049,buy,rebalance,111.87,0.0007860605158757421,0.08793658991101927,8.793658991101928e-05
2020-04-21,128077,buy,rebalance,131.3,0.0006697379277305351,0.08793658991101927,8.793658991101928e-05
2020-04-21,128025,buy,rebalance,116.12,6.846721513964007e-06,0.0007950413022015005,7.950413022015005e-07
2020-04-21,127003,buy,rebalance,110.372,0.0007967291515150515,0.08793658991101927,8.793658991101928e-05
2020-04-21,113541,buy,rebalance,110.13,0.0007984798865978323,0.08793658991101927,8.793658991101928e-05
2020-04-21,128082,buy,rebalance,110.865,2.066285049846767e-05,0.002290786920512618,2.290786920512618e-06
2020-04-21,113554,buy,rebalance,124.51,0.0007062612634408422,0.08793658991101927,8.793658991101928e-05
2020-04-21,113536,buy,rebalance,115.0,9.98347603469581e-06,0.0011480997439900183,1.1480997439900183e-06
2020-04-21,128090,buy,rebalance,128.718,2.143231368146179e-05,0.0027587245524503985,2.7587245524503984e-06
2020-04-21,113571,buy,rebalance,134.0,0.0006562432082911886,0.08793658991101927,8.793658991101928e-05
2020-05-06,128025,sell,rebalance,112.1,0.0007580430372943856,0.08497662448070062,8.497662448070062e-05
2020-05-06,128090,sell,rebalance,123.0,0.000683835894854636,0.08411181506712022,8.411181506712022e-05
2020-05-06,128082,sell,rebalance,110.0,0.0007939607438351602,0.08733568182186761,8.733568182186762e-05
2020-05-06,128049,sell,rebalance,112.4,0.0007860605158757421,0.08835320198443342,8.835320198443342e-05
2020-05-06,128077,sell,rebalance,132.09,0.0006697379277305351,0.08846568287392638,8.846568287392638e-05
2020-05-06,113554,sell,rebalance,124.03,0.0007062612634408422,0.08759758450456766,8.759758450456765e-05
2020-05-06,113571,sell,rebalance,137.02,0.0006562432082911886,0.08991844440005867,8.991844440005867e-05
2020-05-06,113557,sell,rebalance_resize,111.9,7.770870170175868e-06,0.0008695603720426797,8.695603720426797e-07
2020-05-06,113570,sell,rebalance_resize,113.9,6.1717433071723155e-06,0.0007029615626869268,7.029615626869268e-07
2020-05-06,123045,sell,rebalance_resize,109.6,2.5710558587069045e-06,0.0002817877221142767,2.8178772211427674e-07
2020-05-06,128066,sell,rebalance_resize,111.8,4.8011519274630954e-06,0.0005367687854903741,5.367687854903741e-07
2020-05-06,128085,sell,rebalance_resize,110.79,1.500361667186825e-06,0.00016622506910762835,1.6622506910762835e-07
2020-05-06,128081,sell,rebalance_resize,111.009,6.56701348134837e-07,7.289975995510012e-05,7.289975995510012e-08
2020-05-06,127003,sell,rebalance_resize,111.436,1.3005464636064998e-05,0.0014492769571845393,1.4492769571845392e-06
2020-05-06,113536,sell,rebalance_resize,118.05,2.5608723381129377e-05,0.003023109795142323,3.023109795142323e-06
2020-05-06,113541,sell,rebalance_resize,110.2,5.965977604667708e-06,0.0006574507320343814,6.574507320343814e-07
2020-05-06,128094,sell,rebalance_resize,122.48,2.6617281185206022e-05,0.0032600845995640337,3.260084599564034e-06
2020-05-06,128087,buy,rebalance,114.997,4.949105373015065e-05,0.005691322705806134,5.6913227058061345e-06
2020-05-06,113034,buy,rebalance,110.5,0.0007895587070260048,0.08724623712637353,8.724623712637353e-05
2020-05-06,113575,buy,rebalance,116.61,0.0007481882953981093,0.08724623712637353,8.724623712637353e-05
2020-05-06,123045,buy,rebalance,109.6,1.2649341172058323e-19,1.3863677924575922e-17,1.3863677924575923e-20
2020-05-06,128085,buy,rebalance,110.79,1.251347407218695e-19,1.3863677924575922e-17,1.3863677924575923e-20
2020-05-06,123002,buy,rebalance,124.8,0.0006990884385126084,0.08724623712637353,8.724623712637353e-05
2020-05-06,128074,buy,rebalance,120.645,0.000723164964369626,0.08724623712637353,8.724623712637353e-05
2020-05-06,113566,buy,rebalance,116.1,0.0007514749106492122,0.08724623712637353,8.724623712637353e-05
2020-05-06,113033,buy,rebalance,107.56,0.0008111401741016504,0.08724623712637353,8.724623712637353e-05
2020-05-06,113567,buy,rebalance,110.15,1.0294087587335671e-05,0.0011338937477450243,1.1338937477450243e-06
2020-05-06,128092,buy,rebalance,125.0,0.0006979698970109882,0.08724623712637353,8.724623712637353e-05
2020-05-06,128069,buy,rebalance,115.95,2.5769453599480754e-05,0.0029879681448597936,2.9879681448597936e-06
2020-05-12,128087,sell,rebalance,110.88,0.0007594045094744665,0.08420277201052884,8.420277201052883e-05
2020-05-12,123002,sell,rebalance,128.0,0.0006990884385126084,0.08948332012961388,8.948332012961388e-05
2020-05-12,128074,sell,rebalance,125.0,0.000723164964369626,0.09039562054620326,9.039562054620327e-05
2020-05-12,113033,sell,rebalance,107.85,0.0008111401741016504,0.087481467776863,8.7481467776863e-05
2020-05-12,113570,sell,rebalance_resize,115.2,7.041278109193657e-06,0.0008111552381791093,8.111552381791092e-07
2020-05-12,127003,sell,rebalance_resize,112.249,4.022507079540303e-06,0.0004515223971713194,4.515223971713194e-07
2020-05-12,113567,sell,rebalance_resize,111.35,6.866967393853692e-06,0.0007646368193056086,7.646368193056085e-07
2020-05-12,128066,sell,rebalance_resize,113.888,1.2691786974587725e-05,0.0014454422349618468,1.4454422349618468e-06
2020-05-12,128069,sell,rebalance_resize,116.24,2.558339288688569e-07,2.9738135891715926e-05,2.9738135891715925e-08
2020-05-12,113536,sell,rebalance_resize,119.01,4.407834627300248e-06,0.0005245763989950025,5.245763989950026e-07
2020-05-12,113541,sell,rebalance_resize,110.89,3.2571885376859537e-06,0.0003611896369439954,3.611896369439954e-07
2020-05-12,113557,sell,rebalance_resize,113.86,1.1804707031526292e-05,0.0013440839426095835,1.3440839426095835e-06
2020-05-12,113034,buy,rebalance,108.7,1.5583487775651253e-05,0.0016939251212132911,1.6939251212132911e-06
2020-05-12,123045,buy,rebalance,109.815,1.3028400523597752e-07,1.430713803498887e-05,1.4307138034988871e-08
2020-05-12,113575,buy,rebalance,116.03,6.099032742425308e-06,0.0007076707691036085,7.076707691036085e-07
2020-05-12,128085,buy,rebalance,110.977,3.4417287705926525e-07,3.819527337740608e-05,3.819527337740608e-08
2020-05-12,128025,buy,rebalance,114.0,0.0007669459679985662,0.08743184035183654,8.743184035183655e-05
2020-05-12,113566,buy,rebalance,115.85,3.986534899161053e-06,0.0004618400680678079,4.618400680678079e-07
2020-05-12,128094,buy,rebalance,120.999,1.0251487503019475e-05,0.0012404197363778534,1.2404197363778534e-06
2020-05-12,128092,buy,rebalance,121.8,2.0569775044461236e-05,0.0025053986004153787,2.505398600415379e-06
2020-05-12,128081,buy,rebalance,111.0,1.73450432405141e-06,0.0001925299799697065,1.925299799697065e-07
2020-05-12,128049,buy,rebalance,111.539,0.00078386788793011,0.08743184035183654,8.743184035183655e-05
2020-05-12,123030,buy,rebalance,123.44,0.0007082942348658178,0.08743184035183654,8.743184035183655e-05
2020-05-12,113541,buy,rebalance,110.89,1.2502210511424725e-19,1.3863701236118878e-17,1.3863701236118877e-20
2020-05-12,113554,buy,rebalance,124.98,0.000699566653479249,0.08743184035183654,8.743184035183655e-05
2020-05-21,128085,sell,rebalance,106.512,0.0007886376359246876,0.08399937187761032,8.399937187761032e-05
2020-05-21,128094,sell,rebalance,114.922,0.000723306947749972,0.08312388104932228,8.312388104932228e-05
2020-05-21,128069,sell,rebalance,109.428,0.0007529308132424986,0.08239171303150013,8.239171303150013e-05
2020-05-21,113557,sell,rebalance,107.84,0.0007686692230046376,0.08289328900882012,8.289328900882012e-05
2020-05-21,113541,sell,rebalance,105.02,0.0007892567204554787,0.08288774078223438,8.288774078223438e-05
2020-05-21,123030,sell,rebalance,119.12,0.0007082942348658178,0.08437200925721622,8.437200925721622e-05
2020-05-21,128066,sell,rebalance_resize,109.101,7.93996436379092e-07,8.662580520539531e-05,8.662580520539532e-08
2020-05-21,113566,sell,rebalance_resize,116.08,3.393028591214326e-05,0.00393862758868159,3.93862758868159e-06
2020-05-21,123045,sell,rebalance_resize,105.75,4.970129666167602e-06,0.0005255912121972239,5.25591212197224e-07
2020-05-21,113034,sell,rebalance_resize,106.0,1.4997506022659917e-05,0.0015897356384019512,1.5897356384019513e-06
2020-05-21,127003,sell,rebalance_resize,110.129,1.9180908022043555e-05,0.0021123742195596346,2.1123742195596347e-06
2020-05-21,113536,sell,rebalance_resize,115.46,1.000042553477299e-05,0.0011546491322448893,1.1546491322448894e-06
2020-05-21,128081,sell,rebalance_resize,106.7,3.511827601437799e-06,0.0003747120050734132,3.747120050734132e-07
2020-05-21,113580,buy,rebalance,109.61,0.000763343281900567,0.08367005712912115,8.367005712912115e-05
2020-05-21,113578,buy,rebalance,110.59,0.0007565788690579722,0.08367005712912115,8.367005712912115e-05
2020-05-21,113570,buy,rebalance,108.71,1.0708381721217921e-05,0.0011641081769136002,1.1641081769136002e-06
2020-05-21,113575,buy,rebalance,110.62,2.8543748474682738e-06,0.00031575094562694047,3.157509456269405e-07
2020-05-21,113567,buy,rebalance,106.05,3.77210233045836e-06,0.0004000314521451091,4.0003145214510907e-07
2020-05-21,128025,buy,rebalance,106.79,1.7335800905796706e-05,0.0018512901787300304,1.8512901787300303e-06
2020-05-21,128049,buy,rebalance,106.75,7.246943744294651e-07,7.73611244703454e-05,7.73611244703454e-08
2020-05-21,113549,buy,rebalance,106.0,0.0007893401615954826,0.08367005712912115,8.367005712912115e-05
2020-05-21,113536,buy,rebalance,115.46,1.2007324971051162e-19,1.3863657411575672e-17,1.386365741157567e-20
2020-05-21,113581,buy,rebalance,109.1,0.000766911614382412,0.08367005712912115,8.367005712912115e-05
2020-05-21,128092,buy,rebalance,114.44,1.3317926538421856e-05,0.0015241035130569972,1.5241035130569974e-06
2020-05-21,113554,buy,rebalance,118.18,9.133945540191148e-06,0.00107944968393979,1.07944968393979e-06
2020-05-21,113577,buy,rebalance,118.74,0.0007046492936594337,0.08367005712912115,8.367005712912115e-05
2020-05-21,123047,buy,rebalance,113.32,0.0007383520749128235,0.08367005712912115,8.367005712912115e-05
2020-06-11,113567,sell,rebalance,107.36,0.0007897683100656001,0.08478952576864282,8.478952576864282e-05
2020-06-11,128092,sell,rebalance,111.88,0.0007318575985938712,0.08188022813068231,8.188022813068231e-05
2020-06-11,113554,sell,rebalance,122.9,0.0007087005990194401,0.0870993036194892,8.70993036194892e-05
2020-06-11,113578,sell,rebalance,121.8,0.0007565788690579722,0.09215130625126101,9.215130625126101e-05
2020-06-11,113549,sell,rebalance,108.87,0.0007893401615954826,0.08593546339290019,8.593546339290019e-05
2020-06-11,113577,sell,rebalance,136.0,0.0007046492936594337,0.09583230393768298,9.583230393768298e-05
2020-06-11,123047,sell,rebalance,118.412,0.0007383520749128235,0.08742974589457726,8.742974589457727e-05
2020-06-11,113581,sell,rebalance_resize,127.96,8.695832144593533e-05,0.011127186812221884,1.1127186812221884e-05
2020-06-11,113575,sell,rebalance_resize,121.3,3.9855442772408775e-05,0.004834465208293184,4.834465208293184e-06
2020-06-11,113566,buy,rebalance,119.8,4.731296040698623e-06,0.000566809265675695,5.668092656756951e-07
2020-06-11,113570,buy,rebalance,109.89,2.1304552869439335e-05,0.0023411573148226887,2.341157314822689e-06
2020-06-11,128025,buy,rebalance,109.882,7.531038165293795e-06,0.0008275255356788128,8.275255356788128e-07
2020-06-11,127003,buy,rebalance,113.167,8.30685519463828e-06,0.0009400618818116303,9.400618818116303e-07
2020-06-11,128107,buy,rebalance,109.33,0.000795003227696472,0.08691770288405529,8.691770288405529e-05
2020-06-11,113034,buy,rebalance,106.78,2.4653252543220862e-05,0.0026324743065651236,2.632474306565124e-06
2020-06-11,113536,buy,rebalance,114.8,3.246021962728236e-05,0.003726433213212015,3.726433213212015e-06
2020-06-11,113580,buy,rebalance,112.62,9.217178215462543e-06,0.0010380386106253916,1.0380386106253917e-06
2020-06-11,128081,buy,rebalance,106.78,2.9831647523294708e-05,0.003185423322537409,3.185423322537409e-06
2020-06-11,123026,buy,rebalance,110.398,0.000787312296273984,0.08691770288405529,8.691770288405529e-05
2020-06-11,128066,buy,rebalance,112.428,6.196675922426391e-06,0.0006966798806065543,6.966798806065544e-07
2020-06-11,128094,buy,rebalance,118.199,0.0007353505772811555,0.08691770288405529,8.691770288405529e-05
2020-06-11,128049,buy,rebalance,107.173,2.7214801586586954e-05,0.0029166919304392837,2.9166919304392837e-06
2020-06-11,123043,buy,rebalance,112.6,0.0007719156561639014,0.08691770288405529,8.691770288405529e-05
2020-06-11,128039,buy,rebalance,115.2,0.0007544939486463133,0.08691770288405529,8.691770288405529e-05
2020-06-11,123030,buy,rebalance,121.3,0.0007165515489204888,0.08691770288405529,8.691770288405529e-05
2020-06-11,123045,buy,rebalance,106.666,2.3657167284022586e-05,0.002523415405517553,2.523415405517553e-06
2020-06-11,113565,buy,rebalance,127.3,0.000682778498696428,0.08691770288405529,8.691770288405529e-05
2020-06-23,113575,sell,rebalance,119.77,0.000717286260215594,0.0859093753860217,8.59093753860217e-05
2020-06-23,128049,sell,rebalance,106.67,0.0008118073838911265,0.08659549363966645,8.659549363966645e-05
2020-06-23,113580,sell,rebalance,114.97,0.0007725604601160295,0.08882127609953991,8.882127609953991e-05
2020-06-23,113581,sell,rebalance,141.0,0.0006799532929364767,0.09587341430404321,9.587341430404322e-05
2020-06-23,128094,sell,rebalance,119.598,0.0007353505772811555,0.08794645834167163,8.794645834167162e-05
2020-06-23,123043,sell,rebalance,112.5,0.0007719156561639014,0.08684051131843891,8.684051131843891e-05
2020-06-23,128039,sell,rebalance,115.498,0.0007544939486463133,0.0871425420807519,8.71425420807519e-05
2020-06-23,123026,sell,rebalance_resize,111.031,3.218556219422291e-06,0.0003573595155986764,3.5735951559867643e-07
2020-06-23,123045,sell,rebalance_resize,107.0,2.0369874941442598e-06,0.0002179576618734358,2.179576618734358e-07
2020-06-23,128107,sell,rebalance_resize,110.0,3.56039086012601e-06,0.0003916429946138611,3.916429946138611e-07
2020-06-23,113566,buy,rebalance,118.5,8.401804934658403e-06,0.0009956138847570207,9.956138847570207e-07
2020-06-23,127003,buy,rebalance,112.78,3.1037248366019236e-06,0.0003500380870719649,3.5003808707196495e-07
2020-06-23,113570,buy,rebalance,108.09,1.3673261147576756e-05,0.0014779427974415716,1.4779427974415716e-06
2020-06-23,113561,buy,rebalance,106.29,0.0008182482317703917,0.08697160455487493,8.697160455487493e-05
2020-06-23,113565,buy,rebalance,122.28,2.9154290762641665e-05,0.003564986674455823,3.564986674455823e-06
2020-06-23,123026,buy,rebalance,111.031,1.2486514796150419e-19,1.3863902243313772e-17,1.3863902243313772e-20
2020-06-23,128108,buy,rebalance,137.501,0.0006325161602815611,0.08697160455487493,8.697160455487493e-05
2020-06-23,128066,buy,rebalance,112.228,1.8459930874497897e-06,0.000207172112218315,2.0717211221831502e-07
2020-06-23,113536,buy,rebalance,114.09,5.199405779830643e-06,0.0005932002054208781,5.932002054208782e-07
2020-06-23,128081,buy,rebalance,106.52,2.504072229153824e-06,0.0002667337738494653,2.667337738494653e-07
2020-06-23,128087,buy,rebalance,102.62,0.0008475112507783563,0.08697160455487493,8.697160455487493e-05
2020-06-23,113525,buy,rebalance,108.73,0.0007998859979295036,0.08697160455487493,8.697160455487493e-05
2020-06-23,110066,buy,rebalance,106.59,0.0008159452533527998,0.08697160455487493,8.697160455487493e-05
2020-06-23,113034,buy,rebalance,106.81,2.81937819875835e-07,3.011377854093794e-05,3.011377854093794e-08
2020-06-23,128025,buy,rebalance,109.864,6.091421097186041e-07,6.692278874212472e-05,6.692278874212472e-08
2020-06-23,123030,buy,rebalance,118.0,2.1212900390017562e-05,0.0025031222460220725,2.5031222460220727e-06
2020-06-23,113568,buy,rebalance,108.8,0.0007993713653940711,0.08697160455487493,8.697160455487493e-05
2020-06-23,128092,buy,rebalance,116.4,0.0007471787332893036,0.08697160455487493,8.697160455487493e-05
2020-07-01,113034,sell,rebalance,104.7,0.0008150798791420928,0.08533886334617712,8.533886334617712e-05
2020-07-01,123030,sell,rebalance,118.0,0.0007377644493105064,0.08705620501863975,8.705620501863976e-05
2020-07-01,128108,sell,rebalance,154.1,0.0006325161602815611,0.09747074029938856,9.747074029938856e-05
2020-07-01,113525,sell,rebalance,106.6,0.0007998859979295036,0.08526784737928508,8.526784737928509e-05
2020-07-01,110066,sell,rebalance,112.03,0.0008159452533527998,0.09141034673311416,9.141034673311415e-05
2020-07-01,113568,sell,rebalance,104.52,0.0007993713653940711,0.08355029511098831,8.355029511098831e-05
2020-07-01,128092,sell,rebalance,116.0,0.0007471787332893036,0.08667273306155922,8.667273306155922e-05
2020-07-01,123026,sell,rebalance_resize,110.988,5.58638363005765e-06,0.0006200215463328385,6.200215463328384e-07
2020-07-01,113561,sell,rebalance_resize,106.18,4.4888187468197315e-06,0.0004766227745373191,4.766227745373191e-07
2020-07-01,128013,buy,rebalance,105.72,0.0008164822404391006,0.08631850245922171,8.631850245922171e-05
2020-07-01,113566,buy,rebalance,114.5,1.9944357594333167e-05,0.0022836289445511476,2.283628944551148e-06
2020-07-01,113570,buy,rebalance,106.74,4.0717312328358565e-06,0.0004346165917928993,4.346165917928993e-07
2020-07-01,127003,buy,rebalance,110.599,9.305357210653567e-06,0.0010291632021410739,1.029163202141074e-06
2020-07-01,113565,buy,rebalance,117.91,2.085078772787644e-05,0.002458516380993911,2.458516380993911e-06
2020-07-01,123045,buy,rebalance,105.838,2.7533762257282715e-06,0.0002914118329786288,2.914118329786288e-07
2020-07-01,123051,buy,rebalance,110.2,0.0007832894960001969,0.08631850245922171,8.631850245922171e-05
2020-07-01,128066,buy,rebalance,110.0,9.761075555498214e-06,0.0010737183111048036,1.0737183111048036e-06
2020-07-01,123043,buy,rebalance,112.789,0.0007653095821332019,0.08631850245922171,8.631850245922171e-05
2020-07-01,113536,buy,rebalance,112.76,3.204783254639484e-06,0.0003613713597931482,3.613713597931482e-07
2020-07-01,128087,buy,rebalance,100.568,1.1646742839182917e-05,0.0011712896338509475,1.1712896338509474e-06
2020-07-01,128025,buy,rebalance,107.8,9.099310789527994e-06,0.0009809057031111177,9.809057031111178e-07
2020-07-01,113576,buy,rebalance,100.11,0.0008622365643714085,0.08631850245922171,8.631850245922171e-05
2020-07-01,128094,buy,rebalance,117.05,0.0007374498287844657,0.08631850245922171,8.631850245922171e-05
2020-07-01,128085,buy,rebalance,104.506,0.0008259669536602847,0.08631850245922171,8.631850245922171e-05
2020-07-01,128107,buy,rebalance,108.003,8.57241257335723e-06,0.0009258462751603009,9.258462751603009e-07
2020-07-01,128081,buy,rebalance,104.019,1.3355223202587416e-05,0.0013891969623099406,1.3891969623099405e-06
2020-07-01,123048,buy,rebalance,110.51,0.000781092231103264,0.08631850245922171,8.631850245922171e-05
2020-07-13,128081,sell,rebalance,111.49,0.0008306519271216112,0.09260938335478842,9.260938335478843e-05
2020-07-13,113536,sell,rebalance,119.81,0.0007662700643916467,0.0918068164147632,9.18068164147632e-05
2020-07-13,113566,sell,rebalance,125.0,0.0007546086182059202,0.09432607727574002,9.432607727574002e-05
2020-07-13,128107,sell,rebalance,116.799,0.0008000152494097031,0.09344098111580391,9.344098111580392e-05
2020-07-13,123026,sell,rebalance,119.588,0.0007785073564245042,0.0931001377400936,9.31001377400936e-05
2020-07-13,113565,sell,rebalance,127.0,0.0007327835771869461,0.09306351430274215,9.306351430274216e-05
2020-07-13,113576,sell,rebalance,103.44,0.0008622365643714085,0.08918975021857849,8.918975021857849e-05
2020-07-13,128094,sell,rebalance,119.001,0.0007374498287844657,0.08775726707518021,8.775726707518022e-05
2020-07-13,123048,sell,rebalance,129.0,0.000781092231103264,0.10076089781232105,0.00010076089781232105
2020-07-13,128085,sell,rebalance_resize,112.7,9.652801570884514e-06,0.0010878707370386848,1.0878707370386849e-06
2020-07-13,128013,sell,rebalance_resize,113.04,2.623385693210622e-06,0.00029654751876052876,2.9654751876052874e-07
2020-07-13,127003,sell,rebalance_resize,120.2,1.585680019670575e-05,0.0019059873836440313,1.9059873836440313e-06
2020-07-13,113561,sell,rebalance_resize,116.1,2.1351101736100633e-05,0.002478862911561283,2.4788629115612833e-06
2020-07-13,128087,buy,rebalance,104.99,1.5428691375242872e-05,0.0016198583074867492,1.6198583074867492e-06
2020-07-13,123045,buy,rebalance,109.062,2.449974938513315e-05,0.0026719916674413915,2.6719916674413918e-06
2020-07-13,110058,buy,rebalance,108.08,0.0007678945714840316,0.08299404528599413,8.299404528599414e-05
2020-07-13,113525,buy,rebalance,116.0,0.0007154659076378804,0.08299404528599413,8.299404528599414e-05
2020-07-13,128082,buy,rebalance,114.8,0.000722944645348381,0.08299404528599413,8.299404528599414e-05
2020-07-13,123052,buy,rebalance,114.003,0.0007279987832424948,0.08299404528599413,8.299404528599414e-05
2020-07-13,113570,buy,rebalance,110.82,1.8652687408568425e-05,0.002067090818617553,2.0670908186175527e-06
2020-07-13,113034,buy,rebalance,110.57,0.0007506018385275765,0.08299404528599413,8.299404528599414e-05
2020-07-13,123051,buy,rebalance,117.44,6.979876268604973e-08,8.19716668984968e-06,8.19716668984968e-09
2020-07-13,113557,buy,rebalance,108.27,0.0007665470147408713,0.08299404528599413,8.299404528599414e-05
2020-07-13,128025,buy,rebalance,110.919,2.5169457404561925e-05,0.0027917710458566043,2.7917710458566044e-06
2020-07-13,113541,buy,rebalance,115.6,0.0007179415682179424,0.08299404528599413,8.299404528599414e-05
2020-07-13,123030,buy,rebalance,120.1,0.0006910411764029487,0.08299404528599413,8.299404528599414e-05
2020-07-13,113567,buy,rebalance,114.91,0.0007222525914715354,0.08299404528599413,8.299404528599414e-05
2020-07-13,128049,buy,rebalance,108.221,0.0007668940897422324,0.08299404528599413,8.299404528599414e-05
2020-07-13,128066,buy,rebalance,115.651,9.016487306477903e-06,0.0010427657734814759,1.042765773481476e-06
2020-07-21,127003,sell,rebalance,122.56,0.0007653794088225907,0.09380490034529672,9.380490034529672e-05
2020-07-21,123043,sell,rebalance,129.8,0.0007653095821332019,0.09933718376088962,9.933718376088963e-05
2020-07-21,113525,sell,rebalance,122.74,0.0007154659076378804,0.08781628550347344,8.781628550347344e-05
2020-07-21,113557,sell,rebalance,107.4,0.0007665470147408713,0.08232714938316958,8.232714938316958e-05
2020-07-21,123030,sell,rebalance,125.044,0.0006910411764029487,0.08641055286213031,8.641055286213031e-05
2020-07-21,128049,sell,rebalance,111.0,0.0007668940897422324,0.08512524396138779,8.512524396138779e-05
2020-07-21,123051,sell,rebalance_resize,120.321,9.242199046181796e-06,0.0011120306314356398,1.1120306314356398e-06
2020-07-21,113570,buy,rebalance,110.5,1.4765426032799652e-05,0.0016315795766243615,1.6315795766243615e-06
2020-07-21,128013,buy,rebalance,111.899,1.8503081399245805e-05,0.0020704763054942062,2.0704763054942063e-06
2020-07-21,123045,buy,rebalance,110.4,2.7937073355293986e-06,0.00030842528984244565,3.0842528984244566e-07
2020-07-21,128085,buy,rebalance,110.49,2.66543691293564e-05,0.0029450412451025886,2.9450412451025886e-06
2020-07-21,128087,buy,rebalance,104.37,1.7821853281095593e-05,0.0018600668269479472,1.8600668269479473e-06
2020-07-21,113567,buy,rebalance,117.3,7.172960544014843e-05,0.008413882718129411,8.413882718129412e-06
2020-07-21,128066,buy,rebalance,114.87,1.6328932503333357e-05,0.0018757044766579028,1.8757044766579028e-06
2020-07-21,113561,buy,rebalance,114.47,2.1255573481735403e-05,0.0024331254964542514,2.4331254964542513e-06
2020-07-21,128050,buy,rebalance,111.4,0.0008352719956461298,0.09304930031497886,9.304930031497887e-05
2020-07-21,113034,buy,rebalance,112.4,7.799032104586116e-05,0.008766112085554795,8.766112085554795e-06
2020-07-21,128082,buy,rebalance,113.2,9.976936260917741e-05,0.011293891847358883,1.1293891847358883e-05
2020-07-21,113536,buy,rebalance,120.9,0.0007696385468567317,0.09304930031497886,9.304930031497887e-05
2020-07-21,113576,buy,rebalance,103.16,0.000901990115499989,0.09304930031497886,9.304930031497887e-05
2020-07-21,123052,buy,rebalance,115.597,7.767563162459611e-05,0.008979069988908435,8.979069988908435e-06
2020-07-21,113568,buy,rebalance,108.3,0.0008591809816710884,0.09304930031497886,9.304930031497887e-05
2020-07-21,110058,buy,rebalance,110.0,7.87768794311926e-05,0.008665456737431186,8.665456737431187e-06
2020-07-21,113541,buy,rebalance,117.7,7.33404450041532e-05,0.00863217037698883,8.63217037698883e-06
2020-07-21,128025,buy,rebalance,110.561,1.5747379314543212e-05,0.0017410460043952123,1.7410460043952124e-06
2020-07-21,113546,buy,rebalance,108.84,0.0008549182314863916,0.09304930031497886,9.304930031497887e-05
2020-07-31,128087,sell,rebalance,104.01,0.0008924085382738778,0.09281941206586602,9.281941206586603e-05
2020-07-31,113034,sell,rebalance,117.01,0.0008285921595734376,0.09695356859168794,9.695356859168794e-05
2020-07-31,113536,sell,rebalance,127.66,0.0007696385468567317,0.09825205689173036,9.825205689173036e-05
2020-07-31,110058,sell,rebalance_resize,116.99,4.174419726203845e-05,0.004883653637685878,4.883653637685878e-06
2020-07-31,128025,sell,rebalance_resize,113.1,9.825900358333694e-06,0.0011113093305275407,1.1113093305275406e-06
2020-07-31,113576,sell,rebalance_resize,104.75,3.007400417543174e-06,0.0003150251937376475,3.150251937376475e-07
2020-07-31,128066,sell,rebalance_resize,116.769,4.384729739142964e-06,0.0005120005069099848,5.120005069099848e-07
2020-07-31,123045,buy,rebalance,111.111,3.833224205974451e-06,0.0004259133747500272,4.2591337475002723e-07
2020-07-31,128013,buy,rebalance,111.78,1.0072197267223326e-05,0.0011258702105302234,1.1258702105302234e-06
2020-07-31,128085,buy,rebalance,109.999,1.3102576887092659e-05,0.0014412703550033053,1.4412703550033053e-06
2020-07-31,113570,buy,rebalance,111.39,2.4873249553644383e-06,0.0002770631267780448,2.770631267780448e-07
2020-07-31,113568,buy,rebalance,108.47,8.961774710235046e-06,0.0009720837028191954,9.720837028191954e-07
2020-07-31,128082,buy,rebalance,113.704,5.4697239846833465e-06,0.0006219294959544352,6.219294959544352e-07
2020-07-31,113591,buy,rebalance,105.78,0.0008893192122976825,0.09407218627684887,9.407218627684886e-05
2020-07-31,128050,buy,rebalance,111.2,1.155466566514193e-05,0.0012848788219637826,1.2848788219637826e-06
2020-07-31,113561,buy,rebalance,115.69,3.0796198308430827e-07,3.5628121823023625e-05,3.562812182302363e-08
2020-07-31,123051,buy,rebalance,121.204,2.821697351433477e-06,0.00034200100578314315,3.4200100578314317e-07
2020-07-31,113546,buy,rebalance,109.06,8.528382635990698e-06,0.0009301054102811455,9.301054102811455e-07
2020-07-31,113566,buy,rebalance,120.72,0.0007792593296624326,0.09407218627684887,9.407218627684886e-05
2020-07-31,123052,buy,rebalance,116.276,4.1912561568591334e-06,0.0004873425008949526,4.873425008949527e-07
2020-07-31,128069,buy,rebalance,113.999,0.0008252018550763505,0.09407218627684887,9.407218627684886e-05
2020-07-31,113567,buy,rebalance,114.74,2.6701998553129968e-05,0.0030637873139861323,3.0637873139861325e-06
2020-07-31,113541,buy,rebalance,117.7,8.78070517878099e-06,0.0010334889995425225,1.0334889995425224e-06
2020-08-11,123051,sell,rebalance,127.5,0.0007769387930681347,0.09905969611618717,9.905969611618717e-05
2020-08-11,128082,sell,rebalance,120.7,0.0008281837319422416,0.09996177644542857,9.996177644542857e-05
2020-08-11,123052,sell,rebalance,122.9,0.0008098656710239501,0.09953249096884347,9.953249096884347e-05
2020-08-11,113567,sell,rebalance,113.25,0.0008206841954648138,0.09294248513639017,9.294248513639017e-05
2020-08-11,113546,sell,rebalance,112.22,0.0008634466141223822,0.09689597903681373,9.689597903681372e-05
2020-08-11,113566,sell,rebalance,119.4,0.0007792593296624326,0.09304356396169446,9.304356396169445e-05
2020-08-11,128069,sell,rebalance,115.8,0.0008252018550763505,0.09555837481784138,9.555837481784138e-05
2020-08-11,113570,sell,rebalance_resize,114.19,2.4748968221249707e-06,0.0002826084681184504,2.826084681184504e-07
2020-08-11,113576,sell,rebalance_resize,107.7,5.272004142990259e-06,0.0005677948462000509,5.67794846200051e-07
2020-08-11,123045,sell,rebalance_resize,114.695,8.307652567652005e-06,0.0009528462112468467,9.528462112468467e-07
2020-08-11,113561,sell,rebalance_resize,120.76,1.691451346163709e-05,0.0020425966456272954,2.0425966456272954e-06
2020-08-11,113541,sell,rebalance_resize,121.04,4.8492057754688145e-06,0.0005869478670627454,5.869478670627454e-07
2020-08-11,128050,sell,rebalance_resize,117.19,2.5488291414698986e-05,0.002986972870888574,2.986972870888574e-06
2020-08-11,113527,buy,rebalance,101.7,0.0009454812547865083,0.09615544361178789,9.615544361178789e-05
2020-08-11,128013,buy,rebalance,113.8,3.3677660009918397e-06,0.00038325177091287133,3.8325177091287134e-07
2020-08-11,110058,buy,rebalance,115.5,2.8400258952397908e-05,0.0032802299090019583,3.2802299090019583e-06
2020-08-11,128085,buy,rebalance,110.58,1.4348866034772494e-05,0.0015866976061251425,1.5866976061251425e-06
2020-08-11,113591,buy,rebalance,105.39,2.3956159207574315e-05,0.002524739618886257,2.524739618886257e-06
2020-08-11,127019,buy,rebalance,117.99,0.0008149457039731154,0.09615544361178789,9.615544361178789e-05
2020-08-11,110071,buy,rebalance,115.0,0.0008361342922764165,0.09615544361178789,9.615544361178789e-05
2020-08-11,128066,buy,rebalance,118.39,6.555984605083739e-06,0.0007761630173958639,7.761630173958639e-07
2020-08-11,113568,buy,rebalance,109.84,8.147656110813048e-06,0.0008949385472117052,8.949385472117052e-07
2020-08-11,128025,buy,rebalance,114.987,4.4574328777634185e-06,0.0005125468343153822,5.125468343153823e-07
2020-08-11,128056,buy,rebalance,112.33,0.0008560085784010317,0.09615544361178789,9.615544361178789e-05
2020-08-11,113033,buy,rebalance,110.09,0.0008734257753818502,0.09615544361178789,9.615544361178789e-05
2020-08-11,127007,buy,rebalance,114.62,0.0008389063305861795,0.09615544361178789,9.615544361178789e-05
2020-08-11,113557,buy,rebalance,109.38,0.0008790952972370442,0.09615544361178789,9.615544361178789e-05
2020-08-21,113570,sell,rebalance,112.75,0.0008429165738521706,0.09503884370183224,9.503884370183224e-05
2020-08-21,128025,sell,rebalance,112.7,0.0008370696292074381,0.09433774721167827,9.433774721167828e-05
2020-08-21,113568,sell,rebalance,111.4,0.0008762904124921364,0.097618751951624,9.761875195162401e-05
2020-08-21,113527,sell,rebalance,94.95,0.0009454812547865083,0.08977344514197896,8.977344514197896e-05
2020-08-21,110071,sell,rebalance,115.12,0.0008361342922764165,0.09625577972686107,9.625577972686107e-05
2020-08-21,127007,sell,rebalance,114.023,0.0008389063305861795,0.09565461653242793,9.565461653242794e-05
2020-08-21,113557,sell,rebalance,110.49,0.0008790952972370442,0.09713123939172101,9.713123939172101e-05
2020-08-21,128013,sell,rebalance_resize,114.401,4.5127692726343994e-06,0.0005162653175586479,5.162653175586479e-07
2020-08-21,113576,sell,rebalance_resize,109.61,1.5649240478474653e-05,0.0017153132488456067,1.7153132488456067e-06
2020-08-21,128085,sell,rebalance_resize,111.63,8.247449787597322e-06,0.000920662819789489,9.206628197894891e-07
2020-08-21,113033,sell,rebalance_resize,116.3,4.5873601888917246e-05,0.0053350998996810756,5.335099899681076e-06
2020-08-21,113591,sell,rebalance_resize,105.92,4.6243350888282705e-06,0.0004898095726086904,4.898095726086904e-07
2020-08-21,110058,sell,rebalance_resize,122.6,4.830045080111292e-05,0.005921635268216444,5.921635268216444e-06
2020-08-21,113561,sell,rebalance_resize,123.0,1.4583205020506593e-05,0.0017937342175223109,1.793734217522311e-06
2020-08-21,123063,buy,rebalance,121.0,0.0007945935185011722,0.09614581573864184,9.614581573864185e-05
2020-08-21,127019,buy,rebalance,111.1,5.1287240446031194e-05,0.005698012413554066,5.698012413554066e-06
2020-08-21,113595,buy,rebalance,113.9,0.0008441248089432996,0.09614581573864184,9.614581573864185e-05
2020-08-21,113033,buy,rebalance,116.3,1.1920536949050122e-19,1.3863584471745292e-17,1.3863584471745292e-20
2020-08-21,128066,buy,rebalance,116.9,1.028748207296252e-05,0.0012026066543293188,1.2026066543293187e-06
2020-08-21,113566,buy,rebalance,119.99,0.0008012819046474026,0.09614581573864184,9.614581573864185e-05
2020-08-21,128056,buy,rebalance,112.101,2.5388582306399565e-06,0.00028460854651296975,2.8460854651296974e-07
2020-08-21,123045,buy,rebalance,114.4,2.089116252364249e-06,0.00023899489927047007,2.389948992704701e-07
2020-08-21,128050,buy,rebalance,116.885,2.0698511210673433e-06,0.00024193454828595645,2.4193454828595645e-07
2020-08-21,113541,buy,rebalance,120.46,3.7558901223733864e-06,0.0004524345241410981,4.524345241410981e-07
2020-08-21,128120,buy,rebalance,108.6,0.0008853205869119875,0.09614581573864184,9.614581573864185e-05
2020-08-21,128082,buy,rebalance,115.3,0.0008338752449144999,0.09614581573864184,9.614581573864185e-05
2020-08-21,127003,buy,rebalance,117.1,0.0008210573504580858,0.09614581573864184,9.614581573864185e-05
2020-08-21,123051,buy,rebalance,121.2,0.0007932823080746026,0.09614581573864184,9.614581573864185e-05
2020-09-01,113561,sell,rebalance,123.0,0.0007824741282701472,0.09624431777722811,9.624431777722811e-05
2020-09-01,113576,sell,rebalance,107.45,0.0008780614704609809,0.0943477050010324,9.43477050010324e-05
2020-09-01,128056,sell,rebalance,111.79,0.0008585474366316717,0.09597701794105458,9.597701794105459e-05
2020-09-01,113033,sell,rebalance,113.04,0.0008275521734929331,0.09354649769164117,9.354649769164117e-05
2020-09-01,128120,sell,rebalance,109.367,0.0008853205869119875,0.09682485662880334,9.682485662880334e-05
2020-09-01,127003,sell,rebalance,123.41,0.0008210573504580858,0.10132668762003236,0.00010132668762003236
2020-09-01,123051,sell,rebalance,127.0,0.0007932823080746026,0.10074685312547453,0.00010074685312547454
2020-09-01,113595,sell,rebalance_resize,116.7,1.3409253564282303e-05,0.0015648598909517447,1.5648598909517447e-06
2020-09-01,128050,sell,rebalance_resize,118.47,5.103964136308802e-06,0.0006046666312285037,6.046666312285037e-07
2020-09-01,123045,sell,rebalance_resize,115.8,4.122449860621378e-06,0.00047737969385995555,4.773796938599556e-07
2020-09-01,113541,sell,rebalance_resize,121.38,2.834140121465475e-07,3.4400792794347934e-05,3.440079279434793e-08
2020-09-01,128082,sell,rebalance_resize,116.45,1.3762727141450275e-06,0.00016026695756218845,1.6026695756218846e-07
2020-09-01,123063,sell,rebalance_resize,129.0,4.308572537922394e-05,0.0055580585739198884,5.5580585739198885e-06
2020-09-01,127019,buy,rebalance,111.73,1.4332438538586337e-06,0.00016013633579162515,1.6013633579162516e-07
2020-09-01,113595,buy,rebalance,116.7,1.1879823745157753e-19,1.3863754310599097e-17,1.38637543105991e-20
2020-09-01,128085,buy,rebalance,110.699,1.3562456878096712e-05,0.0015013504139484279,1.5013504139484278e-06
2020-09-01,128013,buy,rebalance,112.85,1.7749219786279765e-05,0.0020029994528816715,2.0029994528816714e-06
2020-09-01,110058,buy,rebalance,120.99,1.6217001296177298e-05,0.001962094986824491,1.9620949868244913e-06
2020-09-01,113591,buy,rebalance,106.59,8.565430560850678e-07,9.129892434810738e-05,9.129892434810738e-08
2020-09-01,128049,buy,rebalance,118.1,0.0008200378754079565,0.09684647308567966,9.684647308567967e-05
2020-09-01,113570,buy,rebalance,113.4,0.0008540253358525543,0.09684647308567966,9.684647308567967e-05
2020-09-01,128066,buy,rebalance,116.09,1.1774521771960612e-05,0.0013669042325069073,1.3669042325069074e-06
2020-09-01,110071,buy,rebalance,115.83,0.0008361087204150882,0.09684647308567966,9.684647308567967e-05
2020-09-01,123048,buy,rebalance,126.0,0.0007686228022672989,0.09684647308567966,9.684647308567967e-05
2020-09-01,113566,buy,rebalance,119.7,8.60500164207214e-06,0.0010300186965560352,1.0300186965560353e-06
2020-09-01,128073,buy,rebalance,117.9,0.000821428948987953,0.09684647308567966,9.684647308567967e-05
2020-09-01,123062,buy,rebalance,121.33,0.0007982071465068792,0.09684647308567966,9.684647308567967e-05
2020-09-01,113568,buy,rebalance,111.09,0.0008717838967114921,0.09684647308567966,9.684647308567967e-05
2020-09-11,110058,sell,rebalance,124.2,0.000801244063100648,0.09951451263710048,9.951451263710049e-05
2020-09-11,113591,sell,rebalance,105.98,0.0009095075794725136,0.096389613272497,9.6389613272497e-05
2020-09-11,123063,sell,rebalance,122.05,0.0007515077931219483,0.09172152615053379,9.17215261505338e-05
2020-09-11,113570,sell,rebalance,109.55,0.0008540253358525543,0.09355847554264732,9.355847554264732e-05
2020-09-11,110071,sell,rebalance,113.5,0.0008361087204150882,0.09489833976711251,9.489833976711251e-05
2020-09-11,123048,sell,rebalance,119.73,0.0007686228022672989,0.0920272081154637,9.20272081154637e-05
2020-09-11,113568,sell,rebalance,109.8,0.0008717838967114921,0.09572187185892182,9.572187185892182e-05
2020-09-11,128085,sell,rebalance_resize,109.5,7.4635566349783875e-06,0.0008172594515301335,8.172594515301334e-07
2020-09-11,127019,sell,rebalance_resize,110.92,1.051040123480103e-05,0.0011658137049641304,1.1658137049641305e-06
2020-09-11,113595,sell,rebalance_resize,114.7,1.8077968935978434e-06,0.00020735430369567265,2.0735430369567267e-07
2020-09-11,128013,sell,rebalance_resize,112.0,1.0147993692374573e-05,0.0011365752935459522,1.1365752935459522e-06
2020-09-11,113566,sell,rebalance_resize,119.7,1.560353203485806e-05,0.0018677427845725098,1.86774278457251e-06
2020-09-11,123045,sell,rebalance_resize,114.708,8.321945342289074e-06,0.0009545937063232951,9.54593706323295e-07
2020-09-11,128066,sell,rebalance_resize,114.555,5.111705022826207e-06,0.0005855713688898562,5.855713688898561e-07
2020-09-11,128049,sell,rebalance_resize,117.683,1.2141068747031769e-05,0.0014287973933569398,1.4287973933569398e-06
2020-09-11,128056,buy,rebalance,111.5,0.0008518348354112503,0.0949795841483544,9.49795841483544e-05
2020-09-11,127019,buy,rebalance,110.92,1.249887783271832e-19,1.3863755292051159e-17,1.386375529205116e-20
2020-09-11,113576,buy,rebalance,107.96,0.0008797664333860171,0.0949795841483544,9.49795841483544e-05
2020-09-11,128064,buy,rebalance,115.401,0.0008230395243399485,0.0949795841483544,9.49795841483544e-05
2020-09-11,128100,buy,rebalance,106.59,0.0008910740608720744,0.0949795841483544,9.49795841483544e-05
2020-09-11,127003,buy,rebalance,117.088,0.0008111811983154073,0.0949795841483544,9.49795841483544e-05
2020-09-11,128050,buy,rebalance,115.3,6.283657891193714e-06,0.0007245057548546352,7.245057548546353e-07
2020-09-11,113541,buy,rebalance,117.17,1.2735105077866736e-05,0.0014921722619736454,1.4921722619736455e-06
2020-09-11,123062,buy,rebalance,117.0,1.4391277617187458e-05,0.0016837794812109325,1.6837794812109325e-06
2020-09-11,113565,buy,rebalance,121.3,0.0007830138841579094,0.0949795841483544,9.49795841483544e-05
2020-09-11,128082,buy,rebalance,111.99,1.6450533801415986e-05,0.0018422952804205762,1.8422952804205762e-06
2020-09-11,128073,buy,rebalance,115.68,4.5613478021114e-07,5.276567137482468e-05,5.276567137482468e-08
2020-09-11,113561,buy,rebalance,123.48,0.0007691900238771817,0.0949795841483544,9.49795841483544e-05
2020-09-22,113541,sell,rebalance,122.94,0.0008114210938135013,0.09975610927343186,9.975610927343185e-05
2020-09-22,128050,sell,rebalance,114.802,0.0008245879147725251,0.09466434179171543,9.466434179171543e-05
2020-09-22,113566,sell,rebalance,116.9,0.0007942833742546167,0.0928517264503647,9.28517264503647e-05
2020-09-22,128073,sell,rebalance,114.8,0.0008218850837681641,0.09435240761658524,9.435240761658524e-05
2020-09-22,113576,sell,rebalance,166.0,0.0008797664333860171,0.14604122794207883,0.00014604122794207883
2020-09-22,128064,sell,rebalance,111.4,0.0008230395243399485,0.09168660301147027,9.168660301147028e-05
2020-09-22,113565,sell,rebalance,123.02,0.0007830138841579094,0.096326368029106,9.632636802910601e-05
2020-09-22,113561,sell,rebalance,128.3,0.0007691900238771817,0.09868708006344241,9.868708006344242e-05
2020-09-22,123062,sell,rebalance_resize,123.0,1.4395457972253996e-05,0.0017706413305872415,1.7706413305872416e-06
2020-09-22,128056,sell,rebalance_resize,115.523,1.969745025154327e-06,0.00022755085454090332,2.2755085454090333e-07
2020-09-22,123045,sell,rebalance_resize,118.5,3.3547735448439296e-07,3.9754066506400565e-05,3.975406650640057e-08
2020-09-22,127019,buy,rebalance,112.3,1.708322980471655e-05,0.0019184467070696685,1.9184467070696687e-06
2020-09-22,123004,buy,rebalance,114.5,0.0008565994661489803,0.09808063887405824,9.808063887405824e-05
2020-09-22,128085,buy,rebalance,112.0,8.318146778789805e-06,0.0009316324392244582,9.316324392244582e-07
2020-09-22,128130,buy,rebalance,112.005,0.0008756808970497589,0.09808063887405824,9.808063887405824e-05
2020-09-22,128013,buy,rebalance,111.26,3.3504285379816454e-05,0.003727686791358379,3.727686791358379e-06
2020-09-22,128082,buy,rebalance,112.083,2.69722140487653e-05,0.003023126667227761,3.023126667227761e-06
2020-09-22,128100,buy,rebalance,107.0,2.6459832147572988e-05,0.0028312020397903096,2.8312020397903097e-06
2020-09-22,127003,buy,rebalance,116.488,3.161182095090095e-05,0.003682397798928549,3.6823977989285492e-06
2020-09-22,113595,buy,rebalance,112.66,4.2512119393146664e-05,0.004789415370831903,4.789415370831903e-06
2020-09-22,110058,buy,rebalance,118.5,0.0008276847162367784,0.09808063887405824,9.808063887405824e-05
2020-09-22,113033,buy,rebalance,111.77,0.0008775220441447458,0.09808063887405824,9.808063887405824e-05
2020-09-22,113599,buy,rebalance,120.95,0.0008109188827950247,0.09808063887405824,9.808063887405824e-05
2020-09-22,113567,buy,rebalance,112.02,0.0008755636392970741,0.09808063887405824,9.808063887405824e-05
2020-09-22,113601,buy,rebalance,108.29,0.0009057220322657516,0.09808063887405824,9.808063887405824e-05
2020-09-22,128066,buy,rebalance,113.53,3.479248616784514e-05,0.003949990954635459,3.949990954635459e-06
2020-09-22,128049,buy,rebalance,114.99,4.5861589911134366e-05,0.005273624223881341,5.273624223881341e-06
2020-09-22,113525,buy,rebalance,117.56,0.0008343028145122341,0.09808063887405824,9.808063887405824e-05
2020-10-09,128066,sell,rebalance,111.13,0.0008647494491836683,0.09609960628778105,9.609960628778105e-05
2020-10-09,128082,sell,rebalance,111.521,0.0008759217200505362,0.09768366614175585,9.768366614175584e-05
2020-10-09,128049,sell,rebalance,112.35,0.0008537583965720592,0.09591975585487085,9.591975585487085e-05
2020-10-09,128100,sell,rebalance,103.107,0.0009175338930196474,0.09460416710757678,9.460416710757679e-05
2020-10-09,127003,sell,rebalance,109.078,0.0008427930192663083,0.09193017695553038,9.193017695553038e-05
2020-10-09,128130,sell,rebalance,109.7,0.0008756808970497589,0.09606219440635855,9.606219440635855e-05
2020-10-09,113033,sell,rebalance,110.01,0.0008775220441447458,0.0965362000763635,9.65362000763635e-05
2020-10-09,113601,sell,rebalance,104.35,0.0009057220322657516,0.09451209406693117,9.451209406693117e-05
2020-10-09,113525,sell,rebalance,116.02,0.0008343028145122341,0.0967958125397094,9.67958125397094e-05
2020-10-09,113599,sell,rebalance_resize,118.43,8.091312160741608e-06,0.0009582540991966286,9.582540991966286e-07
2020-10-09,128056,sell,rebalance_resize,118.0,4.411196165543376e-05,0.005205211475341184,5.205211475341185e-06
2020-10-09,113595,sell,rebalance_resize,110.08,7.694685380218347e-06,0.0008470309666544356,8.470309666544355e-07
2020-10-09,123062,sell,rebalance_resize,121.0,1.2427187720257729e-05,0.0015036897141511851,1.503689714151185e-06
2020-10-09,128013,sell,rebalance_resize,108.31,4.554468128904535e-06,0.0004932944430416503,4.932944430416503e-07
2020-10-09,110058,sell,rebalance_resize,116.9,1.434965045219215e-05,0.0016774741378612623,1.6774741378612624e-06
2020-10-09,123045,sell,rebalance_resize,115.012,1.8279585688861571e-06,0.0002102371709247347,2.102371709247347e-07
2020-10-09,113567,sell,rebalance_resize,112.61,3.124369266517522e-05,0.0035183522310253817,3.518352231025382e-06
2020-10-09,128085,sell,rebalance_resize,108.601,1.1015898993646287e-06,0.00011963376466089803,1.1963376466089803e-07
2020-10-09,127019,buy,rebalance,90.0,0.00018200782502117156,0.01638070425190544,1.6380704251905442e-05
2020-10-09,113561,buy,rebalance,111.9,0.0008488141693325451,0.0949823055483118,9.498230554831181e-05
2020-10-09,110071,buy,rebalance,111.43,0.000852394378069746,0.0949823055483118,9.498230554831181e-05
2020-10-09,110058,buy,rebalance,116.9,1.1859446793321826e-19,1.3863693301393214e-17,1.3863693301393216e-20
2020-10-09,123051,buy,rebalance,122.59,0.0007747965213174957,0.0949823055483118,9.498230554831181e-05
2020-10-09,113576,buy,rebalance,122.85,0.0007731567403199984,0.0949823055483118,9.498230554831181e-05
2020-10-09,123052,buy,rebalance,119.3,0.0007961634999858492,0.0949823055483118,9.498230554831181e-05
2020-10-09,123028,buy,rebalance,112.303,0.000845768194512273,0.0949823055483118,9.498230554831181e-05
2020-10-09,123048,buy,rebalance,131.0,0.0007250557675443649,0.0949823055483118,9.498230554831181e-05
2020-10-09,113567,buy,rebalance,112.61,1.2311245272527498e-19,1.3863693301393214e-17,1.3863693301393216e-20
2020-10-09,128051,buy,rebalance,116.501,0.0008152917618587977,0.0949823055483118,9.498230554831181e-05
2020-10-09,128022,buy,rebalance,117.98,0.0008050712455357841,0.0949823055483118,9.498230554831181e-05
2020-10-09,123004,buy,rebalance,109.0,1.56678087728482e-05,0.001707791156240454,1.7077911562404539e-06
2020-10-13,127019,sell,rebalance,96.001,0.0010562468418640924,0.10140075306579474,0.00010140075306579474
2020-10-13,128056,sell,rebalance,118.8,0.0008057531287306622,0.09572347169320267,9.572347169320266e-05
2020-10-13,110058,sell,rebalance,123.0,0.0008133350657845863,0.10004021309150411,0.00010004021309150412
2020-10-13,123051,sell,rebalance,131.1,0.0007747965213174957,0.10157582394472368,0.00010157582394472369
2020-10-13,113576,sell,rebalance,140.51,0.0007731567403199984,0.10863625358236298,0.00010863625358236299
2020-10-13,123052,sell,rebalance,125.983,0.0007961634999858492,0.10030306621871724,0.00010030306621871724
2020-10-13,123048,sell,rebalance,153.4,0.0007250557675443649,0.11122355474130559,0.00011122355474130559
2020-10-13,128051,sell,rebalance,121.009,0.0008152917618587977,0.09865764081077126,9.865764081077127e-05
2020-10-13,128022,sell,rebalance,117.71,0.0008050712455357841,0.09476493631201714,9.476493631201714e-05
2020-10-13,113561,sell,rebalance_resize,119.0,1.3782886794855684e-05,0.0016401635285878263,1.6401635285878263e-06
2020-10-13,128128,buy,rebalance,105.0,0.0009454216652015021,0.09926927484615772,9.926927484615772e-05
2020-10-13,128013,buy,rebalance,110.662,2.0087712133696965e-05,0.0022229464001391735,2.2229464001391735e-06
2020-10-13,128127,buy,rebalance,106.325,0.0009336400173633456,0.09926927484615772,9.926927484615772e-05
2020-10-13,113599,buy,rebalance,121.99,1.172517709618941e-05,0.001430354353964146,1.430354353964146e-06
2020-10-13,113595,buy,rebalance,111.66,2.6170877063070684e-05,0.0029222401328624723,2.9222401328624723e-06
2020-10-13,128085,buy,rebalance,110.499,2.376082130867132e-05,0.002625546993786872,2.6255469937868722e-06
2020-10-13,128050,buy,rebalance,115.2,0.0008617124552617857,0.09926927484615772,9.926927484615772e-05
2020-10-13,123062,buy,rebalance,124.95,9.482610038390403e-06,0.0011848521242968809,1.1848521242968809e-06
2020-10-13,110071,buy,rebalance,113.78,2.092551501922584e-05,0.0023809050988875162,2.3809050988875165e-06
2020-10-13,128082,buy,rebalance,113.9,0.0008715476281488825,0.09926927484615772,9.926927484615772e-05
2020-10-13,113567,buy,rebalance,114.5,2.3505611359007394e-05,0.0026913925006063467,2.691392500606347e-06
2020-10-13,113601,buy,rebalance,106.0,0.0009365025928882803,0.09926927484615772,9.926927484615772e-05
2020-10-13,128066,buy,rebalance,114.498,0.0008669957103718643,0.09926927484615772,9.926927484615772e-05
2020-10-13,113039,buy,rebalance,105.98,0.0009366793248363626,0.09926927484615772,9.926927484615772e-05
2020-10-13,123054,buy,rebalance,114.8,0.0008647149376843007,0.09926927484615772,9.926927484615772e-05
2020-10-13,123028,buy,rebalance,116.68,5.8605129590167655e-06,0.0006838046520580762,6.838046520580762e-07
2020-10-13,128100,buy,rebalance,106.0,0.0009365025928882803,0.09926927484615772,9.926927484615772e-05
2020-10-13,123004,buy,rebalance,112.001,1.4930583800245479e-05,0.0016722403162112939,1.6722403162112938e-06
2020-10-13,123045,buy,rebalance,119.109,7.573022629902664e-06,0.0009020151524250764,9.020151524250764e-07
2020-10-21,123045,sell,rebalance,134.0,0.000834259535256569,0.11179077772438024,0.00011179077772438024
2020-10-21,123062,sell,rebalance,131.0,0.0007952583884699453,0.10417884888956283,0.00010417884888956283
2020-10-21,113599,sell,rebalance,112.29,0.0008145527477304724,0.09146612804265476,9.146612804265476e-05
2020-10-21,113561,sell,rebalance,125.4,0.0008350312825376894,0.10471292283022625,0.00010471292283022625
2020-10-21,128050,sell,rebalance,126.0,0.0008617124552617857,0.10857576936298499,0.00010857576936298499
2020-10-21,128100,sell,rebalance,106.388,0.0009365025928882803,0.09963263785219838,9.963263785219838e-05
2020-10-21,128127,sell,rebalance_resize,108.8,3.6705939687804775e-06,0.00039936062380331594,3.9936062380331597e-07
2020-10-21,113595,sell,rebalance_resize,114.05,2.7354096286814743e-06,0.00031197346815112215,3.1197346815112215e-07
2020-10-21,123054,sell,rebalance_resize,117.5,3.602824787886401e-06,0.00042333191257665215,4.2333191257665216e-07
2020-10-21,123028,sell,rebalance_resize,119.821,7.196819360452147e-06,0.0008623300925887367,8.623300925887367e-07
2020-10-21,128128,buy,rebalance,106.89,1.1640625431572224e-06,0.0001244266452380755,1.244266452380755e-07
2020-10-21,123023,buy,rebalance,118.48,0.0008531336006587988,0.10107926900605449,0.00010107926900605449
2020-10-21,123067,buy,rebalance,113.15,0.0008933209810521828,0.10107926900605449,0.00010107926900605449
2020-10-21,128013,buy,rebalance,110.09,2.1123257346576108e-05,0.002325459401284564,2.325459401284564e-06
2020-10-21,113593,buy,rebalance,116.0,0.0008713730086728835,0.10107926900605449,0.00010107926900605449
2020-10-21,113039,buy,rebalance,106.26,1.5504191942543212e-05,0.0016474754358146418,1.6474754358146418e-06
2020-10-21,128066,buy,rebalance,115.5,9.01838739916013e-06,0.0010416237446029951,1.0416237446029952e-06
2020-10-21,128085,buy,rebalance,110.148,1.9320208385105312e-05,0.0021280823132025796,2.12808231320258e-06
2020-10-21,113034,buy,rebalance,119.0,0.0008494056218996175,0.10107926900605449,0.00010107926900605449
2020-10-21,123004,buy,rebalance,112.5,1.2173690804723322e-05,0.0013695402155313738,1.369540215531374e-06
2020-10-21,113568,buy,rebalance,112.93,0.0008950612680957628,0.10107926900605449,0.00010107926900605449
2020-10-21,110071,buy,rebalance,112.92,2.269588981456346e-05,0.002562819877860506,2.562819877860506e-06
2020-10-21,128082,buy,rebalance,113.201,2.2244362073366432e-05,0.0025180840310671535,2.5180840310671535e-06
2020-10-21,113025,buy,rebalance,124.11,0.0008144329143989565,0.10107926900605449,0.00010107926900605449
2020-10-21,113601,buy,rebalance,107.33,6.197546345697152e-06,0.0006651826492836754,6.651826492836754e-07
2020-10-21,113567,buy,rebalance,116.3,2.1694561652093796e-06,0.00025230775201385083,2.5230775201385085e-07
2020-11-02,123004,sell,rebalance,107.329,0.0008993715495267973,0.09652864903916161,9.652864903916162e-05
2020-11-02,110071,sell,rebalance,109.2,0.0008960157829035353,0.09784492349306606,9.784492349306606e-05
2020-11-02,128082,sell,rebalance,110.799,0.0008937919902222489,0.09903125872463496,9.903125872463496e-05
2020-11-02,113601,sell,rebalance,107.06,0.0009427001392339775,0.10092547690638963,0.00010092547690638964
2020-11-02,113039,sell,rebalance,104.11,0.0009521835167789058,0.09913182593185188,9.913182593185188e-05
2020-11-02,123054,sell,rebalance,118.0,0.0008611121128964143,0.10161122932177688,0.00010161122932177689
2020-11-02,123067,sell,rebalance,116.781,0.0008933209810521828,0.10432291748825497,0.00010432291748825496
2020-11-02,128128,sell,rebalance_resize,107.5,2.381620825228249e-05,0.0025602423871203678,2.560242387120368e-06
2020-11-02,128127,sell,rebalance_resize,107.5,7.199903902188222e-06,0.0007739896694852338,7.739896694852339e-07
2020-11-02,128066,sell,rebalance_resize,115.6,1.7902304125431757e-05,0.002069506356899911,2.069506356899911e-06
2020-11-02,113567,sell,rebalance_resize,115.0,7.406115500198313e-06,0.000851703282522806,8.517032825228061e-07
2020-11-02,113034,sell,rebalance_resize,118.65,1.335232779569418e-05,0.0015842536929591144,1.5842536929591144e-06
2020-11-02,113025,buy,rebalance,119.41,1.6282749501758526e-05,0.0019443231180049857,1.9443231180049856e-06
2020-11-02,113595,buy,rebalance,111.33,3.8596300174258935e-06,0.0004296926098400247,4.296926098400247e-07
2020-11-02,128013,buy,rebalance,107.0,8.0222722500072e-06,0.0008583831307507705,8.583831307507704e-07
2020-11-02,113561,buy,rebalance,121.11,0.000818243952829735,0.09909752512720921,9.90975251272092e-05
2020-11-02,113568,buy,rebalance,108.63,1.809104974042103e-05,0.0019652307333019366,1.9652307333019366e-06
2020-11-02,113033,buy,rebalance,109.9,0.0009017063250883458,0.09909752512720921,9.90975251272092e-05
2020-11-02,123023,buy,rebalance,109.491,5.280275669939655e-05,0.005781426633773627,5.781426633773627e-06
2020-11-02,113593,buy,rebalance,113.77,5.410381569452448e-07,6.155391111566051e-05,6.155391111566051e-08
2020-11-02,110058,buy,rebalance,125.01,0.0007927167836749797,0.09909752512720921,9.90975251272092e-05
2020-11-02,128057,buy,rebalance,122.601,0.0008082929594963272,0.09909752512720921,9.90975251272092e-05
2020-11-02,128064,buy,rebalance,109.0,0.0009091516066716441,0.09909752512720921,9.90975251272092e-05
2020-11-02,128085,buy,rebalance,107.75,2.0574414642676574e-06,0.0002216893177748401,2.216893177748401e-07
2020-11-02,123028,buy,rebalance,116.432,7.540384562680932e-06,0.0008779420554020662,8.779420554020663e-07
2020-11-02,127007,buy,rebalance,109.7,0.0009033502746327184,0.09909752512720921,9.90975251272092e-05
2020-11-02,128105,buy,rebalance,118.056,0.0008394111703531308,0.09909752512720921,9.90975251272092e-05
2020-11-11,113595,sell,rebalance,118.0,0.000891020289950163,0.10514039421411923,0.00010514039421411923
2020-11-11,113567,sell,rebalance,119.17,0.0008625888986559174,0.10279471905282568,0.00010279471905282568
2020-11-11,123023,sell,rebalance,111.7,0.0009059363573581953,0.10119309111691042,0.00010119309111691042
2020-11-11,113593,sell,rebalance,118.17,0.0008719140468298288,0.10303408291388086,0.00010303408291388086
2020-11-11,113568,sell,rebalance,110.86,0.0009131523178361838,0.10123206595531933,0.00010123206595531934
2020-11-11,113025,sell,rebalance,124.1,0.0008307156639007151,0.10309181389007874,0.00010309181389007874
2020-11-11,113033,sell,rebalance,109.7,0.0009017063250883458,0.09891718386219155,9.891718386219155e-05
2020-11-11,110058,sell,rebalance,127.3,0.0007927167836749797,0.1009128465618249,0.00010091284656182491
2020-11-11,128057,sell,rebalance,122.0,0.0008082929594963272,0.09861174105855192,9.861174105855192e-05
2020-11-11,128064,sell,rebalance,112.0,0.0009091516066716441,0.10182497994722414,0.00010182497994722415
2020-11-11,127007,sell,rebalance,108.5,0.0009033502746327184,0.09801350479764995,9.801350479764995e-05
2020-11-11,128105,sell,rebalance,119.435,0.0008394111703531308,0.10025507313112618,0.00010025507313112618
2020-11-11,128128,sell,rebalance_resize,109.9,3.6438056379161197e-06,0.00040045423960698157,4.004542396069816e-07
2020-11-11,128127,sell,rebalance_resize,111.599,1.7636714067550252e-05,0.0019682396532245405,1.9682396532245406e-06
2020-11-11,113034,sell,rebalance_resize,124.88,2.7181449512273544e-05,0.00339441941509272,3.39441941509272e-06
2020-11-11,128108,buy,rebalance,120.9,0.0008346611090953195,0.10091052808962413,0.00010091052808962413
2020-11-11,128013,buy,rebalance,108.0,8.213850159906367e-06,0.0008870958172698876,8.870958172698876e-07
2020-11-11,128066,buy,rebalance,115.7,1.4923479807063981e-05,0.0017266466136773026,1.7266466136773027e-06
2020-11-11,123057,buy,rebalance,118.7,0.0008501308179412311,0.10091052808962413,0.00010091052808962413
2020-11-11,128050,buy,rebalance,122.82,0.0008216131581959301,0.10091052808962413,0.00010091052808962413
2020-11-11,123028,buy,rebalance,117.7,6.236550082961513e-06,0.0007340419447645701,7.340419447645701e-07
2020-11-11,128082,buy,rebalance,113.428,0.0008896438982405061,0.10091052808962413,0.00010091052808962413
2020-11-11,128056,buy,rebalance,122.286,0.0008252009885810651,0.10091052808962413,0.00010091052808962413
2020-11-11,113561,buy,rebalance,118.57,3.3640236779446476e-05,0.003988722874938969,3.988722874938968e-06
2020-11-11,113034,buy,rebalance,124.88,1.110174437022351e-19,1.3863858369535117e-17,1.3863858369535118e-20
2020-11-11,113601,buy,rebalance,108.66,0.0009286814659453721,0.10091052808962413,0.00010091052808962413
2020-11-11,123054,buy,rebalance,117.19,0.0008610848032223239,0.10091052808962413,0.00010091052808962413
2020-11-11,113027,buy,rebalance,118.61,0.0008507758881175628,0.10091052808962413,0.00010091052808962413
2020-11-11,128051,buy,rebalance,117.5,0.0008588130050180777,0.10091052808962413,0.00010091052808962413
2020-11-11,113541,buy,rebalance,121.78,0.0008286297264708829,0.10091052808962413,0.00010091052808962413
2020-11-11,113549,buy,rebalance,111.3,0.0009066534419552932,0.10091052808962413,0.00010091052808962413
2020-11-11,128085,buy,rebalance,109.631,7.537593742401614e-07,8.263539395732313e-05,8.263539395732313e-08
2020-11-11,110057,buy,rebalance,115.2,0.0008759594452224317,0.10091052808962413,0.00010091052808962413
2020-11-23,123028,sell,rebalance,118.985,0.0008582088227564802,0.1021139767756798,0.00010211397677567979
2020-11-23,113034,sell,rebalance,131.5,0.0008088718445916499,0.10636664756380197,0.00010636664756380197
2020-11-23,113561,sell,rebalance,123.58,0.0008518841896091815,0.10527584815190265,0.00010527584815190264
2020-11-23,123057,sell,rebalance,121.4,0.0008501308179412311,0.10320588129806546,0.00010320588129806546
2020-11-23,128050,sell,rebalance,129.5,0.0008216131581959301,0.10639890398637294,0.00010639890398637295
2020-11-23,128056,sell,rebalance,121.1,0.0008252009885810651,0.09993183971716697,9.993183971716698e-05
2020-11-23,123054,sell,rebalance,113.402,0.0008610848032223239,0.09764873885501797,9.764873885501798e-05
2020-11-23,113027,sell,rebalance,123.01,0.0008507758881175628,0.1046539419973414,0.0001046539419973414
2020-11-23,128051,sell,rebalance,115.23,0.0008588130050180777,0.0989610225682331,9.896102256823309e-05
2020-11-23,113541,sell,rebalance,120.28,0.0008286297264708829,0.09966758349991779,9.96675834999178e-05
2020-11-23,113549,sell,rebalance,111.31,0.0009066534419552932,0.1009195946240437,0.00010091959462404369
2020-11-23,128128,sell,rebalance_resize,112.113,1.4445717106990229e-05,0.0016195526820159956,1.6195526820159956e-06
2020-11-23,128085,sell,rebalance_resize,110.1,1.5959823538045303e-07,1.7571765715387877e-05,1.757176571538788e-08
2020-11-23,128082,sell,rebalance_resize,114.198,1.4813343133869098e-06,0.00016916541592015832,1.6916541592015832e-07
2020-11-23,127018,buy,rebalance,84.65,0.0011969864246256646,0.10132490084456251,0.00010132490084456251
2020-11-23,127023,buy,rebalance,112.77,0.0008985093628142459,0.10132490084456251,0.00010132490084456251
2020-11-23,128013,buy,rebalance,107.019,1.2442154539620237e-05,0.0013315469366756182,1.3315469366756183e-06
2020-11-23,128127,buy,rebalance,108.096,3.313319107695311e-05,0.003581565422654324,3.581565422654324e-06
2020-11-23,128066,buy,rebalance,114.327,1.4111005339733292e-05,0.001613268907475688,1.613268907475688e-06
2020-11-23,110070,buy,rebalance,101.56,0.000997685120564814,0.10132490084456251,0.00010132490084456251
2020-11-23,123023,buy,rebalance,114.099,0.000888043723823719,0.10132490084456251,0.00010132490084456251
2020-11-23,113039,buy,rebalance,103.72,0.0009769080297393224,0.10132490084456251,0.00010132490084456251
2020-11-23,128108,buy,rebalance,120.6,6.347363159702947e-06,0.0007654919970601754,7.654919970601754e-07
2020-11-23,113595,buy,rebalance,107.22,0.0009450186611132486,0.10132490084456251,0.00010132490084456251
2020-11-23,113601,buy,rebalance,106.51,2.356597028336244e-05,0.0025100114948809335,2.5100114948809334e-06
2020-11-23,113568,buy,rebalance,110.05,0.000920716954516697,0.10132490084456251,0.00010132490084456251
2020-11-23,110033,buy,rebalance,111.33,0.0009101311492370656,0.10132490084456251,0.00010132490084456251
2020-11-23,123010,buy,rebalance,110.7,0.0009153107574034554,0.10132490084456251,0.00010132490084456251
2020-11-23,110057,buy,rebalance,115.42,2.7969672790451596e-06,0.0003228259633473923,3.228259633473923e-07
2020-11-23,113567,buy,rebalance,114.86,0.0008821600282479759,0.10132490084456251,0.00010132490084456251
2020-11-23,128107,buy,rebalance,115.756,0.0008753317395604765,0.10132490084456251,0.00010132490084456251
2020-12-01,127023,sell,rebalance,115.5,0.0008985093628142459,0.1037778314050454,0.0001037778314050454
2020-12-01,110070,sell,rebalance,105.0,0.000997685120564814,0.10475693765930548,0.00010475693765930548
2020-12-01,123023,sell,rebalance,105.999,0.000888043723823719,0.09413174668159038,9.413174668159039e-05
2020-12-01,113568,sell,rebalance,111.5,0.000920716954516697,0.10265994042861172,0.00010265994042861173
2020-12-01,110033,sell,rebalance,113.49,0.0009101311492370656,0.10329078412691457,0.00010329078412691457
2020-12-01,123010,sell,rebalance,113.0,0.0009153107574034554,0.10343011558659046,0.00010343011558659046
2020-12-01,113567,sell,rebalance,116.07,0.0008821600282479759,0.10239231447874256,0.00010239231447874256
2020-12-01,128107,sell,rebalance,116.499,0.0008753317395604765,0.10197527232705594,0.00010197527232705595
2020-12-01,128128,sell,rebalance_resize,114.9,1.7941587638962843e-05,0.002061488419716831,2.061488419716831e-06
2020-12-01,113601,sell,rebalance_resize,109.01,1.7597007767423373e-05,0.001918249816726822,1.918249816726822e-06
2020-12-01,128013,sell,rebalance_resize,107.95,3.901321660893556e-06,0.00042114767329345937,4.211476732934594e-07
2020-12-01,113039,sell,rebalance_resize,104.5,1.9200564707334775e-06,0.0002006459011916484,2.006459011916484e-07
2020-12-01,128082,sell,rebalance_resize,115.8,8.31590411220094e-06,0.0009629816961928689,9.62981696192869e-07
2020-12-01,113595,sell,rebalance_resize,108.85,8.99437809471346e-06,0.0009790380556095601,9.790380556095602e-07
2020-12-01,127018,buy,rebalance,84.608,7.221538435773419e-06,0.0006109999239739174,6.109999239739174e-07
2020-12-01,128127,buy,rebalance,108.404,1.60769393023759e-06,0.0001742804528134757,1.742804528134757e-07
2020-12-01,110058,buy,rebalance,108.9,0.0009346524208458697,0.10178364863011521,0.00010178364863011522
2020-12-01,128085,buy,rebalance,110.55,4.094060523632614e-07,4.5259839088758546e-05,4.5259839088758546e-08
2020-12-01,113016,buy,rebalance,121.0,0.0008411871787612828,0.10178364863011521,0.00010178364863011522
2020-12-01,128066,buy,rebalance,113.3,1.2102274555996862e-05,0.0013711877071944443,1.3711877071944443e-06
2020-12-01,128108,buy,rebalance,117.696,2.463963910737394e-05,0.002899986964381483,2.899986964381483e-06
2020-12-01,113033,buy,rebalance,109.25,0.0009316581110308029,0.10178364863011521,0.00010178364863011522
2020-12-01,110057,buy,rebalance,113.73,1.70871152063373e-05,0.001943317612416741,1.943317612416741e-06
2020-12-01,113608,buy,rebalance,108.2,0.0009406991555463513,0.10178364863011521,0.00010178364863011522
2020-12-01,123074,buy,rebalance,110.0,0.0009253058966374111,0.10178364863011521,0.00010178364863011522
2020-12-01,128010,buy,rebalance,118.003,0.0008625513642035814,0.10178364863011521,0.00010178364863011522
2020-12-01,113562,buy,rebalance,122.74,0.0008292622505305134,0.10178364863011521,0.00010178364863011522
2020-12-01,127007,buy,rebalance,106.195,0.000958459895758889,0.10178364863011521,0.00010178364863011522
2020-12-11,128066,sell,rebalance,112.1,0.0008992485533483867,0.10080576283035414,0.00010080576283035414
2020-12-11,128082,sell,rebalance,113.199,0.0008798466598149183,0.09959776204438893,9.959776204438894e-05
2020-12-11,110057,sell,rebalance,113.78,0.0008958435277078141,0.10192907658259509,0.00010192907658259509
2020-12-11,113595,sell,rebalance,107.97,0.0009360242830185352,0.10106254183751125,0.00010106254183751125
2020-12-11,110058,sell,rebalance,104.26,0.0009346524208458697,0.09744686139739038,9.744686139739038e-05
2020-12-11,113033,sell,rebalance,108.01,0.0009316581110308029,0.10062839257243703,0.00010062839257243703
2020-12-11,113608,sell,rebalance,105.2,0.0009406991555463513,0.09896155116347616,9.896155116347616e-05
2020-12-11,123074,sell,rebalance,134.0,0.0009253058966374111,0.12399099014941309,0.0001239909901494131
2020-12-11,128010,sell,rebalance,116.851,0.0008625513642035814,0.10078998945855269,0.00010078998945855269
2020-12-11,113562,sell,rebalance,125.1,0.0008292622505305134,0.10374070754136723,0.00010374070754136723
2020-12-11,127007,sell,rebalance,105.251,0.000958459895758889,0.10087886248851882,0.00010087886248851883
2020-12-11,113601,sell,rebalance_resize,108.8,2.731140100100277e-06,0.0002971480428909101,2.9714804289091013e-07
2020-12-11,128108,sell,rebalance_resize,123.0,4.13162530396341e-05,0.005081899123874994,5.081899123874994e-06
2020-12-11,127018,buy,rebalance,82.91,1.8699537048504817e-05,0.0015503786166915343,1.5503786166915344e-06
2020-12-11,128128,buy,rebalance,108.03,5.177125645520814e-05,0.005592848834856136,5.592848834856136e-06
2020-12-11,128127,buy,rebalance,105.9,1.7547947179216275e-05,0.0018583276062790035,1.8583276062790036e-06
2020-12-11,128085,buy,rebalance,107.492,2.1607486121745202e-05,0.002322631898198635,2.322631898198635e-06
2020-12-11,110070,buy,rebalance,104.2,0.0009720829809234431,0.10129104661222278,0.00010129104661222278
2020-12-11,113557,buy,rebalance,106.03,0.0009553055419430612,0.10129104661222278,0.00010129104661222278
2020-12-11,113016,buy,rebalance,112.0,6.404149865998301e-05,0.007172647849918097,7.1726478499180965e-06
2020-12-11,123010,buy,rebalance,108.745,0.0009314547483766865,0.10129104661222278,0.00010129104661222278
2020-12-11,128013,buy,rebalance,107.285,1.249814321851915e-06,0.0001340863295198827,1.3408632951988273e-07
2020-12-11,113039,buy,rebalance,103.88,1.0681211718015649e-06,0.00011095642732674655,1.1095642732674655e-07
2020-12-11,110071,buy,rebalance,106.45,0.0009515363702416419,0.10129104661222278,0.00010129104661222278
2020-12-11,128130,buy,rebalance,113.251,0.0008943942800701343,0.10129104661222278,0.00010129104661222278
2020-12-11,113567,buy,rebalance,116.06,0.0008727472566967326,0.10129104661222278,0.00010129104661222278
2020-12-11,113541,buy,rebalance,117.81,0.0008597830966150817,0.10129104661222278,0.00010129104661222278
2020-12-11,113593,buy,rebalance,124.07,0.000816402406804407,0.10129104661222278,0.00010129104661222278
2020-12-11,113578,buy,rebalance,109.19,0.0009276586373497828,0.10129104661222278,0.00010129104661222278
2020-12-11,113570,buy,rebalance,106.85,0.0009479742312795768,0.10129104661222278,0.00010129104661222278
2020-12-11,128057,buy,rebalance,121.39,0.0008344266134955332,0.10129104661222278,0.00010129104661222278
2020-12-22,128108,sell,rebalance,125.2,0.0008243318583227622,0.10320634866200984,0.00010320634866200984
2020-12-22,113039,sell,rebalance,112.0,0.0009760560944403905,0.10931828257732373,0.00010931828257732374
2020-12-22,110071,sell,rebalance,104.2,0.0009515363702416419,0.09915008977917909,9.91500897791791e-05
2020-12-22,128130,sell,rebalance,111.8,0.0008943942800701343,0.099993280511841,9.999328051184101e-05
2020-12-22,113567,sell,rebalance,115.1,0.0008727472566967326,0.10045320924579391,0.00010045320924579392
2020-12-22,113593,sell,rebalance,130.79,0.000816402406804407,0.10677727078594838,0.00010677727078594839
2020-12-22,113578,sell,rebalance,106.8,0.0009276586373497828,0.0990739424689568,9.90739424689568e-05
2020-12-22,113570,sell,rebalance,105.33,0.0009479742312795768,0.09985012578067783,9.985012578067783e-05
2020-12-22,128057,sell,rebalance,123.199,0.0008344266134955332,0.10280052435603619,0.00010280052435603619
2020-12-22,128128,sell,rebalance_resize,108.7,2.3165803235551148e-05,0.0025181228117044097,2.51812281170441e-06
2020-12-22,110070,sell,rebalance_resize,104.28,1.7941459681867562e-05,0.0018709354156251493,1.8709354156251493e-06
2020-12-22,113601,sell,rebalance_resize,107.36,5.150679614270698e-06,0.0005529769633881021,5.529769633881021e-07
2020-12-22,113016,sell,rebalance_resize,113.0,2.471648419054456e-05,0.0027929627135315355,2.7929627135315356e-06
2020-12-22,123010,sell,rebalance_resize,108.003,1.0203692062774018e-05,0.0011020293538557824,1.1020293538557824e-06
2020-12-22,128085,buy,rebalance,82.41,0.0002638481364216868,0.021743724922511205,2.1743724922511205e-05
2020-12-22,110072,buy,rebalance,87.05,0.0011418441512677608,0.09939753336785857,9.939753336785857e-05
2020-12-22,127018,buy,rebalance,80.465,1.3614862140265793e-05,0.0010955198821164872,1.0955198821164872e-06
2020-12-22,128127,buy,rebalance,100.26,3.494163002028478e-05,0.0035032478258337518,3.503247825833752e-06
2020-12-22,113595,buy,rebalance,93.65,0.0010613724865761727,0.09939753336785857,9.939753336785857e-05
2020-12-22,128066,buy,rebalance,105.76,0.0009398405197414766,0.09939753336785857,9.939753336785857e-05
2020-12-22,123004,buy,rebalance,97.8,0.001016334697012869,0.09939753336785857,9.939753336785857e-05
2020-12-22,128013,buy,rebalance,102.802,2.2758471247050677e-05,0.002339616361139304,2.339616361139304e-06
2020-12-22,113033,buy,rebalance,106.1,0.0009368287782079036,0.09939753336785857,9.939753336785857e-05
2020-12-22,113557,buy,rebalance,102.0,2.014351318178489e-05,0.0020546383445420586,2.0546383445420587e-06
2020-12-22,113541,buy,rebalance,113.06,2.0241381914822553e-05,0.002288490639289838,2.288490639289838e-06
2020-12-22,128026,buy,rebalance,103.353,0.0009617285745731481,0.09939753336785857,9.939753336785857e-05
2020-12-22,128100,buy,rebalance,91.645,0.0010845930860151516,0.09939753336785857,9.939753336785857e-05
2020-12-22,113546,buy,rebalance,107.6,0.0009237688974708046,0.09939753336785857,9.939753336785857e-05
2020-12-22,113549,buy,rebalance,104.1,0.0009548274098737616,0.09939753336785857,9.939753336785857e-05
2020-12-31,128013,sell,rebalance,100.012,0.0009678363838233496,0.09679525241894084,9.679525241894084e-05
2020-12-31,113016,sell,rebalance,106.85,0.0008805121932307212,0.09408272784670256,9.408272784670256e-05
2020-12-31,113557,sell,rebalance,96.15,0.0009754490551248461,0.09378942665025396,9.378942665025396e-05
2020-12-31,128066,sell,rebalance,100.75,0.0009398405197414766,0.09468893236395376,9.468893236395376e-05
2020-12-31,123004,sell,rebalance,98.35,0.001016334697012869,0.09995651745121566,9.995651745121565e-05
2020-12-31,113546,sell,rebalance,101.09,0.0009237688974708046,0.09338379784532365,9.338379784532365e-05
2020-12-31,113549,sell,rebalance,104.99,0.0009548274098737616,0.10024732976264622,0.00010024732976264622
2020-12-31,127018,sell,rebalance_resize,79.45,2.112197626119817e-05,0.0016781410139521946,1.6781410139521947e-06
2020-12-31,113033,sell,rebalance_resize,105.88,2.481932725562843e-05,0.002627870369825938,2.6278703698259383e-06
2020-12-31,113595,sell,rebalance_resize,92.79,2.070473502075848e-05,0.0019211923625761795,1.9211923625761797e-06
2020-12-31,128026,sell,rebalance_resize,108.001,6.762981005405202e-05,0.007304087115647673,7.304087115647673e-06
2020-12-31,128085,buy,rebalance,79.385,8.163560186006616e-06,0.0006480642253661352,6.480642253661352e-07
2020-12-31,128100,buy,rebalance,88.81,2.378024002955876e-06,0.00021119231170251134,2.1119231170251136e-07
2020-12-31,110072,buy,rebalance,84.32,2.9457186410327706e-06,0.0002483829958118832,2.483829958118832e-07
2020-12-31,127018,buy,rebalance,79.45,1.5316521422287403e-19,1.2168976270007342e-17,1.2168976270007342e-20
2020-12-31,128127,buy,rebalance,96.89,3.7420811701865012e-06,0.0003625702445793701,3.625702445793701e-07
2020-12-31,128128,buy,rebalance,103.09,1.8719330864276882e-05,0.0019297758187983038,1.929775818798304e-06
2020-12-31,113609,buy,rebalance,92.01,0.0009202631716259829,0.08467341442130669,8.467341442130669e-05
2020-12-31,113610,buy,rebalance,101.94,0.0008306201140014389,0.08467341442130669,8.467341442130669e-05
2020-12-31,128140,buy,rebalance,98.7,0.0008578866709352248,0.08467341442130669,8.467341442130669e-05
2020-12-31,110070,buy,rebalance,99.55,1.3906313474856982e-05,0.0013843735064220126,1.3843735064220126e-06
2020-12-31,113039,buy,rebalance,104.0,0.0008141674463587182,0.08467341442130669,8.467341442130669e-05
2020-12-31,113601,buy,rebalance,101.04,2.5365798779108994e-05,0.002562960308641173,2.562960308641173e-06
2020-12-31,113567,buy,rebalance,102.0,0.0008301315139343793,0.08467341442130669,8.467341442130669e-05
2020-12-31,128094,buy,rebalance,108.499,0.0007804073256095143,0.08467341442130669,8.467341442130669e-05
2020-12-31,128093,buy,rebalance,107.483,0.0007877842488701161,0.08467341442130669,8.467341442130669e-05
2020-12-31,123085,buy,rebalance,95.51,0.0008865397803508186,0.08467341442130669,8.467341442130669e-05
2020-12-31,113541,buy,rebalance,109.25,3.3781368222652317e-06,0.00036906144783247657,3.690614478324766e-07
2021-01-12,110070,sell,rebalance,98.28,0.0009680478347164326,0.095139741195931,9.513974119593099e-05
2021-01-12,123010,sell,rebalance,100.0,0.0009212510563139125,0.09212510563139126,9.212510563139126e-05
2021-01-12,113595,sell,rebalance,89.95,0.0010406677515554142,0.0936080642524095,9.360806425240951e-05
2021-01-12,128026,sell,rebalance,99.448,0.0008940987645190961,0.08891633393389506,8.891633393389506e-05
2021-01-12,113567,sell,rebalance,99.6,0.0008301315139343793,0.08268109878786417,8.268109878786418e-05
2021-01-12,128094,sell,rebalance,113.95,0.0007804073256095143,0.08892741475320415,8.892741475320415e-05
2021-01-12,128093,sell,rebalance,101.9,0.0007877842488701161,0.08027521495986484,8.027521495986484e-05
2021-01-12,123085,sell,rebalance,92.13,0.0008865397803508186,0.08167690996372091,8.167690996372092e-05
2021-01-12,128085,sell,rebalance_resize,78.409,6.1945196629259715e-06,0.00048570609225036254,4.857060922503625e-07
2021-01-12,128100,sell,rebalance_resize,94.9,8.801675968367441e-05,0.008352790493980702,8.352790493980702e-06
2021-01-12,127018,sell,rebalance_resize,78.023,3.6420631458500566e-07,2.8416469282865894e-05,2.8416469282865893e-08
2021-01-12,128128,sell,rebalance_resize,105.15,3.248670392246824e-05,0.0034159769174475357,3.415976917447536e-06
2021-01-12,113541,sell,rebalance_resize,108.59,1.0386979964586e-05,0.0011279221543543938,1.1279221543543939e-06
2021-01-12,110072,buy,rebalance,80.08,3.8996175136877817e-05,0.0031228137049611753,3.1228137049611754e-06
2021-01-12,128127,buy,rebalance,93.004,2.3190279590699842e-05,0.0021567887630534483,2.1567887630534485e-06
2021-01-12,113610,buy,rebalance,100.1,0.00011632200106955692,0.011643832307062648,1.1643832307062648e-05
2021-01-12,123089,buy,rebalance,94.311,0.001004170118703007,0.09470428806499931,9.470428806499931e-05
2021-01-12,128100,buy,rebalance,94.9,1.4608708357085218e-19,1.3863664230873874e-17,1.3863664230873875e-20
2021-01-12,113609,buy,rebalance,90.21,0.00013049367702220105,0.011771834604172757,1.1771834604172758e-05
2021-01-12,123084,buy,rebalance,93.71,0.001010610266406993,0.09470428806499931,9.470428806499931e-05
2021-01-12,113612,buy,rebalance,102.08,0.0009277457686618271,0.09470428806499931,9.470428806499931e-05
2021-01-12,128140,buy,rebalance,97.39,0.00011540953393523482,0.011239734509952519,1.123973450995252e-05
2021-01-12,113601,buy,rebalance,99.3,2.5535031500645917e-06,0.00025356286280141396,2.53562862801414e-07
2021-01-12,113033,buy,rebalance,103.23,6.329231901210541e-06,0.0006533666091619642,6.533666091619642e-07
2021-01-12,113039,buy,rebalance,102.23,0.0001130456469483143,0.01155665648752617,1.1556656487526171e-05
2021-01-12,113570,buy,rebalance,99.4,0.0009527594372736348,0.09470428806499931,9.470428806499931e-05
2021-01-12,113557,buy,rebalance,93.69,0.0010108260013341798,0.09470428806499931,9.470428806499931e-05
2021-01-12,128074,buy,rebalance,98.2,0.0009644021187881803,0.09470428806499931,9.470428806499931e-05
2021-01-12,128082,buy,rebalance,101.5,0.0009330471730541804,0.09470428806499931,9.470428806499931e-05
2021-01-21,113541,sell,rebalance,113.0,0.0008730156353875836,0.09865076679879695,9.865076679879694e-05
2021-01-21,113039,sell,rebalance,99.81,0.0009272130933070325,0.09254513884297492,9.254513884297492e-05
2021-01-21,123084,sell,rebalance,97.804,0.001010610266406993,0.09884172649566954,9.884172649566954e-05
2021-01-21,113612,sell,rebalance,104.44,0.0009277457686618271,0.09689376807904122,9.689376807904123e-05
2021-01-21,113570,sell,rebalance,99.81,0.0009527594372736348,0.09509491943428149,9.509491943428148e-05
2021-01-21,128074,sell,rebalance,96.952,0.0009644021187881803,0.09350071422075165,9.350071422075166e-05
2021-01-21,128082,sell,rebalance,100.99,0.0009330471730541804,0.09422843400674168,9.422843400674168e-05
2021-01-21,128085,sell,rebalance_resize,80.901,2.5249915557759325e-05,0.002042743418538287,2.042743418538287e-06
2021-01-21,113609,sell,rebalance_resize,91.2,6.363588121681564e-07,5.803592366973587e-05,5.803592366973587e-08
2021-01-21,128140,sell,rebalance_resize,98.761,3.5714281565274066e-06,0.0003527178161668032,3.527178161668032e-07
2021-01-21,123089,sell,rebalance_resize,95.4,2.8134854530638487e-07,2.6840651222229117e-05,2.684065122222912e-08
2021-01-21,128128,sell,rebalance_resize,114.003,6.15022046191777e-05,0.0070114358332001156,7.011435833200116e-06
2021-01-21,127018,sell,rebalance_resize,80.02,1.819803079858634e-05,0.0014562064245028786,1.4562064245028787e-06
2021-01-21,113557,sell,rebalance_resize,95.11,3.87627288244331e-06,0.0003686723138491832,3.686723138491832e-07
2021-01-21,128085,buy,rebalance,80.901,1.7136615486913863e-19,1.3863693295068183e-17,1.3863693295068182e-20
2021-01-21,110072,buy,rebalance,79.75,1.7086723851007998e-05,0.0013626662271178879,1.3626662271178878e-06
2021-01-21,128127,buy,rebalance,93.195,8.336742387793538e-06,0.0007769427068304187,7.769427068304188e-07
2021-01-21,128100,buy,rebalance,91.5,4.767465310401413e-05,0.004362230759017293,4.362230759017294e-06
2021-01-21,113033,buy,rebalance,102.8,1.327222738140465e-05,0.001364384974808398,1.364384974808398e-06
2021-01-21,113610,buy,rebalance,100.98,1.4718042773655908e-06,0.00014862279592837738,1.4862279592837738e-07
2021-01-21,123092,buy,rebalance,100.104,0.0009557432476196242,0.09567372205971486,9.567372205971487e-05
2021-01-21,123080,buy,rebalance,95.203,0.0010049444036397473,0.09567372205971486,9.567372205971487e-05
2021-01-21,113595,buy,rebalance,91.87,0.0010414033096736133,0.09567372205971486,9.567372205971487e-05
2021-01-21,128066,buy,rebalance,97.3,0.0009832859410042639,0.09567372205971486,9.567372205971487e-05
2021-01-21,113601,buy,rebalance,98.24,2.0159150250799556e-05,0.001980434920638548,1.9804349206385482e-06
2021-01-21,113505,buy,rebalance,99.9,0.0009576949155126612,0.09567372205971486,9.567372205971487e-05
2021-01-21,123073,buy,rebalance,106.66,0.0008969972066352415,0.09567372205971486,9.567372205971487e-05
2021-01-21,128040,buy,rebalance,108.302,0.0008833975555365077,0.09567372205971486,9.567372205971487e-05
2021-01-27,128085,sell,risk_exit_next_open,79.339,0.0011838047573335887,0.0939218856420896,9.39218856420896e-05
2021-02-18,128100,sell,rebalance,73.993,0.0010466290034384473,0.07744321985142102,7.744321985142103e-05
2021-02-18,123089,sell,rebalance,88.888,0.0010038887701577007,0.0892336650017777,8.92336650017777e-05
2021-02-18,123092,sell,rebalance,95.9,0.0009557432476196242,0.09165577744672197,9.165577744672198e-05
2021-02-18,123080,sell,rebalance,91.9,0.0010049444036397473,0.09235439069449278,9.235439069449278e-05
2021-02-18,128066,sell,rebalance,88.088,0.0009832859410042639,0.08661569197118359,8.661569197118358e-05
2021-02-18,113505,sell,rebalance,96.51,0.0009576949155126612,0.09242713629612694,9.242713629612693e-05
2021-02-18,123073,sell,rebalance,99.4,0.0008969972066352415,0.08916152233954301,8.916152233954302e-05
2021-02-18,128040,sell,rebalance,106.71,0.0008833975555365077,0.09426735315130073,9.426735315130073e-05
2021-02-18,113609,sell,rebalance_resize,88.48,3.351896903814667e-05,0.002965758380495217,2.9657583804952172e-06
2021-02-18,128140,sell,rebalance_resize,95.511,2.7959927008709942e-05,0.002670480588528895,2.6704805885288954e-06
2021-02-18,113033,sell,rebalance_resize,97.0,4.30263641844213e-06,0.0004173557325888866,4.173557325888866e-07
2021-02-18,113601,sell,rebalance_resize,94.0,1.794384220142963e-05,0.0016867211669343851,1.6867211669343851e-06
2021-02-18,113557,sell,rebalance_resize,94.0,5.004650972625274e-05,0.004704371914267758,4.704371914267758e-06
2021-02-18,110072,buy,rebalance,73.2,2.7909041672693575e-05,0.0020429418504411697,2.04294185044117e-06
2021-02-18,113609,buy,rebalance,88.48,1.5668753559450906e-19,1.3863713149402163e-17,1.3863713149402162e-20
2021-02-18,128127,buy,rebalance,86.59,1.1147195426819338e-05,0.0009652356520082865,9.652356520082866e-07
2021-02-18,127027,buy,rebalance,86.5,0.0010388170825493188,0.08985767764051608,8.985767764051608e-05
2021-02-18,113610,buy,rebalance,94.0,8.480689648356545e-06,0.0007971848269455151,7.971848269455151e-07
2021-02-18,128093,buy,rebalance,100.5,0.0008941062451792645,0.08985767764051608,8.985767764051608e-05
2021-02-18,113039,buy,rebalance,94.2,0.0009539031596657758,0.08985767764051608,8.985767764051608e-05
2021-02-18,123069,buy,rebalance,96.08,0.0009352381103301008,0.08985767764051608,8.985767764051608e-05
2021-02-18,128128,buy,rebalance,104.001,2.4785530337495e-05,0.0025777199406298175,2.5777199406298175e-06
2021-02-18,113534,buy,rebalance,91.0,0.0009874470070386384,0.08985767764051608,8.985767764051608e-05
2021-02-18,127018,buy,rebalance,74.02,1.8340510127440578e-05,0.0013575645596331516,1.3575645596331516e-06
2021-02-18,113549,buy,rebalance,94.9,0.0009468669930507489,0.08985767764051608,8.985767764051608e-05
2021-02-18,113568,buy,rebalance,90.31,0.0009949914476859271,0.08985767764051608,8.985767764051608e-05
2021-02-18,123082,buy,rebalance,100.1,0.000897679097307853,0.08985767764051608,8.985767764051608e-05
2021-02-18,128051,buy,rebalance,103.91,0.0008647644850400932,0.08985767764051608,8.985767764051608e-05
2021-02-18,113595,buy,rebalance,85.0,1.6802015718375687e-05,0.0014281713360619335,1.4281713360619335e-06
2021-02-23,128128,sell,rebalance,113.8,0.0008648598149882907,0.09842104694566747,9.842104694566747e-05
2021-02-23,128093,sell,rebalance,109.0,0.0008941062451792645,0.09745758072453983,9.745758072453984e-05
2021-02-23,113549,sell,rebalance,98.02,0.0009468669930507489,0.0928119026588344,9.281190265883441e-05
2021-02-23,113568,sell,rebalance,94.97,0.0009949914476859271,0.0944943377867325,9.44943377867325e-05
2021-02-23,123082,sell,rebalance,103.98,0.000897679097307853,0.09334067253807056,9.334067253807056e-05
2021-02-23,128051,sell,rebalance,108.357,0.0008647644850400932,0.09370328530548938,9.370328530548938e-05
2021-02-23,128127,sell,rebalance_resize,91.7,6.047078021399317e-06,0.0005545170545623174,5.545170545623174e-07
2021-02-23,110072,sell,rebalance_resize,79.98,4.471617957886056e-05,0.0035764000427172676,3.5764000427172676e-06
2021-02-23,127027,sell,rebalance_resize,92.8,1.832603549521123e-05,0.001700656093955602,1.700656093955602e-06
2021-02-23,127018,sell,rebalance_resize,78.59,1.0170780563005281e-05,0.000799321644446585,7.993216444465851e-07
2021-02-23,113595,sell,rebalance_resize,91.42,2.230979742632304e-05,0.0020395616807144523,2.0395616807144522e-06
2021-02-23,113534,sell,rebalance_resize,98.0,2.110446452209578e-05,0.0020682375231653866,2.068237523165387e-06
2021-02-23,113609,buy,rebalance,92.25,9.96360657692176e-06,0.0009191427067210325,9.191427067210325e-07
2021-02-23,113033,buy,rebalance,99.96,2.0065938126977975e-05,0.002005791175172718,2.0057911751727183e-06
2021-02-23,113039,buy,rebalance,98.6,6.5523285821875946e-06,0.0006460595982036968,6.460595982036968e-07
2021-02-23,128140,buy,rebalance,99.0,1.480158130455122e-05,0.0014653565491505708,1.465356549150571e-06
2021-02-23,113601,buy,rebalance,96.2,2.7492575415510342e-05,0.002644785754972095,2.644785754972095e-06
2021-02-23,113610,buy,rebalance,98.78,1.8155196534113718e-06,0.0001793370313639753,1.7933703136397532e-07
2021-02-23,113557,buy,rebalance,96.27,2.6777507884875972e-05,0.0025778706840770098,2.57787068407701e-06
2021-02-23,128100,buy,rebalance,81.0,0.0011679655772409128,0.09460521175651393,9.460521175651393e-05
2021-02-23,113591,buy,rebalance,97.6,0.0009693156942265772,0.09460521175651393,9.460521175651393e-05
2021-02-23,123089,buy,rebalance,93.15,0.0010156222410790544,0.09460521175651393,9.460521175651393e-05
2021-02-23,128066,buy,rebalance,93.18,0.0010152952538797374,0.09460521175651393,9.460521175651393e-05
2021-02-23,123069,buy,rebalance,99.4,1.7476173988119563e-05,0.0017371316944190846,1.7371316944190846e-06
2021-02-23,110074,buy,rebalance,101.28,0.0009340956926985973,0.09460521175651393,9.460521175651393e-05
2021-02-23,123080,buy,rebalance,94.88,0.000997103833858705,0.09460521175651393,9.460521175651393e-05
2021-03-11,113557,sell,rebalance,146.0,0.0009836807266103598,0.14361738608511254,0.00014361738608511255
2021-03-11,113595,sell,rebalance,90.02,0.001035895527965666,0.09325131542746924,9.325131542746924e-05
2021-03-11,123069,sell,rebalance,97.276,0.0009527142843182203,0.09267623472133919,9.26762347213392e-05
2021-03-11,113534,sell,rebalance,96.0,0.0009663425425165426,0.0927688840815881,9.276888408158809e-05
2021-03-11,128100,sell,rebalance,79.535,0.0011679655772409128,0.092894142185856,9.2894142185856e-05
2021-03-11,113591,sell,rebalance,98.21,0.0009693156942265772,0.09519649432999214,9.519649432999214e-05
2021-03-11,110074,sell,rebalance,105.75,0.0009340956926985973,0.09878061950287666,9.878061950287666e-05
2021-03-11,123080,sell,rebalance,96.512,0.000997103833858705,0.09623248521337134,9.623248521337135e-05
2021-03-11,123089,sell,rebalance_resize,98.201,2.2635014669655697e-05,0.002222781075574859,2.222781075574859e-06
2021-03-11,113039,sell,rebalance_resize,102.28,7.069306974700158e-06,0.0007230487173723321,7.230487173723321e-07
2021-03-11,128127,buy,rebalance,92.71,1.9047969532852198e-05,0.0017659372553907272,1.7659372553907272e-06
2021-03-11,127027,buy,rebalance,92.14,3.7777295799191064e-05,0.003480800034937465,3.480800034937465e-06
2021-03-11,113609,buy,rebalance,94.4,6.398139900445667e-06,0.000603984406602071,6.03984406602071e-07
2021-03-11,110072,buy,rebalance,79.99,3.49559003029367e-05,0.0027961224652319062,2.7961224652319065e-06
2021-03-11,123086,buy,rebalance,97.81,0.0009959571449175272,0.09741456834438333,9.741456834438334e-05
2021-03-11,113033,buy,rebalance,99.0,3.756120707538308e-05,0.0037185595004629248,3.718559500462925e-06
2021-03-11,127018,buy,rebalance,79.279,2.4956587090011378e-05,0.001978533267909012,1.978533267909012e-06
2021-03-11,128013,buy,rebalance,101.5,0.0009597494418165846,0.09741456834438333,9.741456834438334e-05
2021-03-11,128140,buy,rebalance,99.218,2.621620926544442e-05,0.0026011198508988647,2.6011198508988648e-06
2021-03-11,128139,buy,rebalance,101.5,0.0009597494418165846,0.09741456834438333,9.741456834438334e-05
2021-03-11,113601,buy,rebalance,94.4,4.8525192255558736e-05,0.004580778148924745,4.580778148924745e-06
2021-03-11,123097,buy,rebalance,101.6,0.0009588048065392061,0.09741456834438333,9.741456834438334e-05
2021-03-11,113610,buy,rebalance,97.18,4.466486866724072e-05,0.004340531937082454,4.340531937082454e-06
2021-03-11,128066,buy,rebalance,94.5,1.6564720074449055e-05,0.0015653660470354356,1.5653660470354357e-06
2021-03-11,123063,buy,rebalance,105.54,0.0009230108806555176,0.09741456834438333,9.741456834438334e-05
2021-03-11,123082,buy,rebalance,102.168,0.0009534743593334834,0.09741456834438333,9.741456834438334e-05
2021-03-11,128081,buy,rebalance,100.6,0.0009683356694272698,0.09741456834438333,9.741456834438334e-05
2021-03-11,113505,buy,rebalance,98.38,0.0009901867081153013,0.09741456834438333,9.741456834438334e-05
2021-03-23,113601,sell,rebalance,97.54,0.0010329209863965529,0.10075111301311977,0.00010075111301311978
2021-03-23,128066,sell,rebalance,99.057,0.0010318599739541864,0.10221295343997984,0.00010221295343997984
2021-03-23,128139,sell,rebalance,105.299,0.0009597494418165846,0.10106065647384455,0.00010106065647384455
2021-03-23,123063,sell,rebalance,113.08,0.0009230108806555176,0.10437407038452594,0.00010437407038452594
2021-03-23,113609,sell,rebalance_resize,102.26,3.24687562427255e-05,0.00332025501338111,3.3202550133811097e-06
2021-03-23,128127,sell,rebalance_resize,97.6,3.5164341714967385e-06,0.00034320397513808165,3.4320397513808164e-07
2021-03-23,113039,sell,rebalance_resize,109.3,1.7333402698838625e-05,0.0018945409149830617,1.8945409149830618e-06
2021-03-23,123086,sell,rebalance_resize,104.609,1.7928785042328993e-05,0.0018755122744929936,1.8755122744929936e-06
2021-03-23,127018,sell,rebalance_resize,84.579,2.0319415361986474e-05,0.0017185958319014538,1.718595831901454e-06
2021-03-23,110072,sell,rebalance_resize,85.25,1.889755829421613e-05,0.001611016844581925,1.611016844581925e-06
2021-03-23,123089,sell,rebalance_resize,107.555,4.1747686655927564e-05,0.004490172438278289,4.490172438278289e-06
2021-03-23,123082,sell,rebalance_resize,110.001,2.3386735601111852e-05,0.002572564302857905,2.572564302857905e-06
2021-03-23,127027,buy,rebalance,94.61,2.310034530909572e-05,0.002185523669693546,2.1855236696935458e-06
2021-03-23,128127,buy,rebalance,97.6,1.4204245390605297e-19,1.386334350123077e-17,1.386334350123077e-20
2021-03-23,128013,buy,rebalance,105.63,8.816291472637298e-06,0.0009312648682546777,9.312648682546777e-07
2021-03-23,113033,buy,rebalance,98.6,5.264227523464634e-05,0.005190528338136129,5.190528338136129e-06
2021-03-23,123097,buy,rebalance,104.961,1.5927016966106873e-05,0.0016717156277795435,1.6717156277795435e-06
2021-03-23,128140,buy,rebalance,101.121,2.895101010147522e-05,0.0029275550924712755,2.9275550924712754e-06
2021-03-23,128093,buy,rebalance,105.5,0.0009687590673886316,0.10220408160950063,0.00010220408160950064
2021-03-23,128081,buy,rebalance,102.47,3.007711032332612e-05,0.0030820014948312277,3.0820014948312277e-06
2021-03-23,113610,buy,rebalance,101.71,2.5270860280348622e-06,0.0002570299199114258,2.570299199114258e-07
2021-03-23,123089,buy,rebalance,107.555,1.28895388417375e-19,1.386334350123077e-17,1.386334350123077e-20
2021-03-23,123085,buy,rebalance,93.31,0.001095317560920594,0.10220408160950063,0.00010220408160950064
2021-03-23,113561,buy,rebalance,110.35,0.000926181074848216,0.10220408160950063,0.00010220408160950064
2021-03-23,113505,buy,rebalance,103.01,3.0202091632103833e-06,0.0003111117459023016,3.111117459023016e-07
2021-03-23,123100,buy,rebalance,103.8,0.0009846250636753433,0.10220408160950063,0.00010220408160950064
2021-03-31,127018,sell,rebalance,82.54,0.0012096450501682995,0.09984410244089145,9.984410244089145e-05
2021-03-31,123089,sell,rebalance,105.2,0.0009512395397534712,0.10007039958206518,0.00010007039958206519
2021-03-31,123082,sell,rebalance,108.2,0.0009300876237323715,0.1006354808878426,0.00010063548088784261
2021-03-31,128081,sell,rebalance,101.99,0.0009984127797505959,0.10182811940676327,0.00010182811940676327
2021-03-31,113505,sell,rebalance,99.98,0.0009932069172785118,0.0993008275895056,9.930082758950561e-05
2021-03-31,128093,sell,rebalance,101.3,0.0009687590673886316,0.09813529352646838,9.813529352646838e-05
2021-03-31,123085,sell,rebalance,90.258,0.001095317560920594,0.09886117241357097,9.886117241357097e-05
2021-03-31,113561,sell,rebalance,103.18,0.000926181074848216,0.09556336330283893,9.556336330283894e-05
2021-03-31,123100,sell,rebalance,100.38,0.0009846250636753433,0.09883666389173094,9.883666389173095e-05
2021-03-31,128127,sell,rebalance_resize,97.3,2.2796096113274603e-05,0.0022180601518216186,2.2180601518216185e-06
2021-03-31,127027,sell,rebalance_resize,94.001,1.9911583032673257e-05,0.001871708716654319,1.871708716654319e-06
2021-03-31,113609,sell,rebalance_resize,100.15,4.208646436416376e-06,0.0004214959406071001,4.214959406071001e-07
2021-03-31,113033,sell,rebalance_resize,100.03,4.009664517519031e-05,0.004010867416874286,4.010867416874287e-06
2021-03-31,113610,sell,rebalance_resize,102.02,2.787787888256551e-05,0.0028441012035993335,2.8441012035993337e-06
2021-03-31,128013,sell,rebalance_resize,103.924,8.45998929073361e-06,0.0008791959270501998,8.791959270501998e-07
2021-03-31,123086,sell,rebalance_resize,104.101,1.9555056647574044e-05,0.0020357009520691055,2.0357009520691055e-06
2021-03-31,128140,sell,rebalance_resize,98.698,7.908821412787427e-07,7.805848557992934e-05,7.805848557992934e-08
2021-03-31,113610,buy,rebalance,102.02,1.358920239750948e-19,1.3863704285939173e-17,1.3863704285939174e-20
2021-03-31,128100,buy,rebalance,84.079,0.0011855132926226184,0.09967677213041713,9.967677213041714e-05
2021-03-31,113039,buy,rebalance,103.4,2.8889144431911066e-05,0.0029871375342596044,2.9871375342596043e-06
2021-03-31,123086,buy,rebalance,104.101,1.3317551498966554e-19,1.3863704285939173e-17,1.3863704285939174e-20
2021-03-31,123080,buy,rebalance,102.5,0.0009724563134674842,0.09967677213041713,9.967677213041714e-05
2021-03-31,110072,buy,rebalance,79.95,4.783280587377676e-05,0.003824232829608452,3.824232829608452e-06
2021-03-31,123097,buy,rebalance,100.599,1.708999225446564e-05,0.001719236130806989,1.719236130806989e-06
2021-03-31,113601,buy,rebalance,95.1,0.001048125889909749,0.09967677213041713,9.967677213041714e-05
2021-03-31,128066,buy,rebalance,96.69,0.001030890186476545,0.09967677213041713,9.967677213041714e-05
2021-03-31,113595,buy,rebalance,91.0,0.0010953491442902983,0.09967677213041713,9.967677213041714e-05
2021-03-31,110041,buy,rebalance,106.59,0.0009351418719431197,0.09967677213041713,9.967677213041714e-05
2021-03-31,128128,buy,rebalance,110.597,0.0009012610842103957,0.09967677213041713,9.967677213041714e-05
2021-03-31,128051,buy,rebalance,109.011,0.0009143735231345198,0.09967677213041713,9.967677213041714e-05
2021-03-31,123049,buy,rebalance,110.9,0.0008987986666403709,0.09967677213041713,9.967677213041714e-05
2021-04-13,128140,sell,rebalance,98.4,0.0010109427682354142,0.09947676839436477,9.947676839436477e-05
2021-04-13,128100,sell,rebalance,89.484,0.0011855132926226184,0.10608447147704238,0.00010608447147704238
2021-04-13,113601,sell,rebalance,96.3,0.001048125889909749,0.10093452319830883,0.00010093452319830883
2021-04-13,128066,sell,rebalance,97.0,0.001030890186476545,0.09999634808822486,9.999634808822485e-05
2021-04-13,113595,sell,rebalance,91.28,0.0010953491442902983,0.09998346989081842,9.998346989081843e-05
2021-04-13,110041,sell,rebalance,106.71,0.0009351418719431197,0.0997889891550503,9.978898915505031e-05
2021-04-13,128128,sell,rebalance,112.787,0.0009012610842103957,0.1016505339048379,0.0001016505339048379
2021-04-13,128051,sell,rebalance,110.0,0.0009143735231345198,0.10058108754479718,0.00010058108754479718
2021-04-13,123049,sell,rebalance,108.072,0.0008987986666403709,0.09713496950115816,9.713496950115816e-05
2021-04-13,127027,sell,rebalance_resize,96.239,8.3874157603948e-06,0.0008071965053646353,8.071965053646353e-07
2021-04-13,113609,sell,rebalance_resize,102.3,5.607723489402862e-06,0.0005736701129659127,5.736701129659128e-07
2021-04-13,128013,sell,rebalance_resize,106.301,6.715147153542535e-06,0.0007138268575687251,7.138268575687251e-07
2021-04-13,110072,sell,rebalance_resize,87.8,9.367006093206902e-05,0.008224231349835659,8.224231349835659e-06
2021-04-13,123080,sell,rebalance_resize,106.96,2.4939729368619334e-05,0.002667553453267524,2.667553453267524e-06
2021-04-13,113039,sell,rebalance_resize,107.18,1.9370232063859674e-05,0.00207610147260448,2.07610147260448e-06
2021-04-13,123102,buy,rebalance,101.733,0.0009951880972939697,0.10124347070200743,0.00010124347070200743
2021-04-13,113033,buy,rebalance,99.76,1.8402150028358522e-05,0.0018357984868290463,1.8357984868290463e-06
2021-04-13,113610,buy,rebalance,102.41,1.1578067661143545e-05,0.0011857099091777104,1.1857099091777105e-06
2021-04-13,128127,buy,rebalance,96.292,2.6994705495821728e-05,0.002599374181603666,2.599374181603666e-06
2021-04-13,123089,buy,rebalance,102.29,0.0009897689969890254,0.10124347070200743,0.00010124347070200743
2021-04-13,123086,buy,rebalance,104.3,1.3194722331029691e-05,0.0013762095391263967,1.3762095391263968e-06
2021-04-13,127018,buy,rebalance,94.101,0.0010759021764062808,0.10124347070200743,0.00010124347070200743
2021-04-13,113046,buy,rebalance,101.42,0.0009982594232104854,0.10124347070200743,0.00010124347070200743
2021-04-13,127028,buy,rebalance,102.799,0.000984868244846812,0.10124347070200743,0.00010124347070200743
2021-04-13,123085,buy,rebalance,90.52,0.0011184652088158135,0.10124347070200743,0.00010124347070200743
2021-04-13,128081,buy,rebalance,107.702,0.0009400333392323952,0.10124347070200743,0.00010124347070200743
2021-04-13,128082,buy,rebalance,109.5,0.0009245979059544058,0.10124347070200743,0.00010124347070200743
2021-04-13,128143,buy,rebalance,100.9,0.0010034040703865948,0.10124347070200743,0.00010124347070200743
2021-04-13,123097,buy,rebalance,101.51,6.559595483472915e-06,0.0006658645375273356,6.658645375273357e-07
2021-04-21,123085,sell,rebalance,91.99,0.0011184652088158135,0.10288761455896668,0.00010288761455896668
2021-04-21,128082,sell,rebalance,111.0,0.0009245979059544058,0.10263036756093905,0.00010263036756093905
2021-04-21,128143,sell,rebalance,102.975,0.0010034040703865948,0.1033255341480596,0.00010332553414805961
2021-04-21,128127,sell,rebalance_resize,98.26,2.811694558891981e-06,0.00027627710735672606,2.7627710735672604e-07
2021-04-21,113609,sell,rebalance_resize,110.5,5.729622975557886e-05,0.006331233387991464,6.3312333879914645e-06
2021-04-21,123080,sell,rebalance_resize,109.56,6.1264672286750825e-06,0.000671215749573642,6.71215749573642e-07
2021-04-21,123097,sell,rebalance_resize,104.047,7.111108358036237e-06,0.0007398894913285964,7.398894913285964e-07
2021-04-21,110072,sell,rebalance_resize,92.7,4.167936945876162e-05,0.0038636775488272023,3.8636775488272025e-06
2021-04-21,123086,sell,rebalance_resize,109.498,2.9744874411619346e-05,0.0032570042583234954,3.2570042583234953e-06
2021-04-21,127018,sell,rebalance_resize,96.21,3.885741479578737e-06,0.00037384718775027026,3.738471877502703e-07
2021-04-21,128127,buy,rebalance,98.26,1.4108752469112478e-19,1.3863260176149921e-17,1.3863260176149922e-20
2021-04-21,123102,buy,rebalance,102.878,7.338293924172849e-06,0.0007549490023310544,7.549490023310544e-07
2021-04-21,113033,buy,rebalance,98.78,2.821257748520081e-05,0.002786838403988136,2.786838403988136e-06
2021-04-21,113610,buy,rebalance,103.06,1.1149688379781545e-05,0.001149086884420286,1.149086884420286e-06
2021-04-21,127028,buy,rebalance,103.36,1.2977107421507402e-05,0.001341313823087005,1.3413138230870051e-06
2021-04-21,127027,buy,rebalance,97.23,7.692600135695049e-06,0.0007479515111936296,7.479515111936296e-07
2021-04-21,123106,buy,rebalance,101.118,0.0010189158499100998,0.10303073291120945,0.00010303073291120946
2021-04-21,123089,buy,rebalance,102.24,1.9001204708713203e-05,0.0019426831694188379,1.9426831694188378e-06
2021-04-21,128013,buy,rebalance,107.6,5.142129879547824e-06,0.0005532931750393459,5.532931750393459e-07
2021-04-21,123097,buy,rebalance,104.047,1.3324036422145685e-19,1.3863260176149921e-17,1.3863260176149922e-20
2021-04-21,113039,buy,rebalance,106.3,2.4663058650894353e-05,0.0026216831345900696,2.6216831345900697e-06
2021-04-21,123087,buy,rebalance,103.503,0.0009954371652146261,0.10303073291120945,0.00010303073291120946
2021-04-21,128128,buy,rebalance,111.723,0.0009221980515311033,0.10303073291120945,0.00010303073291120946
2021-04-21,127018,buy,rebalance,96.21,1.4409375507899305e-19,1.3863260176149921e-17,1.3863260176149922e-20
2021-04-21,113046,buy,rebalance,100.6,2.6947935875171764e-05,0.0027109623490422794,2.7109623490422793e-06
2021-04-21,128081,buy,rebalance,109.71,6.959762679972434e-08,7.635555636197757e-06,7.635555636197756e-09
2021-05-06,113609,sell,rebalance,135.0,0.000933381911351113,0.12600655803240027,0.00012600655803240028
2021-05-06,127018,sell,rebalance,96.0,0.0010720164349267021,0.1029135777529634,0.00010291357775296341
2021-05-06,113046,sell,rebalance,100.07,0.001025207359085657,0.10259250042370169,0.00010259250042370169
2021-05-06,123106,sell,rebalance,99.2,0.0010189158499100998,0.10107645231108191,0.0001010764523110819
2021-05-06,123087,sell,rebalance,98.16,0.0009954371652146261,0.0977121121374677,9.771211213746769e-05
2021-05-06,128128,sell,rebalance,117.111,0.0009221980515311033,0.10799953601285904,0.00010799953601285904
2021-05-06,113610,sell,rebalance_resize,106.18,2.1894811720580882e-05,0.002324791108491278,2.3247911084912784e-06
2021-05-06,127028,sell,rebalance_resize,109.8,5.126017870002715e-05,0.005628367621262981,5.628367621262981e-06
2021-05-06,123089,sell,rebalance_resize,103.905,8.48097540642929e-06,0.0008812157496050355,8.812157496050355e-07
2021-05-06,128081,sell,rebalance_resize,111.98,1.1945658257672381e-05,0.0013376748116941534,1.3376748116941534e-06
2021-05-06,123080,sell,rebalance_resize,113.64,2.679092593567305e-05,0.0030445208233298854,3.0445208233298855e-06
2021-05-06,128127,buy,rebalance,97.973,1.119167427078986e-05,0.001096481903332095,1.096481903332095e-06
2021-05-06,113033,buy,rebalance,98.8,7.870404138033098e-06,0.0007775959288376701,7.775959288376702e-07
2021-05-06,128087,buy,rebalance,100.312,0.0010350617320833326,0.10382911246874327,0.00010382911246874327
2021-05-06,127027,buy,rebalance,96.72,1.3820921069281353e-05,0.0013367594858208925,1.3367594858208926e-06
2021-05-06,110072,buy,rebalance,89.8,4.4752913856195525e-05,0.004018811664286358,4.0188116642863585e-06
2021-05-06,123102,buy,rebalance,102.061,1.581954582829239e-05,0.0016145586667813496,1.6145586667813497e-06
2021-05-06,113039,buy,rebalance,102.67,4.2043887494483174e-05,0.004316645929058588,4.316645929058588e-06
2021-05-06,128013,buy,rebalance,104.603,3.504596251015904e-05,0.0036659128164501656,3.6659128164501656e-06
2021-05-06,128145,buy,rebalance,106.802,0.0009721644956905607,0.10382911246874327,0.00010382911246874327
2021-05-06,123097,buy,rebalance,102.699,2.074420888842775e-05,0.0021304095086326414,2.1304095086326414e-06
2021-05-06,113549,buy,rebalance,100.01,0.001038187305956837,0.10382911246874327,0.00010382911246874327
2021-05-06,123086,buy,rebalance,101.54,8.158088623703825e-05,0.008283723188508865,8.283723188508864e-06
2021-05-06,128051,buy,rebalance,109.842,0.0009452587577497066,0.10382911246874327,0.00010382911246874327
2021-05-06,123063,buy,rebalance,105.41,0.0009850024899795396,0.10382911246874327,0.00010382911246874327
2021-05-06,128140,buy,rebalance,99.43,0.0010442433115633437,0.10382911246874327,0.00010382911246874327
2021-05-11,113549,sell,rebalance,102.04,0.001038187305956837,0.10593663269983565,0.00010593663269983565
2021-05-11,123063,sell,rebalance,106.89,0.0009850024899795396,0.10528691615391299,0.000105286916153913
2021-05-11,128140,sell,rebalance,100.164,0.0010442433115633437,0.10459558705943077,0.00010459558705943077
2021-05-11,127027,sell,rebalance_resize,100.16,2.95218714817309e-05,0.002956910647610167,2.956910647610167e-06
2021-05-11,128127,sell,rebalance_resize,99.69,1.085421136233391e-05,0.0010820563307110675,1.0820563307110676e-06
2021-05-11,123089,sell,rebalance_resize,108.1,3.198817426992213e-05,0.003457921638578582,3.4579216385785823e-06
2021-05-11,123086,sell,rebalance_resize,102.653,3.822744840143613e-06,0.0003924162260752623,3.924162260752623e-07
2021-05-11,128051,sell,rebalance_resize,114.2,2.867956577499586e-05,0.0032752064115045276,3.2752064115045276e-06
2021-05-11,128145,sell,rebalance_resize,108.502,7.450999870096891e-06,0.0008084483879052529,8.084483879052528e-07
2021-05-11,127018,buy,rebalance,101.7,0.001028170617284271,0.10456495177781036,0.00010456495177781036
2021-05-11,127027,buy,rebalance,100.16,1.3841270967249398e-19,1.3863417000796997e-17,1.3863417000796996e-20
2021-05-11,113610,buy,rebalance,105.4,1.4233824372870246e-05,0.001500245088900524,1.500245088900524e-06
2021-05-11,127028,buy,rebalance,108.45,1.8571635241667112e-05,0.0020140938419587985,2.0140938419587984e-06
2021-05-11,113033,buy,rebalance,98.93,6.082136219754957e-06,0.0006017057362203579,6.017057362203579e-07
2021-05-11,128087,buy,rebalance,100.19,9.676652352700234e-06,0.0009695037992170363,9.695037992170364e-07
2021-05-11,123080,buy,rebalance,109.1,4.478008871850072e-05,0.0048855076791884285,4.885507679188429e-06
2021-05-11,113039,buy,rebalance,102.7,6.928822404082027e-06,0.0007115900608992241,7.115900608992242e-07
2021-05-11,128013,buy,rebalance,105.2,1.4136070517456573e-06,0.00014871146184364316,1.4871146184364317e-07
2021-05-11,110072,buy,rebalance,90.0,5.671011579007105e-06,0.0005103910421106394,5.103910421106395e-07
2021-05-11,123102,buy,rebalance,102.627,1.5920359805703897e-06,0.00016338587657799739,1.633858765779974e-07
2021-05-11,128081,buy,rebalance,111.002,1.4813471633154758e-05,0.0016443249782234445,1.6443249782234446e-06
2021-05-11,113046,buy,rebalance,102.3,0.0010221402910831903,0.10456495177781036,0.00010456495177781036
2021-05-11,123097,buy,rebalance,103.141,2.839330577983044e-06,0.00029285139514374916,2.928513951437492e-07
2021-05-11,110071,buy,rebalance,105.0,0.000995856683598194,0.10456495177781036,0.00010456495177781036
2021-05-21,110072,sell,rebalance,92.66,0.0011630312739173817,0.1077664778411846,0.0001077664778411846
2021-05-21,123102,sell,rebalance,115.499,0.0010199379730270054,0.11780181594664609,0.00011780181594664608
2021-05-21,128145,sell,rebalance,109.88,0.0009647134958204639,0.10600271892075257,0.00010600271892075257
2021-05-21,128051,sell,rebalance,117.8,0.0009165791919747107,0.10797302881462091,0.00010797302881462091
2021-05-21,113046,sell,rebalance,101.5,0.0010221402910831903,0.10374723954494382,0.00010374723954494383
2021-05-21,113610,sell,rebalance_resize,106.9,1.1489200689073312e-06,0.0001228195553661937,1.2281955536619372e-07
2021-05-21,113039,sell,rebalance_resize,104.69,6.3255655668614705e-06,0.0006622234591947274,6.622234591947273e-07
2021-05-21,123089,sell,rebalance_resize,115.0,4.622622180385662e-05,0.005316015507443511,5.3160155074435116e-06
2021-05-21,123097,sell,rebalance_resize,106.3,1.731286892720456e-05,0.0018403579669618445,1.8403579669618446e-06
2021-05-21,123086,sell,rebalance_resize,105.693,1.6411393165389205e-05,0.001734569377829481,1.734569377829481e-06
2021-05-21,110080,buy,rebalance,101.58,0.001042831436678182,0.10593081733776973,0.00010593081733776973
2021-05-21,127027,buy,rebalance,97.71,4.013582643250807e-05,0.003921671600720363,3.921671600720363e-06
2021-05-21,128127,buy,rebalance,97.426,3.837406144187172e-05,0.0037386313100357944,3.7386313100357943e-06
2021-05-21,113610,buy,rebalance,106.9,1.2968831665367952e-19,1.3863681050278342e-17,1.3863681050278343e-20
2021-05-21,128087,buy,rebalance,100.871,6.484859822166894e-06,0.0006541342951217967,6.541342951217967e-07
2021-05-21,113039,buy,rebalance,104.69,1.3242602970941201e-19,1.3863681050278342e-17,1.3863681050278343e-20
2021-05-21,113033,buy,rebalance,99.48,7.872557412742557e-06,0.0007831620114196296,7.831620114196296e-07
2021-05-21,128081,buy,rebalance,108.522,3.411075216731046e-05,0.0037017670467008657,3.701767046700866e-06
2021-05-21,128013,buy,rebalance,105.18,1.3157516443484882e-05,0.0013839075795257399,1.3839075795257399e-06
2021-05-21,127028,buy,rebalance,109.8,5.858143668386644e-07,6.432241747888535e-05,6.432241747888535e-08
2021-05-21,123080,buy,rebalance,109.78,6.533233386052973e-06,0.0007172183611208954,7.172183611208954e-07
2021-05-21,123071,buy,rebalance,108.51,0.0009762309219221244,0.10593081733776973,0.00010593081733776973
2021-05-21,113591,buy,rebalance,103.3,0.0010254677380229402,0.10593081733776973,0.00010593081733776973
2021-05-21,113549,buy,rebalance,103.11,0.0010273573594973304,0.10593081733776973,0.00010593081733776973
2021-05-21,127018,buy,rebalance,98.88,4.4181326773703876e-05,0.004368649591383839,4.368649591383839e-06
2021-05-21,110071,buy,rebalance,103.59,2.7752546852223723e-05,0.0028748863284218554,2.8748863284218556e-06
2021-05-21,113568,buy,rebalance,107.9,0.0009817499289876712,0.10593081733776973,0.00010593081733776973
2021-06-01,123086,sell,rebalance,110.001,0.00100326989937854,0.11036069220153878,0.00011036069220153878
2021-06-01,127018,sell,rebalance,101.01,0.0010723519440579748,0.10831826986929605,0.00010831826986929605
2021-06-01,123071,sell,rebalance,113.789,0.0009762309219221244,0.11108434037459661,0.00011108434037459661
2021-06-01,113549,sell,rebalance,103.7,0.0010273573594973304,0.10653695817987316,0.00010653695817987316
2021-06-01,113568,sell,rebalance,110.04,0.0009817499289876712,0.10803176218580333,0.00010803176218580333
2021-06-01,128127,sell,rebalance_resize,99.999,6.936142364487959e-06,0.0006936073003064314,6.936073003064313e-07
2021-06-01,127027,sell,rebalance_resize,99.79,1.5059077905725027e-06,0.00015027453842123006,1.5027453842123007e-07
2021-06-01,110080,sell,rebalance_resize,104.43,7.290398572977858e-06,0.0007613363229760778,7.613363229760778e-07
2021-06-01,113591,sell,rebalance_resize,106.02,5.456885265663476e-06,0.0005785389758656417,5.785389758656417e-07
2021-06-01,110071,sell,rebalance_resize,107.91,2.146345518096638e-05,0.0023161214485780818,2.316121448578082e-06
2021-06-01,123097,sell,rebalance_resize,108.693,2.614431610997778e-06,0.0002841704150941815,2.841704150941815e-07
2021-06-01,127033,buy,rebalance,101.051,0.0010690896175279986,0.10803257494082179,0.00010803257494082178
2021-06-01,128013,buy,rebalance,106.05,1.1560832062449588e-05,0.0012260262402227788,1.2260262402227789e-06
2021-06-01,113033,buy,rebalance,100.0,1.547901758591513e-05,0.0015479017585915131,1.5479017585915132e-06
2021-06-01,128087,buy,rebalance,102.55,3.2985440467390847e-06,0.0003382656919930931,3.3826569199309315e-07
2021-06-01,127028,buy,rebalance,110.546,1.2494105232371165e-05,0.0013811733570177028,1.3811733570177028e-06
2021-06-01,127034,buy,rebalance,105.16,0.001027316231845015,0.10803257494082179,0.00010803257494082178
2021-06-01,128081,buy,rebalance,110.02,5.838899394810572e-06,0.0006423957114170591,6.423957114170591e-07
2021-06-01,113039,buy,rebalance,105.73,9.916677587114762e-06,0.0010484903212856437,1.0484903212856438e-06
2021-06-01,113610,buy,rebalance,108.88,1.2744296286334607e-06,0.0001387598979656112,1.387598979656112e-07
2021-06-01,113591,buy,rebalance,106.02,1.3076592131476326e-19,1.38638029777912e-17,1.3863802977791202e-20
2021-06-01,123089,buy,rebalance,115.698,1.2600618072497701e-05,0.001457866309751839,1.4578663097518389e-06
2021-06-01,110071,buy,rebalance,107.91,1.2847560909824114e-19,1.38638029777912e-17,1.3863802977791202e-20
2021-06-01,123080,buy,rebalance,111.88,6.719950963478528e-07,7.518281137939776e-05,7.518281137939776e-08
2021-06-01,123105,buy,rebalance,110.9,0.0009741440481588979,0.10803257494082179,0.00010803257494082178
2021-06-01,128130,buy,rebalance,117.906,0.0009162601983005256,0.10803257494082179,0.00010803257494082178
2021-06-01,113609,buy,rebalance,118.91,0.0009085238831117803,0.10803257494082179,0.00010803257494082178
2021-06-11,123089,sell,rebalance,123.4,0.0009346754482900283,0.1153389503189895,0.0001153389503189895
2021-06-11,113591,sell,rebalance,107.24,0.001020010852757277,0.10938596384969038,0.00010938596384969038
2021-06-11,127034,sell,rebalance,103.702,0.001027316231845015,0.10653474787479175,0.00010653474787479175
2021-06-11,123105,sell,rebalance,113.721,0.0009741440481588979,0.11078063530067803,0.00011078063530067802
2021-06-11,113609,sell,rebalance,124.2,0.0009085238831117803,0.11283866628248311,0.00011283866628248312
2021-06-11,127027,sell,rebalance_resize,101.03,9.33582205803333e-06,0.0009431981025231074,9.431981025231075e-07
2021-06-11,123097,sell,rebalance_resize,110.473,1.2404752178000142e-05,0.0013703901873602098,1.3703901873602098e-06
2021-06-11,128127,buy,rebalance,98.999,1.4954885392505878e-05,0.0014805186989726893,1.4805186989726893e-06
2021-06-11,110080,buy,rebalance,103.97,8.425971352540533e-06,0.0008760482415236391,8.760482415236392e-07
2021-06-11,128013,buy,rebalance,105.277,1.1292668958965722e-05,0.0011888583099930344,1.1888583099930343e-06
2021-06-11,128087,buy,rebalance,102.482,4.607186035357892e-06,0.00047215363927554743,4.7215363927554746e-07
2021-06-11,113033,buy,rebalance,99.96,4.4512771743622815e-06,0.00044494966634925365,4.4494966634925363e-07
2021-06-11,127033,buy,rebalance,101.305,2.3470431496448537e-06,0.00023776720627477192,2.3776720627477192e-07
2021-06-11,128081,buy,rebalance,109.703,6.491142152935233e-06,0.0007120977676034539,7.120977676034539e-07
2021-06-11,113039,buy,rebalance,105.5,6.030724959894455e-06,0.000636241483268865,6.36241483268865e-07
2021-06-11,127028,buy,rebalance,110.31,5.731133387343763e-06,0.0006322013239578906,6.322013239578906e-07
2021-06-11,113568,buy,rebalance,113.95,0.0009515861806108809,0.10843324528060988,0.00010843324528060988
2021-06-11,123080,buy,rebalance,109.53,2.437184274673112e-05,0.00266944793604946,2.66944793604946e-06
2021-06-11,110071,buy,rebalance,107.87,4.081049723569771e-06,0.0004402228336814712,4.4022283368147116e-07
2021-06-11,113549,buy,rebalance,104.05,0.001042126336190388,0.10843324528060988,0.00010843324528060988
2021-06-11,128130,buy,rebalance,117.485,7.612905015263005e-06,0.0008944021457181742,8.944021457181742e-07
2021-06-11,113610,buy,rebalance,106.03,3.04455760520377e-05,0.0032281444287975574,3.2281444287975576e-06
2021-06-11,123087,buy,rebalance,105.308,0.0010296771876838406,0.10843324528060988,0.00010843324528060988
2021-06-11,113505,buy,rebalance,105.2,0.0010307342707282308,0.10843324528060988,0.00010843324528060988
2021-06-11,127018,buy,rebalance,101.05,0.0010730652674973765,0.10843324528060988,0.00010843324528060988
2021-06-22,113039,sell,rebalance,123.99,0.0010288292964720834,0.1275645444695736,0.0001275645444695736
2021-06-22,128130,sell,rebalance,114.44,0.0009238731033157886,0.10572803794345885,0.00010572803794345886
2021-06-22,113568,sell,rebalance,111.24,0.0009515861806108809,0.10585444673115438,0.00010585444673115438
2021-06-22,113549,sell,rebalance,102.84,0.001042126336190388,0.1071722724138195,0.00010717227241381951
2021-06-22,128013,sell,rebalance_resize,106.95,1.6475566723296445e-05,0.001762061861056555,1.762061861056555e-06
2021-06-22,128087,sell,rebalance_resize,102.477,3.1828955595682155e-07,3.26173588257872e-05,3.2617358825787205e-08
2021-06-22,113505,sell,rebalance_resize,105.81,5.2759724138481525e-06,0.000558250641109273,5.582506411092731e-07
2021-06-22,123097,sell,rebalance_resize,111.351,8.091900863478905e-06,0.0009010412530492395,9.010412530492396e-07
2021-06-22,128127,buy,rebalance,97.781,1.326623037527242e-05,0.0012971852723245125,1.2971852723245125e-06
2021-06-22,127027,buy,rebalance,100.339,7.009080215122993e-06,0.0007032840997052259,7.03284099705226e-07
2021-06-22,128013,buy,rebalance,106.95,1.2962901765658368e-19,1.3863823438371624e-17,1.3863823438371625e-20
2021-06-22,110080,buy,rebalance,103.12,8.233217248286893e-06,0.0008490093626433444,8.490093626433444e-07
2021-06-22,128087,buy,rebalance,102.477,1.3528717115422606e-19,1.3863823438371624e-17,1.3863823438371625e-20
2021-06-22,113033,buy,rebalance,99.23,7.598222240339224e-06,0.0007539715929088612,7.539715929088612e-07
2021-06-22,128081,buy,rebalance,108.15,1.3845361359966358e-05,0.0014973758310803617,1.4973758310803618e-06
2021-06-22,127035,buy,rebalance,104.6,0.0010362768820456369,0.10839456186197362,0.00010839456186197362
2021-06-22,127033,buy,rebalance,100.1,1.2504216394846306e-05,0.0012516720611241152,1.2516720611241153e-06
2021-06-22,111000,buy,rebalance,105.2,0.0010303665576233234,0.10839456186197362,0.00010839456186197362
2021-06-22,127018,buy,rebalance,99.399,1.8514013218097463e-05,0.00184027439986567,1.84027439986567e-06
2021-06-22,110071,buy,rebalance,106.33,1.4202230489517928e-05,0.0015101231679504412,1.5101231679504413e-06
2021-06-22,113610,buy,rebalance,105.45,5.29176277131971e-06,0.0005580163842356634,5.580163842356634e-07
2021-06-22,123086,buy,rebalance,112.014,0.0009676876270999484,0.10839456186197362,0.00010839456186197362
2021-06-22,123087,buy,rebalance,105.151,2.2056183728675026e-06,0.00023192297752539076,2.3192297752539077e-07
2021-06-22,128107,buy,rebalance,107.898,0.0010046021414852327,0.10839456186197362,0.00010839456186197362
2021-06-22,127028,buy,rebalance,108.15,1.9283565868639213e-05,0.002085517648693331,2.085517648693331e-06
2021-06-22,123080,buy,rebalance,106.95,2.3547677690964852e-05,0.002518424129048691,2.518424129048691e-06
2021-07-01,123097,sell,rebalance,112.98,0.0009744298887719449,0.11009108883345434,0.00011009108883345435
2021-07-01,123080,sell,rebalance,108.199,0.0010145040285731142,0.10976832138758238,0.00010976832138758238
2021-07-01,113505,sell,rebalance,104.65,0.0010254582983143827,0.10731421091860015,0.00010731421091860015
2021-07-01,123086,sell,rebalance,110.978,0.0009676876270999484,0.10739203748029807,0.00010739203748029807
2021-07-01,110080,sell,rebalance_resize,105.48,7.894610187206465e-06,0.0008327234825465379,8.32723482546538e-07
2021-07-01,113610,sell,rebalance_resize,108.09,9.86457710944359e-06,0.0010662621397597577,1.0662621397597577e-06
2021-07-01,127033,sell,rebalance_resize,106.7,5.1575774631949046e-05,0.0055031351532289635,5.503135153228964e-06
2021-07-01,111000,sell,rebalance_resize,107.57,6.350973069956265e-06,0.0006831741731351954,6.831741731351953e-07
2021-07-01,128081,sell,rebalance_resize,114.0,3.6999392762281556e-05,0.004217930774900097,4.217930774900097e-06
2021-07-01,123087,sell,rebalance_resize,110.161,3.1952191497965104e-05,0.003519885367607334,3.519885367607334e-06
2021-07-01,128013,buy,rebalance,108.149,4.001397481048041e-06,0.0004327471361778646,4.327471361778646e-07
2021-07-01,128127,buy,rebalance,98.49,8.765222560135079e-06,0.0008632867699477039,8.632867699477039e-07
2021-07-01,127018,buy,rebalance,100.08,9.06437768907802e-06,0.0009071629191229281,9.071629191229281e-07
2021-07-01,128087,buy,rebalance,102.914,1.1521136009267539e-05,0.0011856861912577594,1.1856861912577595e-06
2021-07-01,127027,buy,rebalance,100.215,1.7787418584808455e-05,0.0017825661534765793,1.7825661534765793e-06
2021-07-01,113033,buy,rebalance,100.32,4.565782749597313e-06,0.0004580393254396024,4.580393254396024e-07
2021-07-01,113610,buy,rebalance,108.09,1.2825826944693484e-19,1.3863436344519187e-17,1.3863436344519187e-20
2021-07-01,123106,buy,rebalance,114.0,0.0009652582748146368,0.1100394433288686,0.0001100394433288686
2021-07-01,110071,buy,rebalance,107.35,5.679237973113819e-06,0.0006096661964137685,6.096661964137686e-07
2021-07-01,127035,buy,rebalance,105.888,4.000749849777292e-06,0.0004236314000932179,4.2363140009321787e-07
2021-07-01,113609,buy,rebalance,113.37,0.0009706222398241915,0.1100394433288686,0.0001100394433288686
2021-07-01,127028,buy,rebalance,108.13,1.5444841546068823e-05,0.001670050716376422,1.670050716376422e-06
2021-07-01,128082,buy,rebalance,113.81,0.0009668697243552289,0.1100394433288686,0.0001100394433288686
2021-07-01,128130,buy,rebalance,113.22,0.000971908172839327,0.1100394433288686,0.0001100394433288686
2021-07-01,128107,buy,rebalance,108.654,9.18771444744065e-06,0.0009982819255722163,9.982819255722163e-07
2021-07-13,127033,sell,rebalance,107.2,0.0010323651024405408,0.11066953898162597,0.00011066953898162598
2021-07-13,123087,sell,rebalance,113.321,0.000999930614558743,0.11331313717241133,0.00011331313717241133
2021-07-13,127035,sell,rebalance,109.001,0.001040277631895414,0.11339130215423203,0.00011339130215423203
2021-07-13,111000,sell,rebalance,111.41,0.0010240155845533672,0.11408557627509064,0.00011408557627509064
2021-07-13,123106,sell,rebalance,120.4,0.0009652582748146368,0.11621709628768229,0.00011621709628768228
2021-07-13,128082,sell,rebalance,122.499,0.0009668697243552289,0.11844057436379117,0.00011844057436379117
2021-07-13,113609,sell,rebalance_resize,119.01,2.8154586841526205e-05,0.0033506773800100337,3.3506773800100336e-06
2021-07-13,113610,sell,rebalance_resize,113.35,2.9560568810224096e-05,0.003350690474638901,3.350690474638901e-06
2021-07-13,128127,buy,rebalance,98.003,2.6047183754921716e-05,0.002552702149533593,2.552702149533593e-06
2021-07-13,128013,buy,rebalance,107.7,2.2887628871911187e-05,0.002464997629504835,2.464997629504835e-06
2021-07-13,128087,buy,rebalance,103.352,1.4906199415201397e-05,0.001540585521959895,1.540585521959895e-06
2021-07-13,127027,buy,rebalance,100.4,1.7992004534008317e-05,0.001806397255214435,1.8063972552144351e-06
2021-07-13,113033,buy,rebalance,100.96,1.2937248408629453e-05,0.0013061445993352294,1.3061445993352294e-06
2021-07-13,127018,buy,rebalance,100.946,1.0465337579070784e-05,0.0010564339672568793,1.0564339672568793e-06
2021-07-13,110080,buy,rebalance,105.68,1.702347984608687e-05,0.0017990413501344604,1.7990413501344605e-06
2021-07-13,128129,buy,rebalance,106.21,0.001054984836232267,0.11204993945622906,0.00011204993945622906
2021-07-13,127034,buy,rebalance,106.08,0.0010562777098060809,0.11204993945622906,0.00011204993945622906
2021-07-13,128081,buy,rebalance,113.7,2.0204719991230103e-05,0.0022972766630028627,2.2972766630028627e-06
2021-07-13,110071,buy,rebalance,108.9,3.851778696611112e-06,0.0004194587000609501,4.1945870006095013e-07
2021-07-13,128107,buy,rebalance,109.3,1.2392282927194723e-05,0.0013544765239423833,1.3544765239423832e-06
2021-07-13,128130,buy,rebalance,114.264,9.695453875553836e-06,0.0011078413416362835,1.1078413416362835e-06
2021-07-13,110072,buy,rebalance,91.93,0.001218861519158371,0.11204993945622906,0.00011204993945622906
2021-07-13,127028,buy,rebalance,108.7,1.3149473020058483e-05,0.0014293477172803572,1.4293477172803571e-06
2021-07-13,128037,buy,rebalance,108.259,0.001035017314553331,0.11204993945622906,0.00011204993945622906
2021-07-13,128034,buy,rebalance,105.575,0.001061330234015904,0.11204993945622906,0.00011204993945622906
2021-07-13,113549,buy,rebalance,109.28,0.0010253471765760346,0.11204993945622906,0.00011204993945622906
2021-07-21,128130,sell,rebalance,115.973,0.000981603626714881,0.11383951740100488,0.00011383951740100489
2021-07-21,110072,sell,rebalance,92.43,0.001218861519158371,0.11265937021580823,0.00011265937021580823
2021-07-21,128037,sell,rebalance,107.2,0.001035017314553331,0.11095385612011707,0.00011095385612011708
2021-07-21,128034,sell,rebalance,106.546,0.001061330234015904,0.11308049111345851,0.00011308049111345852
2021-07-21,127018,sell,rebalance_resize,104.498,3.081808502982409e-05,0.003220428249446558,3.2204282494465583e-06
2021-07-21,127027,sell,rebalance_resize,102.801,1.901999456580688e-05,0.001955274461359513,1.955274461359513e-06
2021-07-21,110071,sell,rebalance_resize,113.66,3.6750151222737144e-05,0.004177022187976304,4.177022187976304e-06
2021-07-21,113549,sell,rebalance_resize,110.54,4.103829255155044e-06,0.0004536372858648386,4.536372858648386e-07
2021-07-21,113610,sell,rebalance_resize,117.62,2.975789162992777e-05,0.0035001232135121046,3.5001232135121047e-06
2021-07-21,128127,buy,rebalance,97.987,7.605971425685498e-06,0.0007452863220886449,7.452863220886449e-07
2021-07-21,128013,buy,rebalance,106.9,1.4585430654916464e-05,0.00155918253701057,1.55918253701057e-06
2021-07-21,113033,buy,rebalance,101.04,6.303954676194491e-06,0.0006369515804826914,6.369515804826914e-07
2021-07-21,128087,buy,rebalance,103.28,7.78495104584285e-06,0.0008040297440146495,8.040297440146495e-07
2021-07-21,110080,buy,rebalance,105.8,5.661672910986071e-06,0.0005990049939823263,5.990049939823264e-07
2021-07-21,128107,buy,rebalance,108.597,1.3319427340259832e-05,0.0014464498508701968,1.4464498508701968e-06
2021-07-21,113609,buy,rebalance,116.25,2.858457185701957e-05,0.003322956478378525,3.322956478378525e-06
2021-07-21,127034,buy,rebalance,106.3,5.694227326309195e-06,0.0006052963647866674,6.052963647866674e-07
2021-07-21,128129,buy,rebalance,106.879,1.2385886545733253e-06,0.00013237911681214244,1.3237911681214244e-07
2021-07-21,128081,buy,rebalance,113.55,7.70192351857787e-06,0.000874553415534517,8.74553415534517e-07
2021-07-21,123087,buy,rebalance,109.47,0.0010301655772063675,0.11277222573678106,0.00011277222573678106
2021-07-21,127035,buy,rebalance,109.95,0.0010256682650002823,0.11277222573678106,0.00011277222573678106
2021-07-21,113039,buy,rebalance,116.95,0.0009642772615372472,0.11277222573678106,0.00011277222573678106
2021-07-21,127028,buy,rebalance,108.339,1.0134616432249126e-05,0.001097974209653438,1.0979742096534381e-06
2021-07-21,128066,buy,rebalance,102.912,0.0010958122059310969,0.11277222573678106,0.00011277222573678106
2021-08-02,128013,sell,rebalance,104.269,0.001056002204035878,0.11010829381261696,0.00011010829381261696
2021-08-02,128081,sell,rebalance,121.75,0.0009941641560572265,0.12103948599996732,0.00012103948599996733
2021-08-02,127018,sell,rebalance,112.8,0.0010802909109537985,0.12185681475558847,0.00012185681475558848
2021-08-02,113549,sell,rebalance,116.0,0.0010212433473208795,0.11846422828922203,0.00011846422828922202
2021-08-02,123087,sell,rebalance,130.86,0.0010301655772063675,0.13480746743322528,0.0001348074674332253
2021-08-02,113039,sell,rebalance,122.9,0.0009642772615372472,0.11850967544292769,0.00011850967544292769
2021-08-02,128066,sell,rebalance,100.948,0.0010958122059310969,0.11062005056433236,0.00011062005056433235
2021-08-02,127035,sell,rebalance_resize,112.8,1.1152073917617044e-05,0.0012579539379072024,1.2579539379072025e-06
2021-08-02,110071,sell,rebalance_resize,116.12,7.699876543334796e-06,0.0008941096642120366,8.941096642120366e-07
2021-08-02,128127,buy,rebalance,96.311,3.610521615172894e-05,0.0034773294727891662,3.4773294727891665e-06
2021-08-02,113033,buy,rebalance,100.63,1.993347954199456e-05,0.0020059060463109126,2.0059060463109126e-06
2021-08-02,128087,buy,rebalance,100.122,4.9906821584860264e-05,0.004996770790719379,4.9967707907193795e-06
2021-08-02,110080,buy,rebalance,105.54,1.7295721760775772e-05,0.001825390474632275,1.825390474632275e-06
2021-08-02,128100,buy,rebalance,86.042,0.0013286860976045622,0.11432280921009173,0.00011432280921009174
2021-08-02,128130,buy,rebalance,111.38,0.0010264213432401843,0.11432280921009173,0.00011432280921009174
2021-08-02,113609,buy,rebalance,109.31,7.577900400303112e-05,0.008283402927571333,8.283402927571333e-06
2021-08-02,113610,buy,rebalance,116.89,1.9228043981143275e-05,0.0022475660609558375,2.2475660609558377e-06
2021-08-02,128107,buy,rebalance,108.658,1.367387190183071e-05,0.0014857755731091213,1.4857755731091214e-06
2021-08-02,127027,buy,rebalance,102.5,1.832038414150101e-05,0.0018778393745038536,1.8778393745038537e-06
2021-08-02,127034,buy,rebalance,104.4,3.4137767803976155e-05,0.003563982958735111,3.563982958735111e-06
2021-08-02,127028,buy,rebalance,107.0,2.7500727321124983e-05,0.002942577823360373,2.942577823360373e-06
2021-08-02,128129,buy,rebalance,105.58,2.764189438896439e-05,0.0029184312095868604,2.9184312095868603e-06
2021-08-02,123097,buy,rebalance,117.97,0.000969083743410119,0.11432280921009173,0.00011432280921009174
2021-08-02,123082,buy,rebalance,110.01,0.0010392037924742453,0.11432280921009173,0.00011432280921009174
2021-08-02,123118,buy,rebalance,115.202,0.0009923682679996158,0.11432280921009173,0.00011432280921009174
2021-08-02,123063,buy,rebalance,114.921,0.0009947947651873176,0.11432280921009173,0.00011432280921009174
2021-08-02,110072,buy,rebalance,90.4,0.0012646328452443774,0.11432280921009173,0.00011432280921009174
2021-08-11,113610,sell,rebalance,132.2,0.0009789988279706862,0.1294236450577247,0.0001294236450577247
2021-08-11,110071,sell,rebalance,125.9,0.0009855100443861922,0.1240757145882216,0.0001240757145882216
2021-08-11,127035,sell,rebalance,122.01,0.0010145161910826653,0.123781120473996,0.000123781120473996
2021-08-11,128100,sell,rebalance,93.18,0.0013286860976045622,0.12380697057479312,0.00012380697057479313
2021-08-11,123097,sell,rebalance,125.6,0.000969083743410119,0.12171691817231094,0.00012171691817231094
2021-08-11,123118,sell,rebalance,117.815,0.0009923682679996158,0.11691586749437473,0.00011691586749437473
2021-08-11,113609,sell,rebalance_resize,114.9,1.3350098949906118e-05,0.001533926369344213,1.5339263693442129e-06
2021-08-11,128127,buy,rebalance,96.52,4.207050292937264e-05,0.004060644942743047,4.060644942743047e-06
2021-08-11,128087,buy,rebalance,102.78,1.2408831411119866e-05,0.0012753796924348999,1.2753796924348999e-06
2021-08-11,113033,buy,rebalance,104.24,1.977212453799648e-06,0.00020610462618407527,2.0610462618407527e-07
2021-08-11,110080,buy,rebalance,106.25,3.329879359199346e-05,0.003537996819149305,3.537996819149305e-06
2021-08-11,127027,buy,rebalance,105.33,1.0925164350730472e-05,0.0011507475610624406,1.1507475610624406e-06
2021-08-11,128130,buy,rebalance,114.0,1.5203613066513494e-05,0.0017332118895825384,1.7332118895825385e-06
2021-08-11,127020,buy,rebalance,120.0,0.0009885675645039654,0.11862810774047584,0.00011862810774047585
2021-08-11,128129,buy,rebalance,107.299,2.2804173320526626e-05,0.0024468649931191867,2.4468649931191866e-06
2021-08-11,127028,buy,rebalance,109.051,1.941182244046518e-05,0.0021168786489551682,2.116878648955168e-06
2021-08-11,127034,buy,rebalance,103.999,4.565342806473888e-05,0.0047479108653047785,4.747910865304778e-06
2021-08-11,128107,buy,rebalance,110.12,2.514101264089505e-05,0.002768528312015363,2.768528312015363e-06
2021-08-11,123082,buy,rebalance,113.4,7.939766504923547e-06,0.0009003695216583303,9.003695216583303e-07
2021-08-11,123063,buy,rebalance,118.601,6.429656864496445e-06,0.0007625637337861429,7.625637337861429e-07
2021-08-11,128066,buy,rebalance,102.897,0.0011528820834472903,0.11862810774047584,0.00011862810774047585
2021-08-11,128081,buy,rebalance,122.028,0.0009721384251194467,0.11862810774047584,0.00011862810774047585
2021-08-11,110072,buy,rebalance,92.08,2.4948820414329082e-05,0.002297287383751422,2.297287383751422e-06
2021-08-11,113039,buy,rebalance,121.23,0.0009785375545696266,0.11862810774047584,0.00011862810774047585
2021-08-11,128034,buy,rebalance,107.7,0.0011014680384445297,0.11862810774047584,0.00011862810774047585
2021-08-11,128037,buy,rebalance,107.844,0.00109999728997882,0.11862810774047584,0.00011862810774047585
2021-08-23,127028,sell,rebalance,107.081,0.001088892908425119,0.11659974152707016,0.00011659974152707016
2021-08-23,123063,sell,rebalance,122.69,0.001001224422051814,0.12284022434153706,0.00012284022434153706
2021-08-23,110072,sell,rebalance,95.31,0.0012895816656587065,0.12291002855393132,0.00012291002855393133
2021-08-23,128066,sell,rebalance,103.65,0.0011528820834472903,0.11949622794931165,0.00011949622794931166
2021-08-23,113039,sell,rebalance,128.78,0.0009785375545696266,0.12601606627747652,0.00012601606627747652
2021-08-23,128034,sell,rebalance,106.5,0.0011014680384445297,0.11730634609434241,0.00011730634609434241
2021-08-23,113033,sell,rebalance_resize,105.83,6.810410210724493e-06,0.0007207457126009731,7.207457126009731e-07
2021-08-23,128130,sell,rebalance_resize,115.2,1.3705707154300969e-06,0.00015788974641754716,1.5788974641754717e-07
2021-08-23,127027,sell,rebalance_resize,110.999,4.7744404241318366e-05,0.005299581126382097,5.299581126382097e-06
2021-08-23,113609,sell,rebalance_resize,116.89,8.266781187924705e-06,0.0009663040530565188,9.663040530565189e-07
2021-08-23,128107,sell,rebalance_resize,113.384,2.1400966899330372e-05,0.002426527230913675,2.426527230913675e-06
2021-08-23,128100,buy,rebalance,101.126,0.0011838303363815026,0.11971602659691584,0.00011971602659691584
2021-08-23,128127,buy,rebalance,96.859,6.985980583496039e-06,0.0006766550933368428,6.766550933368428e-07
2021-08-23,128087,buy,rebalance,102.7,1.1517334375956672e-05,0.0011828302404107503,1.1828302404107503e-06
2021-08-23,110080,buy,rebalance,105.53,1.7972223717859593e-05,0.001896608768945723,1.896608768945723e-06
2021-08-23,127020,buy,rebalance,120.25,7.99236558837839e-06,0.0009610819620025013,9.610819620025013e-07
2021-08-23,128129,buy,rebalance,106.531,1.8217527681560826e-05,0.0019407314414443563,1.9407314414443564e-06
2021-08-23,128081,buy,rebalance,118.8,3.655606708627061e-05,0.004342860769848948,4.342860769848948e-06
2021-08-23,113610,buy,rebalance,118.37,0.00101137134913336,0.11971602659691584,0.00011971602659691584
2021-08-23,123097,buy,rebalance,122.1,0.0009804752383039792,0.11971602659691584,0.00011971602659691584
2021-08-23,127018,buy,rebalance,114.5,0.0010455548174403131,0.11971602659691584,0.00011971602659691584
2021-08-23,127034,buy,rebalance,103.33,1.797192885556238e-05,0.0018570394086452604,1.8570394086452604e-06
2021-08-23,123082,buy,rebalance,114.25,1.7588624403025461e-06,0.0002009500338045659,2.009500338045659e-07
2021-08-23,113549,buy,rebalance,112.3,0.0010660376366599807,0.11971602659691584,0.00011971602659691584
2021-08-23,128037,buy,rebalance,107.199,1.7880334324327444e-05,0.0019167539592335778,1.9167539592335778e-06
2021-08-23,123118,buy,rebalance,113.565,0.0010541630484472843,0.11971602659691584,0.00011971602659691584
2021-08-31,127027,sell,rebalance,116.703,0.0010796250886955202,0.1259954867260333,0.0001259954867260333
2021-08-31,123082,sell,rebalance,116.299,0.0010489024214194714,0.1219863027086631,0.0001219863027086631
2021-08-31,128081,sell,rebalance,125.8,0.0010086944922057172,0.12689376711947922,0.00012689376711947923
2021-08-31,113610,sell,rebalance,119.0,0.00101137134913336,0.12035319054686985,0.00012035319054686986
2021-08-31,123097,sell,rebalance,125.375,0.0009804752383039792,0.12292708300236138,0.00012292708300236138
2021-08-31,113549,sell,rebalance,116.88,0.0010660376366599807,0.12459847897281855,0.00012459847897281856
2021-08-31,123118,sell,rebalance,117.899,0.0010541630484472843,0.12428476924888637,0.00012428476924888638
2021-08-31,127018,sell,rebalance_resize,121.0,2.8896872172837643e-05,0.0034965215329133548,3.496521532913355e-06
2021-08-31,113609,sell,rebalance_resize,120.3,2.640688045163514e-06,0.0003176747718331707,3.1767477183317073e-07
2021-08-31,127020,sell,rebalance_resize,129.0,4.2950539570138177e-05,0.005540619604547825,5.540619604547825e-06
2021-08-31,128100,buy,rebalance,101.85,2.3957049523000644e-05,0.0024400254939176153,2.4400254939176153e-06
2021-08-31,128127,buy,rebalance,98.289,1.4328489497383217e-05,0.001408332904208299,1.408332904208299e-06
2021-08-31,128087,buy,rebalance,105.008,4.62735950640003e-06,0.0004859097670480544,4.859097670480544e-07
2021-08-31,110080,buy,rebalance,107.71,6.5360748587824256e-06,0.000704000623039455,7.04000623039455e-07
2021-08-31,113033,buy,rebalance,106.97,1.762656712586134e-05,0.0018855138854533874,1.8855138854533874e-06
2021-08-31,128129,buy,rebalance,105.95,3.6148755588507655e-05,0.0038299606546023865,3.8299606546023865e-06
2021-08-31,128130,buy,rebalance,117.6,5.790878747616586e-06,0.0006810073407197104,6.810073407197104e-07
2021-08-31,113044,buy,rebalance,103.26,0.0011901162655091127,0.12289140557647098,0.00012289140557647098
2021-08-31,110043,buy,rebalance,114.43,0.0010739439445641087,0.12289140557647098,0.00012289140557647098
2021-08-31,128037,buy,rebalance,108.955,1.1160807576705461e-05,0.0012160257895199435,1.2160257895199435e-06
2021-08-31,128034,buy,rebalance,106.79,0.001150776342133823,0.12289140557647098,0.00012289140557647098
2021-08-31,128066,buy,rebalance,106.659,0.0011521897409170437,0.12289140557647098,0.00012289140557647098
2021-08-31,128107,buy,rebalance,115.49,8.238639632397866e-06,0.0009514804911456295,9.514804911456295e-07
2021-08-31,128048,buy,rebalance,115.411,0.0010648153605503027,0.12289140557647098,0.00012289140557647098
2021-08-31,123024,buy,rebalance,120.91,0.0010163874417043336,0.12289140557647098,0.00012289140557647098
2021-08-31,127034,buy,rebalance,105.381,7.5987274531242175e-06,0.0008007614977376832,8.007614977376832e-07
2021-08-31,123080,buy,rebalance,121.514,0.001011335365278659,0.12289140557647098,0.00012289140557647098
2021-09-13,113609,sell,rebalance,121.15,0.0010225736606597217,0.1238847989889253,0.0001238847989889253
2021-09-13,127020,sell,rebalance,140.35,0.0009536093905222056,0.13383907795979155,0.00013383907795979155
2021-09-13,127018,sell,rebalance,140.0,0.0010166579452674754,0.14233211233744655,0.00014233211233744656
2021-09-13,110043,sell,rebalance,124.04,0.0010739439445641087,0.13321200688373205,0.00013321200688373207
2021-09-13,128034,sell,rebalance,111.55,0.001150776342133823,0.12836910096502796,0.00012836910096502795
2021-09-13,128048,sell,rebalance,123.6,0.0010648153605503027,0.1316111785640174,0.00013161117856401742
2021-09-13,123024,sell,rebalance,119.786,0.0010163874417043336,0.1217489860919953,0.0001217489860919953
2021-09-13,123080,sell,rebalance,122.79,0.001011335365278659,0.12418186950256654,0.00012418186950256655
2021-09-13,128127,sell,rebalance_resize,103.687,5.041139613716008e-06,0.0005227006431273717,5.227006431273717e-07
2021-09-13,128100,sell,rebalance_resize,115.4,8.779270095883597e-05,0.01013127769064967,1.013127769064967e-05
2021-09-13,110080,sell,rebalance_resize,113.39,2.2453898661259216e-06,0.00025460475692001827,2.546047569200183e-07
2021-09-13,128130,sell,rebalance_resize,125.5,1.618560981513919e-05,0.0020312940317999684,2.0312940317999684e-06
2021-09-13,128129,sell,rebalance_resize,112.14,8.481944559729552e-06,0.000951165262928072,9.511652629280721e-07
2021-09-13,128037,sell,rebalance_resize,115.0,5.148113247417712e-06,0.0005920330234530369,5.920330234530369e-07
2021-09-13,128100,buy,rebalance,115.4,2.4027267122597144e-19,2.7727466259477107e-17,2.7727466259477106e-20
2021-09-13,128087,buy,rebalance,108.505,1.966201003334545e-05,0.002133426398668148,2.133426398668148e-06
2021-09-13,113033,buy,rebalance,107.6,5.114881134037161e-05,0.005503612100223985,5.5036121002239856e-06
2021-09-13,113044,buy,rebalance,107.2,1.5533906810578947e-05,0.0016652348100940633,1.6652348100940632e-06
2021-09-13,127042,buy,rebalance,121.4,0.0010635625356819332,0.1291164918317867,0.0001291164918317867
2021-09-13,128066,buy,rebalance,108.77,3.603691093081333e-05,0.003919734801944566,3.919734801944566e-06
2021-09-13,127034,buy,rebalance,107.311,3.704746039285262e-05,0.003975600022217408,3.975600022217408e-06
2021-09-13,123097,buy,rebalance,121.05,0.0010666376855166188,0.1291164918317867,0.0001291164918317867
2021-09-13,128143,buy,rebalance,120.3,0.0010732875463988919,0.1291164918317867,0.0001291164918317867
2021-09-13,113570,buy,rebalance,123.37,0.0010465793291058337,0.1291164918317867,0.0001291164918317867
2021-09-13,113591,buy,rebalance,116.48,0.0011084863653141029,0.1291164918317867,0.0001291164918317867
2021-09-13,128107,buy,rebalance,120.0,1.1895372672736685e-05,0.0014274447207284022,1.4274447207284023e-06
2021-09-13,113610,buy,rebalance,118.45,0.0010900505853253413,0.1291164918317867,0.0001291164918317867
2021-09-13,123118,buy,rebalance,121.8,0.0010600697194727972,0.1291164918317867,0.0001291164918317867
2021-09-13,128063,buy,rebalance,118.608,0.0010885985079571925,0.1291164918317867,0.0001291164918317867
2021-09-23,123097,sell,rebalance,118.9,0.0010666376855166188,0.126823220807926,0.00012682322080792598
2021-09-23,128143,sell,rebalance,118.391,0.0010732875463988919,0.1270675859057112,0.0001270675859057112
2021-09-23,113570,sell,rebalance,119.75,0.0010465793291058337,0.12532787466042358,0.0001253278746604236
2021-09-23,113610,sell,rebalance,114.42,0.0010900505853253413,0.12472358797292556,0.00012472358797292556
2021-09-23,123118,sell,rebalance,123.444,0.0010600697194727972,0.1308592464506,0.0001308592464506
2021-09-23,128063,sell,rebalance,116.49,0.0010885985079571925,0.12681084019193334,0.00012681084019193335
2021-09-23,113591,sell,rebalance_resize,113.52,4.236025620737606e-06,0.00048087362846613307,4.808736284661331e-07
2021-09-23,127042,sell,rebalance_resize,120.588,2.4035397310032e-05,0.002898380490822139,2.898380490822139e-06
2021-09-23,113044,sell,rebalance_resize,105.53,1.7793652259132424e-05,0.0018777641229062447,1.8777641229062447e-06
2021-09-23,128107,sell,rebalance_resize,117.81,1.3009953138804543e-05,0.0015327025792825633,1.5327025792825633e-06
2021-09-23,128130,sell,rebalance_resize,126.019,3.513268032151535e-05,0.004427385241437043,4.427385241437043e-06
2021-09-23,128100,buy,rebalance,105.38,6.948216117961634e-05,0.007322030145107968,7.322030145107969e-06
2021-09-23,128127,buy,rebalance,97.3,4.177264914498173e-05,0.004064478761806723,4.064478761806723e-06
2021-09-23,128087,buy,rebalance,104.273,1.1019497005063294e-05,0.0011490360112089647,1.1490360112089647e-06
2021-09-23,113033,buy,rebalance,103.13,1.4353241174151298e-05,0.0014802497622902232,1.4802497622902233e-06
2021-09-23,113628,buy,rebalance,107.9,0.00116058804337414,0.1252274498800697,0.0001252274498800697
2021-09-23,110080,buy,rebalance,108.15,1.9212283176584752e-05,0.002077808425547641,2.077808425547641e-06
2021-09-23,127018,buy,rebalance,124.5,0.0010058429709242547,0.1252274498800697,0.0001252274498800697
2021-09-23,127042,buy,rebalance,120.588,2.2993535774352243e-19,2.772744491957588e-17,2.772744491957588e-20
2021-09-23,128037,buy,rebalance,111.4,1.3730868929346555e-06,0.00015296187987292063,1.5296187987292063e-07
2021-09-23,128066,buy,rebalance,103.92,1.8014680426239526e-05,0.0018720855898948115,1.8720855898948115e-06
2021-09-23,127028,buy,rebalance,107.103,0.0011692244837219286,0.1252274498800697,0.0001252274498800697
2021-09-23,127034,buy,rebalance,103.935,1.7025433856768934e-06,0.00017695384679032792,1.769538467903279e-07
2021-09-23,128129,buy,rebalance,107.351,1.5137665603497668e-05,0.0016250435402010782,1.6250435402010783e-06
2021-09-23,110072,buy,rebalance,98.9,0.0012662027288176917,0.1252274498800697,0.0001252274498800697
2021-09-23,128034,buy,rebalance,107.395,0.0011660454386151096,0.1252274498800697,0.0001252274498800697
2021-09-23,127020,buy,rebalance,128.444,0.0009749575681236159,0.1252274498800697,0.0001252274498800697
2021-10-08,127034,sell,rebalance,104.143,0.001206083793088321,0.12560518446359703,0.00012560518446359703
2021-10-08,128066,sell,rebalance,104.47,0.0012062413322740965,0.12601603198267486,0.00012601603198267487
2021-10-08,127028,sell,rebalance,107.901,0.0011692244837219286,0.1261604910180798,0.0001261604910180798
2021-10-08,110072,sell,rebalance,99.97,0.0012662027288176917,0.12658228679990463,0.00012658228679990463
2021-10-08,128034,sell,rebalance,108.13,0.0011660454386151096,0.1260844932774518,0.0001260844932774518
2021-10-08,128127,sell,rebalance_resize,99.0,2.6671817781624542e-05,0.0026405099603808296,2.6405099603808295e-06
2021-10-08,128087,sell,rebalance_resize,105.7,2.051909401828056e-05,0.002168868237732255,2.168868237732255e-06
2021-10-08,113033,sell,rebalance_resize,104.62,2.1641331166486623e-05,0.0022641160666378307,2.2641160666378307e-06
2021-10-08,110080,sell,rebalance_resize,108.5,7.908828747248266e-06,0.0008581079190764369,8.581079190764369e-07
2021-10-08,113591,sell,rebalance_resize,117.58,4.1995247136089554e-05,0.0049378011582614095,4.937801158261409e-06
2021-10-08,113044,sell,rebalance_resize,105.91,8.553774494659101e-06,0.0009059302567293454,9.059302567293454e-07
2021-10-08,113628,sell,rebalance_resize,109.06,1.534731549146564e-05,0.0016737782274992426,1.6737782274992428e-06
2021-10-08,128129,sell,rebalance_resize,108.32,1.4626930967733939e-05,0.00158438916242494,1.5843891624249402e-06
2021-10-08,128100,buy,rebalance,103.999,1.1484009027681835e-05,0.001194325454869883,1.194325454869883e-06
2021-10-08,127042,buy,rebalance,116.4,3.346217531959353e-05,0.0038949972072006875,3.894997207200687e-06
2021-10-08,128130,buy,rebalance,124.601,7.664448107986413e-06,0.000954997898703215,9.54997898703215e-07
2021-10-08,127027,buy,rebalance,127.0,0.000982455849664067,0.12477189290733653,0.00012477189290733653
2021-10-08,128037,buy,rebalance,109.7,1.328224909666443e-05,0.001457062725904088,1.457062725904088e-06
2021-10-08,113628,buy,rebalance,109.06,1.271186393370016e-19,1.3863558806093394e-17,1.3863558806093395e-20
2021-10-08,128107,buy,rebalance,114.333,2.8353961366482567e-05,0.0032417934649140515,3.2417934649140515e-06
2021-10-08,127020,buy,rebalance,120.901,5.805910954845956e-05,0.007019404403518309,7.019404403518309e-06
2021-10-08,113610,buy,rebalance,113.41,0.0011001842245598847,0.12477189290733653,0.00012477189290733653
2021-10-08,127018,buy,rebalance,119.63,3.81699618147884e-05,0.004566272531903136,4.5662725319031355e-06
2021-10-08,128075,buy,rebalance,122.0,0.0010227204336666928,0.12477189290733653,0.00012477189290733653
2021-10-08,113607,buy,rebalance,127.16,0.000981219667405918,0.12477189290733653,0.00012477189290733653
2021-10-08,128133,buy,rebalance,122.5,0.001018546064549686,0.12477189290733653,0.00012477189290733653
2021-10-12,128129,sell,rebalance,109.0,0.0011530645659424343,0.12568403768772535,0.00012568403768772535
2021-10-12,113628,sell,rebalance,109.5,0.0011452407278826745,0.12540385970315288,0.00012540385970315288
2021-10-12,127020,sell,rebalance,121.06,0.0010330166776720755,0.12505699899898146,0.00012505699899898146
2021-10-12,113610,sell,rebalance,116.11,0.0011001842245598847,0.1277423903136482,0.0001277423903136482
2021-10-12,128133,sell,rebalance,120.39,0.001018546064549686,0.1226227607111367,0.0001226227607111367
2021-10-12,128087,sell,rebalance_resize,106.38,2.4185119184941315e-06,0.0002572812978894057,2.572812978894057e-07
2021-10-12,110080,sell,rebalance_resize,109.4,4.4771360484184065e-06,0.0004897986836969737,4.897986836969737e-07
2021-10-12,113033,sell,rebalance_resize,105.19,1.2762929057459575e-06,0.00013425325075541727,1.3425325075541727e-07
2021-10-12,127042,sell,rebalance_resize,120.5,3.194208064436497e-05,0.003849020717645979,3.849020717645979e-06
2021-10-12,128037,sell,rebalance_resize,110.492,3.203805599669091e-06,0.00035399488831863724,3.5399488831863723e-07
2021-10-12,113591,sell,rebalance_resize,121.52,2.9946076904056502e-05,0.003639047265380946,3.639047265380946e-06
2021-10-12,128100,buy,rebalance,104.227,2.622807940280761e-06,0.0002733674031916429,2.7336740319164287e-07
2021-10-12,128127,buy,rebalance,99.147,3.6351570688778913e-06,0.0003604149179080363,3.604149179080363e-07
2021-10-12,113033,buy,rebalance,105.19,2.635941307820934e-19,2.7727466616968405e-17,2.7727466616968403e-20
2021-10-12,127027,buy,rebalance,127.406,2.1595738915261933e-06,0.0002751426712237862,2.751426712237862e-07
2021-10-12,113549,buy,rebalance,123.7,0.001013089313121784,0.12531914803316468,0.00012531914803316468
2021-10-12,113505,buy,rebalance,116.97,0.0010713785417899007,0.12531914803316468,0.00012531914803316468
2021-10-12,128107,buy,rebalance,113.7,1.0904074596820892e-05,0.0012397932816585354,1.2397932816585354e-06
2021-10-12,113044,buy,rebalance,106.22,1.6990302568332174e-06,0.00018047099388082436,1.8047099388082435e-07
2021-10-12,128130,buy,rebalance,125.0,1.176917235511112e-06,0.00014711465443888901,1.4711465443888903e-07
2021-10-12,128066,buy,rebalance,105.3,0.0011901153659369865,0.12531914803316468,0.00012531914803316468
2021-10-12,113607,buy,rebalance,126.0,1.4370459492637008e-05,0.0018106778960722632,1.8106778960722633e-06
2021-10-12,127028,buy,rebalance,108.938,0.0011503712940678613,0.12531914803316468,0.00012531914803316468
2021-10-12,127018,buy,rebalance,119.0,1.0146458347742365e-05,0.0012074285433813414,1.2074285433813414e-06
2021-10-12,128141,buy,rebalance,123.5,0.001014729943588378,0.12531914803316468,0.00012531914803316468
2021-10-12,128075,buy,rebalance,120.825,1.5510823930528665e-05,0.001874095301406126,1.874095301406126e-06
2021-10-21,113607,sell,rebalance,131.0,0.000995590126898555,0.1304223066237107,0.0001304223066237107
2021-10-21,113549,sell,rebalance,127.0,0.001013089313121784,0.12866234276646657,0.00012866234276646656
2021-10-21,113505,sell,rebalance,116.29,0.0010713785417899007,0.12459061062474756,0.00012459061062474757
2021-10-21,128141,sell,rebalance,123.64,0.001014729943588378,0.12546121022526707,0.00012546121022526707
2021-10-21,110080,sell,rebalance_resize,110.92,1.8993207076589074e-05,0.00210672652893526,2.10672652893526e-06
2021-10-21,113591,sell,rebalance_resize,123.1,1.6204951387918834e-05,0.0019948295158528084,1.9948295158528084e-06
2021-10-21,127028,sell,rebalance_resize,108.8,7.167875323973658e-07,7.79864835248334e-05,7.798648352483339e-08
2021-10-21,128066,sell,rebalance_resize,107.0,2.112087704858964e-05,0.0022599338441990913,2.2599338441990914e-06
2021-10-21,128107,sell,rebalance_resize,114.999,1.561498772402872e-05,0.0017957079732755787,1.7957079732755788e-06
2021-10-21,127018,sell,rebalance_resize,120.858,1.9205889365273775e-05,0.002321185376908258,2.321185376908258e-06
2021-10-21,128100,buy,rebalance,101.969,2.3063755790113947e-05,0.002351788114162129,2.3517881141621293e-06
2021-10-21,113033,buy,rebalance,104.1,8.983316765943188e-06,0.0009351632753346857,9.351632753346857e-07
2021-10-21,128087,buy,rebalance,105.901,1.8967112210934745e-06,0.00020086361502502003,2.0086361502502003e-07
2021-10-21,113044,buy,rebalance,105.88,3.579865117976103e-07,3.790361186913098e-05,3.7903611869130976e-08
2021-10-21,127042,buy,rebalance,119.534,5.364298768566915e-06,0.0006412160890018777,6.412160890018777e-07
2021-10-21,128127,buy,rebalance,96.745,2.7629223790961368e-05,0.0026729892556565577,2.672989255656558e-06
2021-10-21,128130,buy,rebalance,121.967,2.19523206086448e-05,0.0026774586876745802,2.6774586876745804e-06
2021-10-21,113609,buy,rebalance,113.11,0.0011047202912620223,0.12495491214464735,0.00012495491214464734
2021-10-21,127027,buy,rebalance,119.5,6.203600843026542e-05,0.007413303007416718,7.413303007416718e-06
2021-10-21,113610,buy,rebalance,114.65,0.0010898814840353016,0.12495491214464735,0.00012495491214464734
2021-10-21,128129,buy,rebalance,108.302,0.0011537636622098147,0.12495491214464735,0.00012495491214464734
2021-10-21,128037,buy,rebalance,108.505,1.7420527130996218e-05,0.0018902142963487445,1.8902142963487445e-06
2021-10-21,113628,buy,rebalance,108.3,0.001153784969017981,0.12495491214464735,0.00012495491214464734
2021-10-21,128075,buy,rebalance,120.463,1.1575420847634823e-07,1.3944099215686335e-05,1.3944099215686335e-08
2021-11-11,127018,sell,rebalance,114.03,0.0010349535017215117,0.11801574780130399,0.000118015747801304
2021-11-11,127027,sell,rebalance,114.399,0.0010466514319858588,0.11973587716775026,0.00011973587716775026
2021-11-11,128075,sell,rebalance,122.98,0.001038347011805698,0.12769591551186474,0.00012769591551186474
2021-11-11,113610,sell,rebalance,114.99,0.0010898814840353016,0.12532547184921933,0.00012532547184921933
2021-11-11,113628,sell,rebalance,112.58,0.001153784969017981,0.1298931118120443,0.0001298931118120443
2021-11-11,128100,sell,rebalance_resize,102.6,2.052758975960112e-06,0.00021061307093350745,2.1061307093350746e-07
2021-11-11,128087,sell,rebalance_resize,109.019,2.8632969187504296e-05,0.003121537667852531,3.121537667852531e-06
2021-11-11,113591,sell,rebalance_resize,125.6,1.5758426474701234e-05,0.001979258365222475,1.979258365222475e-06
2021-11-11,113609,sell,rebalance_resize,116.93,3.02020999809206e-05,0.003531531550769046,3.531531550769046e-06
2021-11-11,128127,sell,rebalance_resize,97.63,5.945607680911454e-06,0.0005804696778873852,5.804696778873853e-07
2021-11-11,127028,sell,rebalance_resize,113.5,4.2664091500228235e-05,0.004842374385275905,4.842374385275905e-06
2021-11-11,127042,sell,rebalance_resize,126.0,4.924159446252828e-05,0.006204440902278563,6.204440902278563e-06
2021-11-11,128037,sell,rebalance_resize,109.199,2.1711426576403462e-06,0.00023708660707166815,2.3708660707166816e-07
2021-11-11,113033,buy,rebalance,103.59,1.1328656123547745e-05,0.0011735354878383108,1.1735354878383108e-06
2021-11-11,128087,buy,rebalance,109.019,2.5433137051764434e-19,2.772695168246307e-17,2.7726951682463073e-20
2021-11-11,113044,buy,rebalance,105.25,1.2389083005251094e-05,0.0013039509863026777,1.3039509863026777e-06
2021-11-11,128129,buy,rebalance,107.04,2.0014369018468714e-05,0.0021423380597368914,2.1423380597368915e-06
2021-11-11,113591,buy,rebalance,125.6,2.2075598473298623e-19,2.772695168246307e-17,2.7726951682463073e-20
2021-11-11,128107,buy,rebalance,113.821,1.6169177553572828e-05,0.0018403919583252128,1.8403919583252128e-06
2021-11-11,128034,buy,rebalance,107.799,0.0011643321165311416,0.12551383782994055,0.00012551383782994055
2021-11-11,128066,buy,rebalance,107.02,5.0183840757245e-06,0.000537067463784036,5.370674637840361e-07
2021-11-11,113609,buy,rebalance,116.93,2.3712436228908805e-19,2.772695168246307e-17,2.7726951682463073e-20
2021-11-11,128130,buy,rebalance,121.101,1.1976262661597332e-05,0.0014503373845820985,1.4503373845820986e-06
2021-11-11,110063,buy,rebalance,116.5,0.0010773719985402623,0.12551383782994055,0.00012551383782994055
2021-11-11,110080,buy,rebalance,107.8,3.7802972837384856e-05,0.004075160471870088,4.075160471870088e-06
2021-11-11,110047,buy,rebalance,116.05,0.001081549658164072,0.12551383782994055,0.00012551383782994055
2021-11-11,110057,buy,rebalance,113.4,0.0011068239667543257,0.12551383782994055,0.00012551383782994055
2021-11-11,127020,buy,rebalance,117.7,0.001066387747068314,0.12551383782994055,0.00012551383782994055
2021-11-23,110063,sell,rebalance,119.11,0.0010773719985402623,0.12832577874613066,0.00012832577874613067
2021-11-23,110047,sell,rebalance,117.9,0.001081549658164072,0.1275147046975441,0.00012751470469754412
2021-11-23,127020,sell,rebalance,123.5,0.001066387747068314,0.13169888676293676,0.00013169888676293676
2021-11-23,113033,sell,rebalance_resize,106.39,3.1620810598919513e-06,0.0003364138039619047,3.364138039619047e-07
2021-11-23,128066,sell,rebalance_resize,111.838,2.322468147830275e-05,0.002597401927170423,2.597401927170423e-06
2021-11-23,128107,sell,rebalance_resize,117.03,4.117941925908764e-06,0.0004819227435891027,4.819227435891027e-07
2021-11-23,113591,sell,rebalance_resize,131.24,1.968539884370053e-05,0.0025835117442472577,2.583511744247258e-06
2021-11-23,113609,sell,rebalance_resize,122.16,2.0966703401345903e-05,0.0025612924875084153,2.5612924875084153e-06
2021-11-23,128130,sell,rebalance_resize,125.63,1.3045360614338076e-05,0.0016388886539792924,1.6388886539792924e-06
2021-11-23,127028,sell,rebalance_resize,117.025,7.209601026340434e-06,0.0008437035601074894,8.437035601074894e-07
2021-11-23,110057,sell,rebalance_resize,117.1,7.747538407690546e-06,0.0009072367475405629,9.07236747540563e-07
2021-11-23,128100,buy,rebalance,104.411,8.043517627297856e-06,0.0008398317189837964,8.398317189837964e-07
2021-11-23,113044,buy,rebalance,106.02,2.0169729160427864e-05,0.002138394685588562,2.1383946855885624e-06
2021-11-23,128087,buy,rebalance,111.402,2.798249742064394e-06,0.00031173061776545763,3.1173061776545765e-07
2021-11-23,128129,buy,rebalance,108.58,1.1528291279010647e-05,0.001251741867074976,1.2517418670749761e-06
2021-11-23,128034,buy,rebalance,108.314,2.3872423394274838e-05,0.0025857176675274846,2.5857176675274846e-06
2021-11-23,127042,buy,rebalance,125.2,3.076841797852533e-05,0.003852205930911371,3.852205930911371e-06
2021-11-23,128127,buy,rebalance,99.79,2.789582981176327e-06,0.00027837248569158573,2.783724856915857e-07
2021-11-23,113011,buy,rebalance,113.95,0.0011282968547236434,0.12856942659575918,0.0001285694265957592
2021-11-23,110080,buy,rebalance,109.88,5.8043361168617914e-06,0.0006377804525207736,6.377804525207736e-07
2021-11-23,113505,buy,rebalance,129.94,0.00098945225947175,0.12856942659575918,0.0001285694265957592
2021-11-23,128037,buy,rebalance,110.911,9.805207408890918e-06,0.0010875053589275007,1.0875053589275008e-06
2021-11-23,113037,buy,rebalance,104.45,0.00123091839727869,0.12856942659575918,0.0001285694265957592
2021-12-01,113037,sell,rebalance,105.33,0.00123091839727869,0.12965263478536443,0.00012965263478536442
2021-12-01,128100,sell,rebalance_resize,106.178,1.4547442126049631e-05,0.0015446183100596977,1.5446183100596978e-06
2021-12-01,128087,sell,rebalance_resize,112.87,9.418402963679055e-06,0.001063055142510455,1.063055142510455e-06
2021-12-01,128066,sell,rebalance_resize,112.489,1.0363214876901826e-06,0.00011657476782878096,1.1657476782878096e-07
2021-12-01,113033,sell,rebalance_resize,107.49,6.494566528884041e-06,0.0006981009561897455,6.981009561897456e-07
2021-12-01,128034,sell,rebalance_resize,109.0,1.6500619050543065e-06,0.0001798567476509194,1.798567476509194e-07
2021-12-01,113591,sell,rebalance_resize,132.55,4.919476184020876e-06,0.0006520765681919671,6.520765681919672e-07
2021-12-01,110057,sell,rebalance_resize,118.1,3.949941435378085e-06,0.0004664880835181518,4.664880835181518e-07
2021-12-01,128107,sell,rebalance_resize,119.91,2.1137895726600715e-05,0.0025346450765766915,2.5346450765766917e-06
2021-12-01,128037,sell,rebalance_resize,111.8,3.5588907774253933e-06,0.00039788398891615895,3.9788398891615896e-07
2021-12-01,113609,sell,rebalance_resize,127.4,3.8367515319163664e-05,0.004888021451661451,4.888021451661451e-06
2021-12-01,113044,buy,rebalance,105.91,7.246592064077225e-06,0.0007674865655064189,7.674865655064189e-07
2021-12-01,128129,buy,rebalance,108.637,5.207244794145435e-06,0.0005656994527015776,5.656994527015777e-07
2021-12-01,113011,buy,rebalance,113.08,1.5429172711042232e-05,0.0017447308501646558,1.7447308501646559e-06
2021-12-01,128130,buy,rebalance,124.86,1.1371701870703799e-05,0.0014198706955760763,1.4198706955760763e-06
2021-12-01,127042,buy,rebalance,124.001,1.5056508286824185e-05,0.0018670220840744857,1.8670220840744857e-06
2021-12-01,128127,buy,rebalance,99.8,6.205448755630777e-06,0.0006193037858119515,6.193037858119515e-07
2021-12-01,128107,buy,rebalance,119.91,2.3121841361039146e-19,2.772539997602204e-17,2.772539997602204e-20
2021-12-01,127028,buy,rebalance,117.49,1.0303728762194827e-06,0.00012105850922702702,1.2105850922702703e-07
2021-12-01,110080,buy,rebalance,109.86,5.970845502456455e-06,0.0006559570868998661,6.559570868998661e-07
2021-12-01,127020,buy,rebalance,123.15,0.0010490769528097728,0.12919382673852353,0.00012919382673852353
2021-12-01,113505,buy,rebalance,125.7,3.941842722381753e-05,0.0049548963020338635,4.954896302033864e-06
2021-12-13,110057,sell,rebalance,116.8,0.001095126486911257,0.12791077367123482,0.00012791077367123484
2021-12-13,113505,sell,rebalance,121.11,0.0010288706866955675,0.12460652886570017,0.00012460652886570018
2021-12-13,127020,sell,rebalance,124.6,0.0010490769528097728,0.1307149883200977,0.0001307149883200977
2021-12-13,128100,sell,rebalance_resize,107.56,1.9322696968142168e-05,0.0020783492858933716,2.0783492858933716e-06
2021-12-13,128066,sell,rebalance_resize,114.312,2.179076167476044e-05,0.0024909455485652154,2.4909455485652156e-06
2021-12-13,113044,sell,rebalance_resize,107.3,1.9492377984037054e-05,0.002091532157687176,2.091532157687176e-06
2021-12-13,128127,sell,rebalance_resize,100.021,6.805313624811678e-06,0.0006806742740672889,6.806742740672889e-07
2021-12-13,128129,sell,rebalance_resize,109.967,1.7984624849059775e-05,0.0019777152407765564,1.9777152407765564e-06
2021-12-13,113033,sell,rebalance_resize,107.99,9.228256130051722e-06,0.0009965593794842853,9.965593794842854e-07
2021-12-13,113011,sell,rebalance_resize,114.57,1.830497292948496e-05,0.0020972007485310917,2.097200748531092e-06
2021-12-13,128130,sell,rebalance_resize,126.1,1.3305498690409504e-05,0.0016778233848606383,1.6778233848606384e-06
2021-12-13,128034,sell,rebalance_resize,109.943,1.376957843911698e-05,0.001513868762331838,1.513868762331838e-06
2021-12-13,113609,sell,rebalance_resize,127.97,7.60805465279472e-06,0.0009736027539181402,9.736027539181403e-07
2021-12-13,113591,buy,rebalance,124.84,5.703778392730278e-05,0.00712059694548448,7.1205969454844794e-06
2021-12-13,113017,buy,rebalance,107.86,0.0011941899984693814,0.12880533323490748,0.00012880533323490748
2021-12-13,128087,buy,rebalance,111.8,7.426378440487102e-06,0.0008302691096464579,8.30269109646458e-07
2021-12-13,128129,buy,rebalance,109.967,2.521365220543325e-19,2.7726696920748786e-17,2.7726696920748784e-20
2021-12-13,128037,buy,rebalance,111.2,2.687440473862714e-06,0.0002988433806935338,2.988433806935338e-07
2021-12-13,128107,buy,rebalance,118.011,1.399518330914178e-05,0.0016515855774951306,1.6515855774951307e-06
2021-12-13,110080,buy,rebalance,108.6,1.0018229952685452e-05,0.00108797977286164,1.08797977286164e-06
2021-12-13,127042,buy,rebalance,122.696,7.882775788459616e-06,0.0009671850581408411,9.67185058140841e-07
2021-12-13,113610,buy,rebalance,126.69,0.0010166969234738927,0.12880533323490748,0.00012880533323490748
2021-12-13,127028,buy,rebalance,116.55,5.48503253213266e-06,0.0006392805416200615,6.392805416200616e-07
2021-12-13,128081,buy,rebalance,132.961,0.0009687452202894643,0.12880533323490748,0.00012880533323490748
2021-12-21,128107,sell,rebalance,121.657,0.0010925911144593332,0.1329213572117791,0.00013292135721177913
2021-12-21,113609,sell,rebalance,129.99,0.0010075759179077974,0.1309747935688346,0.0001309747935688346
2021-12-21,128100,sell,rebalance_resize,109.96,1.5529844334345943e-05,0.0017076616830046798,1.7076616830046799e-06
2021-12-21,113017,sell,rebalance_resize,112.94,4.217236234477248e-05,0.004762946603218604,4.762946603218604e-06
2021-12-21,127028,sell,rebalance_resize,124.5,6.124504010870667e-05,0.00762500749353398,7.6250074935339795e-06
2021-12-21,128037,sell,rebalance_resize,113.696,1.5167477373553785e-05,0.001724481507463571,1.724481507463571e-06
2021-12-21,110080,sell,rebalance_resize,110.55,1.0354379926593549e-05,0.0011446767008849168,1.144676700884917e-06
2021-12-21,127007,buy,rebalance,117.0,0.0007607357739766964,0.08900608555527348,8.900608555527349e-05
2021-12-21,113591,buy,rebalance,122.49,2.0126866569169595e-05,0.0024653398860575836,2.465339886057584e-06
2021-12-21,113017,buy,rebalance,112.94,1.6811839893013428e-19,1.8987291975169366e-17,1.8987291975169365e-20
2021-12-21,110064,buy,rebalance,113.4,0.0007848861160077026,0.08900608555527348,8.900608555527349e-05
2021-12-21,113044,buy,rebalance,107.98,2.2315838549489908e-06,0.00024096642465739202,2.4096642465739203e-07
2021-12-21,128087,buy,rebalance,112.6,1.5043197906381908e-06,0.00016938640842586026,1.6938640842586027e-07
2021-12-21,128066,buy,rebalance,114.951,2.6697666611460432e-06,0.0003068923474653988,3.068923474653988e-07
2021-12-21,128129,buy,rebalance,109.419,1.1328198700369921e-05,0.0012395201735957765,1.2395201735957765e-06
2021-12-21,128034,buy,rebalance,109.555,1.0143305125616799e-05,0.0011112497930369485,1.1112497930369486e-06
2021-12-21,113033,buy,rebalance,108.9,5.20425547552514e-07,5.6674342128468784e-05,5.6674342128468784e-08
2021-12-21,128130,buy,rebalance,125.851,7.740385871199761e-06,0.0009741353022763612,9.74135302276361e-07
2021-12-21,113610,buy,rebalance,124.69,1.8307480438913194e-05,0.002282759735928086,2.282759735928086e-06
2021-12-21,128081,buy,rebalance,132.001,1.157519022780838e-05,0.0015279366852609339,1.5279366852609338e-06
2021-12-21,113011,buy,rebalance,113.15,1.6731799263622825e-05,0.001893203086678923,1.8932030866789229e-06
2021-12-21,113567,buy,rebalance,129.3,0.0006883687977979387,0.08900608555527348,8.900608555527349e-05
2021-12-21,127042,buy,rebalance,122.4,8.279764939041498e-06,0.0010134432285386795,1.0134432285386795e-06
2021-12-31,110064,sell,rebalance,114.54,0.0007848861160077026,0.08990085572752227,8.990085572752227e-05
2021-12-31,113567,sell,rebalance,129.44,0.0006883687977979387,0.08910245718696518,8.910245718696518e-05
2021-12-31,127042,sell,rebalance_resize,125.12,7.443971598775153e-07,9.313897264387472e-05,9.313897264387472e-08
2021-12-31,113591,sell,rebalance_resize,128.3,2.0725869540487715e-05,0.002659129062044574,2.659129062044574e-06
2021-12-31,128087,sell,rebalance_resize,117.2,2.4864343657159337e-05,0.0029141010766190745,2.9141010766190746e-06
2021-12-31,128127,sell,rebalance_resize,113.01,0.00011729306086507382,0.013255288808361992,1.3255288808361992e-05
2021-12-31,128100,buy,rebalance,108.3,3.951292586885308e-05,0.004279249871596788,4.279249871596789e-06
2021-12-31,113017,buy,rebalance,114.93,2.368286199668125e-07,2.721871329278576e-05,2.721871329278576e-08
2021-12-31,113044,buy,rebalance,108.95,1.1582114129175539e-05,0.001261871334373675,1.2618713343736749e-06
2021-12-31,128129,buy,rebalance,109.4,2.6613106477030146e-05,0.002911473848587098,2.911473848587098e-06
2021-12-31,113011,buy,rebalance,112.5,3.495227213021136e-05,0.003932130614648778,3.932130614648778e-06
2021-12-31,127007,buy,rebalance,121.4,0.00032974832271672345,0.040031446377810226,4.003144637781023e-05
2021-12-31,113033,buy,rebalance,110.13,7.951715798453763e-06,0.0008757224608837128,8.757224608837128e-07
2021-12-31,113610,buy,rebalance,124.0,3.293237567420019e-05,0.004083614583600824,4.083614583600824e-06
2021-12-31,110080,buy,rebalance,110.92,1.6969342487747777e-05,0.0018822394687409833,1.8822394687409833e-06
2021-12-31,128066,buy,rebalance,116.889,2.3101166022520804e-06,0.0002700272195206434,2.700272195206434e-07
2021-12-31,128130,buy,rebalance,127.8,5.9531302016450685e-06,0.0007608100397702397,7.608100397702398e-07
2021-12-31,128037,buy,rebalance,114.686,1.0337360975329771e-05,0.0011855505808166702,1.1855505808166702e-06
2021-12-31,128034,buy,rebalance,111.019,9.907527662489029e-06,0.0010999238135618696,1.0999238135618697e-06
2021-12-31,127028,buy,rebalance,125.3,1.1828400803110965e-05,0.001482098620629804,1.482098620629804e-06
2021-12-31,128107,buy,rebalance,122.43,0.0010804841960358406,0.13228368012066796,0.00013228368012066798
2021-12-31,128081,buy,rebalance,133.9,8.681543528557172e-06,0.0011624586784738055,1.1624586784738056e-06
2022-01-11,128127,sell,rebalance,113.214,0.0011718311252024603,0.13266768900867135,0.00013266768900867135
2022-01-11,128034,sell,rebalance,115.68,0.0011928357323693509,0.13798723752048653,0.00013798723752048652
2022-01-11,113610,sell,rebalance,129.0,0.001067936779587006,0.13776384456672378,0.00013776384456672377
2022-01-11,127007,sell,rebalance,153.0,0.0010904840966934198,0.16684406679409325,0.00016684406679409326
2022-01-11,128107,sell,rebalance,129.9,0.0010804841960358406,0.1403548970650557,0.00014035489706505568
2022-01-11,113017,sell,rebalance_resize,121.25,1.0349427805186111e-05,0.001254868121378816,1.254868121378816e-06
2022-01-11,113591,sell,rebalance_resize,137.86,2.7856420776014877e-05,0.003840286168181411,3.840286168181411e-06
2022-01-11,128037,sell,rebalance_resize,119.98,7.026610931321878e-07,8.430527795399989e-05,8.430527795399989e-08
2022-01-11,128087,sell,rebalance_resize,127.901,4.7412508951702525e-05,0.006064107307431704,6.064107307431704e-06
2022-01-11,128100,buy,rebalance,111.698,1.6788365394046704e-05,0.0018752268377842287,1.8752268377842287e-06
2022-01-11,113026,buy,rebalance,128.88,0.0010732117191492353,0.13831552636395344,0.00013831552636395345
2022-01-11,113044,buy,rebalance,111.02,3.160793089635751e-05,0.0035091124881136103,3.5091124881136104e-06
2022-01-11,113011,buy,rebalance,115.04,2.6414518603472918e-05,0.0030387262201435248,3.0387262201435247e-06
2022-01-11,127042,buy,rebalance,125.74,4.2672859502615314e-05,0.00536568535385885,5.36568535385885e-06
2022-01-11,128081,buy,rebalance,132.411,5.6593773968648914e-05,0.007493638204962771,7.493638204962771e-06
2022-01-11,128130,buy,rebalance,131.24,1.8752803158257843e-05,0.0024611178864897593,2.4611178864897594e-06
2022-01-11,128129,buy,rebalance,113.99,4.15826698740017e-06,0.00047400085389374535,4.7400085389374534e-07
2022-01-11,110080,buy,rebalance,115.1,9.017268059975438e-06,0.0010378875537031729,1.037887553703173e-06
2022-01-11,110057,buy,rebalance,123.38,0.0011210530585504413,0.13831552636395344,0.00013831552636395345
2022-01-11,128066,buy,rebalance,119.28,2.7795250228555342e-05,0.0033154174472620813,3.3154174472620812e-06
2022-01-11,113609,buy,rebalance,131.62,0.0010508701288858338,0.13831552636395344,0.00013831552636395345
2022-01-11,127028,buy,rebalance,127.3,3.0724613625878665e-05,0.0039112433145743536,3.911243314574354e-06
2022-01-11,128037,buy,rebalance,119.98,2.3110033699491396e-19,2.772741843264978e-17,2.772741843264978e-20
2022-01-11,113033,buy,rebalance,114.02,1.1834270444629486e-05,0.001349343516096654,1.349343516096654e-06
2022-01-11,128044,buy,rebalance,126.456,0.0010937838170110824,0.13831552636395344,0.00013831552636395345
2022-01-11,113567,buy,rebalance,131.25,0.0010538325818205978,0.13831552636395344,0.00013831552636395345
2022-01-19,113026,sell,risk_exit_next_open,126.18,0.0010732117191492353,0.1354178547222505,0.0001354178547222505
2022-01-21,128087,sell,rebalance,126.2,0.001082524653668861,0.13661461129301028,0.0001366146112930103
2022-01-21,110080,sell,rebalance,114.83,0.0012029099196740312,0.138130146076169,0.000138130146076169
2022-01-21,128037,sell,rebalance,119.734,0.0011539922131096933,0.13817210364447602,0.00013817210364447602
2022-01-21,127028,sell,rebalance,126.129,0.0010876041937375304,0.13717842935192098,0.000137178429351921
2022-01-21,113017,sell,rebalance,155.47,0.0011419050369393898,0.17753197609296695,0.00017753197609296696
2022-01-21,110057,sell,rebalance,121.53,0.0011210530585504413,0.13624157820563512,0.00013624157820563512
2022-01-21,127042,sell,rebalance_resize,129.5,1.2094226702983744e-05,0.0015662023580363948,1.566202358036395e-06
2022-01-21,113591,sell,rebalance_resize,141.47,7.472784509556937e-06,0.0010571748245670198,1.05717482456702e-06
2022-01-21,128044,sell,rebalance_resize,145.0,0.00012120162819620223,0.017574236088449324,1.7574236088449325e-05
2022-01-21,128100,buy,rebalance,112.039,1.914926875273906e-05,0.0021454649217881316,2.1454649217881317e-06
2022-01-21,113044,buy,rebalance,111.46,1.8133969783783088e-05,0.002021212272100463,2.021212272100463e-06
2022-01-21,113011,buy,rebalance,115.05,2.222402995491063e-05,0.0025568746463124677,2.5568746463124677e-06
2022-01-21,113609,buy,rebalance,125.88,6.93674947009798e-05,0.008731980232959336,8.731980232959337e-06
2022-01-21,113549,buy,rebalance,132.39,0.0010641343000066025,0.1408807399778741,0.0001408807399778741
2022-01-21,128130,buy,rebalance,127.749,4.890401548592449e-05,0.006247439074311367,6.247439074311367e-06
2022-01-21,113567,buy,rebalance,132.11,1.3630750798759418e-05,0.001800758488024107,1.800758488024107e-06
2022-01-21,113033,buy,rebalance,114.5,1.733548511765121e-05,0.0019849130459710634,1.9849130459710636e-06
2022-01-21,128034,buy,rebalance,116.182,0.001212586631129384,0.1408807399778741,0.0001408807399778741
2022-01-21,128066,buy,rebalance,117.5,3.943135154477423e-05,0.004633183806510972,4.633183806510972e-06
2022-01-21,128081,buy,rebalance,134.06,6.347800993483658e-06,0.0008509862011864192,8.509862011864191e-07
2022-01-21,110079,buy,rebalance,128.2,0.001098913728376553,0.1408807399778741,0.0001408807399778741
2022-01-21,113610,buy,rebalance,122.03,0.0011544762761441785,0.1408807399778741,0.0001408807399778741
2022-01-21,110053,buy,rebalance,125.66,0.0011211263725757926,0.1408807399778741,0.0001408807399778741
2022-01-21,128129,buy,rebalance,115.85,2.6705949898778936e-06,0.00030938842957735395,3.09388429577354e-07
2022-01-21,110043,buy,rebalance,126.22,0.001116152273632341,0.1408807399778741,0.0001408807399778741
2022-01-21,110045,buy,rebalance,116.05,0.0012139658765865928,0.1408807399778741,0.0001408807399778741
2022-02-11,128081,sell,rebalance,135.14,0.0010519435290079625,0.14215964851013604,0.00014215964851013605
2022-02-11,113609,sell,rebalance,123.66,0.0011202376235868135,0.13852858453274536,0.00013852858453274535
2022-02-11,128044,sell,rebalance,137.0,0.0009725821888148801,0.1332437598676386,0.0001332437598676386
2022-02-11,113549,sell,rebalance,136.59,0.0010641343000066025,0.14535010403790183,0.00014535010403790184
2022-02-11,113610,sell,rebalance,123.77,0.0011544762761441785,0.14288952869836496,0.00014288952869836497
2022-02-11,110045,sell,rebalance,119.01,0.0012139658765865928,0.14447407897257042,0.0001444740789725704
2022-02-11,113044,sell,rebalance_resize,115.11,4.024113101522848e-05,0.00463215659116295,4.6321565911629506e-06
2022-02-11,113011,sell,rebalance_resize,115.26,2.350623402818368e-06,0.0002709328534088451,2.709328534088451e-07
2022-02-11,128130,sell,rebalance_resize,128.69,8.14750747673514e-06,0.0010485027371810451,1.0485027371810451e-06
2022-02-11,110043,sell,rebalance_resize,126.46,1.1097063023297026e-06,0.00014033345899261418,1.4033345899261418e-07
2022-02-11,127042,sell,rebalance_resize,133.6,3.3540419442710254e-05,0.00448100003754609,4.481000037546091e-06
2022-02-11,113033,sell,rebalance_resize,119.37,5.036592393396984e-05,0.00601218033999798,6.01218033999798e-06
2022-02-11,110079,sell,rebalance_resize,128.9,4.978250761710573e-06,0.0006416965231844929,6.416965231844929e-07
2022-02-11,128034,sell,rebalance_resize,117.871,1.629336930456521e-05,0.0019205157332984055,1.9205157332984058e-06
2022-02-11,113567,sell,rebalance_resize,132.6,4.05244977958938e-06,0.0005373548407735518,5.373548407735518e-07
2022-02-11,128066,sell,rebalance_resize,120.4,2.9002451627926234e-05,0.0034918951760023187,3.4918951760023186e-06
2022-02-11,128100,buy,rebalance,105.39,7.919637463112787e-05,0.008346505922374566,8.346505922374567e-06
2022-02-11,113011,buy,rebalance,115.26,2.405614110239918e-19,2.7727108234625294e-17,2.7727108234625294e-20
2022-02-11,113591,buy,rebalance,128.29,0.00010218173095797675,0.013108894264598837,1.3108894264598837e-05
2022-02-11,110053,buy,rebalance,125.51,2.35366701332278e-06,0.0002954087468421421,2.954087468421421e-07
2022-02-11,128048,buy,rebalance,130.2,0.0010819021394371416,0.14086365855471583,0.00014086365855471583
2022-02-11,128129,buy,rebalance,114.89,1.0023553047367082e-05,0.001151606009612004,1.151606009612004e-06
2022-02-11,128107,buy,rebalance,134.76,0.0010452928061347273,0.14086365855471583,0.00014086365855471583
2022-02-11,128087,buy,rebalance,127.865,0.0011016592386870203,0.14086365855471583,0.00014086365855471583
2022-02-11,128075,buy,rebalance,128.6,0.0010953628192435134,0.14086365855471583,0.00014086365855471583
2022-02-11,110064,buy,rebalance,138.99,0.0010134805277697376,0.14086365855471583,0.00014086365855471583
2022-02-11,113017,buy,rebalance,134.1,0.0010504374239725268,0.14086365855471583,0.00014086365855471583
2022-02-21,128100,sell,risk_exit_next_open,101.463,0.0013378851287529268,0.1357458388186582,0.00013574583881865822
2022-02-22,128087,sell,rebalance,124.55,0.0011016592386870203,0.13721165817846837,0.00013721165817846836
2022-02-22,128075,sell,rebalance,126.72,0.0010953628192435134,0.13880437645453803,0.00013880437645453803
2022-02-22,110064,sell,rebalance,149.8,0.0010134805277697376,0.1518193830599067,0.0001518193830599067
2022-02-22,113017,sell,rebalance,128.68,0.0010504374239725268,0.13517028771678474,0.00013517028771678475
2022-02-22,128130,sell,rebalance_resize,127.4,8.662708686733691e-06,0.0011036290866898724,1.1036290866898723e-06
2022-02-22,110079,sell,rebalance_resize,126.77,1.4753181655983566e-06,0.00018702608385290365,1.8702608385290366e-07
2022-02-22,128107,sell,rebalance_resize,136.5,3.070544779494197e-05,0.004191293624009579,4.191293624009579e-06
2022-02-22,128066,sell,rebalance_resize,119.9,1.6109475231913634e-05,0.0019315260803064447,1.931526080306445e-06
2022-02-22,110043,sell,rebalance_resize,124.86,5.8708997552819316e-06,0.000733040543444502,7.330405434445019e-07
2022-02-22,113044,buy,rebalance,112.14,9.987253401990198e-06,0.0011199705964991809,1.1199705964991808e-06
2022-02-22,113011,buy,rebalance,112.62,6.321513530816009e-06,0.000711928853840499,7.11928853840499e-07
2022-02-22,113591,buy,rebalance,124.86,1.0129351864061746e-05,0.0012647508737467497,1.2647508737467497e-06
2022-02-22,128129,buy,rebalance,110.048,3.1107400372026574e-05,0.0034233071961407803,3.4233071961407804e-06
2022-02-22,113033,buy,rebalance,115.39,1.891100946585343e-05,0.0021821413822648273,2.182141382264827e-06
2022-02-22,127042,buy,rebalance,131.099,9.34034481044442e-07,0.0001224509864304453,1.224509864304453e-07
2022-02-22,128034,buy,rebalance,114.5,1.3223269751672084e-05,0.0015140643865664536,1.5140643865664537e-06
2022-02-22,113567,buy,rebalance,128.4,1.5165477599798766e-05,0.0019472473238141617,1.9472473238141617e-06
2022-02-22,110080,buy,rebalance,115.77,0.0011950524798547307,0.13835122559278215,0.00013835122559278216
2022-02-22,128044,buy,rebalance,130.501,0.0010601545244310936,0.13835122559278215,0.00013835122559278216
2022-02-22,128048,buy,rebalance,127.45,4.724500991367264e-06,0.0006021376513497579,6.021376513497579e-07
2022-02-22,110053,buy,rebalance,122.52,6.868663863353858e-06,0.0008415486965381146,8.415486965381147e-07
2022-02-22,127040,buy,rebalance,133.02,0.001040078376129771,0.13835122559278215,0.00013835122559278216
2022-02-22,128081,buy,rebalance,130.573,0.001059569938599727,0.13835122559278215,0.00013835122559278216
2022-02-22,113549,buy,rebalance,125.5,0.001102400203926551,0.13835122559278215,0.00013835122559278216
2022-03-01,113567,sell,rebalance,133.81,0.0010785763604395668,0.14432430279041844,0.00014432430279041845
2022-03-01,110080,sell,rebalance,115.7,0.0011950524798547307,0.13826757191919234,0.00013826757191919234
2022-03-01,128044,sell,rebalance,130.8,0.0010601545244310936,0.13866821179558705,0.00013866821179558706
2022-03-01,113549,sell,rebalance,128.15,0.001102400203926551,0.1412725861331875,0.0001412725861331875
2022-03-01,128066,sell,rebalance_resize,120.0,5.700708080330861e-06,0.0006840849696397033,6.840849696397034e-07
2022-03-01,128130,sell,rebalance_resize,127.04,1.395139836058872e-06,0.0001772385647729191,1.772385647729191e-07
2022-03-01,128081,sell,rebalance_resize,131.197,8.306609328547118e-06,0.0010898022240773964,1.0898022240773963e-06
2022-03-01,113591,sell,rebalance_resize,126.1,1.540571141876284e-05,0.0019426602099059942,1.942660209905994e-06
2022-03-01,113033,sell,rebalance_resize,117.19,2.3267336246003618e-05,0.002726699134669164,2.7266991346691638e-06
2022-03-01,127040,buy,rebalance,129.8,2.2476658813460542e-05,0.0029174703139871784,2.9174703139871786e-06
2022-03-01,113044,buy,rebalance,111.2,5.331203236436252e-06,0.0005928297998917113,5.928297998917112e-07
2022-03-01,113011,buy,rebalance,111.8,3.936149366056355e-06,0.00044006149912510046,4.400614991251005e-07
2022-03-01,110052,buy,rebalance,125.87,0.0010946469045720313,0.13778320587848158,0.0001377832058784816
2022-03-01,127042,buy,rebalance,128.89,1.3680779133093957e-05,0.00176331562246448,1.76331562246448e-06
2022-03-01,110064,buy,rebalance,126.3,0.0010909200782144228,0.13778320587848158,0.0001377832058784816
2022-03-01,110079,buy,rebalance,124.4,1.6225957709986787e-05,0.0020185091391223564,2.0185091391223565e-06
2022-03-01,128048,buy,rebalance,125.9,8.857607702818494e-06,0.0011151728097848483,1.1151728097848483e-06
2022-03-01,128129,buy,rebalance,109.001,6.896260124198447e-06,0.000751699249797755,7.51699249797755e-07
2022-03-01,113033,buy,rebalance,117.19,2.36603165063411e-19,2.7727524913781135e-17,2.772752491378114e-20
2022-03-01,110053,buy,rebalance,121.63,3.59976376703206e-06,0.00043783926698410944,4.3783926698410945e-07
2022-03-01,128034,buy,rebalance,113.122,9.711237130483786e-06,0.0010985545666745869,1.0985545666745869e-06
2022-03-01,110043,buy,rebalance,123.77,5.1690271258213585e-06,0.0006397704873629095,6.397704873629095e-07
2022-03-01,113516,buy,rebalance,120.1,0.0011472373511946844,0.13778320587848158,0.0001377832058784816
2022-03-01,113017,buy,rebalance,124.63,0.001105538039625143,0.13778320587848158,0.0001377832058784816
2022-03-01,128107,buy,rebalance,130.9,3.90217137203392e-05,0.005107942325992402,5.107942325992402e-06
2022-03-11,128129,sell,rebalance,104.549,0.00126532632315065,0.1322886017590773,0.00013228860175907732
2022-03-11,110079,sell,rebalance,119.5,0.0011086861171592309,0.1324879910005281,0.00013248799100052812
2022-03-11,128048,sell,rebalance,121.986,0.0010954842481313274,0.1336337414925481,0.0001336337414925481
2022-03-11,110052,sell,rebalance,117.5,0.0010946469045720313,0.12862101128721368,0.0001286210112872137
2022-03-11,110064,sell,rebalance,120.42,0.0010909200782144228,0.1313685958185808,0.00013136859581858079
2022-03-11,113516,sell,rebalance,117.22,0.0011472373511946844,0.1344791623070409,0.00013447916230704092
2022-03-11,113044,sell,rebalance_resize,108.39,2.3991336384923427e-05,0.0026004209507618503,2.6004209507618503e-06
2022-03-11,113011,sell,rebalance_resize,108.8,2.1919875100649007e-05,0.0023848824109506117,2.3848824109506117e-06
2022-03-11,113033,sell,rebalance_resize,112.98,1.0014783555296548e-05,0.001131470246077404,1.131470246077404e-06
2022-03-11,128034,sell,rebalance_resize,108.2,7.77535185998997e-07,8.412930712509148e-05,8.412930712509148e-08
2022-03-11,128130,sell,rebalance_resize,123.549,1.8585590363097295e-05,0.0022962311037703076,2.296231103770308e-06
2022-03-11,128107,sell,rebalance_resize,126.0,7.289109623857881e-06,0.000918427812606093,9.18427812606093e-07
2022-03-11,110053,sell,rebalance_resize,118.57,2.2062532607292152e-05,0.0026159544912466304,2.6159544912466304e-06
2022-03-11,128081,buy,rebalance,121.75,3.1549127650774336e-05,0.0038411062914817757,3.841106291481776e-06
2022-03-11,113033,buy,rebalance,112.98,2.454189493116268e-19,2.7727432893227597e-17,2.77274328932276e-20
2022-03-11,128087,buy,rebalance,114.8,0.0011472355404329067,0.13170264004169768,0.00013170264004169768
2022-03-11,113591,buy,rebalance,116.5,3.784806635787934e-05,0.004409299730692944,4.409299730692944e-06
2022-03-11,128044,buy,rebalance,118.999,0.0011067541747552306,0.13170264004169768,0.00013170264004169768
2022-03-11,127040,buy,rebalance,124.0,6.404059217813324e-07,7.941033430088522e-05,7.941033430088522e-08
2022-03-11,127042,buy,rebalance,122.48,6.318108843515185e-06,0.0007738419711537398,7.738419711537399e-07
2022-03-11,110080,buy,rebalance,110.1,0.0011962092646839028,0.13170264004169768,0.00013170264004169768
2022-03-11,110043,buy,rebalance,117.01,1.2356577059768344e-05,0.001445843081763494,1.445843081763494e-06
2022-03-11,128066,buy,rebalance,114.66,4.467446676287655e-07,5.122374359031425e-05,5.122374359031425e-08
2022-03-11,113017,buy,rebalance,117.0,2.124650903769059e-05,0.002485841557409799,2.485841557409799e-06
2022-03-11,127027,buy,rebalance,130.21,0.0010114633287896296,0.13170264004169768,0.00013170264004169768
2022-03-11,127028,buy,rebalance,118.0,0.0011161240681499803,0.13170264004169768,0.00013170264004169768
2022-03-11,113570,buy,rebalance,125.3,0.0010510984839720485,0.13170264004169768,0.00013170264004169768
2022-03-22,113011,sell,rebalance,107.88,0.0012117308388508235,0.13072152289522684,0.00013072152289522686
2022-03-22,110043,sell,rebalance,117.52,0.001126697271760319,0.1324094633772727,0.0001324094633772727
2022-03-22,128107,sell,rebalance,145.009,0.0010463199624362665,0.15172581143292055,0.00015172581143292055
2022-03-22,127028,sell,rebalance,125.981,0.0011161240681499803,0.14061042622960265,0.00014061042622960266
2022-03-22,113570,sell,rebalance,131.5,0.0010510984839720485,0.13821945064232438,0.00013821945064232437
2022-03-22,113591,sell,rebalance_resize,120.0,4.059282071294569e-06,0.00048711384855534834,4.871138485553484e-07
2022-03-22,128066,sell,rebalance_resize,120.101,2.320542749635856e-05,0.0027869950477401595,2.7869950477401595e-06
2022-03-22,110080,sell,rebalance_resize,116.01,2.98844711766351e-05,0.003466897501201438,3.466897501201438e-06
2022-03-22,127040,sell,rebalance_resize,128.873,1.3283207156027055e-05,0.0017118467558186745,1.7118467558186747e-06
2022-03-22,113044,buy,rebalance,107.92,3.7403692415238685e-05,0.004036606485452559,4.036606485452559e-06
2022-03-22,128081,buy,rebalance,123.5,1.276441654731727e-05,0.001576405443593683,1.576405443593683e-06
2022-03-22,113033,buy,rebalance,111.82,4.3084883568968306e-05,0.004817751680682035,4.817751680682035e-06
2022-03-22,128034,buy,rebalance,109.538,1.6769327346319737e-05,0.0018368785788611711,1.8368785788611711e-06
2022-03-22,127042,buy,rebalance,122.39,2.9112492640029954e-05,0.003563077974213266,3.563077974213266e-06
2022-03-22,128130,buy,rebalance,125.5,1.104186478685678e-05,0.001385754030750526,1.3857540307505259e-06
2022-03-22,127027,buy,rebalance,132.524,9.514480420881368e-06,0.0012608970032968825,1.2608970032968826e-06
2022-03-22,127029,buy,rebalance,128.59,0.0010511590344669452,0.13516854024210448,0.0001351685402421045
2022-03-22,113017,buy,rebalance,119.39,6.514321997069478e-06,0.000777744903230125,7.777449032301251e-07
2022-03-22,127040,buy,rebalance,128.873,2.151537841927119e-19,2.7727513630267358e-17,2.772751363026736e-20
2022-03-22,128087,buy,rebalance,116.0,1.9170396669656778e-05,0.002223766013680186,2.223766013680186e-06
2022-03-22,110071,buy,rebalance,129.6,0.0010429671314977197,0.13516854024210448,0.0001351685402421045
2022-03-22,123063,buy,rebalance,128.5,0.0010518952548023695,0.13516854024210448,0.0001351685402421045
2022-03-22,113050,buy,rebalance,118.89,0.0011369210214660988,0.13516854024210448,0.0001351685402421045
2022-03-22,128044,buy,rebalance,121.255,9.110913073717958e-06,0.001104743764753671,1.104743764753671e-06
2022-03-22,110064,buy,rebalance,127.6,0.0010593145786998784,0.13516854024210448,0.0001351685402421045
2022-03-22,110053,buy,rebalance,119.61,1.931547916013924e-05,0.0023103244623442543,2.3103244623442542e-06
2022-03-31,128044,sell,rebalance,120.0,0.0011158650878289485,0.1339038105394738,0.0001339038105394738
2022-03-31,127029,sell,rebalance,128.679,0.0010511590344669452,0.13526209339617204,0.00013526209339617204
2022-03-31,110071,sell,rebalance,130.65,0.0010429671314977197,0.1362636557301771,0.0001362636557301771
2022-03-31,123063,sell,rebalance,129.999,0.0010518952548023695,0.13674533122905322,0.0001367453312290532
2022-03-31,113044,sell,rebalance_resize,108.17,2.065998473474057e-05,0.0022347905487568875,2.2347905487568877e-06
2022-03-31,110080,sell,rebalance_resize,114.53,1.7400300047542276e-06,0.0001992856364445017,1.992856364445017e-07
2022-03-31,128034,sell,rebalance_resize,110.461,2.7735535157381156e-05,0.00306369494901948,3.06369494901948e-06
2022-03-31,110053,sell,rebalance_resize,119.33,1.3461591733105095e-05,0.001606371741511431,1.606371741511431e-06
2022-03-31,128130,sell,rebalance_resize,125.31,1.3719585405772923e-05,0.001719201247197405,1.719201247197405e-06
2022-03-31,113050,sell,rebalance_resize,118.15,8.017991724728815e-06,0.0009473257222767095,9.473257222767095e-07
2022-03-31,127027,sell,rebalance_resize,131.15,3.975194159478902e-06,0.000521346714015658,5.213467140156581e-07
2022-03-31,113017,sell,rebalance_resize,117.99,2.8649952133155003e-06,0.00033804078521909586,3.380407852190959e-07
2022-03-31,113033,buy,rebalance,108.43,2.009642947573877e-05,0.002179055848054355,2.1790558480543553e-06
2022-03-31,113591,buy,rebalance,115.84,2.3846022251298082e-05,0.00276232321759037,2.76232321759037e-06
2022-03-31,127042,buy,rebalance,116.3,4.1321890860084025e-05,0.004805735907027772,4.805735907027772e-06
2022-03-31,128127,buy,rebalance,108.02,0.0012335130675912695,0.13324408156120893,0.00013324408156120893
2022-03-31,110064,buy,rebalance,124.98,7.887279345314742e-06,0.0009857521725774364,9.857521725774364e-07
2022-03-31,110057,buy,rebalance,121.6,0.0010957572496809946,0.13324408156120893,0.00013324408156120893
2022-03-31,128081,buy,rebalance,119.201,2.3348774307096682e-05,0.0027831972461802314,2.7831972461802315e-06
2022-03-31,123107,buy,rebalance,129.0,0.001032899857063635,0.13324408156120893,0.00013324408156120893
2022-03-31,110043,buy,rebalance,115.67,0.0011519329260932733,0.13324408156120893,0.00013324408156120893
2022-03-31,128087,buy,rebalance,114.179,1.7571092838881502e-06,0.0002006249809250651,2.006249809250651e-07
2022-03-31,128066,buy,rebalance,117.8,5.655116221754429e-06,0.0006661726909226718,6.661726909226717e-07
2022-03-31,127040,buy,rebalance,122.9,3.532347062747091e-05,0.004341254540116175,4.341254540116175e-06
2022-04-12,127042,sell,rebalance,115.828,0.0011468185265008305,0.1328336962875382,0.00013283369628753819
2022-04-12,113591,sell,rebalance,115.9,0.0011513905163744492,0.13344616084779867,0.00013344616084779869
2022-04-12,128087,sell,rebalance,113.501,0.0011681630463864516,0.13258767392790866,0.00013258767392790866
2022-04-12,113050,sell,rebalance,122.97,0.00112890302974137,0.13882120556729627,0.00013882120556729628
2022-04-12,110043,sell,rebalance,118.66,0.0011519329260932733,0.1366883610102278,0.0001366883610102278
2022-04-12,113044,sell,rebalance_resize,108.84,4.3918853852624736e-06,0.00047801280533196766,4.780128053319677e-07
2022-04-12,110080,sell,rebalance_resize,115.0,1.7323367633804082e-06,0.00019921872778874694,1.9921872778874694e-07
2022-04-12,113033,sell,rebalance_resize,110.1,1.5475730694589694e-05,0.0017038779494743252,1.7038779494743254e-06
2022-04-12,128127,sell,rebalance_resize,108.9,5.523819886950937e-06,0.0006015439856889571,6.015439856889571e-07
2022-04-12,110053,sell,rebalance_resize,122.48,2.59041829553084e-05,0.0031727443283661727,3.1727443283661728e-06
2022-04-12,128034,sell,rebalance_resize,114.12,3.566463318449997e-05,0.004070047939015137,4.070047939015137e-06
2022-04-12,128066,sell,rebalance_resize,119.3,1.1312338376232947e-05,0.0013495619682845905,1.3495619682845906e-06
2022-04-12,110064,sell,rebalance_resize,127.8,2.081665401545678e-05,0.0026603683831753766,2.6603683831753766e-06
2022-04-12,127039,buy,rebalance,125.0,0.0009000957107519519,0.11251196384399399,0.00011251196384399399
2022-04-12,128037,buy,rebalance,116.8,0.0009632873616780308,0.11251196384399399,0.00011251196384399399
2022-04-12,113033,buy,rebalance,110.1,2.1209927342394135e-19,2.335213000397594e-17,2.335213000397594e-20
2022-04-12,128130,buy,rebalance,124.338,9.356437278984154e-06,0.0011633606983943317,1.1633606983943318e-06
2022-04-12,128127,buy,rebalance,108.9,2.144364555002382e-19,2.335213000397594e-17,2.335213000397594e-20
2022-04-12,110052,buy,rebalance,123.92,0.000907940315074193,0.11251196384399399,0.00011251196384399399
2022-04-12,123107,buy,rebalance,128.15,8.94142673573221e-06,0.0011458438361840828,1.1458438361840828e-06
2022-04-12,127040,buy,rebalance,120.19,2.305537321172909e-05,0.0027710253063177193,2.7710253063177194e-06
2022-04-12,128107,buy,rebalance,131.0,0.0008588699530075877,0.11251196384399399,0.00011251196384399399
2022-04-12,110057,buy,rebalance,117.4,3.644982493636919e-05,0.004279209447529743,4.279209447529743e-06
2022-04-12,113567,buy,rebalance,130.01,0.0008654100749480348,0.11251196384399399,0.00011251196384399399
2022-04-12,113017,buy,rebalance,117.97,2.6441113284894608e-06,0.0003119258134219017,3.119258134219017e-07
2022-04-12,128081,buy,rebalance,116.866,2.1336200979972987e-05,0.002493476463725523,2.493476463725523e-06
2022-04-12,110079,buy,rebalance,123.82,0.00090867358943623,0.11251196384399399,0.00011251196384399399
2022-04-21,128066,sell,rebalance,114.4,0.001120939053436717,0.12823542771316043,0.00012823542771316044
2022-04-21,127040,sell,rebalance,121.543,0.001108291077548186,0.13470502243843918,0.00013470502243843917
2022-04-21,110064,sell,rebalance,122.39,0.0010463852040297364,0.12806708512119944,0.00012806708512119944
2022-04-21,127039,sell,rebalance,118.849,0.0009000957107519519,0.10697547512715874,0.00010697547512715874
2022-04-21,128037,sell,rebalance,114.7,0.0009632873616780308,0.11048906038447014,0.00011048906038447013
2022-04-21,113567,sell,rebalance,135.5,0.0008654100749480348,0.11726306515545872,0.00011726306515545871
2022-04-21,113044,sell,rebalance_resize,109.07,1.5640961374692768e-05,0.00170595965713774,1.70595965713774e-06
2022-04-21,110053,sell,rebalance_resize,121.31,1.202858244914936e-06,0.0001459187336906309,1.4591873369063092e-07
2022-04-21,128034,sell,rebalance_resize,113.949,1.0732742852477556e-05,0.001222985315296965,1.222985315296965e-06
2022-04-21,113033,sell,rebalance_resize,112.1,3.436732175592665e-05,0.003852576768839377,3.852576768839377e-06
2022-04-21,110057,sell,rebalance_resize,117.61,7.2630847901256904e-06,0.0008542114021666825,8.542114021666825e-07
2022-04-21,128127,sell,rebalance_resize,109.001,1.419613898438514e-05,0.0015473933454369648,1.547393345436965e-06
2022-04-21,113050,buy,rebalance,121.7,0.000923881133676626,0.11243633396844538,0.00011243633396844538
2022-04-21,128130,buy,rebalance,123.001,1.6002690145846988e-06,0.00019683468906293253,1.9683468906293255e-07
2022-04-21,110079,buy,rebalance,122.97,0.00014212241372246217,0.01747679321545117,1.747679321545117e-05
2022-04-21,110043,buy,rebalance,117.58,0.0009562539034567561,0.11243633396844538,0.00011243633396844538
2022-04-21,113591,buy,rebalance,115.2,0.0009760098434760884,0.11243633396844538,0.00011243633396844538
2022-04-21,123107,buy,rebalance,126.91,5.664096738757865e-07,7.188305171157606e-05,7.188305171157607e-08
2022-04-21,128107,buy,rebalance,124.771,0.00017124900343154173,0.02136690940715689,2.136690940715689e-05
2022-04-21,128081,buy,rebalance,115.421,5.113506570477565e-06,0.000590206041871091,5.902060418710911e-07
2022-04-21,110052,buy,rebalance,122.49,0.0001463285822231918,0.017923788036518763,1.7923788036518765e-05
2022-04-21,127042,buy,rebalance,118.345,0.0009500725334272287,0.11243633396844538,0.00011243633396844538
2022-04-21,110080,buy,rebalance,112.96,7.138476897309768e-06,0.0008063623503201114,8.063623503201114e-07
2022-04-21,113017,buy,rebalance,116.2,4.687959183028654e-06,0.0005447408570679296,5.447408570679296e-07
2022-04-21,128048,buy,rebalance,125.948,0.0008927202811354319,0.11243633396844538,0.00011243633396844538
2022-04-21,128044,buy,rebalance,119.0,0.0009448431425919779,0.11243633396844538,0.00011243633396844538
2022-05-11,113017,sell,rebalance,112.22,0.001137765945958106,0.12768009445541864,0.00012768009445541864
2022-05-11,128127,sell,rebalance,108.7,0.0012137931087199336,0.1319393109178568,0.0001319393109178568
2022-05-11,110057,sell,rebalance,115.16,0.0011249439898272382,0.12954854986850475,0.00012954854986850476
2022-05-11,110052,sell,rebalance,116.4,0.0010542688972973847,0.12271689964541559,0.0001227168996454156
2022-05-11,128107,sell,rebalance,143.643,0.0010301189564391295,0.14796937725978587,0.00014796937725978588
2022-05-11,113591,sell,rebalance,116.73,0.0009760098434760884,0.1139296290289638,0.00011392962902896379
2022-05-11,127042,sell,rebalance,109.098,0.0009500725334272287,0.1036510132518438,0.0001036510132518438
2022-05-11,128044,sell,rebalance,121.5,0.0009448431425919779,0.11479844182492532,0.00011479844182492533
2022-05-11,113033,sell,rebalance_resize,111.85,2.1430174245305244e-06,0.00023969649893373915,2.3969649893373917e-07
2022-05-11,110053,sell,rebalance_resize,120.97,1.3552187747958837e-06,0.00016394081518705805,1.6394081518705806e-07
2022-05-11,110080,sell,rebalance_resize,115.99,3.3945497283230003e-05,0.003937338229881848,3.937338229881849e-06
2022-05-11,128081,sell,rebalance_resize,115.81,7.564227765216317e-06,0.0008760132174897017,8.760132174897018e-07
2022-05-11,128034,sell,rebalance_resize,115.5,2.0221656747316383e-05,0.0023356013543150422,2.3356013543150422e-06
2022-05-11,113033,buy,rebalance,111.85,2.4790020650747876e-19,2.77276380978615e-17,2.77276380978615e-20
2022-05-11,113044,buy,rebalance,107.76,9.773996678519477e-06,0.0010532458820772589,1.0532458820772589e-06
2022-05-11,127027,buy,rebalance,128.78,6.208296013073174e-06,0.0007995043605635633,7.995043605635633e-07
2022-05-11,128130,buy,rebalance,119.34,2.8770282982618482e-05,0.0034334455711456896,3.4334455711456895e-06
2022-05-11,110079,buy,rebalance,123.09,1.9700896216501525e-05,0.0024249833152891727,2.4249833152891726e-06
2022-05-11,113050,buy,rebalance,120.5,0.00016947430574918037,0.020421653842776236,2.0421653842776237e-05
2022-05-11,113057,buy,rebalance,108.0,0.0012188636389242505,0.13163727300381906,0.00013163727300381906
2022-05-11,128048,buy,rebalance,121.11,0.00019510152617425978,0.0236287458349646,2.36287458349646e-05
2022-05-11,110080,buy,rebalance,115.99,2.3905197084111993e-19,2.77276380978615e-17,2.77276380978615e-20
2022-05-11,110043,buy,rebalance,117.87,0.00016150910245704155,0.019037077906611487,1.9037077906611488e-05
2022-05-11,113055,buy,rebalance,125.07,0.0010525087791142486,0.13163727300381906,0.00013163727300381906
2022-05-11,127040,buy,rebalance,125.611,0.0010479756789120304,0.13163727300381906,0.00013163727300381906
2022-05-11,128087,buy,rebalance,114.002,0.001154692663320109,0.13163727300381906,0.00013163727300381906
2022-05-11,123107,buy,rebalance,121.1,4.5654536662775444e-05,0.005528764389862106,5.5287643898621065e-06
2022-05-11,110064,buy,rebalance,127.7,0.0010308322083306112,0.13163727300381906,0.00013163727300381906
2022-05-11,110071,buy,rebalance,132.3,0.0009949907256524492,0.13163727300381906,0.00013163727300381906
2022-05-11,128119,buy,rebalance,125.74,0.001046900532875927,0.13163727300381906,0.00013163727300381906
2022-05-23,128081,sell,rebalance,120.891,0.0011378111275616024,0.1375511250220497,0.0001375511250220497
2022-05-23,123107,sell,rebalance,122.073,0.0010880622301360184,0.13282302061939416,0.00013282302061939417
2022-05-23,110079,sell,rebalance,122.39,0.0010704968993751937,0.13101811551452996,0.00013101811551452996
2022-05-23,113057,sell,rebalance,111.43,0.0012188636389242505,0.13581797528532924,0.00013581797528532924
2022-05-23,113055,sell,rebalance,126.0,0.0010525087791142486,0.1326161061683953,0.00013261610616839532
2022-05-23,110064,sell,rebalance,125.0,0.0010308322083306112,0.1288540260413264,0.0001288540260413264
2022-05-23,128119,sell,rebalance,125.68,0.001046900532875927,0.1315744589718465,0.0001315744589718465
2022-05-23,113050,sell,rebalance_resize,122.75,4.9646923652530835e-06,0.000609415987834816,6.09415987834816e-07
2022-05-23,128087,sell,rebalance_resize,116.36,6.5320909440098805e-06,0.0007600741022449897,7.600741022449898e-07
2022-05-23,128034,sell,rebalance_resize,117.4,2.8755193167371114e-06,0.0003375859677849369,3.375859677849369e-07
2022-05-23,110071,sell,rebalance_resize,135.67,1.0248599893748552e-05,0.001390427547584866,1.390427547584866e-06
2022-05-23,127027,sell,rebalance_resize,138.0,5.50952284432146e-05,0.007603141525163615,7.603141525163615e-06
2022-05-23,128066,buy,rebalance,119.01,0.0011214602000406276,0.1334649784068351,0.00013346497840683512
2022-05-23,113044,buy,rebalance,108.77,5.474756236461775e-06,0.0005954892358399472,5.954892358399473e-07
2022-05-23,113033,buy,rebalance,112.75,6.820349580383406e-06,0.000768994415188229,7.689944151882291e-07
2022-05-23,128127,buy,rebalance,114.2,0.0011686950823715859,0.1334649784068351,0.00013346497840683512
2022-05-23,127040,buy,rebalance,126.901,4.80835796131127e-06,0.0006101854336483614,6.101854336483615e-07
2022-05-23,110053,buy,rebalance,122.14,4.544304937999892e-06,0.0005550414051273069,5.550414051273069e-07
2022-05-23,128087,buy,rebalance,116.36,2.3829092584906967e-19,2.772753213179775e-17,2.772753213179775e-20
2022-05-23,128130,buy,rebalance,120.683,2.9028185845510712e-06,0.0003503208552393769,3.503208552393769e-07
2022-05-23,110043,buy,rebalance,117.92,1.5192830659619156e-05,0.0017915385913822909,1.791538591382291e-06
2022-05-23,123023,buy,rebalance,118.999,0.0011215638653000034,0.1334649784068351,0.00013346497840683512
2022-05-23,128048,buy,rebalance,122.772,3.7352892522716444e-07,4.585889320798944e-05,4.585889320798944e-08
2022-05-23,128107,buy,rebalance,136.499,0.0009777725727429147,0.1334649784068351,0.00013346497840683512
2022-05-23,110080,buy,rebalance,117.51,8.779181466507624e-07,0.0001031641614129311,1.031641614129311e-07
2022-05-23,127013,buy,rebalance,135.25,0.000986802058460888,0.1334649784068351,0.00013346497840683512
2022-05-23,127034,buy,rebalance,110.056,0.0012127006106603467,0.1334649784068351,0.00013346497840683512
2022-05-23,110083,buy,rebalance,116.88,0.0011418974880803825,0.1334649784068351,0.00013346497840683512
2022-05-25,128107,sell,risk_exit_next_open,118.888,0.0009777725727429147,0.11624542562825965,0.00011624542562825966
2022-05-31,127027,sell,rebalance,140.73,0.0009681156826208908,0.13624292001523794,0.00013624292001523794
2022-05-31,110071,sell,rebalance,141.0,0.0009847421257587006,0.13884863973197678,0.0001388486397319768
2022-05-31,128066,sell,rebalance,115.6,0.0011214602000406276,0.12964079912469656,0.00012964079912469655
2022-05-31,128127,sell,rebalance,110.153,0.0011686950823715859,0.1287352694084773,0.0001287352694084773
2022-05-31,127034,sell,rebalance,106.55,0.0012127006106603467,0.12921325006585993,0.00012921325006585993
2022-05-31,113044,sell,rebalance_resize,109.72,2.4095198237493707e-05,0.0026437251506178094,2.6437251506178095e-06
2022-05-31,127040,sell,rebalance_resize,127.0,1.2449414297691196e-05,0.0015810756158067818,1.5810756158067819e-06
2022-05-31,128087,sell,rebalance_resize,115.39,3.1523648441849615e-06,0.0003637513793705027,3.6375137937050273e-07
2022-05-31,110053,sell,rebalance_resize,121.31,4.690739583976423e-06,0.0005690336189321799,5.690336189321798e-07
2022-05-31,127013,sell,rebalance_resize,134.66,5.645834882189071e-06,0.0007602681252355803,7.602681252355803e-07
2022-05-31,128034,sell,rebalance_resize,117.539,1.3915786857187383e-05,0.0016356476714069479,1.635647671406948e-06
2022-05-31,128130,sell,rebalance_resize,120.169,7.5568556948609235e-06,0.0009080997919957423,9.080997919957423e-07
2022-05-31,110080,sell,rebalance_resize,119.0,2.6650239902320842e-05,0.0031713785483761803,3.1713785483761804e-06
2022-05-31,113050,sell,rebalance_resize,122.05,5.863118489413563e-06,0.0007155936116329253,7.155936116329253e-07
2022-05-31,128048,sell,rebalance_resize,122.35,8.322045943888038e-06,0.0010182023212347013,1.0182023212347013e-06
2022-05-31,123023,sell,rebalance_resize,119.299,1.4073466662063524e-05,0.0016789504993175164,1.6789504993175165e-06
2022-05-31,110043,sell,rebalance_resize,117.46,8.126132273164731e-06,0.0009544954968059293,9.544954968059293e-07
2022-05-31,128114,buy,rebalance,111.89,0.001179621478771109,0.1319878472596994,0.0001319878472596994
2022-05-31,127040,buy,rebalance,127.0,2.1832511115277154e-19,2.7727289116401985e-17,2.7727289116401984e-20
2022-05-31,113033,buy,rebalance,111.0,5.372106807498114e-06,0.0005963038556322907,5.963038556322906e-07
2022-05-31,128087,buy,rebalance,115.39,2.402919587174104e-19,2.7727289116401985e-17,2.7727289116401984e-20
2022-05-31,123146,buy,rebalance,113.953,0.0011582656644379646,0.1319878472596994,0.0001319878472596994
2022-05-31,127063,buy,rebalance,113.88,0.001159008142427989,0.1319878472596994,0.0001319878472596994
2022-05-31,128130,buy,rebalance,120.169,2.307357897328095e-19,2.7727289116401985e-17,2.7727289116401984e-20
2022-05-31,110084,buy,rebalance,115.79,0.0011398898631980257,0.1319878472596994,0.0001319878472596994
2022-05-31,113050,buy,rebalance,122.05,2.271797551528225e-19,2.7727289116401985e-17,2.7727289116401984e-20
2022-05-31,110083,buy,rebalance,114.99,7.0864736463032295e-06,0.0008148736045884083,8.148736045884084e-07
2022-05-31,128081,buy,rebalance,122.75,0.0010752574114843128,0.1319878472596994,0.0001319878472596994
2022-05-31,113017,buy,rebalance,113.63,0.0011615581031391305,0.1319878472596994,0.0001319878472596994
2022-06-08,127013,sell,risk_exit_next_open,143.0,0.000981156223578699,0.14030533997175396,0.00014030533997175395
2022-06-10,128114,sell,risk_exit_next_open,104.8,0.001179621478771109,0.12362433097521222,0.0001236243309752122
2022-06-13,123146,sell,rebalance,116.798,0.0011582656644379646,0.13528311307502539,0.00013528311307502538
2022-06-13,127063,sell,rebalance,118.0,0.001159008142427989,0.13676296080650271,0.0001367629608065027
2022-06-13,113017,sell,rebalance,114.1,0.0011615581031391305,0.13253377956817478,0.00013253377956817477
2022-06-13,127040,sell,rebalance_resize,130.6,1.543435087709004e-05,0.002015726224547959,2.015726224547959e-06
2022-06-13,128081,sell,rebalance_resize,125.79,1.1166661155733507e-05,0.001404654306779718,1.4046543067797179e-06
2022-06-13,128087,sell,rebalance_resize,117.802,8.76285105382443e-06,0.0010322813798426256,1.0322813798426256e-06
2022-06-13,113050,sell,rebalance_resize,124.4,6.547118250947007e-06,0.0008144615104178077,8.144615104178077e-07
2022-06-13,110084,sell,rebalance_resize,126.99,8.585430540739654e-05,0.010902638243685286,1.0902638243685287e-05
2022-06-13,110083,sell,rebalance_resize,118.37,1.8190893518254706e-05,0.0021532560657558097,2.1532560657558096e-06
2022-06-13,113044,buy,rebalance,109.31,2.0317550479519117e-05,0.002220911442916235,2.2209114429162347e-06
2022-06-13,128034,buy,rebalance,118.748,3.116628011791111e-06,0.00037009334314417084,3.7009334314417084e-07
2022-06-13,128048,buy,rebalance,122.35,1.4121001462824213e-05,0.0017277045289765425,1.7277045289765425e-06
2022-06-13,110053,buy,rebalance,122.2,6.2141738341073075e-06,0.000759372042527913,7.59372042527913e-07
2022-06-13,113033,buy,rebalance,109.09,3.666173916329303e-05,0.003999429125323637,3.999429125323638e-06
2022-06-13,127018,buy,rebalance,119.25,0.0011212971612076575,0.13371468647401316,0.00013371468647401316
2022-06-13,128130,buy,rebalance,121.2,4.9118082763123714e-06,0.0005953111630890595,5.953111630890595e-07
2022-06-13,128087,buy,rebalance,117.802,2.353704294986823e-19,2.7727107335803776e-17,2.772710733580378e-20
2022-06-13,110080,buy,rebalance,117.03,3.343330004300627e-05,0.003912699104033024,3.912699104033024e-06
2022-06-13,113599,buy,rebalance,134.39,0.0009949749719027695,0.13371468647401316,0.00013371468647401316
2022-06-13,128129,buy,rebalance,103.8,0.0012881954380926123,0.13371468647401316,0.00013371468647401316
2022-06-13,113591,buy,rebalance,118.99,0.0011237472600555776,0.13371468647401316,0.00013371468647401316
2022-06-13,110043,buy,rebalance,117.99,9.595357687568628e-06,0.0011321562535562223,1.1321562535562224e-06
2022-06-13,123023,buy,rebalance,118.9,1.8243397498754244e-05,0.0021691399626018798,2.1691399626018796e-06
2022-06-13,113631,buy,rebalance,115.69,0.0011558015945545264,0.13371468647401316,0.00013371468647401316
2022-06-21,110083,sell,rebalance,119.0,0.001130793068208431,0.1345643751168033,0.0001345643751168033
2022-06-21,127018,sell,rebalance,116.5,0.0011212971612076575,0.1306311192806921,0.0001306311192806921
2022-06-21,110053,sell,rebalance_resize,122.56,3.936604910123645e-06,0.0004824702977847539,4.82470297784754e-07
2022-06-21,113591,sell,rebalance_resize,120.02,9.240929246513526e-06,0.0011090963281665533,1.1090963281665533e-06
2022-06-21,128048,sell,rebalance_resize,124.2,1.69971112087354e-05,0.0021110412121249367,2.1110412121249367e-06
2022-06-21,128087,sell,rebalance_resize,119.0,1.218611426209155e-05,0.0014501475971888944,1.4501475971888943e-06
2022-06-21,128130,sell,rebalance_resize,123.7,2.3033750360702455e-05,0.002849274919618894,2.8492749196188937e-06
2022-06-21,123023,sell,rebalance_resize,120.74,1.787351931290882e-05,0.002158048721840611,2.1580487218406107e-06
2022-06-21,128034,sell,rebalance_resize,120.51,1.7215625329383256e-05,0.0020746550084439763,2.074655008443976e-06
2022-06-21,110043,sell,rebalance_resize,118.15,2.2790626335775547e-06,0.0002692712501571881,2.692712501571881e-07
2022-06-21,128081,sell,rebalance_resize,127.0,1.0838389512013742e-05,0.0013764754680257452,1.3764754680257452e-06
2022-06-21,128129,sell,rebalance_resize,104.126,3.568641483659281e-06,0.0003715883631275063,3.715883631275063e-07
2022-06-21,113044,buy,rebalance,109.09,1.673406663458018e-06,0.0001825519329166352,1.825519329166352e-07
2022-06-21,113033,buy,rebalance,108.92,1.1350721800868885e-06,0.0001236320618550639,1.236320618550639e-07
2022-06-21,127040,buy,rebalance,129.677,6.60223001055986e-06,0.0008561573810793709,8.561573810793709e-07
2022-06-21,110084,buy,rebalance,124.74,1.8280083047911383e-05,0.0022802575593964657,2.280257559396466e-06
2022-06-21,113599,buy,rebalance,128.36,4.706849461545796e-05,0.006041711968840185,6.041711968840185e-06
2022-06-21,110080,buy,rebalance,116.85,1.0340759248683383e-06,0.00012083177182086533,1.2083177182086532e-07
2022-06-21,123023,buy,rebalance,120.74,2.296375043910455e-19,2.7726432280174835e-17,2.7726432280174836e-20
2022-06-21,128081,buy,rebalance,127.0,2.1831836441082546e-19,2.7726432280174835e-17,2.7726432280174836e-20
2022-06-21,113631,buy,rebalance,114.28,1.4668197876967749e-05,0.0016762816533798742,1.6762816533798744e-06
2022-06-21,113050,buy,rebalance,123.98,2.9247057508643493e-06,0.000362605018992162,3.62605018992162e-07
2022-06-21,113017,buy,rebalance,114.41,0.0011679276174519548,0.13362259871267815,0.00013362259871267814
2022-06-21,128066,buy,rebalance,117.23,0.001139832796320721,0.13362259871267815,0.00013362259871267814
2022-07-01,128129,sell,rebalance,105.05,0.0012846267966089531,0.13495004498377053,0.00013495004498377053
2022-07-01,113631,sell,rebalance,114.31,0.001170469792431494,0.1337964019728441,0.0001337964019728441
2022-07-01,113017,sell,rebalance,114.97,0.0011679276174519548,0.13427663817845126,0.00013427663817845126
2022-07-01,113599,sell,rebalance_resize,144.11,0.00010013232467984365,0.01443006930961227,1.443006930961227e-05
2022-07-01,110053,sell,rebalance_resize,126.0,1.4116516577711247e-05,0.0017786810887916171,1.7786810887916171e-06
2022-07-01,128034,sell,rebalance_resize,122.399,9.883852132400936e-07,0.00012097736171537421,1.2097736171537422e-07
2022-07-01,128048,sell,rebalance_resize,126.7,5.6568912765364235e-06,0.0007167281247371649,7.167281247371648e-07
2022-07-01,128087,sell,rebalance_resize,126.08,4.745062347924829e-05,0.005982574608263624,5.982574608263625e-06
2022-07-01,123023,sell,rebalance_resize,122.796,2.4593301290276766e-06,0.0003019959025240826,3.019959025240826e-07
2022-07-01,113044,buy,rebalance,109.06,1.843591539718574e-05,0.002010620933217077,2.010620933217077e-06
2022-07-01,113033,buy,rebalance,109.44,1.2206523350154095e-05,0.001335881915440864,1.335881915440864e-06
2022-07-01,128130,buy,rebalance,123.4,1.8620309756499165e-05,0.002297746223951997,2.297746223951997e-06
2022-07-01,110079,buy,rebalance,125.34,0.0010818237108224352,0.13559578391448404,0.00013559578391448404
2022-07-01,110080,buy,rebalance,118.4,1.7004370630655264e-06,0.00020133174826695834,2.0133174826695835e-07
2022-07-01,127040,buy,rebalance,128.998,2.0730818058403332e-05,0.0026742340678979127,2.6742340678979127e-06
2022-07-01,128081,buy,rebalance,128.4,3.8994033080965745e-06,0.0005006833847596002,5.006833847596002e-07
2022-07-01,128048,buy,rebalance,126.7,2.1883448306182464e-19,2.772632900393318e-17,2.7726329003933183e-20
2022-07-01,110043,buy,rebalance,118.08,1.738524420426844e-05,0.0020528496356400174,2.0528496356400175e-06
2022-07-01,113591,buy,rebalance,121.35,4.062228478305392e-06,0.0004929514258423592,4.929514258423593e-07
2022-07-01,113050,buy,rebalance,122.5,2.9136006673727062e-05,0.003569160817531565,3.569160817531565e-06
2022-07-01,127020,buy,rebalance,117.5,0.00115400667161263,0.13559578391448404,0.00013559578391448404
2022-07-01,110084,buy,rebalance,123.5,2.6755850009654023e-05,0.003304347476192272,3.304347476192272e-06
2022-07-01,128119,buy,rebalance,127.0,0.0010676833379093232,0.13559578391448404,0.00013559578391448404
2022-07-01,128066,buy,rebalance,118.845,2.3147443461849545e-06,0.0002750957918223509,2.750957918223509e-07
2022-07-11,113599,sell,risk_exit_next_open,163.05,0.0009419111418383837,0.15357861167674847,0.00015357861167674848
2022-07-12,123023,sell,rebalance,122.938,0.0011054009466947578,0.13589578158476015,0.00013589578158476015
2022-07-12,128066,sell,rebalance,116.222,0.001142147540666906,0.13274267147138916,0.00013274267147138916
2022-07-12,127020,sell,rebalance,116.765,0.00115400667161263,0.13474758901084874,0.00013474758901084875
2022-07-12,110043,sell,rebalance_resize,120.38,1.883255113575465e-05,0.002267062505722145,2.267062505722145e-06
2022-07-12,128034,sell,rebalance_resize,123.489,6.754456899632727e-06,0.0008341011280787458,8.341011280787458e-07
2022-07-12,128087,sell,rebalance_resize,130.0,2.9581629553277348e-05,0.0038456118419260554,3.845611841926055e-06
2022-07-12,113591,sell,rebalance_resize,125.89,3.735870470121105e-05,0.00470308733483546,4.70308733483546e-06
2022-07-12,113044,buy,rebalance,108.42,1.0811346668840207e-05,0.0011721662058356553,1.1721662058356553e-06
2022-07-12,128048,buy,rebalance,125.662,1.1819240850906158e-05,0.0014852294438065696,1.4852294438065697e-06
2022-07-12,110053,buy,rebalance,125.99,3.05638452404919e-06,0.00038507388618495744,3.8507388618495743e-07
2022-07-12,127040,buy,rebalance,126.2,2.629379746799947e-05,0.003318277240461533,3.318277240461533e-06
2022-07-12,128081,buy,rebalance,125.5,2.739007309912787e-05,0.0034374541739405477,3.4374541739405477e-06
2022-07-12,128130,buy,rebalance,120.36,3.0884307254512344e-05,0.003717235221153106,3.7172352211531062e-06
2022-07-12,128119,buy,rebalance,126.441,8.805872970105498e-06,0.0011134233842131093,1.1134233842131094e-06
2022-07-12,110084,buy,rebalance,122.8,9.335176093271535e-06,0.0011463596242537446,1.1463596242537446e-06
2022-07-12,113050,buy,rebalance,120.23,2.4043602062803133e-05,0.002890762276010821,2.8907622760108207e-06
2022-07-12,110079,buy,rebalance,125.01,6.990118631343759e-06,0.0008738347301042833,8.738347301042833e-07
2022-07-12,110080,buy,rebalance,117.01,1.6805848563043755e-05,0.0019664523403617497,1.9664523403617496e-06
2022-07-12,113516,buy,rebalance,120.53,0.0011281402339867253,0.13597474240242,0.00013597474240242
2022-07-12,113055,buy,rebalance,128.41,0.0010589108511986605,0.13597474240242,0.00013597474240242
2022-07-12,113033,buy,rebalance,108.07,1.9183727936843333e-05,0.002073185478134659,2.073185478134659e-06
2022-07-12,113631,buy,rebalance,114.49,0.0011876560608124727,0.13597474240242,0.00013597474240242
2022-07-12,128083,buy,rebalance,124.721,0.0010902313355603305,0.13597474240242,0.00013597474240242
2022-07-21,128087,sell,rebalance,129.787,0.001047026989183473,0.13589049184515542,0.00013589049184515543
2022-07-21,113591,sell,rebalance,127.28,0.0010812098545861584,0.13761639029172626,0.00013761639029172626
2022-07-21,113055,sell,rebalance,128.61,0.0010589108511986605,0.13618652457265976,0.00013618652457265975
2022-07-21,113631,sell,rebalance,117.81,0.0011876560608124727,0.13991776052431742,0.00013991776052431744
2022-07-21,128083,sell,rebalance,128.58,0.0010902313355603305,0.1401819451263473,0.0001401819451263473
2022-07-21,128048,sell,rebalance_resize,126.799,3.8868472048397973e-07,4.928483387264815e-05,4.928483387264815e-08
2022-07-21,128034,sell,rebalance_resize,125.8,1.0862527561703624e-05,0.0013665059672623159,1.3665059672623158e-06
2022-07-21,110080,sell,rebalance_resize,119.63,1.558929884764545e-05,0.0018649478211438253,1.8649478211438254e-06
2022-07-21,128081,sell,rebalance_resize,130.065,2.8959932593424277e-05,0.0037666736327637285,3.7666736327637285e-06
2022-07-21,128130,sell,rebalance_resize,121.915,4.707658940596147e-06,0.0005739342397427794,5.739342397427793e-07
2022-07-21,127040,sell,rebalance_resize,128.761,1.2255028437296206e-05,0.0015779697166146966,1.5779697166146967e-06
2022-07-21,113516,sell,rebalance_resize,121.99,2.685193198558028e-06,0.00032756671829209383,3.275667182920938e-07
2022-07-21,113044,buy,rebalance,108.69,7.748015837980829e-06,0.0008421318414301362,8.421318414301362e-07
2022-07-21,110053,buy,rebalance,126.65,3.6923863751421413e-06,0.0004676407344117522,4.676407344117522e-07
2022-07-21,110043,buy,rebalance,121.39,3.188641343618052e-07,3.8706917270179536e-05,3.8706917270179536e-08
2022-07-21,110084,buy,rebalance,120.72,2.885914645725641e-05,0.0034838761603199937,3.483876160319994e-06
2022-07-21,113050,buy,rebalance,120.09,1.1165248372711697e-05,0.0013408346770789478,1.3408346770789478e-06
2022-07-21,110079,buy,rebalance,125.03,9.267318401757218e-06,0.001158692819771705,1.158692819771705e-06
2022-07-21,123107,buy,rebalance,136.999,0.001001140395018912,0.13715523297719592,0.00013715523297719594
2022-07-21,128119,buy,rebalance,123.95,3.113764052495974e-05,0.0038595105430687606,3.85951054306876e-06
2022-07-21,113033,buy,rebalance,108.25,8.823962704249015e-06,0.0009551939627349558,9.551939627349558e-07
2022-07-21,127020,buy,rebalance,116.79,0.0011743748007294796,0.13715523297719592,0.00013715523297719594
2022-07-21,127049,buy,rebalance,127.339,0.0010770874043081532,0.13715523297719592,0.00013715523297719594
2022-07-21,123023,buy,rebalance,125.796,0.001090298840799357,0.13715523297719592,0.00013715523297719594
2022-07-21,123146,buy,rebalance,123.5,0.0011105686880744608,0.13715523297719592,0.00013715523297719594
2022-08-11,123107,sell,rebalance,137.899,0.001001140395018912,0.13805625933271296,0.00013805625933271295
2022-08-11,127049,sell,rebalance,123.5,0.0010770874043081532,0.1330202944320569,0.0001330202944320569
2022-08-11,123146,sell,rebalance,120.945,0.0011105686880744608,0.13431772997916566,0.00013431772997916566
2022-08-11,113044,sell,rebalance_resize,109.809,1.257944952773548e-05,0.0013813367731911053,1.3813367731911054e-06
2022-08-11,113050,sell,rebalance_resize,120.59,4.469480339383901e-06,0.0005389746341263046,5.389746341263046e-07
2022-08-11,113033,sell,rebalance_resize,109.36,1.2578197036095968e-05,0.001375551627867455,1.375551627867455e-06
2022-08-11,110084,sell,rebalance_resize,124.5,3.424933395546193e-05,0.00426404207745501,4.26404207745501e-06
2022-08-11,123023,sell,rebalance_resize,145.0,0.00014322607051876413,0.0207677802252208,2.07677802252208e-05
2022-08-11,127020,sell,rebalance_resize,118.95,1.989349185444007e-05,0.0023663308560856466,2.3663308560856467e-06
2022-08-11,113050,buy,rebalance,120.59,2.29918685886807e-19,2.7725894331090054e-17,2.7725894331090053e-20
2022-08-11,113033,buy,rebalance,109.36,2.535286606720012e-19,2.7725894331090054e-17,2.7725894331090053e-20
2022-08-11,110053,buy,rebalance,124.21,2.1527756724839595e-05,0.002673962662792326,2.673962662792326e-06
2022-08-11,128081,buy,rebalance,128.8,1.0598920463618819e-05,0.001365140955714104,1.365140955714104e-06
2022-08-11,128034,buy,rebalance,123.37,2.172691271759929e-05,0.0026804492219702244,2.6804492219702245e-06
2022-08-11,110043,buy,rebalance,121.101,2.9546537815472555e-06,0.0003578115275991542,3.578115275991542e-07
2022-08-11,128048,buy,rebalance,124.4,2.11097047568871e-05,0.0026260472717567554,2.6260472717567553e-06
2022-08-11,110080,buy,rebalance,116.459,3.148393729688797e-05,0.003666587853658276,3.666587853658276e-06
2022-08-11,128130,buy,rebalance,121.849,8.658589616471142e-07,0.00010550404861773921,1.0550404861773921e-07
2022-08-11,110052,buy,rebalance,129.7,0.0010576615139414128,0.13717869835820123,0.00013717869835820124
2022-08-11,110079,buy,rebalance,122.9,1.9274554207147705e-05,0.002368842712058453,2.368842712058453e-06
2022-08-11,110083,buy,rebalance,118.65,0.0011561626494580803,0.13717869835820123,0.00013717869835820124
2022-08-11,113631,buy,rebalance,117.6,0.0011664855302568134,0.13717869835820123,0.00013717869835820124
2022-08-11,128119,buy,rebalance,121.451,2.305592635407668e-05,0.002800165311628967,2.800165311628967e-06
2022-08-11,113516,buy,rebalance,118.77,3.074301283586892e-05,0.0036513476345161515,3.6513476345161517e-06
2022-08-11,127040,buy,rebalance,127.49,1.086391378449373e-05,0.0013850403683851055,1.3850403683851056e-06
2022-08-23,128119,sell,rebalance,122.59,0.001130682777758465,0.13861040172541023,0.00013861040172541024
2022-08-23,127020,sell,rebalance,120.3,0.0011544813088750396,0.13888410145766727,0.00013888410145766728
2022-08-23,123023,sell,rebalance,156.0,0.0009470727702805929,0.1477433521637725,0.0001477433521637725
2022-08-23,110084,sell,rebalance_resize,128.11,1.392435379140465e-05,0.0017838489642168498,1.7838489642168499e-06
2022-08-23,110080,sell,rebalance_resize,118.52,1.9257905025708607e-06,0.0002282446903646984,2.282446903646984e-07
2022-08-23,110052,sell,rebalance_resize,135.0,2.4153423443195744e-05,0.0032607121648314252,3.260712164831425e-06
2022-08-23,110043,sell,rebalance_resize,123.81,7.055222879984984e-06,0.0008735071447709408,8.735071447709409e-07
2022-08-23,113631,sell,rebalance_resize,122.33,2.5934625186435715e-05,0.0031725826990566808,3.172582699056681e-06
2022-08-23,113044,buy,rebalance,111.17,4.457024568107823e-06,0.0004954874212365467,4.954874212365467e-07
2022-08-23,113033,buy,rebalance,110.134,1.112156079804641e-05,0.0012248619769320433,1.2248619769320433e-06
2022-08-23,113050,buy,rebalance,121.78,6.914366040544079e-06,0.000842031496417458,8.42031496417458e-07
2022-08-23,110053,buy,rebalance,125.55,5.7244671806900065e-06,0.0007187068545356304,7.187068545356304e-07
2022-08-23,128087,buy,rebalance,132.2,0.001054320847525498,0.13938121604287082,0.00013938121604287082
2022-08-23,128081,buy,rebalance,129.999,7.078601771153079e-06,0.0009202111516481292,9.202111516481292e-07
2022-08-23,128130,buy,rebalance,121.574,2.060903447844218e-05,0.0025055227576821298,2.50552275768213e-06
2022-08-23,128034,buy,rebalance,122.999,2.1229452346134e-05,0.0026112014091221355,2.6112014091221354e-06
2022-08-23,110083,buy,rebalance,119.97,6.817734958319065e-06,0.0008179236629495383,8.179236629495383e-07
2022-08-23,113516,buy,rebalance,119.5,1.1351791810776189e-05,0.0013565391213877546,1.3565391213877545e-06
2022-08-23,127040,buy,rebalance,128.197,1.120557194139771e-05,0.0014365207061713622,1.4365207061713623e-06
2022-08-23,110079,buy,rebalance,123.156,1.552973219097844e-05,0.001912579697712141,1.9125796977121413e-06
2022-08-23,128048,buy,rebalance,125.756,5.5923484280660895e-06,0.0007032713689198791,7.032713689198792e-07
2022-08-23,127012,buy,rebalance,114.655,0.0012156575469266131,0.13938121604287082,0.00013938121604287082
2022-08-23,113017,buy,rebalance,112.3,0.0012411506326168373,0.13938121604287082,0.00013938121604287082
2022-08-31,127040,sell,rebalance,123.949,0.0010883415745241184,0.13489884982068995,0.00013489884982068994
2022-08-31,113516,sell,rebalance,119.095,0.0011675498454348124,0.13904934884205897,0.00013904934884205897
2022-08-31,113631,sell,rebalance,120.7,0.0011405509050703777,0.1376644942419946,0.0001376644942419946
2022-08-31,113017,sell,rebalance,110.866,0.0012411506326168373,0.1376014060356983,0.00013760140603569828
2022-08-31,113044,sell,rebalance_resize,111.31,1.4425565612380103e-05,0.0016057097083140293,1.6057097083140292e-06
2022-08-31,110053,sell,rebalance_resize,126.0,1.53163306087192e-05,0.0019298576566986192,1.9298576566986193e-06
2022-08-31,113050,sell,rebalance_resize,121.699,1.0984876308671174e-05,0.001336848461888973,1.3368484618889731e-06
2022-08-31,110043,sell,rebalance_resize,123.7,1.056223936631452e-05,0.001306549009613106,1.306549009613106e-06
2022-08-31,110083,sell,rebalance_resize,118.83,8.741625950939409e-07,0.000103876741175013,1.03876741175013e-07
2022-08-31,110079,sell,rebalance_resize,123.89,1.8242748491892214e-05,0.0022600941106605266,2.2600941106605267e-06
2022-08-31,110052,sell,rebalance_resize,136.3,2.0352680820845647e-05,0.002774070395881262,2.7740703958812617e-06
2022-08-31,127012,sell,rebalance_resize,114.527,9.888755820361043e-06,0.0011325295378384892,1.1325295378384892e-06
2022-08-31,128087,buy,rebalance,128.801,1.780388946853423e-05,0.002293158767436677,2.293158767436677e-06
2022-08-31,113033,buy,rebalance,108.871,1.5668815557323253e-06,0.00017058796185413398,1.7058796185413398e-07
2022-08-31,128130,buy,rebalance,118.491,1.7790500407386386e-05,0.0021080141837716204,2.1080141837716206e-06
2022-08-31,128081,buy,rebalance,127.007,1.4013424291938309e-05,0.001779802979046209,1.779802979046209e-06
2022-08-31,110084,buy,rebalance,126.72,6.569056543747997e-07,8.324308452237462e-05,8.324308452237462e-08
2022-08-31,128034,buy,rebalance,121.425,2.941905741300707e-06,0.00035722090463743836,3.5722090463743837e-07
2022-08-31,113591,buy,rebalance,129.93,0.001061741448312823,0.1379520663792851,0.0001379520663792851
2022-08-31,113635,buy,rebalance,134.0,0.001029493032681232,0.1379520663792851,0.0001379520663792851
2022-08-31,128066,buy,rebalance,118.81,0.0011611149430122473,0.1379520663792851,0.0001379520663792851
2022-08-31,110079,buy,rebalance,123.89,2.2380525115551223e-19,2.772723256565641e-17,2.772723256565641e-20
2022-08-31,110080,buy,rebalance,116.76,5.487620779669813e-06,0.0006407346022342474,6.407346022342474e-07
2022-08-31,128048,buy,rebalance,123.294,1.0547159616913503e-05,0.0013004014978077335,1.3004014978077335e-06
2022-08-31,127020,buy,rebalance,118.3,0.0011661205949221056,0.1379520663792851,0.0001379520663792851
2022-09-02,113635,sell,risk_exit_next_open,114.55,0.001029493032681232,0.11792842689363514,0.00011792842689363515
2022-09-14,110052,sell,rebalance,155.0,0.0010131554096773714,0.15703908849999257,0.00015703908849999258
2022-09-14,113591,sell,rebalance,129.5,0.001061741448312823,0.13749551755651057,0.00013749551755651057
2022-09-14,128066,sell,rebalance,119.6,0.0011611149430122473,0.13886934718426477,0.00013886934718426478
2022-09-14,127020,sell,rebalance,121.5,0.0011661205949221056,0.14168365228303584,0.00014168365228303583
2022-09-14,113033,sell,rebalance_resize,110.1,5.326770568734078e-06,0.000586477439617622,5.86477439617622e-07
2022-09-14,110053,sell,rebalance_resize,128.164,1.0919381344347103e-05,0.001399471590616902,1.399471590616902e-06
2022-09-14,128081,sell,rebalance_resize,128.999,9.238876949994086e-06,0.001191805887672287,1.1918058876722871e-06
2022-09-14,128130,sell,rebalance_resize,121.0,1.611275678010134e-05,0.0019496435703922623,1.9496435703922625e-06
2022-09-14,110080,sell,rebalance_resize,117.9,3.1840916037090795e-06,0.00037540440007730047,3.754044000773005e-07
2022-09-14,110079,sell,rebalance_resize,126.0,1.0949791803521295e-05,0.0013796737672436832,1.3796737672436833e-06
2022-09-14,110083,sell,rebalance_resize,119.8,1.2939961223120367e-06,0.000155020735452982,1.55020735452982e-07
2022-09-14,127012,sell,rebalance_resize,115.997,6.898952759231293e-06,0.0008002578232125523,8.002578232125523e-07
2022-09-14,128034,sell,rebalance_resize,124.714,2.219386477002829e-05,0.002767885650929308,2.7678856509293083e-06
2022-09-14,128048,sell,rebalance_resize,125.394,1.0993273516282922e-05,0.0013784905393007807,1.3784905393007807e-06
2022-09-14,113044,buy,rebalance,111.99,1.1471743420210038e-06,0.00012847205456293222,1.2847205456293222e-07
2022-09-14,128087,buy,rebalance,126.92,2.3543916862845345e-05,0.0029881939282323314,2.9881939282323314e-06
2022-09-14,127027,buy,rebalance,129.0,0.0010769303438763137,0.13892401436004448,0.00013892401436004447
2022-09-14,110084,buy,rebalance,124.299,2.901810504518707e-05,0.0036069214390117075,3.6069214390117078e-06
2022-09-14,113050,buy,rebalance,122.01,5.070881301905082e-06,0.0006186982276454391,6.18698227645439e-07
2022-09-14,110043,buy,rebalance,123.11,1.3233812333457574e-05,0.001629214636371962,1.629214636371962e-06
2022-09-14,113631,buy,rebalance,119.78,0.0011598264681920562,0.13892401436004448,0.00013892401436004447
2022-09-14,113055,buy,rebalance,129.45,0.0010731866694480069,0.13892401436004448,0.00013892401436004447
2022-09-14,113017,buy,rebalance,110.521,0.0012569920138258293,0.13892401436004448,0.00013892401436004447
2022-09-14,110077,buy,rebalance,132.8,0.0010461145659641903,0.13892401436004448,0.00013892401436004447
2022-09-21,128048,sell,rebalance,124.6,0.0011090267846845894,0.13818473737169984,0.00013818473737169985
2022-09-21,127012,sell,rebalance,116.198,0.001198869838347021,0.13930627747624713,0.00013930627747624712
2022-09-21,113017,sell,rebalance,109.842,0.0012569920138258293,0.13807051678265675,0.00013807051678265675
2022-09-21,113044,sell,rebalance_resize,111.748,1.2210266404325752e-05,0.0013644728501505943,1.3644728501505942e-06
2022-09-21,113033,sell,rebalance_resize,109.459,7.815483648250547e-06,0.0008554750246538567,8.554750246538567e-07
2022-09-21,110053,sell,rebalance_resize,126.91,2.3989314581986047e-06,0.0003044483913599849,3.044483913599849e-07
2022-09-21,110084,sell,rebalance_resize,123.0,1.6923868452492159e-06,0.00020816358196565354,2.0816358196565356e-07
2022-09-21,127027,sell,rebalance_resize,129.3,1.4283830424970044e-05,0.0018468992739486267,1.8468992739486268e-06
2022-09-21,113050,sell,rebalance_resize,121.8,1.1700551811813541e-05,0.0014251272106788893,1.4251272106788892e-06
2022-09-21,110083,sell,rebalance_resize,118.799,4.235199046759405e-06,0.0005031374115559706,5.031374115559706e-07
2022-09-21,110043,sell,rebalance_resize,123.199,1.4318191435339056e-05,0.0017639868666423364,1.7639868666423364e-06
2022-09-21,113044,buy,rebalance,111.748,2.481235108300027e-19,2.772730608823114e-17,2.772730608823114e-20
2022-09-21,128081,buy,rebalance,127.098,3.020037990372187e-06,0.0003838407885003242,3.8384078850032423e-07
2022-09-21,128087,buy,rebalance,125.2,1.7751767412011872e-06,0.00022225212799838865,2.2225212799838866e-07
2022-09-21,113591,buy,rebalance,127.4,0.0010773959948729992,0.1372602497468201,0.00013726024974682012
2022-09-21,110080,buy,rebalance,115.05,1.4730909329510216e-05,0.0016947911183601502,1.6947911183601502e-06
2022-09-21,128130,buy,rebalance,118.911,6.181328294588635e-06,0.0007350279288378292,7.350279288378292e-07
2022-09-21,110079,buy,rebalance,124.4,8.094494870201423e-07,0.0001006955161853057,1.0069551618530571e-07
2022-09-21,113055,buy,rebalance,126.814,1.028096758536592e-05,0.0013037706233705937,1.3037706233705938e-06
2022-09-21,113631,buy,rebalance,115.7,2.770098651549168e-05,0.0032050041398423877,3.205004139842388e-06
2022-09-21,110077,buy,rebalance,128.854,2.0189482184704056e-05,0.0026014955374278567,2.601495537427857e-06
2022-09-21,128034,buy,rebalance,122.36,7.835857761999882e-06,0.0009587955557583055,9.587955557583055e-07
2022-09-21,128037,buy,rebalance,120.2,0.0011419321942331122,0.1372602497468201,0.00013726024974682012
2022-09-21,110085,buy,rebalance,134.69,0.0010190827065618836,0.1372602497468201,0.00013726024974682012
2022-10-10,110083,sell,rebalance,116.941,0.001156577026652234,0.1352512740737389,0.0001352512740737389
2022-10-10,127027,sell,rebalance,131.0,0.0010626465134513437,0.13920669326212604,0.00013920669326212605
2022-10-10,110077,sell,rebalance,129.247,0.0010663040481488945,0.13781659931110019,0.0001378165993111002
2022-10-10,128037,sell,rebalance,115.598,0.0011419321942331122,0.1320050777889593,0.0001320050777889593
2022-10-10,113044,sell,rebalance_resize,110.939,1.0875602033019941e-05,0.0012065284139411991,1.2065284139411991e-06
2022-10-10,110053,sell,rebalance_resize,126.83,1.6672907612897554e-05,0.0021146248725437966,2.1146248725437965e-06
2022-10-10,113033,sell,rebalance_resize,108.549,9.755458087086854e-06,0.001058945219895191,1.058945219895191e-06
2022-10-10,110084,sell,rebalance_resize,122.7,1.5208762267193047e-05,0.0018661151301845869,1.866115130184587e-06
2022-10-10,113050,sell,rebalance_resize,120.179,3.1005350941720974e-06,0.0003726192070825085,3.726192070825085e-07
2022-10-10,110079,sell,rebalance_resize,123.242,7.482199060868422e-06,0.0009221211766595461,9.221211766595461e-07
2022-10-10,113055,sell,rebalance_resize,126.12,1.1480984367480503e-05,0.001447981748426641,1.4479817484266412e-06
2022-10-10,110043,sell,rebalance_resize,121.58,3.2539466001055546e-06,0.00039561482764083333,3.9561482764083333e-07
2022-10-10,113631,sell,rebalance_resize,115.742,1.942117838415352e-05,0.002247846028538697,2.247846028538697e-06
2022-10-10,113044,buy,rebalance,110.939,2.4993254849207596e-19,2.7727266997162416e-17,2.7727266997162415e-20
2022-10-10,128081,buy,rebalance,124.8,2.2686446223813195e-06,0.0002831268488731887,2.8312684887318866e-07
2022-10-10,110085,buy,rebalance,128.5,3.301554390758348e-05,0.004242497392124477,4.242497392124477e-06
2022-10-10,128087,buy,rebalance,123.07,1.1083540863170103e-06,0.00013640513740303446,1.3640513740303445e-07
2022-10-10,113591,buy,rebalance,119.0,5.866979122112269e-05,0.0069817051553136,6.9817051553136e-06
2022-10-10,128034,buy,rebalance,119.9,4.6832716277798635e-06,0.0005615242681708056,5.615242681708057e-07
2022-10-10,127028,buy,rebalance,121.465,0.0011119340038284334,0.13506106377502067,0.00013506106377502068
2022-10-10,128130,buy,rebalance,116.219,7.82264074283061e-06,0.0009091394844910306,9.091394844910306e-07
2022-10-10,110061,buy,rebalance,136.89,0.000986639373036896,0.13506106377502067,0.00013506106377502068
2022-10-10,128048,buy,rebalance,120.54,0.0011204667643522537,0.13506106377502067,0.00013506106377502068
2022-10-10,110080,buy,rebalance,111.999,1.2881135596081483e-05,0.00144267430562553,1.44267430562553e-06
2022-10-10,128119,buy,rebalance,119.88,0.001126635500292131,0.13506106377502067,0.00013506106377502068
2022-10-11,110061,sell,rebalance,137.75,0.000986639373036896,0.13590957363583242,0.00013590957363583241
2022-10-11,128048,sell,rebalance,120.21,0.0011204667643522537,0.1346913097427844,0.0001346913097427844
2022-10-11,110053,sell,rebalance_resize,126.99,4.66401197973484e-06,0.0005922828813065273,5.922828813065273e-07
2022-10-11,113050,sell,rebalance_resize,119.899,8.901726952525208e-07,0.00010673081598808198,1.0673081598808198e-07
2022-10-11,113591,sell,rebalance_resize,124.5,5.3517742297471174e-05,0.006662958916035161,6.662958916035161e-06
2022-10-11,110085,sell,rebalance_resize,128.15,3.8360784220994875e-07,4.915934497920493e-05,4.9159344979204935e-08
2022-10-11,113055,sell,rebalance_resize,126.0,2.326085581106601e-06,0.0002930867832194317,2.9308678321943174e-07
2022-10-11,110080,sell,rebalance_resize,111.702,5.526696212573058e-07,6.173430203368357e-05,6.173430203368357e-08
2022-10-11,113044,buy,rebalance,110.5,1.0240569164790239e-06,0.00011315828927093214,1.1315828927093213e-07
2022-10-11,113033,buy,rebalance,107.4,9.388549918750913e-06,0.001008330261273848,1.008330261273848e-06
2022-10-11,128081,buy,rebalance,123.999,3.595569475551006e-06,0.0004458470193988492,4.458470193988492e-07
2022-10-11,110084,buy,rebalance,122.0,2.8624756172750186e-06,0.0003492220253075523,3.492220253075523e-07
2022-10-11,110079,buy,rebalance,122.213,5.779928635362992e-06,0.0007063824183136173,7.063824183136173e-07
2022-10-11,128087,buy,rebalance,122.2,4.366660898542344e-06,0.0005336059618018744,5.336059618018744e-07
2022-10-11,128130,buy,rebalance,115.81,4.7437945826869175e-07,5.493788506209719e-05,5.4937885062097195e-08
2022-10-11,110043,buy,rebalance,120.151,9.705683181047813e-06,0.0011661475398860757,1.1661475398860758e-06
2022-10-11,127028,buy,rebalance,119.7,1.4010086113992095e-05,0.0016770073078448539,1.6770073078448539e-06
2022-10-11,128034,buy,rebalance,118.837,6.535682731662749e-06,0.0007766809287826061,7.766809287826061e-07
2022-10-11,128119,buy,rebalance,118.621,9.555109564512859e-06,0.0011334366516520798,1.1334366516520797e-06
2022-10-11,128037,buy,rebalance,116.495,0.0011557477051678123,0.1346388289135243,0.0001346388289135243
2022-10-11,113631,buy,rebalance,114.894,4.945817981678506e-06,0.0005682448111869702,5.682448111869702e-07
2022-10-11,127049,buy,rebalance,119.308,0.0011284979122399529,0.1346388289135243,0.0001346388289135243
2022-10-21,113631,sell,rebalance,116.587,0.001173052094305073,0.13676262451874555,0.00013676262451874554
2022-10-21,127028,sell,rebalance,124.0,0.0011259440899424255,0.13961706715286076,0.00013961706715286077
2022-10-21,128119,sell,rebalance,120.12,0.001136190609856644,0.13647921605598007,0.00013647921605598008
2022-10-21,128037,sell,rebalance,123.42,0.0011557477051678123,0.1426423817718114,0.0001426423817718114
2022-10-21,127049,sell,rebalance,121.5,0.0011284979122399529,0.13711249633715428,0.0001371124963371543
2022-10-21,128081,sell,rebalance_resize,126.649,4.858528125360012e-06,0.0006153277285487202,6.153277285487202e-07
2022-10-21,128087,sell,rebalance_resize,125.59,1.1735003608770677e-05,0.0014737991032255093,1.4737991032255094e-06
2022-10-21,113591,sell,rebalance_resize,133.47,5.578713337831148e-05,0.007445908692003234,7.445908692003234e-06
2022-10-21,128130,sell,rebalance_resize,118.622,8.497083924520985e-06,0.0010079410892945284,1.0079410892945284e-06
2022-10-21,110080,sell,rebalance_resize,114.053,5.016253753950898e-06,0.0005721187893993618,5.721187893993618e-07
2022-10-21,113044,buy,rebalance,112.0,3.880968176211139e-06,0.0004346684357356475,4.3466843573564753e-07
2022-10-21,110053,buy,rebalance,126.036,2.5974503674996414e-05,0.003273722545181848,3.2737225451818483e-06
2022-10-21,113050,buy,rebalance,119.602,2.1703358279049493e-05,0.0025957650568908777,2.595765056890878e-06
2022-10-21,110061,buy,rebalance,130.0,0.001053097764274788,0.13690270935572244,0.00013690270935572243
2022-10-21,110043,buy,rebalance,119.42,2.5813042095083626e-05,0.0030825934869948865,3.0825934869948866e-06
2022-10-21,128087,buy,rebalance,125.59,2.2077720668014023e-19,2.7727409386958812e-17,2.7727409386958815e-20
2022-10-21,128034,buy,rebalance,120.761,6.889461972662355e-07,8.319783172806787e-05,8.319783172806787e-08
2022-10-21,113033,buy,rebalance,108.524,7.871154132076171e-06,0.0008542091310294344,8.542091310294344e-07
2022-10-21,110084,buy,rebalance,123.0,9.422767798496444e-06,0.0011590004392150626,1.1590004392150626e-06
2022-10-21,110079,buy,rebalance,122.492,1.5965170082916206e-05,0.001955605613796572,1.955605613796572e-06
2022-10-21,110085,buy,rebalance,130.29,1.0640757062095607e-07,1.3863842376204365e-05,1.3863842376204365e-08
2022-10-21,123107,buy,rebalance,127.701,0.0010720566742290385,0.13690270935572244,0.00013690270935572243
2022-10-21,128066,buy,rebalance,118.69,0.001153447715525507,0.13690270935572244,0.00013690270935572243
2022-10-21,127012,buy,rebalance,114.831,0.0011922103731198234,0.13690270935572244,0.00013690270935572243
2022-10-21,113640,buy,rebalance,120.0,0.001140855911297687,0.13690270935572244,0.00013690270935572243
2022-10-21,113055,buy,rebalance,124.04,3.5122995539305344e-05,0.004356656366695435,4.356656366695435e-06
2022-11-01,123107,sell,rebalance,120.511,0.0010720566742290385,0.12919462186801567,0.00012919462186801567
2022-11-01,128066,sell,rebalance,111.1,0.001153447715525507,0.12814804119488382,0.00012814804119488381
2022-11-01,127012,sell,rebalance,112.8,0.0011922103731198234,0.13448133008791607,0.00013448133008791608
2022-11-01,113640,sell,rebalance,114.9,0.001140855911297687,0.13108434420810422,0.00013108434420810422
2022-11-01,113044,sell,rebalance_resize,109.183,2.1953966552857768e-05,0.0023969999301406697,2.3969999301406698e-06
2022-11-01,128081,sell,rebalance_resize,123.123,1.6478913999593056e-05,0.0020289333283718958,2.0289333283718957e-06
2022-11-01,113050,sell,rebalance_resize,117.2,2.63604440421267e-05,0.0030894440417372493,3.0894440417372494e-06
2022-11-01,110053,sell,rebalance_resize,122.29,1.4456938779335375e-05,0.0017679390433249231,1.7679390433249232e-06
2022-11-01,110061,sell,rebalance_resize,128.222,2.9891895629654857e-05,0.0038327986414256054,3.832798641425606e-06
2022-11-01,128130,sell,rebalance_resize,115.202,1.643386198307804e-05,0.0018932137681745564,1.8932137681745565e-06
2022-11-01,110084,sell,rebalance_resize,118.899,1.0714676189055511e-05,0.0012739642842025112,1.2739642842025112e-06
2022-11-01,110080,sell,rebalance_resize,111.99,3.0051369880916708e-05,0.003365452912963862,3.365452912963862e-06
2022-11-01,110085,sell,rebalance_resize,125.22,4.085042456172959e-06,0.0005115290163619779,5.11529016361978e-07
2022-11-01,113033,sell,rebalance_resize,104.79,1.0766512727327024e-05,0.001128222868696599,1.128222868696599e-06
2022-11-01,113044,buy,rebalance,109.183,2.5394761121945853e-19,2.7726762035774142e-17,2.7726762035774145e-20
2022-11-01,113591,buy,rebalance,127.5,2.236787779636874e-06,0.00028519044190370146,2.8519044190370145e-07
2022-11-01,127032,buy,rebalance,113.67,0.0011529981905407957,0.13106130431877225,0.00013106130431877225
2022-11-01,128087,buy,rebalance,117.18,2.8410314671743822e-05,0.0033291206732349414,3.3291206732349415e-06
2022-11-01,110043,buy,rebalance,109.8,4.729278129229879e-05,0.005192747385894407,5.192747385894407e-06
2022-11-01,110083,buy,rebalance,117.9,0.0011116310798878052,0.13106130431877225,0.00013106130431877225
2022-11-01,128048,buy,rebalance,115.5,0.0011347299075218377,0.13106130431877225,0.00013106130431877225
2022-11-01,110077,buy,rebalance,123.528,0.0010609845890710789,0.13106130431877225,0.00013106130431877225
2022-11-01,128034,buy,rebalance,110.85,4.869080592119604e-05,0.005397375836364581,5.397375836364581e-06
2022-11-01,110079,buy,rebalance,115.03,2.176245775432859e-05,0.0025033355154804177,2.5033355154804176e-06
2022-11-01,113055,buy,rebalance,116.8,1.8463541971980518e-05,0.0021565417023273244,2.1565417023273243e-06
2022-11-01,113033,buy,rebalance,104.79,2.645935875157376e-19,2.7726762035774142e-17,2.7726762035774145e-20
2022-11-11,110079,sell,rebalance,119.76,0.0011405277008570088,0.1365895974546354,0.00013658959745463538
2022-11-11,113055,sell,rebalance,120.6,0.0011232471045960716,0.1354636008142862,0.0001354636008142862
2022-11-11,110085,sell,rebalance,132.97,0.001047736007741705,0.1393174569494145,0.0001393174569494145
2022-11-11,110077,sell,rebalance,127.33,0.0010609845890710789,0.13509516772642047,0.00013509516772642046
2022-11-11,128081,sell,rebalance_resize,129.0,1.710372807918782e-05,0.0022063809222152286,2.2063809222152287e-06
2022-11-11,128087,sell,rebalance_resize,126.0,4.6153361123921826e-05,0.00581532350161415,5.81532350161415e-06
2022-11-11,110080,sell,rebalance_resize,116.3,8.539763756019175e-06,0.00099317452482503,9.931745248250302e-07
2022-11-11,128130,sell,rebalance_resize,119.314,5.2542311105845925e-06,0.0006269033307282901,6.2690333072829e-07
2022-11-11,110084,sell,rebalance_resize,123.41,7.467506286689383e-06,0.0009215649508403367,9.215649508403367e-07
2022-11-11,127032,sell,rebalance_resize,118.001,6.791461481121039e-06,0.0008013992462337638,8.013992462337638e-07
2022-11-11,113044,buy,rebalance,110.622,2.1013186030917735e-05,0.0023245206651121815,2.3245206651121817e-06
2022-11-11,110053,buy,rebalance,123.497,2.233500284811194e-05,0.0027583058467332802,2.7583058467332804e-06
2022-11-11,110061,buy,rebalance,130.545,1.2849350433820371e-05,0.0016774184523830802,1.6774184523830802e-06
2022-11-11,110080,buy,rebalance,116.3,2.384117137685862e-19,2.7727282311286576e-17,2.772728231128658e-20
2022-11-11,110063,buy,rebalance,118.0,0.0011450480197579059,0.1351156663314329,0.0001351156663314329
2022-11-11,110083,buy,rebalance,121.511,1.464513503119404e-06,0.00017795450027754188,1.7795450027754188e-07
2022-11-11,128034,buy,rebalance,113.565,7.463183372132282e-06,0.0008475564196562027,8.475564196562027e-07
2022-11-11,110047,buy,rebalance,117.99,0.0011451450659499356,0.1351156663314329,0.0001351156663314329
2022-11-11,113033,buy,rebalance,107.0,1.2035461163078928e-05,0.0012877943444494454,1.2877943444494454e-06
2022-11-11,113591,buy,rebalance,128.999,1.9467620654632955e-05,0.0025113035968269966,2.5113035968269967e-06
2022-11-11,113050,buy,rebalance,118.2,2.4819045940447824e-05,0.002933611230160933,2.933611230160933e-06
2022-11-11,110043,buy,rebalance,112.542,6.969975892464564e-06,0.0007844150268897469,7.84415026889747e-07
2022-11-11,128048,buy,rebalance,118.356,8.030665287287174e-06,0.0009504774207421608,9.504774207421608e-07
2022-11-11,128119,buy,rebalance,123.5,0.0010940539783921694,0.1351156663314329,0.0001351156663314329
2022-11-11,127006,buy,rebalance,120.0,0.0011259638860952742,0.1351156663314329,0.0001351156663314329
2022-11-22,113591,sell,rebalance,125.39,0.001048465318852609,0.13146706633092864,0.00013146706633092864
2022-11-22,127032,sell,rebalance,116.938,0.0011462067290596747,0.13403512248278024,0.00013403512248278025
2022-11-22,128119,sell,rebalance,119.955,0.0010940539783921694,0.13123724497803269,0.00013123724497803268
2022-11-22,127006,sell,rebalance,121.934,0.0011259638860952742,0.13729328048714115,0.00013729328048714116
2022-11-22,110053,sell,rebalance_resize,122.04,3.913471301023959e-06,0.000477600037576964,4.77600037576964e-07
2022-11-22,128087,sell,rebalance_resize,126.054,1.6929643116610547e-05,0.0021340492334212258,2.1340492334212257e-06
2022-11-22,110043,sell,rebalance_resize,110.9,9.191239197354456e-07,0.00010193084269866093,1.0193084269866094e-07
2022-11-22,110063,sell,rebalance_resize,116.704,3.892131311000332e-06,0.00045422729251898275,4.5422729251898273e-07
2022-11-22,113033,sell,rebalance_resize,105.801,5.285261865241816e-06,0.0005591859906044494,5.591859906044494e-07
2022-11-22,110061,sell,rebalance_resize,130.338,1.4269885520761285e-05,0.0018599083390049842,1.8599083390049842e-06
2022-11-22,113050,sell,rebalance_resize,116.751,3.5551667308264595e-06,0.00041506927099072,4.1506927099072e-07
2022-11-22,110083,sell,rebalance_resize,119.984,3.1354586620636313e-06,0.00037620487210904274,3.7620487210904277e-07
2022-11-22,110080,sell,rebalance_resize,114.574,6.004441887704553e-07,6.879529248418614e-05,6.879529248418615e-08
2022-11-22,113044,buy,rebalance,108.826,1.1213417692245986e-06,0.00012203113937763617,1.2203113937763616e-07
2022-11-22,128081,buy,rebalance,126.011,8.386133867159205e-06,0.0010567451147345986,1.0567451147345986e-06
2022-11-22,128048,buy,rebalance,114.23,2.3087173289104963e-05,0.00263724780481446,2.63724780481446e-06
2022-11-22,110047,buy,rebalance,116.289,8.317590663258721e-08,9.672443006396935e-06,9.672443006396935e-09
2022-11-22,128034,buy,rebalance,110.666,1.2433947804465396e-05,0.0013760152677289674,1.3760152677289674e-06
2022-11-22,110084,buy,rebalance,120.234,1.1671359183033787e-05,0.0014032942000128843,1.4032942000128843e-06
2022-11-22,128130,buy,rebalance,116.932,5.332198529689806e-06,0.0006235046384736884,6.235046384736884e-07
2022-11-22,127012,buy,rebalance,113.255,0.0011747192074317552,0.13304282383768343,0.00013304282383768342
2022-11-22,113050,buy,rebalance,116.751,2.374927554909819e-19,2.7727516696327627e-17,2.772751669632763e-20
2022-11-22,113631,buy,rebalance,117.497,0.0011323082618082455,0.13304282383768343,0.00013304282383768342
2022-11-22,110079,buy,rebalance,116.92,0.0011378962011433752,0.13304282383768343,0.00013304282383768342
2022-11-22,110085,buy,rebalance,124.97,0.001064598094244086,0.13304282383768343,0.00013304282383768342
2022-12-01,128048,sell,rebalance,121.385,0.0011658477460982299,0.14151642866013364,0.00014151642866013365
2022-12-01,110079,sell,rebalance,121.2,0.0011378962011433752,0.13791301957857707,0.00013791301957857707
2022-12-01,110053,sell,rebalance_resize,127.2,7.811665219357973e-06,0.0009936438159023342,9.936438159023342e-07
2022-12-01,110084,sell,rebalance_resize,124.8,3.3558060581332813e-06,0.0004188045960550335,4.188045960550335e-07
2022-12-01,113631,sell,rebalance_resize,129.0,6.397711263981839e-05,0.008253047530536572,8.253047530536573e-06
2022-12-01,110061,sell,rebalance_resize,135.288,3.1087455184024543e-06,0.00042057596369363126,4.2057596369363125e-07
2022-12-01,110043,sell,rebalance_resize,116.213,1.4998386804142669e-05,0.0017430075256698319,1.743007525669832e-06
2022-12-01,128034,sell,rebalance_resize,117.174,2.7250999217017188e-05,0.0031931085822547722,3.1931085822547722e-06
2022-12-01,110083,sell,rebalance_resize,126.45,2.008494103390584e-05,0.002539740793737394,2.539740793737394e-06
2022-12-01,113044,buy,rebalance,111.004,1.7746571551027337e-05,0.0019699404284502387,1.9699404284502388e-06
2022-12-01,110053,buy,rebalance,127.2,2.179733223170788e-19,2.7726206598732426e-17,2.772620659873243e-20
2022-12-01,128081,buy,rebalance,129.9,4.061824275613053e-06,0.0005276309734021355,5.276309734021355e-07
2022-12-01,113050,buy,rebalance,120.09,6.891491349088994e-06,0.0008275991961120973,8.275991961120974e-07
2022-12-01,110047,buy,rebalance,118.565,1.7109458677620667e-05,0.0020285829681120945,2.0285829681120946e-06
2022-12-01,113033,buy,rebalance,107.0,2.92028529165575e-05,0.0031247052620716523,3.1247052620716524e-06
2022-12-01,128087,buy,rebalance,128.81,1.3381654217854023e-05,0.0017236908798017767,1.7236908798017768e-06
2022-12-01,128130,buy,rebalance,118.92,1.9939429778651707e-05,0.002371196989277261,2.3711969892772612e-06
2022-12-01,110063,buy,rebalance,119.1,1.596169816708902e-05,0.0019010382517003024,1.9010382517003025e-06
2022-12-01,127032,buy,rebalance,121.79,0.0011303792783224967,0.13766889230689688,0.00013766889230689688
2022-12-01,113647,buy,rebalance,134.1,0.001026613663735249,0.13766889230689688,0.00013766889230689688
2022-12-01,110080,buy,rebalance,117.85,7.029763152548374e-06,0.0008284575875278259,8.284575875278259e-07
2022-12-01,127012,buy,rebalance,115.449,1.898880313307225e-05,0.002192238332910058,2.1922383329100582e-06
2022-12-01,110085,buy,rebalance,126.1,2.8272182384398616e-05,0.003565122198672665,3.565122198672665e-06
2022-12-13,110080,sell,rebalance,115.737,0.0011694004301913848,0.1353428975890603,0.00013534289758906028
2022-12-13,110061,sell,rebalance,136.5,0.0010186765880397899,0.1390493542674313,0.0001390493542674313
2022-12-13,110083,sell,rebalance,124.151,0.0010898751936949552,0.13530909517242237,0.00013530909517242237
2022-12-13,127012,sell,rebalance,115.501,0.0011937080105648274,0.13787446892824812,0.0001378744689282481
2022-12-13,110085,sell,rebalance,125.45,0.0010928702766284846,0.1371005762030434,0.0001371005762030434
2022-12-13,113044,sell,rebalance_resize,110.296,6.865768716792323e-06,0.0007572668263873261,7.572668263873261e-07
2022-12-13,110047,sell,rebalance_resize,117.932,7.635199767823967e-06,0.0009004343790190161,9.004343790190162e-07
2022-12-13,113033,sell,rebalance_resize,107.703,2.3587707931592623e-05,0.00254046690735632,2.54046690735632e-06
2022-12-13,110063,sell,rebalance_resize,118.194,4.9747086305186274e-06,0.0005879807118755187,5.879807118755187e-07
2022-12-13,128087,sell,rebalance_resize,127.31,2.4882484349121084e-07,3.167789082486605e-05,3.1677890824866054e-08
2022-12-13,127032,sell,rebalance_resize,121.159,6.431611864545473e-06,0.000779247661896465,7.79247661896465e-07
2022-12-13,113050,sell,rebalance_resize,119.78,1.070056779359231e-05,0.001281714010316487,1.281714010316487e-06
2022-12-13,128130,sell,rebalance_resize,119.399,1.8349630119294528e-05,0.0021909274866136474,2.1909274866136474e-06
2022-12-13,110053,buy,rebalance,125.266,3.644923285759416e-06,0.000456584960313939,4.56584960313939e-07
2022-12-13,128081,buy,rebalance,128.011,2.8586027533551048e-06,0.0003659325970597403,3.659325970597403e-07
2022-12-13,113631,buy,rebalance,121.888,4.884481346415975e-05,0.005953596623519504,5.953596623519504e-06
2022-12-13,110043,buy,rebalance,113.979,8.860323025271096e-06,0.0010098907580973742,1.0098907580973743e-06
2022-12-13,110084,buy,rebalance,123.3,1.4651806387086396e-07,1.8065677275277525e-05,1.8065677275277526e-08
2022-12-13,113647,buy,rebalance,129.557,2.445394078585608e-05,0.0031681792063931557,3.1681792063931556e-06
2022-12-13,128034,buy,rebalance,114.764,1.0412486513026976e-05,0.0011949786021810279,1.194978602181028e-06
2022-12-13,128048,buy,rebalance,118.445,0.0011485377576085035,0.1360385546999392,0.0001360385546999392
2022-12-13,123125,buy,rebalance,133.519,0.001018870383240881,0.1360385546999392,0.0001360385546999392
2022-12-13,110079,buy,rebalance,119.889,0.0011347042239066068,0.1360385546999392,0.0001360385546999392
2022-12-13,128127,buy,rebalance,110.2,0.0012344696433751288,0.1360385546999392,0.0001360385546999392
2022-12-13,127006,buy,rebalance,125.644,0.00108273021154961,0.1360385546999392,0.0001360385546999392
2022-12-19,123125,sell,risk_exit_next_open,117.0,0.001018870383240881,0.11920783483918307,0.00011920783483918307
2022-12-21,127032,sell,rebalance,117.13,0.0011239476664579512,0.13164799017221981,0.0001316479901722198
2022-12-21,110079,sell,rebalance,115.785,0.0011347042239066068,0.13138172856502647,0.00013138172856502647
2022-12-21,128127,sell,rebalance,106.5,0.0012344696433751288,0.13147101701945121,0.00013147101701945123
2022-12-21,113044,sell,rebalance_resize,108.779,3.094052906042212e-05,0.0033656798106636576,3.3656798106636576e-06
2022-12-21,110053,sell,rebalance_resize,122.09,1.4624972284458961e-05,0.0017855628662095946,1.7855628662095946e-06
2022-12-21,128087,sell,rebalance_resize,125.363,2.5175203497270696e-05,0.0031560390360283463,3.1560390360283465e-06
2022-12-21,113033,sell,rebalance_resize,105.35,2.1486233675501933e-05,0.0022635747177141285,2.2635747177141287e-06
2022-12-21,110084,sell,rebalance_resize,119.151,5.5084124511265146e-06,0.0006563328519641753,6.563328519641754e-07
2022-12-21,128081,sell,rebalance_resize,123.53,3.816487935115288e-06,0.0004714507546247915,4.7145075462479155e-07
2022-12-21,113050,sell,rebalance_resize,115.85,6.652294371521672e-06,0.0007706683029407857,7.706683029407857e-07
2022-12-21,110063,sell,rebalance_resize,116.01,2.3466561701901492e-05,0.002722355823037592,2.722355823037592e-06
2022-12-21,110047,sell,rebalance_resize,116.0,2.5928884802352567e-05,0.003007750637072898,3.007750637072898e-06
2022-12-21,128034,buy,rebalance,110.2,1.6158451392837037e-06,0.00017806613434906415,1.7806613434906417e-07
2022-12-21,128087,buy,rebalance,125.363,2.2140165452030435e-19,2.7755575615628914e-17,2.7755575615628914e-20
2022-12-21,113631,buy,rebalance,116.15,1.0139917279814723e-05,0.00117775139205048,1.17775139205048e-06
2022-12-21,110043,buy,rebalance,109.54,6.010707953465785e-07,6.58412949222642e-05,6.584129492226421e-08
2022-12-21,128048,buy,rebalance,113.999,4.8979571870324896e-08,5.583622213645167e-06,5.583622213645167e-09
2022-12-21,110080,buy,rebalance,113.06,0.001158126122871267,0.13093773945182544,0.00013093773945182545
2022-12-21,113647,buy,rebalance,121.66,2.519196684027448e-05,0.0030648546857877934,3.0648546857877935e-06
2022-12-21,128130,buy,rebalance,114.661,1.4401164037104826e-06,0.00016512518696584766,1.6512518696584767e-07
2022-12-21,110047,buy,rebalance,116.0,2.3927220358300787e-19,2.7755575615628914e-17,2.7755575615628914e-20
2022-12-21,110083,buy,rebalance,119.8,0.0010929694445060555,0.13093773945182544,0.00013093773945182545
2022-12-21,110077,buy,rebalance,121.51,0.0010775881775312768,0.13093773945182544,0.00013093773945182545
2022-12-21,127006,buy,rebalance,118.175,2.526842988745756e-05,0.002986096701950297,2.986096701950297e-06
2023-01-03,113647,sell,rebalance,123.66,0.0010762595713613796,0.1330902585945482,0.00013309025859454821
2023-01-03,110083,sell,rebalance,120.56,0.0010929694445060555,0.13176839622965006,0.00013176839622965007
2023-01-03,110077,sell,rebalance,122.52,0.0010775881775312768,0.13202610351113203,0.00013202610351113202
2023-01-03,113044,sell,rebalance_resize,109.317,7.0639384353599865e-06,0.0007722085579382476,7.722085579382476e-07
2023-01-03,113033,sell,rebalance_resize,106.5,1.459090436694391e-05,0.0015539313150795264,1.5539313150795265e-06
2023-01-03,110053,sell,rebalance_resize,123.252,1.1122129196583444e-05,0.0013708246677373026,1.3708246677373027e-06
2023-01-03,110043,sell,rebalance_resize,111.29,1.9916109496471603e-05,0.002216463825862325,2.2164638258623247e-06
2023-01-03,113050,sell,rebalance_resize,117.462,1.6571782546887483e-05,0.0019465547215224976,1.946554721522498e-06
2023-01-03,128048,sell,rebalance_resize,114.5,6.114040631272296e-06,0.0007000576522806778,7.000576522806779e-07
2023-01-03,128034,sell,rebalance_resize,111.997,2.017714854197646e-05,0.0022597801052557376,2.2597801052557376e-06
2023-01-03,128081,buy,rebalance,121.8,1.4017944720696915e-05,0.0017073856669808842,1.7073856669808843e-06
2023-01-03,110047,buy,rebalance,115.0,8.722909418360237e-06,0.0010031345831114273,1.0031345831114274e-06
2023-01-03,110063,buy,rebalance,115.2,6.84728668969833e-06,0.0007888074266532477,7.888074266532477e-07
2023-01-03,128087,buy,rebalance,120.8,3.8382163914797486e-05,0.004636565400907536,4.636565400907536e-06
2023-01-03,128130,buy,rebalance,113.76,7.940967771770525e-06,0.0009033644937166149,9.033644937166149e-07
2023-01-03,110084,buy,rebalance,117.908,1.0517353992923773e-05,0.0012400801745976562,1.2400801745976561e-06
2023-01-03,127032,buy,rebalance,119.02,0.001097965151130242,0.1306798122875214,0.0001306798122875214
2023-01-03,110079,buy,rebalance,116.26,0.0011240307267118648,0.1306798122875214,0.0001306798122875214
2023-01-03,113631,buy,rebalance,114.65,1.3648162665435645e-05,0.0015647618495921967,1.5647618495921968e-06
2023-01-03,113055,buy,rebalance,120.014,0.0010888714007325929,0.1306798122875214,0.0001306798122875214
2023-01-03,110080,buy,rebalance,111.4,1.6122454726480986e-05,0.001796041456529982,1.796041456529982e-06
2023-01-03,127027,buy,rebalance,116.132,0.0011252696266965299,0.1306798122875214,0.0001306798122875214
2023-01-03,127006,buy,rebalance,117.232,7.84162361709916e-06,0.0009192892198797687,9.192892198797688e-07
2023-01-11,127006,sell,rebalance,121.7,0.0011158402650541667,0.1357977602570921,0.0001357977602570921
2023-01-11,110080,sell,rebalance,115.499,0.001174248577597748,0.13562453646396228,0.00013562453646396227
2023-01-11,113055,sell,rebalance,122.7,0.0010888714007325929,0.13360452086988914,0.00013360452086988913
2023-01-11,128081,sell,rebalance_resize,126.047,1.2809591082332186e-05,0.001614610527154725,1.6146105271547251e-06
2023-01-11,128087,sell,rebalance_resize,125.999,2.1271198971489834e-05,0.0026801497992087475,2.6801497992087478e-06
2023-01-11,110047,sell,rebalance_resize,117.682,8.91215592388543e-07,0.00010488003334346852,1.0488003334346852e-07
2023-01-11,110084,sell,rebalance_resize,122.099,1.3952087488782225e-05,0.001703535930292821,1.703535930292821e-06
2023-01-11,110079,sell,rebalance_resize,119.65,6.120270659170073e-06,0.0007322903843696993,7.322903843696993e-07
2023-01-11,128130,sell,rebalance_resize,118.45,2.066044526690313e-05,0.002447229741864676,2.447229741864676e-06
2023-01-11,127027,sell,rebalance_resize,118.99,1.1584739382736557e-06,0.00013784681391518228,1.3784681391518227e-07
2023-01-11,113044,buy,rebalance,109.099,2.935365581903512e-05,0.003202454496200913,3.2024544962009128e-06
2023-01-11,110053,buy,rebalance,125.26,6.489273894206435e-06,0.000812846447988298,8.12846447988298e-07
2023-01-11,113033,buy,rebalance,106.6,2.6446057498177874e-05,0.002819149729305761,2.8191497293057612e-06
2023-01-11,113050,buy,rebalance,118.923,1.1069799186085921e-05,0.001316453728606896,1.316453728606896e-06
2023-01-11,110043,buy,rebalance,113.062,7.616416385843551e-06,0.0008611272694162435,8.611272694162436e-07
2023-01-11,127032,buy,rebalance,120.298,1.3909316389804643e-05,0.001673262943060719,1.673262943060719e-06
2023-01-11,128034,buy,rebalance,113.0,1.5677352218694182e-05,0.0017715408007124426,1.7715408007124427e-06
2023-01-11,128048,buy,rebalance,116.94,1.343152784316756e-06,0.00015706828659800144,1.5706828659800144e-07
2023-01-11,110047,buy,rebalance,117.682,2.35611366963422e-19,2.7727216886989427e-17,2.772721688698943e-20
2023-01-11,110063,buy,rebalance,117.699,9.166023523947079e-07,0.00010788318027450473,1.0788318027450472e-07
2023-01-11,113631,buy,rebalance,117.203,2.8619640627094884e-07,3.354307740417402e-05,3.354307740417402e-08
2023-01-11,110083,buy,rebalance,123.65,0.0010806414994110726,0.13362132140217914,0.00013362132140217915
2023-01-11,113647,buy,rebalance,127.694,0.0010464181668847334,0.13362132140217914,0.00013362132140217915
2023-01-11,110077,buy,rebalance,123.0,0.0010863522065217815,0.13362132140217914,0.00013362132140217915
2023-01-30,128130,sell,rebalance,122.762,0.0011292358469118188,0.1386272510385887,0.0001386272510385887
2023-01-30,110079,sell,rebalance,122.191,0.0011179104560526947,0.13659859653553483,0.00013659859653553482
2023-01-30,127027,sell,rebalance,126.999,0.0011241111527582563,0.1427609922891458,0.00014276099228914578
2023-01-30,110083,sell,rebalance,131.63,0.0010806414994110726,0.1422448405674795,0.0001422448405674795
2023-01-30,113647,sell,rebalance,132.08,0.0010464181668847334,0.1382109114821356,0.0001382109114821356
2023-01-30,110077,sell,rebalance,128.0,0.0010863522065217815,0.13905308243478803,0.00013905308243478804
2023-01-30,128081,sell,rebalance_resize,132.01,1.322422160803298e-05,0.0017457294944764334,1.7457294944764335e-06
2023-01-30,113050,sell,rebalance_resize,123.01,1.0875548112335606e-07,1.337801173298403e-05,1.337801173298403e-08
2023-01-30,110043,sell,rebalance_resize,119.976,2.9977765508914248e-05,0.003596612394697496,3.596612394697496e-06
2023-01-30,128034,sell,rebalance_resize,117.951,1.082265113223282e-05,0.0012765425236979933,1.2765425236979932e-06
2023-01-30,128048,sell,rebalance_resize,121.499,5.205276608435493e-06,0.000632435902648304,6.32435902648304e-07
2023-01-30,128087,sell,rebalance_resize,130.501,1.5108857035170682e-06,0.00019717209519468093,1.9717209519468093e-07
2023-01-30,127032,sell,rebalance_resize,124.974,4.923853988330576e-06,0.0006153537283376254,6.153537283376254e-07
2023-01-30,113044,buy,rebalance,111.188,1.8187146592925462e-05,0.002022192455374196,2.022192455374196e-06
2023-01-30,110053,buy,rebalance,128.648,7.494007792317505e-06,0.0009640891144660624,9.640891144660624e-07
2023-01-30,113033,buy,rebalance,107.699,2.973799634722792e-05,0.0032027524686001,3.2027524686001e-06
2023-01-30,110047,buy,rebalance,118.55,3.0298272966561406e-05,0.0035918602601858547,3.591860260185855e-06
2023-01-30,110063,buy,rebalance,119.13,2.4787569110407893e-05,0.002952943108122892,2.952943108122892e-06
2023-01-30,113058,buy,rebalance,114.057,0.0012116794468341292,0.13820052266756028,0.00013820052266756027
2023-01-30,113065,buy,rebalance,99.85,0.0013840813486986508,0.13820052266756028,0.00013820052266756027
2023-01-30,113631,buy,rebalance,120.453,7.240587124749519e-06,0.0008721504409374539,8.721504409374539e-07
2023-01-30,110084,buy,rebalance,125.3,8.573968912636435e-06,0.0010743183047533453,1.0743183047533453e-06
2023-01-30,123105,buy,rebalance,164.051,0.0008424241404658325,0.13820052266756028,0.00013820052266756027
2023-01-30,127006,buy,rebalance,124.503,0.0011100176113632626,0.13820052266756028,0.00013820052266756027
2023-01-30,110080,buy,rebalance,118.25,0.0011687147794296852,0.13820052266756028,0.00013820052266756027
2023-01-30,128037,buy,rebalance,122.0,0.0011327911694062318,0.13820052266756028,0.00013820052266756027
2023-01-31,128034,sell,rebalance,116.601,0.001172860306190814,0.1367566845621551,0.0001367566845621551
2023-01-31,110063,sell,rebalance,121.36,0.0011612277744340752,0.14092660270531937,0.00014092660270531937
2023-01-31,123105,sell,rebalance,169.999,0.0008424241404658325,0.14321126145505106,0.00014321126145505107
2023-01-31,128087,sell,rebalance_resize,133.0,2.08285337735309e-05,0.00277019499187961,2.7701949918796097e-06
2023-01-31,113058,sell,rebalance_resize,114.99,9.670897755241951e-06,0.0011120565328752718,1.112056532875272e-06
2023-01-31,110047,sell,rebalance_resize,120.578,2.060025164654867e-05,0.0024839371430375456,2.483937143037546e-06
2023-01-31,113631,sell,rebalance_resize,120.601,2.4061082492940935e-06,0.00029017906097311696,2.90179060973117e-07
2023-01-31,113044,buy,rebalance,110.446,7.273465091503702e-06,0.0008033251254962178,8.033251254962178e-07
2023-01-31,110053,buy,rebalance,127.0,1.299494785389033e-05,0.0016503583774440719,1.6503583774440719e-06
2023-01-31,110043,buy,rebalance,118.16,1.6679758628811792e-05,0.0019708802795804013,1.970880279580401e-06
2023-01-31,113033,buy,rebalance,107.5,1.2802000477197083e-06,0.00013762150512986864,1.3762150512986864e-07
2023-01-31,113050,buy,rebalance,121.603,1.2004482157405194e-05,0.0014597810437869437,1.4597810437869437e-06
2023-01-31,128081,buy,rebalance,131.6,2.3424318179239862e-06,0.0003082640272387966,3.082640272387966e-07
2023-01-31,110080,buy,rebalance,117.39,8.710253462552661e-06,0.001022496653969057,1.022496653969057e-06
2023-01-31,110083,buy,rebalance,129.695,0.0010646418931532786,0.13807873033251447,0.00013807873033251446
2023-01-31,128048,buy,rebalance,121.21,1.7140873935749077e-06,0.00020776453297521454,2.0776453297521455e-07
2023-01-31,113065,buy,rebalance,99.539,4.505111169857362e-06,0.00044843426073643195,4.48434260736432e-07
2023-01-31,128037,buy,rebalance,121.01,9.410355651665424e-06,0.001138747137408033,1.138747137408033e-06
2023-01-31,127006,buy,rebalance,123.32,1.0786897774855317e-05,0.0013302402335951577,1.3302402335951577e-06
2023-01-31,110084,buy,rebalance,124.772,3.706574379898893e-06,0.0004624766985287447,4.624766985287447e-07
2023-01-31,127032,buy,rebalance,123.49,1.2309401510581593e-05,0.001520087992541721,1.520087992541721e-06
2023-01-31,110079,buy,rebalance,120.85,0.0011425629320026022,0.13807873033251447,0.00013807873033251446
2023-01-31,128127,buy,rebalance,108.795,0.001269164302886295,0.13807873033251447,0.00013807873033251446
2023-02-13,110043,sell,rebalance,115.442,0.0011697440879572833,0.1350375970019647,0.0001350375970019647
2023-02-13,128037,sell,rebalance,122.05,0.0011422015250578974,0.13940569613331638,0.00013940569613331638
2023-02-13,110083,sell,rebalance,128.66,0.0010646418931532786,0.13697682597310082,0.0001369768259731008
2023-02-13,110079,sell,rebalance,118.631,0.0011425629320026022,0.13554338318640072,0.00013554338318640073
2023-02-13,113044,sell,rebalance_resize,110.557,1.0008844858932812e-05,0.001106547861069035,1.1065478610690349e-06
2023-02-13,110053,sell,rebalance_resize,126.23,1.020089034319211e-06,0.000128765838802114,1.2876583880211402e-07
2023-02-13,113033,sell,rebalance_resize,107.235,5.852445797832066e-06,0.0006275870251305216,6.275870251305216e-07
2023-02-13,128127,sell,rebalance_resize,109.4,1.4589249927283473e-05,0.001596063942044812,1.596063942044812e-06
2023-02-13,113065,sell,rebalance_resize,99.679,1.1661422561594393e-05,0.0011623989395171674,1.1623989395171676e-06
2023-02-13,113058,sell,rebalance_resize,116.7,2.591162711045668e-05,0.0030238868837902944,3.0238868837902944e-06
2023-02-13,110084,sell,rebalance_resize,124.223,2.896546194854562e-06,0.00035981765796341825,3.5981765796341826e-07
2023-02-13,110047,sell,rebalance_resize,122.118,2.2386211654094752e-05,0.002733759394774743,2.733759394774743e-06
2023-02-13,113631,sell,rebalance_resize,120.4,6.130309273883635e-06,0.0007380892365755898,7.380892365755898e-07
2023-02-13,128081,buy,rebalance,127.95,2.2372108858378317e-05,0.0028625113284295057,2.8625113284295056e-06
2023-02-13,110080,buy,rebalance,116.279,2.9270807889821174e-06,0.0003403580270620516,3.403580270620516e-07
2023-02-13,128048,buy,rebalance,119.5,8.206803354371526e-06,0.0009807130008473975,9.807130008473975e-07
2023-02-13,113065,buy,rebalance,99.679,2.7816568538936036e-19,2.772727735392605e-17,2.772727735392605e-20
2023-02-13,113050,buy,rebalance,119.411,1.2753987850701833e-05,0.0015229664432401565,1.5229664432401565e-06
2023-02-13,128087,buy,rebalance,130.5,1.247499641793793e-05,0.0016279870325408999,1.6279870325408999e-06
2023-02-13,110063,buy,rebalance,122.0,0.0011238571861972983,0.13711057671607038,0.00013711057671607037
2023-02-13,127032,buy,rebalance,122.0,5.738315307722948e-06,0.0007000744675421997,7.000744675421997e-07
2023-02-13,127012,buy,rebalance,116.051,0.001181468291665478,0.13711057671607038,0.00013711057671607037
2023-02-13,110057,buy,rebalance,120.647,0.0011364607219082976,0.13711057671607038,0.00013711057671607037
2023-02-13,127006,buy,rebalance,121.7,6.965791597625257e-06,0.0008477368374309938,8.477368374309938e-07
2023-02-13,110077,buy,rebalance,126.52,0.0010837067397729244,0.13711057671607038,0.00013711057671607037
2023-02-21,113058,sell,rebalance,117.699,0.0011760969219684306,0.1384254316187623,0.00013842543161876231
2023-02-21,127006,sell,rebalance,122.91,0.0011277703007357431,0.1386142476634302,0.0001386142476634302
2023-02-21,110077,sell,rebalance,125.32,0.0010837067397729244,0.13581012862834288,0.00013581012862834288
2023-02-21,128081,sell,rebalance_resize,129.026,1.1358653008548683e-05,0.0014655615630810026,1.4655615630810026e-06
2023-02-21,110080,sell,rebalance_resize,117.05,1.0457058793037079e-05,0.00122399873172499,1.2239987317249901e-06
2023-02-21,110047,sell,rebalance_resize,123.6,1.6018930340515402e-05,0.0019799397900877036,1.9799397900877035e-06
2023-02-21,110057,sell,rebalance_resize,120.54,4.376907596183547e-07,5.275924416439648e-05,5.2759244164396483e-08
2023-02-21,110063,sell,rebalance_resize,123.841,1.811501539229984e-05,0.002243381621197804,2.2433816211978043e-06
2023-02-21,127012,sell,rebalance_resize,116.248,3.5020799916272887e-06,0.0004071097948666891,4.071097948666891e-07
2023-02-21,113044,buy,rebalance,109.85,5.123666382493178e-06,0.0005628347521168756,5.628347521168756e-07
2023-02-21,110053,buy,rebalance,125.128,7.05690937419847e-06,0.0008830169561747061,8.830169561747061e-07
2023-02-21,128048,buy,rebalance,118.873,3.4189593128593886e-06,0.0004064219503975341,4.0642195039753415e-07
2023-02-21,113065,buy,rebalance,99.211,3.3239331355098135e-06,0.0003297707303070641,3.2977073030706413e-07
2023-02-21,113050,buy,rebalance,117.98,1.127879737085216e-05,0.001330672513813138,1.330672513813138e-06
2023-02-21,128087,buy,rebalance,129.0,9.795767473835072e-06,0.0012636540041247243,1.2636540041247244e-06
2023-02-21,113033,buy,rebalance,106.6,4.671085939430195e-06,0.0004979377611432588,4.979377611432588e-07
2023-02-21,113631,buy,rebalance,119.558,5.393957451887966e-06,0.0006448907650328214,6.448907650328215e-07
2023-02-21,113647,buy,rebalance,126.51,0.0010813138429325271,0.136797014269394,0.00013679701426939401
2023-02-21,127032,buy,rebalance,120.301,1.3268117528475407e-05,0.0015961678067931198,1.59616780679312e-06
2023-02-21,113609,buy,rebalance,120.687,0.0011334859120650444,0.136797014269394,0.00013679701426939401
2023-02-21,128127,buy,rebalance,108.037,1.2905508246537475e-05,0.0013942723944311692,1.3942723944311692e-06
2023-02-21,110084,buy,rebalance,123.864,6.642018773986823e-07,8.227070134211039e-05,8.227070134211038e-08
2023-02-21,110083,buy,rebalance,127.445,0.0010733807859813567,0.136797014269394,0.00013679701426939401
2023-02-21,127012,buy,rebalance,116.248,2.3851903523434256e-19,2.7727360807921853e-17,2.7727360807921854e-20
2023-03-01,110084,sell,rebalance,124.762,0.0011055361723958685,0.13792890394045335,0.00013792890394045336
2023-03-01,128127,sell,rebalance,108.499,0.001267480561205549,0.13752037341024084,0.00013752037341024085
2023-03-01,113647,sell,rebalance,129.725,0.0010813138429325271,0.14027343827442207,0.00014027343827442207
2023-03-01,113609,sell,rebalance,127.538,0.0011334859120650444,0.14456252625295163,0.00014456252625295163
2023-03-01,113044,sell,rebalance_resize,109.801,1.0266169172045535e-06,0.00011272356412597719,1.1272356412597719e-07
2023-03-01,128081,sell,rebalance_resize,129.5,5.2311797708395775e-06,0.0006774377803237253,6.774377803237253e-07
2023-03-01,110057,sell,rebalance_resize,120.6,2.011107576160651e-06,0.00024253957368497447,2.4253957368497446e-07
2023-03-01,113631,sell,rebalance_resize,120.2,7.5626923034102114e-06,0.0009090356148699075,9.090356148699075e-07
2023-03-01,113065,sell,rebalance_resize,99.148,8.783529529559086e-07,8.708693857967242e-05,8.708693857967243e-08
2023-03-01,128087,sell,rebalance_resize,129.7,7.063608975540679e-06,0.000916150084127626,9.16150084127626e-07
2023-03-01,127012,sell,rebalance_resize,116.22,1.2166162268902828e-06,0.00014139513788918867,1.4139513788918866e-07
2023-03-01,128048,buy,rebalance,116.5,2.194886394106045e-05,0.0025570426491335423,2.5570426491335422e-06
2023-03-01,110053,buy,rebalance,123.78,1.050583824687866e-05,0.0013004126581986405,1.3004126581986405e-06
2023-03-01,110047,buy,rebalance,120.7,2.5148918139170856e-05,0.0030354744193979225,3.0354744193979226e-06
2023-03-01,110063,buy,rebalance,121.2,2.263307503773967e-05,0.002743128694574048,2.743128694574048e-06
2023-03-01,110080,buy,rebalance,115.88,1.029685254775375e-05,0.0011931992732337046,1.1931992732337045e-06
2023-03-01,113033,buy,rebalance,105.33,1.3823932920047092e-05,0.00145607485446856,1.4560748544685602e-06
2023-03-01,113050,buy,rebalance,116.79,1.0334357983085152e-05,0.001206949668844515,1.2069496688445151e-06
2023-03-01,110083,buy,rebalance,126.103,1.1132876558512721e-05,0.0014038891326581297,1.4038891326581298e-06
2023-03-01,113516,buy,rebalance,113.157,0.0012073885269043932,0.1366244635389204,0.00013662446353892042
2023-03-01,128130,buy,rebalance,121.499,0.001124490436455612,0.1366244635389204,0.00013662446353892042
2023-03-01,127032,buy,rebalance,119.4,7.1354058788798214e-06,0.0008519674619382507,8.519674619382507e-07
2023-03-01,110077,buy,rebalance,124.809,0.001094668361567839,0.1366244635389204,0.00013662446353892042
2023-03-01,123146,buy,rebalance,118.203,0.00115584598985576,0.1366244635389204,0.00013662446353892042
2023-03-13,113033,sell,rebalance,106.37,0.0012983990687845564,0.13811070894661326,0.00013811070894661327
2023-03-13,127032,sell,rebalance,117.45,0.0011454018537573759,0.1345274477238038,0.00013452744772380379
2023-03-13,110057,sell,rebalance,121.1,0.0011340119235725187,0.13732884394463202,0.00013732884394463202
2023-03-13,110077,sell,rebalance,125.816,0.001094668361567839,0.13772679457901923,0.00013772679457901924
2023-03-13,113044,sell,rebalance_resize,111.699,2.790519489975928e-05,0.003116982365108212,3.1169823651082117e-06
2023-03-13,128048,sell,rebalance_resize,116.013,1.5401913570406597e-06,0.00017868221990435806,1.7868221990435806e-07
2023-03-13,110080,sell,rebalance_resize,115.8,5.676400258582455e-06,0.0006573271499438482,6.573271499438482e-07
2023-03-13,123146,sell,rebalance_resize,118.21,5.275854240011525e-06,0.0006236587297117624,6.236587297117624e-07
2023-03-13,113065,sell,rebalance_resize,99.305,9.76288644734892e-06,0.0009695034386539846,9.695034386539846e-07
2023-03-13,127012,sell,rebalance_resize,117.68,2.0997592293173938e-05,0.0024709966610607093,2.470996661060709e-06
2023-03-13,113516,sell,rebalance_resize,112.87,2.3836918628620276e-06,0.00026904730056123705,2.6904730056123703e-07
2023-03-13,110053,buy,rebalance,122.8,2.6938107251730245e-06,0.0003307999570512474,3.3079995705124737e-07
2023-03-13,128081,buy,rebalance,127.5,1.0649659430196382e-05,0.0013578315773500388,1.3578315773500387e-06
2023-03-13,110063,buy,rebalance,119.388,1.0831234714349344e-05,0.0012931194500767397,1.2931194500767397e-06
2023-03-13,110047,buy,rebalance,119.508,5.021362442884096e-06,0.0006000929828241926,6.000929828241925e-07
2023-03-13,127018,buy,rebalance,116.899,0.0011622939091982087,0.1358709956913614,0.0001358709956913614
2023-03-13,128130,buy,rebalance,118.588,2.238952569409836e-05,0.0026551290730117364,2.6551290730117366e-06
2023-03-13,113631,buy,rebalance,118.8,7.0631822776501795e-06,0.0008391060545848413,8.391060545848413e-07
2023-03-13,128127,buy,rebalance,113.0,0.0012023981919589506,0.1358709956913614,0.0001358709956913614
2023-03-13,113050,buy,rebalance,115.518,6.380219668603388e-06,0.0007370302156777262,7.370302156777262e-07
2023-03-13,127006,buy,rebalance,118.875,0.0011429736756371097,0.1358709956913614,0.0001358709956913614
2023-03-13,128087,buy,rebalance,125.85,2.624813573832452e-05,0.003303327882668141,3.3033278826681408e-06
2023-03-13,110083,buy,rebalance,125.162,2.147009182827238e-06,0.00026872396334102274,2.6872396334102273e-07
2023-03-13,110084,buy,rebalance,124.227,0.0010937316017561513,0.1358709956913614,0.0001358709956913614
2023-03-21,123146,sell,rebalance,117.33,0.0011505701356157485,0.13499639401179578,0.00013499639401179579
2023-03-21,127006,sell,rebalance,120.293,0.0011429736756371097,0.13749173236341483,0.00013749173236341484
2023-03-21,113044,sell,rebalance_resize,113.499,1.3105710467777707e-05,0.001487485032382302,1.4874850323823018e-06
2023-03-21,110080,sell,rebalance_resize,118.011,1.6037413837043246e-05,0.0018925912443233104,1.8925912443233105e-06
2023-03-21,127018,sell,rebalance_resize,128.0,9.4222360188963e-05,0.012060462104187264,1.2060462104187263e-05
2023-03-21,127012,sell,rebalance_resize,118.91,6.032397795251165e-06,0.000717312421833316,7.17312421833316e-07
2023-03-21,110063,sell,rebalance_resize,120.082,7.081354830257873e-07,8.503432507270259e-05,8.503432507270259e-08
2023-03-21,110083,sell,rebalance_resize,125.97,1.3772052371568556e-06,0.0001734865437246491,1.734865437246491e-07
2023-03-21,128130,sell,rebalance_resize,119.639,4.165978639454809e-06,0.0004984135184457339,4.984135184457339e-07
2023-03-21,110053,buy,rebalance,121.501,1.7621701134339934e-05,0.0021410543095234363,2.141054309523436e-06
2023-03-21,128081,buy,rebalance,126.45,1.4422870550078105e-05,0.0018237719810573765,1.8237719810573764e-06
2023-03-21,128048,buy,rebalance,115.645,9.810106436968838e-06,0.0011344897589032612,1.1344897589032613e-06
2023-03-21,128127,buy,rebalance,112.401,1.388552546657472e-05,0.001560746947968465,1.560746947968465e-06
2023-03-21,110047,buy,rebalance,119.95,1.6809661748485597e-06,0.00020163189267308475,2.0163189267308475e-07
2023-03-21,110084,buy,rebalance,124.444,4.855061372803938e-06,0.0006041832574772133,6.041832574772133e-07
2023-03-21,128087,buy,rebalance,124.204,1.999783347188417e-05,0.0024838109085419014,2.483810908541901e-06
2023-03-21,113631,buy,rebalance,118.07,1.303654167824678e-05,0.0015392244759505974,1.5392244759505973e-06
2023-03-21,110077,buy,rebalance,125.9,0.0010847386151855666,0.13656859165186283,0.00013656859165186284
2023-03-21,113065,buy,rebalance,99.244,7.929704057677434e-06,0.0007869755495001393,7.869755495001393e-07
2023-03-21,113516,buy,rebalance,112.199,1.3469113466710844e-05,0.00151122106185149,1.51122106185149e-06
2023-03-21,128141,buy,rebalance,127.504,0.001071092606128928,0.13656859165186283,0.00013656859165186284
2023-03-21,113050,buy,rebalance,114.501,1.6597152186203073e-05,0.001900390522472438,1.900390522472438e-06
2023-03-31,113516,sell,rebalance,111.9,0.0012184739485082419,0.13634723483807226,0.00013634723483807226
2023-03-31,128130,sell,rebalance,121.005,0.0011427139835102555,0.13827410557465847,0.00013827410557465847
2023-03-31,127018,sell,rebalance,120.076,0.0010680715490092457,0.12824975931883417,0.00012824975931883417
2023-03-31,128141,sell,rebalance,126.893,0.001071092606128928,0.13591415406951804,0.00013591415406951805
2023-03-31,110053,sell,rebalance_resize,121.6,8.607323653244351e-06,0.001046650556234513,1.046650556234513e-06
2023-03-31,128048,sell,rebalance_resize,115.172,3.274727310283611e-06,0.00037715689377998407,3.7715689377998407e-07
2023-03-31,128081,sell,rebalance_resize,126.8,1.0362738575628541e-05,0.001313995251389699,1.3139952513896992e-06
2023-03-31,127012,sell,rebalance_resize,118.79,6.73084858851952e-06,0.0007995575038302338,7.995575038302339e-07
2023-03-31,110083,sell,rebalance_resize,125.951,7.279842721455327e-06,0.0009169034706100199,9.169034706100198e-07
2023-03-31,113050,sell,rebalance_resize,113.851,1.4003343903685214e-06,0.00015942947067784652,1.594294706778465e-07
2023-03-31,113631,sell,rebalance_resize,119.3,1.978284599927347e-05,0.002360093527713325,2.360093527713325e-06
2023-03-31,110077,sell,rebalance_resize,126.1,8.008762555033529e-06,0.001009904958189728,1.009904958189728e-06
2023-03-31,128087,sell,rebalance_resize,123.77,3.6938969604898513e-06,0.0004571936267998289,4.571936267998289e-07
2023-03-31,113044,buy,rebalance,112.7,2.206905072610228e-07,2.487182016831727e-05,2.487182016831727e-08
2023-03-31,127032,buy,rebalance,116.578,0.0011634948286358177,0.13563790013270635,0.00013563790013270636
2023-03-31,110080,buy,rebalance,116.749,4.4877768197879926e-06,0.0005239434559334283,5.239434559334284e-07
2023-03-31,110047,buy,rebalance,118.959,1.6138864748941047e-06,0.0001919863211669278,1.919863211669278e-07
2023-03-31,113065,buy,rebalance,98.316,3.471635896214017e-06,0.0003413173547721773,3.413173547721773e-07
2023-03-31,110084,buy,rebalance,122.989,5.373555378331929e-06,0.0006608882024256656,6.608882024256657e-07
2023-03-31,110063,buy,rebalance,119.161,9.308455324936266e-07,0.00011092048449747304,1.1092048449747304e-07
2023-03-31,128127,buy,rebalance,110.21,1.567237066797502e-05,0.0017272519713175268,1.727251971317527e-06
2023-03-31,113062,buy,rebalance,115.007,0.0011793882123062626,0.13563790013270635,0.00013563790013270636
2023-03-31,110079,buy,rebalance,113.2,0.0011982146654832715,0.13563790013270635,0.00013563790013270636
2023-03-31,113033,buy,rebalance,106.54,0.0012731171403482856,0.13563790013270635,0.00013563790013270636
2023-04-11,128087,sell,rebalance,123.667,0.0010969995509146821,0.135662643462966,0.000135662643462966
2023-04-11,128127,sell,rebalance,110.08,0.0012319560880935004,0.13561372617733253,0.00013561372617733252
2023-04-11,113062,sell,rebalance,116.58,0.0011793882123062626,0.13749307779066408,0.00013749307779066408
2023-04-11,110079,sell,rebalance,115.75,0.0011982146654832715,0.13869334752968868,0.00013869334752968868
2023-04-11,110053,sell,rebalance_resize,123.245,7.3212194141249854e-06,0.0009023036866938339,9.023036866938339e-07
2023-04-11,110083,sell,rebalance_resize,127.9,9.120917330612373e-06,0.0011665653265853226,1.1665653265853226e-06
2023-04-11,127012,sell,rebalance_resize,121.556,1.8321129068864964e-05,0.0022270431650949496,2.2270431650949496e-06
2023-04-11,113050,sell,rebalance_resize,115.7,1.0981882756801812e-05,0.0012706038349619697,1.2706038349619697e-06
2023-04-11,110080,sell,rebalance_resize,117.79,2.3401960549874777e-06,0.00027565169331697503,2.7565169331697504e-07
2023-04-11,127032,sell,rebalance_resize,119.17,1.6309310864221716e-05,0.0019435805756893019,1.9435805756893017e-06
2023-04-11,113044,buy,rebalance,112.787,7.348675314426802e-06,0.0008288350426882557,8.288350426882557e-07
2023-04-11,128081,buy,rebalance,126.85,6.937580224375084e-06,0.0008800320514619793,8.800320514619793e-07
2023-04-11,128048,buy,rebalance,114.898,1.0933236133428447e-05,0.0012562069652586618,1.2562069652586617e-06
2023-04-11,123107,buy,rebalance,130.02,0.0010503892300500319,0.13657160769110516,0.00013657160769110516
2023-04-11,110077,buy,rebalance,126.5,3.978351483856362e-06,0.0005032614627078298,5.032614627078298e-07
2023-04-11,110057,buy,rebalance,131.4,0.0010393577449855796,0.13657160769110516,0.00013657160769110516
2023-04-11,110084,buy,rebalance,123.614,1.981258998865532e-06,0.00024491134988576386,2.4491134988576386e-07
2023-04-11,110047,buy,rebalance,119.64,1.3141994924535488e-06,0.00015723082727714258,1.5723082727714258e-07
2023-04-11,113065,buy,rebalance,98.48,7.185289316213795e-06,0.0007076072918607345,7.076072918607345e-07
2023-04-11,110075,buy,rebalance,135.29,0.0010094730408094106,0.13657160769110516,0.00013657160769110516
2023-04-11,110063,buy,rebalance,119.507,4.516777263524394e-06,0.0005397865004320097,5.397865004320097e-07
2023-04-11,113516,buy,rebalance,112.099,0.001218312453198558,0.13657160769110516,0.00013657160769110516
2023-04-11,113631,buy,rebalance,119.094,9.805101233211296e-06,0.001167728726268066,1.1677287262680659e-06
2023-04-11,113033,buy,rebalance,106.15,1.4763302514791469e-05,0.0015671245619451144,1.5671245619451143e-06
2023-04-21,113631,sell,rebalance,118.322,0.0011479076529239925,0.13582272930927264,0.00013582272930927263
2023-04-21,110077,sell,rebalance,128.3,0.0010807082041143893,0.13865486258787615,0.00013865486258787614
2023-04-21,113033,sell,rebalance,105.3,0.001287880442863077,0.13561381063348202,0.00013561381063348203
2023-04-21,113516,sell,rebalance,114.944,0.001218312453198558,0.14003770662045503,0.00014003770662045505
2023-04-21,113044,sell,rebalance_resize,115.4,2.3853340679432405e-05,0.0027526755144064996,2.7526755144065e-06
2023-04-21,110053,sell,rebalance_resize,125.63,1.7765406977188546e-05,0.002231868078544197,2.231868078544197e-06
2023-04-21,128048,sell,rebalance_resize,116.655,1.4363284886449166e-05,0.0016755489984287275,1.6755489984287276e-06
2023-04-21,110083,sell,rebalance_resize,128.94,5.412855455460175e-06,0.000697933582427035,6.97933582427035e-07
2023-04-21,110057,sell,rebalance_resize,136.9,3.772295619737754e-05,0.005164272703420986,5.164272703420986e-06
2023-04-21,127012,sell,rebalance_resize,122.3,3.4591028842673057e-06,0.00042304828274589146,4.230482827458915e-07
2023-04-21,113050,sell,rebalance_resize,116.398,3.5313854455590322e-06,0.0004110462030921802,4.110462030921802e-07
2023-04-21,113044,buy,rebalance,115.4,2.40270276322796e-19,2.7727189887650664e-17,2.7727189887650665e-20
2023-04-21,110080,buy,rebalance,117.95,1.9310821836063277e-06,0.00022777114355636638,2.277711435563664e-07
2023-04-21,128081,buy,rebalance,125.377,1.595217441602834e-05,0.0020000357717583853,2.000035771758385e-06
2023-04-21,113021,buy,rebalance,113.25,0.0012095679079401963,0.13698356557422722,0.00013698356557422724
2023-04-21,113065,buy,rebalance,98.75,4.006986884948509e-07,3.956899548886652e-05,3.9568995488866525e-08
2023-04-21,127032,buy,rebalance,119.3,2.2154211058806777e-06,0.0002642997379315648,2.6429973793156483e-07
2023-04-21,110075,buy,rebalance,131.1,3.6437806879153394e-05,0.0047769964818570095,4.77699648185701e-06
2023-04-21,123107,buy,rebalance,129.399,9.298794990956859e-06,0.0012032547730348266,1.2032547730348267e-06
2023-04-21,110084,buy,rebalance,123.5,4.36824147641424e-06,0.0005394778223371587,5.394778223371587e-07
2023-04-21,110047,buy,rebalance,117.533,2.3981348790133497e-05,0.0028185998673507604,2.8185998673507606e-06
2023-04-21,110063,buy,rebalance,117.633,2.1723414892581152e-05,0.0025553904640589985,2.5553904640589987e-06
2023-04-21,128130,buy,rebalance,118.827,0.0011527983166639503,0.13698356557422722,0.00013698356557422724
2023-04-21,113056,buy,rebalance,99.017,0.0013834348200230993,0.13698356557422722,0.00013698356557422724
2023-04-21,128087,buy,rebalance,121.276,0.001129519159390376,0.13698356557422722,0.00013698356557422724
2023-05-09,110057,sell,risk_exit_next_open,133.397,0.001001634788788202,0.1336150759199798,0.0001336150759199798
2023-05-11,113050,sell,rebalance,116.1,0.0011780597826861704,0.13677274076986437,0.00013677274076986438
2023-05-11,127012,sell,rebalance,124.418,0.0011212085248168838,0.13949852224066706,0.00013949852224066705
2023-05-11,123107,sell,rebalance,127.066,0.0010596880250409886,0.13465031858985826,0.00013465031858985826
2023-05-11,110075,sell,rebalance,129.3,0.001045910847688564,0.13523627260613133,0.00013523627260613133
2023-05-11,113056,sell,rebalance,101.976,0.0013834348200230993,0.14107714920667558,0.00014107714920667558
2023-05-11,113044,sell,rebalance_resize,116.944,6.948518410553346e-06,0.0008125875370037505,8.125875370037505e-07
2023-05-11,113021,sell,rebalance_resize,118.399,4.2785504897929656e-05,0.0050657609944099735,5.065760994409974e-06
2023-05-11,110053,sell,rebalance_resize,127.578,8.654736961065826e-06,0.0011041540320188559,1.1041540320188559e-06
2023-05-11,128081,sell,rebalance_resize,128.685,2.0155914932846234e-05,0.002593763913133318,2.593763913133318e-06
2023-05-11,110080,sell,rebalance_resize,120.64,1.744841960269909e-05,0.002104977340869618,2.1049773408696184e-06
2023-05-11,128048,sell,rebalance_resize,117.62,9.543956652439188e-07,0.00011225601814598973,1.1225601814598974e-07
2023-05-11,113065,sell,rebalance_resize,101.0,2.08141705076368e-05,0.002102231221271317,2.102231221271317e-06
2023-05-11,110083,sell,rebalance_resize,135.2,4.1680873627410445e-05,0.005635254114425892,5.635254114425892e-06
2023-05-11,113057,buy,rebalance,130.5,0.0010575069068995684,0.13800465135039366,0.00013800465135039368
2023-05-11,128130,buy,rebalance,117.156,2.6336447352263394e-05,0.00308547282600177,3.08547282600177e-06
2023-05-11,128087,buy,rebalance,120.0,2.1674242783678405e-05,0.0026009091340414084,2.6009091340414083e-06
2023-05-11,110047,buy,rebalance,116.894,1.513027092892433e-05,0.0017686378899656808,1.7686378899656809e-06
2023-05-11,110063,buy,rebalance,117.6,9.031152456996228e-06,0.0010620635289427564,1.0620635289427564e-06
2023-05-11,127032,buy,rebalance,120.07,1.1423224293613197e-06,0.00013715865409341365,1.3715865409341366e-07
2023-05-11,110084,buy,rebalance,122.6,1.6474970008852337e-05,0.0020198313230852965,2.0198313230852966e-06
2023-05-11,123146,buy,rebalance,117.646,0.0011730500939291916,0.13800465135039366,0.00013800465135039368
2023-05-11,113631,buy,rebalance,123.723,0.0011154324689054878,0.13800465135039366,0.00013800465135039368
2023-05-11,128128,buy,rebalance,128.412,0.0010747021411580979,0.13800465135039366,0.00013800465135039368
2023-05-11,113058,buy,rebalance,120.337,0.0011468181137172578,0.13800465135039366,0.00013800465135039368
2023-05-11,110079,buy,rebalance,117.75,0.0011720140242071648,0.13800465135039366,0.00013800465135039368
2023-05-23,113065,sell,rebalance,101.31,0.0013677808884930824,0.13856988181323418,0.00013856988181323418
2023-05-23,127032,sell,rebalance,120.699,0.0011505432613068381,0.13886942109647404,0.00013886942109647406
2023-05-23,113057,sell,rebalance,130.13,0.0010575069068995684,0.13761337379484084,0.00013761337379484084
2023-05-23,113631,sell,rebalance,125.757,0.0011154324689054878,0.14027344099214742,0.00014027344099214743
2023-05-23,128128,sell,rebalance,127.974,0.0010747021411580979,0.13753393181256643,0.00013753393181256644
2023-05-23,110053,sell,rebalance_resize,129.1,1.1434280184789848e-05,0.0014761655718563693,1.4761655718563693e-06
2023-05-23,113021,sell,rebalance_resize,120.9,2.2714757111635223e-05,0.0027462141347966984,2.7462141347966983e-06
2023-05-23,128130,sell,rebalance_resize,118.6,1.2880308763150014e-05,0.0015276046193095916,1.5276046193095915e-06
2023-05-23,123146,sell,rebalance_resize,117.99,7.661851825745723e-07,9.040218969197378e-05,9.040218969197377e-08
2023-05-23,110084,sell,rebalance_resize,125.723,2.6605895986055728e-05,0.0033449730610548845,3.3449730610548845e-06
2023-05-23,128087,sell,rebalance_resize,122.812,2.4937186225992555e-05,0.0030625857147865976,3.0625857147865977e-06
2023-05-23,110079,sell,rebalance_resize,118.45,4.282674329466643e-06,0.0005072827743253239,5.072827743253238e-07
2023-05-23,113044,buy,rebalance,116.299,8.02153873667661e-06,0.000932896933536753,9.32896933536753e-07
2023-05-23,128081,buy,rebalance,127.861,8.254387770798579e-06,0.0010554142747620772,1.0554142747620772e-06
2023-05-23,128048,buy,rebalance,116.675,1.0975075404265105e-05,0.0012805169227926311,1.2805169227926312e-06
2023-05-23,118016,buy,rebalance,117.05,0.001180496356271933,0.13817709850162976,0.00013817709850162977
2023-05-23,110083,buy,rebalance,130.4,3.889058709522886e-05,0.0050713325572178435,5.071332557217844e-06
2023-05-23,110080,buy,rebalance,118.628,2.0849617969974278e-05,0.0024733484805421085,2.4733484805421085e-06
2023-05-23,113058,buy,rebalance,120.176,4.137752077149377e-06,0.0004972584936235035,4.972584936235035e-07
2023-05-23,110077,buy,rebalance,133.383,0.00103594235023676,0.13817709850162976,0.00013817709850162977
2023-05-23,110047,buy,rebalance,116.4,6.501304611055045e-06,0.0007567518567268073,7.567518567268073e-07
2023-05-23,110063,buy,rebalance,116.68,1.0734014512497689e-05,0.0012524448133182304,1.2524448133182304e-06
2023-05-23,127028,buy,rebalance,133.899,0.0010319501900808055,0.13817709850162976,0.00013817709850162977
2023-05-23,123162,buy,rebalance,125.813,0.0010982736164118951,0.13817709850162976,0.00013817709850162977
2023-05-23,128127,buy,rebalance,109.0,0.0012676798027672455,0.13817709850162976,0.00013817709850162977
2023-05-31,110047,sell,rebalance,115.388,0.0011882904461697507,0.1371144580026352,0.0001371144580026352
2023-05-31,110063,sell,rebalance,115.151,0.0011854345497321547,0.13650397383620735,0.00013650397383620734
2023-05-31,123146,sell,rebalance,120.879,0.0011722839087466171,0.14170450660538234,0.00014170450660538233
2023-05-31,110079,sell,rebalance,115.05,0.0011677313498776982,0.13434749180342917,0.00013434749180342916
2023-05-31,123162,sell,rebalance,126.237,0.0010982736164118951,0.1386427665149884,0.0001386427665149884
2023-05-31,113044,sell,rebalance_resize,115.951,3.2689406555148964e-06,0.00037903693794760773,3.790369379476077e-07
2023-05-31,110084,sell,rebalance_resize,129.696,3.982297635981943e-05,0.00516488074196314,5.164880741963141e-06
2023-05-31,118016,sell,rebalance_resize,116.853,3.5996741528559474e-06,0.000420632723783676,4.20632723783676e-07
2023-05-31,128087,sell,rebalance_resize,123.66,1.4143099373094038e-05,0.0017489356684768087,1.7489356684768087e-06
2023-05-31,110080,sell,rebalance_resize,118.5,5.418646675735817e-06,0.0006421096310746943,6.421096310746943e-07
2023-05-31,110077,sell,rebalance_resize,138.021,3.954391814555268e-05,0.005457891126367326,5.457891126367326e-06
2023-05-31,110053,buy,rebalance,126.151,1.8733733483808784e-05,0.002363279212715962,2.363279212715962e-06
2023-05-31,128081,buy,rebalance,126.715,3.523354461781881e-06,0.0004464618606246911,4.464618606246911e-07
2023-05-31,127028,buy,rebalance,129.952,2.628996177393508e-05,0.003416433112446411,3.416433112446411e-06
2023-05-31,128048,buy,rebalance,115.358,6.656964622058314e-06,0.000767934124871403,7.67934124871403e-07
2023-05-31,110083,buy,rebalance,129.298,2.937202516478802e-06,0.00037977441097567617,3.7977441097567616e-07
2023-05-31,113021,buy,rebalance,117.616,2.5168592429775396e-05,0.002960229167220463,2.9602291672204633e-06
2023-05-31,113631,buy,rebalance,124.404,0.0011043360013301097,0.13738381590947096,0.00013738381590947096
2023-05-31,128130,buy,rebalance,117.1,8.151476777363699e-06,0.000954537930629289,9.54537930629289e-07
2023-05-31,113058,buy,rebalance,119.111,3.6265616632357107e-06,0.00043196338626966875,4.319633862696688e-07
2023-05-31,128127,buy,rebalance,106.839,1.9507299043227648e-05,0.0020841403224793986,2.0841403224793987e-06
2023-05-31,128128,buy,rebalance,122.912,0.001117741277576404,0.13738381590947096,0.00013738381590947096
2023-05-31,113056,buy,rebalance,101.779,0.0013498247763239074,0.13738381590947096,0.00013738381590947096
2023-05-31,127027,buy,rebalance,119.491,0.0011497419547034586,0.13738381590947096,0.00013738381590947096
2023-05-31,127012,buy,rebalance,125.801,0.0010920725265257903,0.13738381590947096,0.00013738381590947096
2023-06-13,113058,sell,rebalance,117.99,0.001154582427457643,0.13622918061572728,0.0001362291806157273
2023-06-13,110077,sell,rebalance,146.508,0.0009963984320912073,0.1459803414888186,0.00014598034148881862
2023-06-13,128127,sell,rebalance,107.667,0.0012871871018104732,0.1385875736906282,0.00013858757369062823
2023-06-13,128128,sell,rebalance,128.59,0.001117741277576404,0.1437303508835498,0.0001437303508835498
2023-06-13,127027,sell,rebalance,120.65,0.0011497419547034586,0.1387163668349723,0.0001387163668349723
2023-06-13,110053,sell,rebalance_resize,127.76,4.701335015227686e-06,0.0006006425615454891,6.006425615454891e-07
2023-06-13,128081,sell,rebalance_resize,127.8,2.0437500928705312e-07,2.611912618688539e-05,2.611912618688539e-08
2023-06-13,128048,sell,rebalance_resize,116.44,1.1863742710158733e-06,0.0001381414201170883,1.381414201170883e-07
2023-06-13,113056,sell,rebalance_resize,102.784,6.373422596851047e-07,6.55085868194738e-05,6.55085868194738e-08
2023-06-13,128130,sell,rebalance_resize,118.451,3.6696678970974966e-06,0.00043467583207909555,4.3467583207909556e-07
2023-06-13,110080,sell,rebalance_resize,121.12,1.5601385070275235e-05,0.0018896397597117365,1.8896397597117366e-06
2023-06-13,113044,buy,rebalance,115.88,1.0648459177100211e-05,0.0012339434494423724,1.2339434494423724e-06
2023-06-13,128087,buy,rebalance,123.6,9.842055764682631e-06,0.0012164780925147732,1.2164780925147731e-06
2023-06-13,110083,buy,rebalance,130.001,3.1017673995637344e-06,0.00040323286371068506,4.0323286371068505e-07
2023-06-13,110084,buy,rebalance,126.824,3.305450284806733e-05,0.004192104269203291,4.1921042692032915e-06
2023-06-13,113628,buy,rebalance,134.0,0.0010338486982660363,0.13853572556764887,0.00013853572556764886
2023-06-13,113021,buy,rebalance,117.394,1.2029096834752095e-05,0.0014121437938188874,1.4121437938188875e-06
2023-06-13,113631,buy,rebalance,125.4,1.5227659227757353e-06,0.00019095484671607723,1.9095484671607724e-07
2023-06-13,118016,buy,rebalance,116.53,1.3126014214663385e-05,0.0015295744364347242,1.5295744364347242e-06
2023-06-13,110047,buy,rebalance,116.05,0.001193758945003437,0.13853572556764887,0.00013853572556764886
2023-06-13,113033,buy,rebalance,105.256,0.0013161788930573922,0.13853572556764887,0.00013853572556764886
2023-06-13,127028,buy,rebalance,129.601,1.17620088800683e-05,0.0015243681128657316,1.5243681128657317e-06
2023-06-13,110063,buy,rebalance,116.098,0.0011932653927513727,0.13853572556764887,0.00013853572556764886
2023-06-13,110079,buy,rebalance,116.9,0.0011850789184572187,0.13853572556764887,0.00013853572556764886
2023-06-13,127012,buy,rebalance,126.428,4.791085845702976e-06,0.0006057274013005359,6.057274013005359e-07
2023-06-21,118016,sell,rebalance,116.502,0.0011900226963337404,0.13864002416827342,0.00013864002416827344
2023-06-21,127028,sell,rebalance,130.997,0.001070002160734809,0.1401670730497778,0.0001401670730497778
2023-06-21,113631,sell,rebalance,124.409,0.0011058587672528855,0.13757878337516424,0.00013757878337516423
2023-06-21,127012,sell,rebalance,125.001,0.0010968636123714934,0.13710904841004903,0.00013710904841004903
2023-06-21,113033,sell,rebalance,104.621,0.0013161788930573922,0.13769995197055743,0.00013769995197055742
2023-06-21,113044,sell,rebalance_resize,114.888,2.5345081325006108e-06,0.0002911845703267302,2.911845703267302e-07
2023-06-21,128081,sell,rebalance_resize,127.12,5.8345469591971795e-06,0.0007416876094531455,7.416876094531456e-07
2023-06-21,110083,sell,rebalance_resize,129.03,3.4361163534276245e-06,0.0004433620930827664,4.4336209308276644e-07
2023-06-21,110080,sell,rebalance_resize,120.01,1.7387695425153067e-06,0.00020866973279726198,2.08669732797262e-07
2023-06-21,110047,sell,rebalance_resize,115.222,3.0546489867935292e-06,0.000351962765556324,3.51962765556324e-07
2023-06-21,128130,sell,rebalance_resize,117.888,6.95937084792614e-06,0.0008204263105203169,8.204263105203169e-07
2023-06-21,110063,sell,rebalance_resize,115.3,3.36660354382966e-06,0.00038816938860355976,3.8816938860355975e-07
2023-06-21,110084,sell,rebalance_resize,127.4,1.6523895666062873e-05,0.0021051443078564103,2.1051443078564103e-06
2023-06-21,113044,buy,rebalance,114.888,2.4134491470948006e-19,2.7727634561142747e-17,2.7727634561142745e-20
2023-06-21,110053,buy,rebalance,125.563,7.201433639405584e-06,0.0009042336120646834,9.042336120646834e-07
2023-06-21,128048,buy,rebalance,114.3,9.343990579049444e-06,0.0010680181231853515,1.0680181231853515e-06
2023-06-21,128087,buy,rebalance,121.6,6.289562019978923e-06,0.000764810741629437,7.64810741629437e-07
2023-06-21,113628,buy,rebalance,129.498,2.5565302397647934e-05,0.003310655529890612,3.310655529890612e-06
2023-06-21,127033,buy,rebalance,107.3,0.001277327290273847,0.13705721824638378,0.00013705721824638377
2023-06-21,113058,buy,rebalance,116.8,0.0011734350877258886,0.13705721824638378,0.00013705721824638377
2023-06-21,110079,buy,rebalance,114.906,8.890943077275994e-06,0.0010216227052374754,1.0216227052374754e-06
2023-06-21,110045,buy,rebalance,124.5,0.0011008611907340064,0.13705721824638378,0.00013705721824638377
2023-06-21,113021,buy,rebalance,114.81,1.3698044460505549e-05,0.0015726724845106421,1.5726724845106422e-06
2023-06-21,113056,buy,rebalance,100.778,1.2162218414274935e-05,0.0012256840473537996,1.2256840473537995e-06
2023-06-21,128083,buy,rebalance,132.757,0.0010323916497539398,0.13705721824638378,0.00013705721824638377
2023-06-21,113057,buy,rebalance,131.9,0.001039099455999877,0.13705721824638378,0.00013705721824638377
2023-07-03,113021,sell,rebalance,115.35,0.0011949633796556644,0.1378390258432809,0.0001378390258432809
2023-07-03,113056,sell,rebalance,101.173,0.0013613496524784972,0.137731828390207,0.000137731828390207
2023-07-03,110079,sell,rebalance,114.9,0.0011939698615344946,0.13718713709031344,0.00013718713709031345
2023-07-03,128083,sell,rebalance,131.7,0.0010323916497539398,0.13596598027259385,0.00013596598027259385
2023-07-03,113057,sell,rebalance,130.298,0.001039099455999877,0.13539258091787199,0.000135392580917872
2023-07-03,113044,sell,rebalance_resize,115.52,8.96603941907492e-06,0.0010357568736915346,1.0357568736915347e-06
2023-07-03,110053,sell,rebalance_resize,125.9,5.149726301864766e-06,0.0006483505414047741,6.483505414047741e-07
2023-07-03,128081,sell,rebalance_resize,127.55,5.841827942185198e-06,0.000745125154025722,7.45125154025722e-07
2023-07-03,128048,sell,rebalance_resize,114.888,8.580043261369841e-06,0.0009857440102122583,9.857440102122583e-07
2023-07-03,110084,sell,rebalance_resize,127.468,2.779303904454417e-06,0.00035427231009299565,3.5427231009299566e-07
2023-07-03,110083,sell,rebalance_resize,128.942,1.4539496865878142e-06,0.00018747518048800596,1.8747518048800596e-07
2023-07-03,128087,sell,rebalance_resize,122.65,1.1943989456596616e-05,0.001464930306851575,1.4649303068515751e-06
2023-07-03,128130,sell,rebalance_resize,118.06,4.0760093081296756e-06,0.0004812136589177895,4.812136589177895e-07
2023-07-03,113058,sell,rebalance_resize,119.89,3.1435868755524455e-05,0.003768846305099827,3.768846305099827e-06
2023-07-03,110080,sell,rebalance_resize,129.45,8.553761329518423e-05,0.011072844041061597,1.1072844041061596e-05
2023-07-03,110045,sell,rebalance_resize,126.133,1.5385650135138605e-05,0.0019406382084954377,1.940638208495438e-06
2023-07-03,127033,buy,rebalance,95.781,0.00015196727420355125,0.014555577490490343,1.4555577490490343e-05
2023-07-03,110053,buy,rebalance,125.9,2.2022999972121045e-19,2.77269569649004e-17,2.77269569649004e-20
2023-07-03,110047,buy,rebalance,113.12,1.9620982071574638e-05,0.002219525491936523,2.219525491936523e-06
2023-07-03,110063,buy,rebalance,113.103,2.060739230599748e-05,0.0023307578919852328,2.3307578919852327e-06
2023-07-03,128127,buy,rebalance,104.36,0.0013105894466256668,0.1367731146498546,0.00013677311464985458
2023-07-03,127012,buy,rebalance,125.45,0.001090259981266278,0.1367731146498546,0.00013677311464985458
2023-07-03,113628,buy,rebalance,126.951,1.904769299982928e-05,0.002418123674021327,2.418123674021327e-06
2023-07-03,127063,buy,rebalance,132.46,0.0010325616386067838,0.1367731146498546,0.00013677311464985458
2023-07-03,113631,buy,rebalance,126.95,0.0010773778231575784,0.1367731146498546,0.00013677311464985458
2023-07-03,123162,buy,rebalance,130.0,0.0010521008819219585,0.1367731146498546,0.00013677311464985458
2023-07-11,127063,sell,rebalance,139.09,0.0010325616386067838,0.14361899831381755,0.00014361899831381755
2023-07-11,123162,sell,rebalance,129.283,0.0010521008819219585,0.13601875831751653,0.00013601875831751654
2023-07-11,127033,sell,rebalance_resize,98.23,2.703258455880963e-05,0.00265541078121187,2.65541078121187e-06
2023-07-11,110080,sell,rebalance_resize,133.3,2.4321747968734732e-05,0.0032420890042323403,3.2420890042323405e-06
2023-07-11,128081,sell,rebalance_resize,130.78,2.0165374433781995e-05,0.0026372276684500096,2.6372276684500095e-06
2023-07-11,110084,sell,rebalance_resize,128.88,5.328455371550455e-06,0.0006867313282854226,6.867313282854226e-07
2023-07-11,113044,buy,rebalance,116.206,1.4494473224544954e-07,1.684344755531471e-05,1.684344755531471e-08
2023-07-11,128127,buy,rebalance,103.994,1.3935993969645748e-05,0.0014492597568793399,1.4492597568793398e-06
2023-07-11,110053,buy,rebalance,125.4,1.0942854849598731e-05,0.001372233998139681,1.372233998139681e-06
2023-07-11,128048,buy,rebalance,114.721,8.959687957310794e-06,0.0010278643621506516,1.0278643621506516e-06
2023-07-11,110080,buy,rebalance,133.3,2.0800421406038895e-19,2.7726961734249848e-17,2.772696173424985e-20
2023-07-11,110063,buy,rebalance,113.586,2.177943205386688e-06,0.0002473838569270524,2.4738385692705236e-07
2023-07-11,110047,buy,rebalance,113.435,3.97127408786878e-06,0.00045048147615739506,4.504814761573951e-07
2023-07-11,128081,buy,rebalance,130.78,2.120122475474067e-19,2.7726961734249848e-17,2.772696173424985e-20
2023-07-11,128130,buy,rebalance,117.304,1.453388099143641e-05,0.0017048823758194567,1.7048823758194568e-06
2023-07-11,128087,buy,rebalance,123.1,2.6582850323751347e-06,0.00032723488748537905,3.2723488748537904e-07
2023-07-11,110083,buy,rebalance,128.314,1.1652611424252516e-05,0.0014951931822915372,1.4951931822915372e-06
2023-07-11,110045,buy,rebalance,126.29,5.216631428249062e-06,0.000658808383073574,6.588083830735741e-07
2023-07-11,113631,buy,rebalance,127.171,5.757786704887426e-06,0.0007322234930472388,7.322234930472389e-07
2023-07-11,113058,buy,rebalance,120.359,2.4427494403183316e-06,0.0002940068798872741,2.940068798872741e-07
2023-07-11,127012,buy,rebalance,126.0,2.944870833330409e-06,0.0003710537249996315,3.710537249996315e-07
2023-07-11,113628,buy,rebalance,125.003,2.3441223332730654e-05,0.00293022324026133,2.93022324026133e-06
2023-07-11,113033,buy,rebalance,104.76,0.0013134993368618818,0.13760219052965075,0.00013760219052965075
2023-07-11,128083,buy,rebalance,129.996,0.0010585109582575674,0.13760219052965075,0.00013760219052965075
2023-07-21,110045,sell,rebalance,127.3,0.0010906921720271168,0.13884511349905196,0.00013884511349905197
2023-07-21,128083,sell,rebalance,130.713,0.0010585109582575674,0.1383611428867214,0.0001383611428867214
2023-07-21,128127,sell,rebalance_resize,105.528,8.236743243789123e-06,0.0008692070410305786,8.692070410305785e-07
2023-07-21,110053,sell,rebalance_resize,128.33,1.602007613855168e-05,0.0020558563708603372,2.0558563708603373e-06
2023-07-21,110047,sell,rebalance_resize,114.439,5.03058226370504e-07,5.756948036761411e-05,5.756948036761411e-08
2023-07-21,128130,sell,rebalance_resize,118.357,6.217665477333991e-07,7.359042329008192e-05,7.359042329008192e-08
2023-07-21,113033,sell,rebalance_resize,106.023,3.3561259160343234e-06,0.00035582653799570707,3.558265379957071e-07
2023-07-21,128081,sell,rebalance_resize,132.84,7.592428051263568e-06,0.0010085781423298523,1.0085781423298523e-06
2023-07-21,110080,sell,rebalance_resize,137.594,2.3809480795558055e-05,0.0032760417005840148,3.276041700584015e-06
2023-07-21,113058,sell,rebalance_resize,121.932,5.238858036772773e-06,0.0006387844381397778,6.387844381397778e-07
2023-07-21,127012,sell,rebalance_resize,127.245,1.5681382474995083e-06,0.00019953775130307494,1.9953775130307495e-07
2023-07-21,127033,buy,rebalance,96.943,3.0562073398061585e-05,0.002962779081428284,2.962779081428284e-06
2023-07-21,113044,buy,rebalance,116.85,3.4006456523938882e-06,0.0003973654444822258,3.973654444822258e-07
2023-07-21,128048,buy,rebalance,115.44,2.586487788746334e-06,0.0002985841503328768,2.985841503328768e-07
2023-07-21,110083,buy,rebalance,128.998,3.317575154948262e-06,0.00042796055983801586,4.2796055983801585e-07
2023-07-21,128087,buy,rebalance,122.899,1.1268939878269677e-05,0.001384941442099465,1.3849414420994652e-06
2023-07-21,110063,buy,rebalance,114.537,7.075193976720678e-08,8.103714925116563e-06,8.103714925116563e-09
2023-07-21,113631,buy,rebalance,127.301,8.012638059616902e-06,0.0010200168376272912,1.0200168376272912e-06
2023-07-21,113628,buy,rebalance,125.373,6.02730224257926e-06,0.0007556609640588896,7.556609640588896e-07
2023-07-21,110084,buy,rebalance,129.601,3.010224806138176e-06,0.00039012814510031377,3.9012814510031375e-07
2023-07-21,113056,buy,rebalance,101.8,0.0013630883907014904,0.1387623981734117,0.0001387623981734117
2023-07-21,113050,buy,rebalance,112.321,0.0012354092126442226,0.1387623981734117,0.0001387623981734117
2023-08-01,113628,sell,rebalance,126.102,0.0011079302192388235,0.13971221650645413,0.00013971221650645413
2023-08-01,113058,sell,rebalance,127.7,0.0011392031103739098,0.14547623719474828,0.0001454762371947483
2023-08-01,127033,sell,rebalance_resize,106.0,9.49887203198847e-05,0.010068804353907779,1.0068804353907779e-05
2023-08-01,128127,sell,rebalance_resize,111.8,4.78580596265042e-05,0.005350531066243169,5.350531066243169e-06
2023-08-01,110053,sell,rebalance_resize,131.593,4.762130136227628e-06,0.0006266629910166022,6.266629910166021e-07
2023-08-01,128048,sell,rebalance_resize,119.1,1.2581139655819968e-05,0.0014984137330081582,1.4984137330081583e-06
2023-08-01,110063,sell,rebalance_resize,117.508,5.938785008278177e-06,0.000697854748752752,6.97854748752752e-07
2023-08-01,128130,sell,rebalance_resize,121.21,3.655525459528849e-06,0.0004430862409494918,4.430862409494918e-07
2023-08-01,110083,sell,rebalance_resize,134.2,2.008818323446266e-05,0.0026958341900648886,2.6958341900648885e-06
2023-08-01,113050,sell,rebalance_resize,114.946,1.6947267320800688e-06,0.0001948020589456756,1.948020589456756e-07
2023-08-01,128087,sell,rebalance_resize,126.25,6.976125871838816e-06,0.0008807358913196506,8.807358913196506e-07
2023-08-01,113044,buy,rebalance,117.294,2.0250728136683693e-05,0.002375288906064177,2.375288906064177e-06
2023-08-01,110080,buy,rebalance,129.605,8.455390733687354e-05,0.010958609160395493,1.0958609160395494e-05
2023-08-01,113033,buy,rebalance,108.078,1.96764495711481e-06,0.00021265913167505446,2.1265913167505447e-07
2023-08-01,110047,buy,rebalance,116.499,3.4711292428884796e-06,0.00040438308566726497,4.0438308566726497e-07
2023-08-01,113065,buy,rebalance,100.407,0.0014108431247840314,0.14165852563019024,0.00014165852563019024
2023-08-01,110063,buy,rebalance,117.508,2.359483769674939e-19,2.772582188069627e-17,2.772582188069627e-20
2023-08-01,113056,buy,rebalance,103.72,4.151131577233222e-06,0.0004305553671906298,4.305553671906298e-07
2023-08-01,128081,buy,rebalance,132.999,2.0571851983609093e-05,0.0027360357419680256,2.7360357419680258e-06
2023-08-01,110084,buy,rebalance,131.05,1.0310273634247657e-05,0.0013511613597681556,1.3511613597681557e-06
2023-08-01,110079,buy,rebalance,118.397,0.00119647056623217,0.14165852563019024,0.00014165852563019024
2023-08-01,113631,buy,rebalance,127.25,2.3251517372472726e-05,0.0029587555856471544,2.9587555856471544e-06
2023-08-01,127012,buy,rebalance,127.81,1.7885953324353038e-05,0.002286003694385562,2.286003694385562e-06
2023-08-01,128087,buy,rebalance,126.25,2.1961047034214868e-19,2.772582188069627e-17,2.772582188069627e-20
2023-08-11,110083,sell,rebalance,138.98,0.0010567104716665957,0.14686162135222347,0.00014686162135222347
2023-08-11,110084,sell,rebalance,132.001,0.0010820991629919294,0.14283817161409768,0.00014283817161409766
2023-08-11,128130,sell,rebalance,121.585,0.0011699574729614481,0.14224927935001766,0.00014224927935001767
2023-08-11,113050,sell,rebalance,115.138,0.0012337144859121425,0.14204741847895228,0.00014204741847895227
2023-08-11,110079,sell,rebalance,118.298,0.00119647056623217,0.14154007504413324,0.00014154007504413324
2023-08-11,128048,sell,rebalance_resize,119.91,9.709132299232218e-06,0.0011642220540009351,1.164222054000935e-06
2023-08-11,113065,sell,rebalance_resize,100.931,7.797699356345205e-06,0.0007870295937352778,7.870295937352778e-07
2023-08-11,113056,sell,rebalance_resize,103.988,5.440297042717732e-06,0.0005657256088781315,5.657256088781315e-07
2023-08-11,113631,sell,rebalance_resize,128.305,1.0695483825853467e-05,0.0013722840522761293,1.3722840522761293e-06
2023-08-11,127012,sell,rebalance_resize,127.999,3.179822046095125e-06,0.00040701404207812986,4.070140420781299e-07
2023-08-11,113044,buy,rebalance,116.792,3.504400124716743e-06,0.00040928589936591785,4.0928589936591784e-07
2023-08-11,128127,buy,rebalance,109.872,2.0419304998453423e-05,0.0022435098787900744,2.2435098787900745e-06
2023-08-11,127033,buy,rebalance,105.82,3.8746597306013544e-07,4.100164926922353e-05,4.1001649269223535e-08
2023-08-11,110053,buy,rebalance,129.802,1.3316866693486135e-05,0.0017285559305478871,1.7285559305478872e-06
2023-08-11,110080,buy,rebalance,128.84,5.031938152391635e-06,0.0006483149115541384,6.483149115541384e-07
2023-08-11,113033,buy,rebalance,107.25,8.261046549214884e-06,0.0008859972424032964,8.859972424032963e-07
2023-08-11,128081,buy,rebalance,130.9,1.557781113252585e-05,0.002039135477247634,2.039135477247634e-06
2023-08-11,128087,buy,rebalance,125.2,7.816792788255643e-06,0.0009786624570896066,9.786624570896065e-07
2023-08-11,113058,buy,rebalance,126.0,0.0011227655820224757,0.14146846333483196,0.00014146846333483196
2023-08-11,118028,buy,rebalance,125.51,0.001127148939007505,0.14146846333483196,0.00014146846333483196
2023-08-11,110047,buy,rebalance,115.9,4.5666571611994235e-06,0.0005292755649830132,5.292755649830132e-07
2023-08-11,113057,buy,rebalance,136.78,0.0010342774041148704,0.14146846333483196,0.00014146846333483196
2023-08-11,110063,buy,rebalance,116.058,1.3342966879116952e-05,0.0015485580500565553,1.5485580500565553e-06
2023-08-11,127032,buy,rebalance,122.239,0.0011573103783148746,0.14146846333483196,0.00014146846333483196
2023-08-11,113631,buy,rebalance,128.305,2.1610757266936438e-19,2.77276821113428e-17,2.77276821113428e-20
2023-08-11,128066,buy,rebalance,119.44,0.0011844312067551236,0.14146846333483196,0.00014146846333483196
2023-08-22,110063,sell,rebalance,115.416,0.0012201590585295334,0.1408258778992446,0.00014082587789924461
2023-08-22,113631,sell,rebalance,127.09,0.001103704281468702,0.14026977713185734,0.00014026977713185734
2023-08-22,113056,sell,rebalance,103.71,0.001361799225236006,0.14123219764922618,0.00014123219764922617
2023-08-22,118028,sell,rebalance,125.05,0.001127148939007505,0.14094997482288849,0.00014094997482288848
2023-08-22,127032,sell,rebalance,121.37,0.0011573103783148746,0.14046276061607632,0.00014046276061607633
2023-08-22,113044,sell,rebalance_resize,117.569,1.4858594590875306e-05,0.001746910107454619,1.746910107454619e-06
2023-08-22,128127,sell,rebalance_resize,109.5,2.9543360334595204e-06,0.0003234997956638175,3.234997956638175e-07
2023-08-22,127033,sell,rebalance_resize,107.7,3.083590080309958e-05,0.0033210265164938246,3.3210265164938245e-06
2023-08-22,128048,sell,rebalance_resize,119.41,1.7981838021460534e-06,0.00021472112781426023,2.1472112781426023e-07
2023-08-22,127012,sell,rebalance_resize,128.959,1.4479780648194718e-05,0.0018672980326105426,1.8672980326105426e-06
2023-08-22,113033,sell,rebalance_resize,107.303,8.147929846039367e-06,0.0008742973162695622,8.742973162695622e-07
2023-08-22,128087,sell,rebalance_resize,125.15,5.974198595404773e-06,0.0007476709542149074,7.476709542149073e-07
2023-08-22,113065,sell,rebalance_resize,101.111,1.0461345233084191e-05,0.0010577570778623757,1.0577570778623758e-06
2023-08-22,128066,sell,rebalance_resize,120.363,1.459023459128247e-05,0.0017561244061105319,1.756124406110532e-06
2023-08-22,110047,sell,rebalance_resize,115.4,1.6790365708198862e-06,0.00019376082027261488,1.9376082027261487e-07
2023-08-22,110053,buy,rebalance,128.702,3.078314286488612e-06,0.00039618520529965734,3.9618520529965736e-07
2023-08-22,113063,buy,rebalance,130.8,0.0010754015551083147,0.14066252340816757,0.00014066252340816756
2023-08-22,110080,buy,rebalance,126.57,1.3342179331943835e-05,0.0016887196380441312,1.6887196380441312e-06
2023-08-22,110084,buy,rebalance,130.599,0.0010770566651212305,0.14066252340816757,0.00014066252340816756
2023-08-22,113519,buy,rebalance,134.98,0.0010420990028757414,0.14066252340816757,0.00014066252340816756
2023-08-22,113057,buy,rebalance,130.3,4.630151865212846e-05,0.006033087880372339,6.033087880372339e-06
2023-08-22,128049,buy,rebalance,129.991,0.0010820943250545619,0.14066252340816757,0.00014066252340816756
2023-08-22,128081,buy,rebalance,129.203,7.984507128789102e-06,0.0010316222745609383,1.0316222745609384e-06
2023-08-22,113058,buy,rebalance,123.67,1.5777190777459383e-05,0.001951165183448402,1.951165183448402e-06
2023-08-22,128130,buy,rebalance,120.371,0.0011685748511532476,0.14066252340816757,0.00014066252340816756
2023-08-31,110047,sell,rebalance,114.798,0.0012201522437829844,0.14007103728179904,0.00014007103728179903
2023-08-31,113033,sell,rebalance,107.073,0.001312223972606138,0.140503757418857,0.000140503757418857
2023-08-31,113065,sell,rebalance,101.11,0.0013925840801946021,0.14080417634847622,0.00014080417634847623
2023-08-31,113058,sell,rebalance,122.983,0.0011385427727999351,0.14002140582725442,0.00014002140582725442
2023-08-31,113519,sell,rebalance,132.244,0.0010420990028757414,0.13781134053629954,0.00013781134053629954
2023-08-31,128130,sell,rebalance,120.34,0.0011685748511532476,0.14062629758778183,0.00014062629758778184
2023-08-31,110053,sell,rebalance_resize,129.03,6.2877489845609905e-06,0.0008113082514779046,8.113082514779047e-07
2023-08-31,128127,sell,rebalance_resize,109.51,4.252807125250381e-06,0.00046572490828616925,4.6572490828616927e-07
2023-08-31,113063,sell,rebalance_resize,137.0,5.092927058030618e-05,0.006977310069501946,6.977310069501947e-06
2023-08-31,110080,sell,rebalance_resize,129.09,2.521143102162167e-05,0.0032545436305811415,3.2545436305811417e-06
2023-08-31,128081,sell,rebalance_resize,129.5,5.988303954676843e-06,0.0007754853621306512,7.754853621306512e-07
2023-08-31,113057,sell,rebalance_resize,130.896,8.332994852187334e-06,0.0010907556941719132,1.0907556941719132e-06
2023-08-31,128049,sell,rebalance_resize,131.394,1.391234581397886e-05,0.0018279987658819385,1.8279987658819385e-06
2023-08-31,113044,buy,rebalance,117.15,4.173817018857458e-07,4.889626637591513e-05,4.889626637591513e-08
2023-08-31,110053,buy,rebalance,129.03,2.1489075614928655e-19,2.7727354265942443e-17,2.772735426594244e-20
2023-08-31,127033,buy,rebalance,107.015,4.1325416995653975e-06,0.00044224394997899097,4.42243949978991e-07
2023-08-31,128048,buy,rebalance,115.999,3.0738875575328396e-05,0.003565678827862518,3.5656788278625184e-06
2023-08-31,127012,buy,rebalance,127.02,1.3088996574775421e-05,0.001662564344927974,1.6625643449279742e-06
2023-08-31,110084,buy,rebalance,127.038,2.772393783430132e-05,0.003521993614593971,3.521993614593971e-06
2023-08-31,118028,buy,rebalance,124.908,0.0011225061243429232,0.14020999497942585,0.00014020999497942586
2023-08-31,128087,buy,rebalance,123.844,8.199620638110961e-06,0.0010154738183062138,1.0154738183062138e-06
2023-08-31,113631,buy,rebalance,124.995,0.00112172482882856,0.14020999497942585,0.00014020999497942586
2023-08-31,128066,buy,rebalance,118.422,1.5334541507860622e-05,0.0018159470744438704,1.8159470744438704e-06
2023-08-31,123141,buy,rebalance,129.0,0.001086899185887022,0.14020999497942585,0.00014020999497942586
2023-08-31,113057,buy,rebalance,130.896,2.1182736115650933e-19,2.7727354265942443e-17,2.772735426594244e-20
2023-08-31,127078,buy,rebalance,122.97,0.001140196755138862,0.14020999497942585,0.00014020999497942586
2023-08-31,127032,buy,rebalance,119.74,0.0011709536911593942,0.14020999497942585,0.00014020999497942586
2023-08-31,113050,buy,rebalance,114.136,0.0012284467212748463,0.14020999497942585,0.00014020999497942586
2023-09-06,110053,sell,risk_exit_next_open,125.0,0.001087752483766079,0.13596906047075988,0.00013596906047075988
2023-09-12,110080,sell,rebalance,128.0,0.0010872469051075775,0.13916760385376992,0.00013916760385376993
2023-09-12,113057,sell,rebalance,131.42,0.0010722459279148117,0.14091455984656454,0.00014091455984656455
2023-09-12,128066,sell,rebalance,115.581,0.0011851755136717016,0.13698377104568896,0.00013698377104568897
2023-09-12,113063,sell,rebalance,145.75,0.0010244722845280086,0.14931683546995725,0.00014931683546995725
2023-09-12,113050,sell,rebalance,112.512,0.0012284467212748463,0.1382149975040755,0.00013821499750407552
2023-09-12,113044,sell,rebalance_resize,117.55,6.520118015560112e-06,0.0007664398727290911,7.664398727290911e-07
2023-09-12,127012,sell,rebalance_resize,127.6,7.260547879612898e-06,0.0009264459094386057,9.264459094386058e-07
2023-09-12,127033,sell,rebalance_resize,107.503,8.621501376873657e-06,0.0009268372625180488,9.268372625180488e-07
2023-09-12,128127,sell,rebalance_resize,109.4,1.3371589667016703e-06,0.00014628519095716275,1.4628519095716276e-07
2023-09-12,128048,sell,rebalance_resize,117.03,1.3082631252122076e-05,0.0015310603354358465,1.5310603354358466e-06
2023-09-12,128081,sell,rebalance_resize,130.19,7.950619185039372e-06,0.001035091111700276,1.035091111700276e-06
2023-09-12,127032,sell,rebalance_resize,119.99,3.6444397098742953e-06,0.00043729632078781666,4.372963207878167e-07
2023-09-12,111012,buy,rebalance,128.25,0.0010910296822798195,0.13992455675238685,0.00013992455675238685
2023-09-12,128048,buy,rebalance,117.03,2.369277839853792e-19,2.772765855980893e-17,2.772765855980893e-20
2023-09-12,128081,buy,rebalance,130.19,2.1297840509877048e-19,2.772765855980893e-17,2.772765855980893e-20
2023-09-12,118028,buy,rebalance,123.418,1.2368044866838644e-05,0.001526439361375492,1.5264393613754919e-06
2023-09-12,128087,buy,rebalance,123.062,4.8707166007799775e-06,0.0005994001263251856,5.994001263251857e-07
2023-09-12,110084,buy,rebalance,126.592,1.6497150281496664e-06,0.00020884072484352256,2.0884072484352257e-07
2023-09-12,113628,buy,rebalance,127.865,0.001094314759726171,0.13992455675238685,0.00013992455675238685
2023-09-12,113631,buy,rebalance,124.3,5.103798250617885e-06,0.0006344021225518031,6.344021225518031e-07
2023-09-12,128049,buy,rebalance,130.249,7.1774924983193865e-06,0.0009348612204136017,9.348612204136017e-07
2023-09-12,123141,buy,rebalance,128.547,2.702961580229364e-06,0.00034745760225374407,3.4745760225374407e-07
2023-09-12,127078,buy,rebalance,122.1,6.933340995056225e-06,0.000846560935496365,8.46560935496365e-07
2023-09-12,113065,buy,rebalance,102.3,0.0013677864785179557,0.13992455675238685,0.00013992455675238685
2023-09-12,128130,buy,rebalance,120.459,0.0011615948725490568,0.13992455675238685,0.00013992455675238685
2023-09-12,123129,buy,rebalance,114.863,0.001218186506989952,0.13992455675238685,0.00013992455675238685
2023-09-12,113056,buy,rebalance,103.498,0.001351954209283144,0.13992455675238685,0.00013992455675238685
2023-09-21,128049,sell,rebalance,129.814,0.0010753594717389024,0.13959671446431388,0.00013959671446431388
2023-09-21,123141,sell,rebalance,127.628,0.0010896021474672514,0.13906374287695036,0.00013906374287695036
2023-09-21,123129,sell,rebalance,112.785,0.001218186506989952,0.13739316519086173,0.00013739316519086173
2023-09-21,113044,sell,rebalance_resize,117.72,1.13075574743304e-05,0.0013311256658781745,1.3311256658781746e-06
2023-09-21,128048,sell,rebalance_resize,116.63,5.571727282281298e-06,0.0006498305529324677,6.498305529324677e-07
2023-09-21,128087,sell,rebalance_resize,122.913,7.797173203671108e-06,0.0009583739499828269,9.58373949982827e-07
2023-09-21,113056,sell,rebalance_resize,103.777,1.315203649427851e-05,0.0013648788912667409,1.3648788912667409e-06
2023-09-21,110084,sell,rebalance_resize,125.902,2.8984194792089487e-06,0.00036491680927136505,3.6491680927136504e-07
2023-09-21,113065,sell,rebalance_resize,102.49,1.2172534859939465e-05,0.0012475630977951957,1.2475630977951958e-06
2023-09-21,128130,sell,rebalance_resize,119.7,8.858242156392464e-07,0.00010603315861201779,1.0603315861201779e-07
2023-09-21,127032,sell,rebalance_resize,120.981,1.8890300659642965e-05,0.0022853674641042654,2.2853674641042654e-06
2023-09-21,113631,sell,rebalance_resize,125.055,1.5822485097569144e-05,0.0019786808738765094,1.9786808738765095e-06
2023-09-21,113044,buy,rebalance,117.72,2.355349821178983e-19,2.7727178094918992e-17,2.772717809491899e-20
2023-09-21,127012,buy,rebalance,126.551,1.8088325677271493e-07,2.2890957027843847e-05,2.2890957027843848e-08
2023-09-21,127033,buy,rebalance,105.515,1.3837859111318872e-05,0.0014601017041308108,1.460101704130811e-06
2023-09-21,128081,buy,rebalance,128.936,1.7088424365741247e-06,0.00022033130840212135,2.2033130840212134e-07
2023-09-21,128127,buy,rebalance,108.432,1.0205338860194285e-06,0.00011065853032885866,1.1065853032885866e-07
2023-09-21,128087,buy,rebalance,122.913,2.255837714067592e-19,2.7727178094918992e-17,2.772717809491899e-20
2023-09-21,118028,buy,rebalance,122.4,2.3076671166345227e-07,2.824584550760656e-05,2.824584550760656e-08
2023-09-21,110084,buy,rebalance,125.902,2.2022825765213415e-19,2.7727178094918992e-17,2.772717809491899e-20
2023-09-21,113628,buy,rebalance,126.035,8.044384160502501e-06,0.0010138739576689326,1.0138739576689326e-06
2023-09-21,113065,buy,rebalance,102.49,2.7053544828684743e-19,2.7727178094918992e-17,2.772717809491899e-20
2023-09-21,127078,buy,rebalance,119.013,2.0258372238316947e-05,0.002411009655198815,2.411009655198815e-06
2023-09-21,128075,buy,rebalance,135.33,0.001025602030663087,0.13879472280963556,0.00013879472280963558
2023-09-21,113021,buy,rebalance,115.95,0.0011970221889576159,0.13879472280963556,0.00013879472280963558
2023-09-21,111012,buy,rebalance,123.824,3.0989821453346016e-05,0.0038372836516391167,3.837283651639117e-06
2023-09-21,113062,buy,rebalance,117.21,0.0011841542770210354,0.13879472280963556,0.00013879472280963558
2023-10-11,127032,sell,rebalance,120.6,0.001148418950789877,0.13849932546525914,0.00013849932546525914
2023-10-11,128130,sell,rebalance,119.51,0.0011607090483334176,0.13871633836632674,0.00013871633836632676
2023-10-11,128075,sell,rebalance,142.5,0.001025602030663087,0.14614828936948987,0.00014614828936948987
2023-10-11,113021,sell,rebalance,116.05,0.0011970221889576159,0.13891442502853132,0.00013891442502853132
2023-10-11,113062,sell,rebalance,117.171,0.0011841542770210354,0.13874854079283175,0.00013874854079283175
2023-10-11,118028,sell,rebalance_resize,124.38,9.02512342188537e-06,0.0011225448512141023,1.1225448512141024e-06
2023-10-11,111012,sell,rebalance_resize,126.46,1.4461326612394161e-05,0.0018287793634033656,1.8287793634033655e-06
2023-10-11,113628,sell,rebalance_resize,127.751,5.993502297231777e-06,0.0007656759119736567,7.656759119736568e-07
2023-10-11,110084,sell,rebalance_resize,129.17,1.921040683695859e-05,0.0024814082511299407,2.481408251129941e-06
2023-10-11,127078,sell,rebalance_resize,123.084,2.945171722104784e-05,0.0036250351624354527,3.6250351624354527e-06
2023-10-11,113044,buy,rebalance,117.59,1.086035681940472e-05,0.001277069358393801,1.2770693583938011e-06
2023-10-11,128048,buy,rebalance,116.32,1.283280428762925e-05,0.0014927117947370343,1.4927117947370344e-06
2023-10-11,127012,buy,rebalance,127.244,2.858783649956892e-06,0.0003637630667551148,3.637630667551148e-07
2023-10-11,123129,buy,rebalance,119.623,0.0011696743073184121,0.13991994966435042,0.00013991994966435043
2023-10-11,128087,buy,rebalance,122.629,1.1779382498971133e-05,0.0014444938964663311,1.4444938964663312e-06
2023-10-11,127033,buy,rebalance,105.766,7.517752179839086e-06,0.0007951225770528608,7.951225770528608e-07
2023-10-11,128081,buy,rebalance,129.727,2.100804834832768e-06,0.00027253110880835047,2.7253110880835045e-07
2023-10-11,123140,buy,rebalance,134.088,0.0010434934495581292,0.13991994966435042,0.00013991994966435043
2023-10-11,128127,buy,rebalance,108.483,9.75845438438616e-06,0.0010586264069813638,1.0586264069813639e-06
2023-10-11,113065,buy,rebalance,102.762,7.351366252632316e-06,0.000755441098853002,7.55441098853002e-07
2023-10-11,123141,buy,rebalance,130.506,0.0010721342288044261,0.13991994966435042,0.00013991994966435043
2023-10-11,113056,buy,rebalance,103.934,8.792268005776237e-06,0.0009138155829123474,9.138155829123475e-07
2023-10-11,113631,buy,rebalance,124.755,1.1676958079458579e-05,0.001456758905202855,1.456758905202855e-06
2023-10-11,113066,buy,rebalance,125.79,0.0011123296737765357,0.13991994966435042,0.00013991994966435043
2023-10-11,110063,buy,rebalance,111.802,0.0012514977340687145,0.13991994966435042,0.00013991994966435043
2023-10-13,123140,sell,risk_exit_next_open,122.58,0.0010434934495581292,0.12791142704683547,0.00012791142704683548
2023-10-23,113631,sell,rebalance,119.874,0.0011226831000610675,0.1345805139367204,0.0001345805139367204
2023-10-23,113065,sell,rebalance,101.7,0.0013629653099106486,0.13861357201791297,0.00013861357201791296
2023-10-23,113056,sell,rebalance,102.4,0.0013475944407946418,0.13799367073737132,0.00013799367073737132
2023-10-23,113066,sell,rebalance,124.51,0.0011123296737765357,0.13849616768191647,0.00013849616768191647
2023-10-23,113044,sell,rebalance_resize,115.13,8.955161415001733e-06,0.0010310077337091494,1.0310077337091495e-06
2023-10-23,123129,sell,rebalance_resize,127.98,0.000106231439780755,0.013595499663141025,1.3595499663141025e-05
2023-10-23,128087,sell,rebalance_resize,119.189,2.6796741502841894e-07,3.193876822982222e-05,3.1938768229822225e-08
2023-10-23,127078,sell,rebalance_resize,121.726,1.9856651686246634e-05,0.002417070783160058,2.417070783160058e-06
2023-10-23,128127,sell,rebalance_resize,105.8,4.7007140530660396e-06,0.000497335546814387,4.97335546814387e-07
2023-10-23,118028,sell,rebalance_resize,121.195,3.100991694478976e-06,0.0003758246884123795,3.7582468841237947e-07
2023-10-23,128048,buy,rebalance,112.4,6.747310015477132e-06,0.0007583976457396297,7.583976457396297e-07
2023-10-23,127012,buy,rebalance,123.104,4.82841522537686e-06,0.000594397227904793,5.94397227904793e-07
2023-10-23,110063,buy,rebalance,107.721,1.1933717886731281e-05,0.0012855120244765804,1.2855120244765803e-06
2023-10-23,127033,buy,rebalance,101.163,2.107261983761842e-05,0.0021317694406329923,2.131769440632992e-06
2023-10-23,110080,buy,rebalance,134.0,0.0010146264383765606,0.13595994274245912,0.00013595994274245913
2023-10-23,113628,buy,rebalance,122.22,1.7177677395397233e-05,0.0020994557312654497,2.09945573126545e-06
2023-10-23,113519,buy,rebalance,131.518,0.001033774409149007,0.13595994274245912,0.00013595994274245913
2023-10-23,113549,buy,rebalance,122.71,0.0011079776932805731,0.13595994274245912,0.00013595994274245913
2023-10-23,128081,buy,rebalance,125.37,5.912273261035285e-06,0.0007412216987359938,7.412216987359938e-07
2023-10-23,128127,buy,rebalance,105.8,2.620711866398049e-19,2.7727131546491357e-17,2.772713154649136e-20
2023-10-23,123141,buy,rebalance,123.849,2.6752473950662242e-05,0.003313267146315568,3.313267146315568e-06
2023-10-23,111012,buy,rebalance,122.0,8.002614878194046e-06,0.0009763190151396736,9.763190151396735e-07
2023-10-23,110084,buy,rebalance,123.25,1.991299474943212e-05,0.002454276602867509,2.454276602867509e-06
2023-10-23,128130,buy,rebalance,114.95,0.0011827746215089963,0.13595994274245912,0.00013595994274245913
2023-10-23,123063,buy,rebalance,117.538,0.0011567318036929258,0.13595994274245912,0.00013595994274245913
2023-10-31,118028,sell,rebalance,129.0,0.001122978820805061,0.14486426788385287,0.00014486426788385288
2023-10-31,127078,sell,rebalance,127.786,0.0011180800994649409,0.14287498359022693,0.00014287498359022693
2023-10-31,111012,sell,rebalance,123.001,0.0011155607919989654,0.13721509297666473,0.00013721509297666474
2023-10-31,123141,sell,rebalance,124.576,0.0010988867027550884,0.13689490988241787,0.00013689490988241787
2023-10-31,128130,sell,rebalance,119.69,0.0011827746215089963,0.14156629444841176,0.00014156629444841176
2023-10-31,123063,sell,rebalance,123.246,0.0011567318036929258,0.14256256787793833,0.00014256256787793833
2023-10-31,128087,sell,rebalance_resize,124.3,2.0033596968659472e-05,0.0024901761032043723,2.4901761032043722e-06
2023-10-31,127033,sell,rebalance_resize,103.94,3.731155750102591e-06,0.0003878163286656633,3.878163286656633e-07
2023-10-31,110063,sell,rebalance_resize,112.4,2.2814141088457793e-05,0.0025643094583426562,2.564309458342656e-06
2023-10-31,113549,sell,rebalance_resize,127.5,1.4288393347636372e-05,0.0018217701518236373,1.8217701518236374e-06
2023-10-31,123129,sell,rebalance_resize,133.0,1.4981320609465837e-05,0.001992515641058956,1.9925156410589563e-06
2023-10-31,110084,sell,rebalance_resize,126.5,1.8994212671480666e-06,0.00024027679029423044,2.4027679029423043e-07
2023-10-31,113044,buy,rebalance,115.82,2.1824704343550328e-05,0.002527737257069999,2.527737257069999e-06
2023-10-31,128048,buy,rebalance,112.16,3.2397232055915826e-05,0.0036336735473915193,3.6336735473915193e-06
2023-10-31,127012,buy,rebalance,124.063,1.8410293366016055e-05,0.00228403622586805,2.28403622586805e-06
2023-10-31,113519,buy,rebalance,130.236,3.6901336426395136e-05,0.0048058824508279965,4.805882450827996e-06
2023-10-31,128127,buy,rebalance,108.199,2.3999296103896645e-06,0.0002596699839145513,2.596699839145513e-07
2023-10-31,110047,buy,rebalance,113.098,0.0012317152527509805,0.1393045316556304,0.0001393045316556304
2023-10-31,128066,buy,rebalance,116.8,0.0011926757847228629,0.1393045316556304,0.0001393045316556304
2023-10-31,128081,buy,rebalance,125.54,2.5163182282123277e-05,0.0031589859036977564,3.1589859036977565e-06
2023-10-31,113631,buy,rebalance,127.246,0.001094765506622058,0.1393045316556304,0.0001393045316556304
2023-10-31,113628,buy,rebalance,125.005,1.9731511086907817e-06,0.00024665375434189114,2.4665375434189115e-07
2023-10-31,110080,buy,rebalance,136.427,7.490535997005672e-06,0.0010219113544634928,1.0219113544634928e-06
2023-10-31,123099,buy,rebalance,139.0,0.0010021908752203626,0.1393045316556304,0.0001393045316556304
2023-10-31,113066,buy,rebalance,124.468,0.0011191995666004948,0.1393045316556304,0.0001393045316556304
2023-10-31,113591,buy,rebalance,129.899,0.0010724064977838967,0.1393045316556304,0.0001393045316556304
2023-11-13,110080,sell,risk_exit_next_open,159.66,0.0010221169743735662,0.16319119612848357,0.00016319119612848357
2023-11-13,113519,sell,rebalance,129.999,0.0010706757455754023,0.13918677624905673,0.00013918677624905672
2023-11-13,113549,sell,rebalance,126.717,0.0010936892999329367,0.13858902701960193,0.00013858902701960194
2023-11-13,123099,sell,rebalance,135.688,0.0010021908752203626,0.13598527547690054,0.00013598527547690055
2023-11-13,113591,sell,rebalance,131.336,0.0010724064977838967,0.14084557979294587,0.00014084557979294587
2023-11-13,127012,sell,rebalance_resize,125.499,5.660356787008981e-06,0.0007103691164128401,7.1036911641284e-07
2023-11-13,128087,sell,rebalance_resize,126.516,1.2525429592566372e-05,0.0015846672503331272,1.584667250333127e-06
2023-11-13,128066,sell,rebalance_resize,119.228,1.5546855759294434e-05,0.0018536205184691568,1.8536205184691568e-06
2023-11-13,113066,sell,rebalance_resize,126.16,6.7492817045821094e-06,0.0008514893798500789,8.514893798500789e-07
2023-11-13,110084,sell,rebalance_resize,128.5,1.0142629799849813e-05,0.001303327929280701,1.303327929280701e-06
2023-11-13,113628,sell,rebalance_resize,127.35,1.3461284051375735e-05,0.0017142945239426999,1.7142945239427e-06
2023-11-13,113044,buy,rebalance,115.192,1.4396045398781349e-05,0.001658309261576421,1.658309261576421e-06
2023-11-13,128048,buy,rebalance,109.22,4.1709702090861275e-05,0.004555533662363868,4.555533662363869e-06
2023-11-13,128081,buy,rebalance,120.673,5.224142775390422e-05,0.006304129811346884,6.304129811346884e-06
2023-11-13,127033,buy,rebalance,104.414,2.539487726017161e-06,0.00026515807142435583,2.6515807142435585e-07
2023-11-13,128127,buy,rebalance,108.016,1.0519768573849326e-05,0.0011363033222729088,1.136303322272909e-06
2023-11-13,123129,buy,rebalance,129.17,3.802727857095604e-05,0.004911983573010391,4.911983573010391e-06
2023-11-13,110060,buy,rebalance,132.3,0.0010597503483562442,0.1402049710875311,0.0001402049710875311
2023-11-13,110063,buy,rebalance,111.65,1.6390102767671682e-05,0.0018299549740105434,1.8299549740105434e-06
2023-11-13,113631,buy,rebalance,127.373,7.083517165820703e-06,0.0009022488319620805,9.022488319620806e-07
2023-11-13,127078,buy,rebalance,129.735,0.0010807027485838908,0.1402049710875311,0.0001402049710875311
2023-11-13,110092,buy,rebalance,107.988,0.0012983384365626838,0.1402049710875311,0.0001402049710875311
2023-11-13,113050,buy,rebalance,108.308,0.001294502447534172,0.1402049710875311,0.0001402049710875311
2023-11-13,110047,buy,rebalance,112.5,1.5795247768438806e-05,0.0017769653739493655,1.7769653739493655e-06
2023-11-13,123141,buy,rebalance,127.1,0.0011031075616642887,0.1402049710875311,0.0001402049710875311
2023-11-21,128048,sell,rebalance,109.33,0.0012849489286308844,0.1404834663672146,0.0001404834663672146
2023-11-21,123129,sell,rebalance,145.6,0.0010864888254991472,0.1581927729926758,0.00015819277299267581
2023-11-21,110047,sell,rebalance,110.86,0.0012475105005194194,0.13829901408758283,0.00013829901408758284
2023-11-21,110060,sell,rebalance,145.209,0.0010597503483562442,0.15388528833446186,0.00015388528833446186
2023-11-21,127033,sell,rebalance_resize,109.067,4.1183906920656814e-05,0.004491805176115277,4.491805176115277e-06
2023-11-21,128066,sell,rebalance_resize,122.7,1.894708292241663e-05,0.0023248070745805205,2.3248070745805206e-06
2023-11-21,123141,sell,rebalance_resize,128.97,1.2318346793360319e-06,0.00015886971859396803,1.5886971859396804e-07
2023-11-21,113044,buy,rebalance,114.941,1.7988161272711793e-05,0.0020675772448467663,2.0675772448467665e-06
2023-11-21,128127,buy,rebalance,108.2,1.40732075704765e-05,0.0015227210591255574,1.5227210591255575e-06
2023-11-21,127012,buy,rebalance,124.739,2.0919358366996787e-05,0.0026094598433408123,2.6094598433408125e-06
2023-11-21,128087,buy,rebalance,126.746,1.1878227712869293e-05,0.0015055178496953313,1.5055178496953313e-06
2023-11-21,110063,buy,rebalance,109.9,3.603086136710634e-05,0.003959791664244987,3.959791664244987e-06
2023-11-21,128081,buy,rebalance,121.886,2.9330798080191823e-06,0.00035750136548022603,3.5750136548022606e-07
2023-11-21,110084,buy,rebalance,127.19,2.507846242272223e-05,0.0031897296355460404,3.1897296355460404e-06
2023-11-21,113591,buy,rebalance,134.698,0.0010539524526789253,0.1419652874709459,0.0001419652874709459
2023-11-21,113066,buy,rebalance,125.938,1.5937349698864562e-05,0.002007117946375605,2.0071179463756052e-06
2023-11-21,113057,buy,rebalance,135.8,0.001045399760463519,0.1419652874709459,0.0001419652874709459
2023-11-21,113631,buy,rebalance,126.79,1.8952943015768745e-05,0.0024030436449693194,2.4030436449693196e-06
2023-11-21,113532,buy,rebalance,119.55,0.0011874971766703964,0.1419652874709459,0.0001419652874709459
2023-11-21,113628,buy,rebalance,127.4,1.3385843902875611e-05,0.001705356513226353,1.705356513226353e-06
2023-11-21,128130,buy,rebalance,118.467,0.0011983530221154068,0.1419652874709459,0.0001419652874709459
2023-11-21,127078,buy,rebalance,128.351,2.6460238890660763e-05,0.0033961981218551996,3.3961981218551997e-06
2023-11-21,113050,buy,rebalance,107.82,2.3493747961112568e-05,0.002533095905167157,2.533095905167157e-06
2023-11-21,110092,buy,rebalance,108.28,1.4068022752453e-05,0.0015232855036356107,1.5232855036356107e-06
2023-11-27,113057,sell,risk_exit_next_open,128.0,0.001045399760463519,0.13381116933933043,0.00013381116933933044
2023-12-01,113628,sell,rebalance,125.8,0.0011154410299450297,0.14032248156708474,0.00014032248156708476
2023-12-01,110092,sell,rebalance,106.0,0.0013124064593151368,0.1391150846874045,0.0001391150846874045
2023-12-01,113050,sell,rebalance,105.7,0.0013179961954952846,0.13931219786385157,0.00013931219786385158
2023-12-01,123141,sell,rebalance,128.5,0.0011018757269849527,0.14159103091756642,0.00014159103091756643
2023-12-01,113044,sell,rebalance_resize,116.35,2.9365397484692256e-05,0.003416663997343944,3.416663997343944e-06
2023-12-01,127012,sell,rebalance_resize,125.6,2.11383809260266e-05,0.0026549806443089408,2.654980644308941e-06
2023-12-01,127033,sell,rebalance_resize,108.663,1.0586423135992351e-05,0.0011503524972263368,1.150352497226337e-06
2023-12-01,128081,sell,rebalance_resize,122.5,1.9528602742719176e-05,0.002392253835983099,2.3922538359830994e-06
2023-12-01,113066,sell,rebalance_resize,129.77,4.622559427902697e-05,0.00599869536958933,5.998695369589329e-06
2023-12-01,113532,sell,rebalance_resize,118.885,6.253386690374367e-06,0.0007434338766851567,7.434338766851567e-07
2023-12-01,128066,sell,rebalance_resize,121.84,5.586902083708371e-06,0.000680708149879028,6.807081498790279e-07
2023-12-01,128130,sell,rebalance_resize,118.852,1.6781252420534816e-05,0.001994485412685404,1.994485412685404e-06
2023-12-01,128127,buy,rebalance,106.863,7.551532287575404e-07,8.069793948471704e-05,8.069793948471704e-08
2023-12-01,128087,buy,rebalance,124.215,9.349425438493172e-06,0.0011613388808424294,1.1613388808424295e-06
2023-12-01,113591,buy,rebalance,129.58,2.9765773821504098e-05,0.0038570489717905014,3.8570489717905015e-06
2023-12-01,110084,buy,rebalance,123.95,1.5687323573976624e-05,0.0019444437569944028,1.944443756994403e-06
2023-12-01,110063,buy,rebalance,107.562,1.2541603590706161e-05,0.001348999965423536,1.348999965423536e-06
2023-12-01,123187,buy,rebalance,132.0,0.0010627888538352601,0.14028812870625434,0.00014028812870625434
2023-12-01,113631,buy,rebalance,125.13,1.4866687815389525e-06,0.00018602686463396913,1.8602686463396913e-07
2023-12-01,127078,buy,rebalance,125.267,1.3885509466289802e-05,0.0017393961143137245,1.7393961143137246e-06
2023-12-01,123164,buy,rebalance,132.7,0.001057182582564087,0.14028812870625434,0.00014028812870625434
2023-12-01,113033,buy,rebalance,106.091,0.0013223376978844044,0.14028812870625434,0.00014028812870625434
2023-12-01,127032,buy,rebalance,114.0,0.0012305976202303013,0.14028812870625434,0.00014028812870625434
2023-12-01,113604,buy,rebalance,133.782,0.0010486323175483573,0.14028812870625434,0.00014028812870625434
2023-12-07,123164,sell,risk_exit_next_open,124.7,0.001057182582564087,0.13183066804574167,0.00013183066804574168
2023-12-12,127078,sell,rebalance,125.059,0.0011210484969408415,0.14019720397892468,0.00014019720397892468
2023-12-12,128130,sell,rebalance,118.351,0.001181571769694872,0.1398402005151578,0.0001398402005151578
2023-12-12,113033,sell,rebalance,106.4,0.0013223376978844044,0.14069673105490063,0.00014069673105490064
2023-12-12,127032,sell,rebalance,115.05,0.0012305976202303013,0.14158025620749617,0.00014158025620749617
2023-12-12,113044,sell,rebalance_resize,117.311,2.0788512579665932e-05,0.0024387211992331903,2.4387211992331903e-06
2023-12-12,127012,sell,rebalance_resize,126.995,2.2351661941813262e-05,0.0028385493083005753,2.8385493083005753e-06
2023-12-12,128081,sell,rebalance_resize,121.385,4.891238470348242e-09,5.937229817232215e-07,5.937229817232215e-10
2023-12-12,128087,sell,rebalance_resize,124.814,1.566185439738109e-05,0.001954818694754723,1.954818694754723e-06
2023-12-12,127033,sell,rebalance_resize,107.708,4.1413139198383764e-07,4.4605263967795183e-05,4.4605263967795185e-08
2023-12-12,113066,sell,rebalance_resize,129.695,9.23436443010403e-06,0.001197650894762342,1.197650894762342e-06
2023-12-12,110084,sell,rebalance_resize,123.891,9.766424331618685e-06,0.0012099720768685707,1.2099720768685707e-06
2023-12-12,113631,sell,rebalance_resize,125.149,1.0387182725084733e-05,0.0012999455308616292,1.2999455308616293e-06
2023-12-12,128066,sell,rebalance_resize,120.86,1.2350653872888452e-06,0.00014927000270772983,1.4927000270772982e-07
2023-12-12,128127,sell,rebalance_resize,107.0,1.3633329649444728e-05,0.0014587662724905859,1.458766272490586e-06
2023-12-12,110063,sell,rebalance_resize,107.302,8.741469951543858e-06,0.0009379772087405591,9.379772087405592e-07
2023-12-12,113532,sell,rebalance_resize,119.0,1.1887866249023133e-05,0.001414656083633753,1.414656083633753e-06
2023-12-12,113591,buy,rebalance,122.8,4.940197090057294e-05,0.006066562026590357,6.066562026590357e-06
2023-12-12,113604,buy,rebalance,128.001,3.845550695724186e-05,0.004922343346033916,4.922343346033916e-06
2023-12-12,128087,buy,rebalance,124.814,2.2214865940048815e-19,2.7727262774412525e-17,2.7727262774412523e-20
2023-12-12,127033,buy,rebalance,107.708,2.574299288299154e-19,2.7727262774412525e-17,2.7727262774412523e-20
2023-12-12,110092,buy,rebalance,103.935,0.0013374840785335424,0.13901140770238374,0.00013901140770238374
2023-12-12,113549,buy,rebalance,129.735,0.001071502737907147,0.13901140770238374,0.00013901140770238374
2023-12-12,110088,buy,rebalance,124.8,0.001113873459153716,0.13901140770238374,0.00013901140770238374
2023-12-12,113628,buy,rebalance,126.082,0.0011025476095111416,0.13901140770238374,0.00013901140770238374
2023-12-12,118028,buy,rebalance,127.97,0.001086281219835772,0.13901140770238374,0.00013901140770238374
2023-12-12,123187,buy,rebalance,129.399,1.2580296364466943e-05,0.0016278777692656581,1.6278777692656582e-06
2023-12-15,113604,sell,risk_exit_next_open,126.66,0.001087087824505599,0.13769054385187918,0.00013769054385187919
2023-12-18,113591,sell,risk_exit_next_open,125.423,0.0011331201974010023,0.1421193345186259,0.00014211933451862592
2023-12-21,110084,sell,rebalance,122.802,0.0011231917970150284,0.13793019905703952,0.00013793019905703952
2023-12-21,113549,sell,rebalance,122.231,0.001071502737907147,0.13097085115712848,0.00013097085115712848
2023-12-21,113044,sell,rebalance_resize,115.861,3.2504257415283964e-06,0.00037659757683922157,3.765975768392216e-07
2023-12-21,127012,sell,rebalance_resize,125.099,1.523188787115077e-07,1.9054939407930904e-05,1.9054939407930903e-08
2023-12-21,128087,sell,rebalance_resize,123.45,4.664816340621289e-06,0.0005758715772496981,5.758715772496981e-07
2023-12-21,128127,sell,rebalance_resize,106.4,1.237102074779321e-05,0.0013162766075651977,1.3162766075651977e-06
2023-12-21,128066,sell,rebalance_resize,119.5,4.441224763175141e-06,0.0005307263591994293,5.307263591994293e-07
2023-12-21,113066,sell,rebalance_resize,129.5,1.4574169090788707e-05,0.0018873548972571375,1.8873548972571375e-06
2023-12-21,113532,sell,rebalance_resize,117.512,3.0343639759607615e-06,0.000356574179543101,3.56574179543101e-07
2023-12-21,113631,sell,rebalance_resize,123.887,5.596682142156874e-06,0.0006933561605453886,6.933561605453886e-07
2023-12-21,110088,sell,rebalance_resize,125.339,2.0384767446154332e-05,0.0025550063669335377,2.5550063669335376e-06
2023-12-21,110063,sell,rebalance_resize,106.352,8.129412759947496e-06,0.0008645793058459361,8.645793058459361e-07
2023-12-21,128081,buy,rebalance,117.942,1.567322988396804e-05,0.0018485320789749585,1.8485320789749585e-06
2023-12-21,127033,buy,rebalance,103.092,3.74727310491767e-05,0.0038631387893217246,3.863138789321725e-06
2023-12-21,128087,buy,rebalance,123.45,2.246042226557331e-19,2.772739128685025e-17,2.772739128685025e-20
2023-12-21,110092,buy,rebalance,101.5,1.2815989150586914e-05,0.0013008228987845718,1.3008228987845718e-06
2023-12-21,113628,buy,rebalance,124.2,9.681465641877148e-07,0.00012024380327211417,1.2024380327211418e-07
2023-12-21,123107,buy,rebalance,122.823,0.0011147554217988268,0.1369176051715973,0.0001369176051715973
2023-12-21,113063,buy,rebalance,128.927,0.0010619777484281593,0.1369176051715973,0.0001369176051715973
2023-12-21,123187,buy,rebalance,126.8,5.514669565862232e-06,0.000699260100951331,6.99260100951331e-07
2023-12-21,111012,buy,rebalance,133.8,0.0010233004870821918,0.1369176051715973,0.0001369176051715973
2023-12-21,128083,buy,rebalance,126.149,0.0010853641738864143,0.1369176051715973,0.0001369176051715973
2023-12-21,118028,buy,rebalance,125.001,1.0153920386645645e-05,0.0012692502022510924,1.2692502022510924e-06
2024-01-11,110063,sell,rebalance,106.397,0.0012887089958809807,0.1371147710347487,0.0001371147710347487
2024-01-11,123187,sell,rebalance,125.601,0.0010808838197655893,0.13576008864637779,0.0001357600886463778
2024-01-11,110092,sell,rebalance,102.754,0.0013503000676841294,0.13874873315481503,0.00013874873315481505
2024-01-11,118028,sell,rebalance,122.999,0.0010964351402224176,0.13486042581221713,0.00013486042581221713
2024-01-11,111012,sell,rebalance,129.577,0.0010233004870821918,0.13259620721464918,0.00013259620721464918
2024-01-11,113044,sell,rebalance_resize,118.35,2.45470555138638e-05,0.0029051440200657808,2.905144020065781e-06
2024-01-11,127012,sell,rebalance_resize,126.82,1.455848581500633e-05,0.0018463071710591028,1.8463071710591029e-06
2024-01-11,110088,sell,rebalance_resize,126.4,8.868625454090242e-06,0.0011209942573970066,1.1209942573970066e-06
2024-01-11,128127,sell,rebalance_resize,107.01,6.976549909076483e-06,0.0007465606057702745,7.465606057702745e-07
2024-01-11,128066,sell,rebalance_resize,119.729,1.8662740623999674e-06,0.0002234471272170857,2.2344712721708572e-07
2024-01-11,113631,sell,rebalance_resize,124.275,3.138595908540416e-06,0.0003900490065338602,3.900490065338602e-07
2024-01-11,113532,sell,rebalance_resize,118.482,9.217726477082364e-06,0.0010921346684576727,1.0921346684576727e-06
2024-01-11,113066,sell,rebalance_resize,131.312,1.430592261032945e-05,0.0018785393098075809,1.878539309807581e-06
2024-01-11,113628,sell,rebalance_resize,125.14,7.97495078174809e-06,0.000997985340827956,9.97985340827956e-07
2024-01-11,113063,sell,rebalance_resize,131.689,2.0919069461512294e-05,0.0027548113383170925,2.7548113383170924e-06
2024-01-11,123107,sell,rebalance_resize,124.283,1.166025693767319e-05,0.001449171712984837,1.449171712984837e-06
2024-01-11,127033,buy,rebalance,101.202,2.5227991677698198e-05,0.002553123213766413,2.553123213766413e-06
2024-01-11,127049,buy,rebalance,101.338,0.0013514770011721535,0.13695597634478368,0.00013695597634478369
2024-01-11,128087,buy,rebalance,123.3,1.6668313233535747e-06,0.00020552030216949575,2.0552030216949575e-07
2024-01-11,128081,buy,rebalance,117.573,3.9923631366895485e-06,0.0004693941110700003,4.693941110700003e-07
2024-01-11,128066,buy,rebalance,119.729,2.3158325972769345e-19,2.7727232103937008e-17,2.772723210393701e-20
2024-01-11,127015,buy,rebalance,104.202,0.0013143315516476045,0.13695597634478368,0.00013695597634478369
2024-01-11,127027,buy,rebalance,116.16,0.0011790287219764436,0.13695597634478368,0.00013695597634478369
2024-01-11,127032,buy,rebalance,115.499,0.0011857762954205983,0.13695597634478368,0.00013695597634478369
2024-01-11,118025,buy,rebalance,129.65,0.0010563515337044633,0.13695597634478368,0.00013695597634478369
2024-01-11,128083,buy,rebalance,121.619,4.1850927179443696e-05,0.005089867912636763,5.089867912636763e-06
2024-01-23,128127,sell,rebalance,106.0,0.0012811510734925592,0.13580201379021128,0.0001358020137902113
2024-01-23,113532,sell,rebalance,111.002,0.0011571038332779558,0.12844083970151965,0.00012844083970151964
2024-01-23,128083,sell,rebalance,114.3,0.001127215101065858,0.12884068605182755,0.00012884068605182756
2024-01-23,127015,sell,rebalance,101.75,0.0013143315516476045,0.13373323538014376,0.00013373323538014376
2024-01-23,127027,sell,rebalance,112.112,0.0011790287219764436,0.13218326807822303,0.00013218326807822302
2024-01-23,118025,sell,rebalance,124.33,0.0010563515337044633,0.13133618618547593,0.00013133618618547594
2024-01-23,113044,sell,rebalance_resize,116.119,2.86402214485794e-05,0.0033256738743875913,3.3256738743875913e-06
2024-01-23,127012,sell,rebalance_resize,122.556,1.0611868781816249e-05,0.0013005481904242722,1.3005481904242722e-06
2024-01-23,113063,sell,rebalance_resize,126.02,6.578410894367412e-08,8.290113409081812e-06,8.290113409081813e-09
2024-01-23,127049,sell,rebalance_resize,99.573,3.3992094521075865e-05,0.0033846948277470867,3.384694827747087e-06
2024-01-23,110088,sell,rebalance_resize,122.0,9.325602237342337e-06,0.001137723472955765,1.137723472955765e-06
2024-01-23,127032,sell,rebalance_resize,115.5,4.99674243386265e-05,0.00577123751111136,5.77123751111136e-06
2024-01-23,127033,buy,rebalance,92.001,7.119518350799396e-05,0.006550028077918953,6.550028077918953e-06
2024-01-23,123107,buy,rebalance,118.76,1.5338269630743611e-06,0.00018215729013471113,1.8215729013471114e-07
2024-01-23,128087,buy,rebalance,116.1,1.8032885513022435e-05,0.0020936180080619047,2.093618008061905e-06
2024-01-23,128081,buy,rebalance,110.495,2.1189330288676827e-05,0.0023413150502473463,2.3413150502473464e-06
2024-01-23,113066,buy,rebalance,122.582,2.6114951287458424e-05,0.0032012229587192282,3.2012229587192284e-06
2024-01-23,113050,buy,rebalance,106.06,0.0012356443317884625,0.13105243782948434,0.00013105243782948433
2024-01-23,110088,buy,rebalance,122.0,2.272732232618601e-19,2.7727333237946934e-17,2.7727333237946936e-20
2024-01-23,113649,buy,rebalance,124.45,0.0010530529355523047,0.13105243782948434,0.00013105243782948433
2024-01-23,128066,buy,rebalance,114.5,6.755313895025824e-07,7.734834409804569e-05,7.73483440980457e-08
2024-01-23,123187,buy,rebalance,117.6,0.0011143914781418737,0.13105243782948434,0.00013105243782948433
2024-01-23,113628,buy,rebalance,118.889,7.883144622966464e-06,0.0009372191810798599,9.372191810798599e-07
2024-01-23,110068,buy,rebalance,118.216,0.001108584606394095,0.13105243782948434,0.00013105243782948433
2024-01-23,127063,buy,rebalance,128.45,0.0010202603178628598,0.13105243782948434,0.00013105243782948433
2024-01-23,113062,buy,rebalance,106.001,0.0012363320895980635,0.13105243782948434,0.00013105243782948433
2024-01-23,113631,buy,rebalance,117.141,1.6714399021606375e-05,0.0019579414157899926,1.957941415789993e-06
2024-01-26,113063,sell,risk_exit_next_open,126.501,0.0010409928948577033,0.13168664219239432,0.00013168664219239431
2024-01-31,113649,sell,rebalance,115.5,0.0010530529355523047,0.1216276140562912,0.0001216276140562912
2024-01-31,123187,sell,rebalance,116.0,0.0011143914781418737,0.12926941146445736,0.00012926941146445737
2024-01-31,110068,sell,rebalance,120.586,0.001108584606394095,0.13367978334663833,0.00013367978334663833
2024-01-31,113062,sell,rebalance,110.054,0.0012363320895980635,0.13606329178862528,0.00013606329178862529
2024-01-31,113044,sell,rebalance_resize,118.69,1.6426704025411524e-05,0.0019496855007760938,1.949685500776094e-06
2024-01-31,128081,sell,rebalance_resize,111.477,1.8709470664270198e-06,0.0002085675661240849,2.085675661240849e-07
2024-01-31,128087,sell,rebalance_resize,117.564,5.930037332344596e-06,0.0006971589089397601,6.971589089397601e-07
2024-01-31,113050,sell,rebalance_resize,108.151,1.3826345052841234e-05,0.0014953330438098322,1.4953330438098323e-06
2024-01-31,110088,sell,rebalance_resize,125.6,2.321773564475827e-05,0.0029161475969816386,2.9161475969816385e-06
2024-01-31,113066,sell,rebalance_resize,127.92,3.716662331247892e-05,0.0047543544541323035,4.754354454132304e-06
2024-01-31,127012,sell,rebalance_resize,129.0,4.606859962180601e-05,0.005942849351212975,5.9428493512129755e-06
2024-01-31,113631,sell,rebalance_resize,118.481,4.589201514401731e-06,0.0005437331846278315,5.437331846278315e-07
2024-01-31,127033,buy,rebalance,91.676,1.5527741495334445e-05,0.0014235212293262807,1.4235212293262807e-06
2024-01-31,127063,buy,rebalance,127.111,1.92902898020624e-05,0.0024520080270299537,2.4520080270299536e-06
2024-01-31,123107,buy,rebalance,119.001,5.782936512175091e-06,0.000688175227885348,6.88175227885348e-07
2024-01-31,127049,buy,rebalance,99.56,9.753333581857595e-06,0.0009710418914097422,9.710418914097422e-07
2024-01-31,113050,buy,rebalance,108.151,2.563737924979275e-19,2.7727082032443357e-17,2.7727082032443355e-20
2024-01-31,127103,buy,rebalance,107.0,0.001233693296114749,0.13200518268427813,0.00013200518268427814
2024-01-31,113021,buy,rebalance,115.45,0.0011433969916351506,0.13200518268427813,0.00013200518268427814
2024-01-31,110091,buy,rebalance,126.108,0.0010467629546442583,0.13200518268427813,0.00013200518268427814
2024-01-31,127032,buy,rebalance,116.1,2.3526826303048055e-06,0.0002731464533783879,2.731464533783879e-07
2024-01-31,110084,buy,rebalance,113.877,0.0011591909049613015,0.13200518268427813,0.00013200518268427814
2024-01-31,128066,buy,rebalance,114.5,8.331972703661766e-06,0.0009540108745692723,9.540108745692724e-07
2024-01-31,113628,buy,rebalance,117.3,2.3072689803304844e-05,0.0027064265139276583,2.706426513927658e-06
2024-01-31,113532,buy,rebalance,113.394,0.0011641284608028479,0.13200518268427813,0.00013200518268427814
2024-02-20,128066,sell,rebalance,108.4,0.0011540598838377441,0.12510009140801148,0.00012510009140801148
2024-02-20,113631,sell,rebalance,121.927,0.0011152913723166094,0.13598413115244726,0.00013598413115244726
2024-02-20,113066,sell,rebalance,139.4,0.0010329959121595075,0.14399963015503536,0.00014399963015503537
2024-02-20,113628,sell,rebalance,114.948,0.0011264966397198524,0.1294885357425176,0.0001294885357425176
2024-02-20,110091,sell,rebalance,142.7,0.0010467629546442583,0.14937307362773564,0.00014937307362773564
2024-02-20,113532,sell,rebalance,108.75,0.0011641284608028479,0.1265989701123097,0.0001265989701123097
2024-02-20,113044,sell,rebalance_resize,121.18,1.465129880538677e-05,0.0017754443892367688,1.775444389236769e-06
2024-02-20,127032,sell,rebalance_resize,117.601,6.048917871030555e-06,0.0007113587905510643,7.113587905510644e-07
2024-02-20,123107,sell,rebalance_resize,120.758,7.896334441453063e-06,0.0009535455544809889,9.535455544809889e-07
2024-02-20,128081,sell,rebalance_resize,115.75,3.514747232800184e-05,0.0040683199219662125,4.068319921966212e-06
2024-02-20,113050,sell,rebalance_resize,110.0,1.1476367757745379e-05,0.0012624004533519917,1.2624004533519918e-06
2024-02-20,127063,sell,rebalance_resize,130.1,1.6202582395388177e-05,0.002107955969640002,2.107955969640002e-06
2024-02-20,110088,sell,rebalance_resize,132.6,4.802259498097592e-05,0.006367796094477407,6.367796094477407e-06
2024-02-20,127012,sell,rebalance_resize,133.8,2.9298410706061848e-05,0.003920127352471076,3.920127352471076e-06
2024-02-20,110084,sell,rebalance_resize,116.4,1.5397278779459893e-05,0.0017922432499291316,1.7922432499291317e-06
2024-02-20,127049,buy,rebalance,98.959,1.812433435007682e-05,0.001793566002949252,1.793566002949252e-06
2024-02-20,113021,buy,rebalance,115.761,6.703479749689775e-06,0.000776001519303838,7.76001519303838e-07
2024-02-20,128081,buy,rebalance,115.75,2.3954283585061723e-19,2.7727083249708948e-17,2.772708324970895e-20
2024-02-20,128087,buy,rebalance,112.287,6.163605518736724e-05,0.006920927728823905,6.9209277288239054e-06
2024-02-20,127015,buy,rebalance,102.731,0.0012946521136121512,0.1330009062834899,0.0001330009062834899
2024-02-20,110079,buy,rebalance,109.2,0.001217957017248076,0.1330009062834899,0.0001330009062834899
2024-02-20,113062,buy,rebalance,111.551,0.0011922878887996513,0.1330009062834899,0.0001330009062834899
2024-02-20,127103,buy,rebalance,106.344,1.8239909761316475e-05,0.0019397049636574392,1.939704963657439e-06
2024-02-20,113648,buy,rebalance,132.29,0.0010053738474827267,0.1330009062834899,0.0001330009062834899
2024-02-20,127033,buy,rebalance,76.81,0.0002916631187663773,0.022402644152445444,2.2402644152445444e-05
2024-02-20,113055,buy,rebalance,115.866,0.0011478855426396864,0.1330009062834899,0.0001330009062834899
2024-02-20,118019,buy,rebalance,129.453,0.0010274069066262652,0.1330009062834899,0.0001330009062834899
2024-02-21,127033,sell,rebalance,79.18,0.0017330368066420564,0.13722185434991804,0.00013722185434991805
2024-02-21,127012,sell,rebalance,140.1,0.000995049163584203,0.13940638781814685,0.00013940638781814686
2024-02-21,113648,sell,rebalance,136.176,0.0010053738474827267,0.13690778905480777,0.00013690778905480776
2024-02-21,118019,sell,rebalance,129.318,0.0010274069066262652,0.13286220635109539,0.0001328622063510954
2024-02-21,113044,sell,rebalance_resize,124.2,1.4643578610676499e-05,0.0018187324634460211,1.8187324634460213e-06
2024-02-21,127032,sell,rebalance_resize,119.5,5.444454647023153e-06,0.0006506123303192668,6.506123303192668e-07
2024-02-21,123107,sell,rebalance_resize,122.611,4.434282652813239e-06,0.0005436918303440841,5.43691830344084e-07
2024-02-21,113050,sell,rebalance_resize,111.72,5.2140889679438286e-06,0.0005825180194986845,5.825180194986846e-07
2024-02-21,110079,sell,rebalance_resize,110.551,8.610108531281188e-08,9.518561082416666e-06,9.518561082416666e-09
2024-02-21,127063,sell,rebalance_resize,132.0,3.3719066884006144e-06,0.0004450916828688811,4.4509168286888114e-07
2024-02-21,127049,buy,rebalance,99.501,7.7501661733378e-06,0.0007711492844132843,7.711492844132844e-07
2024-02-21,113021,buy,rebalance,116.87,1.9199069749244947e-06,0.0002243795281594257,2.243795281594257e-07
2024-02-21,127015,buy,rebalance,103.8,2.424900764295036e-06,0.00025170469933382474,2.5170469933382475e-07
2024-02-21,128087,buy,rebalance,112.974,6.117865266398721e-06,0.0006911597106061291,6.911597106061291e-07
2024-02-21,110079,buy,rebalance,110.551,2.5081314095189633e-19,2.7727643545373094e-17,2.7727643545373096e-20
2024-02-21,128081,buy,rebalance,114.859,2.195363396578948e-05,0.002521572443676614,2.521572443676614e-06
2024-02-21,110088,buy,rebalance,133.29,6.044419030857925e-06,0.0008056606126230528,8.056606126230528e-07
2024-02-21,113062,buy,rebalance,111.795,1.2019048690681584e-05,0.0013436695483747478,1.3436695483747477e-06
2024-02-21,127103,buy,rebalance,106.001,1.8195422154407803e-05,0.0019287329437893818,1.928732943789382e-06
2024-02-21,113055,buy,rebalance,116.45,8.283422036181525e-06,0.0009646044961133387,9.646044961133388e-07
2024-02-21,110084,buy,rebalance,116.1,1.5853174243566247e-05,0.0018405535296780412,1.8405535296780413e-06
2024-02-21,113065,buy,rebalance,103.285,0.0013022351228562826,0.13450135466421115,0.00013450135466421115
2024-02-21,110068,buy,rebalance,127.071,0.0010584740394284388,0.13450135466421115,0.00013450135466421115
2024-02-21,128123,buy,rebalance,131.605,0.0010220079378763054,0.13450135466421115,0.00013450135466421115
2024-02-21,127027,buy,rebalance,117.89,0.0011409055446959975,0.13450135466421115,0.00013450135466421115
2024-03-01,110079,sell,rebalance,111.45,0.0012178709161627633,0.13573171360633998,0.00013573171360633997
2024-03-01,113062,sell,rebalance,112.2,0.0012043069374903328,0.13512323838641535,0.00013512323838641536
2024-03-01,113065,sell,rebalance,105.101,0.0013022351228562826,0.13686621364731816,0.00013686621364731815
2024-03-01,110068,sell,rebalance,126.801,0.0010584740394284388,0.13421556667356546,0.00013421556667356547
2024-03-01,128123,sell,rebalance,130.0,0.0010220079378763054,0.1328610319239197,0.0001328610319239197
2024-03-01,127027,sell,rebalance,115.732,0.0011409055446959975,0.13203928049875718,0.0001320392804987572
2024-03-01,127049,sell,rebalance_resize,100.06,8.629884086743948e-06,0.0008635062017195995,8.635062017195995e-07
2024-03-01,127015,sell,rebalance_resize,104.201,6.024580730312273e-06,0.0006277673366792691,6.277673366792691e-07
2024-03-01,113021,sell,rebalance_resize,117.3,5.140969678087283e-06,0.0006030357432396383,6.030357432396383e-07
2024-03-01,128087,sell,rebalance_resize,113.999,1.1655671947451593e-05,0.0013287349463375342,1.3287349463375342e-06
2024-03-01,113050,sell,rebalance_resize,112.905,1.3604084295740744e-05,0.0015359691374106088,1.535969137410609e-06
2024-03-01,127103,sell,rebalance_resize,106.4,5.758753609789e-06,0.0006127313840815496,6.127313840815496e-07
2024-03-01,127063,sell,rebalance_resize,132.002,8.328128860624286e-07,0.0001099329665860127,1.0993296658601271e-07
2024-03-01,110084,sell,rebalance_resize,117.11,1.0906687383304094e-05,0.0012772821594587425,1.2772821594587425e-06
2024-03-01,110088,sell,rebalance_resize,133.335,1.1440045653953333e-06,0.00015253584872698678,1.525358487269868e-07
2024-03-01,113055,sell,rebalance_resize,117.599,1.2205541191307791e-05,0.0014353594385566049,1.435359438556605e-06
2024-03-01,113044,buy,rebalance,119.68,3.999913866812585e-05,0.004787096915801302,4.787096915801303e-06
2024-03-01,128081,buy,rebalance,113.7,1.1010795426758717e-05,0.001251927440022466,1.2519274400224661e-06
2024-03-01,123107,buy,rebalance,122.1,3.7081819103840733e-06,0.00045276901125789533,4.5276901125789534e-07
2024-03-01,113058,buy,rebalance,114.554,0.001173186007987326,0.13439314995898013,0.00013439314995898014
2024-03-01,111007,buy,rebalance,131.4,0.0010227789190181136,0.13439314995898013,0.00013439314995898014
2024-03-01,127032,buy,rebalance,118.601,7.622769765960145e-06,0.0009040681170126392,9.040681170126392e-07
2024-03-01,123207,buy,rebalance,114.66,0.0011721014299579638,0.13439314995898013,0.00013439314995898014
2024-03-01,110084,buy,rebalance,117.11,2.36765065636076e-19,2.772755683664086e-17,2.772755683664086e-20
2024-03-01,123214,buy,rebalance,109.79,0.0012240928131795256,0.13439314995898013,0.00013439314995898014
2024-03-01,123208,buy,rebalance,116.994,0.001148718309990086,0.13439314995898013,0.00013439314995898014
2024-03-01,110088,buy,rebalance,133.335,2.0795407684884584e-19,2.772755683664086e-17,2.772755683664086e-20
2024-03-01,127012,buy,rebalance,134.149,0.0010018199908980324,0.13439314995898013,0.00013439314995898014
2024-03-06,127012,sell,risk_exit_next_open,137.0,0.0010018199908980324,0.13724933875303044,0.00013724933875303044
2024-03-11,110088,sell,risk_exit_next_open,130.7,0.0010089545478558577,0.1318703594047606,0.00013187035940476061
2024-03-12,113021,sell,rebalance,115.1,0.0011468794086816776,0.13200581993926108,0.00013200581993926108
2024-03-12,113055,sell,rebalance,117.95,0.0011439634234845601,0.13493048580000389,0.0001349304858000039
2024-03-12,123214,sell,rebalance,105.6,0.0012240928131795256,0.1292642010717579,0.0001292642010717579
2024-03-12,123208,sell,rebalance,116.211,0.001148718309990086,0.1334937035222579,0.0001334937035222579
2024-03-12,113044,sell,rebalance_resize,118.722,2.6809346930498067e-07,3.182859286282591e-05,3.182859286282591e-08
2024-03-12,127049,sell,rebalance_resize,100.53,1.7361934816432612e-05,0.0017453953070959705,1.7453953070959706e-06
2024-03-12,128087,sell,rebalance_resize,113.253,2.0585948648466154e-06,0.00023314204422847373,2.3314204422847373e-07
2024-03-12,127015,sell,rebalance_resize,104.497,1.431275428787949e-05,0.0014956398848205432,1.4956398848205432e-06
2024-03-12,113050,sell,rebalance_resize,113.36,1.460507703123876e-05,0.0016556315322612258,1.655631532261226e-06
2024-03-12,127063,sell,rebalance_resize,131.999,8.41241929517769e-06,0.0011104309345441599,1.11043093454416e-06
2024-03-12,127032,sell,rebalance_resize,119.503,1.787156170719746e-05,0.002135705238695218,2.135705238695218e-06
2024-03-12,123204,buy,rebalance,113.5,0.001174280127650384,0.1332807944883186,0.00013328079448831858
2024-03-12,123207,buy,rebalance,112.462,1.4200188591579151e-05,0.0015969816093861745,1.5969816093861744e-06
2024-03-12,128081,buy,rebalance,112.084,7.1284930891708875e-06,0.0007989900194066298,7.989900194066298e-07
2024-03-12,123205,buy,rebalance,116.629,0.0011427757632177125,0.1332807944883186,0.00013328079448831858
2024-03-12,123107,buy,rebalance,120.8,2.6405066133921425e-06,0.0003189731988977708,3.189731988977708e-07
2024-03-12,110084,buy,rebalance,115.18,9.571679820200742e-06,0.0011024660816907215,1.1024660816907216e-06
2024-03-12,127103,buy,rebalance,104.9,7.457349922817955e-06,0.0007822760069036036,7.822760069036036e-07
2024-03-12,113058,buy,rebalance,113.527,1.999075352391575e-06,0.00022694902753095833,2.2694902753095834e-07
2024-03-12,123221,buy,rebalance,128.632,0.00103614026438459,0.1332807944883186,0.00013328079448831858
2024-03-12,111007,buy,rebalance,129.37,8.483022480754935e-06,0.001097448618335266,1.097448618335266e-06
2024-03-12,128123,buy,rebalance,132.001,0.0010096953393407518,0.1332807944883186,0.00013328079448831858
2024-03-12,113628,buy,rebalance,115.294,0.0011560080705701823,0.1332807944883186,0.00013328079448831858
2024-03-12,113631,buy,rebalance,120.701,0.001104222785961331,0.1332807944883186,0.00013328079448831858
2024-03-21,123107,sell,rebalance,122.91,0.0011044299997659132,0.13574549127122837,0.00013574549127122836
2024-03-21,127032,sell,rebalance,119.927,0.0011164193892529855,0.1338888280949428,0.0001338888280949428
2024-03-21,111007,sell,rebalance,130.897,0.0010312619414988686,0.13498909435637738,0.00013498909435637738
2024-03-21,123205,sell,rebalance,124.744,0.0011427757632177125,0.14255441980683034,0.00014255441980683033
2024-03-21,113628,sell,rebalance,124.07,0.0011560080705701823,0.14342592131564252,0.00014342592131564251
2024-03-21,127049,sell,rebalance_resize,103.8,1.3504551300739035e-05,0.0014017724250167118,1.4017724250167118e-06
2024-03-21,123207,sell,rebalance_resize,117.0,2.088812057225518e-05,0.002443910106953856,2.443910106953856e-06
2024-03-21,128087,sell,rebalance_resize,116.677,9.390563514333816e-06,0.0010956627791619267,1.0956627791619268e-06
2024-03-21,123204,sell,rebalance_resize,123.571,7.083854942132789e-05,0.008753590390542909,8.753590390542909e-06
2024-03-21,128081,sell,rebalance_resize,115.02,4.834190646930213e-06,0.0005560286082099131,5.56028608209913e-07
2024-03-21,113044,buy,rebalance,119.303,1.913344505890145e-05,0.0022826773958621194,2.2826773958621195e-06
2024-03-21,127015,buy,rebalance,106.319,5.747513090607022e-06,0.000611069844280248,6.110698442802481e-07
2024-03-21,127063,buy,rebalance,127.866,5.558953694942979e-05,0.0071080117315757895,7.10801173157579e-06
2024-03-21,127103,buy,rebalance,106.152,1.267054311941221e-05,0.001345003493211845,1.3450034932118452e-06
2024-03-21,113050,buy,rebalance,113.303,2.649474935657096e-05,0.0030019345863475594,3.0019345863475595e-06
2024-03-21,128123,buy,rebalance,130.369,3.617114835712505e-05,0.004715596440170036,4.715596440170036e-06
2024-03-21,123221,buy,rebalance,129.986,1.283175970735598e-05,0.0016679491173203743,1.6679491173203743e-06
2024-03-21,123198,buy,rebalance,99.23,0.0013727139506270543,0.1362144053207226,0.0001362144053207226
2024-03-21,123228,buy,rebalance,120.567,0.001129781825215213,0.1362144053207226,0.0001362144053207226
2024-03-21,113058,buy,rebalance,115.5,5.358188132569088e-06,0.0006188707293117297,6.188707293117298e-07
2024-03-21,113631,buy,rebalance,122.7,7.044511437862633e-06,0.000864361553425745,8.64361553425745e-07
2024-03-21,110063,buy,rebalance,103.231,0.0013195106636642345,0.1362144053207226,0.0001362144053207226
2024-03-21,110084,buy,rebalance,117.58,1.3515608319089655e-06,0.00015891652261585616,1.5891652261585617e-07
2024-03-21,123202,buy,rebalance,115.94,0.0011748698061128395,0.1362144053207226,0.0001362144053207226
2024-03-21,127027,buy,rebalance,115.608,0.0011782437661816015,0.1362144053207226,0.0001362144053207226
2024-04-03,127063,sell,risk_exit_next_open,121.775,0.0010663204233493232,0.12985116955336384,0.00012985116955336384
2024-04-11,127103,sell,rebalance,104.999,0.0012844977674629143,0.13487098108583853,0.00013487098108583853
2024-04-11,123221,sell,rebalance,127.633,0.001048972024091946,0.13388344635092733,0.00013388344635092733
2024-04-11,128123,sell,rebalance,126.419,0.0010458664876978768,0.13221739550827788,0.0001322173955082779
2024-04-11,123198,sell,rebalance,95.1,0.0013727139506270543,0.13054509670463285,0.00013054509670463286
2024-04-11,123202,sell,rebalance,115.948,0.0011748698061128395,0.1362238042791715,0.0001362238042791715
2024-04-11,113044,sell,rebalance_resize,120.213,1.638416746023334e-05,0.0019695899228970304,1.9695899228970306e-06
2024-04-11,127049,sell,rebalance_resize,104.065,1.229991678175203e-05,0.0012799908398930249,1.2799908398930249e-06
2024-04-11,128087,sell,rebalance_resize,117.7,1.8074774498867797e-05,0.0021274009585167397,2.1274009585167397e-06
2024-04-11,127015,sell,rebalance_resize,106.44,1.0207065037681011e-05,0.0010864400026107668,1.0864400026107668e-06
2024-04-11,128081,sell,rebalance_resize,115.91,1.714222757368407e-05,0.0019869555980657205,1.9869555980657207e-06
2024-04-11,113050,sell,rebalance_resize,114.731,2.307391798333964e-05,0.00264729368414654,2.64729368414654e-06
2024-04-11,110084,sell,rebalance_resize,117.5,7.139976999353737e-06,0.0008389472974240642,8.389472974240642e-07
2024-04-11,113631,sell,rebalance_resize,126.056,3.6970978607180114e-05,0.004660413679306696,4.660413679306697e-06
2024-04-11,113058,sell,rebalance_resize,116.5,1.8126990256440553e-05,0.0021117943648753246,2.1117943648753244e-06
2024-04-11,123228,sell,rebalance_resize,121.681,1.6859538566960166e-05,0.00205148551236628,2.05148551236628e-06
2024-04-11,127027,sell,rebalance_resize,117.449,2.5219928076159608e-05,0.0029620553326168697,2.9620553326168697e-06
2024-04-11,128087,buy,rebalance,117.7,2.3557388372307917e-19,2.772704611420642e-17,2.772704611420642e-20
2024-04-11,123207,buy,rebalance,113.72,2.539309264386517e-05,0.002887702495460347,2.887702495460347e-06
2024-04-11,113050,buy,rebalance,114.731,2.416700465803176e-19,2.772704611420642e-17,2.772704611420642e-20
2024-04-11,123204,buy,rebalance,119.76,2.730434825661104e-05,0.0032699687472117385,3.2699687472117386e-06
2024-04-11,110063,buy,rebalance,101.248,1.79935065883758e-05,0.001821806555059873,1.8218065550598732e-06
2024-04-11,110084,buy,rebalance,117.5,2.359748605464376e-19,2.772704611420642e-17,2.772704611420642e-20
2024-04-11,113631,buy,rebalance,126.056,2.1995816235805056e-19,2.772704611420642e-17,2.772704611420642e-20
2024-04-11,113628,buy,rebalance,121.719,0.001111431241005079,0.1352822992238972,0.0001352822992238972
2024-04-11,127075,buy,rebalance,84.384,0.0016031747632714402,0.1352822992238972,0.0001352822992238972
2024-04-11,110079,buy,rebalance,112.899,0.0011982594994100675,0.1352822992238972,0.0001352822992238972
2024-04-11,123229,buy,rebalance,115.666,0.0011695943425371086,0.1352822992238972,0.0001352822992238972
2024-04-11,118026,buy,rebalance,101.99,0.0013264270930865498,0.1352822992238972,0.0001352822992238972
2024-04-11,113055,buy,rebalance,119.9,0.001128292737480377,0.1352822992238972,0.0001352822992238972
2024-04-11,127027,buy,rebalance,117.449,2.3607732815269965e-19,2.772704611420642e-17,2.772704611420642e-20
2024-04-23,110084,sell,rebalance,116.755,0.0011525233766948601,0.13456286684600838,0.00013456286684600838
2024-04-23,127027,sell,rebalance,122.027,0.001153023838105442,0.14070003989249277,0.00014070003989249277
2024-04-23,113628,sell,rebalance,114.854,0.001111431241005079,0.12765232375439733,0.00012765232375439733
2024-04-23,118026,sell,rebalance,92.5,0.0013264270930865498,0.12269450611050585,0.00012269450611050584
2024-04-23,113055,sell,rebalance,122.196,0.001128292737480377,0.13787285934915214,0.00013787285934915215
2024-04-23,113044,sell,rebalance_resize,120.666,9.188827113787423e-06,0.0011087790125122732,1.1087790125122732e-06
2024-04-23,127075,sell,rebalance_resize,93.2,0.00015657574933862042,0.014592859838359423,1.4592859838359423e-05
2024-04-23,128087,sell,rebalance_resize,122.001,4.5467238723454114e-05,0.0055470485915001255,5.547048591500126e-06
2024-04-23,110079,sell,rebalance_resize,116.4,3.998606213739738e-05,0.004654377632793055,4.654377632793055e-06
2024-04-23,123228,sell,rebalance_resize,123.0,1.6800106985335645e-05,0.002066413159196284,2.0664131591962844e-06
2024-04-23,123229,sell,rebalance_resize,116.632,1.362489934365568e-05,0.0015890992602492493,1.5890992602492494e-06
2024-04-23,113050,sell,rebalance_resize,117.2,2.997206610960739e-05,0.003512726148045986,3.512726148045986e-06
2024-04-23,113058,sell,rebalance_resize,116.1,1.1498893249001913e-06,0.0001335021506209122,1.335021506209122e-07
2024-04-23,127049,buy,rebalance,103.144,5.8114456403517325e-06,0.0005994157491284391,5.994157491284392e-07
2024-04-23,110092,buy,rebalance,82.2,0.0016384661102308471,0.13468191426097564,0.00013468191426097565
2024-04-23,128087,buy,rebalance,122.001,2.272647353026131e-19,2.7726524971654107e-17,2.7726524971654105e-20
2024-04-23,127015,buy,rebalance,105.001,1.172419878859063e-05,0.0012310525970008048,1.2310525970008047e-06
2024-04-23,123204,buy,rebalance,113.2,6.0207140378084484e-05,0.006815448290799163,6.815448290799163e-06
2024-04-23,110063,buy,rebalance,98.77,2.7487057328612018e-05,0.002714896652347009,2.714896652347009e-06
2024-04-23,123205,buy,rebalance,122.0,0.001103950116893243,0.13468191426097564,0.00013468191426097565
2024-04-23,123156,buy,rebalance,95.859,0.0014050002009302794,0.13468191426097564,0.00013468191426097565
2024-04-23,128081,buy,rebalance,114.51,9.048224347071454e-06,0.0010361121699831522,1.0361121699831521e-06
2024-04-23,123207,buy,rebalance,106.239,7.816551277493488e-05,0.008304225911696307,8.304225911696307e-06
2024-04-23,127103,buy,rebalance,100.55,0.0013394521557531143,0.13468191426097564,0.00013468191426097565
2024-04-23,113631,buy,rebalance,124.395,9.5236645309666e-06,0.0011846962493295902,1.1846962493295902e-06
2024-04-23,127055,buy,rebalance,111.4,0.0012089938443534617,0.13468191426097564,0.00013468191426097565
2024-05-06,113058,sell,rebalance,112.111,0.001161266391890946,0.13019073646128584,0.00013019073646128583
2024-05-06,123228,sell,rebalance,129.7,0.001096122179662917,0.14216704670228034,0.00014216704670228034
2024-05-06,127075,sell,rebalance,122.5,0.0014465990139328198,0.17720837920677043,0.00017720837920677044
2024-05-06,123229,sell,rebalance,121.519,0.001155969443193453,0.14047225076742523,0.00014047225076742524
2024-05-06,110092,sell,rebalance_resize,87.689,3.7668860815686614e-05,0.003303144736066743,3.303144736066743e-06
2024-05-06,127055,sell,rebalance_resize,119.0,2.9394600622655066e-05,0.003497957474095953,3.497957474095953e-06
2024-05-06,123204,sell,rebalance_resize,124.0,5.891830876725156e-05,0.007305870287139193,7.305870287139194e-06
2024-05-06,123205,sell,rebalance_resize,132.0,4.052352595410667e-05,0.00534910542594208,5.34910542594208e-06
2024-05-06,113044,buy,rebalance,118.3,6.925503543257034e-05,0.008192870691673071,8.192870691673071e-06
2024-05-06,127049,buy,rebalance,102.7,5.969108796935535e-05,0.006130274734452795,6.1302747344527955e-06
2024-05-06,128087,buy,rebalance,121.85,4.691138007865355e-05,0.005716151662583935,5.716151662583935e-06
2024-05-06,127015,buy,rebalance,104.8,5.542611276936987e-05,0.005808656618229963,5.808656618229963e-06
2024-05-06,123207,buy,rebalance,110.2,4.823813155327644e-06,0.0005315842097171064,5.315842097171064e-07
2024-05-06,110079,buy,rebalance,118.6,2.5304218747279354e-05,0.0030010803434273314,3.0010803434273314e-06
2024-05-06,110063,buy,rebalance,100.8,2.7591212934313405e-05,0.002781194263778791,2.781194263778791e-06
2024-05-06,113050,buy,rebalance,117.2,4.734882171866207e-05,0.005549281905427195,5.5492819054271946e-06
2024-05-06,128081,buy,rebalance,115.256,4.0536206224956524e-05,0.004672040984663589,4.672040984663589e-06
2024-05-06,127103,buy,rebalance,104.457,4.376501052710069e-06,0.00045715617046293566,4.5715617046293567e-07
2024-05-06,123198,buy,rebalance,94.1,0.0014917354941973008,0.140372310003966,0.000140372310003966
2024-05-06,123190,buy,rebalance,97.5,0.0014397160000406768,0.140372310003966,0.000140372310003966
2024-05-06,123156,buy,rebalance,98.0,2.7370309314271676e-05,0.002682290312798624,2.6822903127986243e-06
2024-05-06,113055,buy,rebalance,124.865,0.0011241926080484202,0.140372310003966,0.000140372310003966
2024-05-06,113631,buy,rebalance,127.77,1.4812794355395003e-05,0.0018926307347888194,1.8926307347888193e-06
2024-05-13,113631,sell,rebalance,129.2,0.001098632777678375,0.14194335487604604,0.00014194335487604604
2024-05-13,110092,sell,rebalance,94.017,0.0016007972494151606,0.15050215499826514,0.00015050215499826515
2024-05-13,123156,sell,rebalance,106.2,0.0014323705102445511,0.15211774818797133,0.00015211774818797133
2024-05-13,127103,sell,rebalance,107.881,0.0013438286568058244,0.14497357932486915,0.00014497357932486915
2024-05-13,123190,sell,rebalance,103.2,0.0014397160000406768,0.14857869120419787,0.00014857869120419787
2024-05-13,127049,sell,rebalance_resize,105.578,2.1236870614807904e-06,0.0002242146325770189,2.242146325770189e-07
2024-05-13,123207,sell,rebalance_resize,115.0,2.0910695533417886e-05,0.002404729986343057,2.404729986343057e-06
2024-05-13,127015,sell,rebalance_resize,107.592,2.8068418189200137e-07,3.019937249812421e-05,3.019937249812421e-08
2024-05-13,123198,sell,rebalance_resize,96.664,1.1929921585921755e-06,0.00011531939401815405,1.1531939401815406e-07
2024-05-13,123204,sell,rebalance_resize,130.5,2.795965911512277e-05,0.003648735514523521,3.648735514523521e-06
2024-05-13,123205,sell,rebalance_resize,135.99,3.923683246881637e-06,0.0005335816847434338,5.335816847434338e-07
2024-05-13,127075,buy,rebalance,125.261,0.0011490945313563047,0.14393673009222208,0.00014393673009222208
2024-05-13,113033,buy,rebalance,113.671,0.0012662572695957815,0.14393673009222208,0.00014393673009222208
2024-05-13,113044,buy,rebalance,119.56,1.8502602269566552e-05,0.002212171127349377,2.212171127349377e-06
2024-05-13,128087,buy,rebalance,124.2,8.061673592033203e-06,0.0010012598601305239,1.0012598601305239e-06
2024-05-13,123056,buy,rebalance,117.55,0.0012244723955101835,0.14393673009222208,0.00014393673009222208
2024-05-13,110063,buy,rebalance,102.159,1.7767807433430122e-05,0.001815141439591788,1.8151414395917881e-06
2024-05-13,110079,buy,rebalance,120.909,8.069095727950684e-06,0.0009756262953707893,9.756262953707893e-07
2024-05-13,113050,buy,rebalance,117.927,2.4047865935380372e-05,0.0028358926861616015,2.8358926861616014e-06
2024-05-13,113055,buy,rebalance,126.26,1.6941911867582527e-05,0.00213908579240097,2.1390857924009703e-06
2024-05-13,111015,buy,rebalance,132.99,0.001082312430199429,0.14393673009222208,0.00014393673009222208
2024-05-13,113062,buy,rebalance,120.48,0.001194693974869041,0.14393673009222208,0.00014393673009222208
2024-05-13,128081,buy,rebalance,114.679,3.843586326407553e-05,0.004407786363260918,4.4077863632609185e-06
2024-05-13,123107,buy,rebalance,129.14,0.0011145789847624445,0.14393673009222208,0.00014393673009222208
2024-05-13,127055,buy,rebalance,118.478,3.6469946338200815e-05,0.004320886302257356,4.320886302257356e-06
2024-05-13,123204,buy,rebalance,130.5,2.1247225757100572e-19,2.7727629613016247e-17,2.772762961301625e-20
2024-05-21,123204,sell,rebalance,129.66,0.0011040750989813773,0.1431543773339254,0.00014315437733392538
2024-05-21,123205,sell,rebalance,133.45,0.0010595029076922546,0.14139066303153136,0.00014139066303153137
2024-05-21,123056,sell,rebalance,116.398,0.0012244723955101835,0.14252613789259433,0.00014252613789259434
2024-05-21,127049,sell,rebalance_resize,112.66,8.03143199705633e-05,0.009048211287883662,9.048211287883662e-06
2024-05-21,127015,sell,rebalance_resize,113.739,6.695322372890889e-05,0.007615192713702368,7.615192713702368e-06
2024-05-21,113062,sell,rebalance_resize,121.563,4.378161290529864e-06,0.0005322224209606818,5.322224209606819e-07
2024-05-21,113050,sell,rebalance_resize,119.3,8.868924316088005e-06,0.0010580626709092988,1.058062670909299e-06
2024-05-21,128087,sell,rebalance_resize,125.5,7.095793177193814e-06,0.0008905220437378236,8.905220437378236e-07
2024-05-21,123198,sell,rebalance_resize,99.63,3.818516744024857e-05,0.003804388232071965,3.8043882320719652e-06
2024-05-21,110063,sell,rebalance_resize,103.141,7.432288591924904e-06,0.0007665736776597265,7.665736776597266e-07
2024-05-21,128081,sell,rebalance_resize,115.882,7.683590871678955e-06,0.0008903898773919007,8.903898773919006e-07
2024-05-21,123107,sell,rebalance_resize,131.59,1.4963806967440665e-05,0.001969087358845517,1.969087358845517e-06
2024-05-21,113033,buy,rebalance,111.65,2.9710928417948066e-05,0.0033172251578639017,3.317225157863902e-06
2024-05-21,113044,buy,rebalance,119.69,3.8569726806996125e-06,0.0004616410601529366,4.616410601529366e-07
2024-05-21,127075,buy,rebalance,123.21,2.5283061939941506e-05,0.0031151260616201926,3.115126061620193e-06
2024-05-21,110079,buy,rebalance,121.2,2.231753866679332e-06,0.00027048856864153505,2.7048856864153505e-07
2024-05-21,123207,buy,rebalance,111.1,4.947788963015729e-05,0.005496993537910474,5.496993537910475e-06
2024-05-21,113062,buy,rebalance,121.563,2.2808109322081343e-19,2.7726221935201743e-17,2.772622193520174e-20
2024-05-21,111015,buy,rebalance,129.021,3.9156266578597144e-05,0.005051980670237182,5.051980670237182e-06
2024-05-21,113055,buy,rebalance,125.998,7.27569860526446e-06,0.0009167234728661115,9.167234728661116e-07
2024-05-21,127032,buy,rebalance,124.35,0.0011624071690581534,0.14454533147238136,0.00014454533147238136
2024-05-21,113068,buy,rebalance,119.011,0.00121455438129569,0.14454533147238136,0.00014454533147238136
2024-05-21,127055,buy,rebalance,118.599,3.990508545323445e-06,0.0004732703229668152,4.732703229668152e-07
2024-05-21,113631,buy,rebalance,130.055,0.0011114169503085721,0.14454533147238136,0.00014454533147238136
2024-05-31,128081,sell,rebalance,112.6,0.0012486698645695154,0.1406002267505274,0.00014060022675052743
2024-05-31,123207,sell,rebalance,111.5,0.001302363110648155,0.14521348683726928,0.00014521348683726928
2024-05-31,127055,sell,rebalance,113.6,0.001220059698614331,0.138598781762588,0.000138598781762588
2024-05-31,123198,sell,rebalance,95.84,0.00145235733459846,0.1391939269479164,0.00013919392694791642
2024-05-31,113044,sell,rebalance_resize,119.809,2.3410884451935875e-05,0.0028048346553019854,2.8048346553019853e-06
2024-05-31,127075,sell,rebalance_resize,121.22,2.6493177861189164e-06,0.00032115030203333506,3.2115030203333506e-07
2024-05-31,113050,sell,rebalance_resize,121.048,3.9501685027098977e-05,0.004781599969160277,4.7815999691602776e-06
2024-05-31,110079,sell,rebalance_resize,120.362,1.3797570125490902e-05,0.0016607031354443358,1.6607031354443358e-06
2024-05-31,127049,sell,rebalance_resize,112.1,1.7325658695021156e-05,0.0019422063397118714,1.9422063397118715e-06
2024-05-31,113055,sell,rebalance_resize,125.7,1.8442823474826225e-05,0.0023182629107856567,2.3182629107856568e-06
2024-05-31,113062,sell,rebalance_resize,121.5,2.1287817221823055e-05,0.002586469792451501,2.5864697924515014e-06
2024-05-31,123107,sell,rebalance_resize,129.188,1.5623766637230635e-07,2.018403164330551e-05,2.0184031643305513e-08
2024-05-31,127032,sell,rebalance_resize,124.999,2.6102866165029032e-05,0.003262832167762464,3.262832167762464e-06
2024-05-31,127015,sell,rebalance_resize,113.344,1.9047696031010716e-05,0.0021589420589388786,2.1589420589388785e-06
2024-05-31,113631,sell,rebalance_resize,128.3,4.348348926361559e-06,0.0005578931672521881,5.57893167252188e-07
2024-05-31,110072,buy,rebalance,96.26,0.0014740242458028622,0.14188957390098353,0.00014188957390098354
2024-05-31,113033,buy,rebalance,108.31,1.540811759319893e-05,0.001668853216519376,1.6688532165193762e-06
2024-05-31,127075,buy,rebalance,121.22,2.2873111836519677e-19,2.7726786168229152e-17,2.772678616822915e-20
2024-05-31,110092,buy,rebalance,82.1,0.0017282530316806764,0.14188957390098353,0.00014188957390098354
2024-05-31,111015,buy,rebalance,119.662,6.544753243614118e-05,0.007831582626373526,7.831582626373526e-06
2024-05-31,128087,buy,rebalance,121.25,1.8444222232724822e-05,0.0022363619457178847,2.2363619457178848e-06
2024-05-31,113055,buy,rebalance,125.7,2.205790466844006e-19,2.7726786168229152e-17,2.772678616822915e-20
2024-05-31,113068,buy,rebalance,114.0,3.135079930836631e-05,0.0035739911211537592,3.5739911211537592e-06
2024-05-31,110063,buy,rebalance,99.83,1.98491854709003e-05,0.001981544185559977,1.981544185559977e-06
2024-05-31,123225,buy,rebalance,126.5,0.0011216567106797116,0.14188957390098353,0.00014188957390098354
2024-05-31,123201,buy,rebalance,124.518,0.0011395105438650117,0.14188957390098353,0.00014188957390098354
2024-06-12,113068,sell,rebalance,114.317,0.0012459051806040563,0.14242814253111388,0.0001424281425311139
2024-06-12,113631,sell,rebalance,128.0,0.0011070686013822106,0.14170478097692296,0.00014170478097692295
2024-06-12,123225,sell,rebalance,122.2,0.0011216567106797116,0.13706645004506077,0.00013706645004506077
2024-06-12,123201,sell,rebalance,135.5,0.0011395105438650117,0.15440367869370908,0.0001544036786937091
2024-06-12,113044,sell,rebalance_resize,119.66,3.2690195367661895e-05,0.003911708777694423,3.911708777694422e-06
2024-06-12,127049,sell,rebalance_resize,110.78,2.1807541045425953e-05,0.002415839397012287,2.4158393970122874e-06
2024-06-12,113050,sell,rebalance_resize,119.81,2.199892851030773e-05,0.002635691624819969,2.635691624819969e-06
2024-06-12,127015,sell,rebalance_resize,111.47,1.560914600119719e-05,0.0017399515047534508,1.739951504753451e-06
2024-06-12,111015,sell,rebalance_resize,117.46,1.2486217842270658e-05,0.0014666311477531113,1.4666311477531113e-06
2024-06-12,110079,sell,rebalance_resize,119.461,2.5322904535530542e-05,0.003025099498719014,3.025099498719014e-06
2024-06-12,123107,sell,rebalance_resize,129.0,3.009034217713574e-05,0.00388165414085051,3.8816541408505106e-06
2024-06-12,113062,sell,rebalance_resize,120.45,2.3751540269158587e-05,0.002860873025420152,2.860873025420152e-06
2024-06-12,127032,sell,rebalance_resize,124.013,2.3932623022925548e-05,0.002967956378942066,2.967956378942066e-06
2024-06-12,113055,sell,rebalance_resize,126.2,3.6872710928033994e-05,0.00465333611911789,4.65333611911789e-06
2024-06-12,110072,buy,rebalance,85.8,0.00013362753461293808,0.011465242469790088,1.1465242469790088e-05
2024-06-12,110092,buy,rebalance,70.0,0.00024218648778657242,0.01695305414506007,1.695305414506007e-05
2024-06-12,113033,buy,rebalance,103.306,2.3937753203301847e-05,0.0024729135324203008,2.4729135324203007e-06
2024-06-12,110063,buy,rebalance,84.1,0.00021729682748210946,0.018274663191245405,1.8274663191245405e-05
2024-06-12,128087,buy,rebalance,117.498,2.6282201516464132e-06,0.0003088106113781503,3.088106113781503e-07
2024-06-12,127075,buy,rebalance,114.944,2.837897231684589e-05,0.003261992593987534,3.261992593987534e-06
2024-06-12,110079,buy,rebalance,119.461,2.320966016474768e-19,2.7726492129409222e-17,2.772649212940922e-20
2024-06-12,113062,buy,rebalance,120.45,2.301908852586901e-19,2.7726492129409222e-17,2.772649212940922e-20
2024-06-12,123049,buy,rebalance,84.2,0.0016366270868312285,0.13780400071118945,0.00013780400071118946
2024-06-12,123191,buy,rebalance,126.49,0.001089445811615064,0.13780400071118945,0.00013780400071118946
2024-06-12,123203,buy,rebalance,126.812,0.0010866794996624094,0.13780400071118945,0.00013780400071118946
2024-06-12,123198,buy,rebalance,90.974,0.0015147624674213451,0.13780400071118945,0.00013780400071118946
2024-06-21,110079,sell,rebalance,120.459,0.001154758030953558,0.13910099765063463,0.00013910099765063462
2024-06-21,113055,sell,rebalance,125.1,0.001093094684118407,0.13674614498321272,0.00013674614498321273
2024-06-21,113062,sell,rebalance,120.763,0.00114527645608753,0.1383070206664984,0.00013830702066649838
2024-06-21,123107,sell,rebalance,126.172,0.0010693685979514958,0.13492437474073612,0.00013492437474073613
2024-06-21,127032,sell,rebalance,123.85,0.0011123716798701988,0.1377672325519241,0.0001377672325519241
2024-06-21,123191,sell,rebalance,119.59,0.001089445811615064,0.13028682461104552,0.0001302868246110455
2024-06-21,123203,sell,rebalance,132.897,0.0010866794996624094,0.1444164454666352,0.0001444164454666352
2024-06-21,113033,sell,rebalance_resize,101.098,2.2978859362597314e-05,0.002323116723839863,2.3231167238398633e-06
2024-06-21,128087,sell,rebalance_resize,114.356,1.3859379253927881e-05,0.0015849031739621766,1.5849031739621767e-06
2024-06-21,113044,sell,rebalance_resize,119.7,4.444609553590578e-05,0.005320197635647922,5.320197635647922e-06
2024-06-21,127075,sell,rebalance_resize,112.1,1.657053948855381e-05,0.001857557476666882,1.857557476666882e-06
2024-06-21,111015,sell,rebalance_resize,119.76,6.65937972374878e-05,0.007975273157161539,7.975273157161538e-06
2024-06-21,113050,sell,rebalance_resize,122.411,6.754998050038333e-05,0.008268860663032424,8.268860663032424e-06
2024-06-21,110072,buy,rebalance,66.395,0.00039020709074563003,0.025907799790056106,2.5907799790056107e-05
2024-06-21,110092,buy,rebalance,60.01,0.00024018624754977924,0.014413576715462251,1.4413576715462252e-05
2024-06-21,123156,buy,rebalance,66.665,0.0019881235493914183,0.1325382564201789,0.00013253825642017892
2024-06-21,110063,buy,rebalance,80.1,1.627965931121769e-05,0.001304000710828537,1.3040007108285369e-06
2024-06-21,113629,buy,rebalance,99.746,0.001328757608527449,0.1325382564201789,0.00013253825642017892
2024-06-21,123198,buy,rebalance,81.999,0.00010313255627958854,0.00845676648236998,8.45676648236998e-06
2024-06-21,123056,buy,rebalance,83.396,0.0015892639505513324,0.1325382564201789,0.00013253825642017892
2024-06-21,128119,buy,rebalance,89.948,0.0014734986483321355,0.1325382564201789,0.00013253825642017892
2024-06-21,123049,buy,rebalance,77.749,6.974716957601184e-05,0.0054227726873653445,5.4227726873653445e-06
2024-06-21,127049,buy,rebalance,104.499,2.4351448411799914e-05,0.0025447020075846792,2.5447020075846795e-06
2024-06-21,113044,buy,rebalance,119.7,2.316381010871961e-19,2.772708070013738e-17,2.772708070013738e-20
2024-06-21,118016,buy,rebalance,78.603,0.0016861730012872145,0.1325382564201789,0.00013253825642017892
2024-06-21,113628,buy,rebalance,112.744,0.0011755681581297355,0.1325382564201789,0.00013253825642017892
2024-06-21,127015,buy,rebalance,106.33,1.0211173226679263e-05,0.001085754049192806,1.085754049192806e-06
2024-06-21,123147,buy,rebalance,115.172,0.0011507854028772525,0.1325382564201789,0.00013253825642017892
2024-06-24,110072,sell,risk_exit_next_open,46.034,0.0019978588711614302,0.09196943527504528,9.196943527504528e-05
2024-07-11,113050,sell,rebalance,124.399,0.0010838443032467411,0.13482914747959135,0.00013482914747959136
2024-07-11,111015,sell,rebalance,114.73,0.0011078362141344088,0.12710204884764073,0.00012710204884764073
2024-07-11,123198,sell,rebalance,88.2,0.0016178950237009336,0.14269834109042234,0.00014269834109042234
2024-07-11,123056,sell,rebalance,87.5,0.0015892639505513324,0.13906059567324158,0.0001390605956732416
2024-07-11,118016,sell,rebalance,79.3,0.0016861730012872145,0.1337135190020761,0.00013371351900207608
2024-07-11,113628,sell,rebalance,107.9,0.0011755681581297355,0.12684380426219846,0.00012684380426219847
2024-07-11,123147,sell,rebalance,112.012,0.0011507854028772525,0.12890177454708682,0.00012890177454708682
2024-07-11,110092,sell,rebalance_resize,59.878,1.3596139175125582e-05,0.0008141096215281696,8.141096215281695e-07
2024-07-11,113033,sell,rebalance_resize,106.33,7.511391671823015e-05,0.00798686276464941,7.98686276464941e-06
2024-07-11,123156,sell,rebalance_resize,68.9,7.87804426291915e-05,0.0054279724971512955,5.427972497151295e-06
2024-07-11,123049,sell,rebalance_resize,80.3,6.809604898610172e-05,0.005468112733583968,5.468112733583968e-06
2024-07-11,110063,sell,rebalance_resize,88.383,0.0001678929108274796,0.014838879137665129,1.483887913766513e-05
2024-07-11,127049,sell,rebalance_resize,105.11,1.8017647287061546e-05,0.001893834906343039,1.8938349063430392e-06
2024-07-11,128087,sell,rebalance_resize,117.412,3.9742612673418726e-05,0.00466625963921144,4.66625963921144e-06
2024-07-11,113044,sell,rebalance_resize,120.4,1.5752483498127668e-05,0.0018965990131745714,1.8965990131745715e-06
2024-07-11,128119,sell,rebalance_resize,92.654,5.3659892790902035e-05,0.004971803706648237,4.971803706648237e-06
2024-07-11,127015,sell,rebalance_resize,107.6,2.513246024614396e-05,0.00270425272248509,2.7042527224850897e-06
2024-07-11,127061,buy,rebalance,90.001,0.0014601629087754187,0.13141612195269647,0.00013141612195269648
2024-07-11,110092,buy,rebalance,59.878,4.630505455046917e-19,2.7726540563729928e-17,2.772654056372993e-20
2024-07-11,127075,buy,rebalance,95.038,0.00020047587674099313,0.019052826373710505,1.9052826373710505e-05
2024-07-11,113629,buy,rebalance,96.552,3.372406210023148e-05,0.0032561256439015505,3.2561256439015505e-06
2024-07-11,123049,buy,rebalance,80.3,3.4528693105516724e-19,2.7726540563729928e-17,2.772654056372993e-20
2024-07-11,127019,buy,rebalance,96.0,0.0013689179370072549,0.13141612195269647,0.00013141612195269648
2024-07-11,123146,buy,rebalance,91.441,0.0014371684687688943,0.13141612195269647,0.00013141612195269648
2024-07-11,123224,buy,rebalance,106.1,0.0012386062389509564,0.13141612195269647,0.00013141612195269648
2024-07-11,123202,buy,rebalance,107.566,0.0012217254704339332,0.13141612195269647,0.00013141612195269648
2024-07-11,123213,buy,rebalance,116.748,0.0011256391711438008,0.13141612195269647,0.00013141612195269648
2024-07-11,127055,buy,rebalance,106.611,0.001232669442671924,0.13141612195269647,0.00013141612195269648
2024-07-11,127103,buy,rebalance,91.054,0.0014432767583268881,0.13141612195269647,0.00013141612195269648
2024-07-23,127015,sell,rebalance,106.915,0.0012226184020066677,0.1307162464505429,0.0001307162464505429
2024-07-23,123049,sell,rebalance,81.001,0.001638278207421139,0.1327021730793197,0.0001327021730793197
2024-07-23,128119,sell,rebalance,95.11,0.0014198387555412334,0.1350408640395267,0.0001350408640395267
2024-07-23,123224,sell,rebalance,105.388,0.0012386062389509564,0.1305342343105634,0.0001305342343105634
2024-07-23,123202,sell,rebalance,103.316,0.0012217254704339332,0.12622378870335224,0.00012622378870335224
2024-07-23,123213,sell,rebalance,118.168,0.0011256391711438008,0.13301452957572066,0.00013301452957572066
2024-07-23,127061,sell,rebalance_resize,90.6,2.2036040441878437e-05,0.0019964652640341862,1.9964652640341863e-06
2024-07-23,113629,sell,rebalance_resize,96.3,9.477576432262692e-06,0.0009126906104268971,9.126906104268972e-07
2024-07-23,123156,sell,rebalance_resize,71.8,9.465934254191007e-05,0.006796540794509143,6.796540794509143e-06
2024-07-23,127055,sell,rebalance_resize,109.15,3.8951675644725335e-05,0.004251575396621771,4.251575396621771e-06
2024-07-23,113044,sell,rebalance_resize,120.266,9.25475324646559e-06,0.0011130321539394306,1.1130321539394305e-06
2024-07-23,127049,sell,rebalance_resize,105.05,1.127416363631335e-05,0.0011843508899947175,1.1843508899947175e-06
2024-07-23,110092,buy,rebalance,57.0,8.874464261186547e-05,0.005058444628876332,5.058444628876332e-06
2024-07-23,113033,buy,rebalance,103.376,2.3147196685701018e-05,0.0023928646045810287,2.3928646045810285e-06
2024-07-23,127019,buy,rebalance,93.996,1.7232980537702723e-05,0.001619831238621905,1.619831238621905e-06
2024-07-23,123207,buy,rebalance,95.002,0.0013700921832632362,0.13016149759437395,0.00013016149759437397
2024-07-23,123056,buy,rebalance,80.429,0.0016183403696971733,0.13016149759437395,0.00013016149759437397
2024-07-23,127075,buy,rebalance,92.39,2.622469513192301e-05,0.002422899583238367,2.422899583238367e-06
2024-07-23,127103,buy,rebalance,87.84,3.999635032131258e-05,0.0035132794122240975,3.5132794122240976e-06
2024-07-23,123146,buy,rebalance,88.168,4.058585764551522e-05,0.003578373896889786,3.578373896889786e-06
2024-07-23,128144,buy,rebalance,97.13,0.0013400751322389989,0.13016149759437395,0.00013016149759437397
2024-07-23,113602,buy,rebalance,122.5,0.0010625428375050936,0.13016149759437395,0.00013016149759437397
2024-07-23,128087,buy,rebalance,115.758,5.124188383689784e-06,0.0005931657989191619,5.931657989191619e-07
2024-07-23,113058,buy,rebalance,112.1,0.0011611195146688132,0.13016149759437395,0.00013016149759437397
2024-07-23,111015,buy,rebalance,110.36,0.0011794264008189014,0.13016149759437395,0.00013016149759437397
2024-07-23,110063,buy,rebalance,85.7,3.187025579973768e-05,0.0027312809220375192,2.7312809220375194e-06
2024-07-26,113602,sell,risk_exit_next_open,111.19,0.0010625428375050936,0.11814413810219135,0.00011814413810219136
2024-07-31,128087,sell,rebalance,116.0,0.0011255696288490378,0.1305660769464884,0.0001305660769464884
2024-07-31,127075,sell,rebalance,96.0,0.0014102372802113354,0.13538277890028821,0.0001353827789002882
2024-07-31,127055,sell,rebalance,105.48,0.0011937177670271987,0.1259133500660289,0.0001259133500660289
2024-07-31,111015,sell,rebalance,108.8,0.0011794264008189014,0.12832159240909646,0.00012832159240909648
2024-07-31,110092,sell,rebalance_resize,58.155,6.649221393370558e-05,0.0038668547013146477,3.866854701314647e-06
2024-07-31,113033,sell,rebalance_resize,103.7,1.5794256079286806e-05,0.0016378643554220418,1.6378643554220418e-06
2024-07-31,123207,sell,rebalance_resize,94.3,1.456467495216461e-06,0.00013734488479891227,1.3734488479891228e-07
2024-07-31,123056,sell,rebalance_resize,82.599,5.582329325648702e-05,0.004610948199692572,4.610948199692572e-06
2024-07-31,123146,sell,rebalance_resize,88.301,1.6136134129789235e-05,0.0014248367797945192,1.4248367797945192e-06
2024-07-31,113629,sell,rebalance_resize,100.99,7.503253268512703e-05,0.007577535475870978,7.577535475870978e-06
2024-07-31,113044,sell,rebalance_resize,120.449,1.1873951614567705e-05,0.0014302055980230655,1.4302055980230654e-06
2024-07-31,128144,sell,rebalance_resize,97.301,1.3651477837458748e-05,0.0013283024450625736,1.3283024450625736e-06
2024-07-31,113058,sell,rebalance_resize,113.423,2.3234359127835852e-05,0.002635310715356526,2.635310715356526e-06
2024-07-31,127061,buy,rebalance,85.38,7.341969870315009e-05,0.0062685738752749545,6.268573875274954e-06
2024-07-31,127103,buy,rebalance,86.101,1.567519702673507e-05,0.0013496501391989163,1.3496501391989162e-06
2024-07-31,123156,buy,rebalance,69.6,3.961922099976983e-05,0.00275749778158398,2.7574977815839803e-06
2024-07-31,127049,buy,rebalance,100.125,4.865432970639758e-05,0.004871514761853058,4.871514761853057e-06
2024-07-31,113668,buy,rebalance,108.511,0.0011881617188476059,0.12892861627387256,0.00012892861627387256
2024-07-31,127019,buy,rebalance,93.033,1.1228417016504157e-06,0.00010446133202964312,1.0446133202964312e-07
2024-07-31,128119,buy,rebalance,95.62,0.0013483436129875816,0.12892861627387256,0.00012892861627387256
2024-07-31,127081,buy,rebalance,113.2,0.001138945373444104,0.12892861627387256,0.00012892861627387256
2024-07-31,110063,buy,rebalance,83.8,1.978198890950274e-05,0.0016577306706163297,1.6577306706163297e-06
2024-07-31,123049,buy,rebalance,83.28,0.0015481342011752228,0.12892861627387256,0.00012892861627387256
2024-07-31,123213,buy,rebalance,116.639,0.0011053645545132636,0.12892861627387256,0.00012892861627387256
2024-08-13,113044,sell,rebalance,118.83,0.0010715103321482476,0.12732757276917625,0.00012732757276917624
2024-08-13,128119,sell,rebalance,98.55,0.0013483436129875816,0.13287926305992617,0.00013287926305992616
2024-08-13,127081,sell,rebalance,112.327,0.001138945373444104,0.12793431696285587,0.00012793431696285588
2024-08-13,123213,sell,rebalance,118.243,0.0011053645545132636,0.13070162101931182,0.00013070162101931182
2024-08-13,123156,sell,rebalance_resize,76.0,0.0001325722257461674,0.010075489156708722,1.0075489156708722e-05
2024-08-13,127061,sell,rebalance_resize,88.81,3.8159136341747786e-05,0.003388912898510621,3.388912898510621e-06
2024-08-13,123056,sell,rebalance_resize,84.79,1.9274503967306504e-05,0.0016342851913879186,1.6342851913879186e-06
2024-08-13,123146,sell,rebalance_resize,89.615,1.4660110647588618e-06,0.0001313765815683654,1.313765815683654e-07
2024-08-13,113629,sell,rebalance_resize,104.101,2.10044073041077e-05,0.0021865798047649154,2.1865798047649156e-06
2024-08-13,127049,sell,rebalance_resize,102.2,8.614020600980275e-06,0.0008803529054201841,8.803529054201841e-07
2024-08-13,113668,sell,rebalance_resize,111.75,1.7230732538721027e-05,0.0019255343612020748,1.925534361202075e-06
2024-08-13,110092,buy,rebalance,57.54,5.4758063498760944e-05,0.0031507789737187045,3.1507789737187047e-06
2024-08-13,127075,buy,rebalance,96.5,0.0013545689980252378,0.13071590830943544,0.00013071590830943545
2024-08-13,113033,buy,rebalance,104.23,1.0826005655212897e-05,0.0011283945694428403,1.1283945694428404e-06
2024-08-13,123207,buy,rebalance,94.008,2.3259324721619496e-05,0.0021865625984300056,2.1865625984300056e-06
2024-08-13,127103,buy,rebalance,86.7,1.028597810718507e-05,0.0008917943018929455,8.917943018929456e-07
2024-08-13,113600,buy,rebalance,107.998,0.001210354898326223,0.13071590830943544,0.00013071590830943545
2024-08-13,111019,buy,rebalance,104.705,0.0012484208806593329,0.13071590830943544,0.00013071590830943545
2024-08-13,113647,buy,rebalance,88.001,0.0014853911695257489,0.13071590830943544,0.00013071590830943545
2024-08-13,127019,buy,rebalance,94.233,1.3205612351563583e-06,0.00012444044687248912,1.2444044687248912e-07
2024-08-13,128144,buy,rebalance,96.7,2.671860942210216e-05,0.0025836895311172788,2.5836895311172787e-06
2024-08-13,113058,buy,rebalance,112.19,2.8424042772688234e-05,0.003188893358667893,3.188893358667893e-06
2024-08-13,123049,buy,rebalance,84.03,9.056660211568342e-06,0.0007610311575780877,7.610311575780878e-07
2024-08-13,110063,buy,rebalance,84.242,1.3164846270327025e-05,0.0011090329795048893,1.1090329795048894e-06
2024-08-21,110063,sell,rebalance,86.298,0.0015532678117733563,0.1340439056204171,0.0001340439056204171
2024-08-21,127019,sell,rebalance,94.0,0.0013885943204817643,0.13052786612528586,0.00013052786612528585
2024-08-21,128144,sell,rebalance,94.655,0.0013531422638236423,0.12808168098222686,0.00012808168098222685
2024-08-21,123049,sell,rebalance,84.438,0.001557190861386791,0.13148608195377787,0.00013148608195377788
2024-08-21,123056,sell,rebalance_resize,89.46,0.00012346658032846296,0.011045320276184297,1.1045320276184297e-05
2024-08-21,113033,sell,rebalance_resize,101.891,8.84107029816973e-06,0.000900825493750812,9.00825493750812e-07
2024-08-21,123207,sell,rebalance_resize,93.53,3.390123895767915e-05,0.003170782879711731,3.170782879711731e-06
2024-08-21,113629,sell,rebalance_resize,101.899,1.050585176666727e-05,0.0010705357891716283,1.0705357891716282e-06
2024-08-21,123146,sell,rebalance_resize,88.0,1.68208146598135e-05,0.0014802316900635881,1.4802316900635882e-06
2024-08-21,111019,sell,rebalance_resize,103.85,2.537648723338933e-05,0.0026353481991874816,2.635348199187482e-06
2024-08-21,127103,buy,rebalance,78.002,0.00011897439356357629,0.009280240646746077,9.280240646746077e-06
2024-08-21,110092,buy,rebalance,54.9,3.945556682231958e-05,0.002166110618545345,2.166110618545345e-06
2024-08-21,123156,buy,rebalance,71.6,5.214196945085736e-05,0.0037333650126813865,3.7333650126813866e-06
2024-08-21,127061,buy,rebalance,84.241,3.431264074608783e-05,0.002890531169091185,2.890531169091185e-06
2024-08-21,127075,buy,rebalance,92.488,1.870500104764553e-05,0.0017299881368946397,1.7299881368946397e-06
2024-08-21,123168,buy,rebalance,88.0,0.0014418356551423115,0.1268815376525234,0.0001268815376525234
2024-08-21,113058,buy,rebalance,105.766,3.454334624960277e-05,0.003653511559435487,3.653511559435487e-06
2024-08-21,123099,buy,rebalance,78.8,0.0016101717976208555,0.1268815376525234,0.0001268815376525234
2024-08-21,123207,buy,rebalance,93.53,2.964483348685363e-19,2.7726812760254202e-17,2.7726812760254205e-20
2024-08-21,127049,buy,rebalance,97.4,2.3664277229019278e-05,0.002304900602106478,2.304900602106478e-06
2024-08-21,113647,buy,rebalance,83.45,3.6597950169912574e-05,0.0030540989416792045,3.0540989416792048e-06
2024-08-21,111015,buy,rebalance,103.243,0.0012289601973259536,0.1268815376525234,0.0001268815376525234
2024-08-21,113600,buy,rebalance,102.2,3.240170702325997e-05,0.003311454457777169,3.311454457777169e-06
2024-08-21,113668,buy,rebalance,105.305,3.517810069861602e-05,0.00370442989406776,3.70442989406776e-06
2024-08-21,127105,buy,rebalance,86.884,0.001460355619590758,0.1268815376525234,0.0001268815376525234
2024-09-02,113647,sell,rebalance,92.7,0.0015219891196956614,0.14108839139578783,0.00014108839139578784
2024-09-02,123168,sell,rebalance,94.65,0.0014418356551423115,0.1364697447592198,0.0001364697447592198
2024-09-02,123099,sell,rebalance,78.4,0.0016101717976208555,0.1262374689334751,0.0001262374689334751
2024-09-02,127105,sell,rebalance,91.323,0.001460355619590758,0.13336405624788678,0.00013336405624788677
2024-09-02,127103,sell,rebalance_resize,80.4,1.6899200644629036e-06,0.00013586957318281745,1.3586957318281745e-07
2024-09-02,123156,sell,rebalance_resize,74.599,2.0871910074507122e-05,0.0015570236196481568,1.557023619648157e-06
2024-09-02,127075,sell,rebalance_resize,97.28,2.8988348523836636e-05,0.002819986544398828,2.819986544398828e-06
2024-09-02,113058,sell,rebalance_resize,110.279,1.5022893538039018e-05,0.0016567096764814049,1.656709676481405e-06
2024-09-02,113668,sell,rebalance_resize,116.2,8.070368179742107e-05,0.009377767824860328,9.377767824860328e-06
2024-09-02,113600,sell,rebalance_resize,107.745,2.90380282887262e-05,0.0031287023579688045,3.1287023579688047e-06
2024-09-02,110092,buy,rebalance,55.49,4.313854880733639e-05,0.002393758073319096,2.393758073319096e-06
2024-09-02,127061,buy,rebalance,84.22,4.49975159043749e-05,0.003789690789466454,3.789690789466454e-06
2024-09-02,113033,buy,rebalance,104.01,1.0732958664818646e-05,0.0011163350307277875,1.1163350307277875e-06
2024-09-02,127049,buy,rebalance,94.08,8.590884667805677e-05,0.008082304295471581,8.082304295471582e-06
2024-09-02,123056,buy,rebalance,87.07,8.205842512622687e-05,0.007144827075740573,7.1448270757405734e-06
2024-09-02,123207,buy,rebalance,94.4,2.7275759551284274e-05,0.0025748317016412356,2.5748317016412357e-06
2024-09-02,113629,buy,rebalance,104.1,9.744840636243045e-06,0.001014437910232901,1.014437910232901e-06
2024-09-02,113058,buy,rebalance,110.279,2.5142515993056687e-19,2.7726915211982983e-17,2.7726915211982986e-20
2024-09-02,111019,buy,rebalance,106.0,1.0643737372766985e-05,0.0011282361615133005,1.1282361615133005e-06
2024-09-02,113068,buy,rebalance,99.87,0.001308071220829066,0.13063707282419884,0.00013063707282419884
2024-09-02,123146,buy,rebalance,88.801,2.9280658009420867e-05,0.0026001517118945825,2.600151711894583e-06
2024-09-02,113600,buy,rebalance,107.745,2.5733830072841414e-19,2.7726915211982983e-17,2.7726915211982986e-20
2024-09-02,123202,buy,rebalance,113.339,0.0011526224232100057,0.13063707282419884,0.00013063707282419884
2024-09-02,127019,buy,rebalance,95.4,0.0013693613503584783,0.13063707282419884,0.00013063707282419884
2024-09-02,111015,buy,rebalance,104.509,2.2316700046137996e-05,0.002332296005121836,2.332296005121836e-06
2024-09-02,110079,buy,rebalance,114.4,0.0011419324547569827,0.13063707282419884,0.00013063707282419884
2024-09-11,123156,sell,rebalance,78.8,0.0017530008188502695,0.13813646452540124,0.00013813646452540124
2024-09-11,123146,sell,rebalance,90.645,0.001472612024569469,0.13348491696709952,0.0001334849169670995
2024-09-11,127103,sell,rebalance,85.55,0.0016265187572812344,0.13914867968540962,0.00013914867968540962
2024-09-11,113068,sell,rebalance,98.666,0.001308071220829066,0.12906215507432062,0.00012906215507432062
2024-09-11,123202,sell,rebalance,108.5,0.0011526224232100057,0.12505953291828562,0.00012505953291828563
2024-09-11,127019,sell,rebalance,94.798,0.0013693613503584783,0.12981271729128302,0.00012981271729128302
2024-09-11,110079,sell,rebalance,111.6,0.0011419324547569827,0.12743966195087927,0.00012743966195087928
2024-09-11,127061,sell,rebalance_resize,84.261,4.926323900018208e-06,0.00041509697813943425,4.150969781394343e-07
2024-09-11,123056,sell,rebalance_resize,88.595,2.9778946542865513e-05,0.00263826576896517,2.63826576896517e-06
2024-09-11,113033,sell,rebalance_resize,104.176,5.403454062757299e-06,0.0005629102304418043,5.629102304418043e-07
2024-09-11,123207,sell,rebalance_resize,95.1,1.3905161197105789e-05,0.0013223808298447604,1.3223808298447604e-06
2024-09-11,113600,sell,rebalance_resize,113.21,6.172887271333368e-05,0.006988325679876505,6.988325679876505e-06
2024-09-11,110092,buy,rebalance,53.503,8.084354534557952e-05,0.004325372206624541,4.325372206624541e-06
2024-09-11,118026,buy,rebalance,91.5,0.0014238776252858477,0.13028480271365506,0.00013028480271365506
2024-09-11,127061,buy,rebalance,84.261,3.2906674934164464e-19,2.7727493366276317e-17,2.7727493366276315e-20
2024-09-11,123247,buy,rebalance,90.29,0.001442959383250139,0.13028480271365506,0.00013028480271365506
2024-09-11,123198,buy,rebalance,98.8,0.0013186720922434723,0.13028480271365506,0.00013028480271365506
2024-09-11,113033,buy,rebalance,104.176,2.661600883723345e-19,2.7727493366276317e-17,2.7727493366276315e-20
2024-09-11,127075,buy,rebalance,93.501,5.0479904035527444e-05,0.004719921507225852,4.719921507225852e-06
2024-09-11,127049,buy,rebalance,92.9,1.390526409435172e-05,0.0012917990343652749,1.2917990343652749e-06
2024-09-11,113058,buy,rebalance,108.9,1.1741142911274025e-05,0.0012786104630377413,1.2786104630377413e-06
2024-09-11,113629,buy,rebalance,103.668,1.815269858428286e-06,0.00018818539568354358,1.881853956835436e-07
2024-09-11,128087,buy,rebalance,112.34,0.0011597365383091958,0.13028480271365506,0.00013028480271365506
2024-09-11,110063,buy,rebalance,83.35,0.0015631050115615486,0.13028480271365506,0.00013028480271365506
2024-09-11,113050,buy,rebalance,117.699,0.0011069321125383824,0.13028480271365506,0.00013028480271365506
2024-09-11,111019,buy,rebalance,104.646,1.2565168050169443e-05,0.0013148945757780316,1.3148945757780318e-06
2024-09-11,113668,buy,rebalance,114.271,1.5872062453214675e-05,0.001813716448591294,1.813716448591294e-06
2024-09-11,111015,buy,rebalance,100.004,5.278502193107012e-05,0.0052787133331947365,5.278713333194737e-06
2024-09-11,123172,buy,rebalance,90.2,0.0014443991431669074,0.13028480271365506,0.00013028480271365506
2024-09-23,113050,sell,rebalance,118.78,0.0011069321125383824,0.13148139632730907,0.00013148139632730908
2024-09-23,110092,sell,rebalance_resize,54.349,0.00010538126370001306,0.00572736630083201,5.72736630083201e-06
2024-09-23,127061,sell,rebalance_resize,84.391,4.586805553916438e-05,0.0038708510750056217,3.870851075005622e-06
2024-09-23,113033,sell,rebalance_resize,103.194,2.364755832298463e-05,0.002440286133582076,2.4402861335820757e-06
2024-09-23,123207,sell,rebalance_resize,95.0,3.71842565344113e-05,0.003532504370769074,3.532504370769074e-06
2024-09-23,123056,sell,rebalance_resize,86.129,4.592183810536371e-07,3.955201994176871e-05,3.955201994176871e-08
2024-09-23,113058,sell,rebalance_resize,108.8,3.2615705531962035e-05,0.003548588761877469,3.5485887618774694e-06
2024-09-23,128087,sell,rebalance_resize,110.99,1.7767769785778507e-05,0.0019720447685235565,1.9720447685235567e-06
2024-09-23,111019,sell,rebalance_resize,101.765,7.650305993432784e-07,7.785333894216873e-05,7.785333894216873e-08
2024-09-23,118026,buy,rebalance,85.162,6.435503977860775e-05,0.005480603897625794,5.480603897625794e-06
2024-09-23,123247,buy,rebalance,87.205,1.0467298405037491e-05,0.0009128007574112943,9.128007574112944e-07
2024-09-23,127049,buy,rebalance,86.4,6.30825041431121e-05,0.005450328357964885,5.450328357964885e-06
2024-09-23,123198,buy,rebalance,96.008,1.4986197152991686e-06,0.00014387948162644258,1.4387948162644258e-07
2024-09-23,127075,buy,rebalance,90.319,8.551950164544819e-06,0.0007724035869115235,7.724035869115235e-07
2024-09-23,110063,buy,rebalance,79.998,2.124931133422371e-05,0.0016999024081152286,1.6999024081152285e-06
2024-09-23,111015,buy,rebalance,95.0,3.0083953000848632e-05,0.00285797553508062,2.85797553508062e-06
2024-09-23,113629,buy,rebalance,99.813,1.1810880075868664e-05,0.001178879373012679,1.1788793730126791e-06
2024-09-23,123216,buy,rebalance,78.5,0.0016127756700052627,0.12660289009541312,0.0001266028900954131
2024-09-23,123172,buy,rebalance,83.545,7.263001734247048e-05,0.006067874798876697,6.067874798876697e-06
2024-09-23,113668,buy,rebalance,110.8,2.646535672040763e-06,0.0002932361524621165,2.932361524621165e-07
2024-09-23,113600,buy,rebalance,109.221,8.465339466759949e-06,0.0009245928418989884,9.245928418989883e-07
2024-10-08,113058,sell,rebalance,129.0,0.0011649550884045414,0.15027920640418582,0.00015027920640418583
2024-10-08,113668,sell,rebalance,141.2,0.001143924003335335,0.16152206927094928,0.0001615220692709493
2024-10-08,113600,sell,rebalance,138.004,0.001160455043814183,0.16014743786653252,0.00016014743786653253
2024-10-08,111019,sell,rebalance,125.0,0.0012454882682495366,0.1556860335311921,0.0001556860335311921
2024-10-08,111015,sell,rebalance,119.91,0.0013341458723040102,0.15997743154797386,0.00015997743154797387
2024-10-08,128087,sell,rebalance,140.933,0.0011419687685234174,0.16094108445431077,0.00016094108445431076
2024-10-08,123172,sell,rebalance,112.0,0.001517029160509378,0.16990726597705033,0.00016990726597705035
2024-10-08,110092,sell,rebalance_resize,82.0,0.0003226745898812144,0.026459316370259583,2.6459316370259585e-05
2024-10-08,123056,sell,rebalance_resize,114.1,2.7489345705224674e-05,0.0031365343449661354,3.1365343449661355e-06
2024-10-08,118026,sell,rebalance_resize,130.2,0.00022269811784592872,0.028995294943539918,2.8995294943539917e-05
2024-10-08,123216,sell,rebalance_resize,104.308,3.3102029940721725e-05,0.003452806539056802,3.452806539056802e-06
2024-10-08,123198,sell,rebalance_resize,129.9,5.171345216006358e-05,0.006717577435592259,6.717577435592259e-06
2024-10-08,123247,buy,rebalance,113.0,4.732895275188427e-06,0.0005348171660962923,5.348171660962923e-07
2024-10-08,127061,buy,rebalance,107.58,2.9693912273939064e-05,0.0031944710824303646,3.1944710824303647e-06
2024-10-08,127049,buy,rebalance,110.001,3.0977697277819636e-05,0.0034075776782574382,3.4075776782574382e-06
2024-10-08,123049,buy,rebalance,98.999,0.0016626273730222481,0.16459844730182954,0.00016459844730182954
2024-10-08,110063,buy,rebalance,103.66,5.188692480025097e-06,0.0005378598624794016,5.378598624794016e-07
2024-10-08,113033,buy,rebalance,123.33,0.00010767510825625027,0.013279571101243346,1.3279571101243346e-05
2024-10-08,123207,buy,rebalance,122.0,1.6397573424827193e-05,0.0020005039578289176,2.0005039578289175e-06
2024-10-08,123156,buy,rebalance,95.0,0.0017326152347561005,0.16459844730182954,0.00016459844730182954
2024-10-08,127075,buy,rebalance,115.601,2.2015367397666105e-05,0.0025449984865375994,2.5449984865375995e-06
2024-10-08,127103,buy,rebalance,106.001,0.0015528008915182833,0.16459844730182954,0.00016459844730182954
2024-10-08,127019,buy,rebalance,115.0,0.0014312908461028655,0.16459844730182954,0.00016459844730182954
2024-10-08,123146,buy,rebalance,108.0,0.0015240596972391624,0.16459844730182954,0.00016459844730182954
2024-10-08,113068,buy,rebalance,118.0,0.0013949020957782165,0.16459844730182954,0.00016459844730182954
2024-10-08,113629,buy,rebalance,124.114,5.76974087742217e-05,0.007161056192603752,7.161056192603753e-06
2024-10-08,127015,buy,rebalance,115.033,0.0014308802456845387,0.16459844730182954,0.00016459844730182954
2024-10-11,110063,sell,rebalance,99.244,0.0015895430153757973,0.15775260701795563,0.00015775260701795564
2024-10-11,123216,sell,rebalance,97.421,0.001579673640064541,0.15389338568872765,0.00015389338568872764
2024-10-11,123146,sell,rebalance,103.266,0.0015240596972391624,0.15738354869509935,0.00015738354869509935
2024-10-11,127015,sell,rebalance,106.4,0.0014308802456845387,0.15224565814083493,0.00015224565814083492
2024-10-11,113033,sell,rebalance_resize,112.0,1.2258497993726722e-05,0.001372951775297393,1.372951775297393e-06
2024-10-11,127049,sell,rebalance_resize,101.502,3.732726137139947e-05,0.003788791683719789,3.7887916837197887e-06
2024-10-11,123049,sell,rebalance_resize,93.63,7.92709143417009e-05,0.007422135709813454,7.422135709813454e-06
2024-10-11,123056,sell,rebalance_resize,104.0,1.8629356389503352e-05,0.0019374530645083485,1.9374530645083486e-06
2024-10-11,113629,sell,rebalance_resize,111.725,6.139244178900098e-07,6.859070558876135e-05,6.859070558876135e-08
2024-10-11,127103,sell,rebalance_resize,95.808,5.438821270917482e-06,0.0005210825883240622,5.210825883240622e-07
2024-10-11,110092,buy,rebalance,66.75,0.00021133048144688973,0.014106309636579889,1.4106309636579889e-05
2024-10-11,127061,buy,rebalance,94.6,3.548774462579491e-05,0.0033571406416001985,3.3571406416001986e-06
2024-10-11,123247,buy,rebalance,100.064,2.3364963441266686e-05,0.0023379917017869096,2.3379917017869095e-06
2024-10-11,118026,buy,rebalance,109.573,8.735225927453834e-05,0.009571449105488988,9.571449105488989e-06
2024-10-11,123198,buy,rebalance,111.777,5.7782063598636574e-05,0.0064587057228648005,6.4587057228648e-06
2024-10-11,113033,buy,rebalance,112.0,2.4756418505415703e-19,2.7727188726065588e-17,2.772718872606559e-20
2024-10-11,127049,buy,rebalance,101.502,2.731688905249708e-19,2.7727188726065588e-17,2.772718872606559e-20
2024-10-11,127019,buy,rebalance,102.97,8.436995005426388e-06,0.0008687573757087552,8.687573757087551e-07
2024-10-11,123156,buy,rebalance,85.2,7.3967374282931374e-06,0.0006302020288905753,6.302020288905754e-07
2024-10-11,123207,buy,rebalance,107.728,2.5544070891858364e-05,0.0027518116690381177,2.7518116690381177e-06
2024-10-11,123056,buy,rebalance,104.0,2.6660758390447683e-19,2.7727188726065588e-17,2.772718872606559e-20
2024-10-11,127075,buy,rebalance,103.255,1.04190411910042e-05,0.0010758180981771386,1.0758180981771387e-06
2024-10-11,113068,buy,rebalance,105.157,1.4876270498235959e-05,0.0015643439767829986,1.5643439767829986e-06
2024-10-11,113058,buy,rebalance,114.4,0.001294563317752885,0.14809804355093006,0.00014809804355093008
2024-10-11,110079,buy,rebalance,119.499,0.0012393245428909871,0.14809804355093006,0.00014809804355093008
2024-10-11,113044,buy,rebalance,116.9,0.0012668780457735676,0.14809804355093006,0.00014809804355093008
2024-10-11,123149,buy,rebalance,105.741,0.001400573510283902,0.14809804355093006,0.00014809804355093008
2024-10-22,123056,sell,rebalance,108.888,0.0014254775502524964,0.15521739949189384,0.00015521739949189383
2024-10-22,113058,sell,rebalance,116.001,0.001294563317752885,0.15017063942265244,0.00015017063942265245
2024-10-22,110079,sell,rebalance,124.3,0.0012393245428909871,0.1540480406813497,0.0001540480406813497
2024-10-22,110092,sell,rebalance_resize,68.5,8.476598720346782e-06,0.0005806470123437546,5.806470123437546e-07
2024-10-22,123207,sell,rebalance_resize,111.06,1.1626082693200017e-05,0.0012911927439067938,1.291192743906794e-06
2024-10-22,123049,sell,rebalance_resize,95.877,2.7803768825440957e-06,0.00026657419436768026,2.665741943676803e-07
2024-10-22,123149,sell,rebalance_resize,114.996,8.278077841020933e-05,0.009519458394060432,9.519458394060431e-06
2024-10-22,123198,sell,rebalance_resize,117.0,3.1018015751642334e-05,0.003629107842942153,3.629107842942153e-06
2024-10-22,127019,sell,rebalance_resize,108.331,4.085869936172696e-05,0.0044262637605552435,4.426263760555244e-06
2024-10-22,123156,sell,rebalance_resize,89.0,3.730530932431332e-05,0.003320172529863885,3.3201725298638853e-06
2024-10-22,127061,buy,rebalance,93.111,6.038129803551573e-05,0.005622163041384905,5.6221630413849055e-06
2024-10-22,123247,buy,rebalance,100.15,3.158158840913267e-05,0.003162896079174637,3.162896079174637e-06
2024-10-22,113033,buy,rebalance,109.477,6.050472219960659e-05,0.006623875472246331,6.623875472246331e-06
2024-10-22,127049,buy,rebalance,101.0,3.980411768418631e-05,0.004020215886102818,4.020215886102817e-06
2024-10-22,118026,buy,rebalance,111.98,3.981218891223454e-07,4.458168914392024e-05,4.458168914392024e-08
2024-10-22,127075,buy,rebalance,105.4,2.015358146869014e-06,0.0002124187486799941,2.124187486799941e-07
2024-10-22,113629,buy,rebalance,112.45,2.069164739644632e-05,0.0023267757497303886,2.326775749730389e-06
2024-10-22,127103,buy,rebalance,97.498,6.928122414356073e-06,0.0006754780791548885,6.754780791548885e-07
2024-10-22,113044,buy,rebalance,118.029,1.703341992759931e-05,0.002010437520634619,2.010437520634619e-06
2024-10-22,113068,buy,rebalance,105.604,2.5187221059229435e-05,0.002659871292738865,2.6598712927388653e-06
2024-10-22,113569,buy,rebalance,115.2,0.0013140821976209893,0.15138226916593797,0.00015138226916593797
2024-10-22,123216,buy,rebalance,99.711,0.0015182103194826848,0.15138226916593797,0.00015138226916593797
2024-10-22,123234,buy,rebalance,115.874,0.0013064386244190929,0.15138226916593797,0.00015138226916593797
2024-10-31,123156,sell,rebalance,91.95,0.0017027066628600802,0.1565638776499844,0.0001565638776499844
2024-10-31,127103,sell,rebalance,100.5,0.0015542901926617217,0.15620616436250304,0.00015620616436250303
2024-10-31,123149,sell,rebalance,116.2,0.0013177927318736926,0.15312751544372308,0.00015312751544372308
2024-10-31,113569,sell,rebalance,116.6,0.0013140821976209893,0.15322198424260736,0.00015322198424260735
2024-10-31,123216,sell,rebalance,102.8,0.0015182103194826848,0.15607202084282,0.00015607202084282
2024-10-31,123234,sell,rebalance,113.181,0.0013064386244190929,0.14786402995037734,0.00014786402995037735
2024-10-31,127061,sell,rebalance_resize,99.0,5.961750012885306e-05,0.005902132512756453,5.902132512756453e-06
2024-10-31,110092,sell,rebalance_resize,87.0,0.0004281721594663934,0.03725097787357623,3.725097787357623e-05
2024-10-31,127049,sell,rebalance_resize,103.501,6.963329203717498e-07,7.207115359139649e-05,7.207115359139648e-08
2024-10-31,123049,sell,rebalance_resize,98.48,4.448770582026848e-06,0.000438114926918004,4.38114926918004e-07
2024-10-31,123247,buy,rebalance,101.61,1.445496134812355e-05,0.0014687686225828339,1.468768622582834e-06
2024-10-31,113033,buy,rebalance,112.0,1.7020021841493152e-06,0.0001906242446247233,1.906242446247233e-07
2024-10-31,118026,buy,rebalance,109.9,5.9001149199264644e-05,0.006484226296999185,6.484226296999185e-06
2024-10-31,123207,buy,rebalance,108.88,6.101929457256407e-05,0.006643780793060775,6.643780793060775e-06
2024-10-31,123198,buy,rebalance,116.613,3.5785147359022e-05,0.004173013388977633,4.173013388977633e-06
2024-10-31,113629,buy,rebalance,115.016,1.9160090508109764e-06,0.00022037169698807527,2.2037169698807528e-07
2024-10-31,113068,buy,rebalance,106.0,2.93152575618684e-05,0.00310741730155805,3.1074173015580504e-06
2024-10-31,127075,buy,rebalance,107.56,5.300984654521744e-06,0.0005701739094403587,5.701739094403587e-07
2024-10-31,123056,buy,rebalance,109.732,0.0014130330747217897,0.15505494535537143,0.00015505494535537144
2024-10-31,113044,buy,rebalance,115.939,5.481299318593058e-05,0.006354963616983606,6.3549636169836054e-06
2024-10-31,127019,buy,rebalance,107.206,4.891863033568432e-05,0.005244370683767373,5.2443706837673735e-06
2024-10-31,118016,buy,rebalance,108.5,0.0014290778373766953,0.15505494535537143,0.00015505494535537144
2024-10-31,123169,buy,rebalance,113.5,0.0013661228665671492,0.15505494535537143,0.00015505494535537144
2024-10-31,113609,buy,rebalance,117.687,0.0013175197375697523,0.15505494535537143,0.00015505494535537144
2024-10-31,127015,buy,rebalance,107.651,0.0014403483976495473,0.15505494535537143,0.00015505494535537144
2024-10-31,113058,buy,rebalance,115.739,0.0013396948768813575,0.15505494535537143,0.00015505494535537144
2024-11-12,118026,sell,rebalance,139.0,0.0014122860775814521,0.19630776478382184,0.00019630776478382183
2024-11-12,118016,sell,rebalance,111.4,0.0014290778373766953,0.15919927108376386,0.00015919927108376387
2024-11-12,123169,sell,rebalance,123.001,0.0013661228665671492,0.16803447871062593,0.00016803447871062595
2024-11-12,113609,sell,rebalance,121.777,0.0013175197375697523,0.16044360108203173,0.00016044360108203175
2024-11-12,113058,sell,rebalance,120.076,0.0013396948768813575,0.16086520203640586,0.00016086520203640586
2024-11-12,127075,sell,rebalance_resize,114.18,1.8227849979450583e-05,0.0020812559106536677,2.081255910653668e-06
2024-11-12,123049,sell,rebalance_resize,104.102,1.3349674135825176e-05,0.0013897277768876726,1.3897277768876725e-06
2024-11-12,113629,sell,rebalance_resize,123.082,2.7735702258112926e-05,0.003413765705333055,3.413765705333055e-06
2024-11-12,113068,sell,rebalance_resize,112.651,2.010123197517998e-05,0.0022644238832359997,2.2644238832359997e-06
2024-11-12,123198,sell,rebalance_resize,123.9,1.794529620474114e-05,0.0022234221997674275,2.2234221997674274e-06
2024-11-12,127047,buy,rebalance,87.88,0.0018493808713955125,0.16252359097823763,0.00016252359097823762
2024-11-12,110092,buy,rebalance,83.03,0.0001751104244020619,0.014539418538103201,1.4539418538103202e-05
2024-11-12,127061,buy,rebalance,100.999,4.2898841434323925e-05,0.004332740086025282,4.332740086025282e-06
2024-11-12,110095,buy,rebalance,105.601,0.0015390345827997617,0.16252359097823763,0.00016252359097823762
2024-11-12,123247,buy,rebalance,105.31,1.7272585598061928e-05,0.0018189759893319016,1.8189759893319017e-06
2024-11-12,127049,buy,rebalance,106.0,3.509267173304538e-05,0.003719823203702811,3.7198232037028107e-06
2024-11-12,113033,buy,rebalance,114.9,3.0017036161769465e-05,0.0034489574549873116,3.4489574549873117e-06
2024-11-12,123056,buy,rebalance,113.76,1.7050540705327813e-05,0.001939669510638092,1.939669510638092e-06
2024-11-12,113044,buy,rebalance,118.241,3.714201228570171e-05,0.004391708674673656,4.391708674673656e-06
2024-11-12,123207,buy,rebalance,113.294,1.0457576462892009e-05,0.0011847806677868873,1.1847806677868874e-06
2024-11-12,111019,buy,rebalance,120.771,0.001345717026258271,0.16252359097823763,0.00016252359097823762
2024-11-12,123049,buy,rebalance,104.102,2.663491490554426e-19,2.772747911496969e-17,2.772747911496969e-20
2024-11-12,127015,buy,rebalance,109.8,4.1288066928966426e-05,0.004533429748800513,4.5334297488005135e-06
2024-11-12,113685,buy,rebalance,119.904,0.0013554476162449761,0.16252359097823763,0.00016252359097823762
2024-11-12,123156,buy,rebalance,94.0,0.0017289743721089108,0.16252359097823763,0.00016252359097823762
2024-11-12,123198,buy,rebalance,123.9,2.2378917768337117e-19,2.772747911496969e-17,2.772747911496969e-20
2024-11-12,127019,buy,rebalance,110.998,1.7880676372869393e-05,0.001984719316035757,1.984719316035757e-06
2024-11-21,113629,sell,rebalance,121.003,0.0013217877315555317,0.15994028088141402,0.000159940280881414
2024-11-21,127015,sell,rebalance,107.8,0.0014816364645785138,0.15972041088156377,0.00015972041088156377
2024-11-21,123156,sell,rebalance,93.1,0.0017289743721089108,0.1609675140433396,0.00016096751404333958
2024-11-21,123207,sell,rebalance_resize,112.8,1.736077358951657e-05,0.001958295260897469,1.9582952608974692e-06
2024-11-21,113685,sell,rebalance_resize,119.37,1.4914724286310301e-05,0.0017803706380568607,1.7803706380568608e-06
2024-11-21,113044,sell,rebalance_resize,119.2,3.342174539170913e-05,0.003983872050691728,3.983872050691728e-06
2024-11-21,127019,sell,rebalance_resize,119.698,0.00012880892437697235,0.015418170630074836,1.5418170630074835e-05
2024-11-21,123049,sell,rebalance_resize,104.289,2.8393269475649068e-05,0.0029611056803459657,2.9611056803459657e-06
2024-11-21,127047,buy,rebalance,85.542,2.1249926703657594e-05,0.0018177612300842778,1.8177612300842778e-06
2024-11-21,110092,buy,rebalance,81.3,9.034865474782109e-06,0.0007345345630997855,7.345345630997855e-07
2024-11-21,127061,buy,rebalance,97.45,3.128641160633086e-05,0.003048860811036942,3.048860811036942e-06
2024-11-21,113691,buy,rebalance,104.852,0.0015245423027748562,0.15985130953054924,0.00015985130953054925
2024-11-21,123247,buy,rebalance,102.4,1.7837130112172144e-05,0.0018265221234864278,1.8265221234864278e-06
2024-11-21,123099,buy,rebalance,103.78,0.0015402901284500793,0.15985130953054924,0.00015985130953054925
2024-11-21,110095,buy,rebalance,100.55,5.235155021212916e-05,0.005263948373829587,5.263948373829587e-06
2024-11-21,127049,buy,rebalance,103.261,1.488454545100919e-05,0.0015369930478166599,1.53699304781666e-06
2024-11-21,113033,buy,rebalance,112.55,5.875208389572841e-06,0.0006612547042464232,6.612547042464232e-07
2024-11-21,127075,buy,rebalance,111.65,8.37435477189876e-06,0.0009349967102824966,9.349967102824966e-07
2024-11-21,111019,buy,rebalance,118.127,8.912348787543922e-06,0.0010527890252262008,1.0527890252262008e-06
2024-11-21,113685,buy,rebalance,119.37,2.3227291733416045e-19,2.7726418142178735e-17,2.7726418142178733e-20
2024-11-21,123056,buy,rebalance,108.85,3.996541119285726e-05,0.0043502350083425125,4.350235008342512e-06
2024-11-21,113068,buy,rebalance,108.605,2.9197088884148073e-05,0.0031709498382629015,3.1709498382629014e-06
2024-11-21,113044,buy,rebalance,119.2,2.3260417904512363e-19,2.7726418142178735e-17,2.7726418142178733e-20
2024-11-21,123198,buy,rebalance,120.522,1.4642956858347024e-05,0.0017647984464817,1.7647984464817001e-06
2024-11-21,113058,buy,rebalance,116.9,0.001367419243204014,0.15985130953054924,0.00015985130953054925
2024-12-11,113685,sell,rebalance,125.9,0.001340532891958666,0.16877309109759606,0.00016877309109759607
2024-12-11,127047,sell,rebalance_resize,92.11,6.535714459907839e-05,0.006020046589021111,6.020046589021111e-06
2024-12-11,110092,sell,rebalance_resize,87.58,6.959906359283192e-05,0.00609548598946022,6.09548598946022e-06
2024-12-11,127061,sell,rebalance_resize,103.003,2.767553566829176e-05,0.002850663200441056,2.850663200441056e-06
2024-12-11,113691,sell,rebalance_resize,113.359,5.766489362433912e-05,0.006536834676361458,6.5368346763614584e-06
2024-12-11,123247,sell,rebalance_resize,107.849,2.0850703437677087e-05,0.0022487275150500363,2.2487275150500365e-06
2024-12-11,113068,sell,rebalance_resize,116.0,3.9896044703988347e-05,0.0046279411856626484,4.627941185662648e-06
2024-12-11,110095,sell,rebalance_resize,105.879,2.0878702606489786e-05,0.002210616153272532,2.210616153272532e-06
2024-12-11,123056,sell,rebalance_resize,113.285,2.2134241669272407e-06,0.00025074775675035244,2.5074775675035245e-07
2024-12-11,113033,sell,rebalance_resize,118.133,1.4158849165254955e-05,0.0016726273284390636,1.6726273284390637e-06
2024-12-11,111019,sell,rebalance_resize,123.981,1.3425833987963451e-05,0.0016645483236616965,1.6645483236616966e-06
2024-12-11,127047,buy,rebalance,92.11,3.0097898537842044e-19,2.7723174343206307e-17,2.7723174343206306e-20
2024-12-11,123099,buy,rebalance,96.999,0.00017378995681792094,0.016857452021381513,1.6857452021381515e-05
2024-12-11,113044,buy,rebalance,121.0,3.176406938348299e-05,0.0038434523954014423,3.843452395401443e-06
2024-12-11,127049,buy,rebalance,105.41,2.7818508598232967e-05,0.002932348991339737,2.932348991339737e-06
2024-12-11,123207,buy,rebalance,117.099,1.4136696235075071e-06,0.00016553929924310558,1.6553929924310559e-07
2024-12-11,123198,buy,rebalance,123.0,2.416809514882476e-05,0.0029726757033054453,2.972675703305445e-06
2024-12-11,127019,buy,rebalance,119.957,4.927757138948425e-05,0.005911189631168362,5.911189631168363e-06
2024-12-11,127075,buy,rebalance,116.001,2.532427098565865e-07,2.9376407586073895e-05,2.9376407586073897e-08
2024-12-11,113629,buy,rebalance,126.292,0.0013151239989936604,0.16608964008090737,0.00016608964008090737
2024-12-11,113058,buy,rebalance,120.55,1.1942628244788747e-05,0.0014396838349092834,1.4396838349092835e-06
2024-12-11,123049,buy,rebalance,106.868,2.1563744881581224e-05,0.002304474288004822,2.304474288004822e-06
2024-12-23,123049,sell,rebalance,106.71,0.0015559481124860835,0.16603522308338997,0.00016603522308338998
2024-12-23,127019,sell,rebalance,122.5,0.0013861370954676307,0.16980179419478475,0.00016980179419478475
2024-12-23,110095,sell,rebalance,104.623,0.001570507430405401,0.16431119889130427,0.00016431119889130427
2024-12-23,113629,sell,rebalance,125.899,0.0013151239989936604,0.16557279634930286,0.00016557279634930286
2024-12-23,127047,sell,rebalance_resize,92.29,2.5854684069698016e-05,0.00238612879279243,2.3861287927924304e-06
2024-12-23,110092,sell,rebalance_resize,87.349,1.8575958666788847e-05,0.001622591413585339,1.622591413585339e-06
2024-12-23,127061,sell,rebalance_resize,101.998,4.301548688964261e-06,0.0004387493631769767,4.3874936317697673e-07
2024-12-23,113691,sell,rebalance_resize,114.013,2.6492745219815717e-05,0.0030205173607468494,3.0205173607468493e-06
2024-12-23,113044,sell,rebalance_resize,119.83,3.7458335628784983e-06,0.0004488632358397304,4.4886323583973046e-07
2024-12-23,123247,sell,rebalance_resize,107.68,1.6721879066275536e-05,0.00180061193785655,1.80061193785655e-06
2024-12-23,113033,sell,rebalance_resize,118.099,1.704774137318907e-05,0.002013321208432256,2.0133212084322563e-06
2024-12-23,127049,sell,rebalance_resize,105.697,2.3751706562201044e-05,0.002510484128504964,2.510484128504964e-06
2024-12-23,113068,sell,rebalance_resize,118.0,4.176390550311409e-05,0.004928140849367463,4.928140849367463e-06
2024-12-23,111019,sell,rebalance_resize,123.3,9.309164020291955e-06,0.0011478199237019981,1.1478199237019983e-06
2024-12-23,123056,sell,rebalance_resize,113.049,1.5168381259307719e-05,0.0017147703329834785,1.7147703329834786e-06
2024-12-23,113058,sell,rebalance_resize,120.38,1.5160370462500255e-05,0.0018250053962757806,1.8250053962757806e-06
2024-12-23,127047,buy,rebalance,92.29,3.00432198002535e-19,2.7726887553653955e-17,2.7726887553653955e-20
2024-12-23,123099,buy,rebalance,78.5,0.0003775366368431929,0.029636625992190645,2.9636625992190645e-05
2024-12-23,123247,buy,rebalance,107.68,2.5749338367063477e-19,2.7726887553653955e-17,2.7726887553653955e-20
2024-12-23,123198,buy,rebalance,120.735,8.309498416196432e-06,0.0010032472912794763,1.0032472912794763e-06
2024-12-23,123207,buy,rebalance,115.467,2.2190790037527415e-06,0.0002562303953263178,2.5623039532631776e-07
2024-12-23,123146,buy,rebalance,122.0,0.0013446953838602148,0.1640528368309462,0.0001640528368309462
2024-12-23,128130,buy,rebalance,119.101,0.0013774261914756905,0.1640528368309462,0.0001640528368309462
2024-12-23,127075,buy,rebalance,113.8,9.602699514895963e-06,0.0010927872047951604,1.0927872047951605e-06
2024-12-23,110079,buy,rebalance,127.273,0.001288983812992121,0.1640528368309462,0.0001640528368309462
2024-12-23,127032,buy,rebalance,127.95,0.001282163632910873,0.1640528368309462,0.0001640528368309462
2024-12-26,113044,sell,risk_exit_next_open,120.002,0.0013704629616016948,0.16445829631812658,0.0001644582963181266
2024-12-31,123056,sell,rebalance,108.573,0.0014526672211937397,0.1577204382066679,0.0001577204382066679
2024-12-31,111019,sell,rebalance,116.95,0.0013318943770375595,0.15576504739454258,0.0001557650473945426
2024-12-31,123146,sell,rebalance,115.537,0.0013446953838602148,0.15536207056505766,0.00015536207056505766
2024-12-31,128130,sell,rebalance_resize,124.5,7.737218973605878e-05,0.009632837622139317,9.632837622139318e-06
2024-12-31,127049,sell,rebalance_resize,104.78,8.981681754409e-06,0.0009411006142269751,9.411006142269752e-07
2024-12-31,110079,sell,rebalance_resize,130.101,4.489865441083296e-05,0.005841359837503779,5.841359837503779e-06
2024-12-31,113058,sell,rebalance_resize,121.856,3.59392634552481e-05,0.004379414887602712,4.379414887602712e-06
2024-12-31,123099,sell,rebalance_resize,85.082,0.0001892551977395966,0.016102210734080358,1.610221073408036e-05
2024-12-31,127032,sell,rebalance_resize,132.393,5.961619296628276e-05,0.007892766635385073,7.892766635385074e-06
2024-12-31,127047,buy,rebalance,87.135,7.803754487732295e-05,0.006799801472885535,6.799801472885535e-06
2024-12-31,127061,buy,rebalance,99.456,1.734507469274921e-05,0.0017250717486420653,1.7250717486420654e-06
2024-12-31,110092,buy,rebalance,81.461,0.00010673514381259627,0.008694751550117905,8.694751550117905e-06
2024-12-31,113691,buy,rebalance,111.303,1.3799730103389615e-05,0.0015359513596975743,1.5359513596975742e-06
2024-12-31,123247,buy,rebalance,105.35,1.1261134400893561e-05,0.0011863605091341366,1.1863605091341365e-06
2024-12-31,123198,buy,rebalance,116.578,2.8186763224117313e-05,0.003285956483141148,3.2859564831411485e-06
2024-12-31,113033,buy,rebalance,116.0,4.761399292459236e-06,0.0005523223179252713,5.523223179252713e-07
2024-12-31,123147,buy,rebalance,129.999,0.001243735243307715,0.16168433789475964,0.00016168433789475964
2024-12-31,113068,buy,rebalance,116.3,5.583520032683884e-10,6.493633798011356e-08,6.493633798011356e-11
2024-12-31,113629,buy,rebalance,116.27,0.0013905937722091652,0.16168433789475964,0.00016168433789475964
2024-12-31,123207,buy,rebalance,110.196,4.651346543162045e-05,0.005125597836702847,5.125597836702847e-06
2024-12-31,113050,buy,rebalance,130.544,0.001238542850646216,0.16168433789475964,0.00016168433789475964
2024-12-31,127075,buy,rebalance,111.4,9.85167659181958e-06,0.0010974767723287012,1.0974767723287012e-06
2024-12-31,113631,buy,rebalance,128.5,0.0012582438746673902,0.16168433789475964,0.00016168433789475964
2025-01-08,123099,sell,risk_exit_next_open,56.32,0.0019023615243715965,0.10714100105260832,0.00010714100105260833
2025-01-13,123207,sell,rebalance,110.329,0.001468758016480033,0.16204660320022554,0.00016204660320022555
2025-01-13,128130,sell,rebalance,120.0,0.0013000540017396318,0.15600648020875582,0.00015600648020875583
2025-01-13,123147,sell,rebalance,119.6,0.001243735243307715,0.1487507350996027,0.0001487507350996027
2025-01-13,127047,sell,rebalance_resize,83.409,2.918087649832413e-06,0.00024339477278487176,2.4339477278487175e-07
2025-01-13,127061,sell,rebalance_resize,95.28,3.921683281174095e-06,0.00037365798303026776,3.736579830302678e-07
2025-01-13,113691,sell,rebalance_resize,107.777,1.8950572076646335e-05,0.002042435806704712,2.042435806704712e-06
2025-01-13,123247,sell,rebalance_resize,102.502,2.726494368455694e-05,0.0027947112575544553,2.7947112575544552e-06
2025-01-13,113033,sell,rebalance_resize,115.269,5.336184057630394e-05,0.006150966001389979,6.150966001389979e-06
2025-01-13,113050,sell,rebalance_resize,128.351,3.336957089687629e-05,0.004283017794184968,4.283017794184968e-06
2025-01-13,123198,sell,rebalance_resize,113.198,2.1867336127856078e-05,0.002475338715001052,2.475338715001052e-06
2025-01-13,127032,sell,rebalance_resize,129.45,2.760579738678787e-05,0.0035735704717196892,3.5735704717196893e-06
2025-01-13,110079,sell,rebalance_resize,128.0,3.5607067728885434e-05,0.0045577046692973355,4.557704669297336e-06
2025-01-13,127049,sell,rebalance_resize,102.6,3.7076198640988846e-05,0.0038040179805654555,3.8040179805654554e-06
2025-01-13,113629,sell,rebalance_resize,112.99,2.1577083749057982e-05,0.0024379946928060614,2.4379946928060615e-06
2025-01-13,113058,sell,rebalance_resize,118.001,1.73818583045435e-05,0.0020510766617944376,2.051076661794438e-06
2025-01-13,113068,sell,rebalance_resize,114.89,4.534081391949721e-05,0.005209206111211034,5.209206111211035e-06
2025-01-13,127075,sell,rebalance_resize,108.8,3.118344933360901e-05,0.0033927592874966606,3.3927592874966605e-06
2025-01-13,113631,sell,rebalance_resize,126.845,3.876186411035193e-05,0.004916748653077591,4.916748653077591e-06
2025-01-13,110092,buy,rebalance,76.378,3.840806725399831e-05,0.0029335313607258833,2.9335313607258833e-06
2025-01-13,113685,buy,rebalance,120.0,0.0012876554780788057,0.1545186573694567,0.0001545186573694567
2025-01-13,118041,buy,rebalance,125.0,0.0012361492589556536,0.1545186573694567,0.0001545186573694567
2025-01-13,123204,buy,rebalance,127.0,0.001216682341491785,0.1545186573694567,0.0001545186573694567
2025-01-13,110095,buy,rebalance,99.005,0.001560715694858408,0.1545186573694567,0.0001545186573694567
2025-01-21,127075,sell,rebalance,116.136,0.0014217389304145912,0.16511507242262896,0.00016511507242262898
2025-01-21,123204,sell,rebalance,130.001,0.001216682341491785,0.15816992107627353,0.00015816992107627354
2025-01-21,110095,sell,rebalance,105.61,0.001560715694858408,0.16482718453399647,0.00016482718453399647
2025-01-21,127047,sell,rebalance_resize,87.46,1.9443196060837677e-05,0.001700501927480863,1.7005019274808631e-06
2025-01-21,110092,sell,rebalance_resize,83.302,9.852354615330203e-05,0.008207208441662367,8.207208441662367e-06
2025-01-21,113691,sell,rebalance_resize,112.5,8.590009797287351e-06,0.0009663761021948271,9.66376102194827e-07
2025-01-21,123247,sell,rebalance_resize,107.419,1.4969269821735906e-05,0.0016079839949810493,1.6079839949810493e-06
2025-01-21,113685,sell,rebalance_resize,128.614,3.975533604125373e-05,0.005113092789609808,5.113092789609808e-06
2025-01-21,113068,sell,rebalance_resize,120.203,1.1156669005826838e-05,0.0013410650845074035,1.3410650845074036e-06
2025-01-21,127061,buy,rebalance,98.48,6.259717715611104e-06,0.0006164570006333815,6.164570006333815e-07
2025-01-21,127032,buy,rebalance,129.88,4.0752366417073555e-05,0.005292917350249513,5.292917350249513e-06
2025-01-21,113050,buy,rebalance,129.26,3.645244131444828e-05,0.004711842564305584,4.711842564305584e-06
2025-01-21,110079,buy,rebalance,129.453,3.130179160768759e-05,0.004052110828989981,4.052110828989981e-06
2025-01-21,123198,buy,rebalance,117.38,8.299916230087285e-07,9.742441670876455e-05,9.742441670876455e-08
2025-01-21,113033,buy,rebalance,118.6,1.1305294533243954e-05,0.0013408079316427329,1.3408079316427328e-06
2025-01-21,127049,buy,rebalance,104.74,2.4662746073574077e-05,0.0025831760237461487,2.583176023746149e-06
2025-01-21,113629,buy,rebalance,117.199,4.265406392215e-07,4.999013637612058e-05,4.999013637612058e-08
2025-01-21,118041,buy,rebalance,128.431,1.3514982329585156e-05,0.0017357426955709513,1.7357426955709514e-06
2025-01-21,113058,buy,rebalance,121.468,1.0423300690785835e-05,0.0012660974883083739,1.2660974883083738e-06
2025-01-21,113631,buy,rebalance,128.906,2.5564845968464884e-05,0.0032954620344109345,3.2954620344109344e-06
2025-01-21,128127,buy,rebalance,110.062,0.0014567343684268115,0.16033109805779172,0.00016033109805779172
2025-01-21,118016,buy,rebalance,109.929,0.0014584968302976623,0.16033109805779172,0.00016033109805779172
2025-01-21,123056,buy,rebalance,109.2,0.0014682334986977263,0.16033109805779172,0.00016033109805779172
2025-01-23,127032,sell,risk_exit_next_open,125.5,0.001235694008974876,0.15507959812634695,0.00015507959812634695
2025-02-11,118041,sell,rebalance,128.1,0.0012496642412852387,0.16008198930863907,0.00016008198930863907
2025-02-11,128127,sell,rebalance,111.5,0.0014567343684268115,0.1624258820795895,0.0001624258820795895
2025-02-11,127047,sell,rebalance_resize,90.922,4.0525235716627534e-05,0.0036846354818272087,3.6846354818272087e-06
2025-02-11,110092,sell,rebalance_resize,84.98,6.6430645577276556e-06,0.0005645276261156962,5.645276261156962e-07
2025-02-11,123198,sell,rebalance_resize,120.5,1.3257326494343585e-05,0.001597507842568402,1.597507842568402e-06
2025-02-11,113629,sell,rebalance_resize,121.68,2.8500649591460054e-05,0.0034679590422888595,3.4679590422888598e-06
2025-02-11,123056,sell,rebalance_resize,111.249,1.5606020917569247e-06,0.0001736154221058661,1.7361542210586613e-07
2025-02-11,127049,sell,rebalance_resize,107.024,7.742796650860786e-06,0.0008286650687617249,8.286650687617249e-07
2025-02-11,118016,sell,rebalance_resize,114.0,2.7217066486105552e-05,0.003102745579416033,3.102745579416033e-06
2025-02-11,113685,sell,rebalance_resize,139.04,7.43824990965459e-05,0.010342142674383742,1.0342142674383742e-05
2025-02-11,113058,sell,rebalance_resize,125.5,2.1177041873332757e-05,0.002657718755103261,2.6577187551032613e-06
2025-02-11,127061,buy,rebalance,99.379,1.2102171012337731e-05,0.0012027016530351115,1.2027016530351115e-06
2025-02-11,110079,buy,rebalance,129.11,2.3969136794207997e-05,0.0030946552515001948,3.0946552515001947e-06
2025-02-11,113050,buy,rebalance,128.827,2.4898509094740205e-05,0.0032076002311480964,3.2076002311480966e-06
2025-02-11,123247,buy,rebalance,108.92,3.905019189191378e-06,0.00042533469008672483,4.253346900867248e-07
2025-02-11,113691,buy,rebalance,114.242,1.6023705185865526e-06,0.00018305801278436495,1.8305801278436496e-07
2025-02-11,113033,buy,rebalance,117.8,3.182099960697102e-05,0.003748513753701186,3.7485137537011857e-06
2025-02-11,123243,buy,rebalance,130.999,0.0012442410830587334,0.16299433763961102,0.00016299433763961103
2025-02-11,118016,buy,rebalance,114.0,2.43213973022712e-19,2.7726392924589165e-17,2.7726392924589165e-20
2025-02-11,113631,buy,rebalance,129.53,1.4614230994191424e-05,0.0018929813406776152,1.8929813406776153e-06
2025-02-11,113065,buy,rebalance,125.73,0.0012963838196103636,0.16299433763961102,0.00016299433763961103
2025-02-11,127087,buy,rebalance,132.864,0.0012267757830534307,0.16299433763961102,0.00016299433763961103
2025-02-11,113068,buy,rebalance,122.005,2.14845447590227e-06,0.00026212218833245645,2.621221883324565e-07
2025-02-11,113685,buy,rebalance,139.04,1.9941306763945027e-19,2.7726392924589165e-17,2.7726392924589165e-20
2025-02-21,113068,sell,rebalance,123.146,0.0013373682815019973,0.16469155439384495,0.00016469155439384494
2025-02-21,113631,sell,rebalance,129.7,0.0012596610875196946,0.16337804305130438,0.00016337804305130438
2025-02-21,113685,sell,rebalance,145.0,0.0011735176429410062,0.1701600582264459,0.0001701600582264459
2025-02-21,127087,sell,rebalance,136.002,0.0012267757830534307,0.1668439600468327,0.00016684396004683268
2025-02-21,127061,sell,rebalance_resize,100.06,6.345942616476812e-06,0.0006349750182046698,6.349750182046698e-07
2025-02-21,127049,sell,rebalance_resize,109.598,3.140930609889877e-05,0.003442397129827107,3.4423971298271073e-06
2025-02-21,123247,sell,rebalance_resize,112.294,4.071502047239591e-05,0.004572052508927227,4.5720525089272265e-06
2025-02-21,113065,sell,rebalance_resize,127.442,1.228794335260168e-05,0.0015660000767422633,1.5660000767422632e-06
2025-02-21,118016,sell,rebalance_resize,116.75,2.958600225231345e-05,0.003454165762957595,3.4541657629575953e-06
2025-02-21,127047,buy,rebalance,90.49,1.3878071126356566e-05,0.0012558266562240055,1.2558266562240055e-06
2025-02-21,110092,buy,rebalance,82.3,6.830927916745987e-05,0.005621853675481947,5.621853675481947e-06
2025-02-21,110079,buy,rebalance,128.799,6.8109363169427234e-06,0.0008772417866859058,8.772417866859059e-07
2025-02-21,113050,buy,rebalance,127.919,1.2770324440237364e-05,0.0016335671320707233,1.6335671320707233e-06
2025-02-21,123243,buy,rebalance,128.615,2.8114845106524653e-05,0.0036159908033756684,3.6159908033756684e-06
2025-02-21,123198,buy,rebalance,120.01,9.534059480788602e-06,0.00114418247828944,1.14418247828944e-06
2025-02-21,113033,buy,rebalance,116.266,2.2429988423370067e-05,0.002607845034031544,2.6078450340315443e-06
2025-02-21,127055,buy,rebalance,132.35,0.0012352169752092219,0.16348096666894052,0.00016348096666894053
2025-02-21,113691,buy,rebalance,112.88,2.1481606878294844e-05,0.002424843784421922,2.424843784421922e-06
2025-02-21,113629,buy,rebalance,120.98,1.1729754429758793e-05,0.0014190656909122189,1.4190656909122189e-06
2025-02-21,123056,buy,rebalance,110.422,1.5332676842732318e-05,0.0016930648423281879,1.6930648423281879e-06
2025-02-21,113042,buy,rebalance,120.615,0.0013553949895862083,0.16348096666894052,0.00016348096666894053
2025-02-21,128130,buy,rebalance,135.838,0.001203499511689958,0.16348096666894052,0.00016348096666894053
2025-02-21,111019,buy,rebalance,126.1,0.0012964390695395758,0.16348096666894052,0.00016348096666894053
2025-02-21,113058,buy,rebalance,124.97,9.360065402537395e-06,0.0011697273733550983,1.1697273733550983e-06
2025-03-03,113058,sell,rebalance,126.068,0.0013094867034465015,0.16508436973009355,0.00016508436973009354
2025-03-03,127055,sell,rebalance,145.0,0.0012352169752092219,0.17910646140533718,0.00017910646140533717
2025-03-03,113042,sell,rebalance,120.25,0.0013553949895862083,0.16298624749774154,0.00016298624749774154
2025-03-03,123056,sell,rebalance_resize,111.671,1.7197854605356718e-05,0.00192050162163479,1.92050162163479e-06
2025-03-03,127049,sell,rebalance_resize,110.2,8.802979960343444e-06,0.0009700883916298476,9.700883916298477e-07
2025-03-03,118016,sell,rebalance_resize,118.215,1.7973059694377075e-05,0.002124685251770786,2.124685251770786e-06
2025-03-03,123247,sell,rebalance_resize,114.67,3.081699372745765e-05,0.003533784670727569,3.5337846707275687e-06
2025-03-03,127047,buy,rebalance,90.131,6.420896244026999e-06,0.0005787217993703975,5.787217993703975e-07
2025-03-03,110092,buy,rebalance,81.001,3.104719895521184e-05,0.002514854162571114,2.5148541625711143e-06
2025-03-03,127061,buy,rebalance,98.502,2.512013621137092e-05,0.0024743836570924583,2.474383657092458e-06
2025-03-03,123198,buy,rebalance,117.86,2.425601546895882e-05,0.0028588139831714865,2.8588139831714865e-06
2025-03-03,110079,buy,rebalance,128.183,5.551691981517453e-06,0.0007116325332668516,7.116325332668516e-07
2025-03-03,113050,buy,rebalance,126.9,9.714818794092907e-06,0.00123281050497039,1.23281050497039e-06
2025-03-03,123243,buy,rebalance,127.9,6.578297258782779e-06,0.0008413642193983175,8.413642193983175e-07
2025-03-03,113033,buy,rebalance,115.1,1.3649099964552248e-05,0.0015710114059199636,1.5710114059199636e-06
2025-03-03,113691,buy,rebalance,112.7,1.7038657734798812e-06,0.0001920256726711826,1.920256726711826e-07
2025-03-03,113065,buy,rebalance,126.286,1.1179194183477643e-05,0.0014117757166546576,1.4117757166546576e-06
2025-03-03,123247,buy,rebalance,114.67,2.418015843549019e-19,2.77273876779766e-17,2.77273876779766e-20
2025-03-03,113629,buy,rebalance,119.656,1.4369810019123525e-05,0.0017194339876482447,1.7194339876482446e-06
2025-03-03,128105,buy,rebalance,129.16,0.001265178213976439,0.16341041811719687,0.00016341041811719688
2025-03-03,123225,buy,rebalance,133.992,0.001219553541384537,0.16341041811719687,0.00016341041811719688
2025-03-03,128130,buy,rebalance,132.277,3.308805292391354e-05,0.004376788376616511,4.376788376616511e-06
2025-03-03,118041,buy,rebalance,131.908,0.001238821133799291,0.16341041811719687,0.00016341041811719688
2025-03-03,111019,buy,rebalance,123.1,3.2338313100818385e-05,0.003980846342710743,3.9808463427107435e-06
2025-03-11,118016,sell,rebalance,144.0,0.0013837207018648663,0.19925578106854075,0.00019925578106854075
2025-03-11,128105,sell,rebalance,127.593,0.001265178213976439,0.1614278838558958,0.0001614278838558958
2025-03-11,123225,sell,rebalance,134.58,0.001219553541384537,0.164127515599531,0.000164127515599531
2025-03-11,118041,sell,rebalance,134.1,0.001238821133799291,0.16612591404248492,0.00016612591404248492
2025-03-11,127061,sell,rebalance_resize,103.0,4.079702128073976e-05,0.004202093191916195,4.202093191916195e-06
2025-03-11,123247,sell,rebalance_resize,121.17,4.9578233096976676e-05,0.006007394504360664,6.007394504360664e-06
2025-03-11,123198,sell,rebalance_resize,120.9,7.868953019045053e-06,0.0009513564200025469,9.513564200025469e-07
2025-03-11,113629,sell,rebalance_resize,123.1,1.171000556098547e-05,0.0014415016845573114,1.4415016845573115e-06
2025-03-11,127047,buy,rebalance,89.59,3.8326177615963006e-05,0.0034336422526141256,3.4336422526141256e-06
2025-03-11,110092,buy,rebalance,80.158,5.012254684559524e-05,0.004017723110049223,4.0177231100492235e-06
2025-03-11,110079,buy,rebalance,129.052,1.3509978151933558e-05,0.0017434897004633295,1.7434897004633296e-06
2025-03-11,113050,buy,rebalance,126.602,2.330897779040014e-05,0.0029509632062202384,2.9509632062202387e-06
2025-03-11,113065,buy,rebalance,126.185,2.176433278754428e-05,0.002746332332796275,2.746332332796275e-06
2025-03-11,127049,buy,rebalance,111.65,8.055525534230032e-06,0.0008993994258967832,8.993994258967832e-07
2025-03-11,123243,buy,rebalance,130.185,2.1320655960025564e-06,0.0002775629596155928,2.775629596155928e-07
2025-03-11,128130,buy,rebalance,129.535,4.156547203540809e-05,0.0053841834201065865,5.384183420106587e-06
2025-03-11,113033,buy,rebalance,115.5,1.8884308176379927e-05,0.0021811375943718817,2.1811375943718817e-06
2025-03-11,113691,buy,rebalance,112.747,2.2922287126269333e-05,0.0025844191066254885,2.5844191066254888e-06
2025-03-11,113058,buy,rebalance,126.241,0.0010684345757179252,0.1348802492732066,0.0001348802492732066
2025-03-11,127087,buy,rebalance,135.838,0.0009929493166360415,0.1348802492732066,0.0001348802492732066
2025-03-11,111019,buy,rebalance,124.151,1.2192150566402756e-05,0.0015136676849694685,1.5136676849694685e-06
2025-03-11,113042,buy,rebalance,120.77,0.0011168357147735913,0.1348802492732066,0.0001348802492732066
2025-03-11,113663,buy,rebalance,137.0,0.0009845273669577125,0.1348802492732066,0.0001348802492732066
2025-03-11,111008,buy,rebalance,138.529,0.0009736607444882055,0.1348802492732066,0.0001348802492732066
2025-03-13,111008,sell,risk_exit_next_open,133.99,0.0009736607444882055,0.13046080315397465,0.00013046080315397466
2025-03-20,127087,sell,risk_exit_next_open,127.0,0.0009929493166360415,0.12610456321277727,0.00012610456321277726
2025-03-21,128130,sell,rebalance,128.403,0.0012781530366492797,0.16411868436487745,0.00016411868436487745
2025-03-21,111019,sell,rebalance,123.683,0.0013409695332067969,0.16585513477561628,0.00016585513477561628
2025-03-21,113042,sell,rebalance,120.53,0.0011168357147735913,0.13461220870166096,0.00013461220870166095
2025-03-21,127047,sell,rebalance_resize,91.59,2.6979754662814733e-05,0.0024710757295672015,2.4710757295672015e-06
2025-03-21,127061,sell,rebalance_resize,105.55,3.513840151118491e-05,0.0037088582795055673,3.7088582795055674e-06
2025-03-21,110092,sell,rebalance_resize,83.598,6.872728601421457e-05,0.00574546365621631,5.74546365621631e-06
2025-03-21,110079,sell,rebalance_resize,129.852,1.5161892783763095e-06,0.00019688021017572055,1.9688021017572055e-07
2025-03-21,123056,sell,rebalance_resize,130.001,0.00017817863806065946,0.02316340112652379,2.3163401126523793e-05
2025-03-21,127047,buy,rebalance,91.59,3.02724676349545e-19,2.772655310685483e-17,2.772655310685483e-20
2025-03-21,123247,buy,rebalance,121.132,3.909026606149383e-06,0.0004735082108560871,4.7350821085608707e-07
2025-03-21,123198,buy,rebalance,120.105,1.2632186464616183e-05,0.0015171887553327267,1.5171887553327269e-06
2025-03-21,113629,buy,rebalance,123.288,1.3521507080469443e-06,0.00016670395649369166,1.6670395649369165e-07
2025-03-21,113663,buy,rebalance,129.801,0.0003037662134471363,0.039429158271651735,3.942915827165174e-05
2025-03-21,113050,buy,rebalance,127.277,1.845411900239513e-06,0.00023487849042678452,2.3487849042678454e-07
2025-03-21,110079,buy,rebalance,129.852,2.1352426691044288e-19,2.772655310685483e-17,2.772655310685483e-20
2025-03-21,123243,buy,rebalance,129.723,8.311371847333648e-06,0.001078176090151663,1.078176090151663e-06
2025-03-21,113058,buy,rebalance,123.395,0.00028677452190002304,0.03538654212985334,3.538654212985334e-05
2025-03-21,113691,buy,rebalance,111.79,2.1848852824052095e-05,0.0024424832572007837,2.4424832572007837e-06
2025-03-21,113065,buy,rebalance,124.914,2.1963393583435926e-05,0.002743535346081315,2.7435353460813153e-06
2025-03-21,127049,buy,rebalance,110.0,2.812772737992172e-05,0.003094050011791389,3.094050011791389e-06
2025-03-21,127081,buy,rebalance,129.828,0.0012869964041713402,0.16708816916075675,0.00016708816916075674
2025-03-21,128141,buy,rebalance,131.5,0.0012706324651008119,0.16708816916075675,0.00016708816916075674
2025-03-21,113033,buy,rebalance,116.147,5.862626146542045e-08,6.809264390424189e-06,6.809264390424189e-09
2025-03-21,123063,buy,rebalance,129.0,0.0012952571252771842,0.16708816916075675,0.00016708816916075674
2025-03-21,123201,buy,rebalance,135.9,0.0012294935184750313,0.16708816916075675,0.00016708816916075674
2025-04-01,127049,sell,rebalance,109.0,0.0015205438951188266,0.1657392845679521,0.00016573928456795208
2025-04-01,123056,sell,rebalance,121.0,0.0012866290807826855,0.15568211877470495,0.00015568211877470495
2025-04-01,127081,sell,rebalance,169.031,0.0012869964041713402,0.2175422891934858,0.00021754228919348582
2025-04-01,128141,sell,rebalance,131.838,0.0012706324651008119,0.16751764293396082,0.00016751764293396082
2025-04-01,123201,sell,rebalance,129.723,0.0012294935184750313,0.1594935876971365,0.0001594935876971365
2025-04-01,110092,sell,rebalance_resize,86.598,7.997947160139097e-05,0.006926062281737255,6.926062281737255e-06
2025-04-01,113050,sell,rebalance_resize,126.8,2.338750292551137e-06,0.00029655353709548415,2.965535370954842e-07
2025-04-01,113065,sell,rebalance_resize,124.686,4.9363288696115265e-06,0.0006154911014363829,6.154911014363829e-07
2025-04-01,127047,buy,rebalance,88.83,4.6296852880144545e-05,0.00411254944134324,4.11254944134324e-06
2025-04-01,127061,buy,rebalance,100.66,6.773846777887063e-05,0.006818554166621118,6.8185541666211185e-06
2025-04-01,123247,buy,rebalance,119.85,7.06056755270195e-06,0.0008462090211913286,8.462090211913287e-07
2025-04-01,110079,buy,rebalance,127.358,1.795389630456933e-05,0.002286572325557341,2.286572325557341e-06
2025-04-01,123198,buy,rebalance,116.027,4.095831973481696e-05,0.004752270963871608,4.752270963871608e-06
2025-04-01,123063,buy,rebalance,125.0,3.542242689560896e-05,0.004427803361951119,4.42780336195112e-06
2025-04-01,113663,buy,rebalance,128.5,6.170323166596695e-06,0.0007928865269076754,7.928865269076754e-07
2025-04-01,113058,buy,rebalance,120.82,2.1523130694600006e-05,0.0026004246505215724,2.6004246505215724e-06
2025-04-01,113629,buy,rebalance,117.661,5.697569636989082e-05,0.006703817410577724,6.703817410577723e-06
2025-04-01,113068,buy,rebalance,119.799,0.0013870879250254355,0.16617174633012216,0.00016617174633012217
2025-04-01,113033,buy,rebalance,111.42,5.275322359999454e-05,0.005877764173511392,5.877764173511392e-06
2025-04-01,113042,buy,rebalance,120.746,0.0013762091193921303,0.16617174633012216,0.00016617174633012217
2025-04-01,113691,buy,rebalance,110.665,6.879872389418823e-06,0.0007613610779750341,7.613610779750341e-07
2025-04-01,123146,buy,rebalance,117.295,0.0014166993165106966,0.16617174633012216,0.00016617174633012217
2025-04-01,118023,buy,rebalance,125.487,0.0013242148296646042,0.16617174633012216,0.00016617174633012217
2025-04-01,123243,buy,rebalance,128.054,9.591306299485182e-06,0.0012282051368742756,1.2282051368742756e-06
2025-04-01,128144,buy,rebalance,130.297,0.0012753305627153516,0.16617174633012216,0.00016617174633012217
2025-04-11,113033,sell,rebalance,114.462,0.0014928512029132477,0.17087473438785616,0.00017087473438785617
2025-04-11,123198,sell,rebalance,118.849,0.0014335854295784134,0.17038019471996488,0.00017038019471996488
2025-04-11,113629,sell,rebalance,116.603,0.0014136599854737033,0.16483699528619022,0.00016483699528619023
2025-04-11,113058,sell,rebalance,122.291,0.0013767322283125482,0.16836196093256983,0.00016836196093256983
2025-04-11,113663,sell,rebalance,129.947,0.0012944639035714456,0.16821170087739865,0.00016821170087739866
2025-04-11,113068,sell,rebalance,118.205,0.0013870879250254355,0.1639607281776316,0.0001639607281776316
2025-04-11,123146,sell,rebalance,117.0,0.0014166993165106966,0.1657538200317515,0.0001657538200317515
2025-04-11,128144,sell,rebalance,141.85,0.0012753305627153516,0.18090564032117262,0.00018090564032117263
2025-04-11,127047,sell,rebalance_resize,90.3,2.2237513523346412e-05,0.002008047471158181,2.008047471158181e-06
2025-04-11,123063,sell,rebalance_resize,131.472,5.984007587490745e-05,0.007867294455425833,7.867294455425833e-06
2025-04-11,113042,sell,rebalance_resize,122.0,6.702499491838197e-06,0.00081770493800426,8.177049380042601e-07
2025-04-11,113065,sell,rebalance_resize,125.527,3.0396161271770073e-06,0.0003815538935961482,3.815538935961482e-07
2025-04-11,127078,buy,rebalance,110.999,0.0015037211014985806,0.16691153854524093,0.00016691153854524093
2025-04-11,127061,buy,rebalance,98.02,5.207627928782243e-05,0.005104516895792354,5.104516895792354e-06
2025-04-11,127049,buy,rebalance,112.0,0.001490281594153937,0.16691153854524093,0.00016691153854524093
2025-04-11,113050,buy,rebalance,125.549,1.8949499051333828e-05,0.002379090656395911,2.379090656395911e-06
2025-04-11,110092,buy,rebalance,81.018,0.00014129017011501368,0.01144704700237818,1.144704700237818e-05
2025-04-11,110079,buy,rebalance,126.995,9.571850890203066e-06,0.0012155772038013385,1.2155772038013385e-06
2025-04-11,127039,buy,rebalance,135.0,0.0012363817670017847,0.16691153854524093,0.00016691153854524093
2025-04-11,123247,buy,rebalance,119.502,1.0234158597792367e-05,0.0012230024207533835,1.2230024207533836e-06
2025-04-11,123056,buy,rebalance,135.0,0.0012363817670017847,0.16691153854524093,0.00016691153854524093
2025-04-11,128133,buy,rebalance,128.975,0.0012941386977727539,0.16691153854524093,0.00016691153854524093
2025-04-11,118023,buy,rebalance,125.674,5.249836803754869e-06,0.0006597679904750894,6.597679904750895e-07
2025-04-11,128141,buy,rebalance,128.333,0.0013006127694766033,0.16691153854524093,0.00016691153854524093
2025-04-11,110084,buy,rebalance,121.0,0.0013794342028532309,0.16691153854524093,0.00016691153854524093
2025-04-11,123243,buy,rebalance,127.0,1.6603328903787825e-05,0.0021086227707810537,2.1086227707810536e-06
2025-04-11,113691,buy,rebalance,109.69,2.0097068412674876e-05,0.002204447434186307,2.2044474341863074e-06
2025-04-11,123204,buy,rebalance,128.5,0.0012989224789512913,0.16691153854524093,0.00016691153854524093
2025-04-22,127078,sell,rebalance,116.852,0.0015037211014985806,0.17571281815231213,0.00017571281815231213
2025-04-22,127039,sell,rebalance,129.55,0.0012363817670017847,0.16017325791508122,0.00016017325791508122
2025-04-22,128141,sell,rebalance,125.77,0.0013006127694766033,0.1635780680170724,0.0001635780680170724
2025-04-22,110084,sell,rebalance,119.63,0.0013794342028532309,0.165021713687332,0.000165021713687332
2025-04-22,123204,sell,rebalance,128.999,0.0012989224789512913,0.16755970086223762,0.00016755970086223762
2025-04-22,127047,sell,rebalance_resize,93.002,6.384368400464309e-05,0.0059375902997998165,5.937590299799817e-06
2025-04-22,110092,sell,rebalance_resize,82.745,5.423743935957437e-05,0.0044878769198079815,4.487876919807982e-06
2025-04-22,127061,sell,rebalance_resize,98.2,1.2625368368555547e-05,0.0012398111737921547,1.2398111737921547e-06
2025-04-22,113050,sell,rebalance_resize,126.892,2.1459033846828273e-05,0.002722979722891733,2.722979722891733e-06
2025-04-22,110079,sell,rebalance_resize,127.3,1.0512097731072306e-05,0.0013381900411655046,1.3381900411655047e-06
2025-04-22,113042,sell,rebalance_resize,122.779,1.6330102468166443e-05,0.0020049936509390076,2.0049936509390075e-06
2025-04-22,118023,sell,rebalance_resize,125.802,8.804743463963782e-06,0.0011076543372535719,1.1076543372535719e-06
2025-04-22,123243,sell,rebalance_resize,128.07,1.8300027954315574e-05,0.0023436845801091954,2.3436845801091953e-06
2025-04-22,128133,sell,rebalance_resize,129.307,9.27662817250824e-06,0.0011995329591025228,1.1995329591025229e-06
2025-04-22,127049,buy,rebalance,110.129,1.830915250916725e-05,0.00201636865668208,2.01636865668208e-06
2025-04-22,127020,buy,rebalance,118.542,0.001400105716682056,0.16597133186692428,0.0001659713318669243
2025-04-22,113065,buy,rebalance,124.303,5.55352994329251e-06,0.0006903204325410889,6.903204325410889e-07
2025-04-22,113068,buy,rebalance,120.407,0.0013784192934540706,0.16597133186692428,0.0001659713318669243
2025-04-22,123247,buy,rebalance,118.65,2.140966102061975e-06,0.00025402562800965335,2.5402562800965334e-07
2025-04-22,113042,buy,rebalance,122.779,2.2582950431424353e-19,2.7727120710198503e-17,2.7727120710198505e-20
2025-04-22,118023,buy,rebalance,125.802,2.204028609258875e-19,2.7727120710198503e-17,2.7727120710198505e-20
2025-04-22,113058,buy,rebalance,119.979,0.0013833365161146892,0.16597133186692428,0.0001659713318669243
2025-04-22,123056,buy,rebalance,124.7,9.585073752045962e-05,0.011952586968801315,1.1952586968801314e-05
2025-04-22,123078,buy,rebalance,128.469,0.0012919173642429247,0.16597133186692428,0.0001659713318669243
2025-04-22,113637,buy,rebalance,132.87,0.0012491257008122546,0.16597133186692428,0.0001659713318669243
2025-04-22,113691,buy,rebalance,107.049,2.8805757166730565e-05,0.0030836274989413403,3.0836274989413403e-06
2025-04-22,123063,buy,rebalance,126.9,3.8354099316451316e-05,0.004867135203257672,4.867135203257672e-06
2025-04-28,123078,sell,risk_exit_next_open,118.996,0.0012919173642429247,0.15373299867545107,0.00015373299867545108
2025-04-28,113637,sell,risk_exit_next_open,128.05,0.0012491257008122546,0.1599505459890092,0.0001599505459890092
2025-05-06,127047,sell,rebalance_resize,94.444,3.0496308366960775e-05,0.0028801933474092434,2.8801933474092436e-06
2025-05-06,110092,sell,rebalance_resize,82.682,2.1487582469201853e-06,0.00017766362937185476,1.7766362937185477e-07
2025-05-06,123247,sell,rebalance_resize,120.409,2.2979715690156717e-05,0.0027669645865360804,2.7669645865360804e-06
2025-05-06,113050,sell,rebalance_resize,127.15,5.048864964610077e-06,0.0006419631802501713,6.419631802501713e-07
2025-05-06,110079,sell,rebalance_resize,129.566,2.5172959229690923e-05,0.0032615596355541343,3.2615596355541345e-06
2025-05-06,123243,sell,rebalance_resize,129.29,1.4593796554020191e-05,0.0018868319564692704,1.8868319564692704e-06
2025-05-06,123063,sell,rebalance_resize,128.545,1.9081164809781005e-05,0.002452788330473299,2.452788330473299e-06
2025-05-06,113068,sell,rebalance_resize,122.269,2.208612767311521e-05,0.0027004487444641234,2.7004487444641235e-06
2025-05-06,123056,sell,rebalance_resize,124.677,2.095431550713014e-06,0.00026125211944824644,2.6125211944824644e-07
2025-05-06,113042,sell,rebalance_resize,122.95,4.355859873186288e-06,0.0005355529714082541,5.355529714082541e-07
2025-05-06,113065,sell,rebalance_resize,125.5,1.5166040349388119e-05,0.001903338063848209,1.903338063848209e-06
2025-05-06,113058,sell,rebalance_resize,124.605,5.2430855452022205e-05,0.006533146743599227,6.5331467435992275e-06
2025-05-06,127061,buy,rebalance,97.11,1.584103064806325e-05,0.0015383224862334222,1.5383224862334222e-06
2025-05-06,123161,buy,rebalance,129.701,0.0012772386851695862,0.16565913470518048,0.0001656591347051805
2025-05-06,127049,buy,rebalance,109.153,1.0710061805973436e-05,0.0011690353763074185,1.1690353763074185e-06
2025-05-06,123243,buy,rebalance,129.29,2.1444599998030132e-19,2.7725723337453156e-17,2.7725723337453157e-20
2025-05-06,118023,buy,rebalance,124.259,1.3936647609894246e-05,0.001731753895357849,1.731753895357849e-06
2025-05-06,113691,buy,rebalance,106.15,1.0297341855705029e-05,0.0010930628379830888,1.0930628379830888e-06
2025-05-06,123198,buy,rebalance,121.81,0.0013599797611458869,0.16565913470518048,0.0001656591347051805
2025-05-06,128133,buy,rebalance,128.134,9.378381709111953e-06,0.0012016895619153508,1.2016895619153508e-06
2025-05-06,127020,buy,rebalance,117.764,8.104536199447824e-06,0.0009544226009917736,9.544226009917737e-07
2025-05-13,110092,sell,rebalance_resize,84.588,3.5847760852787263e-06,0.0003032290395015569,3.032290395015569e-07
2025-05-13,127061,sell,rebalance_resize,99.2,4.81594012491729e-07,4.777412603917952e-05,4.7774126039179524e-08
2025-05-13,123247,sell,rebalance_resize,124.5,1.698623648679151e-05,0.002114786442605543,2.114786442605543e-06
2025-05-13,118023,sell,rebalance_resize,129.44,2.621287153298337e-05,0.0033929940912293677,3.392994091229368e-06
2025-05-13,110079,sell,rebalance_resize,132.6,2.7426122630072844e-06,0.00036367038607476587,3.636703860747659e-07
2025-05-13,128133,sell,rebalance_resize,131.265,4.047437108433635e-06,0.0005312868320385411,5.312868320385411e-07
2025-05-13,123063,sell,rebalance_resize,132.0,7.103425887250646e-06,0.0009376522171170854,9.376522171170854e-07
2025-05-13,123198,sell,rebalance_resize,124.55,2.271637224883042e-07,2.8293241635918287e-05,2.8293241635918288e-08
2025-05-13,123161,sell,rebalance_resize,134.52,1.8264658934942567e-05,0.0024569619199284742,2.4569619199284743e-06
2025-05-13,127047,buy,rebalance,96.44,1.5357513003743e-07,1.4810785540809748e-05,1.4810785540809748e-08
2025-05-13,123056,buy,rebalance,127.17,1.5982349399861482e-06,0.00020324753731803847,2.0324753731803846e-07
2025-05-13,113050,buy,rebalance,129.576,2.7383543143961937e-06,0.00035482499864220116,3.548249986422012e-07
2025-05-13,113065,buy,rebalance,127.825,3.493087554866448e-06,0.0004465039167008037,4.465039167008037e-07
2025-05-13,123243,buy,rebalance,131.676,3.48049615083622e-06,0.00045829781115751006,4.582978111575101e-07
2025-05-13,123247,buy,rebalance,124.5,2.224909230529545e-19,2.7700119920092836e-17,2.7700119920092836e-20
2025-05-13,113058,buy,rebalance,125.181,2.1948888675884756e-05,0.0027475838333359294,2.7475838333359293e-06
2025-05-13,127049,buy,rebalance,110.245,1.685471778918519e-05,0.0018581483626687214,1.8581483626687214e-06
2025-05-13,113042,buy,rebalance,124.933,6.74991024739706e-06,0.000843286536938057,8.43286536938057e-07
2025-05-13,113691,buy,rebalance,107.78,9.022038449453058e-06,0.0009723953040820506,9.723953040820505e-07
2025-05-13,128133,buy,rebalance,131.265,2.1102441564844275e-19,2.7700119920092836e-17,2.7700119920092836e-20
2025-05-13,113068,buy,rebalance,123.886,1.068599432235348e-05,0.0013238450926190831,1.323845092619083e-06
2025-05-13,127020,buy,rebalance,119.6,7.80410663493679e-06,0.0009333711535384401,9.333711535384401e-07
2025-05-21,123056,sell,rebalance,172.97,0.0013317353079115174,0.23035025620945515,0.00023035025620945514
2025-05-21,123161,sell,rebalance,152.474,0.0012589740262346437,0.19196080567610105,0.00019196080567610106
2025-05-21,127047,sell,rebalance_resize,102.993,6.117387540293563e-05,0.006300480949374548,6.300480949374548e-06
2025-05-21,110092,sell,rebalance_resize,88.4,2.743245655798303e-05,0.0024250291597257,2.4250291597257002e-06
2025-05-21,127061,buy,rebalance,99.939,3.9438776768702986e-05,0.0039414719114874075,3.941471911487408e-06
2025-05-21,113065,buy,rebalance,127.27,4.665118155412576e-05,0.005937295876393586,5.9372958763935855e-06
2025-05-21,110093,buy,rebalance,122.501,0.0014235508159263827,0.1743863985017978,0.0001743863985017978
2025-05-21,113691,buy,rebalance,108.088,4.367094278606337e-05,0.004720304863860017,4.720304863860017e-06
2025-05-21,113050,buy,rebalance,129.4,4.1980964356079225e-05,0.005432336787676652,5.432336787676652e-06
2025-05-21,123243,buy,rebalance,130.888,4.748491524150574e-05,0.006215205586130204,6.215205586130204e-06
2025-05-21,127049,buy,rebalance,109.89,5.23280038596537e-05,0.005750324344137345,5.750324344137345e-06
2025-05-21,123198,buy,rebalance,124.198,4.573321476486236e-05,0.005679973807366375,5.679973807366375e-06
2025-05-21,113042,buy,rebalance,125.9,3.0929424942419457e-05,0.0038940146002506095,3.89401460025061e-06
2025-05-21,128133,buy,rebalance,130.478,4.764156192789635e-05,0.006216175717228061,6.216175717228061e-06
2025-05-21,118023,buy,rebalance,128.4,5.1099383795865775e-05,0.0065611608793891656,6.561160879389166e-06
2025-05-21,123247,buy,rebalance,127.364,1.0284728619950375e-05,0.0013099041759513596,1.3099041759513596e-06
2025-05-21,113058,buy,rebalance,125.592,3.703951925161815e-05,0.004651867301849227,4.651867301849227e-06
2025-05-21,113056,buy,rebalance,124.0,0.0014063419234015952,0.1743863985017978,0.0001743863985017978
2025-05-21,123063,buy,rebalance,132.821,3.124168603432744e-05,0.004149551980765404,4.149551980765404e-06
2025-05-21,113068,buy,rebalance,122.736,5.519933911360115e-05,0.006774946085446951,6.774946085446952e-06
2025-05-21,110079,buy,rebalance,133.56,2.9776602824162005e-05,0.003976963073195078,3.976963073195078e-06
2025-05-21,127020,buy,rebalance,118.902,5.2068645337136434e-05,0.006191066067876196,6.191066067876196e-06
2025-05-28,110079,sell,risk_exit_next_open,140.99,0.0013069801172214794,0.1842711267270564,0.0001842711267270564
2025-06-03,113050,sell,rebalance,139.23,0.001348985931701318,0.18781931127077447,0.00018781931127077447
2025-06-03,113042,sell,rebalance,126.443,0.001386499992748756,0.17531321858313095,0.00017531321858313095
2025-06-03,113056,sell,rebalance,124.6,0.0014063419234015952,0.17523020365583875,0.00017523020365583876
2025-06-03,127047,sell,rebalance_resize,109.331,9.293412488646891e-05,0.010160580807962533,1.0160580807962534e-05
2025-06-03,113065,sell,rebalance_resize,129.822,2.243358588557899e-05,0.002912372986837636,2.912372986837636e-06
2025-06-03,110092,buy,rebalance,87.717,2.1986052642201866e-05,0.001928550579616021,1.928550579616021e-06
2025-06-03,127061,buy,rebalance,99.392,1.5490873046753665e-05,0.0015396688538629403,1.5396688538629403e-06
2025-06-03,113691,buy,rebalance,106.401,3.108711872877811e-05,0.0033077005198607194,3.3077005198607193e-06
2025-06-03,113058,buy,rebalance,123.8,2.4831134315749153e-05,0.003074094428289745,3.074094428289745e-06
2025-06-03,123247,buy,rebalance,124.311,3.831251478082816e-05,0.00476266702491953,4.76266702491953e-06
2025-06-03,110093,buy,rebalance,122.953,9.446476461190889e-07,0.00011614726203328034,1.1614726203328035e-07
2025-06-03,123243,buy,rebalance,129.4,1.9860699399611213e-05,0.0025699745023096913,2.5699745023096913e-06
2025-06-03,123198,buy,rebalance,122.8,2.0764299311707885e-05,0.0025498559554777284,2.5498559554777286e-06
2025-06-03,113068,buy,rebalance,120.01,3.717295476217633e-05,0.004461126301008781,4.461126301008781e-06
2025-06-03,127049,buy,rebalance,109.811,6.487682642780181e-06,0.0007124189186863345,7.124189186863346e-07
2025-06-03,123063,buy,rebalance,130.46,2.8247858235051425e-05,0.003685215585344809,3.685215585344809e-06
2025-06-03,128133,buy,rebalance,129.027,1.958315197540449e-05,0.0025267553499305146,2.5267553499305146e-06
2025-06-03,111019,buy,rebalance,122.667,0.0014263658983131883,0.17496802564838387,0.00017496802564838387
2025-06-03,118023,buy,rebalance,127.51,1.4089816247611333e-05,0.001796592469732921,1.796592469732921e-06
2025-06-03,113631,buy,rebalance,128.117,0.0013656893749337238,0.17496802564838387,0.00017496802564838387
2025-06-03,123207,buy,rebalance,115.0,0.0015214610925946425,0.17496802564838387,0.00017496802564838387
2025-06-03,127020,buy,rebalance,118.393,1.12675580702691e-05,0.0013340000026133695,1.3340000026133694e-06
2025-06-03,113629,buy,rebalance,121.74,0.0014372270876325274,0.17496802564838387,0.00017496802564838387
2025-06-11,127049,sell,rebalance,110.9,0.0015949712127606966,0.17688230749516126,0.00017688230749516126
2025-06-11,123207,sell,rebalance,117.15,0.0015214610925946425,0.17823916699746237,0.00017823916699746237
2025-06-11,113629,sell,rebalance,124.0,0.0014372270876325274,0.1782161588664334,0.0001782161588664334
2025-06-11,127047,sell,rebalance_resize,119.0,0.00010916251340757947,0.012990339095501957,1.2990339095501957e-05
2025-06-11,127061,sell,rebalance_resize,100.997,3.2425733157548368e-06,0.00032749017717129125,3.274901771712913e-07
2025-06-11,113691,sell,rebalance_resize,108.036,1.746990004670114e-06,0.00018873781214454044,1.8873781214454044e-07
2025-06-11,123198,sell,rebalance_resize,128.299,4.16304539730852e-05,0.005341145614292858,5.341145614292858e-06
2025-06-11,113068,sell,rebalance_resize,124.44,3.18334546135952e-05,0.003961355092115787,3.961355092115787e-06
2025-06-11,127047,buy,rebalance,119.0,2.3299755867947506e-19,2.772670948285753e-17,2.772670948285753e-20
2025-06-11,110092,buy,rebalance,88.243,1.642510503487741e-05,0.0014494005435926871,1.4494005435926872e-06
2025-06-11,123247,buy,rebalance,124.406,1.9032408387142378e-05,0.002367745797810835,2.367745797810835e-06
2025-06-11,113058,buy,rebalance,124.953,6.964643876675255e-06,0.0008702531463222031,8.702531463222031e-07
2025-06-11,113691,buy,rebalance,108.036,2.566432437600201e-19,2.772670948285753e-17,2.772670948285753e-20
2025-06-11,127043,buy,rebalance,129.899,0.001366142650615846,0.1774605641723478,0.00017746056417234778
2025-06-11,123243,buy,rebalance,129.599,1.7208118971224794e-05,0.002230155010551762,2.230155010551762e-06
2025-06-11,113065,buy,rebalance,129.902,1.838918209712328e-05,0.002388791532780508,2.388791532780508e-06
2025-06-11,118023,buy,rebalance,128.32,1.0808907636288758e-05,0.0013869990278885733,1.3869990278885733e-06
2025-06-11,128133,buy,rebalance,130.5,3.845069128835412e-06,0.0005017815213130213,5.017815213130212e-07
2025-06-11,127078,buy,rebalance,131.4,0.0013505370180543971,0.1774605641723478,0.00017746056417234778
2025-06-11,123063,buy,rebalance,130.6,1.7707518311496297e-05,0.0023126018914814165,2.3126018914814165e-06
2025-06-11,123204,buy,rebalance,134.331,0.001321069330030654,0.1774605641723478,0.00017746056417234778
2025-06-11,113631,buy,rebalance,128.407,1.774723617026891e-05,0.0022788693549157203,2.2788693549157204e-06
2025-06-11,110093,buy,rebalance,121.212,4.1037147331165836e-05,0.004974194702305273,4.9741947023052734e-06
2025-06-11,127020,buy,rebalance,119.7,4.732375229486006e-06,0.0005664653149694749,5.664653149694749e-07
2025-06-11,111019,buy,rebalance,123.613,1.073162668350607e-05,0.0013265685692282357,1.3265685692282357e-06
2025-06-16,123204,sell,risk_exit_next_open,130.0,0.001321069330030654,0.17173901290398502,0.00017173901290398503
2025-06-23,123243,sell,rebalance,129.52,0.0013707127033254925,0.1775347093347178,0.0001775347093347178
2025-06-23,123063,sell,rebalance,130.265,0.0013602060474981804,0.17718724077735046,0.00017718724077735046
2025-06-23,128133,sell,rebalance,127.36,0.0013612627972330604,0.17337042985560258,0.00017337042985560259
2025-06-23,127020,sell,rebalance,118.21,0.0014840829381533322,0.1754334441191054,0.00017543344411910538
2025-06-23,113631,sell,rebalance,127.75,0.0013834366111039928,0.17673402706853508,0.00017673402706853508
2025-06-23,127078,sell,rebalance,124.082,0.0013505370180543971,0.1675773342742257,0.0001675773342742257
2025-06-23,127061,sell,rebalance_resize,100.69,2.086071583502784e-05,0.0021004654774289533,2.1004654774289532e-06
2025-06-23,127047,sell,rebalance_resize,119.86,3.2740499162479825e-05,0.0039242762296148315,3.9242762296148315e-06
2025-06-23,113058,sell,rebalance_resize,123.907,9.301002617680989e-06,0.0011524593313489984,1.1524593313489985e-06
2025-06-23,113691,sell,rebalance_resize,106.541,1.7101452889270504e-06,0.00018220058922757687,1.8220058922757686e-07
2025-06-23,113065,sell,rebalance_resize,130.959,3.118096873979935e-05,0.004083428485195384,4.083428485195384e-06
2025-06-23,127043,sell,rebalance_resize,129.701,1.684800744469136e-05,0.002185203413583914,2.185203413583914e-06
2025-06-23,118023,sell,rebalance_resize,129.001,2.7765466469586573e-05,0.0035817729400431375,3.5817729400431375e-06
2025-06-23,111019,sell,rebalance_resize,121.902,1.4782200308864584e-06,0.00018019797820512107,1.8019797820512108e-07
2025-06-23,123128,buy,rebalance,124.5,0.0014042375436904052,0.17482757418945544,0.00017482757418945543
2025-06-23,110092,buy,rebalance,85.249,3.9706117065364444e-05,0.003384906773705253,3.384906773705253e-06
2025-06-23,127043,buy,rebalance,129.701,2.1377982874935372e-19,2.7727457568619927e-17,2.7727457568619925e-20
2025-06-23,113062,buy,rebalance,128.744,0.0013579473543579152,0.17482757418945544,0.00017482757418945543
2025-06-23,113042,buy,rebalance,127.871,0.001367218323071341,0.17482757418945544,0.00017482757418945543
2025-06-23,113068,buy,rebalance,121.965,7.312333123281414e-06,0.0008918487093810177,8.918487093810177e-07
2025-06-23,113629,buy,rebalance,130.5,0.00133967489800349,0.17482757418945544,0.00017482757418945543
2025-06-23,113628,buy,rebalance,121.944,0.0014336709816756498,0.17482757418945544,0.00017482757418945543
2025-06-23,110093,buy,rebalance,119.11,3.7345658546375852e-06,0.00044482413894588276,4.4482413894588276e-07
2025-06-23,123198,buy,rebalance,122.127,4.830575596118438e-05,0.005899437058271564,5.899437058271564e-06
2025-06-23,123247,buy,rebalance,122.502,6.58812321978338e-07,8.070582706699037e-05,8.070582706699037e-08
2025-06-23,113056,buy,rebalance,125.299,0.001395283076396902,0.17482757418945544,0.00017482757418945543
2025-06-23,128130,buy,rebalance,122.52,0.0014269309026236977,0.17482757418945544,0.00017482757418945543
2025-06-25,127043,sell,risk_exit_next_open,128.5,0.0013492946431711548,0.17338436164749338,0.00017338436164749337
2025-07-01,111019,sell,rebalance,126.888,0.001435619304965808,0.18216286236850146,0.00018216286236850146
2025-07-01,113629,sell,rebalance,143.0,0.00133967489800349,0.19157351041449908,0.00019157351041449908
2025-07-01,113628,sell,rebalance,126.16,0.0014336709816756498,0.18087193104819999,0.0001808719310482
2025-07-01,113056,sell,rebalance,126.169,0.001395283076396902,0.17604147046592072,0.00017604147046592071
2025-07-01,128130,sell,rebalance,127.3,0.0014269309026236977,0.1816483039039967,0.0001816483039039967
2025-07-01,110092,sell,rebalance_resize,88.553,2.7642394026834714e-05,0.0024478169182582943,2.4478169182582945e-06
2025-07-01,127061,sell,rebalance_resize,103.684,8.414505582212471e-06,0.0008724495967861179,8.724495967861179e-07
2025-07-01,127047,sell,rebalance_resize,128.01,5.9123034981424586e-05,0.00756833970797216,7.56833970797216e-06
2025-07-01,110093,sell,rebalance_resize,124.413,2.7808850411247517e-05,0.003459782506214537,3.459782506214537e-06
2025-07-01,113068,sell,rebalance_resize,128.25,3.653774180014482e-05,0.0046859653858685735,4.685965385868574e-06
2025-07-01,123198,sell,rebalance_resize,127.703,2.8603238160812984e-05,0.0036527193228503008,3.652719322850301e-06
2025-07-01,118023,sell,rebalance_resize,137.05,4.8070884211102725e-05,0.006588114681131629,6.58811468113163e-06
2025-07-01,113691,buy,rebalance,108.214,1.4615368998347306e-05,0.0015815875407871553,1.5815875407871553e-06
2025-07-01,113065,buy,rebalance,129.5,4.845220691710755e-05,0.006274560795765428,6.2745607957654275e-06
2025-07-01,113058,buy,rebalance,126.782,2.1327539097495866e-06,0.0002703948061858721,2.703948061858721e-07
2025-07-01,113062,buy,rebalance,128.884,3.347227271660671e-05,0.004314040396807139,4.3140403968071395e-06
2025-07-01,113042,buy,rebalance,127.698,3.7120740960559595e-05,0.004740244379181539,4.740244379181539e-06
2025-07-01,113631,buy,rebalance,129.678,0.0013815164414056234,0.17915228908859843,0.00017915228908859843
2025-07-01,123207,buy,rebalance,120.2,0.001490451656311135,0.17915228908859843,0.00017915228908859843
2025-07-01,123247,buy,rebalance,123.6,2.232969930387358e-05,0.002759950833958774,2.759950833958774e-06
2025-07-01,123146,buy,rebalance,121.8,0.0014708726526157507,0.17915228908859843,0.00017915228908859843
2025-07-01,123156,buy,rebalance,135.0,0.0013270539932488772,0.17915228908859843,0.00017915228908859843
2025-07-01,123128,buy,rebalance,114.968,0.00015548176114265542,0.01787542711504881,1.787542711504881e-05
2025-07-01,118028,buy,rebalance,137.755,0.001300513876727512,0.17915228908859843,0.00017915228908859843
2025-07-01,113052,buy,rebalance,124.794,0.0014355841553968815,0.17915228908859843,0.00017915228908859843
2025-07-07,113065,sell,risk_exit_next_open,129.79,0.0013847854449071802,0.17973130289450293,0.00017973130289450294
2025-07-07,118028,sell,risk_exit_next_open,124.0,0.001300513876727512,0.1612637207142115,0.0001612637207142115
2025-07-11,123247,sell,rebalance,124.743,0.0014509168462176628,0.1809917201477299,0.00018099172014772992
2025-07-11,123128,sell,rebalance,116.1,0.0015597193048330607,0.18108341129111835,0.00018108341129111836
2025-07-11,123146,sell,rebalance,121.579,0.0014708726526157507,0.17882722623237035,0.00017882722623237035
2025-07-11,127061,sell,rebalance_resize,110.77,0.00010017074347890717,0.011095913255158546,1.1095913255158547e-05
2025-07-11,127047,sell,rebalance_resize,130.297,1.5684594455480457e-05,0.002043655603765737,2.0436556037657373e-06
2025-07-11,113058,sell,rebalance_resize,129.676,2.261807280030518e-05,0.0029330212084523744,2.9330212084523744e-06
2025-07-11,113042,sell,rebalance_resize,128.9,4.0560419723383465e-06,0.0005228238102344129,5.22823810234413e-07
2025-07-11,113691,sell,rebalance_resize,110.87,2.9220072504209405e-05,0.003239629438541697,3.2396294385416968e-06
2025-07-11,113052,sell,rebalance_resize,126.68,1.0761913973787079e-05,0.0013633192621993473,1.3633192621993472e-06
2025-07-11,123198,sell,rebalance_resize,129.933,1.5171755160879822e-05,0.001971311663318598,1.971311663318598e-06
2025-07-11,123207,sell,rebalance_resize,123.42,2.799434352975765e-05,0.003455061878442689,3.4550618784426892e-06
2025-07-11,113068,sell,rebalance_resize,130.181,1.1828557508074183e-05,0.0015398534449586054,1.5398534449586056e-06
2025-07-11,110092,sell,rebalance_resize,94.988,0.00012498141732299504,0.011871734868676653,1.1871734868676653e-05
2025-07-11,118023,buy,rebalance,129.45,8.569869319064127e-05,0.011093695833528512,1.1093695833528513e-05
2025-07-11,113062,buy,rebalance,129.386,3.5998920416186067e-06,0.00046577563169686504,4.6577563169686503e-07
2025-07-11,123156,buy,rebalance,131.9,4.133715096686904e-05,0.005452370212530026,5.452370212530026e-06
2025-07-11,123082,buy,rebalance,132.8,0.001357743429113892,0.18030832738632488,0.00018030832738632487
2025-07-11,113631,buy,rebalance,129.816,8.876723231276204e-06,0.0011523407029913517,1.1523407029913517e-06
2025-07-11,110093,buy,rebalance,124.95,3.088123371507243e-06,0.00038586101526983003,3.8586101526983004e-07
2025-07-11,123141,buy,rebalance,134.791,0.001337688179376404,0.18030832738632488,0.00018030832738632487
2025-07-11,123207,buy,rebalance,123.42,2.2465275070844885e-19,2.772664249243676e-17,2.772664249243676e-20
2025-07-11,113056,buy,rebalance,127.578,0.001413318341613169,0.18030832738632488,0.00018030832738632487
2025-07-11,110092,buy,rebalance,94.988,2.918962657644835e-19,2.772664249243676e-17,2.772664249243676e-20
2025-07-11,110095,buy,rebalance,117.4,0.0015358460595087298,0.18030832738632488,0.00018030832738632487
2025-07-11,123120,buy,rebalance,131.806,0.0013679826971937914,0.18030832738632488,0.00018030832738632487
2025-07-16,118023,sell,risk_exit_next_open,116.517,0.0013942441492710241,0.1624531455406119,0.0001624531455406119
2025-07-16,123082,sell,risk_exit_next_open,120.4,0.001357743429113892,0.1634723088653126,0.00016347230886531262
2025-07-22,110092,sell,rebalance,96.404,0.001900202989256302,0.18318716897626452,0.00018318716897626453
2025-07-22,113068,sell,rebalance,144.583,0.0013865040331805531,0.2004649126293439,0.00020046491262934392
2025-07-22,123156,sell,rebalance,185.64,0.0013683911442157462,0.2540281320122111,0.0002540281320122111
2025-07-22,123141,sell,rebalance,149.501,0.001337688179376404,0.19998572050495178,0.00019998572050495178
2025-07-22,110095,sell,rebalance,118.033,0.0015358460595087298,0.1812805179419939,0.0001812805179419939
2025-07-22,113691,sell,rebalance_resize,115.924,2.0384928704359475e-05,0.002363102475124168,2.363102475124168e-06
2025-07-22,123120,sell,rebalance_resize,142.3,5.8346037960460194e-05,0.008302641201773486,8.302641201773487e-06
2025-07-22,127047,buy,rebalance,130.68,4.077812890076884e-05,0.005328885884752472,5.328885884752472e-06
2025-07-22,113058,buy,rebalance,130.987,3.0811926087272854e-05,0.004035961762393609,4.035961762393609e-06
2025-07-22,113042,buy,rebalance,128.32,5.198142435598473e-05,0.0066702563733599595,6.67025637335996e-06
2025-07-22,127061,buy,rebalance,111.1,4.790032417383318e-05,0.0053217260157128665,5.3217260157128666e-06
2025-07-22,113062,buy,rebalance,128.99,4.9703597367859e-05,0.006411267024480132,6.411267024480133e-06
2025-07-22,113631,buy,rebalance,131.92,2.226856807031107e-05,0.0029376694998354365,2.9376694998354365e-06
2025-07-22,123247,buy,rebalance,128.711,0.0014464471191698827,0.1861736551554748,0.0001861736551554748
2025-07-22,113052,buy,rebalance,126.291,5.077644291682575e-05,0.006412607752408841,6.412607752408841e-06
2025-07-22,110093,buy,rebalance,127.003,2.280768465073814e-05,0.002896644373697696,2.896644373697696e-06
2025-07-22,123063,buy,rebalance,141.0,0.0013203805330175517,0.1861736551554748,0.0001861736551554748
2025-07-22,123198,buy,rebalance,133.872,2.932322737830015e-06,0.0003925559095587798,3.925559095587798e-07
2025-07-22,123207,buy,rebalance,126.73,8.072676115508344e-06,0.0010230502441183724,1.0230502441183724e-06
2025-07-22,128130,buy,rebalance,135.5,0.0013739753148005519,0.1861736551554748,0.0001861736551554748
2025-07-22,123236,buy,rebalance,134.604,0.0013831212679821904,0.1861736551554748,0.0001861736551554748
2025-07-22,128133,buy,rebalance,136.995,0.0013589813873168713,0.1861736551554748,0.0001861736551554748
2025-07-22,113056,buy,rebalance,126.065,6.491153203176091e-05,0.008183072285583938,8.183072285583938e-06
2025-07-22,128132,buy,rebalance,132.92,0.0014006444113412188,0.1861736551554748,0.0001861736551554748
2025-07-22,111019,buy,rebalance,133.01,0.001399696678110479,0.1861736551554748,0.0001861736551554748
2025-07-31,113691,sell,rebalance,120.323,0.0016076161675658452,0.19343320013002518,0.0001934332001300252
2025-07-31,113056,sell,rebalance,125.0,0.0014782298736449298,0.18477873420561622,0.00018477873420561622
2025-07-31,123120,sell,rebalance,146.231,0.0013096366592333312,0.19150947831634924,0.00019150947831634923
2025-07-31,123063,sell,rebalance,166.498,0.0013203805330175517,0.2198407179863563,0.0002198407179863563
2025-07-31,123236,sell,rebalance,135.254,0.0013831212679821904,0.18707268397966317,0.00018707268397966318
2025-07-31,128133,sell,rebalance,158.0,0.0013589813873168713,0.21471905919606565,0.00021471905919606565
2025-07-31,111019,sell,rebalance,131.83,0.001399696678110479,0.18452201307530447,0.00018452201307530446
2025-07-31,123247,sell,rebalance_resize,135.388,4.413819668314254e-05,0.005975782172537303,5.975782172537303e-06
2025-07-31,127047,buy,rebalance,124.5,9.879916673266191e-05,0.012300496258216408,1.2300496258216408e-05
2025-07-31,113058,buy,rebalance,132.538,9.737914174566493e-06,0.001290643668868694,1.290643668868694e-06
2025-07-31,113062,buy,rebalance,129.23,2.438340426436356e-05,0.0031510673330837026,3.1510673330837027e-06
2025-07-31,113042,buy,rebalance,127.335,3.869131822364551e-05,0.0049267590060079,4.9267590060079e-06
2025-07-31,128130,buy,rebalance,135.45,2.7663940130041686e-05,0.003747080690614146,3.747080690614146e-06
2025-07-31,113068,buy,rebalance,133.904,0.0014164275394279128,0.18966531323955524,0.00018966531323955525
2025-07-31,123141,buy,rebalance,136.0,0.001394597891467318,0.18966531323955524,0.00018966531323955525
2025-07-31,113631,buy,rebalance,131.786,2.794729538507637e-05,0.0036830622696176745,3.6830622696176744e-06
2025-07-31,113641,buy,rebalance,135.42,0.0014005709144849746,0.18966531323955524,0.00018966531323955525
2025-07-31,123087,buy,rebalance,135.8,0.0013966517911602006,0.18966531323955524,0.00018966531323955525
2025-07-31,127061,buy,rebalance,112.349,1.2491623628793914e-05,0.0014034214230713676,1.4034214230713677e-06
2025-07-31,123198,buy,rebalance,133.855,2.6260017037115055e-05,0.0035150345805030356,3.515034580503036e-06
2025-07-31,123207,buy,rebalance,125.399,4.344005435878291e-05,0.0054473393765370175,5.447339376537018e-06
2025-07-31,110093,buy,rebalance,127.001,2.753400351432948e-05,0.0034968459803233587,3.4968459803233587e-06
2025-07-31,113052,buy,rebalance,124.831,4.525852460655287e-05,0.005649666885160602,5.649666885160602e-06
2025-07-31,127077,buy,rebalance,136.0,0.001394597891467318,0.18966531323955524,0.00018966531323955525
2025-07-31,128132,buy,rebalance,133.532,2.1134383648102424e-05,0.0028221165172984133,2.8221165172984132e-06
2025-07-31,113606,buy,rebalance,141.117,0.0013440288075820437,0.18966531323955524,0.00018966531323955525
2025-07-31,123107,buy,rebalance,125.833,0.0015072780052891948,0.18966531323955524,0.00018966531323955525
2025-08-01,123087,sell,risk_exit_next_open,131.4,0.0013966517911602006,0.18352004535845037,0.00018352004535845037
2025-08-04,113068,sell,risk_exit_next_open,129.5,0.0014164275394279128,0.1834273663559147,0.0001834273663559147
2025-08-04,123141,sell,risk_exit_next_open,129.01,0.001394597891467318,0.17991707397819867,0.00017991707397819868
2025-08-12,123247,sell,rebalance,144.71,0.00140230892248674,0.20292812417305617,0.00020292812417305617
2025-08-12,128132,sell,rebalance,176.0,0.0014217787949893212,0.2502330679181205,0.0002502330679181205
2025-08-12,127077,sell,rebalance,138.33,0.001394597891467318,0.1929147263266741,0.00019291472632667413
2025-08-12,113606,sell,rebalance,182.4,0.0013440288075820437,0.24515085450296478,0.0002451508545029648
2025-08-12,123107,sell,rebalance,127.75,0.0015072780052891948,0.19255476517569464,0.00019255476517569464
2025-08-12,110093,sell,rebalance_resize,133.4,1.562515280728477e-05,0.0020843953844917884,2.0843953844917883e-06
2025-08-12,127047,buy,rebalance,128.899,6.0640592750958366e-06,0.0007816511765005782,7.816511765005783e-07
2025-08-12,128130,buy,rebalance,131.0,0.00010461997759290038,0.01370521706466995,1.3705217064669951e-05
2025-08-12,113062,buy,rebalance,131.8,2.8086011403889675e-05,0.0037017363030326595,3.7017363030326596e-06
2025-08-12,123206,buy,rebalance,129.998,0.0015164563588759854,0.19713629374116032,0.00019713629374116032
2025-08-12,113058,buy,rebalance,135.455,2.434321326286259e-05,0.0032974099525210523,3.2974099525210524e-06
2025-08-12,113042,buy,rebalance,127.831,5.269903756978761e-05,0.0067365706715835205,6.73657067158352e-06
2025-08-12,123207,buy,rebalance,127.972,2.800861852377569e-05,0.0035843189297246223,3.5843189297246224e-06
2025-08-12,128131,buy,rebalance,138.2,0.0014264565393716376,0.19713629374116032,0.00019713629374116032
2025-08-12,113631,buy,rebalance,134.974,2.1382114556532334e-05,0.002886029530153395,2.8860295301533953e-06
2025-08-12,123198,buy,rebalance,138.11,1.0462072757229179e-05,0.001444916868500922,1.444916868500922e-06
2025-08-12,113632,buy,rebalance,138.0,0.0014285238676895675,0.19713629374116032,0.00019713629374116032
2025-08-12,127061,buy,rebalance,113.196,5.337580746914243e-05,0.006041927902277046,6.041927902277046e-06
2025-08-12,113052,buy,rebalance,125.701,4.8959420107239113e-05,0.006154248066900064,6.154248066900064e-06
2025-08-12,123145,buy,rebalance,140.02,0.0014079152531149858,0.19713629374116032,0.00019713629374116032
2025-08-12,128127,buy,rebalance,125.386,0.001572235287361909,0.19713629374116032,0.00019713629374116032
2025-08-12,113641,buy,rebalance,138.005,2.9302156724120713e-05,0.004043844138712279,4.043844138712279e-06
2025-08-12,113663,buy,rebalance,141.66,0.0013916157965633228,0.19713629374116032,0.00019713629374116032
2025-08-12,113056,buy,rebalance,125.55,0.001570181551104423,0.19713629374116032,0.00019713629374116032
2025-08-12,128141,buy,rebalance,134.9,0.001461351324990069,0.19713629374116032,0.00019713629374116032
2025-08-13,123206,sell,risk_exit_next_open,129.4,0.0015164563588759854,0.1962294528385525,0.0001962294528385525
2025-08-18,123145,sell,risk_exit_next_open,140.05,0.0014079152531149858,0.19717853119875378,0.0001971785311987538
2025-08-21,113058,sell,rebalance,141.204,0.00145679657879906,0.20570550411274247,0.00020570550411274247
2025-08-21,128131,sell,rebalance,158.193,0.0014264565393716376,0.22565543933281748,0.00022565543933281747
2025-08-21,113663,sell,rebalance,158.882,0.0013916157965633228,0.22110270098957385,0.00022110270098957385
2025-08-21,113056,sell,rebalance,126.344,0.001570181551104423,0.1983830178927372,0.0001983830178927372
2025-08-21,128141,sell,rebalance,141.003,0.001461351324990069,0.20605492087757468,0.0002060549208775747
2025-08-21,127047,sell,rebalance_resize,138.988,7.74307304133334e-05,0.010761942358688381,1.0761942358688381e-05
2025-08-21,123207,sell,rebalance_resize,131.3,3.39283939156375e-06,0.00044547981211232046,4.454798121123205e-07
2025-08-21,113631,sell,rebalance_resize,139.1,9.681160768669906e-06,0.0013466494629219838,1.346649462921984e-06
2025-08-21,128130,buy,rebalance,131.199,3.3477263391427583e-05,0.004392183479691908,4.392183479691908e-06
2025-08-21,113062,buy,rebalance,130.916,4.585998279726584e-05,0.006003805507886854,6.003805507886854e-06
2025-08-21,123198,buy,rebalance,135.105,6.638241249951304e-05,0.008968595840746708,8.968595840746708e-06
2025-08-21,113641,buy,rebalance,137.188,4.2634868199479776e-05,0.005848992298550231,5.848992298550232e-06
2025-08-21,123130,buy,rebalance,136.301,0.001480640423148889,0.2018127703156167,0.0002018127703156167
2025-08-21,127061,buy,rebalance,114.398,2.2646376638764684e-05,0.0025907001947214022,2.5907001947214024e-06
2025-08-21,113046,buy,rebalance,139.0,0.0014518904339253,0.2018127703156167,0.0002018127703156167
2025-08-21,113042,buy,rebalance,128.113,3.3172156421594475e-05,0.004249784475639733,4.249784475639733e-06
2025-08-21,128127,buy,rebalance,125.0,4.3851032365714774e-05,0.005481379045714347,5.481379045714347e-06
2025-08-21,113632,buy,rebalance,141.2,2.1843999449645905e-06,0.00030843727222900014,3.0843727222900015e-07
2025-08-21,113052,buy,rebalance,125.867,3.514620228859402e-05,0.004423747043458464,4.4237470434584635e-06
2025-08-21,118031,buy,rebalance,125.277,0.001610932336467322,0.2018127703156167,0.0002018127703156167
2025-08-21,110093,buy,rebalance,133.193,3.7418010220048684e-05,0.004983817035238945,4.983817035238945e-06
2025-08-21,123169,buy,rebalance,147.729,0.0013661012415681192,0.2018127703156167,0.0002018127703156167
2025-08-21,127089,buy,rebalance,126.687,0.0015930029941163394,0.2018127703156167,0.0002018127703156167
2025-08-21,123146,buy,rebalance,128.39,0.00157187296764247,0.2018127703156167,0.0002018127703156167
2025-08-21,123247,buy,rebalance,146.1,0.001381333130154803,0.2018127703156167,0.0002018127703156167
2025-08-25,123130,sell,risk_exit_next_open,125.9,0.001480640423148889,0.18641262927444513,0.00018641262927444514
2025-08-26,123169,sell,risk_exit_next_open,149.6,0.0013661012415681192,0.20436874573859062,0.00020436874573859064
2025-09-01,113641,sell,risk_exit_next_open,139.5,0.001472507939408575,0.20541485754749622,0.00020541485754749624
2025-09-11,113052,sell,rebalance,123.554,0.0016049628313423063,0.19829957766366732,0.00019829957766366731
2025-09-11,128130,sell,rebalance,154.253,0.0015397364959149216,0.23750897370436438,0.0002375089737043644
2025-09-11,113632,sell,rebalance,137.472,0.001430708267634532,0.1966823269682544,0.00019668232696825442
2025-09-11,128127,sell,rebalance,119.018,0.0016160863197276238,0.19234336160134233,0.00019234336160134233
2025-09-11,113046,sell,rebalance,131.01,0.0014518904339253,0.19021216574855354,0.00019021216574855354
2025-09-11,123247,sell,rebalance,180.972,0.001381333130154803,0.249982619230375,0.00024998261923037503
2025-09-11,110093,sell,rebalance_resize,134.799,1.3223618605577716e-05,0.0017825305644132705,1.7825305644132705e-06
2025-09-11,127089,sell,rebalance_resize,127.818,7.4317058741069255e-06,0.000949905781416599,9.49905781416599e-07
2025-09-11,123146,sell,rebalance_resize,136.187,8.373863088091674e-05,0.011404112923779408,1.1404112923779409e-05
2025-09-11,127047,buy,rebalance,130.71,9.691208951167186e-05,0.01266737922007063,1.266737922007063e-05
2025-09-11,113062,buy,rebalance,130.77,6.719340946208094e-06,0.0008786882155356326,8.786882155356326e-07
2025-09-11,123198,buy,rebalance,129.259,7.26346575198053e-05,0.009388683196352512,9.388683196352512e-06
2025-09-11,123166,buy,rebalance,133.649,0.001514867759194241,0.2024605611485511,0.0002024605611485511
2025-09-11,127061,buy,rebalance,113.038,2.697656124366863e-05,0.0030493765298618145,3.0493765298618144e-06
2025-09-11,127086,buy,rebalance,136.3,0.0014854039702755031,0.2024605611485511,0.0002024605611485511
2025-09-11,123207,buy,rebalance,125.481,7.643865840728357e-05,0.00959159929560435,9.59159929560435e-06
2025-09-11,118031,buy,rebalance,124.11,2.1988470229139203e-05,0.0027289890401384666,2.7289890401384667e-06
2025-09-11,113631,buy,rebalance,135.68,4.1343460562965736e-05,0.005609480729183191,5.609480729183191e-06
2025-09-11,128141,buy,rebalance,132.95,0.0015228323516250555,0.2024605611485511,0.0002024605611485511
2025-09-11,113042,buy,rebalance,125.0,4.4444668369083505e-05,0.005555583546135438,5.555583546135438e-06
2025-09-11,123107,buy,rebalance,128.956,0.0015699972172566697,0.2024605611485511,0.0002024605611485511
2025-09-11,113685,buy,rebalance,135.298,0.0014964046855722264,0.2024605611485511,0.0002024605611485511
2025-09-11,111015,buy,rebalance,120.8,0.0016759980227529065,0.2024605611485511,0.0002024605611485511
2025-09-11,113681,buy,rebalance,134.222,0.0015084007178297976,0.2024605611485511,0.0002024605611485511
2025-09-11,113058,buy,rebalance,135.29,0.00149649317132494,0.2024605611485511,0.0002024605611485511
2025-09-11,127105,buy,rebalance,130.035,0.001556969747749076,0.2024605611485511,0.0002024605611485511
2025-09-23,118031,sell,rebalance,122.351,0.001632920806696461,0.19978949362011872,0.00019978949362011873
2025-09-23,127086,sell,rebalance,138.6,0.0014854039702755031,0.20587699028018472,0.00020587699028018472
2025-09-23,111015,sell,rebalance,118.57,0.0016759980227529065,0.19872308555781212,0.00019872308555781212
2025-09-23,127105,sell,rebalance,126.599,0.001556969747749076,0.19711081309528528,0.0001971108130952853
2025-09-23,127047,sell,rebalance_resize,129.85,1.5183271415776293e-05,0.0019715477933385517,1.9715477933385516e-06
2025-09-23,127061,sell,rebalance_resize,111.948,1.2151685160663198e-05,0.0013603568503659236,1.3603568503659236e-06
2025-09-23,123198,sell,rebalance_resize,127.56,5.052205135042334e-06,0.0006444592870260002,6.444592870260003e-07
2025-09-23,113685,sell,rebalance_resize,138.101,5.291837755370914e-05,0.007308080858544785,7.3080808585447855e-06
2025-09-23,113058,sell,rebalance_resize,134.08,9.717346267770855e-06,0.0013029017875827165,1.3029017875827164e-06
2025-09-23,123107,sell,rebalance_resize,128.789,2.214062528324607e-05,0.002851468989603978,2.851468989603978e-06
2025-09-23,123166,buy,rebalance,127.5,3.897271046039891e-05,0.004969020583700861,4.969020583700861e-06
2025-09-23,113062,buy,rebalance,126.805,1.7870895231702076e-05,0.002266118869855982,2.2661188698559822e-06
2025-09-23,110093,buy,rebalance,132.352,2.1874714032962785e-06,0.00028951621516906906,2.8951621516906904e-07
2025-09-23,113631,buy,rebalance,132.5,8.695202839251242e-06,0.0011521143762007896,1.1521143762007896e-06
2025-09-23,123146,buy,rebalance,133.465,4.401075561368065e-06,0.0005873895497979888,5.873895497979889e-07
2025-09-23,123198,buy,rebalance,127.56,1.7435176586626528e-19,2.2240311253900798e-17,2.22403112539008e-20
2025-09-23,113657,buy,rebalance,133.98,0.0011922302618329347,0.15973501048037658,0.0001597350104803766
2025-09-23,113042,buy,rebalance,120.399,2.7602331077023565e-05,0.00332329305934256,3.3232930593425604e-06
2025-09-23,128141,buy,rebalance,130.164,6.949849019999405e-06,0.0009046201478392024,9.046201478392025e-07
2025-09-23,110081,buy,rebalance,127.29,0.0012548904900650214,0.15973501048037658,0.0001597350104803766
2025-09-23,127089,buy,rebalance,124.272,1.4861006456350332e-05,0.0018468069943435685,1.8468069943435686e-06
2025-09-23,113676,buy,rebalance,132.755,0.0012032315956489517,0.15973501048037658,0.0001597350104803766
2025-09-23,127040,buy,rebalance,126.665,0.0012610824654038335,0.15973501048037658,0.0001597350104803766
2025-09-23,113656,buy,rebalance,131.396,0.0012156763560563228,0.15973501048037658,0.0001597350104803766
2025-09-23,113681,buy,rebalance,131.088,9.863753903028535e-06,0.0012930197716402045,1.2930197716402044e-06
2025-10-09,123166,sell,risk_exit_next_open,121.15,0.0015538404696546397,0.18824777289865963,0.00018824777289865963
2025-10-09,123207,sell,rebalance,197.993,0.0016150244807951646,0.31976354202607704,0.00031976354202607705
2025-10-09,113058,sell,rebalance,141.328,0.0014867758250571691,0.2101230538036796,0.0002101230538036796
2025-10-09,113657,sell,rebalance,138.833,0.0011922302618329347,0.16552090394105182,0.0001655209039410518
2025-10-09,113656,sell,rebalance,132.901,0.0012156763560563228,0.16156460339624137,0.00016156460339624137
2025-10-09,113685,sell,rebalance_resize,146.706,1.0786058509474582e-05,0.001582379499690978,1.5823794996909779e-06
2025-10-09,127061,buy,rebalance,112.46,6.509014235925324e-05,0.007320037409721619,7.320037409721619e-06
2025-10-09,113628,buy,rebalance,138.393,0.0011199022948264338,0.15498663828791465,0.00015498663828791465
2025-10-09,127047,buy,rebalance,133.576,2.825637451276305e-05,0.0037743734819168373,3.7743734819168374e-06
2025-10-09,113062,buy,rebalance,128.969,4.578800615497513e-05,0.005905233365800988,5.905233365800988e-06
2025-10-09,110093,buy,rebalance,135.76,3.139065183221269e-05,0.004261594892741195,4.261594892741195e-06
2025-10-09,123243,buy,rebalance,142.465,0.0010878927335690495,0.15498663828791465,0.00015498663828791465
2025-10-09,118031,buy,rebalance,126.353,0.0012266162124200822,0.15498663828791465,0.00015498663828791465
2025-10-09,123198,buy,rebalance,132.0,2.178689737034812e-05,0.002875870452885952,2.875870452885952e-06
2025-10-09,127089,buy,rebalance,129.088,2.0501847600028246e-05,0.002646542502992446,2.646542502992446e-06
2025-10-09,113631,buy,rebalance,134.903,4.1073602367358885e-05,0.005540952180163815,5.540952180163815e-06
2025-10-09,113042,buy,rebalance,122.788,4.638370356353832e-05,0.005695362193159743,5.695362193159744e-06
2025-10-09,128141,buy,rebalance,133.138,3.607520272778684e-05,0.004802980340772084,4.802980340772085e-06
2025-10-09,113686,buy,rebalance,141.007,0.0010991414489203702,0.15498663828791465,0.00015498663828791465
2025-10-09,113691,buy,rebalance,127.89,0.0012118745663297727,0.15498663828791465,0.00015498663828791465
2025-10-09,127078,buy,rebalance,141.585,0.001094654365136947,0.15498663828791465,0.00015498663828791465
2025-10-09,123107,buy,rebalance,131.12,4.0663657656515665e-05,0.0053318187919223345,5.331818791922335e-06
2025-10-09,113676,buy,rebalance,136.926,0.00024466243787096267,0.03350064896791943,3.350064896791944e-05
2025-10-09,127040,buy,rebalance,133.998,0.00022673763844042,0.030382390075739396,3.0382390075739397e-05
2025-10-09,113681,buy,rebalance,135.979,2.024656883815965e-05,0.0027531081840441113,2.7531081840441113e-06
2025-10-13,123146,sell,rebalance,160.0,0.0014925354123229214,0.2388056659716674,0.0002388056659716674
2025-10-13,110081,sell,rebalance,108.0,0.0012548904900650214,0.1355281729270223,0.0001355281729270223
2025-10-13,113676,sell,rebalance,134.477,0.0014478940335199144,0.19470844594565753,0.00019470844594565752
2025-10-13,127078,sell,rebalance,142.587,0.001094654365136947,0.15608348196178184,0.00015608348196178185
2025-10-13,127061,sell,rebalance_resize,113.0,5.247770693308595e-06,0.0005929980883438712,5.929980883438713e-07
2025-10-13,113042,sell,rebalance_resize,124.302,2.205532097245684e-05,0.00274152050751833,2.7415205075183303e-06
2025-10-13,110093,sell,rebalance_resize,138.43,3.459818612379698e-05,0.004789426905117217,4.7894269051172166e-06
2025-10-13,113681,sell,rebalance_resize,135.728,6.1640130624074075e-06,0.0008366291649344326,8.366291649344326e-07
2025-10-13,113628,buy,rebalance,133.81,0.0004339697447655472,0.05806949154707788,5.806949154707788e-05
2025-10-13,113685,buy,rebalance,133.999,0.00011929801923919007,0.01598581528003223,1.598581528003223e-05
2025-10-13,127047,buy,rebalance,131.427,1.9008959980637417e-05,0.0024982905833752338,2.498290583375234e-06
2025-10-13,113062,buy,rebalance,128.74,2.08986575363968e-06,0.0002690493171235724,2.690493171235724e-07
2025-10-13,118031,buy,rebalance,125.345,0.00043222584243192576,0.05417734821962973,5.417734821962973e-05
2025-10-13,113686,buy,rebalance,136.9,0.00041966237055361195,0.05745177852878948,5.745177852878948e-05
2025-10-13,127089,buy,rebalance,127.744,7.177309335189303e-06,0.0009168582037144223,9.168582037144223e-07
2025-10-13,113691,buy,rebalance,127.943,0.00041329345849988326,0.052878004960850565,5.287800496085057e-05
2025-10-13,123243,buy,rebalance,140.0,0.00039729366601596266,0.055621113242234774,5.562111324223478e-05
2025-10-13,113631,buy,rebalance,134.69,7.332010619509149e-07,9.875485103416872e-05,9.875485103416873e-08
2025-10-13,123198,buy,rebalance,130.1,1.4064044848782512e-05,0.0018297322348266047,1.8297322348266047e-06
2025-10-13,127040,buy,rebalance,130.25,0.00010886353873888264,0.014179475920739464,1.4179475920739464e-05
2025-10-13,128141,buy,rebalance,131.744,1.281554058564077e-05,0.0016883705789146578,1.6883705789146577e-06
2025-10-13,123107,buy,rebalance,130.039,1.0853543641853015e-05,0.0014113839616429241,1.4113839616429242e-06
2025-10-13,113058,buy,rebalance,141.999,0.0014631939945530953,0.20777208403254496,0.00020777208403254498
2025-10-13,111017,buy,rebalance,134.55,0.001544199807005165,0.20777208403254496,0.00020777208403254498
2025-10-15,113628,sell,risk_exit_next_open,132.242,0.001553872039591981,0.20548714625972272,0.00020548714625972272
2025-10-17,113685,sell,risk_exit_next_open,122.0,0.0015519982687482326,0.1893437887872844,0.0001893437887872844
2025-10-21,123107,sell,rebalance,129.388,0.0015993737932717923,0.20693977636385066,0.00020693977636385068
2025-10-21,127040,sell,rebalance,127.568,0.001596683642583136,0.2036857389170455,0.0002036857389170455
2025-10-21,123243,sell,rebalance,149.748,0.001485186399585012,0.22240369296505638,0.00022240369296505638
2025-10-21,113686,sell,rebalance,143.0,0.0015188038194739822,0.21718894618477944,0.00021718894618477945
2025-10-21,111017,sell,rebalance,136.6,0.001544199807005165,0.21093769363690554,0.00021093769363690555
2025-10-21,127061,sell,rebalance_resize,115.324,3.608895727023864e-05,0.004161922908233001,4.161922908233001e-06
2025-10-21,118031,sell,rebalance_resize,125.886,5.7756477174824314e-06,0.0007270731885629933,7.270731885629933e-07
2025-10-21,113062,sell,rebalance_resize,130.215,1.741043812234818e-05,0.0022671002001015683,2.2671002001015683e-06
2025-10-21,113042,sell,rebalance_resize,126.0,2.1631565044454917e-05,0.0027255771956013197,2.72557719560132e-06
2025-10-21,123198,sell,rebalance_resize,132.255,2.5160901202002753e-05,0.003327654988470874,3.327654988470874e-06
2025-10-21,113681,sell,rebalance_resize,136.7,1.0050628616574717e-05,0.0013739209318857637,1.3739209318857636e-06
2025-10-21,113631,sell,rebalance_resize,138.66,4.3377158443849324e-05,0.006014676789824147,6.0146767898241476e-06
2025-10-21,128141,sell,rebalance_resize,133.095,1.5143752564839837e-05,0.002015557747617358,2.0155577476173582e-06
2025-10-21,110093,buy,rebalance,129.794,0.00010075420533343066,0.0130772913270473,1.30772913270473e-05
2025-10-21,127078,buy,rebalance,131.404,0.001582043508028569,0.2078868451289861,0.0002078868451289861
2025-10-21,123146,buy,rebalance,138.201,0.0015042354623265107,0.2078868451289861,0.0002078868451289861
2025-10-21,123128,buy,rebalance,136.185,0.0015265032502036647,0.2078868451289861,0.0002078868451289861
2025-10-21,127089,buy,rebalance,127.351,5.932651838599512e-06,0.0007555291442974865,7.555291442974865e-07
2025-10-21,127047,buy,rebalance,129.99,1.8383250560319715e-05,0.00238963874033596,2.3896387403359603e-06
2025-10-21,110081,buy,rebalance,112.56,0.001846898055516934,0.2078868451289861,0.0002078868451289861
2025-10-21,113058,buy,rebalance,142.0,2.281982357327069e-06,0.00032404149474044377,3.240414947404438e-07
2025-10-21,113047,buy,rebalance,135.673,0.001532263937032321,0.2078868451289861,0.0002078868451289861
2025-10-21,113056,buy,rebalance,125.601,0.0016551368629946106,0.2078868451289861,0.0002078868451289861
2025-10-21,113691,buy,rebalance,125.65,3.097178008576076e-05,0.003891604167775839,3.8916041677758395e-06
2025-10-21,113676,buy,rebalance,135.574,0.0015333828398438202,0.2078868451289861,0.0002078868451289861
2025-10-31,128141,sell,rebalance,135.228,0.0015635291913936426,0.2114329254937795,0.00021143292549377952
2025-10-31,113691,sell,rebalance,127.943,0.0016561398049154167,0.21189149506029314,0.00021189149506029316
2025-10-31,113058,sell,rebalance,150.807,0.0014654759769104223,0.22100403564993004,0.00022100403564993004
2025-10-31,123146,sell,rebalance,150.4,0.0015042354623265107,0.2262370135339072,0.0002262370135339072
2025-10-31,123128,sell,rebalance,134.4,0.0015265032502036647,0.20516203682737255,0.00020516203682737256
2025-10-31,113676,sell,rebalance,136.0,0.0015333828398438202,0.20854006621875953,0.00020854006621875954
2025-10-31,118031,sell,rebalance_resize,128.62,1.6308377936993303e-05,0.0020975835702560786,2.0975835702560788e-06
2025-10-31,127061,sell,rebalance_resize,117.199,8.203726759803321e-06,0.0009614685725221894,9.614685725221894e-07
2025-10-31,110081,sell,rebalance_resize,118.5,7.035950939552825e-05,0.008337601863370098,8.337601863370098e-06
2025-10-31,127089,sell,rebalance_resize,131.224,2.9765787650701034e-05,0.003905985718675592,3.905985718675592e-06
2025-10-31,110093,sell,rebalance_resize,132.0,8.344415231517297e-06,0.001101462810560283,1.101462810560283e-06
2025-10-31,127078,buy,rebalance,129.9,3.85473090720966e-05,0.005007295448465348,5.007295448465349e-06
2025-10-31,113047,buy,rebalance,133.0,5.0540655911819786e-05,0.0067219072362720315,6.721907236272032e-06
2025-10-31,113671,buy,rebalance,133.92,0.001570391675306344,0.21030685315702558,0.00021030685315702558
2025-10-31,113621,buy,rebalance,137.1,0.0015339668355727613,0.21030685315702558,0.00021030685315702558
2025-10-31,113045,buy,rebalance,137.2,0.0015328487839433352,0.21030685315702558,0.00021030685315702558
2025-10-31,127089,buy,rebalance,131.224,2.112989827923341e-19,2.772749771794125e-17,2.772749771794125e-20
2025-10-31,113062,buy,rebalance,129.706,2.49183936079932e-05,0.003232065161318366,3.232065161318366e-06
2025-10-31,127047,buy,rebalance,129.88,2.0001462679094822e-05,0.0025977899727608355,2.5977899727608355e-06
2025-10-31,113042,buy,rebalance,125.588,2.467758680834019e-05,0.003099208772085828,3.099208772085828e-06
2025-10-31,113056,buy,rebalance,126.68,6.680004691219262e-06,0.0008462229942836562,8.462229942836562e-07
2025-10-31,113631,buy,rebalance,135.25,5.5688923081680706e-05,0.007531926846797316,7.531926846797316e-06
2025-10-31,110092,buy,rebalance,103.6,0.0020299889300871197,0.21030685315702558,0.00021030685315702558
2025-10-31,113053,buy,rebalance,133.942,0.0015701337381629778,0.21030685315702558,0.00021030685315702558
2025-10-31,123198,buy,rebalance,132.298,1.7776985573170328e-05,0.002351859637359288,2.3518596373592884e-06
2025-10-31,110095,buy,rebalance,129.439,0.001624756473373756,0.21030685315702558,0.00021030685315702558
2025-10-31,113681,buy,rebalance,135.106,3.5849893431059415e-05,0.004843535701896713,4.843535701896713e-06
2025-11-04,113621,sell,risk_exit_next_open,128.0,0.0015339668355727613,0.19634775495331344,0.00019634775495331344
2025-11-07,113047,sell,risk_exit_next_open,124.632,0.0015828045929441408,0.19726810202781417,0.00019726810202781419
2025-11-11,113681,sell,rebalance,138.923,0.001558146292323063,0.21646235736839686,0.00021646235736839687
2025-11-11,113045,sell,rebalance,136.434,0.0015328487839433352,0.209132690988525,0.000209132690988525
2025-11-11,110095,sell,rebalance,133.1,0.001624756473373756,0.21625508660604692,0.00021625508660604693
2025-11-11,110092,sell,rebalance_resize,110.12,9.380177042667145e-05,0.010329450959385061,1.032945095938506e-05
2025-11-11,113042,sell,rebalance_resize,127.8,7.915576658498653e-06,0.0010116106969561278,1.0116106969561279e-06
2025-11-11,127089,sell,rebalance_resize,133.529,7.524576770192669e-06,0.0010047492115470569,1.0047492115470569e-06
2025-11-11,110081,sell,rebalance_resize,122.0,2.8891578729532116e-05,0.0035247726050029182,3.524772605002918e-06
2025-11-11,118031,sell,rebalance_resize,138.9,0.00010174773386413709,0.014132760233728642,1.4132760233728642e-05
2025-11-11,127047,sell,rebalance_resize,134.404,3.450063906886432e-05,0.00463702389341164,4.63702389341164e-06
2025-11-11,127061,sell,rebalance_resize,121.39,3.983039194856046e-05,0.0048350112786357535,4.835011278635754e-06
2025-11-11,123198,sell,rebalance_resize,135.36,1.608209930751709e-05,0.0021768729622655136,2.1768729622655137e-06
2025-11-11,113053,sell,rebalance_resize,137.8,2.2870095043902662e-05,0.003151499097049787,3.151499097049787e-06
2025-11-11,110093,sell,rebalance_resize,137.632,4.569479904940598e-05,0.006289066582767844,6.289066582767844e-06
2025-11-11,113631,buy,rebalance,129.601,8.858882683966543e-05,0.01148120054724748,1.148120054724748e-05
2025-11-11,127078,buy,rebalance,129.844,2.1456660911567108e-05,0.0027860186794015193,2.7860186794015192e-06
2025-11-11,113056,buy,rebalance,127.7,7.814182699811356e-06,0.0009978711307659103,9.978711307659104e-07
2025-11-11,113062,buy,rebalance,130.7,8.278208635368375e-06,0.0010819618686426465,1.0819618686426466e-06
2025-11-11,123240,buy,rebalance,139.1,0.0015311998902070348,0.21298990472779855,0.00021298990472779855
2025-11-11,127040,buy,rebalance,136.001,0.0015660907252725976,0.21298990472779855,0.00021298990472779855
2025-11-11,113671,buy,rebalance,133.8,2.310378869611104e-05,0.0030912869275396574,3.0912869275396575e-06
2025-11-11,110082,buy,rebalance,142.622,0.0014933874488353728,0.21298990472779855,0.00021298990472779855
2025-11-11,123212,buy,rebalance,138.6,0.001536723699334766,0.21298990472779855,0.00021298990472779855
2025-11-11,128141,buy,rebalance,136.97,0.0015550113508636823,0.21298990472779855,0.00021298990472779855
2025-11-11,110093,buy,rebalance,137.632,2.0145418717104984e-19,2.7726542688725933e-17,2.7726542688725936e-20
2025-11-19,123240,sell,risk_exit_next_open,123.002,0.0015311998902070348,0.18834064889524568,0.0001883406488952457
2025-11-19,123212,sell,risk_exit_next_open,118.6,0.001536723699334766,0.18225543074110323,0.00018225543074110322
2025-11-21,110093,sell,rebalance,130.001,0.001549152304855038,0.2013913487834598,0.0002013913487834598
2025-11-21,127078,sell,rebalance,134.977,0.0016420474780122327,0.22163864243965714,0.00022163864243965716
2025-11-21,113053,sell,rebalance,132.5,0.0015472636431190752,0.20501243271327746,0.00020501243271327748
2025-11-21,128141,sell,rebalance,134.283,0.0015550113508636823,0.20881158922802784,0.00020881158922802785
2025-11-21,113631,sell,rebalance_resize,130.094,5.2596872104784557e-05,0.006842537479599842,6.842537479599842e-06
2025-11-21,113042,sell,rebalance_resize,127.8,4.728910022721572e-05,0.006043547009038169,6.043547009038169e-06
2025-11-21,113056,sell,rebalance_resize,127.505,4.4836861822287385e-05,0.005716924066650753,5.716924066650753e-06
2025-11-21,113062,sell,rebalance_resize,130.3,4.136524446503561e-05,0.005389891353794141,5.389891353794141e-06
2025-11-21,127040,sell,rebalance_resize,132.99,8.309064901363827e-06,0.0011050225412323755,1.1050225412323756e-06
2025-11-21,127047,sell,rebalance_resize,133.6,3.568948175112873e-05,0.004768114761950798,4.768114761950798e-06
2025-11-21,127061,sell,rebalance_resize,122.701,6.802084397131528e-05,0.008346225576124355,8.346225576124355e-06
2025-11-21,110081,sell,rebalance_resize,120.079,2.237124880019302e-05,0.0026863171846783773,2.6863171846783773e-06
2025-11-21,113671,sell,rebalance_resize,134.654,5.49642431492282e-05,0.007401155197016174,7.401155197016174e-06
2025-11-21,110092,sell,rebalance_resize,109.765,4.879698052529215e-05,0.005356200567358693,5.3562005673586936e-06
2025-11-21,123198,sell,rebalance_resize,134.802,3.831256753136551e-05,0.005164610728363134,5.164610728363134e-06
2025-11-21,110082,buy,rebalance,128.739,0.00011571152713885759,0.014896586292329388,1.4896586292329389e-05
2025-11-21,123225,buy,rebalance,132.545,0.0015613776275221,0.20695279763991672,0.00020695279763991673
2025-11-21,127082,buy,rebalance,134.339,0.0015405265607151813,0.20695279763991672,0.00020695279763991673
2025-11-21,127047,buy,rebalance,133.6,2.0753412073472854e-19,2.772655853015973e-17,2.772655853015973e-20
2025-11-21,118031,buy,rebalance,130.6,5.122539830642587e-05,0.006690037018819218,6.690037018819219e-06
2025-11-21,113654,buy,rebalance,134.389,0.0015399534012450178,0.20695279763991672,0.00020695279763991673
2025-11-21,123128,buy,rebalance,136.029,0.0015213873338767228,0.20695279763991672,0.00020695279763991673
2025-11-21,127061,buy,rebalance,122.701,2.259684805352828e-19,2.772655853015973e-17,2.772655853015973e-20
2025-11-21,127089,buy,rebalance,129.47,3.3769896397794544e-06,0.00043721884866224596,4.37218848662246e-07
2025-11-21,127075,buy,rebalance,130.0,0.0015919445972301287,0.20695279763991672,0.00020695279763991673
2025-11-21,123158,buy,rebalance,136.903,0.0015116746721395202,0.20695279763991672,0.00020695279763991673
2025-11-24,110082,sell,risk_exit_next_open,125.0,0.0016090989759742305,0.2011373719967788,0.0002011373719967788
2025-12-11,127089,sell,rebalance,124.7,0.0016001307286912857,0.19953630186780333,0.00019953630186780335
2025-12-11,118031,sell,rebalance,127.2,0.0015862356936398208,0.2017691802309852,0.0002017691802309852
2025-12-11,127040,sell,rebalance,133.67,0.0015577816603712339,0.2082286745418228,0.00020822867454182282
2025-12-11,123225,sell,rebalance,136.5,0.0015613776275221,0.21312804615676664,0.00021312804615676665
2025-12-11,127082,sell,rebalance,150.902,0.0015405265607151813,0.23246853906504225,0.00023246853906504225
2025-12-11,113654,sell,rebalance,162.0,0.0015399534012450178,0.24947245100169288,0.0002494724510016929
2025-12-11,127075,sell,rebalance,123.2,0.0015919445972301287,0.19612757437875186,0.00019612757437875188
2025-12-11,123158,sell,rebalance,139.96,0.0015116746721395202,0.21157398711264727,0.00021157398711264727
2025-12-11,113671,sell,rebalance_resize,138.829,4.070302052829654e-05,0.00565075963692288,5.65075963692288e-06
2025-12-11,113631,sell,rebalance_resize,133.59,3.589062835155101e-05,0.0047946290414837,4.7946290414837e-06
2025-12-11,123128,buy,rebalance,129.86,7.981065340381483e-05,0.010364211451019395,1.0364211451019396e-05
2025-12-11,123173,buy,rebalance,134.402,0.0015456103926181648,0.20773312798866655,0.00020773312798866655
2025-12-11,113062,buy,rebalance,128.785,2.467813940509375e-05,0.0031781741832849985,3.1781741832849986e-06
2025-12-11,113042,buy,rebalance,126.098,2.7978852101221114e-05,0.00352807729225978,3.52807729225978e-06
2025-12-11,127028,buy,rebalance,134.83,0.0015407040568765596,0.20773312798866655,0.00020773312798866655
2025-12-11,113056,buy,rebalance,126.566,1.8140586580594064e-05,0.0022959814811594685,2.2959814811594685e-06
2025-12-11,123230,buy,rebalance,138.831,0.0014963021802671347,0.20773312798866655,0.00020773312798866655
2025-12-11,113069,buy,rebalance,141.806,0.0014649107089168762,0.20773312798866655,0.00020773312798866655
2025-12-11,127047,buy,rebalance,130.407,4.384845280116759e-05,0.005718145184441863,5.718145184441863e-06
2025-12-11,113045,buy,rebalance,138.316,0.0015018734491213349,0.20773312798866655,0.00020773312798866655
2025-12-11,123233,buy,rebalance,140.55,0.0014780016221178694,0.20773312798866655,0.00020773312798866655
2025-12-11,127061,buy,rebalance,117.312,8.406237382365412e-05,0.009861525198000511,9.861525198000511e-06
2025-12-11,128141,buy,rebalance,132.107,0.0015724611715402406,0.20773312798866655,0.00020773312798866655
2025-12-11,123198,buy,rebalance,134.052,1.4347462059643024e-05,0.0019233059840192666,1.9233059840192666e-06
2025-12-11,110081,buy,rebalance,117.0,5.195402101210556e-05,0.006078620458416351,6.078620458416351e-06
2025-12-11,111019,buy,rebalance,135.367,0.0015345920940012454,0.20773312798866655,0.00020773312798866655
2025-12-11,110092,buy,rebalance,106.198,7.059822973252322e-05,0.007497390801134501,7.497390801134502e-06
2025-12-11,113691,buy,rebalance,131.4,0.0015809218263977667,0.20773312798866655,0.00020773312798866655
2025-12-22,113069,sell,risk_exit_next_open,134.88,0.0014649107089168762,0.19758715641870825,0.00019758715641870824
2025-12-23,128141,sell,rebalance,130.7,0.0015724611715402406,0.20552067512030944,0.00020552067512030945
2025-12-23,111019,sell,rebalance,134.421,0.0015345920940012454,0.20628140386774138,0.0002062814038677414
2025-12-23,113691,sell,rebalance,134.9,0.0015809218263977667,0.21326635438105873,0.00021326635438105875
2025-12-23,127028,sell,rebalance_resize,135.802,1.4705265752600807e-05,0.0019970044997346947,1.997004499734695e-06
2025-12-23,113062,sell,rebalance_resize,129.693,1.6740938971304026e-05,0.002171182598005333,2.171182598005333e-06
2025-12-23,113042,sell,rebalance_resize,126.6,1.2105572147820138e-05,0.0015325654339140293,1.5325654339140295e-06
2025-12-23,113056,sell,rebalance_resize,126.4,3.4277511548985936e-06,0.00043326774597918227,4.332677459791823e-07
2025-12-23,123128,sell,rebalance_resize,133.5,4.8885718874426455e-05,0.006526243469735932,6.526243469735932e-06
2025-12-23,113631,sell,rebalance_resize,134.805,1.928366282014261e-05,0.002599534166469325,2.599534166469325e-06
2025-12-23,123173,sell,rebalance_resize,134.6,5.984182869161398e-06,0.0008054710141891241,8.054710141891242e-07
2025-12-23,113671,sell,rebalance_resize,138.89,5.757584497902714e-06,0.0007996709109137079,7.996709109137079e-07
2025-12-23,113045,sell,rebalance_resize,152.0,0.00013849392390938845,0.021051076434227045,2.1051076434227046e-05
2025-12-23,123230,buy,rebalance,126.5,0.00014176077160973262,0.017932737608631177,1.7932737608631177e-05
2025-12-23,123233,buy,rebalance,137.374,3.050298955000186e-05,0.004190317686441955,4.190317686441955e-06
2025-12-23,127047,buy,rebalance,129.587,4.663424599562807e-06,0.0006043192035835454,6.043192035835454e-07
2025-12-23,110092,buy,rebalance,103.29,4.828983466709569e-05,0.004987857022764314,4.987857022764314e-06
2025-12-23,113052,buy,rebalance,122.795,0.0016858791565894755,0.20701753103340464,0.00020701753103340465
2025-12-23,127061,buy,rebalance,116.7,3.3072906294475416e-06,0.0003859608164565281,3.8596081645652815e-07
2025-12-23,118009,buy,rebalance,139.476,0.001484251993413954,0.20701753103340464,0.00020701753103340465
2025-12-23,127040,buy,rebalance,134.86,0.0015350551018345293,0.20701753103340464,0.00020701753103340465
2025-12-23,123198,buy,rebalance,132.72,1.0235054643261293e-05,0.0013583964522536388,1.3583964522536388e-06
2025-12-23,110081,buy,rebalance,115.86,1.1414373803761026e-05,0.0013224693489037524,1.3224693489037524e-06
2025-12-23,127039,buy,rebalance,142.142,0.0014564135233316308,0.20701753103340464,0.00020701753103340465
2025-12-24,123230,sell,risk_exit_next_open,120.0,0.0016380629518768673,0.19656755422522407,0.00019656755422522407
2025-12-24,123233,sell,risk_exit_next_open,142.714,0.0015085046116678712,0.21528472714956856,0.00021528472714956855
2025-12-31,113671,sell,rebalance,139.1,0.0014920706158270277,0.20754702266153954,0.00020754702266153954
2025-12-31,123173,sell,rebalance,138.002,0.0015396262097490034,0.212471496197782,0.000212471496197782
2025-12-31,113045,sell,rebalance,165.0,0.0013633795252119465,0.22495762165997116,0.00022495762165997116
2025-12-31,113042,sell,rebalance_resize,127.4,3.2478585090415076e-06,0.0004137771740518881,4.137771740518881e-07
2025-12-31,110092,sell,rebalance_resize,105.16,2.710893742443457e-05,0.0028507758595535393,2.8507758595535395e-06
2025-12-31,127028,sell,rebalance_resize,137.5,1.2330105810770038e-05,0.0016953895489808803,1.6953895489808803e-06
2025-12-31,127061,sell,rebalance_resize,117.55,5.216944662914181e-06,0.000613251845125562,6.13251845125562e-07
2025-12-31,123128,sell,rebalance_resize,135.949,2.137460626395917e-05,0.0029058563469789855,2.9058563469789857e-06
2025-12-31,127040,sell,rebalance_resize,136.246,7.454700864494002e-06,0.0010156731739838498,1.0156731739838498e-06
2025-12-31,113062,buy,rebalance,129.24,1.2519058112432208e-05,0.0016179630704507386,1.6179630704507387e-06
2025-12-31,113056,buy,rebalance,126.46,6.299084987471312e-06,0.0007965822875156221,7.965822875156221e-07
2025-12-31,110092,buy,rebalance,105.16,2.636706031705682e-19,2.7727600629416953e-17,2.7727600629416956e-20
2025-12-31,118009,buy,rebalance,137.975,2.418125937724662e-05,0.003336409262575602,3.3364092625756024e-06
2025-12-31,113052,buy,rebalance,121.299,2.9928735603426207e-05,0.0036303256999599956,3.6303256999599957e-06
2025-12-31,127047,buy,rebalance,128.047,2.6207098337026383e-05,0.0033557403207612174,3.3557403207612176e-06
2025-12-31,127039,buy,rebalance,137.763,5.431065861071077e-05,0.007481999262187348,7.481999262187348e-06
2025-12-31,113631,buy,rebalance,134.719,7.622731824872574e-06,0.0010269268087150082,1.0269268087150082e-06
2025-12-31,110081,buy,rebalance,114.95,2.1942223855142415e-05,0.0025222586321486207,2.5222586321486207e-06
2025-12-31,123198,buy,rebalance,132.765,6.222100787496489e-06,0.0008260772110519713,8.260772110519713e-07
2025-12-31,110093,buy,rebalance,133.829,0.0015536219317359972,0.2079196695022968,0.0002079196695022968
2025-12-31,118031,buy,rebalance,128.256,0.001621130157671351,0.2079196695022968,0.0002079196695022968
2025-12-31,127040,buy,rebalance,136.246,2.035113003641718e-19,2.7727600629416953e-17,2.7727600629416956e-20
2025-12-31,113691,buy,rebalance,134.085,0.0015506556997598297,0.2079196695022968,0.0002079196695022968
2025-12-31,127049,buy,rebalance,117.901,0.0017635106530249683,0.2079196695022968,0.0002079196695022968
2025-12-31,118034,buy,rebalance,120.25,0.0017290617006428008,0.2079196695022968,0.0002079196695022968
2026-01-05,127028,sell,risk_exit_next_open,135.208,0.001513668685313189,0.20466011560382563,0.00020466011560382565
2026-01-12,118009,sell,risk_exit_next_open,131.0,0.0015084332527912005,0.19760475611564726,0.00019760475611564727
2026-01-13,127040,sell,rebalance,140.45,0.0015276004009700354,0.21455147631624147,0.00021455147631624147
2026-01-13,110093,sell,rebalance,140.5,0.0015536219317359972,0.21828388140890762,0.0002182838814089076
2026-01-13,113691,sell,rebalance,138.18,0.0015506556997598297,0.21426960459281327,0.0002142696045928133
2026-01-13,110092,sell,rebalance_resize,111.5,5.8256596669118376e-05,0.006495610528606699,6.495610528606699e-06
2026-01-13,127047,sell,rebalance_resize,135.9,4.9363233938533375e-05,0.006708463492246686,6.708463492246686e-06
2026-01-13,118031,sell,rebalance_resize,138.4,7.357403698712889e-05,0.01018264671901864,1.018264671901864e-05
2026-01-13,110081,sell,rebalance_resize,119.4,1.676919234898496e-05,0.0020022415664688042,2.0022415664688042e-06
2026-01-13,123128,sell,rebalance_resize,140.8,9.760338969592917e-06,0.0013742557269186828,1.3742557269186829e-06
2026-01-13,118034,sell,rebalance_resize,127.69,5.170429518664633e-05,0.00660212145238287,6.60212145238287e-06
2026-01-13,113631,sell,rebalance_resize,139.847,1.336408543927479e-05,0.0018689272564262618,1.868927256426262e-06
2026-01-13,127061,sell,rebalance_resize,124.183,4.583403659450333e-05,0.005691808166415208,5.6918081664152076e-06
2026-01-13,123198,sell,rebalance_resize,137.706,1.2291301037760446e-05,0.0016925859007058397,1.6925859007058397e-06
2026-01-13,113042,buy,rebalance,128.39,3.450725766749347e-05,0.004430386811929486,4.430386811929486e-06
2026-01-13,113062,buy,rebalance,130.9,2.5799737697599474e-05,0.0033771856646157713,3.3771856646157715e-06
2026-01-13,113056,buy,rebalance,127.4,3.533274249194298e-05,0.004501391393473536,4.5013913934735365e-06
2026-01-13,127039,buy,rebalance,138.9,3.1228732385247405e-05,0.004337670928310865,4.337670928310865e-06
2026-01-13,113052,buy,rebalance,123.588,1.7204679081987474e-05,0.0021262918783846677,2.1262918783846676e-06
2026-01-13,118029,buy,rebalance,154.128,0.0013881931928713947,0.2139594404308823,0.0002139594404308823
2026-01-13,113631,buy,rebalance,139.847,1.9826499353523931e-19,2.7726764550922613e-17,2.7726764550922615e-20
2026-01-13,123160,buy,rebalance,170.0,0.0012585849437110723,0.2139594404308823,0.0002139594404308823
2026-01-13,127089,buy,rebalance,130.744,0.0016364761704619891,0.2139594404308823,0.0002139594404308823
2026-01-13,110095,buy,rebalance,139.35,0.0015354104085459799,0.2139594404308823,0.0002139594404308823
2026-01-13,127049,buy,rebalance,120.75,1.0240752140789358e-05,0.001236570821000315,1.236570821000315e-06
2026-01-13,123242,buy,rebalance,148.399,0.0014417849205916637,0.2139594404308823,0.0002139594404308823
2026-01-19,118029,sell,risk_exit_next_open,138.69,0.0013881931928713947,0.19252851391933373,0.00019252851391933374
2026-01-21,123242,sell,risk_exit_next_open,135.999,0.0014417849205916637,0.19608130741554566,0.00019608130741554568
2026-01-21,127061,sell,rebalance,121.0,0.0017247269521810259,0.20869196121390413,0.00020869196121390412
2026-01-21,127049,sell,rebalance,119.2,0.0017737514051657578,0.21143116749575833,0.00021143116749575833
2026-01-21,118034,sell,rebalance,123.799,0.0016773574054561545,0.20765516943806647,0.00020765516943806647
2026-01-21,123160,sell,rebalance,188.356,0.0012585849437110723,0.23706202565764273,0.00023706202565764272
2026-01-21,127089,sell,rebalance,125.17,0.0016364761704619891,0.2048377222567272,0.0002048377222567272
2026-01-21,110092,sell,rebalance_resize,110.922,2.6026442168736576e-05,0.0028869050182405986,2.886905018240599e-06
2026-01-21,113062,sell,rebalance_resize,131.17,3.381456616463944e-05,0.004435456643815755,4.435456643815755e-06
2026-01-21,127047,sell,rebalance_resize,136.742,3.893613831861492e-05,0.00532420542596404,5.324205425964041e-06
2026-01-21,113042,sell,rebalance_resize,127.811,2.368117614976615e-05,0.0030267148048777615,3.0267148048777617e-06
2026-01-21,113056,sell,rebalance_resize,128.069,3.995656271475482e-05,0.005117197030315934,5.117197030315934e-06
2026-01-21,113631,sell,rebalance_resize,138.849,1.7779833690166232e-05,0.002468712128045891,2.4687121280458907e-06
2026-01-21,123198,sell,rebalance_resize,138.389,3.655998876062471e-05,0.005059500284594093,5.059500284594093e-06
2026-01-21,113052,sell,rebalance_resize,123.603,3.253139736811722e-05,0.004020978308891393,4.0209783088913935e-06
2026-01-21,127039,buy,rebalance,134.131,2.5031184006464177e-05,0.0033574577419710466,3.3574577419710466e-06
2026-01-21,123128,buy,rebalance,135.6,2.8826958739901313e-05,0.003908935605130618,3.908935605130618e-06
2026-01-21,113623,buy,rebalance,138.0,0.0015215220290387289,0.2099700400073446,0.0002099700400073446
2026-01-21,111016,buy,rebalance,131.0,0.0016028247328804931,0.2099700400073446,0.0002099700400073446
2026-01-21,113042,buy,rebalance,127.811,2.169394309857174e-19,2.772724561371553e-17,2.772724561371553e-20
2026-01-21,110094,buy,rebalance,141.284,0.001486155828029675,0.2099700400073446,0.0002099700400073446
2026-01-21,110081,buy,rebalance,117.03,2.169483509650857e-06,0.0002538946551344398,2.538946551344398e-07
2026-01-21,118000,buy,rebalance,137.328,0.0015289674356820501,0.2099700400073446,0.0002099700400073446
2026-01-21,110089,buy,rebalance,146.6,0.001432264938658558,0.2099700400073446,0.0002099700400073446
2026-01-21,118031,buy,rebalance,130.15,6.731612585450656e-05,0.00876119377996403,8.761193779964029e-06
2026-01-21,113676,buy,rebalance,148.5,0.0014139396633491219,0.2099700400073446,0.0002099700400073446
2026-01-21,127040,buy,rebalance,139.25,0.0015078638420635158,0.2099700400073446,0.0002099700400073446
2026-01-21,110095,buy,rebalance,135.863,1.1610949344748013e-05,0.0015774984108254994,1.5774984108254993e-06
2026-01-22,111016,sell,risk_exit_next_open,136.0,0.0016028247328804931,0.21798416367174706,0.00021798416367174706
2026-01-26,127039,sell,risk_exit_next_open,132.222,0.0015669840983340531,0.20718977144992518,0.0002071897714499252
2026-01-29,110089,sell,risk_exit_next_open,153.892,0.001432264938658558,0.2204141159400428,0.0002204141159400428
2026-02-02,113042,sell,rebalance,125.5,0.0016444951885080214,0.2063841461577567,0.00020638414615775668
2026-02-02,113052,sell,rebalance,123.608,0.001700481173906772,0.21019307694426828,0.0002101930769442683
2026-02-02,127040,sell,rebalance,135.782,0.0015078638420635158,0.20474076820306833,0.00020474076820306835
2026-02-02,113062,sell,rebalance_resize,131.237,3.621394051394192e-06,0.00047526089112281955,4.7526089112281955e-07
2026-02-02,123128,sell,rebalance_resize,137.001,1.850689644482465e-05,0.002535463319837422,2.5354633198374222e-06
2026-02-02,127047,sell,rebalance_resize,136.662,1.7922622302221678e-06,0.0002449341409066219,2.449341409066219e-07
2026-02-02,113056,sell,rebalance_resize,128.075,2.9494306123729145e-06,0.000377748325679661,3.77748325679661e-07
2026-02-02,110095,sell,rebalance_resize,150.0,0.00014824353584771743,0.022236530377157615,2.2236530377157617e-05
2026-02-02,118031,sell,rebalance_resize,133.6,4.438816490361193e-05,0.0059302588311225535,5.930258831122554e-06
2026-02-02,113631,sell,rebalance_resize,140.0,1.5073165990615272e-05,0.002110243238686138,2.1102432386861383e-06
2026-02-02,123198,sell,rebalance_resize,139.908,1.9119360020885287e-05,0.0026749514218020187,2.6749514218020187e-06
2026-02-02,113623,buy,rebalance,131.798,7.036205814912659e-05,0.009273578539938586,9.273578539938586e-06
2026-02-02,118000,buy,rebalance,132.102,5.9264568081248086e-05,0.007828967972669035,7.828967972669035e-06
2026-02-02,123221,buy,rebalance,135.888,0.0015424553855195068,0.20960117742747475,0.00020960117742747475
2026-02-02,113676,buy,rebalance,139.508,8.99437880604592e-05,0.012547877984738543,1.2547877984738544e-05
2026-02-02,110094,buy,rebalance,136.0,5.6555682413892996e-05,0.007691572808289447,7.691572808289448e-06
2026-02-02,110092,buy,rebalance,109.52,2.0876357152585773e-05,0.002286378635351194,2.2863786353511938e-06
2026-02-02,118039,buy,rebalance,137.971,0.0015191683573176592,0.20960117742747475,0.00020960117742747475
2026-02-02,110081,buy,rebalance,114.79,3.181125463846639e-05,0.003651613919949557,3.651613919949557e-06
2026-02-02,127078,buy,rebalance,140.605,0.001490709273692079,0.20960117742747475,0.00020960117742747475
2026-02-02,127103,buy,rebalance,129.3,0.001621045455742264,0.20960117742747475,0.00020960117742747475
2026-02-02,118008,buy,rebalance,139.796,0.001499336014102512,0.20960117742747475,0.00020960117742747475
2026-02-02,127061,buy,rebalance,123.0,0.0017040746132315021,0.20960117742747475,0.00020960117742747475
2026-02-06,123128,sell,risk_exit_next_open,124.916,0.0015314973854676358,0.1913085274030752,0.00019130852740307518
2026-02-09,113623,sell,risk_exit_next_open,130.0,0.0015918840871878555,0.2069449313344212,0.0002069449313344212
2026-02-09,113676,sell,risk_exit_next_open,136.008,0.001503883451409581,0.20454018045931432,0.00020454018045931434
2026-02-11,110094,sell,risk_exit_next_open,129.1,0.001542711510443568,0.19916405599826462,0.0001991640559982646
2026-02-11,113631,sell,rebalance,141.4,0.0014986905236175111,0.21191484003951608,0.0002119148400395161
2026-02-11,110095,sell,rebalance,168.0,0.0013987778220430104,0.23499467410322575,0.00023499467410322575
2026-02-11,118039,sell,rebalance,152.0,0.0015191683573176592,0.2309135903122842,0.0002309135903122842
2026-02-11,127103,sell,rebalance,134.07,0.001621045455742264,0.21733356425136532,0.00021733356425136533
2026-02-11,127061,sell,rebalance,123.8,0.0017040746132315021,0.21096443711805996,0.00021096443711805996
2026-02-11,118000,sell,rebalance_resize,137.044,5.100447376400897e-05,0.006989857102514846,6.989857102514846e-06
2026-02-11,113062,sell,rebalance_resize,132.12,4.242886461085203e-06,0.000560570159238577,5.60570159238577e-07
2026-02-11,118031,sell,rebalance_resize,135.425,1.4879063202607167e-05,0.0020149971342130757,2.0149971342130755e-06
2026-02-11,110092,sell,rebalance_resize,111.84,3.210910492200881e-05,0.0035910822944774656,3.591082294477466e-06
2026-02-11,113056,sell,rebalance_resize,129.29,8.812101538175416e-06,0.0011393166078706995,1.1393166078706995e-06
2026-02-11,123198,sell,rebalance_resize,141.77,1.3693027042315057e-05,0.0019412604437890058,1.941260443789006e-06
2026-02-11,118034,buy,rebalance,131.95,0.0015949645676344452,0.21045557469936502,0.00021045557469936502
2026-02-11,127047,buy,rebalance,134.068,3.601773325186956e-05,0.004828825461611648,4.828825461611649e-06
2026-02-11,123221,buy,rebalance,132.332,4.945896083449155e-05,0.006545003205149936,6.545003205149936e-06
2026-02-11,123178,buy,rebalance,134.65,0.0015629823594457111,0.21045557469936502,0.00021045557469936502
2026-02-11,127078,buy,rebalance,134.172,7.934315144788267e-05,0.010645629316065313,1.0645629316065312e-05
2026-02-11,118008,buy,rebalance,140.001,5.417842690504862e-06,0.0007585033945133712,7.585033945133712e-07
2026-02-11,123146,buy,rebalance,145.085,0.00145056742391953,0.21045557469936502,0.00021045557469936502
2026-02-11,123210,buy,rebalance,139.321,0.0015105804200326227,0.21045557469936502,0.00021045557469936502
2026-02-11,111019,buy,rebalance,149.797,0.0014049385147857768,0.21045557469936502,0.00021045557469936502
2026-02-11,127067,buy,rebalance,140.799,0.0014947235044237886,0.21045557469936502,0.00021045557469936502
2026-02-11,127094,buy,rebalance,142.165,0.0014803613737513807,0.21045557469936502,0.00021045557469936502
2026-02-11,110081,buy,rebalance,113.29,3.1714750705835137e-05,0.0035929641074640625,3.5929641074640628e-06
2026-02-11,127089,buy,rebalance,130.4,0.001613923118860161,0.21045557469936502,0.00021045557469936502
2026-02-11,118016,buy,rebalance,161.8,0.0013007143059293263,0.21045557469936502,0.00021045557469936502
2026-02-13,123221,sell,risk_exit_next_open,124.0,0.0015919143463539983,0.19739737894789577,0.00019739737894789578
2026-02-13,123210,sell,risk_exit_next_open,146.804,0.0015105804200326227,0.22175924798246915,0.00022175924798246917
2026-02-25,118000,sell,rebalance,129.001,0.0015372275299992892,0.1983038885974383,0.00019830388859743832
2026-02-25,127094,sell,rebalance,149.0,0.0014803613737513807,0.22057384468895572,0.00022057384468895572
2026-02-25,118016,sell,rebalance,163.1,0.0013007143059293263,0.2121465032970731,0.0002121465032970731
2026-02-25,127078,sell,rebalance_resize,155.077,0.00020907088396566223,0.032422085472743,3.2422085472743e-05
2026-02-25,110092,sell,rebalance_resize,113.999,3.226066113863171e-05,0.003677683109142876,3.677683109142876e-06
2026-02-25,113056,sell,rebalance_resize,129.861,4.1681059945340935e-06,0.0005412744125561919,5.41274412556192e-07
2026-02-25,111019,sell,rebalance_resize,153.796,3.262106530278096e-05,0.005016989359306501,5.016989359306501e-06
2026-02-25,127089,sell,rebalance_resize,130.998,2.7768841032422786e-06,0.000363766263756532,3.63766263756532e-07
2026-02-25,127047,buy,rebalance,130.319,4.817663362266127e-05,0.0062783307170715934,6.278330717071594e-06
2026-02-25,118034,buy,rebalance,128.3,5.001026312178762e-05,0.006416316758525352,6.416316758525352e-06
2026-02-25,123178,buy,rebalance,133.004,2.3839401468819116e-05,0.0031707357529588173,3.1707357529588172e-06
2026-02-25,118008,buy,rebalance,134.8,6.088717032964748e-05,0.008207590560436481,8.207590560436482e-06
2026-02-25,113062,buy,rebalance,132.199,1.9885539478917764e-06,0.00026288484335734496,2.6288484335734496e-07
2026-02-25,123146,buy,rebalance,142.0,3.5711927272898254e-05,0.005071093672751552,5.071093672751552e-06
2026-02-25,118031,buy,rebalance,134.91,8.8134797922797e-06,0.0011890265587764543,1.1890265587764543e-06
2026-02-25,123198,buy,rebalance,140.62,1.4904200407913541e-05,0.002095828661360802,2.095828661360802e-06
2026-02-25,113644,buy,rebalance,141.361,0.0014914861128345314,0.21083796839640218,0.00021083796839640217
2026-02-25,127067,buy,rebalance,140.718,5.128575309805725e-06,0.000721682860445242,7.21682860445242e-07
2026-02-25,110081,buy,rebalance,112.2,2.1542840129067797e-05,0.002417106662481407,2.417106662481407e-06
2026-02-25,127061,buy,rebalance,125.1,0.0016853554628009767,0.21083796839640218,0.00021083796839640217
2026-02-25,113631,buy,rebalance,143.333,0.001470965991058599,0.21083796839640218,0.00021083796839640217
2026-02-25,123114,buy,rebalance,149.9,0.0014065241387351713,0.21083796839640218,0.00021083796839640217
2026-02-25,127103,buy,rebalance,138.169,0.0015259426383371244,0.21083796839640218,0.00021083796839640217
2026-03-02,118008,sell,risk_exit_next_open,125.45,0.0015656410271226641,0.19640966685253822,0.00019640966685253823
2026-03-02,111019,sell,risk_exit_next_open,151.2,0.0013723174494829958,0.20749439836182895,0.00020749439836182895
2026-03-04,123146,sell,risk_exit_next_open,123.0,0.0014862793511924283,0.1828123601966687,0.00018281236019666869
2026-03-11,110081,sell,rebalance,115.728,0.001881055473896725,0.21769078788312018,0.0002176907878831202
2026-03-11,127078,sell,rebalance,157.84,0.0013609815411742994,0.21481732645895144,0.00021481732645895144
2026-03-11,123178,sell,rebalance,139.142,0.0015868217609145301,0.22079355345716956,0.00022079355345716955
2026-03-11,127067,sell,rebalance,143.357,0.0014998520797335944,0.21501429459436888,0.0002150142945943689
2026-03-11,113644,sell,rebalance,143.867,0.0014914861128345314,0.21457563259516552,0.0002145756325951655
2026-03-11,127103,sell,rebalance,140.61,0.0015259426383371244,0.2145627943765831,0.0002145627943765831
2026-03-11,118034,sell,rebalance_resize,130.81,4.691014616769044e-05,0.006136316220195587,6.136316220195587e-06
2026-03-11,113062,sell,rebalance_resize,131.39,5.496960865058075e-06,0.0007222456880599804,7.222456880599804e-07
2026-03-11,127047,sell,rebalance_resize,137.199,9.584376715599523e-05,0.013149669010035392,1.3149669010035393e-05
2026-03-11,113056,sell,rebalance_resize,130.5,2.3391797037536333e-05,0.0030526295133984915,3.0526295133984918e-06
2026-03-11,118031,sell,rebalance_resize,134.788,1.3517517491881174e-05,0.0018219991476956798,1.8219991476956799e-06
2026-03-11,127061,sell,rebalance_resize,124.61,7.778692148322524e-06,0.0009693028286024696,9.693028286024696e-07
2026-03-11,123198,sell,rebalance_resize,139.851,6.133200251348857e-06,0.0008577341883513889,8.57734188351389e-07
2026-03-11,127089,sell,rebalance_resize,130.98,1.5155691230981404e-05,0.001985092437433944,1.985092437433944e-06
2026-03-11,113653,buy,rebalance,133.7,0.001561936212163003,0.20883087156619348,0.00020883087156619348
2026-03-11,110092,buy,rebalance,101.621,0.00020548166826554545,0.020881252610812993,2.0881252610812993e-05
2026-03-11,113062,buy,rebalance,131.39,2.1103151998640642e-19,2.7727431411013937e-17,2.7727431411013936e-20
2026-03-11,127094,buy,rebalance,139.544,0.0014965234733574605,0.20883087156619348,0.00020883087156619348
2026-03-11,123198,buy,rebalance,139.851,1.982640911471061e-19,2.7727431411013937e-17,2.7727431411013936e-20
2026-03-11,118044,buy,rebalance,142.69,0.0014635284292255483,0.20883087156619348,0.00020883087156619348
2026-03-11,118006,buy,rebalance,146.0,0.001430348435384887,0.20883087156619348,0.00020883087156619348
2026-03-11,113632,buy,rebalance,141.79,0.001472818051810378,0.20883087156619348,0.00020883087156619348
2026-03-11,113654,buy,rebalance,147.577,0.0014150638078168922,0.20883087156619348,0.00020883087156619348
2026-03-11,113631,buy,rebalance,142.1,1.305786591680299e-07,1.8555227467777047e-05,1.8555227467777048e-08
2026-03-11,123114,buy,rebalance,142.456,6.08345185757228e-05,0.008666242178223166,8.666242178223167e-06
2026-03-11,113051,buy,rebalance,133.895,0.0015596614628342617,0.20883087156619348,0.00020883087156619348
2026-03-11,110087,buy,rebalance,140.101,0.0014905737401317155,0.20883087156619348,0.00020883087156619348
2026-03-11,127040,buy,rebalance,138.562,0.0015071294551622628,0.20883087156619348,0.00020883087156619348
2026-03-13,127094,sell,risk_exit_next_open,132.0,0.0014965234733574605,0.1975410984831848,0.0001975410984831848
2026-03-16,113653,sell,risk_exit_next_open,110.518,0.001561936212163003,0.17262206629583077,0.00017262206629583077
2026-03-23,123198,sell,rebalance,132.501,0.001494753998119622,0.19805639950484805,0.00019805639950484804
2026-03-23,123114,sell,rebalance,140.385,0.001467358657310894,0.20599514510658984,0.00020599514510658985
2026-03-23,110092,sell,rebalance_resize,104.062,0.00013677372252568482,0.014232947113467813,1.4232947113467813e-05
2026-03-23,118034,sell,rebalance_resize,125.48,5.703114005972973e-06,0.0007156267454694887,7.156267454694887e-07
2026-03-23,113062,sell,rebalance_resize,129.06,4.2819289861154554e-05,0.0055262575494806065,5.5262575494806065e-06
2026-03-23,113051,sell,rebalance_resize,136.501,9.586610692697288e-05,0.013085819461638726,1.3085819461638726e-05
2026-03-23,113056,sell,rebalance_resize,127.0,2.855746871517814e-05,0.0036267985268276237,3.6267985268276237e-06
2026-03-23,118031,sell,rebalance_resize,131.001,2.5649037032472027e-05,0.003360049500290868,3.360049500290868e-06
2026-03-23,127047,sell,rebalance_resize,132.411,1.4636924391880143e-05,0.0019380897956532417,1.9380897956532416e-06
2026-03-23,127061,sell,rebalance_resize,120.343,1.7243141968802027e-05,0.0020750914339515425,2.0750914339515424e-06
2026-03-23,113631,sell,rebalance_resize,136.8,1.0500591086913039e-05,0.001436480860689704,1.436480860689704e-06
2026-03-23,110087,sell,rebalance_resize,134.617,6.292186712007393e-06,0.0008470352986102991,8.470352986102991e-07
2026-03-23,127089,sell,rebalance_resize,127.8,3.25356931605158e-05,0.004158061585913919,4.158061585913919e-06
2026-03-23,118006,buy,rebalance,130.988,9.495404866110256e-05,0.012437840926020502,1.2437840926020502e-05
2026-03-23,113056,buy,rebalance,127.0,2.183160035293323e-19,2.7726132448225203e-17,2.7726132448225205e-20
2026-03-23,118031,buy,rebalance,131.001,2.1164825038148718e-19,2.7726132448225203e-17,2.7726132448225205e-20
2026-03-23,113048,buy,rebalance,131.736,0.0015151330809146566,0.19959757154737318,0.00019959757154737318
2026-03-23,123149,buy,rebalance,142.0,0.0014056167010378393,0.19959757154737318,0.00019959757154737318
2026-03-23,118044,buy,rebalance,135.296,1.328995747117671e-05,0.0017980780860203242,1.7980780860203242e-06
2026-03-23,127061,buy,rebalance,120.343,2.3039256498695566e-19,2.7726132448225203e-17,2.7726132448225205e-20
2026-03-23,127040,buy,rebalance,132.488,1.0025177688662085e-06,0.00013282157416154622,1.3282157416154622e-07
2026-03-23,113661,buy,rebalance,139.868,0.0014270424367787712,0.19959757154737318,0.00019959757154737318
2026-03-23,113654,buy,rebalance,135.6,5.8395786799133596e-05,0.007918468689962516,7.918468689962516e-06
2026-03-23,113054,buy,rebalance,128.365,0.0015549220702479115,0.19959757154737318,0.00019959757154737318
2026-03-23,113632,buy,rebalance,133.7,2.162069294999059e-05,0.002890686647413742,2.8906866474137418e-06
2026-03-31,127089,sell,rebalance,127.159,0.0015634548503654215,0.19880735531761665,0.00019880735531761665
2026-03-31,118044,sell,rebalance,144.888,0.001476818386696725,0.2139732624117151,0.0002139732624117151
2026-03-31,113654,sell,rebalance,139.447,0.0014734595946160258,0.20546952009042097,0.00020546952009042096
2026-03-31,113054,sell,rebalance,127.001,0.0015549220702479115,0.197476657843555,0.000197476657843555
2026-03-31,127047,sell,rebalance_resize,134.097,1.4540846030672429e-05,0.001949883830175081,1.949883830175081e-06
2026-03-31,127040,sell,rebalance_resize,135.499,2.912595080043608e-05,0.003946537207508288,3.946537207508289e-06
2026-03-31,113632,sell,rebalance_resize,134.752,7.233827633448505e-06,0.000974772741262453,9.74772741262453e-07
2026-03-31,113051,sell,rebalance_resize,144.093,7.300026528743385e-05,0.010518827226062205,1.0518827226062205e-05
2026-03-31,110092,buy,rebalance,103.4,1.802235358955104e-05,0.0018635113611595775,1.8635113611595775e-06
2026-03-31,118006,buy,rebalance,130.501,1.0336781695368756e-05,0.001348960348027318,1.3489603480273182e-06
2026-03-31,110087,buy,rebalance,132.834,2.4372343957260585e-05,0.0032374759372187528,3.237475937218753e-06
2026-03-31,123149,buy,rebalance,133.5,9.543820167173095e-05,0.012740999923176082,1.2740999923176082e-05
2026-03-31,113062,buy,rebalance,129.279,1.9724236865664072e-06,0.00025499296177561857,2.5499296177561857e-07
2026-03-31,118034,buy,rebalance,125.11,9.449875275092294e-06,0.0011822738956667968,1.1822738956667968e-06
2026-03-31,113056,buy,rebalance,126.52,1.0655362220310807e-05,0.0013481164281137232,1.3481164281137232e-06
2026-03-31,113661,buy,rebalance,137.251,3.305042893785707e-05,0.0045362044221498215,4.5362044221498215e-06
2026-03-31,113631,buy,rebalance,136.75,4.875000477712264e-06,0.000666656315327152,6.66656315327152e-07
2026-03-31,113048,buy,rebalance,132.008,2.9827530507436617e-06,0.00039374726472256934,3.9374726472256936e-07
2026-03-31,118031,buy,rebalance,129.501,2.2233384806809293e-05,0.0028792455658666104,2.8792455658666103e-06
2026-03-31,111000,buy,rebalance,139.98,0.0014302003880794856,0.2001994503233664,0.0002001994503233664
2026-03-31,113640,buy,rebalance,141.0,0.0014198542576125276,0.2001994503233664,0.0002001994503233664
2026-03-31,127061,buy,rebalance,120.579,1.677422166163139e-06,0.00020226188737378512,2.0226188737378513e-07
2026-03-31,123236,buy,rebalance,149.29,0.0013410104516268096,0.2001994503233664,0.0002001994503233664
2026-03-31,113052,buy,rebalance,119.707,0.001672412225879576,0.2001994503233664,0.0002001994503233664
2026-04-03,118006,sell,risk_exit_next_open,124.995,0.0015356392657413583,0.1919472300213411,0.0001919472300213411
2026-04-13,118031,sell,rebalance,128.86,0.0015474853285072454,0.19940895943144366,0.00019940895943144365
2026-04-13,127061,sell,rebalance,121.55,0.0016620110508500155,0.20201744323081938,0.0002020174432308194
2026-04-13,113051,sell,rebalance,140.0,0.001390795090619855,0.1947113126867797,0.00019471131268677968
2026-04-13,113661,sell,rebalance,140.008,0.0014600928657166282,0.2044246819432537,0.0002044246819432537
2026-04-13,123236,sell,rebalance,152.4,0.0013410104516268096,0.20436999282792578,0.00020436999282792578
2026-04-13,110092,sell,rebalance_resize,104.548,1.101384153720908e-05,0.0011514751050321348,1.1514751050321349e-06
2026-04-13,111000,sell,rebalance_resize,141.0,1.2966661961966321e-06,0.00018282993366372513,1.8282993366372514e-07
2026-04-13,118034,sell,rebalance_resize,125.886,1.3521033927034526e-06,0.00017021088769386683,1.7021088769386684e-07
2026-04-13,127047,sell,rebalance_resize,136.916,2.294341710423929e-05,0.003141320896244027,3.141320896244027e-06
2026-04-13,123149,sell,rebalance_resize,135.602,1.5269849498380435e-05,0.002070622131679384,2.070622131679384e-06
2026-04-13,110087,sell,rebalance_resize,134.333,8.8331177804158e-06,0.0011865792107965956,1.1865792107965955e-06
2026-04-13,127040,sell,rebalance_resize,138.275,2.1942743985375505e-05,0.003034132924577798,3.0341329245777983e-06
2026-04-13,113048,sell,rebalance_resize,134.065,1.5296867154198393e-05,0.0020507744950276074,2.0507744950276076e-06
2026-04-13,113632,sell,rebalance_resize,137.61,2.3100384131180243e-05,0.0031788438602917135,3.1788438602917137e-06
2026-04-13,113631,sell,rebalance_resize,139.0,1.6007491442783686e-05,0.0022250413105469324,2.2250413105469326e-06
2026-04-13,110081,buy,rebalance,110.701,0.0018181507083355935,0.2012711015634585,0.0002012711015634585
2026-04-13,113654,buy,rebalance,134.7,0.0014942175320227062,0.2012711015634585,0.0002012711015634585
2026-04-13,113062,buy,rebalance,129.508,5.529648382737611e-06,0.0007161337027515825,7.161337027515825e-07
2026-04-13,113640,buy,rebalance,138.944,3.0162801726870907e-05,0.004190940323138351,4.190940323138351e-06
2026-04-13,113056,buy,rebalance,127.046,1.8856053174735957e-06,0.00023955861316375044,2.3955861316375043e-07
2026-04-13,123129,buy,rebalance,138.502,0.001453199965079627,0.2012711015634585,0.0002012711015634585
2026-04-13,118034,buy,rebalance,125.886,2.202582314389103e-19,2.7727427722918663e-17,2.772742772291866e-20
2026-04-13,110087,buy,rebalance,134.333,2.0640816272188266e-19,2.7727427722918663e-17,2.772742772291866e-20
2026-04-13,127088,buy,rebalance,147.0,0.0013691911670983571,0.2012711015634585,0.0002012711015634585
2026-04-13,118003,buy,rebalance,154.48,0.001302894235910529,0.2012711015634585,0.0002012711015634585
2026-04-13,118044,buy,rebalance,147.68,0.0013628866573906994,0.2012711015634585,0.0002012711015634585
2026-04-13,113052,buy,rebalance,120.428,5.820414712959397e-07,7.009409030522743e-05,7.009409030522744e-08
2026-04-16,113654,sell,risk_exit_next_open,123.051,0.0014942175320227062,0.18386496153292603,0.00018386496153292603
2026-04-16,123129,sell,risk_exit_next_open,143.672,0.001453199965079627,0.20878414538292017,0.00020878414538292017
2026-04-21,111000,sell,rebalance,218.58,0.001428903721883289,0.31232977552924934,0.00031232977552924935
2026-04-21,127088,sell,rebalance,190.0,0.0013691911670983571,0.26014632174868785,0.00026014632174868786
2026-04-21,118003,sell,rebalance,167.885,0.001302894235910529,0.21873639879583914,0.00021873639879583915
2026-04-21,118044,sell,rebalance,180.41,0.0013628866573906994,0.24587838185985608,0.00024587838185985607
2026-04-21,113048,sell,rebalance_resize,147.0,5.05458828761083e-05,0.00743024478278792,7.430244782787921e-06
2026-04-21,110081,buy,rebalance,99.18,0.0003340054226507106,0.03312665781849748,3.312665781849748e-05
2026-04-21,110092,buy,rebalance,103.02,0.00014500413391173683,0.014938325875587126,1.4938325875587127e-05
2026-04-21,113640,buy,rebalance,136.787,0.00011057670707465377,0.015125456030620666,1.5125456030620667e-05
2026-04-21,113062,buy,rebalance,131.196,7.145044874823379e-05,0.009374013073973281,9.37401307397328e-06
2026-04-21,127047,buy,rebalance,140.05,5.276350534639944e-05,0.007389528923763242,7.389528923763243e-06
2026-04-21,113056,buy,rebalance,128.685,7.30490254452954e-05,0.00940031383942784,9.400313839427841e-06
2026-04-21,118034,buy,rebalance,128.89,5.5812768361666576e-05,0.007193707714135205,7.193707714135205e-06
2026-04-21,123236,buy,rebalance,141.423,0.0015080274689865468,0.2132697687464844,0.0002132697687464844
2026-04-21,123149,buy,rebalance,139.3,4.6717472860286585e-05,0.006507743969437922,6.507743969437922e-06
2026-04-21,127040,buy,rebalance,139.501,7.320444998369344e-05,0.01021209397717522,1.021209397717522e-05
2026-04-21,113052,buy,rebalance,120.533,9.80747416079483e-05,0.011821242830230833,1.1821242830230834e-05
2026-04-21,127084,buy,rebalance,145.8,0.0014627556155451605,0.2132697687464844,0.0002132697687464844
2026-04-21,118031,buy,rebalance,130.9,0.0016292572096752054,0.2132697687464844,0.0002132697687464844
2026-04-21,123126,buy,rebalance,153.991,0.0013849495668349734,0.2132697687464844,0.0002132697687464844
2026-04-21,127066,buy,rebalance,147.5,0.001445896737264301,0.2132697687464844,0.0002132697687464844
2026-04-21,110087,buy,rebalance,135.82,7.192361789318751e-05,0.009768665782252727,9.768665782252727e-06
2026-04-21,113631,buy,rebalance,141.035,6.416821008652222e-05,0.009049963509552662,9.049963509552661e-06
2026-04-21,113632,buy,rebalance,138.447,7.780908808736661e-05,0.010772434818431645,1.0772434818431645e-05
2026-04-21,127049,buy,rebalance,118.31,0.0018026351850772074,0.2132697687464844,0.0002132697687464844
2026-04-22,123236,sell,risk_exit_next_open,137.0,0.0015080274689865468,0.2065997632511569,0.0002065997632511569
2026-04-30,110092,sell,risk_exit_next_open,84.0,0.0020721134500683706,0.17405752980574313,0.00017405752980574312
2026-05-06,110081,sell,risk_exit_next_open,84.5,0.002152156130986304,0.1818571930683427,0.0001818571930683427
2026-05-06,113631,sell,rebalance,142.844,0.0015136316977523046,0.2162132062337302,0.0002162132062337302
2026-05-06,113048,sell,rebalance,157.411,0.0014522730839350935,0.228603758415307,0.000228603758415307
2026-05-06,123149,sell,rebalance,139.533,0.0015325025260714764,0.2138346749703313,0.0002138346749703313
2026-05-06,113640,sell,rebalance,137.666,0.0015605937664140523,0.21484070144715692,0.00021484070144715692
2026-05-06,113052,sell,rebalance,120.25,0.0017710690089588201,0.21297104832729813,0.00021297104832729814
2026-05-06,127049,sell,rebalance,117.768,0.0018026351850772074,0.21229274047617255,0.00021229274047617256
2026-05-06,113062,sell,rebalance_resize,131.027,2.4906918334215856e-05,0.003263478788577301,3.263478788577301e-06
2026-05-06,113056,sell,rebalance_resize,128.258,2.2065618779962693e-05,0.002830092133480455,2.8300921334804553e-06
2026-05-06,110087,sell,rebalance_resize,137.341,4.316768171373077e-05,0.005928692574245498,5.928692574245498e-06
2026-05-06,118034,sell,rebalance_resize,128.269,1.9584721657044138e-05,0.002512112662227395,2.512112662227395e-06
2026-05-06,118031,sell,rebalance_resize,131.098,2.788835033796949e-05,0.0036561069526071244,3.6561069526071243e-06
2026-05-06,127047,sell,rebalance_resize,154.101,0.00016196033554474688,0.02495824966778104,2.495824966778104e-05
2026-05-06,127040,sell,rebalance_resize,137.233,4.880488871885278e-07,6.697641293554324e-05,6.697641293554323e-08
2026-05-06,113632,sell,rebalance_resize,136.91,8.524864079286331e-06,0.0011671391410950915,1.1671391410950915e-06
2026-05-06,127084,buy,rebalance,137.806,6.06011949225231e-05,0.00835120826749322,8.351208267493219e-06
2026-05-06,123121,buy,rebalance,149.0,0.0014075277776321395,0.20972163886718878,0.00020972163886718879
2026-05-06,123126,buy,rebalance,151.0,5.351279662276438e-06,0.0008080432290037421,8.080432290037421e-07
2026-05-06,118034,buy,rebalance,128.269,2.1616447740544793e-19,2.7727201352319402e-17,2.77272013523194e-20
2026-05-06,118031,buy,rebalance,131.098,2.1149980436253337e-19,2.7727201352319402e-17,2.77272013523194e-20
2026-05-06,127066,buy,rebalance,141.6,3.6666409588737436e-05,0.005191963597765221,5.191963597765221e-06
2026-05-06,123225,buy,rebalance,151.422,0.001385014323329429,0.20972163886718878,0.00020972163886718879
2026-05-06,113661,buy,rebalance,141.216,0.0014851124438249829,0.20972163886718878,0.00020972163886718879
2026-05-06,123198,buy,rebalance,141.68,0.0014802487215357762,0.20972163886718878,0.00020972163886718879
2026-05-06,127061,buy,rebalance,116.1,0.0018063879316725993,0.20972163886718878,0.00020972163886718879
2026-05-06,118041,buy,rebalance,157.87,0.0013284451692353759,0.20972163886718878,0.00020972163886718879
2026-05-06,110093,buy,rebalance,124.7,0.001681809453626213,0.20972163886718878,0.00020972163886718879
2026-05-06,113058,buy,rebalance,143.008,0.0014665028450659317,0.20972163886718878,0.00020972163886718879
2026-05-06,113681,buy,rebalance,142.743,0.0014692253831514596,0.20972163886718878,0.00020972163886718879
2026-05-11,123126,sell,risk_exit_next_open,153.5,0.0013903008464972498,0.21341117993732783,0.00021341117993732784
2026-05-12,127047,sell,rebalance,181.426,0.0013623289577705078,0.2471618934924721,0.0002471618934924721
2026-05-12,123121,sell,rebalance,170.51,0.0014075277776321395,0.2399975613640561,0.00023999756136405608
2026-05-12,118041,sell,rebalance,173.68,0.0013284451692353759,0.23072435699280008,0.0002307243569928001
2026-05-12,110093,sell,rebalance,124.415,0.001681809453626213,0.2092423231729053,0.00020924232317290532
2026-05-12,113681,sell,rebalance,144.6,0.0014692253831514596,0.21244999040370105,0.00021244999040370105
2026-05-12,118034,sell,rebalance_resize,132.594,1.7681062731435212e-05,0.0023444028318119203,2.34440283181192e-06
2026-05-12,127084,sell,rebalance_resize,143.589,2.8322198848830547e-05,0.0040667562105047295,4.06675621050473e-06
2026-05-12,127061,buy,rebalance,104.302,0.0002515224303725419,0.026234292532716866,2.6234292532716868e-05
2026-05-12,113062,buy,rebalance,131.4,3.1449648880624576e-05,0.004132483862914069,4.13248386291407e-06
2026-05-12,127066,buy,rebalance,138.2,7.069812807390587e-05,0.009770481299813791,9.770481299813792e-06
2026-05-12,113056,buy,rebalance,128.046,3.96433894519114e-05,0.005076177445759447,5.076177445759447e-06
2026-05-12,118031,buy,rebalance,131.25,3.418174860523653e-05,0.004486354504437295,4.486354504437294e-06
2026-05-12,127040,buy,rebalance,139.572,8.274976669267009e-06,0.001154955043682935,1.154955043682935e-06
2026-05-12,123198,buy,rebalance,144.0,1.0508254216897541e-05,0.001513188607233246,1.513188607233246e-06
2026-05-12,123225,buy,rebalance,152.69,2.0888619182887004e-05,0.003189483263035017,3.189483263035017e-06
2026-05-12,113661,buy,rebalance,143.65,9.277989633477882e-06,0.0013327832108490979,1.3327832108490979e-06
2026-05-12,113644,buy,rebalance,147.201,0.0014568858659878847,0.2144550563592826,0.00021445505635928262
2026-05-12,111010,buy,rebalance,151.301,0.0014174067346500196,0.2144550563592826,0.00021445505635928262
2026-05-12,127049,buy,rebalance,116.28,0.001844298730299988,0.2144550563592826,0.00021445505635928262
2026-05-12,113058,buy,rebalance,143.757,2.6757727007611113e-05,0.0038466105614331507,3.846610561433151e-06
2026-05-12,113052,buy,rebalance,119.599,0.0017931174705414143,0.2144550563592826,0.00021445505635928262
2026-05-12,110087,buy,rebalance,136.017,4.963587251159567e-05,0.006751322471409708,6.751322471409708e-06
2026-05-12,113632,buy,rebalance,138.389,1.780425177316178e-05,0.0024639125986360855,2.4639125986360857e-06
2026-05-12,113631,buy,rebalance,143.49,0.0014945644738956205,0.2144550563592826,0.00021445505635928262
2026-05-12,118018,buy,rebalance,147.17,0.001457192745527503,0.2144550563592826,0.00021445505635928262
2026-05-20,127066,sell,risk_exit_next_open,137.734,0.0015532612749269443,0.21393688844078776,0.00021393688844078776
2026-05-21,110087,sell,rebalance,133.997,0.0015782125882876055,0.2114757521927743,0.00021147575219277433
2026-05-21,123225,sell,rebalance,161.0,0.001405902942512316,0.22635037374448286,0.00022635037374448287
2026-05-21,113661,sell,rebalance,139.051,0.0014943904334584607,0.2077964841628324,0.00020779648416283239
2026-05-21,111010,sell,rebalance,163.9,0.0014174067346500196,0.2323129638091382,0.00023231296380913822
2026-05-21,118018,sell,rebalance,177.0,0.001457192745527503,0.25792311595836803,0.00025792311595836803
2026-05-21,113062,sell,rebalance_resize,130.399,6.092760081945356e-07,7.944898219255925e-05,7.944898219255926e-08
2026-05-21,113056,sell,rebalance_resize,127.99,1.2656757386135539e-05,0.0016199383778514875,1.6199383778514876e-06
2026-05-21,127061,buy,rebalance,100.246,6.631352597775008e-05,0.006647665725165535,6.647665725165535e-06
2026-05-21,123198,buy,rebalance,139.1,4.012738921961289e-05,0.005581719840448153,5.581719840448153e-06
2026-05-21,110084,buy,rebalance,138.0,0.0015415840383113022,0.2127385972869597,0.00021273859728695971
2026-05-21,113644,buy,rebalance,140.382,5.999785620655877e-05,0.008422619049989134,8.422619049989133e-06
2026-05-21,127084,buy,rebalance,136.876,6.07040461763041e-05,0.0083089270244278,8.308927024427802e-06
2026-05-21,118031,buy,rebalance,127.9,2.940512517763642e-05,0.0037609155102196986,3.7609155102196987e-06
2026-05-21,127040,buy,rebalance,134.246,4.8176057320924246e-05,0.006467442991104797,6.4674429911047965e-06
2026-05-21,118034,buy,rebalance,127.616,4.9634453628938604e-05,0.006334150434310629,6.33415043431063e-06
2026-05-21,113058,buy,rebalance,136.844,6.283975999434775e-05,0.008599244116666524,8.599244116666524e-06
2026-05-21,123183,buy,rebalance,140.509,0.0015140567315044568,0.2127385972869597,0.00021273859728695971
2026-05-21,127090,buy,rebalance,148.0,0.0014374229546416197,0.2127385972869597,0.00021273859728695971
2026-05-21,113631,buy,rebalance,140.649,1.948013791186775e-05,0.0027398619171662875,2.7398619171662874e-06
2026-05-21,123216,buy,rebalance,139.71,0.0015227156058045931,0.2127385972869597,0.00021273859728695971
2026-05-21,118011,buy,rebalance,150.0,0.001418257315246398,0.2127385972869597,0.00021273859728695971
2026-05-21,127049,buy,rebalance,111.886,5.8933146952416625e-05,0.006593794079918086,6.593794079918086e-06
2026-05-21,113632,buy,rebalance,133.8,4.033315374008456e-05,0.005396575970423314,5.396575970423315e-06
2026-05-21,113052,buy,rebalance,116.801,3.0052616374295177e-05,0.003510175645134051,3.5101756451340514e-06
2026-05-21,113681,buy,rebalance,142.3,0.0014950006836750506,0.2127385972869597,0.00021273859728695971
2026-05-25,127090,sell,risk_exit_next_open,132.998,0.0014374229546416197,0.19117437812142613,0.00019117437812142613
2026-05-29,113644,sell,risk_exit_next_open,123.9,0.0015168837221944435,0.18794189317989154,0.00018794189317989155
2026-06-02,123198,sell,risk_exit_next_open,125.907,0.0015308843649722867,0.1927490577405657,0.0001927490577405657
2026-06-11,127049,sell,rebalance,110.518,0.0019032318772524046,0.21034138061018126,0.00021034138061018127
2026-06-11,123216,sell,rebalance,134.78,0.0015227156058045931,0.20523160935034307,0.00020523160935034308
2026-06-11,113056,sell,rebalance_resize,129.4,8.279762023991553e-05,0.01071401205904507,1.071401205904507e-05
2026-06-11,113062,sell,rebalance_resize,130.574,6.627523272209951e-05,0.008653822237455422,8.653822237455423e-06
2026-06-11,113632,sell,rebalance_resize,139.72,0.00012728646775250334,0.017784465274379768,1.778446527437977e-05
2026-06-11,113052,sell,rebalance_resize,118.001,8.942571057563852e-05,0.010552323273635922,1.0552323273635922e-05
2026-06-11,113058,sell,rebalance_resize,131.669,2.328600282088957e-06,0.00030660447054237094,3.0660447054237094e-07
2026-06-11,113631,sell,rebalance_resize,135.5,4.202765663542094e-06,0.0005694747474099537,5.694747474099538e-07
2026-06-11,127084,sell,rebalance_resize,139.005,8.396735350750764e-05,0.011671881974311099,1.16718819743111e-05
2026-06-11,118031,sell,rebalance_resize,123.0,1.6746749696640092e-06,0.00020598502126867313,2.0598502126867313e-07
2026-06-11,123183,sell,rebalance_resize,137.52,2.6392608813177654e-05,0.0036295115639881914,3.6295115639881917e-06
2026-06-11,127061,buy,rebalance,94.501,4.061561143189084e-05,0.0038382158959251165,3.838215895925116e-06
2026-06-11,110084,buy,rebalance,132.498,2.4635986049921547e-06,0.0003264218879642505,3.264218879642505e-07
2026-06-11,113681,buy,rebalance,136.605,2.6252423919462866e-06,0.00035862123695182247,3.5862123695182247e-07
2026-06-11,118011,buy,rebalance,137.3,7.171444326292928e-05,0.00984639306000019,9.84639306000019e-06
2026-06-11,127040,buy,rebalance,124.596,5.568562623435792e-05,0.0069382062862960595,6.938206286296059e-06
2026-06-11,113058,buy,rebalance,131.669,2.105746700574448e-19,2.7726156231793702e-17,2.7726156231793704e-20
2026-06-11,113631,buy,rebalance,135.5,2.0462107920142954e-19,2.7726156231793702e-17,2.7726156231793704e-20
2026-06-11,127110,buy,rebalance,136.6,0.0014960960674851797,0.20436672281847554,0.00020436672281847555
2026-06-11,113051,buy,rebalance,138.538,0.0014751672668760593,0.20436672281847554,0.00020436672281847555
2026-06-11,111015,buy,rebalance,133.444,0.001531479293325107,0.20436672281847554,0.00020436672281847555
2026-06-11,127078,buy,rebalance,140.06,0.0014591369614342107,0.20436672281847554,0.00020436672281847555
2026-06-11,123142,buy,rebalance,134.74,0.0015167487221201983,0.20436672281847554,0.00020436672281847555
2026-06-11,118034,buy,rebalance,118.835,5.28798360544237e-05,0.006283975317527441,6.283975317527441e-06
2026-06-23,113051,sell,rebalance,134.724,0.0014751672668760593,0.1987404348626102,0.0001987404348626102
2026-06-23,111015,sell,rebalance,126.785,0.001531479293325107,0.19416860220422366,0.00019416860220422368
2026-06-23,127078,sell,rebalance,144.04,0.0014591369614342107,0.21017408792498368,0.00021017408792498368
2026-06-23,123142,sell,rebalance,131.0,0.0015167487221201983,0.19869408259774599,0.000198694082597746
2026-06-23,113632,sell,rebalance_resize,141.821,2.436010556594406e-05,0.0034547745314677525,3.4547745314677528e-06
2026-06-23,127040,sell,rebalance_resize,125.95,2.0597060230664412e-05,0.002594199736052183,2.594199736052183e-06
2026-06-23,113058,sell,rebalance_resize,133.631,2.5644551567608888e-05,0.0034269070705311433,3.4269070705311432e-06
2026-06-23,113631,sell,rebalance_resize,135.73,5.346427152291216e-06,0.0007256705573804867,7.256705573804867e-07
2026-06-23,123183,sell,rebalance_resize,142.0,4.9599592974819025e-05,0.007043142202424302,7.043142202424302e-06
2026-06-23,118031,sell,rebalance_resize,123.6,1.1135724657424403e-05,0.0013763755676576561,1.3763755676576561e-06
2026-06-23,127084,sell,rebalance_resize,140.718,2.0605403551870604e-05,0.0028995511770121274,2.8995511770121274e-06
2026-06-23,127061,buy,rebalance,92.999,2.435710306847321e-05,0.00226518622826494,2.26518622826494e-06
2026-06-23,113681,buy,rebalance,130.992,4.8249876979923595e-05,0.006320347885354152,6.3203478853541515e-06
2026-06-23,113062,buy,rebalance,129.369,9.186586442414774e-06,0.001188459501468757,1.188459501468757e-06
2026-06-23,113056,buy,rebalance,128.522,6.185169314793267e-06,0.0007949303306758602,7.949303306758602e-07
2026-06-23,113052,buy,rebalance,115.222,3.033477448713398e-05,0.0034952333859565514,3.4952333859565516e-06
2026-06-23,123216,buy,rebalance,138.4,0.0011615990460021673,0.16076530796669997,0.00016076530796669996
2026-06-23,110084,buy,rebalance,129.477,2.6063729578598176e-05,0.003374653514648156,3.374653514648156e-06
2026-06-23,113661,buy,rebalance,140.0,0.0011483236283335713,0.16076530796669997,0.00016076530796669996
2026-06-23,127110,buy,rebalance,136.3,1.6592768714697304e-06,0.00022615943758132426,2.2615943758132427e-07
2026-06-23,123178,buy,rebalance,160.41,0.001002214998857303,0.16076530796669997,0.00016076530796669996
2026-06-23,123149,buy,rebalance,137.5,0.001169202239757818,0.16076530796669997,0.00016076530796669996
2026-06-23,127084,buy,rebalance,140.718,1.5528381868960376e-19,2.185122839836366e-17,2.185122839836366e-20
2026-06-23,118034,buy,rebalance,118.5,1.3617519703070142e-06,0.00016136760848138118,1.6136760848138119e-07
2026-06-23,118040,buy,rebalance,151.002,0.0010646568122720226,0.16076530796669997,0.00016076530796669996
2026-06-26,113632,sell,risk_exit_next_open,138.2,0.001439879589198619,0.19899135922724911,0.0001989913592272491
2026-07-01,118034,sell,rebalance,114.64,0.0017228823680918153,0.1975112346780457,0.00019751123467804573
2026-07-01,127084,sell,rebalance,137.787,0.001451165900735779,0.1999517959646808,0.0001999517959646808
2026-07-01,110084,sell,rebalance,127.305,0.0015701113664948927,0.19988302751163234,0.00019988302751163233
2026-07-01,118011,sell,rebalance,197.2,0.0014899717585093273,0.2938224307780393,0.00029382243077803933
2026-07-01,123178,sell,rebalance,165.0,0.001002214998857303,0.165365474811455,0.000165365474811455
2026-07-01,123149,sell,rebalance,132.8,0.001169202239757818,0.15527005743983824,0.00015527005743983825
2026-07-01,118040,sell,rebalance,171.715,0.0010646568122720226,0.18281754451929036,0.00018281754451929036
2026-07-01,113681,buy,rebalance,130.736,1.7697273794883646e-05,0.0023136707868479083,2.3136707868479084e-06
2026-07-01,127061,buy,rebalance,91.792,3.773101686924598e-05,0.003463405500461827,3.463405500461827e-06
2026-07-01,113062,buy,rebalance,126.798,3.612718664847199e-05,0.004580855012652952,4.580855012652952e-06
2026-07-01,123188,buy,rebalance,138.688,0.0014724661834817879,0.2042133900547222,0.0002042133900547222
2026-07-01,113056,buy,rebalance,124.68,5.228382093268036e-05,0.006518746793886588,6.518746793886588e-06
2026-07-01,113058,buy,rebalance,127.5,7.507306784946326e-05,0.009571816150806566,9.571816150806565e-06
2026-07-01,127040,buy,rebalance,122.15,5.212514449230916e-05,0.006367086399735564,6.367086399735564e-06
2026-07-01,113658,buy,rebalance,140.51,0.001453372642906001,0.2042133900547222,0.0002042133900547222
2026-07-01,127067,buy,rebalance,145.0,0.0014083682072739462,0.2042133900547222,0.0002042133900547222
2026-07-01,113631,buy,rebalance,131.299,5.23384598447243e-05,0.006871987439152457,6.871987439152457e-06
2026-07-01,113052,buy,rebalance,115.1,1.190897013122092e-05,0.0013707224621035278,1.3707224621035278e-06
2026-07-01,127110,buy,rebalance,131.799,5.317141158157392e-05,0.007007938875039862,7.007938875039862e-06
2026-07-01,123216,buy,rebalance,127.954,0.00043555206155439853,0.05573062848413151,5.573062848413151e-05
2026-07-01,127089,buy,rebalance,122.14,0.0016719616018889979,0.2042133900547222,0.0002042133900547222
2026-07-01,118031,buy,rebalance,121.46,3.0827325471454876e-05,0.003744286951762909,3.744286951762909e-06
2026-07-01,123183,buy,rebalance,135.56,6.981492833231694e-05,0.009464111684728884,9.464111684728885e-06
2026-07-01,113661,buy,rebalance,139.72,0.0003144138004424029,0.04392989619781253,4.3929896197812534e-05
2026-07-01,127103,buy,rebalance,143.92,0.0014189368402912884,0.2042133900547222,0.0002042133900547222
2026-07-01,127045,buy,rebalance,117.361,0.0017400447342364345,0.2042133900547222,0.0002042133900547222
2026-07-01,123171,buy,rebalance,132.366,0.0015427933914654985,0.2042133900547222,0.0002042133900547222
2026-07-13,127040,sell,rebalance,120.96,0.0016734444237280165,0.20241983749414086,0.00020241983749414087
2026-07-13,118031,sell,rebalance,122.45,0.0016829726589644755,0.20608000209020003,0.00020608000209020003
2026-07-13,113661,sell,rebalance,137.54,0.0014627374287759741,0.20118490595384747,0.00020118490595384748
2026-07-13,113681,sell,rebalance_resize,136.75,5.166953919906908e-05,0.007065809485472696,7.065809485472696e-06
2026-07-13,113062,sell,rebalance_resize,128.846,7.464930103130858e-06,0.0009618263840679986,9.618263840679986e-07
2026-07-13,127061,sell,rebalance_resize,96.89,9.303548632774743e-05,0.009014208270295448,9.014208270295448e-06
2026-07-13,123188,sell,rebalance_resize,149.0,8.486344004122408e-05,0.01264465256614239,1.264465256614239e-05
2026-07-13,113058,sell,rebalance_resize,132.135,3.8491361151668305e-05,0.005086056005775691,5.0860560057756915e-06
2026-07-13,113631,sell,rebalance_resize,133.48,7.891649493825992e-06,0.0010533773744358932,1.0533773744358931e-06
2026-07-13,127110,sell,rebalance_resize,133.6,3.3757920711274053e-06,0.00045100582070262135,4.5100582070262134e-07
2026-07-13,127045,sell,rebalance_resize,121.967,4.489105518682248e-05,0.005475227327971177,5.475227327971177e-06
2026-07-13,123171,sell,rebalance_resize,139.2,5.750022499535449e-05,0.008004031319353344,8.004031319353344e-06
2026-07-13,127089,sell,rebalance_resize,123.9,3.2545092930010292e-06,0.00040323370140282755,4.0323370140282756e-07
2026-07-13,113658,buy,rebalance,135.0,7.804565396449307e-05,0.010536163285206564,1.0536163285206564e-05
2026-07-13,127067,buy,rebalance,140.0,6.836399843937172e-05,0.009570959781512041,9.570959781512042e-06
2026-07-13,113056,buy,rebalance,125.09,1.3332321863533801e-05,0.0016677401419094432,1.6677401419094431e-06
2026-07-13,123178,buy,rebalance,135.46,0.001524660762920233,0.20653054694517478,0.0002065305469451748
2026-07-13,127061,buy,rebalance,96.89,2.861568585864141e-19,2.7725738028437662e-17,2.772573802843766e-20
2026-07-13,113052,buy,rebalance,115.57,1.29812850535696e-05,0.0015002471136410385,1.5002471136410385e-06
2026-07-13,127084,buy,rebalance,140.0,0.001475218192465534,0.20653054694517478,0.0002065305469451748
2026-07-13,123183,buy,rebalance,135.35,1.964139763117679e-05,0.0026584631693797782,2.6584631693797784e-06
2026-07-13,123216,buy,rebalance,125.22,5.3907384105475905e-05,0.006750282637687692,6.7502826376876925e-06
2026-07-13,123149,buy,rebalance,133.949,0.0015418595655449072,0.20653054694517478,0.0002065305469451748
2026-07-13,127103,buy,rebalance,141.3,4.423430184952358e-05,0.006250306851337682,6.250306851337683e-06
2026-07-15,123188,sell,risk_exit_next_open,136.8,0.0013876027434405638,0.18982405530266916,0.00018982405530266916
2026-07-17,113658,sell,risk_exit_next_open,118.989,0.0015314182968704942,0.18222193172632326,0.00018222193172632325
