date,nav,cash,cash_weight,holdings,locked_today,daily_return
2019-01-22,0.9979149577344535,-2.7755575615628914e-16,-2.781356808063269e-16,20,0,-0.0020850422655465106
2019-01-23,0.9988575258387402,-2.7755575615628914e-16,-2.778732191292504e-16,20,0,0.0009445375049057514
2019-01-24,1.0029340360109391,-2.7755575615628914e-16,-2.7674377994014133e-16,20,0,0.0040811728066780795
2019-01-25,1.0095723889821413,-2.7755575615628914e-16,-2.749240759606381e-16,20,0,0.006618932784059783
2019-01-28,1.007368776461612,0.049031847917478125,0.04867318608951009,19,0,-0.002182718688207297
2019-01-29,1.00614089317037,0.049031847917478125,0.04873258631102628,19,0,-0.0012189014787166164
2019-01-30,1.0061754576024595,0.049031847917478125,0.04873091223504145,19,0,3.4353471093595545e-05
2019-01-31,1.007192401233614,-2.0816681711721685e-17,-2.066802895477102e-17,20,0,0.001010702083290349
2019-02-01,1.016402252577612,-2.0816681711721685e-17,-2.0480751256631176e-17,20,0,0.009144083427076843
2019-02-11,1.0226408416119364,-2.0816681711721685e-17,-2.035580906284695e-17,20,0,0.0061379134279790915
2019-02-12,1.027556643753909,-1.3877787807814457e-17,-1.3505618295761871e-17,20,0,0.00480696833330474
2019-02-13,1.0348855577458502,-1.3877787807814457e-17,-1.3409973406182753e-17,20,0,0.007132369817752338
2019-02-14,1.0377643642330925,-1.3877787807814457e-17,-1.3372773517878634e-17,20,0,0.0027817631289712708
2019-02-15,1.035144448524427,-1.3877787807814457e-17,-1.3406619556910056e-17,20,0,-0.00252457667555539
2019-02-18,1.0540141991927752,-1.3877787807814457e-17,-1.3166604224537835e-17,20,0,0.018229099035643292
2019-02-19,1.0472783146524587,-1.3877787807814457e-17,-1.3251289188031958e-17,20,0,-0.006390696202646207
2019-02-20,1.0478646379028287,-1.3877787807814457e-17,-1.3243874548137373e-17,20,0,0.0005598542833999964
2019-02-21,1.0541677731484065,1.3877787807814457e-17,1.316468607873173e-17,20,0,0.006015218967778901
2019-02-22,1.0703978122853692,1.3877787807814457e-17,1.2965074898821471e-17,20,0,0.01539606839667429
2019-02-25,1.097833709634659,1.3877787807814457e-17,1.2641065478334378e-17,20,0,0.025631496098364126
2019-02-26,1.0918351309941714,1.3877787807814457e-17,1.2710515913861488e-17,20,0,-0.005464013891943509
2019-02-27,1.0856711291212764,1.3877787807814457e-17,1.2782681085981259e-17,20,0,-0.005645542717866547
2019-02-28,1.0898630971484469,1.3877787807814457e-17,1.2733514736047813e-17,20,0,0.003861176662736998
2019-03-01,1.0962568401049242,-6.765421556309548e-17,-6.171383665585175e-17,20,0,0.005866556059386019
2019-03-04,1.11042773615444,-6.765421556309548e-17,-6.092626594269978e-17,20,0,0.012926620415120382
2019-03-05,1.1240523696915536,-6.765421556309548e-17,-6.01877789570073e-17,20,0,0.012269716518697349
2019-03-06,1.137860322585802,-6.765421556309548e-17,-5.945739931360856e-17,20,0,0.012284083256759004
2019-03-07,1.132733321144351,-6.765421556309548e-17,-5.972651664802036e-17,20,0,-0.004505826716762251
2019-03-08,1.1227110959031825,-6.765421556309548e-17,-6.025968373339179e-17,20,0,-0.008847824156036577
2019-03-11,1.1554153249657375,-6.765421556309548e-17,-5.855402304370654e-17,20,0,0.02912969256462694
2019-03-12,1.1625627050246412,6.245004513516506e-17,5.3717571418086556e-17,20,0,0.006185983433373288
2019-03-13,1.148153429082832,6.245004513516506e-17,5.4391724619114195e-17,20,0,-0.012394407527036466
2019-03-14,1.1341375993399934,6.245004513516506e-17,5.5063905095384895e-17,20,0,-0.012207279434800489
2019-03-15,1.142285424382806,6.245004513516506e-17,5.467113893089177e-17,20,0,0.007184159177470395
2019-03-18,1.1610012583503244,6.245004513516506e-17,5.378981692397199e-17,20,0,0.01638455115334314
2019-03-19,1.169696925397857,6.245004513516506e-17,5.338993698211483e-17,20,0,0.0074897998473217875
2019-03-20,1.1670105224311706,6.245004513516506e-17,5.351283808912555e-17,20,0,-0.002296665835701539
2019-03-21,1.1771060732881702,-6.938893903907228e-17,-5.894875628773092e-17,20,0,0.008650779631333538
2019-03-22,1.1781421967971493,-6.938893903907228e-17,-5.889691348608878e-17,20,0,0.0008802295158367723
2019-03-25,1.1655640770146984,-6.938893903907228e-17,-5.953249624576174e-17,20,0,-0.010676232305951827
2019-03-26,1.1410337717827779,-6.938893903907228e-17,-6.081234469568537e-17,20,0,-0.021045865873585257
2019-03-27,1.143776313131297,-6.938893903907228e-17,-6.066652914773813e-17,20,0,0.0024035584365169615
2019-03-28,1.1387456500927786,-6.938893903907228e-17,-6.093453707895074e-17,20,0,-0.004398292726264019
2019-03-29,1.1596632405246479,-6.938893903907228e-17,-5.983542171059916e-17,20,0,0.018368975047382108
2019-04-01,1.188615611189314,-6.938893903907228e-17,-5.837794690382922e-17,20,0,0.02496618815956242
2019-04-02,1.193204680727503,-6.938893903907228e-17,-5.815342510789138e-17,20,0,0.0038608524866985405
2019-04-03,1.1970924154247475,-6.938893903907228e-17,-5.796456325759275e-17,20,0,0.00325822950583321
2019-04-04,1.2020812494199173,-6.938893903907228e-17,-5.772400082985819e-17,20,0,0.0041674593631100265
2019-04-08,1.204573365744203,-6.938893903907228e-17,-5.760457686709915e-17,20,0,0.002073167953903443
2019-04-09,1.192835564624722,-6.938893903907228e-17,-5.817142035071928e-17,20,1,-0.00974436381650301
2019-04-10,1.1876264830548018,-6.938893903907228e-17,-5.842656763647667e-17,20,1,-0.004366973725803525
2019-04-11,1.1719643934837958,-3.0357660829594124e-17,-2.5903227946501488e-17,21,1,-0.01318772340839025
2019-04-12,1.1678877387597792,-3.0357660829594124e-17,-2.5993646325829212e-17,21,1,-0.0034784800175525765
2019-04-15,1.159026815102644,-3.0357660829594124e-17,-2.6192371422317468e-17,21,1,-0.007587136471305933
2019-04-16,1.160196552758445,-3.0357660829594124e-17,-2.6165963652811028e-17,21,1,0.0010092412363189585
2019-04-17,1.1662376549630418,-3.0357660829594124e-17,-2.6030424159607642e-17,21,0,0.005206964449457896
2019-04-18,1.165774989424666,-3.0357660829594124e-17,-2.6040754952699968e-17,21,0,-0.0003967163437116339
2019-04-19,1.1715128911810528,-3.0357660829594124e-17,-2.5913211077847596e-17,21,0,0.004921963336353974
2019-04-22,1.1643017032813763,-3.0357660829594124e-17,-2.607370644914156e-17,21,0,-0.006155449038556138
2019-04-23,1.148434231566822,-4.358492733391728e-17,-3.7951609361603465e-17,20,0,-0.013628316157087816
2019-04-24,1.146447362666256,-4.358492733391728e-17,-3.8017382003961535e-17,20,0,-0.001730067639881594
2019-04-25,1.1300935553580926,-4.358492733391728e-17,-3.8567539056628394e-17,20,0,-0.014264769444041203
2019-04-26,1.1241839616463125,-4.358492733391728e-17,-3.8770280328576546e-17,20,0,-0.005229296002761119
2019-04-29,1.113145516658041,-4.358492733391728e-17,-3.9154743635648666e-17,20,0,-0.009819073536777911
2019-04-30,1.1224525294297294,-4.358492733391728e-17,-3.8830085185037566e-17,20,0,0.008361002791108962
2019-05-06,1.0899274100621548,4.336808689942018e-19,3.978988554563193e-19,20,0,-0.028976832885840853
2019-05-07,1.0943868236456062,4.336808689942018e-19,3.962774949624577e-19,20,0,0.00409147759959283
2019-05-08,1.0953818545582268,4.336808689942018e-19,3.9591752153782713e-19,20,0,0.0009092131695316308
2019-05-09,1.0972187510119857,4.336808689942018e-19,3.9525470066402863e-19,20,0,0.0016769462138843672
2019-05-10,1.1158647255507614,4.336808689942018e-19,3.886500389015777e-19,20,0,0.016993853341986886
2019-05-13,1.10870494631046,-6.667843360785852e-17,-6.014082811639879e-17,20,0,-0.006416350545329408
2019-05-14,1.110865397740512,-6.667843360785852e-17,-6.002386404642878e-17,20,0,0.00194862613109259
2019-05-15,1.1230855231203252,-6.667843360785852e-17,-5.93707533711257e-17,20,0,0.0110005455248392
2019-05-16,1.1243805294963318,-6.667843360785852e-17,-5.930237304778591e-17,20,0,0.0011530790392602075
2019-05-17,1.11087621853723,-6.667843360785852e-17,-6.002327936739772e-17,20,0,-0.012010445400678527
2019-05-20,1.102485437111986,-6.667843360785852e-17,-6.04801037395341e-17,20,0,-0.007553300075406
2019-05-21,1.1104029035173635,-1.3010426069826053e-17,-1.1716851629812591e-17,20,0,0.007181470284195024
2019-05-22,1.1096571691221069,-1.3010426069826053e-17,-1.1724725826913829e-17,20,0,-0.0006715890177289019
2019-05-23,1.105405017365464,-1.3010426069826053e-17,-1.1769827226616076e-17,20,0,-0.0038319508718237527
2019-05-24,1.1028114116488215,-1.3010426069826053e-17,-1.1797507653982352e-17,20,0,-0.002346294503732138
2019-05-27,1.1050003136766153,-1.3010426069826053e-17,-1.1774137897334235e-17,20,0,0.001984838028218361
2019-05-28,1.103722187110028,-1.3010426069826053e-17,-1.1787772522624e-17,20,0,-0.001156675297525167
2019-05-29,1.1024068149115671,-1.3010426069826053e-17,-1.1801837483079896e-17,20,0,-0.001191760221750271
2019-05-30,1.0977486145907094,-1.3010426069826053e-17,-1.1851917549153029e-17,20,0,-0.004225482152186655
2019-05-31,1.0978457950804632,-9.71445146547012e-17,-8.848648424943987e-17,20,0,8.852708941020637e-05
2019-06-03,1.0893804247058128,-9.71445146547012e-17,-8.917409607478038e-17,20,0,-0.007710892014693216
2019-06-04,1.0840627453960887,-9.71445146547012e-17,-8.961152393370651e-17,20,0,-0.00488137953383927
2019-06-05,1.0835159231912213,-9.71445146547012e-17,-8.965674853082608e-17,20,0,-0.0005044193310671519
2019-06-06,1.072423530507161,-9.71445146547012e-17,-9.058409470814248e-17,20,0,-0.010237406250007353
2019-06-10,1.0760765670412984,-9.71445146547012e-17,-9.027658219693666e-17,20,0,0.003406337543162552
2019-06-11,1.0921451923689636,-4.163336342344337e-17,-3.812072214788289e-17,20,0,0.014932604072818156
2019-06-12,1.0948209473191803,-4.163336342344337e-17,-3.8027554665800274e-17,20,0,0.002449999293970162
2019-06-13,1.0910403704849,-4.163336342344337e-17,-3.8159324393230204e-17,20,0,-0.003453146236868654
2019-06-14,1.0810384399521409,-4.163336342344337e-17,-3.8512380212202757e-17,20,0,-0.009167333128391908
2019-06-17,1.077863611555388,-4.163336342344337e-17,-3.8625817753848506e-17,20,0,-0.002936832104595277
2019-06-18,1.0749049694451678,-4.163336342344337e-17,-3.873213410198783e-17,20,0,-0.002744913251084391
2019-06-19,1.0838661734286514,-4.163336342344337e-17,-3.8411904019240995e-17,20,0,0.008336740677744814
2019-06-20,1.1006072574076964,-4.163336342344337e-17,-3.782762937753479e-17,20,0,0.015445711278254004
2019-06-21,1.1139654520056992,-2.7755575615628914e-17,-2.491601114348285e-17,20,0,0.012137112951141171
2019-06-24,1.1138422936749457,-2.7755575615628914e-17,-2.491876612446974e-17,20,0,-0.00011055848323815454
2019-06-25,1.1076649020849305,-2.7755575615628914e-17,-2.5057736833030706e-17,20,0,-0.00554601995730819
2019-06-26,1.10828696083939,-2.7755575615628914e-17,-2.5043672438957062e-17,20,0,0.0005615947145103384
2019-06-27,1.1167409751186304,-2.7755575615628914e-17,-2.4854085445087628e-17,20,0,0.007628001210839397
2019-06-28,1.1159987203022081,-2.7755575615628914e-17,-2.4870615987904367e-17,20,0,-0.0006646615759248187
2019-07-01,1.127509809731134,-2.7755575615628914e-17,-2.461670433026876e-17,20,0,0.010314608090060018
2019-07-02,1.1274325545148456,-2.7755575615628914e-17,-2.461839114409166e-17,20,0,-6.851844269706309e-05
2019-07-03,1.1248055495740292,-2.7755575615628914e-17,-2.4675887868921097e-17,20,0,-0.002330077245238704
2019-07-04,1.1221748573016792,-2.7755575615628914e-17,-2.4733735063685588e-17,20,0,-0.002338797379997204
2019-07-05,1.1245353778913219,-2.7755575615628914e-17,-2.4681816296144386e-17,20,0,0.0021035229708483705
2019-07-08,1.1137258572431263,-2.7755575615628914e-17,-2.492137130077413e-17,20,0,-0.009612432708400065
2019-07-09,1.1133560034921628,-2.7755575615628914e-17,-2.492965011062995e-17,20,0,-0.0003320868852583203
2019-07-10,1.1115990808973797,-2.7755575615628914e-17,-2.496905232525219e-17,20,0,-0.0015780420541788853
2019-07-11,1.1111486135837867,-1.2977900004651488e-16,-1.1679715787786367e-16,20,0,-0.00040524261069863066
2019-07-12,1.1165294993947636,-1.2977900004651488e-16,-1.162342778375888e-16,20,0,0.004842633780212324
2019-07-15,1.1218281000001729,-1.2977900004651488e-16,-1.1568528194871824e-16,20,0,0.004745598399577888
2019-07-16,1.1242661001434333,-1.2977900004651488e-16,-1.1543441541994172e-16,20,0,0.002173238612279471
2019-07-17,1.1295015364642567,-1.2977900004651488e-16,-1.1489935680191238e-16,20,0,0.004656759036099523
2019-07-18,1.1261671916587492,-1.2977900004651488e-16,-1.152395496936484e-16,20,0,-0.0029520498183164268
2019-07-19,1.1312768775764575,-1.2977900004651488e-16,-1.1471904236612823e-16,20,0,0.0045372356392145985
2019-07-22,1.1279633944834409,-1.2977900004651488e-16,-1.1505603876972277e-16,20,0,-0.0029289762379967055
2019-07-23,1.1328529918338133,-3.0357660829594124e-17,-2.679752893661203e-17,20,0,0.004334890098637967
2019-07-24,1.1382933598507043,-3.0357660829594124e-17,-2.6669452621225655e-17,20,0,0.004802360108600245
2019-07-25,1.145488865680142,-3.0357660829594124e-17,-2.6501925718473963e-17,20,0,0.006321310554233017
2019-07-26,1.1531119082253891,-3.0357660829594124e-17,-2.6326725630918006e-17,20,0,0.0066548377497503974
2019-07-29,1.1549619223206993,-3.0357660829594124e-17,-2.6284555570971183e-17,20,0,0.001604366481790409
2019-07-30,1.157639483241226,-3.0357660829594124e-17,-2.6223760738185077e-17,20,0,0.0023183109925795087
2019-07-31,1.1563638008171577,-6.505213034913027e-17,-5.62557651001877e-17,20,0,-0.0011019686547806273
2019-08-01,1.1571556506349314,-6.505213034913027e-17,-5.621726888118825e-17,20,0,0.0006847756884245104
2019-08-02,1.1515553956680364,-6.505213034913027e-17,-5.649066522882509e-17,20,0,-0.004839673006671208
2019-08-05,1.1474376183070478,-6.505213034913027e-17,-5.669339170273105e-17,20,0,-0.003575839578781048
2019-08-06,1.1406420720185402,-6.505213034913027e-17,-5.703115109020185e-17,20,0,-0.005922366654262157
2019-08-07,1.1426219649679752,-6.505213034913027e-17,-5.693232962745777e-17,20,0,0.0017357705786980038
2019-08-08,1.1453669051538178,-6.505213034913027e-17,-5.679588789968927e-17,20,0,0.0024023170129758853
2019-08-09,1.1438474437351809,-6.505213034913027e-17,-5.687133428974195e-17,20,0,-0.001326615438074663
2019-08-12,1.1572055738023204,-6.505213034913027e-17,-5.621484360413459e-17,20,0,0.01167824445497656
2019-08-13,1.1592389702237413,6.938893903907228e-18,5.985732089879598e-18,20,0,0.001757160929271695
2019-08-14,1.1623148730911974,6.938893903907228e-18,5.969891691614609e-18,20,0,0.0026533811806399576
2019-08-15,1.1703739752370588,6.938893903907228e-18,5.928783492047282e-18,20,0,0.006933665164610803
2019-08-16,1.1769647607551685,6.938893903907228e-18,5.8955833983126816e-18,20,0,0.0056313500279043804
2019-08-19,1.1893866722557707,6.938893903907228e-18,5.8340101379705556e-18,20,0,0.010554191522804679
2019-08-20,1.192217655878808,6.938893903907228e-18,5.820156973595923e-18,20,0,0.0023802045954224305
2019-08-21,1.2014759866882754,-9.71445146547012e-17,-8.085431230504109e-17,20,0,0.007765638064337166
2019-08-22,1.1997209899396777,-9.71445146547012e-17,-8.097258901803964e-17,20,0,-0.0014607006449085524
2019-08-23,1.2022917095076793,-9.71445146547012e-17,-8.079945481324199e-17,20,0,0.0021427645173823784
2019-08-26,1.1970322778414582,0.06423023875729235,0.05365790041444427,19,0,-0.004374505475359891
2019-08-27,1.2069186259460138,0.06423023875729235,0.053218367316973866,19,0,0.008259048889126985
2019-08-28,1.211037493537481,0.06423023875729235,0.053037365977558364,19,0,0.0034127135855896995
2019-08-29,1.2087165928843082,0.06423023875729235,0.05313920495128019,19,0,-0.00191645648095784
2019-08-30,1.2029661530115048,0.06423023875729235,0.053393221909443095,19,0,-0.004757475744650241
2019-09-02,1.2096613542875987,1.3877787807814457e-17,1.1472456947248223e-17,20,0,0.005565577434853974
2019-09-03,1.2149261962289648,1.3877787807814457e-17,1.1422741439677584e-17,20,0,0.00435232713908329
2019-09-04,1.2159842315503617,1.3877787807814457e-17,1.1412802442446547e-17,20,0,0.0008708638637318078
2019-09-05,1.229002974354746,1.3877787807814457e-17,1.129190742203094e-17,20,0,0.010706341798351726
2019-09-06,1.2313491179978058,1.3877787807814457e-17,1.1270392454075065e-17,20,0,0.0019089812571784215
2019-09-09,1.245846292049812,1.3877787807814457e-17,1.1139245584606668e-17,20,0,0.01177340677807015
2019-09-10,1.248821911788962,1.3877787807814457e-17,1.1112703642374638e-17,20,0,0.002388432472078428
2019-09-11,1.2428973056783261,2.7755575615628914e-17,2.2331350698745763e-17,20,0,-0.00474415611602208
2019-09-12,1.243297495844895,2.7755575615628914e-17,2.2324162727254058e-17,20,0,0.00032198168323360754
2019-09-16,1.2429585713108369,2.7755575615628914e-17,2.233024998279516e-17,20,0,-0.0002726013164112695
2019-09-17,1.2309050833127004,2.7755575615628914e-17,2.2548916234004907e-17,20,0,-0.009697417336625103
2019-09-18,1.2345816165765175,2.7755575615628914e-17,2.2481766489116245e-17,20,0,0.002986853587380267
2019-09-19,1.2400849228610256,2.7755575615628914e-17,2.2381995864923066e-17,20,0,0.004457628568752314
2019-09-20,1.2395153334513207,2.7755575615628914e-17,2.2392280971906955e-17,20,0,-0.0004593148414310244
2019-09-23,1.232242163089338,1.1202518947206475e-16,9.091166722554589e-17,20,0,-0.005867753440154
2019-09-24,1.2343399933629464,1.1202518947206475e-16,9.075715773160139e-17,20,0,0.0017024496778692555
2019-09-25,1.2267648829923814,1.1202518947206475e-16,9.131757113784326e-17,20,0,-0.006136972318240064
2019-09-26,1.2153916256402146,1.1202518947206475e-16,9.217209260682113e-17,20,0,-0.009270934887233295
2019-09-27,1.221733989073778,1.1202518947206475e-16,9.169360145001235e-17,20,0,0.005218370194234767
2019-09-30,1.2181312095522328,1.1202518947206475e-16,9.196479705436951e-17,20,0,-0.0029489066799857078
2019-10-08,1.2191644852883305,-6.938893903907228e-17,-5.691515777927365e-17,20,0,0.0008482466650514553
2019-10-09,1.22009246605924,-6.938893903907228e-17,-5.687186911594551e-17,20,0,0.000761161256013887
2019-10-10,1.234964205928921,-6.938893903907228e-17,-5.618700421108886e-17,20,0,0.01218902688393353
2019-10-11,1.2388101359290153,-5.551115123125783e-17,-4.481005573112186e-17,20,0,0.003114203619530409
2019-10-14,1.2520485525233038,-5.551115123125783e-17,-4.433626085776304e-17,20,0,0.010686396736946824
2019-10-15,1.2441890439617431,-5.551115123125783e-17,-4.461633181923816e-17,20,0,-0.006277319314591412
2019-10-16,1.2436909080792498,-5.551115123125783e-17,-4.4634202011646916e-17,20,0,-0.00040036993165215584
2019-10-17,1.2458309628273123,-5.551115123125783e-17,-4.4557530586075475e-17,20,0,0.00172072878732199
2019-10-18,1.2383468597610718,-5.551115123125783e-17,-4.482681955681481e-17,20,0,-0.006007318239431014
2019-10-21,1.2345193940154275,-5.551115123125783e-17,-4.4965799241679726e-17,20,0,-0.0030907864912603777
2019-10-22,1.2371943925824085,-1.1102230246251565e-16,-8.973715297139172e-17,20,0,0.0021668339759979283
2019-10-23,1.232879755693212,-1.1102230246251565e-16,-9.005120081649088e-17,20,0,-0.0034874365055845846
2019-10-24,1.2299203898739708,-1.1102230246251565e-16,-9.026787699152792e-17,20,0,-0.002400368572503142
2019-10-25,1.2488024584905801,-1.1102230246251565e-16,-8.890301400968383e-17,20,0,0.015352268953394699
2019-10-28,1.266476234495931,-1.1102230246251565e-16,-8.766236541872697e-17,20,0,0.014152579445361635
2019-10-29,1.2645623845830185,-1.1102230246251565e-16,-8.779503788508193e-17,20,0,-0.0015111613315620387
2019-10-30,1.2633256890542919,-1.1102230246251565e-16,-8.788098225535603e-17,20,0,-0.000977963241516444
2019-10-31,1.2607019317212385,-2.7755575615628914e-17,-2.201596976831326e-17,20,0,-0.0020768653370909496
2019-11-01,1.268246876472785,-2.7755575615628914e-17,-2.1884994262964e-17,20,0,0.005984717371889436
2019-11-04,1.270592248275492,0.062390578750060995,0.049103541151569625,19,0,0.0018493022503867085
2019-11-05,1.2792630514437742,0.062390578750060995,0.04877071895389075,19,0,0.006824221680913345
2019-11-06,1.2761100842710968,0.062390578750060995,0.04889121990262929,19,0,-0.002464674618030238
2019-11-07,1.2811861684014723,0.062390578750060995,0.048697511953243545,19,0,0.003977779184524577
2019-11-08,1.2802600323719733,0.062390578750060995,0.04873273957827789,19,0,-0.0007228738901033926
2019-11-11,1.2666119361615709,0.062390578750060995,0.04925784841340889,19,0,-0.010660409499089196
2019-11-12,1.26548297587764,5.551115123125783e-17,4.38655851476466e-17,20,0,-0.0008913229472257145
2019-11-13,1.264721400291635,5.551115123125783e-17,4.389199962810575e-17,20,0,-0.0006018062672688007
2019-11-14,1.2694234836655738,5.551115123125783e-17,4.372941886261976e-17,20,0,0.0037178807703059924
2019-11-15,1.2626504325371644,5.551115123125783e-17,4.396399019142136e-17,20,0,-0.005335533189327557
2019-11-18,1.2654056915718934,5.551115123125783e-17,4.3868264226235294e-17,20,0,0.0021821233840570997
2019-11-19,1.270521083490539,5.551115123125783e-17,4.3691641132589827e-17,20,0,0.004042491631510714
2019-11-20,1.2703219672271615,5.551115123125783e-17,4.3698489566725107e-17,20,0,-0.00015672015676460038
2019-11-21,1.2672651093492788,-1.7184604433895245e-17,-1.3560386305213812e-17,20,0,-0.0024063646514396186
2019-11-22,1.25984790605449,-1.7184604433895245e-17,-1.36402214515821e-17,20,0,-0.005852921571081082
2019-11-25,1.2612573200131336,-1.7184604433895245e-17,-1.3624978948559284e-17,20,0,0.0011187175466740307
2019-11-26,1.2609048654496204,-1.7184604433895245e-17,-1.3628787472215412e-17,20,0,-0.0002794469914429998
2019-11-27,1.2600787616936808,-1.7184604433895245e-17,-1.3637722463314353e-17,20,0,-0.0006551673949207748
2019-11-28,1.2569420789156462,-1.7184604433895245e-17,-1.3671755224170921e-17,20,0,-0.002489275173417349
2019-11-29,1.2551497441009922,-1.7184604433895245e-17,-1.369127828345598e-17,20,0,-0.0014259486134796662
2019-12-02,1.2534857227691232,-1.7184604433895245e-17,-1.3709453663287109e-17,20,0,-0.0013257552253742588
2019-12-03,1.2529955052942336,-1.7184604433895245e-17,-1.3714817300848885e-17,20,0,-0.00039108341322513507
2019-12-04,1.253720767619122,-1.7184604433895245e-17,-1.3706883444652243e-17,20,0,0.0005788227665812773
2019-12-05,1.2620083817867234,-1.7184604433895245e-17,-1.3616870285414163e-17,20,0,0.006610414680567223
2019-12-06,1.265712860519863,-1.7184604433895245e-17,-1.357701653346325e-17,20,0,0.00293538362074508
2019-12-09,1.2708961879611058,-1.7184604433895245e-17,-1.3521642913623373e-17,20,0,0.004095184305161981
2019-12-10,1.278430737666412,-1.7184604433895245e-17,-1.3441951861438519e-17,20,0,0.005928532776066975
2019-12-11,1.277120734968677,0.0,0.0,20,0,-0.0010246958705999454
2019-12-12,1.273421057821696,0.0,0.0,20,0,-0.0028968891081951886
2019-12-13,1.2860159381205194,0.0,0.0,20,0,0.009890585852544431
2019-12-16,1.2973674494365361,0.0,0.0,20,0,0.008826882295569938
2019-12-17,1.3063787490014143,0.0,0.0,20,0,0.006945834481042246
2019-12-18,1.3128859073855375,0.0,0.0,20,0,0.004981065704794396
2019-12-19,1.312611693276314,0.0,0.0,20,0,-0.00020886362453953478
2019-12-20,1.3083426040028177,0.0,0.0,20,0,-0.0032523626715839082
2019-12-23,1.293407573102036,-4.163336342344337e-17,-3.218889721172132e-17,20,0,-0.011415229355895451
2019-12-24,1.3040554809229263,-4.163336342344337e-17,-3.1926067588763906e-17,20,0,0.008232445860320015
2019-12-25,1.3070910111279903,-4.163336342344337e-17,-3.185192390506512e-17,20,0,0.00232776154808656
2019-12-26,1.3121147345641913,-4.163336342344337e-17,-3.172997172177292e-17,20,0,0.0038434381335585854
2019-12-27,1.308116759729629,-4.163336342344337e-17,-3.1826947490565333e-17,20,0,-0.003046970458639109
2019-12-30,1.3079961319767726,0.06145210024583786,0.046981866951674695,19,0,-9.221482100829625e-05
2019-12-31,1.31527452999802,-1.8041108229488604e-16,-1.3716610348651519e-16,20,0,0.005564540936560336
2020-01-02,1.3301987769998052,-1.8041108229488604e-16,-1.3562715995108186e-16,20,0,0.011346868400019527
2020-01-03,1.3376363247690388,-1.8041108229488604e-16,-1.348730435576624e-16,20,0,0.005591305523531265
2020-01-06,1.3427324061667119,-1.8041108229488604e-16,-1.343611589817297e-16,20,0,0.0038097660053848514
2020-01-07,1.358580712902097,-1.8041108229488604e-16,-1.327937903001034e-16,20,0,0.011803026919287252
2020-01-08,1.3518105650572807,-1.8041108229488604e-16,-1.3345884916000892e-16,20,0,-0.004983250373365333
2020-01-09,1.3636430402388267,-1.8041108229488604e-16,-1.323008125816336e-16,20,0,0.008753057186710711
2020-01-10,1.355179118805221,-1.8041108229488604e-16,-1.3312711197464697e-16,20,0,-0.006206845328175725
2020-01-13,1.3638523193263026,-9.71445146547012e-17,-7.122803054122996e-17,20,0,0.006400039965734017
2020-01-14,1.3712214988592757,-9.71445146547012e-17,-7.084523888774796e-17,20,0,0.005403209298066258
2020-01-15,1.3642391660678783,-9.71445146547012e-17,-7.120783295989007e-17,20,0,-0.005092053178283762
2020-01-16,1.3641592802909632,-9.71445146547012e-17,-7.12120029224015e-17,20,0,-5.855701764179155e-05
2020-01-17,1.3636248256874135,-9.71445146547012e-17,-7.123991351927017e-17,20,0,-0.0003917831379893766
2020-01-20,1.3824906163158441,-9.71445146547012e-17,-7.026775698020908e-17,20,0,0.013835030187955288
2020-01-21,1.381668822616938,-4.0332320816460765e-17,-2.9191018973757895e-17,20,0,-0.0005944298566713524
2020-01-22,1.3939396153361114,-4.0332320816460765e-17,-2.8934051642355897e-17,20,0,0.008881138894002216
2020-01-23,1.3773398824350656,-4.0332320816460765e-17,-2.928276551838121e-17,20,0,-0.011908502146302347
2020-02-03,1.3186144048861361,-4.0332320816460765e-17,-3.058689535546482e-17,20,0,-0.04263688164253676
2020-02-04,1.3658236048248196,-4.0332320816460765e-17,-2.952967035712769e-17,20,0,0.03580212665943083
2020-02-05,1.4090965541034166,-4.0332320816460765e-17,-2.86228226866423e-17,20,0,0.031682677855130015
2020-02-06,1.4259503448657949,-4.0332320816460765e-17,-2.828451983736972e-17,20,0,0.011960706818350042
2020-02-07,1.4110126464580632,-4.0332320816460765e-17,-2.858395416774139e-17,20,0,-0.01047560909923373
2020-02-10,1.4563950373053298,-4.0332320816460765e-17,-2.7693256145039436e-17,20,0,0.03216299369193165
2020-02-11,1.4709359348088629,2.220446049250313e-16,1.5095464028750126e-16,20,0,0.009984171279817877
2020-02-12,1.4921882370481772,2.220446049250313e-16,1.4880468791543108e-16,20,0,0.014448149464834303
2020-02-13,1.4881488009884456,2.220446049250313e-16,1.4920860385570765e-16,20,0,-0.002707055289299376
2020-02-14,1.4832038953787707,2.220446049250313e-16,1.4970605566561504e-16,20,0,-0.0033228569659098373
2020-02-17,1.5114475434008738,2.220446049250313e-16,1.4690857509048165e-16,20,0,0.019042323250432425
2020-02-18,1.5273780256462124,2.220446049250313e-16,1.4537632543920312e-16,20,0,0.010539884308186975
2020-02-19,1.5328755994928753,2.220446049250313e-16,1.4485494126104612e-16,20,0,0.0035993537646563656
2020-02-20,1.549559811091157,2.220446049250313e-16,1.4329527865637769e-16,20,0,0.010884256754952082
2020-02-21,1.5452320836764024,8.326672684688674e-17,5.388622701178925e-17,20,0,-0.0027928753596849765
2020-02-24,1.5759482098180297,8.326672684688674e-17,5.283595382649111e-17,20,0,0.019878001800575973
2020-02-25,1.575228194199825,8.326672684688674e-17,5.2860104430256265e-17,20,0,-0.00045687771572644476
2020-02-26,1.539084274015621,8.326672684688674e-17,5.410147335833387e-17,20,0,-0.022945196332372797
2020-02-27,1.52851952461419,8.326672684688674e-17,5.4475409378826155e-17,20,0,-0.0068643085890719435
2020-02-28,1.4864651416258579,8.326672684688674e-17,5.601660241814464e-17,20,0,-0.02751314740251487
2020-03-02,1.511347204735078,8.326672684688674e-17,5.509437314338531e-17,20,0,0.01673908281630121
2020-03-03,1.526392188198506,8.326672684688674e-17,5.455133188617837e-17,20,0,0.00995468375254327
2020-03-04,1.5351666975961635,8.326672684688674e-17,5.423953436279572e-17,20,0,0.005748528763117822
2020-03-05,1.5687405243962698,8.326672684688674e-17,5.3078712222935634e-17,20,0,0.021869824855292652
2020-03-06,1.60330179364496,8.326672684688674e-17,5.193453108886472e-17,20,0,0.022031221040835325
2020-03-09,1.6551410063688496,8.326672684688674e-17,5.0307935412441035e-17,20,0,0.03233278533671302
2020-03-10,1.5518551576864903,8.326672684688674e-17,5.365624906065396e-17,20,0,-0.062403051030047396
2020-03-11,1.5540694840944,-1.3877787807814457e-16,-8.92996609858885e-17,20,0,0.0014268898723839296
2020-03-12,1.5458610489388087,-1.3877787807814457e-16,-8.977383715917532e-17,20,0,-0.005281897134975622
2020-03-13,1.5436860987425924,-1.3877787807814457e-16,-8.990032247565481e-17,20,0,-0.0014069506426268585
2020-03-16,1.5054209439332453,0.08012108982145782,0.05322171857933884,19,0,-0.02478817088559382
2020-03-17,1.5383526085580268,0.08012108982145782,0.052082396048692144,19,0,0.02187538625491703
2020-03-18,1.5623186507350333,0.08012108982145782,0.05128344962390533,19,0,0.015579030479540679
2020-03-19,1.648584231386546,0.08012108982145782,0.04859993702236966,19,0,0.05521638022494768
2020-03-20,1.641055099008002,0.08012108982145782,0.048822912691895634,19,0,-0.0045670292334482054
2020-03-23,1.5659922720160493,-1.942890293094024e-16,-1.240676807806183e-16,20,0,-0.04574058911082712
2020-03-24,1.5753709096924284,-1.942890293094024e-16,-1.2332907007108245e-16,20,0,0.005988942502446193
2020-03-25,1.6072516977407447,-1.942890293094024e-16,-1.2088276502212281e-16,20,0,0.02023700441094256
2020-03-26,1.5978801868465233,-1.942890293094024e-16,-1.2159173817208354e-16,20,0,-0.00583076745689215
2020-03-27,1.5919323337586675,-1.942890293094024e-16,-1.2204603499111795e-16,20,0,-0.0037223398455138446
2020-03-30,1.5846115258150908,-1.942890293094024e-16,-1.2260988017833848e-16,20,0,-0.004598692914473124
2020-03-31,1.5913669132208952,-7.724940478959219e-17,-4.854279936814881e-17,20,0,0.004263118938460098
2020-04-01,1.6064283879647503,-7.724940478959219e-17,-4.808767410258643e-17,20,0,0.00946448906202968
2020-04-02,1.6040151089565158,-7.724940478959219e-17,-4.816002315579584e-17,20,0,-0.0015022636715801285
2020-04-03,1.5931157015339035,-7.724940478959219e-17,-4.848951316920294e-17,20,0,-0.006795077778103287
2020-04-07,1.6076592890361405,-7.724940478959219e-17,-4.805085587251915e-17,20,0,0.009129021506871116
2020-04-08,1.6042803603027846,-7.724940478959219e-17,-4.8152060388629634e-17,20,0,-0.0021017691723609344
2020-04-09,1.6084049229560262,-7.724940478959219e-17,-4.802858017097986e-17,20,0,0.0025709737246071285
2020-04-10,1.5885572471616238,-7.724940478959219e-17,-4.8628656554630696e-17,20,0,-0.01233997453696245
2020-04-13,1.570185108627515,0.0789082833287967,0.050254127933852165,19,0,-0.011565298365504684
2020-04-14,1.625178035953254,0.0789082833287967,0.048553624023421386,19,0,0.03502321288335741
2020-04-15,1.6513668966606818,0.0789082833287967,0.047783617007438745,19,0,0.016114456464498383
2020-04-16,1.6611079669314675,0.0789082833287967,0.04750340429379942,19,0,0.005898792261419095
2020-04-17,1.6739586820977315,0.0789082833287967,0.047138728197229036,19,0,0.007736231131323157
2020-04-20,1.7315725301613023,0.0789082833287967,0.04557030211229217,19,0,0.034417724093029456
2020-04-21,1.710316772914812,-1.3877787807814457e-16,-8.11416225788583e-17,20,0,-0.012275406820244528
2020-04-22,1.7199977621550278,-1.3877787807814457e-16,-8.068491781307106e-17,20,0,0.005660348652090308
2020-04-23,1.7204610983776134,-1.3877787807814457e-16,-8.066318861205955e-17,20,0,0.00026938187524438995
2020-04-24,1.7111700158246725,-1.3877787807814457e-16,-8.110116282703952e-17,20,0,-0.005400344455159356
2020-04-27,1.7122149886871134,-1.3877787807814457e-16,-8.105166640583856e-17,20,0,0.0006106774036345186
2020-04-28,1.7055532679338334,-1.3877787807814457e-16,-8.136824612125127e-17,20,0,-0.003890703443957144
2020-04-29,1.705284211591181,-1.3877787807814457e-16,-8.138108424088002e-17,20,0,-0.00015775311607735265
2020-04-30,1.7216657234834718,-1.3877787807814457e-16,-8.060674972221276e-17,20,0,0.009606323556473617
2020-05-06,1.7272284772310296,-1.6653345369377348e-16,-9.641657481281696e-17,20,0,0.0032310300842270934
2020-05-07,1.720924139785705,-1.6653345369377348e-16,-9.676978191177606e-17,20,0,-0.0036499730802442842
2020-05-08,1.7323618465761912,-1.6653345369377348e-16,-9.613087128587322e-17,20,0,0.006646258557283291
2020-05-11,1.7285900641933292,-1.6653345369377348e-16,-9.634062878377625e-17,20,0,-0.002177248587133529
2020-05-12,1.7195357017097228,-1.1102230246251565e-16,-6.456527907628026e-17,20,0,-0.005238004470326296
2020-05-13,1.7081219042192206,-1.1102230246251565e-16,-6.499670906876154e-17,20,0,-0.006637720565588423
2020-05-14,1.6906248847467522,0.07574912322048956,0.04480539941409677,19,0,-0.010243425500983894
2020-05-15,1.6818803868602543,0.07574912322048956,0.045038353388434794,19,0,-0.005172346607099532
2020-05-18,1.6695313908364116,0.07574912322048956,0.04537148785357089,19,0,-0.0073423747136358575
2020-05-19,1.6684198033311597,0.07574912322048956,0.045401716683804154,19,0,-0.0006658080892357754
2020-05-20,1.6490588336682726,0.07574912322048956,0.04593476089145245,19,0,-0.011604375364180575
2020-05-21,1.638406520447822,8.326672684688674e-17,5.0821774576512084e-17,20,0,-0.006459632005217708
2020-05-22,1.6282361874855438,8.326672684688674e-17,5.113921892098103e-17,20,0,-0.006207453910460736
2020-05-25,1.616433909731793,8.326672684688674e-17,5.151260830744561e-17,20,0,-0.007248504758991303
2020-05-26,1.632238809752033,8.326672684688674e-17,5.101381387907109e-17,20,0,0.009777634535557578
2020-05-27,1.6389033353050233,8.326672684688674e-17,5.0806368535084843e-17,20,0,0.004083057891512087
2020-05-28,1.6370869884228627,8.326672684688674e-17,5.0862738165859016e-17,20,0,-0.0011082696843878193
2020-05-29,1.652388813758927,8.326672684688674e-17,5.0391727512042345e-17,20,0,0.009346983663223618
2020-06-01,1.6798468142490617,8.326672684688674e-17,4.9568047598500393e-17,20,0,0.016617154668138845
2020-06-02,1.6811307275605958,8.326672684688674e-17,4.9530191484698455e-17,20,0,0.0007643038047537853
2020-06-03,1.6807191245599764,8.326672684688674e-17,4.9542321277915206e-17,20,0,-0.0002448369980225795
2020-06-04,1.6835388167505103,8.326672684688674e-17,4.945934481487298e-17,20,0,0.001677670081413618
2020-06-05,1.6772812266827084,8.326672684688674e-17,4.9643867422024345e-17,20,0,-0.0037169265154693987
2020-06-08,1.6726299363208956,8.326672684688674e-17,4.9781918306472267e-17,20,0,-0.0027731129925134823
2020-06-09,1.673171297907377,8.326672684688674e-17,4.976581115814491e-17,20,0,0.00032365891266539215
2020-06-10,1.6715810496068384,8.326672684688674e-17,4.981315555501862e-17,20,0,-0.0009504396247577152
2020-06-11,1.6722811529940924,-4.924988368515404e-17,-2.9450719812859134e-17,20,0,0.0004188270663985083
2020-06-12,1.6754379694245658,-4.924988368515404e-17,-2.939522953635165e-17,20,0,0.0018877306754436773
2020-06-15,1.6732540275465078,-4.924988368515404e-17,-2.943359637829119e-17,20,0,-0.0013035050642955515
2020-06-16,1.685106791973717,-4.924988368515404e-17,-2.922656529528854e-17,20,0,0.007083661077206038
2020-06-17,1.6889763650185807,-4.924988368515404e-17,-2.915960501591284e-17,20,0,0.002296336981902014
2020-06-18,1.695583604435513,-4.924988368515404e-17,-2.904597777208993e-17,20,0,0.003911978612477274
2020-06-19,1.7007847023811036,-4.924988368515404e-17,-2.895715349285777e-17,20,0,0.003067438215364149
2020-06-22,1.6952177665869907,-4.924988368515404e-17,-2.9052246062940706e-17,20,0,-0.0032731572587165747
2020-06-23,1.6871030781339615,-2.7755575615628914e-17,-1.6451618146727743e-17,20,0,-0.004786811826168247
2020-06-24,1.6837059114310617,-2.7755575615628914e-17,-1.6484812120210548e-17,20,0,-0.0020136094509751734
2020-06-29,1.6729647219490502,-2.7755575615628914e-17,-1.6590652063058987e-17,20,0,-0.006379492647193952
2020-06-30,1.6842239733487117,-2.7755575615628914e-17,-1.6479741444626874e-17,20,0,0.006730118843476962
2020-07-01,1.6908963850300043,1.3877787807814457e-17,8.207355536790152e-18,20,0,0.00396171280475599
2020-07-02,1.7175605211321054,1.3877787807814457e-17,8.079941077515634e-18,20,0,0.015769231242178217
2020-07-03,1.7480875760958077,1.3877787807814457e-17,7.938840134548187e-18,20,0,0.01777349594853339
2020-07-06,1.8139654501263556,1.3877787807814457e-17,7.650524880089514e-18,20,0,0.03768568287504226
2020-07-07,1.8268667216083938,1.3877787807814457e-17,7.596497130122496e-18,20,0,0.007112192506830484
2020-07-08,1.8553131402220973,1.3877787807814457e-17,7.48002453437761e-18,20,0,0.015571151566359909
2020-07-09,1.8721330340899431,1.3877787807814457e-17,7.412821394159388e-18,20,0,0.009065797844687529
2020-07-10,1.8585508768219305,1.3877787807814457e-17,7.46699376427353e-18,20,0,-0.0072549103192418585
2020-07-13,1.8903354446750802,-3.608224830031759e-16,-1.9087748897666983e-16,20,0,0.017101801327871202
2020-07-14,1.8993804562716237,-3.608224830031759e-16,-1.8996851410772646e-16,20,1,0.00478487118358939
2020-07-15,1.8760015504230843,-3.608224830031759e-16,-1.9233591940358556e-16,20,1,-0.01230870085629443
2020-07-16,1.8145342090149712,-3.608224830031759e-16,-1.9885129815163427e-16,20,1,-0.03276508028165048
2020-07-17,1.813316936093647,-3.608224830031759e-16,-1.9898478628919703e-16,20,1,-0.0006708459478341755
2020-07-20,1.8487090718320973,-3.608224830031759e-16,-1.9517537318383773e-16,20,0,0.01951789840704521
2020-07-21,1.853750209485329,-6.938893903907228e-17,-3.7431655399967433e-17,20,0,0.0027268420597059695
2020-07-22,1.8746382603622374,-6.938893903907228e-17,-3.7014575295003433e-17,20,0,0.011267996502456246
2020-07-23,1.8982341402576302,-6.938893903907228e-17,-3.6554467948645553e-17,20,0,0.012586897640099126
2020-07-24,1.849495127002194,-6.938893903907228e-17,-3.7517773378264204e-17,20,0,-0.025675975487840064
2020-07-27,1.84738779736365,-6.938893903907228e-17,-3.7560570194355016e-17,20,0,-0.0011394080512986404
2020-07-28,1.8560086878735067,-6.938893903907228e-17,-3.7386106806737845e-17,20,0,0.004666529963096577
2020-07-29,1.8797276348095233,-6.938893903907228e-17,-3.69143580985357e-17,20,0,0.012779545209560483
2020-07-30,1.880429400331549,-6.938893903907228e-17,-3.690058187073545e-17,20,0,0.0003733336197382364
2020-07-31,1.8897476102785202,2.0816681711721685e-17,1.1015588324333756e-17,20,0,0.0049553628258143245
2020-08-03,1.9072070183810674,2.0816681711721685e-17,1.0914746805720086e-17,20,0,0.009239015838720332
2020-08-04,1.9052508700128643,2.0816681711721685e-17,1.0925953132660756e-17,20,0,-0.0010256612676811105
2020-08-05,1.9084902957148495,2.0816681711721685e-17,1.090740768159082e-17,20,0,0.0017002620247921207
2020-08-06,1.905481490516257,2.0816681711721685e-17,1.0924630764102448e-17,20,0,-0.001576536807836204
2020-08-07,1.8925494074496259,2.0816681711721685e-17,1.0999280457239933e-17,20,0,-0.006786779683242816
2020-08-10,1.8940358929967887,2.0816681711721685e-17,1.0990647953764507e-17,20,0,0.0007854408140213209
2020-08-11,1.8835341040915206,-1.22514845490862e-16,-6.504519627477317e-17,20,0,-0.005544662033121206
2020-08-12,1.879977306426019,0.09125427873585472,0.04854009589580424,19,0,-0.001888363825096273
2020-08-13,1.8775631510701676,0.09125427873585472,0.04860250835442839,19,0,-0.0012841406902091013
2020-08-14,1.8800941615544675,0.09125427873585472,0.04853707894098528,19,0,0.0013480294832466377
2020-08-17,1.901038686454476,0.09125427873585472,0.04800232598424818,19,0,0.011140146769399895
2020-08-18,1.9213132510934847,0.09125427873585472,0.047495783773894656,19,0,0.010664993186867644
2020-08-19,1.9123660404447134,0.09125427873585472,0.047717997917717615,19,0,-0.004656820351225499
2020-08-20,1.8967975960248415,0.09125427873585472,0.0481096554145251,19,0,-0.008140933320616495
2020-08-21,1.9038306307905963,-1.9081958235744878e-17,-1.0022928472277383e-17,20,0,0.0037078467309816787
2020-08-24,1.9004902797753838,-1.9081958235744878e-17,-1.0040545031359039e-17,20,0,-0.0017545421116716975
2020-08-25,1.8933271497985609,-1.9081958235744878e-17,-1.0078531984171403e-17,20,0,-0.00376909582387841
2020-08-26,1.875274812988476,-1.9081958235744878e-17,-1.0175552992862674e-17,20,0,-0.009534716074823923
2020-08-27,1.8735948302366245,-1.9081958235744878e-17,-1.0184677032512378e-17,20,0,-0.0008958594976137269
2020-08-28,1.8817732137559888,-1.9081958235744878e-17,-1.0140413359194118e-17,20,0,0.004365075835703225
2020-08-31,1.889048214644991,-1.9081958235744878e-17,-1.0101361144628567e-17,20,0,0.00386603488444881
2020-09-01,1.8880693854514436,1.5265566588595902e-16,8.085278383424375e-17,20,0,-0.0005181599844613638
2020-09-02,1.8903828819396005,1.5265566588595902e-16,8.075383423348017e-17,20,0,0.0012253238710311365
2020-09-03,1.8902761765151141,1.5265566588595902e-16,8.075839275898446e-17,20,0,-5.644646145808174e-05
2020-09-04,1.8855865427130143,1.5265566588595902e-16,8.095924659406798e-17,20,0,-0.0024809252004358573
2020-09-07,1.8765642418742519,1.5265566588595902e-16,8.134848915883182e-17,20,0,-0.004784877614676275
2020-09-08,1.8795357962265626,1.5265566588595902e-16,8.121987684003526e-17,20,0,0.0015835079268817775
2020-09-09,1.8648692836489498,1.5265566588595902e-16,8.185864136668118e-17,20,0,-0.007803263235027447
2020-09-10,1.8578493082539957,1.5265566588595902e-16,8.216794828716469e-17,20,0,-0.0037643257125337115
2020-09-11,1.867159158300185,-1.3877787807814457e-16,-7.432568212582611e-17,20,0,0.005011089976365568
2020-09-14,1.8756936158032382,-1.3877787807814457e-16,-7.398749822940298e-17,20,0,0.004570824862526912
2020-09-15,1.8762762272490583,-1.3877787807814457e-16,-7.3964524019801e-17,20,0,0.0003106112005240025
2020-09-16,1.8665451506850907,-1.3877787807814457e-16,-7.435013186110606e-17,20,0,-0.005186377369517103
2020-09-17,1.8659521185393755,-1.3877787807814457e-16,-7.437376163048423e-17,20,0,-0.0003177164750060024
2020-09-18,1.8787418242140688,-1.3877787807814457e-16,-7.386745549043137e-17,20,0,0.006854251804009115
2020-09-21,1.873314238735046,-1.3877787807814457e-16,-7.408147293635808e-17,20,0,-0.0028889469585813288
2020-09-22,1.8596922954196276,-3.0531133177191805e-16,-1.641730368641585e-16,20,0,-0.007271574108472456
2020-09-23,1.8545925368469445,-3.0531133177191805e-16,-1.6462447988224312e-16,20,0,-0.0027422593432492315
2020-09-24,1.831168177592902,-3.0531133177191805e-16,-1.6673036125674396e-16,20,0,-0.012630461294677153
2020-09-25,1.8253198064740308,-3.0531133177191805e-16,-1.6726456957791292e-16,20,0,-0.0031937924601546097
2020-09-28,1.8163713453408796,-3.0531133177191805e-16,-1.6808860839776134e-16,20,0,-0.004902407294005595
2020-09-29,1.83543777416122,-3.0531133177191805e-16,-1.6634251297974011e-16,20,0,0.010496988332945767
2020-09-30,1.8368741535937267,-3.0531133177191805e-16,-1.6621243821989437e-16,20,0,0.0007825813834321238
2020-10-09,1.8543822466432005,-5.551115123125783e-17,-2.9935117924982305e-17,20,0,0.009531460288240368
2020-10-12,1.8827011347989382,-5.551115123125783e-17,-2.948484504800923e-17,20,0,0.015271332653772118
2020-10-13,1.883323483019923,-2.1250362580715887e-17,-1.1283437376695784e-17,20,0,0.00033056134586728625
2020-10-14,1.8828112198178604,-2.1250362580715887e-17,-1.128650730197561e-17,20,0,-0.00027199958301438176
2020-10-15,1.8816133315285393,-2.1250362580715887e-17,-1.1293692611889093e-17,20,0,-0.0006362232584512517
2020-10-16,1.895731518751366,-2.1250362580715887e-17,-1.1209584464108376e-17,20,0,0.00750323511545159
2020-10-19,1.8831110793131374,-2.1250362580715887e-17,-1.1284710081184872e-17,20,0,-0.006657292614167809
2020-10-20,1.8934844296262592,-2.1250362580715887e-17,-1.1222887417622092e-17,20,0,0.0055086236956904955
2020-10-21,1.8838414276772049,-1.2739375526704677e-17,-6.762445787389044e-18,20,0,-0.005092728410213354
2020-10-22,1.8963890820198586,-1.2739375526704677e-17,-6.717701365974893e-18,20,0,0.006660674384958654
2020-10-23,1.8702185627908907,-1.2739375526704677e-17,-6.811704139912907e-18,20,0,-0.013800184507017588
2020-10-26,1.8765991040879664,-1.2739375526704677e-17,-6.788543967090967e-18,20,0,0.0034116554203986738
2020-10-27,1.881827597536609,-1.2739375526704677e-17,-6.7696825912113584e-18,20,0,0.0027861536527715725
2020-10-28,1.8889333714225054,-1.2739375526704677e-17,-6.744216455401491e-18,20,0,0.003775996215167776
2020-10-29,1.8870932120805126,-1.2739375526704677e-17,-6.750792936539456e-18,20,0,-0.0009741790630799496
2020-10-30,1.865711186431883,-1.2739375526704677e-17,-6.828160553117738e-18,20,0,-0.011330667458157029
2020-11-02,1.8602489295755842,-4.163336342344337e-17,-2.2380533465992653e-17,20,0,-0.002927707619497677
2020-11-03,1.8714340966398553,-4.163336342344337e-17,-2.2246769735677967e-17,20,0,0.00601272597792768
2020-11-04,1.877246534660725,-4.163336342344337e-17,-2.2177888015634437e-17,20,0,0.003105873742124343
2020-11-05,1.8960612547659543,-4.163336342344337e-17,-2.195781561317886e-17,20,0,0.010022508902183036
2020-11-06,1.8878739309125538,-4.163336342344337e-17,-2.2053042177090068e-17,20,0,-0.004318069277994496
2020-11-09,1.9027329634287171,-4.163336342344337e-17,-2.188082312318814e-17,20,0,0.007870775835641108
2020-11-10,1.8995295526353768,-4.163336342344337e-17,-2.1917723451936774e-17,20,0,-0.0016835840104266753
2020-11-11,1.8916019933002173,-1.942890293094024e-16,-1.0271136845781843e-16,20,0,-0.004173433008273553
2020-11-12,1.8984534772187047,-1.942890293094024e-16,-1.0234068500537715e-16,20,0,0.0036220536575635176
2020-11-13,1.8899067498690825,-1.942890293094024e-16,-1.0280350039644082e-16,20,0,-0.004501941950214916
2020-11-16,1.8945077831860235,-1.942890293094024e-16,-1.0255383009441295e-16,20,0,0.0024345292788967576
2020-11-17,1.8843371593986575,-1.942890293094024e-16,-1.0310735971019392e-16,20,0,-0.0053684782282931165
2020-11-18,1.8849182036392726,-1.942890293094024e-16,-1.0307557587076313e-16,20,0,0.0003083547112134877
2020-11-19,1.8844909769275024,-1.942890293094024e-16,-1.0309894379339171e-16,20,0,-0.00022665530575560755
2020-11-20,1.897627819156087,-1.942890293094024e-16,-1.0238521344812842e-16,20,0,0.006971029519071026
2020-11-23,1.9222691488204855,0.0,0.0,20,0,0.012985333275392863
2020-11-24,1.9174126698208123,0.0,0.0,20,0,-0.002526430288210757
2020-11-25,1.9107643412440065,0.0,0.0,20,0,-0.0034673436143649594
2020-11-26,1.9023810835656612,0.0,0.0,20,0,-0.004387384408109374
2020-11-27,1.9055920517778768,0.0,0.0,20,0,0.0016878680302041538
2020-11-30,1.9041295711773902,0.0,0.0,20,0,-0.0007674678319119499
2020-12-01,1.9160176151776405,-8.326672684688674e-17,-4.3458226159975465e-17,20,0,0.006243295719051023
2020-12-02,1.9327270458717312,-8.326672684688674e-17,-4.30825071883497e-17,20,1,0.008720917053020694
2020-12-03,1.9032418437206593,-8.326672684688674e-17,-4.374994545312649e-17,20,0,-0.015255750786978273
2020-12-04,1.8976402642026695,-8.326672684688674e-17,-4.387908942366001e-17,20,0,-0.0029431779973054795
2020-12-07,1.8920378692317994,-8.326672684688674e-17,-4.400901705032706e-17,20,0,-0.0029522955833908293
2020-12-08,1.8956792607482928,-8.326672684688674e-17,-4.392448056535596e-17,20,0,0.0019245870157831302
2020-12-09,1.8740717042066624,-8.326672684688674e-17,-4.443091833678555e-17,20,0,-0.011398318792125828
2020-12-10,1.8666970322841834,-8.326672684688674e-17,-4.460644947026965e-17,20,0,-0.003935106594867954
2020-12-11,1.8453867701037756,-5.551115123125783e-17,-3.008103890770613e-17,20,0,-0.011416026174494665
2020-12-14,1.851060848950484,-5.551115123125783e-17,-2.998883114119754e-17,20,0,0.003074736927039634
2020-12-15,1.8390955430920881,-5.551115123125783e-17,-3.0183940926704886e-17,20,0,-0.00646402621781994
2020-12-16,1.8204837593579444,-5.551115123125783e-17,-3.0492527574558386e-17,20,0,-0.010120074405080448
2020-12-17,1.832501487590845,-5.551115123125783e-17,-3.029255452569225e-17,20,0,0.006601392718350363
2020-12-18,1.839255831688475,-5.551115123125783e-17,-3.01813104380903e-17,20,0,0.003685860089810866
2020-12-21,1.8527971999120887,-5.551115123125783e-17,-2.996072707465864e-17,20,0,0.007362416902700453
2020-12-22,1.8370657509189725,3.7174581989096733e-17,2.0235847285542473e-17,20,0,-0.00849064808272737
2020-12-23,1.8499331151288945,3.7174581989096733e-17,2.0095095160511566e-17,20,0,0.007004302488076597
2020-12-24,1.806644145817573,3.7174581989096733e-17,2.0576593390102214e-17,20,0,-0.02340028888466339
2020-12-25,1.827782046921736,3.7174581989096733e-17,2.0338629571126603e-17,20,0,0.01170009110709369
2020-12-28,1.8343650237512812,3.7174581989096733e-17,2.0265640430209806e-17,20,0,0.0036016202482302972
2020-12-29,1.816990563192353,3.7174581989096733e-17,2.045942490960604e-17,20,1,-0.009471648409103084
2020-12-30,1.8408418269534768,3.7174581989096733e-17,2.019433796255013e-17,20,1,0.013126795617043996
2020-12-31,1.8666446126683727,2.3738123815449413e-16,1.2717002290819413e-16,21,1,0.014016840196204416
2021-01-04,1.884769907891745,2.3738123815449413e-16,1.259470650292919e-16,21,0,0.009710094305236838
2021-01-05,1.8851249330263726,2.3738123815449413e-16,1.2592334544819963e-16,21,0,0.00018836523924803394
2021-01-06,1.8772407939210378,2.3738123815449413e-16,1.2645220523823704e-16,21,0,-0.004182289973045816
2021-01-07,1.8588254395451276,2.3738123815449413e-16,1.2770496524546361e-16,21,0,-0.009809798740547104
2021-01-08,1.8490950578741483,2.3738123815449413e-16,1.2837697940061802e-16,21,0,-0.005234693621021469
2021-01-11,1.8378933926289414,2.3738123815449413e-16,1.2915941648549137e-16,21,0,-0.006057917464819318
2021-01-12,1.834381574474339,1.3877787807814457e-17,7.565376801056934e-18,20,0,-0.0019107844713337485
2021-01-13,1.809665035115335,1.3877787807814457e-17,7.668705278891565e-18,20,0,-0.013474044715089839
2021-01-14,1.8193257758634214,1.3877787807814457e-17,7.6279839443424e-18,20,0,0.00533841377306099
2021-01-15,1.839502593973873,1.3877787807814457e-17,7.54431543248564e-18,20,0,0.011090272219595132
2021-01-18,1.8560828777162988,1.3877787807814457e-17,7.476922487906096e-18,20,0,0.009013460376050553
2021-01-19,1.8508392900638875,1.3877787807814457e-17,7.498105255446258e-18,20,0,-0.0028250827133662337
2021-01-20,1.8576874120432414,1.3877787807814457e-17,7.470464469881127e-18,20,0,0.0037000089722092344
2021-01-21,1.8491934646875219,2.498001805406602e-16,1.3508601739670958e-16,20,0,-0.004572323255599309
2021-01-22,1.8504059035490563,2.498001805406602e-16,1.34997505175241e-16,20,0,0.0006556582016361556
2021-01-25,1.8418345811291654,2.498001805406602e-16,1.3562574136680414e-16,20,0,-0.004632130930544043
2021-01-26,1.825442657908206,2.498001805406602e-16,1.3684361952344692e-16,20,0,-0.008899780354275966
2021-01-27,1.856868194495865,0.0907930662476879,0.04889580559181154,19,0,0.01721529649343778
2021-01-28,1.824257790789644,0.0907930662476879,0.04976986624702171,19,0,-0.01756204549298912
2021-01-29,1.7804418082478546,0.0907930662476879,0.05099468335729434,19,0,-0.024018525650820077
2021-02-01,1.7762020436307842,0.17499495406904758,0.09852198667181776,18,0,-0.002381299179467611
2021-02-02,1.7673423596448066,0.17499495406904758,0.09901587720910926,18,0,-0.004987993352303155
2021-02-03,1.7632005909964126,0.17499495406904758,0.09924846609208267,18,0,-0.0023435010346418705
2021-02-04,1.7429572512552538,0.17499495406904758,0.10040117389168245,18,0,-0.01148101914469013
2021-02-05,1.7297750190557761,0.17499495406904758,0.10116630899466407,18,0,-0.007563141431027098
2021-02-08,1.7287755760653056,0.17499495406904758,0.10122479545166656,18,0,-0.000577787850709055
2021-02-09,1.761144915429107,0.17499495406904758,0.09936431268996944,18,0,0.018723852772997818
2021-02-10,1.7720920963152555,0.17499495406904758,0.09875048505262107,18,0,0.006215945542153989
2021-02-18,1.800179302572064,0.08818556351456032,0.04898710000085123,19,0,0.0158497441048413
2021-02-19,1.8431667229301656,0.08818556351456032,0.0478445939900476,19,0,0.023879521499153844
2021-02-22,1.8865658855539427,0.08818556351456032,0.046743961708322124,19,0,0.023545977737045698
2021-02-23,1.8647979157138819,-1.1102230246251565e-16,-5.953583577447002e-17,20,0,-0.011538409555025497
2021-02-24,1.8651804817348143,-1.1102230246251565e-16,-5.95236244158277e-17,20,0,0.00020515146317401367
2021-02-25,1.855479856191403,-1.1102230246251565e-16,-5.983481959777368e-17,20,0,-0.005200904490694991
2021-02-26,1.8530154607667408,-1.1102230246251565e-16,-5.991439618996857e-17,20,0,-0.0013281714788974108
2021-03-01,1.8704554633775055,-1.1102230246251565e-16,-5.93557583360158e-17,20,0,0.009411687587079332
2021-03-02,1.8670580893654862,-1.1102230246251565e-16,-5.946376446179359e-17,20,0,-0.001816335153944082
2021-03-03,1.881096056418476,-1.1102230246251565e-16,-5.90200070239354e-17,20,0,0.007518762877785301
2021-03-04,1.878493161671888,-1.1102230246251565e-16,-5.910178686181859e-17,20,0,-0.0013837117661836817
2021-03-05,1.9156326977230766,-1.1102230246251565e-16,-5.795594457876863e-17,20,0,0.019770918951940164
2021-03-08,1.929074648049915,-1.1102230246251565e-16,-5.755210280470335e-17,20,0,0.007016976867650904
2021-03-09,1.9170769966312426,-1.1102230246251565e-16,-5.791228138338109e-17,20,0,-0.006219381624656517
2021-03-10,1.9234560220973194,-1.1102230246251565e-16,-5.772021880773646e-17,20,0,0.0033274748365799134
2021-03-11,1.9333228326913987,-3.608224830031759e-16,-1.8663333246877923e-16,20,0,0.0051297302775452636
2021-03-12,1.9488750802104002,-3.608224830031759e-16,-1.8514397698811026e-16,20,0,0.008044309649698267
2021-03-15,1.947768947292683,-3.608224830031759e-16,-1.8524911977095844e-16,20,0,-0.0005675750739231322
2021-03-16,1.9536891553923097,-3.608224830031759e-16,-1.8468776468727496e-16,20,0,0.0030394817146333075
2021-03-17,1.9495781659902738,-3.608224830031759e-16,-1.8507720762244933e-16,20,0,-0.0021042187753815833
2021-03-18,1.953055771394394,-3.608224830031759e-16,-1.8474765968693502e-16,20,0,0.0017837732617167479
2021-03-19,1.946080084052568,-3.608224830031759e-16,-1.85409884187186e-16,20,0,-0.003571678517324428
2021-03-22,1.9645040438770256,-3.608224830031759e-16,-1.836710309290474e-16,20,0,0.009467215648233163
2021-03-23,1.955087349109216,-3.469446951953614e-16,-1.774573884657571e-16,20,0,-0.004793420913110191
2021-03-24,1.9466797621249117,-3.469446951953614e-16,-1.7822381572234129e-16,20,0,-0.0043003638625839224
2021-03-25,1.9410502120303446,-3.469446951953614e-16,-1.787407111083727e-16,20,0,-0.0028918727178949277
2021-03-26,1.9728019186306263,-3.469446951953614e-16,-1.7586392831378878e-16,20,0,0.016358003725761128
2021-03-29,1.9790720549105418,-3.469446951953614e-16,-1.7530675264425581e-16,20,0,0.0031782898327004094
2021-03-30,1.9961831324918278,-3.469446951953614e-16,-1.7380404109630546e-16,20,0,0.008646010406154314
2021-03-31,1.992318726198263,1.1102230246251565e-16,5.572517138077004e-17,20,0,-0.0019358976792579474
2021-04-01,1.9978048463636844,1.1102230246251565e-16,5.557214593036629e-17,20,0,0.002753635797968057
2021-04-02,1.9931059305740986,1.1102230246251565e-16,5.570316196416943e-17,20,0,-0.0023520394387562815
2021-04-06,2.0032201742391913,1.1102230246251565e-16,5.542191711636547e-17,20,0,0.005074614203862016
2021-04-07,2.004104568365344,1.1102230246251565e-16,5.539745990054373e-17,20,0,0.0004414862317811963
2021-04-08,2.013183920805169,1.1102230246251565e-16,5.514762030193073e-17,20,0,0.004530378595579254
2021-04-09,2.014486554632417,1.1102230246251565e-16,5.511196002138315e-17,20,0,0.0006470515752614592
2021-04-12,2.0019371960583525,1.1102230246251565e-16,5.545743526875334e-17,20,0,-0.0062295568790006195
2021-04-13,1.987748739563046,-5.85198122599051e-17,-2.944024619166361e-17,20,0,-0.007087363441391825
2021-04-14,2.0012901883622085,-5.85198122599051e-17,-2.9241042903326195e-17,20,0,0.006812454979666649
2021-04-15,1.9888410221327777,-5.85198122599051e-17,-2.9424077444435496e-17,20,0,-0.00622057026103684
2021-04-16,2.0061532394729698,-5.85198122599051e-17,-2.9170160638017194e-17,20,0,0.008704676315267834
2021-04-19,2.0322555551218184,-5.85198122599051e-17,-2.879549873165301e-17,20,0,0.013011127532663425
2021-04-20,2.024060933894728,-5.85198122599051e-17,-2.8912080303481976e-17,20,0,-0.004032278916122345
2021-04-21,2.0120888411684743,8.326672684688674e-17,4.138322580156625e-17,20,0,-0.0059148875045066385
2021-04-22,2.0240035875713507,8.326672684688674e-17,4.1139614256712085e-17,20,0,0.005921580677301197
2021-04-23,2.0160454430126595,8.326672684688674e-17,4.130200890831997e-17,20,0,-0.003931882634773509
2021-04-26,2.018566596255306,8.326672684688674e-17,4.1250423444714166e-17,20,0,0.0012505438562331328
2021-04-27,2.0133952798091315,8.326672684688674e-17,4.13563733271394e-17,20,0,-0.0025618755684195804
2021-04-28,2.0168666177405288,8.326672684688674e-17,4.128519264212397e-17,20,0,0.0017241214212673217
2021-04-29,2.04730443586924,8.326672684688674e-17,4.0671394731547847e-17,20,0,0.015091636631286098
2021-04-30,2.039278803806704,8.326672684688674e-17,4.083145800929891e-17,20,0,-0.003920097041712589
2021-05-06,2.0662450696244887,-2.7755575615628914e-17,-1.343285751707715e-17,20,0,0.013223432601489948
2021-05-07,2.070274520461156,-2.7755575615628914e-17,-1.3406712656370967e-17,20,0,0.0019501320999639749
2021-05-10,2.0841004369467475,-2.7755575615628914e-17,-1.3317772562003506e-17,20,0,0.0066783010412125865
2021-05-11,2.093176950442921,2.7755575615628914e-17,1.3260023530144345e-17,20,0,0.004355122879524442
2021-05-12,2.1069193836300832,2.7755575615628914e-17,1.3173534702503845e-17,20,0,0.006565347083653972
2021-05-13,2.102951776444595,2.7755575615628914e-17,1.3198389010400673e-17,20,0,-0.0018831319396057644
2021-05-14,2.1177368467816375,2.7755575615628914e-17,1.3106243893243656e-17,20,0,0.007030627379406296
2021-05-17,2.1159371783539953,2.7755575615628914e-17,1.3117391149211813e-17,20,0,-0.0008498073924422256
2021-05-18,2.1161533682877067,2.7755575615628914e-17,1.3116051053562078e-17,20,0,0.00010217218919494897
2021-05-19,2.1144601793090474,2.7755575615628914e-17,1.3126553948487571e-17,20,0,-0.0008001258339934703
2021-05-20,2.108654887725187,2.7755575615628914e-17,1.3162692376641857e-17,20,0,-0.0027455194667025395
2021-05-21,2.1074798273489317,-8.326672684688674e-17,-3.9510094363100355e-17,20,0,-0.0005572558995289301
2021-05-24,2.1169505812360963,-8.326672684688674e-17,-3.933333521572665e-17,20,0,0.004493876413079745
2021-05-25,2.134692793663301,-8.326672684688674e-17,-3.900642148324981e-17,20,0,0.008381023432698642
2021-05-26,2.151002393469866,-8.326672684688674e-17,-3.871066210789562e-17,20,0,0.0076402561787713985
2021-05-27,2.1604812765268426,-8.326672684688674e-17,-3.8540823172855766e-17,20,0,0.004406728270388349
2021-05-28,2.1568940475396587,-8.326672684688674e-17,-3.8604922175879724e-17,20,0,-0.0016603842052038686
2021-05-31,2.157804938226608,-8.326672684688674e-17,-3.858862558509088e-17,20,0,0.00042231591671759716
2021-06-01,2.1587468067307993,0.0,0.0,20,0,0.0004364938125340778
2021-06-02,2.157615023167145,0.0,0.0,20,1,-0.0005242780487852983
2021-06-03,2.1681436601387647,0.0,0.0,20,1,0.004879756981004402
2021-06-04,2.1668537382015094,0.0,0.0,20,1,-0.0005949430201376282
2021-06-07,2.1674318340974463,0.0,0.0,20,1,0.0002667904555555545
2021-06-08,2.165877669308571,0.0,0.0,20,1,-0.0007170535951469548
2021-06-09,2.170824838522313,0.0,0.0,20,1,0.0022841406436964196
2021-06-10,2.1754625415028856,0.0,0.0,20,0,0.0021363782550642973
2021-06-11,2.1757963527197077,-1.3877787807814457e-16,-6.378256765835397e-17,20,0,0.00015344378974746498
2021-06-15,2.1684323825576297,-1.3877787807814457e-16,-6.399917248720404e-17,20,0,-0.0033844942119115595
2021-06-16,2.141115954946999,-1.3877787807814457e-16,-6.481567602982991e-17,20,0,-0.012597315844551038
2021-06-17,2.138547860492509,-1.3877787807814457e-16,-6.489351051801289e-17,20,0,-0.0011994186716308697
2021-06-18,2.1495867380964357,-1.3877787807814457e-16,-6.45602597088216e-17,20,0,0.005161856700922618
2021-06-21,2.153140282037065,-1.3877787807814457e-16,-6.445370941964273e-17,20,0,0.0016531288910797137
2021-06-22,2.16618150144991,-2.3592239273284576e-16,-1.0891164594238003e-16,20,0,0.006056836854358094
2021-06-23,2.1750753558493403,-2.3592239273284576e-16,-1.0846630766073893e-16,20,0,0.0041057752517401624
2021-06-24,2.1765732063125767,-2.3592239273284576e-16,-1.0839166449748397e-16,20,0,0.0006886430206696215
2021-06-25,2.1840144893295625,-2.3592239273284576e-16,-1.0802235694199447e-16,20,0,0.0034188066798783723
2021-06-28,2.18852187822761,-2.3592239273284576e-16,-1.0779987857553849e-16,20,0,0.0020638090635702877
2021-06-29,2.184971980459902,-2.3592239273284576e-16,-1.0797501974519042e-16,20,0,-0.0016220526753804032
2021-06-30,2.184274526593946,-2.3592239273284576e-16,-1.0800949691096382e-16,20,0,-0.00031920494733728155
2021-07-01,2.1788019505547545,-3.1170812458958252e-16,-1.4306400107188134e-16,20,0,-0.002505443328007506
2021-07-02,2.1733688734433083,-3.1170812458958252e-16,-1.434216383598692e-16,20,0,-0.0024936076039691057
2021-07-05,2.1760628058180176,-3.1170812458958252e-16,-1.4324408457154175e-16,20,0,0.0012395191665928174
2021-07-06,2.175473698281783,-3.1170812458958252e-16,-1.4328287436238536e-16,20,0,-0.0002707217524511307
2021-07-07,2.1922908396129093,-3.1170812458958252e-16,-1.4218374631562139e-16,20,0,0.007730335395187193
2021-07-08,2.1911946503540483,-3.1170812458958252e-16,-1.4225487659857942e-16,20,0,-0.0005000199969154018
2021-07-09,2.2085257613985174,-3.1170812458958252e-16,-1.4113855044742507e-16,20,0,0.007909434719397757
2021-07-12,2.2258863002745617,-3.1170812458958252e-16,-1.400377568931232e-16,20,0,0.007860691135905595
2021-07-13,2.254439802299793,-2.498001805406602e-16,-1.1080365964344435e-16,20,0,0.012827924778417099
2021-07-14,2.2517954544671057,-2.498001805406602e-16,-1.1093377955138301e-16,20,0,-0.001172951182812576
2021-07-15,2.2710321977469072,-2.498001805406602e-16,-1.0999411667896527e-16,20,0,0.008542846661156345
2021-07-16,2.2920512395667654,-2.498001805406602e-16,-1.0898542590517151e-16,20,0,0.009255281294871631
2021-07-19,2.267719607603494,-2.498001805406602e-16,-1.1015479149322471e-16,20,0,-0.01061565795006858
2021-07-20,2.277477351932554,-2.498001805406602e-16,-1.0968283848297864e-16,20,0,0.00430288837135917
2021-07-21,2.2872014299462538,-2.7755575615628914e-17,-1.213516888028578e-17,20,0,0.00426967056574612
2021-07-22,2.3035925054305175,-2.7755575615628914e-17,-1.2048821807762257e-17,20,0,0.007166432859675664
2021-07-23,2.307957180773149,-2.7755575615628914e-17,-1.2026035771742957e-17,20,0,0.0018947254483343556
2021-07-26,2.2833731155195953,-2.7755575615628914e-17,-1.2155514763215982e-17,20,0,-0.01065187233903453
2021-07-27,2.2540787371318998,-2.7755575615628914e-17,-1.231348983440802e-17,20,0,-0.012829431243009726
2021-07-28,2.236757091619908,0.10925494594424011,0.04884524401579758,19,0,-0.0076845787268424726
2021-07-29,2.251321575527042,0.10925494594424011,0.048529249278243675,19,0,0.006511428514835327
2021-07-30,2.264547276839818,0.10925494594424011,0.0482458224924788,19,0,0.005874638903897944
2021-08-02,2.2788964638541085,-1.3877787807814457e-16,-6.089696494742945e-17,20,0,0.006336448419975049
2021-08-03,2.2902855095725054,-1.3877787807814457e-16,-6.059413880850525e-17,20,0,0.004997614371271331
2021-08-04,2.304778252739418,-1.3877787807814457e-16,-6.021311504184651e-17,20,0,0.006327919862540554
2021-08-05,2.3015743784863063,-1.3877787807814457e-16,-6.029693386203563e-17,20,0,-0.001390100869488764
2021-08-06,2.30813637502617,-1.3877787807814457e-16,-6.01255105979477e-17,20,0,0.0028510903671856713
2021-08-09,2.317583672946256,-1.3877787807814457e-16,-5.988041756512787e-17,20,0,0.004093041478096859
2021-08-10,2.3233934293263094,-1.3877787807814457e-16,-5.973068371738684e-17,20,0,0.002506816236182541
2021-08-11,2.3319478883753075,-1.942890293094024e-16,-8.331619684896372e-17,20,0,0.003681881398570841
2021-08-12,2.3255884321163425,-1.942890293094024e-16,-8.35440298146799e-17,20,0,-0.0027271005028314255
2021-08-13,2.3244824240754234,-1.942890293094024e-16,-8.35837807578528e-17,20,0,-0.0004755820185743387
2021-08-16,2.3257305076131534,-1.942890293094024e-16,-8.353892623131e-17,20,0,0.0005369296514368127
2021-08-17,2.2998623927964053,-1.942890293094024e-16,-8.447854528947105e-17,20,0,-0.01112257621081647
2021-08-18,2.3076106410667183,-1.942890293094024e-16,-8.419489226292966e-17,20,0,0.003369005160735794
2021-08-19,2.302335954489857,-1.942890293094024e-16,-8.43877840375612e-17,20,0,-0.002285778407757233
2021-08-20,2.296634719473222,-1.942890293094024e-16,-8.459727080759555e-17,20,0,-0.002476282840268018
2021-08-23,2.3212554939454955,-1.6653345369377348e-16,-7.174283663652744e-17,20,0,0.010720370228453513
2021-08-24,2.362402115212553,-1.6653345369377348e-16,-7.049327149742664e-17,20,0,0.01772601998116108
2021-08-25,2.3587742410027333,-1.6653345369377348e-16,-7.060169252271417e-17,20,0,-0.001535671758189916
2021-08-26,2.3759698540315233,-1.6653345369377348e-16,-7.009072670311919e-17,20,0,0.00729006308864899
2021-08-27,2.3848268388934484,-1.6653345369377348e-16,-6.98304174449179e-17,20,0,0.0037277345278168283
2021-08-30,2.389364366349107,-1.6653345369377348e-16,-6.96978058429124e-17,20,0,0.0019026653766460733
2021-08-31,2.39481545972762,6.938915308106422e-17,2.897473907611919e-17,20,0,0.002281398959189218
2021-09-01,2.404402216499487,6.938915308106422e-17,2.885921190926461e-17,20,0,0.004003129649479353
2021-09-02,2.4370072844982014,6.938915308106422e-17,2.847310039754435e-17,20,0,0.013560571428096413
2021-09-03,2.4285074370604978,6.938915308106422e-17,2.8572757086160664e-17,20,0,-0.003487821924772705
2021-09-06,2.436737041454006,6.938915308106422e-17,2.8476258168447905e-17,20,0,0.0033887499243030472
2021-09-07,2.460688715046342,6.938915308106422e-17,2.819907802915958e-17,20,0,0.009829404316045398
2021-09-08,2.491629065971217,6.938915308106422e-17,2.784890978706611e-17,20,0,0.012573858178681618
2021-09-09,2.483529449349892,6.938915308106422e-17,2.793973435637257e-17,20,0,-0.0032507313114715775
2021-09-10,2.4815765334966393,6.938915308106422e-17,2.796172197167426e-17,20,0,-0.0007863469683291324
2021-09-13,2.4865791380680764,2.498001805406602e-16,1.0045937276492236e-16,20,0,0.00201589775850608
2021-09-14,2.4674278789441804,2.498001805406602e-16,1.0123910111915833e-16,20,0,-0.007701849834859997
2021-09-15,2.4609046500447467,2.498001805406602e-16,1.0150746008632155e-16,20,0,-0.0026437364006055564
2021-09-16,2.4252626065651146,2.498001805406602e-16,1.0299922980070631e-16,20,0,-0.014483309411839285
2021-09-17,2.3937040958885345,2.498001805406602e-16,1.0435716802662498e-16,20,0,-0.013012409704067585
2021-09-22,2.392249149547199,2.498001805406602e-16,1.0442063720158161e-16,20,0,-0.0006078221380138027
2021-09-23,2.4337387221618245,-2.7755575615628914e-17,-1.1404500969181435e-17,20,0,0.017343332579919046
2021-09-24,2.4080833861420587,-2.7755575615628914e-17,-1.1526002702130492e-17,20,0,-0.010541532575434776
2021-09-27,2.365937122587956,-2.7755575615628914e-17,-1.1731324281884873e-17,20,0,-0.017501995070704157
2021-09-28,2.358807884624418,-2.7755575615628914e-17,-1.1766780922070856e-17,20,0,-0.003013282937857631
2021-09-29,2.3417248995480673,-2.7755575615628914e-17,-1.1852620101099621e-17,20,0,-0.007242211282955102
2021-09-30,2.351199247393314,-2.7755575615628914e-17,-1.1804859008185066e-17,20,0,0.004045884231352437
2021-10-08,2.368752215018334,-6.938893903907228e-17,-2.929345610703111e-17,20,0,0.007465538126758098
2021-10-11,2.355083180382378,-6.938893903907228e-17,-2.946347696636605e-17,20,0,-0.005770563315695032
2021-10-12,2.3309075236858137,0.0,0.0,20,0,-0.010265309054875549
2021-10-13,2.3237196418281583,0.0,0.0,20,0,-0.0030837267393127865
2021-10-14,2.328157300875062,0.0,0.0,20,0,0.001909722225961863
2021-10-15,2.3203714320033804,0.0,0.0,20,0,-0.0033442194257041757
2021-10-18,2.339162957858483,0.0,0.0,20,0,0.008098499057488606
2021-10-19,2.3578242557381768,0.0,0.0,20,0,0.007977767353488652
2021-10-20,2.360161174293223,0.0,0.0,20,0,0.0009911334779761916
2021-10-21,2.3785825971258587,5.5294310796760726e-18,2.3246748237196036e-18,20,0,0.007805154594220598
2021-10-22,2.3688463383813896,5.5294310796760726e-18,2.3342295319392818e-18,20,0,-0.004093302774616281
2021-10-25,2.360070825103807,5.5294310796760726e-18,2.3429089588584115e-18,20,0,-0.0037045515090602388
2021-10-26,2.3647683295541917,5.5294310796760726e-18,2.3382548770511004e-18,20,0,0.001990408254031184
2021-10-27,2.344306614929728,5.5294310796760726e-18,2.3586637705417303e-18,20,0,-0.008652735394304445
2021-10-28,2.3372980744247567,5.5294310796760726e-18,2.3657363774780615e-18,20,0,-0.002989600618083621
2021-10-29,2.3232236743037684,5.5294310796760726e-18,2.3800683252477406e-18,20,0,-0.006021653923816372
2021-11-01,2.3306138790381024,5.5294310796760726e-18,2.3725213041115998e-18,20,0,0.0031810130105309753
2021-11-02,2.3197582558655876,5.5294310796760726e-18,2.3836238391197524e-18,20,0,-0.004657838550671922
2021-11-03,2.326108031504182,5.5294310796760726e-18,2.3771170576718466e-18,20,0,0.002737257480402766
2021-11-04,2.3795852170219303,5.5294310796760726e-18,2.323695339894656e-18,20,0,0.0229899836093026
2021-11-05,2.3837916509266432,5.5294310796760726e-18,2.319594951818308e-18,20,0,0.0017677172788865825
2021-11-08,2.4053890094709565,5.5294310796760726e-18,2.2987679156695827e-18,20,0,0.009060086495360276
2021-11-09,2.3919387350460966,5.5294310796760726e-18,2.3116942748826346e-18,20,0,-0.00559172523525342
2021-11-10,2.398929611539011,0.09723377754703591,0.04053215112245686,19,0,0.0029226820864955982
2021-11-11,2.4001370724537106,-7.806255641895632e-17,-3.252420760250636e-17,20,0,0.0005033331986448175
2021-11-12,2.4113459782039577,-7.806255641895632e-17,-3.237302200702847e-17,20,0,0.004670110669465988
2021-11-15,2.4391102018357307,-7.806255641895632e-17,-3.2004522124586514e-17,20,0,0.011513994210176515
2021-11-16,2.426341306555185,-7.806255641895632e-17,-3.217294953849101e-17,20,0,-0.0052350628811012045
2021-11-17,2.440781528455345,-7.806255641895632e-17,-3.198260700881263e-17,20,0,0.005951438843804668
2021-11-18,2.42725501125858,-7.806255641895632e-17,-3.216083850146398e-17,20,0,-0.005541879532874661
2021-11-19,2.4555323744873547,-7.806255641895632e-17,-3.1790481457306607e-17,20,0,0.011649935049103943
2021-11-22,2.467732369125144,-7.806255641895632e-17,-3.163331542578538e-17,20,0,0.004968370510829212
2021-11-23,2.469388019941239,-2.4719132876384846e-17,-1.0010226289578038e-17,20,0,0.0006709199250329867
2021-11-24,2.4952082749840976,-2.4719132876384846e-17,-9.906641110567168e-18,20,0,0.010456135218260831
2021-11-25,2.495497675443934,-2.4719132876384846e-17,-9.905492246947279e-18,20,0,0.00011598248640720676
2021-11-26,2.503070381575353,-2.4719132876384846e-17,-9.875524499166263e-18,20,0,0.0030345474595852018
2021-11-29,2.4937798553981976,-2.4719132876384846e-17,-9.912315565015175e-18,20,0,-0.0037116519957015592
2021-11-30,2.50720635855367,-2.4719132876384846e-17,-9.859233481939856e-18,20,0,0.005383996958034709
2021-12-01,2.5319929102155956,-9.150666335777657e-17,-3.614017361130167e-17,20,0,0.009886123484555975
2021-12-02,2.5453951482206123,-9.150666335777657e-17,-3.594988519631043e-17,20,0,0.0052931577931929485
2021-12-03,2.5286864508508895,-9.150666335777657e-17,-3.618742977287084e-17,20,0,-0.006564284284663269
2021-12-06,2.5045641951306514,-9.150666335777657e-17,-3.653596243836868e-17,20,0,-0.009539441203602395
2021-12-07,2.457687771763133,-9.150666335777657e-17,-3.7232826890834126e-17,20,0,-0.01871639922772006
2021-12-08,2.4797871294838063,-9.150666335777657e-17,-3.690101552258022e-17,20,0,0.008991930535106052
2021-12-09,2.495930070097101,-9.150666335777657e-17,-3.666235062195337e-17,20,0,0.006509809016008061
2021-12-10,2.498081547679805,-9.150666335777657e-17,-3.6630775101304087e-17,20,0,0.0008619943356908966
2021-12-13,2.503246972334468,-2.7755575615628914e-16,-1.1087829496002439e-16,20,0,0.002067756618858274
2021-12-14,2.500495765011733,-2.7755575615628914e-16,-1.1100029043839903e-16,20,0,-0.0010990554879884984
2021-12-15,2.508841007337503,-2.7755575615628914e-16,-1.1063106643447447e-16,20,0,0.0033374350968879973
2021-12-16,2.5262607324858473,-2.7755575615628914e-16,-1.0986821454615792e-16,20,0,0.006943335626848235
2021-12-17,2.524426000061625,-2.7755575615628914e-16,-1.0994806587696117e-16,20,0,-0.0007262640790116626
2021-12-20,2.5209971290591207,-2.7755575615628914e-16,-1.100976089805694e-16,20,0,-0.001358277486612991
2021-12-21,2.5462502224838537,3.885780586188048e-16,1.5260796255905632e-16,20,0,0.010017105189706443
2021-12-22,2.5403963238803207,3.885780586188048e-16,1.529596208930394e-16,20,0,-0.002299027233004014
2021-12-23,2.546391488150456,3.885780586188048e-16,1.5259949635672255e-16,20,0,0.0023599326663241715
2021-12-24,2.563534457413575,3.885780586188048e-16,1.5157902695439192e-16,20,0,0.0067322598834049785
2021-12-27,2.536094758392406,3.885780586188048e-16,1.5321906144592122e-16,20,0,-0.010703854181407735
2021-12-28,2.51685841583963,3.885780586188048e-16,1.5439011434784037e-16,20,0,-0.0075850251608775565
2021-12-29,2.5071013188654576,3.885780586188048e-16,1.5499096733539616e-16,20,0,-0.00387669680295355
2021-12-30,2.5150347203645436,3.885780586188048e-16,1.5450206530845905e-16,20,0,0.003164372113479752
2021-12-31,2.5278861162655852,-5.377642775528102e-17,-2.127327944453616e-17,20,0,0.005109828423831342
2022-01-04,2.560868161254633,-5.377642775528102e-17,-2.099929569546236e-17,20,0,0.013047282777822078
2022-01-05,2.5678001592562976,-5.377642775528102e-17,-2.0942606285551478e-17,20,0,0.0027068937427330297
2022-01-06,2.553965072970096,-5.377642775528102e-17,-2.1056054495194218e-17,20,0,-0.005387913945066769
2022-01-07,2.550103163521177,-5.377642775528102e-17,-2.1087942058401528e-17,20,0,-0.001512123047331948
2022-01-10,2.571926753120833,-5.377642775528102e-17,-2.090900438359199e-17,20,0,0.008557924209435575
2022-01-11,2.5726888164676045,-5.551115123125783e-17,-2.1577095090527372e-17,20,0,0.00029630056371021674
2022-01-12,2.573419400562535,-5.551115123125783e-17,-2.157096943433449e-17,20,0,0.0002839768611944127
2022-01-13,2.5646516873057967,-5.551115123125783e-17,-2.1644713590551194e-17,20,0,-0.003407028506438481
2022-01-14,2.530744481286212,-5.551115123125783e-17,-2.1934711956003213e-17,20,0,-0.013220978968572772
2022-01-17,2.5785538558071024,-5.551115123125783e-17,-2.152801699535669e-17,20,0,0.0188914269593079
2022-01-18,2.588103589401604,-5.551115123125783e-17,-2.144858167910218e-17,20,0,0.0037035230321036394
2022-01-19,2.6292917418538764,0.1257145745016942,0.04781309449253229,19,0,0.015914414176055436
2022-01-20,2.614091585022778,0.1257145745016942,0.048091113265489815,19,0,-0.005781084156291083
2022-01-21,2.611162152641277,-1.3964523981613297e-16,-5.3480110254691454e-17,20,0,-0.0011206311203038055
2022-01-24,2.626828622675996,-1.3964523981613297e-16,-5.316115357151619e-17,20,0,0.005999807410991931
2022-01-25,2.6309962747567037,-1.3964523981613297e-16,-5.307694319295317e-17,20,0,0.0015865717484311315
2022-01-26,2.6653430144077044,-1.3964523981613297e-16,-5.2392971209060344e-17,20,0,0.013054651570792108
2022-01-27,2.623874230809585,-1.3964523981613297e-16,-5.3221011196503134e-17,20,0,-0.015558516623923047
2022-01-28,2.6059460417452494,-1.3964523981613297e-16,-5.358715705510542e-17,20,0,-0.006832716619502022
2022-02-07,2.613677587159949,-1.3964523981613297e-16,-5.342864035799956e-17,20,0,0.002966886225135301
2022-02-08,2.6252562265345847,-1.3964523981613297e-16,-5.319299442266966e-17,20,0,0.004430018236188493
2022-02-09,2.6446528900311006,-1.3964523981613297e-16,-5.2802861329182134e-17,20,0,0.007388483950810487
2022-02-10,2.660954738674861,-1.3964523981613297e-16,-5.247937433376842e-17,20,0,0.006164078736082823
2022-02-11,2.6577348467030433,0.0,0.0,20,0,-0.0012100513868271712
2022-02-14,2.6104728686218426,0.0,0.0,20,0,-0.0177828040821415
2022-02-15,2.5498808720959283,0.0,0.0,20,0,-0.02321111904829065
2022-02-16,2.5650376070127443,0.0,0.0,20,0,0.005944095303698438
2022-02-17,2.567679379005353,0.0,0.0,20,0,0.0010299155011943562
2022-02-18,2.583980061161042,0.0,0.0,20,0,0.006348410276209693
2022-02-21,2.6545826883297394,0.0,0.0,20,0,0.0273232089635298
2022-02-22,2.698972339681182,1.6653345369377348e-16,6.170254183243884e-17,20,0,0.01672189438535554
2022-02-23,2.7301429689801595,1.6653345369377348e-16,6.09980706453559e-17,20,0,0.011549073267886678
2022-02-24,2.7343494272655344,1.6653345369377348e-16,6.090423266067863e-17,20,0,0.0015407465224965833
2022-02-25,2.7653240850776344,1.6653345369377348e-16,6.02220385640977e-17,20,0,0.011327980799833659
2022-02-28,2.7706303519659308,1.6653345369377348e-16,6.010670228008145e-17,20,0,0.001918858956507341
2022-03-01,2.789163034227431,0.0,0.0,20,0,0.006688976841804362
2022-03-02,2.8124143109303827,0.0,0.0,20,0,0.00833629171820438
2022-03-03,2.786670755372404,0.0,0.0,20,0,-0.00915354308144678
2022-03-04,2.7771039773350883,0.0,0.0,20,0,-0.0034330492825075387
2022-03-07,2.714806127194878,0.0,0.0,20,0,-0.022432667501341208
2022-03-08,2.637329105658331,0.0,0.0,20,0,-0.028538694074851545
2022-03-09,2.6018463354539896,0.0,0.0,20,0,-0.013454054758738176
2022-03-10,2.655873051552823,0.0,0.0,20,0,0.020764760532795412
2022-03-11,2.674829976524192,-2.7755575615628914e-17,-1.0376575654986452e-17,20,0,0.007137737611474071
2022-03-14,2.6447636965715158,-2.7755575615628914e-17,-1.049453894561895e-17,20,0,-0.01124044526813095
2022-03-15,2.585467993362736,-2.7755575615628914e-17,-1.0735223057056372e-17,20,0,-0.022420038238443185
2022-03-16,2.6300386611771294,-2.7755575615628914e-17,-1.0553295670264527e-17,20,0,0.01723891687261747
2022-03-17,2.669092971709468,-2.7755575615628914e-17,-1.0398879285891778e-17,20,0,0.014849329444784232
2022-03-18,2.695726649594399,-2.7755575615628914e-17,-1.0296138749752331e-17,20,0,0.00997855007945736
2022-03-21,2.7031597050683565,-2.7755575615628914e-17,-1.0267826781964791e-17,20,0,0.0027573476246474105
2022-03-22,2.7262634725830486,1.6653345369377348e-16,6.10848714251335e-17,20,0,0.008546948769387663
2022-03-23,2.706332065270012,1.6653345369377348e-16,6.153474506357681e-17,20,0,-0.007310888149101857
2022-03-24,2.646744000231166,1.6653345369377348e-16,6.292012135636407e-17,20,0,-0.02201801685888105
2022-03-25,2.63158174605658,1.6653345369377348e-16,6.328264510244591e-17,20,0,-0.005728644014404871
2022-03-28,2.6511965923746645,1.6653345369377348e-16,6.281444920861573e-17,20,0,0.007453633673921711
2022-03-29,2.6193252390862583,1.6653345369377348e-16,6.357876112852181e-17,20,0,-0.012021497530614766
2022-03-30,2.6450229350800076,1.6653345369377348e-16,6.29610622596496e-17,20,0,0.009810807611930539
2022-03-31,2.6444582205378526,-4.996003610813204e-16,-1.8892352210416373e-16,20,0,-0.000213500811151901
2022-04-01,2.673101075044577,-4.996003610813204e-16,-1.8689916582110125e-16,20,0,0.010831275111201855
2022-04-06,2.689434082232203,-4.996003610813204e-16,-1.8576412204409084e-16,20,0,0.006110134532549827
2022-04-07,2.6468021182339307,-4.996003610813204e-16,-1.8875621930311776e-16,20,0,-0.015851648597718482
2022-04-08,2.6266386434843385,-4.996003610813204e-16,-1.9020521239974644e-16,20,0,-0.007618051463192166
2022-04-11,2.567226619460335,-4.996003610813204e-16,-1.9460703519284288e-16,20,0,-0.022619032188299526
2022-04-12,2.581764418760592,-5.551115123125783e-17,-2.1501245748017024e-17,20,0,0.005662842224389841
2022-04-13,2.536876457833174,-5.551115123125783e-17,-2.1881692764286853e-17,20,0,-0.01738654410186935
2022-04-14,2.570252882187627,-5.551115123125783e-17,-2.1597544590246877e-17,20,0,0.013156503641080342
2022-04-15,2.5637602206879073,-5.551115123125783e-17,-2.165223985586417e-17,20,0,-0.0025260788713495907
2022-04-18,2.592594871229857,-5.551115123125783e-17,-2.1411425227777616e-17,20,0,0.011247015344599154
2022-04-19,2.601159514839053,-5.551115123125783e-17,-2.1340925427517496e-17,20,0,0.0033035024886602926
2022-04-20,2.5975055873077473,-5.551115123125783e-17,-2.137094584223544e-17,20,0,-0.0014047302791162508
2022-04-21,2.544059383954732,-1.6653345369377348e-16,-6.545973523420581e-17,20,0,-0.02057597243069309
2022-04-22,2.500427005243372,-1.6653345369377348e-16,-6.660200571524559e-17,20,0,-0.017150691916449468
2022-04-25,2.4090241527849234,-1.6653345369377348e-16,-6.912900956233855e-17,20,0,-0.03655489733024708
2022-04-26,2.386045489285275,-1.6653345369377348e-16,-6.979475221306763e-17,20,0,-0.00953857746635045
2022-04-27,2.4362273216308443,-1.6653345369377348e-16,-6.835710781795752e-17,20,0,0.021031381241855884
2022-04-28,2.445738843331735,-1.6653345369377348e-16,-6.809126581434648e-17,20,0,0.003904201228037918
2022-04-29,2.5190572363433663,-1.6653345369377348e-16,-6.610943621730146e-17,20,0,0.029978013887922872
2022-05-05,2.5476307437284973,-1.6653345369377348e-16,-6.536797143923973e-17,20,0,0.011342936941999726
2022-05-06,2.5270452662728435,-1.6653345369377348e-16,-6.590046324710076e-17,20,0,-0.008080243774074791
2022-05-09,2.5548420317927816,-1.6653345369377348e-16,-6.518346403472694e-17,20,0,0.010999710171767374
2022-05-10,2.5760719158756182,-1.6653345369377348e-16,-6.464627507775459e-17,20,0,0.008309666045355879
2022-05-11,2.619908928447617,-2.220446049250313e-16,-8.475279522658831e-17,20,0,0.017016998749857626
2022-05-12,2.616797103256297,-2.220446049250313e-16,-8.485358098597819e-17,20,0,-0.0011877608253978433
2022-05-13,2.652011776963594,-2.220446049250313e-16,-8.372685478013226e-17,20,0,0.013457166267677456
2022-05-16,2.6604229877227707,-2.220446049250313e-16,-8.346214340716313e-17,20,0,0.003171634014690339
2022-05-17,2.6902539085821875,-2.220446049250313e-16,-8.253667217681057e-17,20,0,0.011212848857899527
2022-05-18,2.6994497060374236,-2.220446049250313e-16,-8.22555072718784e-17,20,0,0.0034181894229019516
2022-05-19,2.7038179488977683,-2.220446049250313e-16,-8.212261665603243e-17,20,0,0.0016181975350662015
2022-05-20,2.717733402787415,-2.220446049250313e-16,-8.170212894954802e-17,20,0,0.005146594242899871
2022-05-23,2.7272588504721327,-3.8337388819087437e-16,-1.405711409184743e-16,20,0,0.0035049235053548067
2022-05-24,2.654769454517454,-3.8337388819087437e-16,-1.4440948442378346e-16,20,0,-0.026579580424546
2022-05-25,2.6729507204976843,-3.8337388819087437e-16,-1.434272189348455e-16,20,0,0.006848529144138249
2022-05-26,2.6856038124288064,-3.8337388819087437e-16,-1.427514685586325e-16,20,0,0.004733754286635694
2022-05-27,2.6881786314368394,-3.8337388819087437e-16,-1.4261473687333042e-16,20,0,0.0009587486419690983
2022-05-30,2.696380051679317,-3.8337388819087437e-16,-1.421809540358035e-16,20,0,0.003050920852716521
2022-05-31,2.7045809116799417,1.1102230246251565e-16,4.1049724925239717e-17,20,0,0.003041433271069316
2022-06-01,2.7095811948447595,1.1102230246251565e-16,4.0973971429144226e-17,20,0,0.001848819956993486
2022-06-02,2.7096006984977117,1.1102230246251565e-16,4.097367649929745e-17,20,0,7.19803229709548e-06
2022-06-06,2.7710877716635243,1.1102230246251565e-16,4.006452036554127e-17,20,0,0.022692300455894765
2022-06-07,2.7630262155660996,1.1102230246251565e-16,4.018141479695261e-17,20,0,-0.0029091666384082338
2022-06-08,2.791301175039124,0.14295671051199574,0.051215079114489324,19,0,0.010233330148563535
2022-06-09,2.7482923902544387,0.14295671051199574,0.05201655799758653,19,0,-0.015408149134635174
2022-06-10,2.7768308899503773,0.26891717272803656,0.09684319405307472,18,0,0.010384084239776437
2022-06-13,2.7769209075931025,-9.150666335777657e-17,-3.295256379379203e-17,20,0,3.241740181270103e-05
2022-06-14,2.774563707565406,-9.150666335777657e-17,-3.298055946895912e-17,20,0,-0.0008488538586933769
2022-06-15,2.7862924300557084,-9.150666335777657e-17,-3.2841729881147835e-17,20,0,0.004227231279037458
2022-06-16,2.7938222896776224,-9.150666335777657e-17,-3.2753215441034897e-17,20,0,0.0027024656639373923
2022-06-17,2.809171171445112,0.13958052948378574,0.04968744194109817,19,0,0.005493864740144572
2022-06-20,2.813671824671816,0.13958052948378574,0.04960796360821727,19,0,0.0016021285112322037
2022-06-21,2.8137264341756323,-4.440892098500626e-16,-1.578295617001488e-16,20,0,1.940862588778458e-05
2022-06-22,2.805103213500498,-4.440892098500626e-16,-1.5831474853143895e-16,20,0,-0.003064697608977318
2022-06-23,2.8884068978453783,-4.440892098500626e-16,-1.537488399509547e-16,20,0,0.029697190443457977
2022-06-24,2.9616516922086777,-4.440892098500626e-16,-1.499464677154116e-16,20,0,0.025358198118809572
2022-06-27,2.9723545572011787,-4.440892098500626e-16,-1.4940653993453083e-16,20,0,0.0036138162433676513
2022-06-28,3.008307917062072,-4.440892098500626e-16,-1.4762092913805256e-16,20,0,0.01209591896558515
2022-06-29,2.935758953583345,-4.440892098500626e-16,-1.51268962088326e-16,20,0,-0.024116202688978183
2022-06-30,2.9551114431256207,-4.440892098500626e-16,-1.5027832905697443e-16,20,0,0.006591988595880505
2022-07-01,2.9745135981581994,-1.8214596497756474e-17,-6.123554623866854e-18,20,0,0.006565625495347449
2022-07-04,3.0074224759569432,-1.8214596497756474e-17,-6.056547306996069e-18,20,0,0.011063616525108788
2022-07-05,3.0139467985163257,-1.8214596497756474e-17,-6.043436634887837e-18,20,0,0.0021694067300292996
2022-07-06,2.9773449502622658,-1.8214596497756474e-17,-6.11773133514543e-18,20,0,-0.012144158706476782
2022-07-07,2.993900966480233,-1.8214596497756474e-17,-6.083900804230805e-18,20,0,0.005560664449212993
2022-07-08,3.0144124329593116,-1.8214596497756474e-17,-6.042503108930859e-18,20,0,0.0068510838229871585
2022-07-11,3.0132683028209013,0.16796308291199827,0.05574116408909155,19,0,-0.00037955328404981614
2022-07-12,2.9854416515160764,-2.220446049250313e-16,-7.437579790322544e-17,20,0,-0.009234707469883974
2022-07-13,2.994139382813329,-2.220446049250313e-16,-7.415974226169643e-17,20,0,0.002913381774799051
2022-07-14,3.0091639716874914,-2.220446049250313e-16,-7.378946678020746e-17,20,0,0.005017999148738683
2022-07-15,3.003589005991768,-2.220446049250313e-16,-7.392642751124782e-17,20,0,-0.001852662649219905
2022-07-18,3.044357633759688,-2.220446049250313e-16,-7.293643902500806e-17,20,0,0.013573304365741112
2022-07-19,3.0594474330978514,-2.220446049250313e-16,-7.257670209427311e-17,20,0,0.004956644768284946
2022-07-20,3.079331791237987,-2.220446049250313e-16,-7.210804810213793e-17,20,0,0.006499329887162508
2022-07-21,3.0751930243063947,-3.885780586188048e-16,-1.2635891651271158e-16,20,0,-0.0013440470894915402
2022-07-22,3.0446817570465807,-3.885780586188048e-16,-1.276251804378187e-16,20,0,-0.009921740527717215
2022-07-25,3.0523104523302877,-3.885780586188048e-16,-1.2730620449245085e-16,20,0,0.0025055805146305676
2022-07-26,3.0732608451858603,-3.885780586188048e-16,-1.2643835918695177e-16,20,0,0.0068637817754015895
2022-07-27,3.1074297561693087,-3.885780586188048e-16,-1.2504805872034426e-16,20,0,0.01111812914838417
2022-07-28,3.1206607183163095,-3.885780586188048e-16,-1.2451788056871954e-16,20,0,0.004257847541278448
2022-07-29,3.1202752808600835,-3.885780586188048e-16,-1.2453326185749092e-16,20,0,-0.00012351149035960685
2022-08-01,3.1338547116794864,-3.885780586188048e-16,-1.239936418145432e-16,20,0,0.004351997691581788
2022-08-02,3.082932404029851,-3.885780586188048e-16,-1.260417056536418e-16,20,0,-0.016249096507203853
2022-08-03,3.060661965247436,-3.885780586188048e-16,-1.269588288517156e-16,20,0,-0.007223784327319072
2022-08-04,3.0658717195630283,-3.885780586188048e-16,-1.267430910886865e-16,20,0,0.0017021658630542724
2022-08-05,3.066773640846242,-3.885780586188048e-16,-1.2670581664174636e-16,20,0,0.0002941810244239118
2022-08-08,3.090848599053441,-3.885780586188048e-16,-1.2571889116076573e-16,20,0,0.007850256010598855
2022-08-09,3.0879619582141427,-3.885780586188048e-16,-1.2583641375022982e-16,20,0,-0.0009339314905887353
2022-08-10,3.0937341002441276,-3.885780586188048e-16,-1.2560163415082827e-16,20,0,0.0018692400062219061
2022-08-11,3.1208477644106623,-2.7755575615628914e-16,-8.893601261857849e-17,20,0,0.008764057701143413
2022-08-12,3.1231660894324995,-2.7755575615628914e-16,-8.886999544962493e-17,20,0,0.0007428510446023662
2022-08-15,3.134502181007918,-2.7755575615628914e-16,-8.854859244890984e-17,20,0,0.0036296793864967203
2022-08-16,3.1482487924661813,-2.7755575615628914e-16,-8.816195112040868e-17,20,0,0.004385580441307324
2022-08-17,3.147499228427686,-2.7755575615628914e-16,-8.818294652765981e-17,20,0,-0.00023808920066581418
2022-08-18,3.116717235175837,-2.7755575615628914e-16,-8.905387791479588e-17,20,0,-0.009779825511577966
2022-08-19,3.0721463536161076,-2.7755575615628914e-16,-9.034587685889011e-17,20,0,-0.014300585583027714
2022-08-22,3.104742511919,-2.7755575615628914e-16,-8.939735101727828e-17,20,0,0.010610223130979701
2022-08-23,3.1109162878283363,-5.5510169000561885e-17,-1.7843671723906253e-17,20,0,0.0019884985262499377
2022-08-24,3.033711649616877,-5.5510169000561885e-17,-1.829777362247733e-17,20,0,-0.02481733067312919
2022-08-25,2.995721676802276,-5.5510169000561885e-17,-1.8529815179564718e-17,20,0,-0.012522605046988766
2022-08-26,3.010241995474464,-5.5510169000561885e-17,-1.8440434052815268e-17,20,0,0.004847018594760444
2022-08-29,2.9986645067217554,-5.5510169000561885e-17,-1.8511630386170654e-17,20,0,-0.0038460325681834995
2022-08-30,3.0007283385784733,-5.5510169000561885e-17,-1.8498898513038525e-17,20,0,0.0006882503368055293
2022-08-31,2.9331481197005393,1.1102230246251565e-16,3.7850902147365986e-17,20,0,-0.022521271922252284
2022-09-01,2.9044317491941807,1.1102230246251565e-16,3.822513732447602e-17,20,0,-0.009790289932337437
2022-09-02,2.946307061290053,0.1295295169191333,0.04396334605477891,19,0,0.014417729770200394
2022-09-05,2.9709322672449856,0.1295295169191333,0.04359894648128381,19,0,0.008357990339320054
2022-09-06,3.0133815201873393,0.1295295169191333,0.04298477177595506,19,0,0.014288192770452346
2022-09-07,3.042203242566272,0.1295295169191333,0.04257753561851698,19,0,0.009564577928765194
2022-09-08,3.0151196378679903,0.1295295169191333,0.04295999246342491,19,0,-0.008902628305476168
2022-09-09,3.009715807425784,0.1295295169191333,0.04303712549854339,19,0,-0.0017922441200467487
2022-09-13,3.013640476423672,0.1295295169191333,0.04298107817852504,19,0,0.0013039998621149351
2022-09-14,2.993328831179638,-2.7755575615628914e-16,-9.272477960495488e-17,20,0,-0.006739903250880919
2022-09-15,2.9476886001010185,-2.7755575615628914e-16,-9.416047412429426e-17,20,0,-0.01524731616627406
2022-09-16,2.9043082252084984,-2.7755575615628914e-16,-9.556690772253127e-17,20,0,-0.014716742769583457
2022-09-19,2.8980210984180568,-2.7755575615628914e-16,-9.577423584245074e-17,20,0,-0.0021647588006917795
2022-09-20,2.9282598293810453,-2.7755575615628914e-16,-9.478522136983892e-17,20,0,0.010434268742727681
2022-09-21,2.947007107116353,5.551115123125783e-17,1.883644973139393e-17,20,0,0.0064021906619093905
2022-09-22,2.9476575133968885,5.551115123125783e-17,1.883229343265413e-17,20,0,0.00022070061485934822
2022-09-23,2.9138464620383373,5.551115123125783e-17,1.90508154614385e-17,20,0,-0.011470481629864526
2022-09-26,2.8967131442913825,5.551115123125783e-17,1.9163496164835962e-17,20,0,-0.005879965869913906
2022-09-27,2.9231936503066374,5.551115123125783e-17,1.8989898676550155e-17,20,0,0.009141570012702438
2022-09-28,2.872847632804321,5.551115123125783e-17,1.932269243846768e-17,20,0,-0.017222949802533583
2022-09-29,2.860918801695733,5.551115123125783e-17,1.9403259959127493e-17,20,0,-0.004152267239089014
2022-09-30,2.836080964897975,5.551115123125783e-17,1.9573189876564326e-17,20,0,-0.008681769221494995
2022-10-10,2.7997215182266006,-3.885780586188048e-16,-1.3879168199019233e-16,20,0,-0.01282031335543421
2022-10-11,2.8562145969737918,-2.7755575615628914e-17,-9.717608629630428e-18,20,0,0.020178106422161113
2022-10-12,2.914877902802587,-2.7755575615628914e-17,-9.52203712853378e-18,20,0,0.02053882992228595
2022-10-13,2.929009665986304,-2.7755575615628914e-17,-9.476095602532811e-18,20,0,0.004848149272437707
2022-10-14,2.9556147928781114,0.14328489025648955,0.048478878439014016,19,0,0.00908331822894426
2022-10-17,2.9620544437390244,0.14328489025648955,0.04837348299230446,19,0,0.002178785569902475
2022-10-18,2.9664370998439207,0.14328489025648955,0.04830201532472355,19,0,0.0014796001181409668
2022-10-19,2.956351976288546,0.14328489025648955,0.04846678995116536,19,0,-0.003399742929288907
2022-10-20,2.895552133616629,0.14328489025648955,0.04948447952049909,19,0,-0.020565833554178514
2022-10-21,2.89032201647282,-5.551115123125783e-17,-1.920587080431972e-17,20,0,-0.001806259014676015
2022-10-24,2.8359043027663455,-5.551115123125783e-17,-1.9574409184790984e-17,20,0,-0.018827560872571092
2022-10-25,2.819265127197543,-5.551115123125783e-17,-1.9689936464555934e-17,20,0,-0.005867326183246591
2022-10-26,2.84243020965252,-5.551115123125783e-17,-1.9529468495919175e-17,20,0,0.008216709464996086
2022-10-27,2.8328040378178634,0.14412130769945583,0.05087584802035014,19,0,-0.003386599186135708
2022-10-28,2.807252480981519,0.14412130769945583,0.05133891898781605,19,0,-0.00901988153618516
2022-10-31,2.7740138917680044,0.14412130769945583,0.051954068480746074,19,0,-0.011840256421073114
2022-11-01,2.801761180170621,-1.942890293094024e-16,-6.934532132305817e-17,20,0,0.0100025773068253
2022-11-02,2.8234806515450406,-1.942890293094024e-16,-6.881188620969839e-17,20,0,0.007752078060092593
2022-11-03,2.819440876946127,-1.942890293094024e-16,-6.891048182568958e-17,20,0,-0.0014307782122405799
2022-11-04,2.8968358191260983,-1.942890293094024e-16,-6.706939621038463e-17,20,0,0.027450457575759257
2022-11-07,2.8995399817181244,0.14063113686286954,0.048501189067770144,19,0,0.000933488385559178
2022-11-08,2.883689774283985,0.14063113686286954,0.048767775964315724,19,0,-0.0054664558978585465
2022-11-09,2.881114431234691,0.14063113686286954,0.048811368038097186,19,0,-0.0008930721578515044
2022-11-10,2.863855777680476,0.14063113686286954,0.049105523385249164,19,0,-0.005990270072965709
2022-11-11,2.8973800300817056,3.885780586188048e-16,1.3411359731358642e-16,20,0,0.011705984869245789
2022-11-14,2.8805807299921113,3.885780586188048e-16,1.3489573632601122e-16,20,0,-0.005798100323456845
2022-11-15,2.905103646374504,3.885780586188048e-16,1.337570379300375e-16,20,0,0.00851318490298314
2022-11-16,2.906676334346604,3.885780586188048e-16,1.3368466727003293e-16,20,0,0.0005413534811615772
2022-11-17,2.8674846994251753,3.885780586188048e-16,1.3551181587706477e-16,20,0,-0.01348331579210349
2022-11-18,2.8587839716966603,3.885780586188048e-16,1.3592424697560742e-16,20,0,-0.003034271719133841
2022-11-21,2.867591943400006,0.17731186031222645,0.06183301662578736,19,0,0.003081020388580935
2022-11-22,2.825929566389996,1.6653345369377348e-16,5.893050402756953e-17,20,0,-0.014528697887403186
2022-11-23,2.830515154251074,1.6653345369377348e-16,5.883503341915036e-17,20,0,0.0016226829980534596
2022-11-24,2.8446435982167326,1.6653345369377348e-16,5.854281843889723e-17,20,0,0.004991474412154195
2022-11-25,2.844308345798981,1.6653345369377348e-16,5.854971875315205e-17,20,0,-0.00011785392657337468
2022-11-28,2.839682587349118,1.6653345369377348e-16,5.864509450305666e-17,20,0,-0.0016263210199045641
2022-11-29,2.8833370240580383,1.6653345369377348e-16,5.775719324666132e-17,20,0,0.01537299869478459
2022-11-30,2.877100286036652,1.6653345369377348e-16,5.788239447265897e-17,20,0,-0.0021630277589292923
2022-12-01,2.9113642926504255,1.1102230246251565e-16,3.813411559068206e-17,20,0,0.011909215254006122
2022-12-02,2.92293898734725,1.1102230246251565e-16,3.798310636763422e-17,20,0,0.003975694393877127
2022-12-05,2.9465653180681404,1.1102230246251565e-16,3.7678547894979407e-17,20,0,0.008083073517156425
2022-12-06,2.9527172429222746,1.1102230246251565e-16,3.760004542549357e-17,20,0,0.0020878291129033943
2022-12-07,2.9371027008777464,1.1102230246251565e-16,3.779993884086413e-17,20,0,-0.00528819414793491
2022-12-08,2.9229708464370283,1.1102230246251565e-16,3.7982692368569775e-17,20,0,-0.004811494823281026
2022-12-09,2.94348062425924,1.1102230246251565e-16,3.7718034067391106e-17,20,0,0.007016757572937182
2022-12-12,2.9471671274335,1.1102230246251565e-16,3.7670853963140495e-17,20,0,0.0012524299103167102
2022-12-13,2.902048257871735,-1.3877787807814457e-16,-4.7820665180778086e-17,20,0,-0.015309233447190485
2022-12-14,2.8809964599262825,-1.3877787807814457e-16,-4.817009670386598e-17,20,0,-0.007254117118262848
2022-12-15,2.8929592762859615,-1.3877787807814457e-16,-4.797090619827541e-17,20,0,0.0041523190070094085
2022-12-16,2.8558783166611583,-1.3877787807814457e-16,-4.859376440113578e-17,20,0,-0.01281765696764614
2022-12-19,2.8255906700082662,0.1288400431172546,0.045597561063888174,19,0,-0.010605370150469806
2022-12-20,2.8081099586094553,0.1288400431172546,0.04588140956597539,19,0,-0.006186568912601831
2022-12-21,2.8088549224685138,-8.881784197001252e-16,-3.1620658389845385e-16,20,0,0.000265290131098439
2022-12-22,2.79342217645082,-8.881784197001252e-16,-3.1795352209475173e-16,20,0,-0.005494319373437473
2022-12-23,2.7784498639651543,-8.881784197001252e-16,-3.1966688736020477e-16,20,0,-0.005359845930874907
2022-12-26,2.820068675272909,-8.881784197001252e-16,-3.1494921648111023e-16,20,0,0.014979147850578967
2022-12-27,2.848329480744527,-8.881784197001252e-16,-3.1182432569843133e-16,20,0,0.010021318175481353
2022-12-28,2.837115413503853,-8.881784197001252e-16,-3.1305685185475766e-16,20,0,-0.0039370681364230276
2022-12-29,2.829027217999567,-8.881784197001252e-16,-3.1395188213429953e-16,20,0,-0.002850851772116525
2022-12-30,2.829271196368389,-8.881784197001252e-16,-3.139248089190524e-16,20,0,8.624108218890925e-05
2023-01-03,2.8738145179706835,-4.440892098500626e-16,-1.545295310720512e-16,20,0,0.015743744063654974
2023-01-04,2.909395002646875,-4.440892098500626e-16,-1.526397101273785e-16,20,0,0.012380925927438113
2023-01-05,2.9147564795812317,-4.440892098500626e-16,-1.5235894077637173e-16,20,0,0.0018428150627463058
2023-01-06,2.9105078317720827,-4.440892098500626e-16,-1.5258134852008827e-16,20,0,-0.0014576338843097503
2023-01-09,2.9113678100887035,-4.440892098500626e-16,-1.5253627807217259e-16,20,0,0.00029547363083270994
2023-01-10,2.892685470877099,-4.440892098500626e-16,-1.5352142993804616e-16,20,0,-0.006417031591427591
2023-01-11,2.885642722114488,-2.220446049250313e-16,-7.694805847701255e-17,20,0,-0.002434674918346813
2023-01-12,2.8901616852500442,-2.220446049250313e-16,-7.68277449868072e-17,20,0,0.0015660161602559786
2023-01-13,2.902589442215632,-2.220446049250313e-16,-7.649879851955161e-17,20,0,0.004300021354864958
2023-01-16,2.9261019657120064,-2.220446049250313e-16,-7.588409683836884e-17,20,0,0.00810053366638952
2023-01-17,2.938079865017002,-2.220446049250313e-16,-7.55747342231442e-17,20,0,0.004093466135272283
2023-01-18,2.9472445735932924,-2.220446049250313e-16,-7.533972813607173e-17,20,0,0.0031192850423884533
2023-01-19,2.9592791599869877,-2.220446049250313e-16,-7.503334187843491e-17,20,0,0.004083334821114892
2023-01-20,2.969466683106302,-2.220446049250313e-16,-7.477592060159259e-17,20,0,0.0034425691421957616
2023-01-30,3.008035173164325,1.7672495411513722e-17,5.875095999267525e-18,20,0,0.012988355881359048
2023-01-31,2.9986608989363353,-8.326672684688674e-17,-2.776797032182684e-17,20,0,-0.003116411108361028
2023-02-01,3.0164952026923344,-8.326672684688674e-17,-2.7603798863186682e-17,20,0,0.0059474226519995455
2023-02-02,3.025473834445482,-8.326672684688674e-17,-2.7521879680095837e-17,20,0,0.0029765111992001714
2023-02-03,3.028277263127993,-8.326672684688674e-17,-2.7496401290837614e-17,20,0,0.0009266081400518544
2023-02-06,3.0096244686910945,-8.326672684688674e-17,-2.7666816147032453e-17,20,0,-0.0061595398360688725
2023-02-07,3.0274667483397497,-8.326672684688674e-17,-2.7503762640019043e-17,20,0,0.005928407292759452
2023-02-08,3.022408392509177,-8.326672684688674e-17,-2.7549793420788986e-17,20,0,-0.0016708212677634116
2023-02-09,3.0429898533090753,-8.326672684688674e-17,-2.7363458591995958e-17,20,0,0.006809622700528539
2023-02-10,3.0379680419149677,-8.326672684688674e-17,-2.7408690841395414e-17,20,0,-0.0016502885767584186
2023-02-13,3.0483580961996943,4.996003610813204e-16,1.6389162470910445e-16,20,0,0.00342006701234987
2023-02-14,3.0412882769270015,4.996003610813204e-16,1.6427260936478206e-16,20,0,-0.0023192220367765914
2023-02-15,3.032397416830088,4.996003610813204e-16,1.647542496601837e-16,20,0,-0.0029233861730125765
2023-02-16,3.0049842117370043,4.996003610813204e-16,1.6625723327595486e-16,20,0,-0.009040109631058835
2023-02-17,2.98449870907069,4.996003610813204e-16,1.6739841755096133e-16,20,0,-0.006817174807874582
2023-02-20,3.0086742769456882,4.996003610813204e-16,1.6605332285703559e-16,20,0,0.008100378064001879
2023-02-21,3.0081589386078997,-4.85722573273506e-17,-1.6146838753749034e-17,20,0,-0.0001712841904281115
2023-02-22,3.0145009989466747,-4.85722573273506e-17,-1.6112868214116596e-17,20,0,0.0021082863200405644
2023-02-23,2.9924716952895523,-4.85722573273506e-17,-1.62314842956771e-17,20,0,-0.0073077778593604314
2023-02-24,3.000480343378408,-4.85722573273506e-17,-1.618816048388452e-17,20,0,0.002676265276447598
2023-02-27,2.989226784703564,-4.85722573273506e-17,-1.6249104141547234e-17,20,0,-0.0037505857019456412
2023-02-28,3.0004730333450294,-4.85722573273506e-17,-1.6188199922997005e-17,20,0,0.0037622600931501715
2023-03-01,3.0115172615051287,0.0,0.0,20,0,0.0036808290017480427
2023-03-02,3.02236544221718,0.0,0.0,20,0,0.0036022309586993817
2023-03-03,3.029775930311846,0.0,0.0,20,0,0.0024518835449724996
2023-03-06,3.0267144662303602,0.0,0.0,20,0,-0.0010104589091414207
2023-03-07,3.005976190545241,0.0,0.0,20,0,-0.006851744991640318
2023-03-08,2.999376659334661,0.0,0.0,20,0,-0.002195470220734852
2023-03-09,3.0019095687438178,0.0,0.0,20,0,0.0008444786023369399
2023-03-10,2.9854539702825256,0.0,0.0,20,0,-0.005481710252910221
2023-03-13,3.0194536605012248,5.551115123125783e-17,1.8384501791639702e-17,20,0,0.011388448978659538
2023-03-14,2.9959823059933637,5.551115123125783e-17,1.8528531066491816e-17,20,0,-0.007773377950753169
2023-03-15,3.0015111506998218,5.551115123125783e-17,1.8494401134680124e-17,20,0,0.001845419679347815
2023-03-16,2.9893488181170893,5.551115123125783e-17,1.8569646638368156e-17,20,0,-0.004052069764890476
2023-03-17,3.0247045494762967,5.551115123125783e-17,1.8352586285119694e-17,20,0,0.011827235130585034
2023-03-20,3.028941224997883,5.551115123125783e-17,1.8326915944463936e-17,20,0,0.001400690696325979
2023-03-21,3.0496228810076307,-5.551115123125783e-17,-1.82026281272248e-17,20,0,0.006828014964127327
2023-03-22,3.076551231057972,-5.551115123125783e-17,-1.8043304681836394e-17,20,0,0.008830059027312931
2023-03-23,3.0771742489341682,-5.551115123125783e-17,-1.8039651557101474e-17,20,0,0.00020250528250809197
2023-03-24,3.0963311841930112,-5.551115123125783e-17,-1.7928040616147965e-17,20,0,0.006225495766279288
2023-03-27,3.0957929375845903,-5.551115123125783e-17,-1.793115765506233e-17,20,0,-0.00017383366842949055
2023-03-28,3.078859433813957,-5.551115123125783e-17,-1.8029777722750084e-17,20,0,-0.005469843788662776
2023-03-29,3.0670783726798105,-5.551115123125783e-17,-1.809903252741333e-17,20,0,-0.0038264368307171504
2023-03-30,3.051186147496151,-5.551115123125783e-17,-1.819330206280961e-17,20,0,-0.005181551709020793
2023-03-31,3.0696013057258713,1.3877787807814457e-16,4.521039192264992e-17,20,0,0.006035409620888776
2023-04-03,3.1020302757365106,1.3877787807814457e-16,4.47377574498994e-17,20,0,0.010564554409769
2023-04-04,3.0945433314372712,1.3877787807814457e-16,4.484599606937438e-17,20,0,-0.0024135626134279553
2023-04-06,3.089596984879408,0.15484437143428456,0.05011798373447998,19,0,-0.0015984092087557578
2023-04-07,3.1022239983411986,0.15484437143428456,0.04991398800250464,19,0,0.004086945165854061
2023-04-10,3.0941878670105045,0.2999486725740403,0.09693938618660546,18,0,-0.00259044199741576
2023-04-11,3.085621529315893,3.3306690738754696e-16,1.0794159433460738e-16,20,0,-0.0027685253975505697
2023-04-12,3.1293328826873825,3.3306690738754696e-16,1.064338374578797e-16,20,0,0.01416614220383039
2023-04-13,3.106724400259123,3.3306690738754696e-16,1.0720838557799553e-16,20,0,-0.007224697172147465
2023-04-14,3.1205131840922666,3.3306690738754696e-16,1.0673465796762322e-16,20,0,0.004438367250082953
2023-04-17,3.0999701726621636,0.14176969342440507,0.04573259919551336,19,0,-0.006583215714270008
2023-04-18,3.0988701692036305,0.14176969342440507,0.04574883285957025,19,0,-0.0003548432395362733
2023-04-19,3.1000827221169187,0.14176969342440507,0.04573093885946256,19,0,0.00039128871074955995
2023-04-20,3.10054732272558,0.14176969342440507,0.045724086320276,19,0,0.00014986716494602703
2023-04-21,3.0705423258889697,-3.3306690738754696e-16,-1.0847168742125023e-16,20,0,-0.00967732265096799
2023-04-24,3.1020807060275737,-3.3306690738754696e-16,-1.0736887236375675e-16,20,0,0.010271273537801884
2023-04-25,3.066845452427111,-3.3306690738754696e-16,-1.08602442657799e-16,20,0,-0.011358587006455978
2023-04-26,3.1028787851918262,-3.3306690738754696e-16,-1.0734125644130055e-16,20,0,0.011749314832998348
2023-04-27,3.0791292389625435,-3.3306690738754696e-16,-1.0816918730561884e-16,20,0,-0.00765403609790527
2023-04-28,3.1127830569609216,-3.3306690738754696e-16,-1.069997173888268e-16,20,0,0.010929654258265975
2023-05-04,3.1541722915859713,-3.3306690738754696e-16,-1.0559566079381012e-16,20,0,0.013296536850678775
2023-05-05,3.113909489061729,-3.3306690738754696e-16,-1.0696101108831695e-16,20,0,-0.01276493444306992
2023-05-08,3.1213252772230136,-3.3306690738754696e-16,-1.0670688819842274e-16,20,0,0.0023815040826762335
2023-05-09,3.0889588226468367,-3.3306690738754696e-16,-1.0782497485743492e-16,20,0,-0.010369459028304995
2023-05-10,3.0738072338254736,-3.3306690738754696e-16,-1.0835647197466971e-16,20,0,-0.0049050795725338325
2023-05-11,3.0793725722525203,-1.1102230246251565e-15,-3.6053546577283536e-16,20,0,0.001810568459141848
2023-05-12,3.0371412944404943,-1.1102230246251565e-15,-3.6554869101988324e-16,20,0,-0.01371424756866435
2023-05-15,3.0605893787871175,-1.1102230246251565e-15,-3.6274811391560387e-16,20,0,0.007720445666964837
2023-05-16,3.0551553959779785,-1.1102230246251565e-15,-3.633933076159505e-16,20,0,-0.001775469406906316
2023-05-17,3.087100992995066,-1.1102230246251565e-15,-3.5963288118670595e-16,20,0,0.010456292029905612
2023-05-18,3.1043443348636446,-1.1102230246251565e-15,-3.5763527008157166e-16,20,0,0.00558560989993695
2023-05-19,3.0929770586165057,-1.1102230246251565e-15,-3.5894964740597247e-16,20,0,-0.003661731760706277
2023-05-22,3.087393072137501,-1.1102230246251565e-15,-3.595988585465451e-16,20,0,-0.0018053759769891542
2023-05-23,3.074007194308259,3.7643499428696714e-16,1.2245742136972322e-16,20,0,-0.004335657143900495
2023-05-24,3.0689025298389256,3.7643499428696714e-16,1.2266111113888152e-16,20,0,-0.001660589629973952
2023-05-25,3.069010299457899,3.7643499428696714e-16,1.2265680384111436e-16,20,0,3.511666399491631e-05
2023-05-26,3.0795597361384206,3.7643499428696714e-16,1.2223662683646903e-16,20,0,0.003437406737405002
2023-05-29,3.075402381270406,3.7643499428696714e-16,1.2240186733921532e-16,20,0,-0.0013499835120028836
2023-05-30,3.08032845395714,3.7643499428696714e-16,1.2220612181904836e-16,20,0,0.0016017652573643293
2023-05-31,3.073567540992067,-2.220446049250313e-16,-7.2243281451808e-17,20,0,-0.002194867549396462
2023-06-01,3.085351676391751,-2.220446049250313e-16,-7.196735679243783e-17,20,0,0.0038340251979236406
2023-06-02,3.120577122608463,-2.220446049250313e-16,-7.115498069774548e-17,20,0,0.011416995503704674
2023-06-05,3.1153981581401586,-2.220446049250313e-16,-7.127326706053787e-17,20,0,-0.001659617520997303
2023-06-06,3.0903820024363284,-2.220446049250313e-16,-7.185021293483478e-17,20,0,-0.008029842233316486
2023-06-07,3.094667569135887,-2.220446049250313e-16,-7.175071311036875e-17,20,0,0.001386743352821851
2023-06-08,3.0963910233922114,-2.220446049250313e-16,-7.171077659364003e-17,20,0,0.0005569109501495362
2023-06-09,3.1077385092827683,-2.220446049250313e-16,-7.144893441381487e-17,20,0,0.0036647457652572157
2023-06-12,3.118838712651212,-2.220446049250313e-16,-7.119464178263942e-17,20,0,0.0035717945172308863
2023-06-13,3.1143823465457223,-3.885780586188048e-16,-1.2476889969845585e-16,20,0,-0.001428854299971638
2023-06-14,3.139510718387946,-3.885780586188048e-16,-1.2377026023288403e-16,20,0,0.008068492897185475
2023-06-15,3.1828198266618593,-3.885780586188048e-16,-1.2208609967920973e-16,20,0,0.013794859186259112
2023-06-16,3.1964669044656486,-3.885780586188048e-16,-1.215648621532539e-16,20,0,0.004287731806076556
2023-06-19,3.215801098046639,-3.885780586188048e-16,-1.2083398405916248e-16,20,0,0.006048613722225538
2023-06-20,3.2067676116470833,-3.885780586188048e-16,-1.2117437422265235e-16,20,0,-0.0028090936361216956
2023-06-21,3.1839561398770164,1.6653345369377348e-16,5.230394087658695e-17,20,0,-0.00711354065296621
2023-06-26,3.1435227331932656,1.6653345369377348e-16,5.2976697745909037e-17,20,0,-0.012699109192287006
2023-06-27,3.165375217013837,1.6653345369377348e-16,5.261096782418054e-17,20,0,0.006951590834647359
2023-06-28,3.1592143985555667,1.6653345369377348e-16,5.27135650463972e-17,20,0,-0.0019463153768173314
2023-06-29,3.1890280896737653,1.6653345369377348e-16,5.222075472869532e-17,20,0,0.009437058507909324
2023-06-30,3.1980257387107494,1.6653345369377348e-16,5.207383157613663e-17,20,0,0.0028214392548371325
2023-07-03,3.205489958504852,1.9949319973733282e-16,6.223485405344497e-17,20,0,0.00233400866783251
2023-07-04,3.20732327652346,1.9949319973733282e-16,6.219928037736537e-17,20,0,0.0005719306696760906
2023-07-05,3.2119289602414947,1.9949319973733282e-16,6.211009091631141e-17,20,0,0.0014359898647406943
2023-07-06,3.199737077281618,1.9949319973733282e-16,6.234674753552411e-17,20,0,-0.0037958133915141357
2023-07-07,3.1901554220542043,1.9949319973733282e-16,6.253400644940214e-17,20,0,-0.00299451329780942
2023-07-10,3.185584720799967,0.14564566112670138,0.04572022843270253,19,0,-0.001432751903759688
2023-07-11,3.1860444087166275,2.7755575615628914e-16,8.71160977533554e-17,20,0,0.00014430252432440227
2023-07-12,3.178638710791533,2.7755575615628914e-16,8.731906372812442e-17,20,0,-0.0023244176712771125
2023-07-13,3.190150894417876,2.7755575615628914e-16,8.70039585406308e-17,20,0,0.0036217339162385453
2023-07-14,3.182523473274969,2.7755575615628914e-16,8.721247729578282e-17,20,0,-0.0023909280141741762
2023-07-17,3.17142952193426,2.7755575615628914e-16,8.751755454020224e-17,20,0,-0.0034858977267159252
2023-07-18,3.1814969453216135,2.7755575615628914e-16,8.724061689401728e-17,20,0,0.003174411828396284
2023-07-19,3.1820807748427837,2.7755575615628914e-16,8.722461049719968e-17,20,0,0.00018350780503761932
2023-07-20,3.178335789182763,2.7755575615628914e-16,8.73273859549171e-17,20,0,-0.0011768983646262
2023-07-21,3.1748281513340064,-2.220446049250313e-16,-6.993909413072707e-17,20,0,-0.0011036083288287202
2023-07-24,3.1941944611557807,0.15212360545342735,0.04762502950380274,19,0,0.006099955304238014
2023-07-25,3.227793601466508,0.15212360545342735,0.04712928527533851,19,0,0.01051881490601847
2023-07-26,3.2197809710405836,0.15212360545342735,0.04724656950943571,19,0,-0.0024823862412651776
2023-07-27,3.212847921032513,0.15212360545342735,0.04734852355057608,19,0,-0.0021532675888291664
2023-07-28,3.2384672860357266,0.15212360545342735,0.04697395156943053,19,0,0.00797403600571922
2023-07-31,3.253964838772018,0.15212360545342735,0.046750230254742335,19,0,0.004785459097615963
2023-08-01,3.246027250779417,-2.3852447794681098e-17,-7.348197027290448e-18,20,0,-0.0024393588701457913
2023-08-02,3.246668116275582,-2.3852447794681098e-17,-7.346746553831148e-18,20,0,0.00019743071966238368
2023-08-03,3.256844438979799,-2.3852447794681098e-17,-7.323790939843856e-18,20,0,0.003134389577180041
2023-08-04,3.2632996852969205,-2.3852447794681098e-17,-7.309303494910495e-18,20,0,0.0019820554644434107
2023-08-07,3.248961902333687,-2.3852447794681098e-17,-7.341559707901837e-18,20,0,-0.004393645802079904
2023-08-08,3.25336790711022,-2.3852447794681098e-17,-7.331617104401776e-18,20,0,0.0013561269442305957
2023-08-09,3.262730357454798,-2.3852447794681098e-17,-7.310578926690097e-18,20,0,0.0028777717773991185
2023-08-10,3.2735570763934554,-2.3852447794681098e-17,-7.286400462264072e-18,20,0,0.003318300243205785
2023-08-11,3.2665863835040265,-7.771561172376096e-16,-2.37910780857405e-16,20,0,-0.0021293940281953416
2023-08-14,3.2536336905965855,-7.771561172376096e-16,-2.3885790200774274e-16,20,0,-0.003965207524543324
2023-08-15,3.243877870825437,-7.771561172376096e-16,-2.395762566239445e-16,20,0,-0.002998438268986492
2023-08-16,3.2462941968341266,-7.771561172376096e-16,-2.3939793195438453e-16,20,0,0.0007448880953322412
2023-08-17,3.26674259348445,-7.771561172376096e-16,-2.378994043753723e-16,20,0,0.00629899676691803
2023-08-18,3.266127019130166,-7.771561172376096e-16,-2.379442418147539e-16,20,0,-0.00018843674904522878
2023-08-21,3.2308250969418872,-7.771561172376096e-16,-2.4054416253396717e-16,20,0,-0.0108084964183911
2023-08-22,3.1885377358412326,-3.885780586188048e-16,-1.218671663348799e-16,20,0,-0.013088718773628938
2023-08-23,3.1570679797266035,-3.885780586188048e-16,-1.230819422052657e-16,20,0,-0.00986965145837504
2023-08-24,3.1591437689083284,-3.885780586188048e-16,-1.2300106834108456e-16,20,0,0.0006575053800090824
2023-08-25,3.1294015216169315,-3.885780586188048e-16,-1.2417008681520364e-16,20,0,-0.00941465456055346
2023-08-28,3.123132499758492,-3.885780586188048e-16,-1.2441933176029292e-16,20,0,-0.0020032654215622614
2023-08-29,3.1616120537789514,-3.885780586188048e-16,-1.229050408491303e-16,20,0,0.012320820209656524
2023-08-30,3.1621683257479427,-3.885780586188048e-16,-1.228834200427629e-16,20,0,0.0001759456756644795
2023-08-31,3.136850098246875,2.7755575615628914e-16,8.848231425257129e-17,20,0,-0.008006603347112895
2023-09-01,3.1483966629895273,2.7755575615628914e-16,8.815781042428719e-17,20,0,0.0036809424680845915
2023-09-04,3.190664324623066,2.7755575615628914e-16,8.698995817715128e-17,20,0,0.01342513862068584
2023-09-05,3.1950322675349248,2.7755575615628914e-16,8.687103381601613e-17,20,0,0.001368976008585543
2023-09-06,3.1915987235883967,2.7755575615628914e-16,8.696449027408623e-17,20,0,-0.0010746507887937629
2023-09-07,3.1302531417243746,2.7755575615628914e-16,8.866878926072762e-17,20,0,-0.019220957011490958
2023-09-08,3.116387526978041,2.7755575615628914e-16,8.906329965498059e-17,20,0,-0.004429550620527634
2023-09-11,3.122704967637281,2.7755575615628914e-16,8.888311865283097e-17,20,0,0.0020271678681009764
2023-09-12,3.12128731668336,-6.435812701652982e-16,-2.0619097342475968e-16,20,0,-0.0004539817141270275
2023-09-13,3.0986072812166636,-6.435812701652982e-16,-2.0770017358011143e-16,20,0,-0.00726624407354981
2023-09-14,3.081312918173707,-6.435812701652982e-16,-2.0886592412261347e-16,20,0,-0.00558133428130525
2023-09-15,3.082912143405619,-6.435812701652982e-16,-2.087575773256871e-16,20,0,0.0005190077328660614
2023-09-18,3.1059641309801216,-6.435812701652982e-16,-2.0720821072785826e-16,20,0,0.007477341715303565
2023-09-19,3.093712791080859,-6.435812701652982e-16,-2.0802877113245164e-16,20,0,-0.003944456337104052
2023-09-20,3.082744020455712,-6.435812701652982e-16,-2.0876896229293784e-16,20,0,-0.003545503854388121
2023-09-21,3.070554170280813,2.5218542532012833e-16,8.21302642242801e-17,20,0,-0.003954220685860599
2023-09-22,3.105531182168814,2.5218542532012833e-16,8.120524655109381e-17,20,0,0.011391107255665833
2023-09-25,3.098573605955529,2.5218542532012833e-16,8.138758583479257e-17,20,0,-0.0022403820168458433
2023-09-26,3.1011570993699022,2.5218542532012833e-16,8.131978395140567e-17,20,0,0.0008337686119213039
2023-09-27,3.1292760220131326,2.5218542532012833e-16,8.05890639068304e-17,20,0,0.009067235790455097
2023-09-28,3.1301230008546215,2.5218542532012833e-16,8.05672573414124e-17,20,0,0.0002706628739461703
2023-10-09,3.1325677046371205,2.5218542532012833e-16,8.050438142065368e-17,20,0,0.0007810248293218525
2023-10-10,3.1237644623882974,2.5218542532012833e-16,8.073125498307196e-17,20,0,-0.0028102320775993395
2023-10-11,3.1187849195351296,-2.220446049250313e-16,-7.119586975498399e-17,20,0,-0.0015940839692377695
2023-10-12,3.131242948530149,-2.220446049250313e-16,-7.091260837146549e-17,20,0,0.003994513670046995
2023-10-13,3.129922627516302,0.14252504488477338,0.04553628375084522,19,0,-0.00042166035518464984
2023-10-16,3.094891724730257,0.29104819684018246,0.09404147954983771,18,0,-0.011192258389416843
2023-10-17,3.090825336361382,0.29104819684018246,0.09416520351901013,18,0,-0.001313903273701622
2023-10-18,3.048778315258463,0.29104819684018246,0.09546387659068238,18,0,-0.013603816627314913
2023-10-19,3.0135706807355787,0.29104819684018246,0.09657918385678642,18,0,-0.011548112352635753
2023-10-20,3.0111881110627046,0.43105352396745666,0.143150646212976,17,0,-0.0007906135031459094
2023-10-23,2.9785829913660375,-1.1102230246251565e-16,-3.727352999205794e-17,20,0,-0.010827991641199741
2023-10-24,3.067876996415357,-1.1102230246251565e-16,-3.6188642045375036e-17,20,0,0.029978686277385647
2023-10-25,3.1204468318358405,-1.1102230246251565e-16,-3.557897584725016e-17,20,0,0.017135574692827893
2023-10-26,3.1221478845694524,-1.1102230246251565e-16,-3.555959120681619e-17,20,0,0.0005451311383539714
2023-10-27,3.1526732580366823,-1.1102230246251565e-16,-3.521528981143275e-17,20,0,0.009777042790988455
2023-10-30,3.1777619931394,-1.1102230246251565e-16,-3.4937261727658095e-17,20,0,0.007957924291317697
2023-10-31,3.1529947684034934,-4.996003610813204e-16,-1.584526451131066e-16,20,0,-0.0077939206238155645
2023-11-01,3.1420195474241,-4.996003610813204e-16,-1.590061276006078e-16,20,0,-0.0034808877862333443
2023-11-02,3.139355124868201,-4.996003610813204e-16,-1.5914107872784705e-16,20,0,-0.0008479968108676683
2023-11-03,3.173014693671344,-4.996003610813204e-16,-1.574528986826899e-16,20,0,0.010721809882708433
2023-11-06,3.2151747454112862,-4.996003610813204e-16,-1.553882450073212e-16,20,0,0.013287064766523526
2023-11-07,3.2449960538378675,-4.996003610813204e-16,-1.5396023686698833e-16,20,0,0.009275175002273928
2023-11-08,3.2684692454364668,-4.996003610813204e-16,-1.5285453940828025e-16,20,0,0.007233657979595298
2023-11-09,3.232290451592382,-4.996003610813204e-16,-1.5456542924080142e-16,20,0,-0.011069032971504522
2023-11-10,3.2051758502067034,-4.996003610813204e-16,-1.5587299556406585e-16,20,0,-0.008388664877663099
2023-11-13,3.2375391446879824,-5.221517662690189e-16,-1.612804488019067e-16,20,0,0.010097197780643441
2023-11-14,3.273126688729976,-5.221517662690189e-16,-1.5952690376052078e-16,20,0,0.010992158689535625
2023-11-15,3.2960546128239145,-5.221517662690189e-16,-1.5841720711710607e-16,20,0,0.00700489967983331
2023-11-16,3.2486863379838833,-5.221517662690189e-16,-1.607270483961414e-16,20,0,-0.014371204486641753
2023-11-17,3.271930640659358,-5.221517662690189e-16,-1.5958521851911727e-16,20,0,0.007154985202387998
2023-11-20,3.2781713993699833,-5.221517662690189e-16,-1.5928141108465802e-16,20,0,0.001907362776298882
2023-11-21,3.2560195610327494,-5.551115123125783e-17,-1.7048776947043498e-17,20,0,-0.006757376487846578
2023-11-22,3.2211697527961802,-5.551115123125783e-17,-1.723322752024187e-17,20,0,-0.01070319375646367
2023-11-23,3.2326437011814972,-5.551115123125783e-17,-1.7172059887382296e-17,20,0,0.003562043998257769
2023-11-24,3.2047707024660377,-5.551115123125783e-17,-1.7321411228747997e-17,20,0,-0.008622354113839492
2023-11-27,3.215455844693566,-5.551115123125783e-17,-1.7263851196360638e-17,20,0,0.003334136267317378
2023-11-28,3.233051025466204,-5.551115123125783e-17,-1.71698964210604e-17,20,0,0.005472064187003189
2023-11-29,3.2326835799265674,-5.551115123125783e-17,-1.7171848050936925e-17,20,0,-0.00011365287362996579
2023-11-30,3.221995924061102,-5.551115123125783e-17,-1.722880864519837e-17,20,0,-0.003306124958171175
2023-12-01,3.2254893005002505,5.757113535898029e-16,1.7848806799654058e-16,20,0,0.00108422745449821
2023-12-04,3.229479052863819,5.757113535898029e-16,1.782675608560696e-16,20,0,0.0012369448452207443
2023-12-05,3.180584606823132,5.757113535898029e-16,1.8100802989323447e-16,20,0,-0.015140041238951185
2023-12-06,3.1760721858151437,5.757113535898029e-16,1.8126519798920932e-16,20,0,-0.0014187394978608658
2023-12-07,3.1727731121853275,0.15101052613862448,0.047595753241432434,19,0,-0.0010387275341380287
2023-12-08,3.1848813981810133,0.15101052613862448,0.04741480364853504,19,0,0.0038163100756190005
2023-12-11,3.1977891031216386,0.15101052613862448,0.04722341632573894,19,0,0.004052805529272563
2023-12-12,3.1920172305077688,6.106226635438361e-16,1.9129679429916535e-16,20,0,-0.001804957246316019
2023-12-13,3.1846851995424745,6.106226635438361e-16,1.9173721271777843e-16,20,0,-0.002296989782892833
2023-12-14,3.1803138263941912,6.106226635438361e-16,1.9200075743347445e-16,20,0,-0.001372623312631105
2023-12-15,3.1644639321272647,0.1580958183340483,0.04995974728262132,19,0,-0.004983751645948997
2023-12-18,3.14864483879053,0.3212766224277358,0.10203647565126649,18,0,-0.004998980451675017
2023-12-19,3.135541186717841,0.3212766224277358,0.10246289341969553,18,0,-0.004161679942829677
2023-12-20,3.13200986649689,0.3212766224277358,0.10257841964817285,18,0,-0.0011262235163453926
2023-12-21,3.152793372141157,-2.7755575615628914e-17,-8.8034870476714e-18,20,0,0.006635836581036392
2023-12-22,3.1485644775305577,-2.7755575615628914e-17,-8.815311172346649e-18,20,0,-0.0013413167662577052
2023-12-25,3.150682256414429,-2.7755575615628914e-17,-8.809385827187661e-18,20,0,0.0006726172828870336
2023-12-26,3.1262143838472336,-2.7755575615628914e-17,-8.878334051253353e-18,20,0,-0.007765896582361376
2023-12-27,3.14974999241891,-2.7755575615628914e-17,-8.811993231981404e-18,20,0,0.007528469158507578
2023-12-28,3.1936991708262172,-2.7755575615628914e-17,-8.690729505512093e-18,20,0,0.013953227561897874
2023-12-29,3.235933197868964,-2.7755575615628914e-17,-8.577301791615306e-18,20,0,0.01322417196602177
2024-01-02,3.2433401809631714,-2.7755575615628914e-17,-8.5577133655423e-18,20,0,0.0022889789872935218
2024-01-03,3.200087867723137,-2.7755575615628914e-17,-8.673379220482783e-18,20,0,-0.013335731322266065
2024-01-04,3.1867883969113384,-2.7755575615628914e-17,-8.70957596134398e-18,20,0,-0.00415597051129124
2024-01-05,3.163416866326767,-2.7755575615628914e-17,-8.773922877846186e-18,20,0,-0.007333882164006655
2024-01-08,3.128259715314468,-2.7755575615628914e-17,-8.872529182839534e-18,20,0,-0.011113663642162375
2024-01-09,3.1390419541490275,-2.7755575615628914e-17,-8.842053091690281e-18,20,0,0.003446721121579177
2024-01-10,3.119795660480265,-2.7755575615628914e-17,-8.89660049445552e-18,20,0,-0.006131263598858183
2024-01-11,3.1336627827871233,3.885780586188048e-16,1.2400123611041456e-16,20,0,0.004444881593534733
2024-01-12,3.1396764514394606,3.885780586188048e-16,1.2376372681352302e-16,20,0,0.0019190541769107394
2024-01-15,3.139474732727749,3.885780586188048e-16,1.2377167892706265e-16,20,0,-6.424824813366925e-05
2024-01-16,3.1163895103886965,3.885780586188048e-16,1.2468854015951902e-16,20,0,-0.007353211700797724
2024-01-17,3.069432082914238,3.885780586188048e-16,1.2659607644742986e-16,20,0,-0.015067894214738753
2024-01-18,3.064403657856254,3.885780586188048e-16,1.2680380981226211e-16,20,0,-0.001638226525999542
2024-01-19,3.055991239158456,3.885780586188048e-16,1.271528706102605e-16,20,0,-0.0027452058008843316
2024-01-22,2.9806437487790625,3.885780586188048e-16,1.30367159368836e-16,20,0,-0.02465566308368805
2024-01-23,3.0036690209253036,-1.960237527853792e-16,-6.526143573734783e-17,20,0,0.007724932627615422
2024-01-24,2.9879585874032344,-1.960237527853792e-16,-6.560457484644689e-17,20,0,-0.005230414340801626
2024-01-25,3.052299474589551,-1.960237527853792e-16,-6.422166449173174e-17,20,0,0.021533393219560493
2024-01-26,3.0547886414853025,-1.960237527853792e-16,-6.416933404926776e-17,20,0,0.0008155054628400382
2024-01-29,3.0087406045127842,-1.960237527853792e-16,-6.515142996753022e-17,20,0,-0.015074050082276358
2024-01-30,2.94413603791354,-1.960237527853792e-16,-6.658107854428424e-17,20,0,-0.02147229525281913
2024-01-31,2.91079284321692,-1.942890293094024e-16,-6.674780369965458e-17,20,0,-0.011325290090959839
2024-02-01,2.9367424860706297,-1.942890293094024e-16,-6.615800678164387e-17,20,0,0.008914974115791452
2024-02-02,2.91704802554599,-1.942890293094024e-16,-6.660467280892192e-17,20,0,-0.0067062265820218014
2024-02-05,2.8928072336893838,-1.942890293094024e-16,-6.716279849093611e-17,20,0,-0.008310042085120983
2024-02-06,2.9979366371876486,-1.942890293094024e-16,-6.480758362246911e-17,20,0,0.03634165535606271
2024-02-07,3.022953821545828,-1.942890293094024e-16,-6.427125281392822e-17,20,0,0.00834480090334666
2024-02-08,3.0371914542736587,-1.942890293094024e-16,-6.396996443408815e-17,20,0,0.004709841290446937
2024-02-19,3.040284866458055,-1.942890293094024e-16,-6.390487662945544e-17,20,0,0.001018510762646585
2024-02-20,3.0638255770259226,5.551115123125783e-17,1.8118247868778123e-17,20,0,0.007742929232579687
2024-02-21,3.092928684061765,1.1102230246251565e-16,3.589552615119352e-17,20,0,0.00949894382176053
2024-02-22,3.090823791904761,1.1102230246251565e-16,3.591997148245604e-17,20,0,-0.0006805498516182507
2024-02-23,3.0952443609189535,1.1102230246251565e-16,3.5868671263665274e-17,20,0,0.0014302235623300241
2024-02-26,3.0907824834590585,1.1102230246251565e-16,3.5920451554476494e-17,20,0,-0.0014415267228110595
2024-02-27,3.1082271860792083,1.1102230246251565e-16,3.5718850591021895e-17,20,0,0.005644105566635194
2024-02-28,3.0616030343053264,1.1102230246251565e-16,3.626280129020922e-17,20,0,-0.015000239359174605
2024-02-29,3.0840888371824895,1.1102230246251565e-16,3.5998412602129047e-17,20,0,0.00734445407363693
2024-03-01,3.081347726122178,2.5912431922403556e-17,8.409447496863295e-18,20,0,-0.0008887912135552289
2024-03-04,3.086792410627325,2.5912431922403556e-17,8.394614368362207e-18,20,0,0.0017669815253207322
2024-03-05,3.0784555589859264,2.5912431922403556e-17,8.417348058433354e-18,20,0,-0.002700813832733351
2024-03-06,3.0983038743319815,2.5912431922403556e-17,8.363424949074912e-18,20,0,0.006447491271432737
2024-03-07,3.07824926550026,2.5912431922403556e-17,8.417912159622464e-18,20,0,-0.006472770149456464
2024-03-08,3.114237201079384,2.5912431922403556e-17,8.32063527897695e-18,20,0,0.011691040092971505
2024-03-11,3.16632354140203,2.5912431922403556e-17,8.183759992805309e-18,20,0,0.016725232202798646
2024-03-12,3.192431987512213,1.1102230246251565e-16,3.4776716589985277e-17,20,0,0.008245665917836709
2024-03-13,3.201774071987034,1.1102230246251565e-16,3.4675245650176295e-17,20,0,0.0029263221617137347
2024-03-14,3.1827743684279084,1.1102230246251565e-16,3.488224096681843e-17,20,0,-0.0059341175023427395
2024-03-15,3.2079490245237356,1.1102230246251565e-16,3.4608499578324334e-17,20,0,0.007909657795900138
2024-03-18,3.241585275266729,1.1102230246251565e-16,3.42493851109255e-17,20,0,0.010485282180562994
2024-03-19,3.241646242853468,1.1102230246251565e-16,3.4248740962180987e-17,20,0,1.8807953998223326e-05
2024-03-20,3.257325933369185,1.1102230246251565e-16,3.408387884220133e-17,20,0,0.004836952998892086
2024-03-21,3.244309312259569,-4.440892098500626e-16,-1.3688251245710202e-16,20,0,-0.003996106430820712
2024-03-22,3.2330436089918444,-4.440892098500626e-16,-1.3735948646499773e-16,20,0,-0.0034724504304056714
2024-03-25,3.209482201422231,-4.440892098500626e-16,-1.3836786807955237e-16,20,0,-0.007287686285481487
2024-03-26,3.203129530273505,-4.440892098500626e-16,-1.3864228894051102e-16,20,0,-0.0019793445640267082
2024-03-27,3.1622472469766114,-4.440892098500626e-16,-1.4043468937308784e-16,20,0,-0.012763231368106087
2024-03-28,3.175822092166635,-4.440892098500626e-16,-1.3983441041783688e-16,20,0,0.004292784254299686
2024-03-29,3.1967950688927567,-4.440892098500626e-16,-1.3891700915438336e-16,20,0,0.0066039520216993886
2024-04-01,3.2292171715680946,-4.440892098500626e-16,-1.3752224959042155e-16,20,0,0.010142064779450344
2024-04-02,3.2270485781589637,-4.440892098500626e-16,-1.3761466525657825e-16,20,0,-0.00067155390731366
2024-04-03,3.232571031760336,-4.440892098500626e-16,-1.3737956737434117e-16,20,0,0.001711301663925635
2024-04-08,3.213505888103054,-4.440892098500626e-16,-1.381946152624635e-16,20,0,-0.005897826674175155
2024-04-09,3.2392832200211408,-4.440892098500626e-16,-1.370949002252308e-16,20,0,0.008021560506087377
2024-04-10,3.2191694816473597,-4.440892098500626e-16,-1.3795148481055023e-16,20,0,-0.006209317619855992
2024-04-11,3.2434247364567548,-1.0547118733938987e-15,-3.2518463016536886e-16,20,0,0.00753463119841169
2024-04-12,3.2592066047776607,-1.0547118733938987e-15,-3.2361000737044404e-16,20,0,0.004865803773250743
2024-04-15,3.2048356823458395,-1.0547118733938987e-15,-3.2910014051699606e-16,20,0,-0.016682257072049067
2024-04-16,3.1650673231041178,-1.0547118733938987e-15,-3.332352097836255e-16,20,0,-0.012408860604239291
2024-04-17,3.2093973521954378,-1.0547118733938987e-15,-3.2863237475796095e-16,20,0,0.014006030382899937
2024-04-18,3.2339243165376326,-1.0547118733938987e-15,-3.2613993716560287e-16,20,0,0.007642233619161276
2024-04-19,3.2217109729204503,-1.0547118733938987e-15,-3.273763171988741e-16,20,0,-0.0037766324816959074
2024-04-22,3.1976277317782293,-1.0547118733938987e-15,-3.2984198345295313e-16,20,0,-0.007475295377098901
2024-04-23,3.2042849925405767,-2.7755575615628914e-16,-8.662018416040576e-17,20,0,0.002081937398836997
2024-04-24,3.224102938378862,-2.7755575615628914e-16,-8.608774640919166e-17,20,0,0.006184826220021256
2024-04-25,3.236264227863746,-2.7755575615628914e-16,-8.576424439221495e-17,20,0,0.0037719916880194493
2024-04-26,3.260049294316742,-2.7755575615628914e-16,-8.51385151261833e-17,20,0,0.0073495440354376385
2024-04-29,3.2823424823091085,-2.7755575615628914e-16,-8.456026683755143e-17,20,0,0.0068382978230514535
2024-04-30,3.314227524131055,-2.7755575615628914e-16,-8.374674162693778e-17,20,0,0.00971411179479209
2024-05-06,3.362581454641624,0.16549455802013951,0.0492165201802606,19,0,0.014589804157530528
2024-05-07,3.3877247554117655,0.16549455802013951,0.04885124086771455,19,0,0.007477380432058922
2024-05-08,3.3880257149876676,0.16549455802013951,0.048846901393941135,19,0,8.883826096584002e-05
2024-05-09,3.4057437692139274,0.16549455802013951,0.04859278008995285,19,0,0.0052296103149040984
2024-05-10,3.3932665688688814,0.16549455802013951,0.048771458021733265,19,0,-0.003663575768040217
2024-05-13,3.3983598063988274,-5.551115123125783e-16,-1.6334689201165506e-16,20,0,0.001500983617577667
2024-05-14,3.3982108748857454,-5.551115123125783e-16,-1.633540509257661e-16,20,0,-4.382452758577848e-05
2024-05-15,3.3929335710948942,-5.551115123125783e-16,-1.6360812868300414e-16,20,0,-0.0015529653647607944
2024-05-16,3.4017242440381494,-5.551115123125783e-16,-1.6318533557958582e-16,20,0,0.0025908768206206467
2024-05-17,3.424917755011062,-5.551115123125783e-16,-1.6208024601477922e-16,20,0,0.006818163175207781
2024-05-20,3.4744329235699962,-5.551115123125783e-16,-1.5977039261480363e-16,20,0,0.014457330686696857
2024-05-21,3.4815457873029865,-2.2724877535296173e-16,-6.527237877546405e-17,20,0,0.002047201338882587
2024-05-22,3.4684152726401396,-2.2724877535296173e-16,-6.551948295971525e-17,20,0,-0.0037714611454294777
2024-05-23,3.448184005328678,-2.2724877535296173e-16,-6.590390043042398e-17,20,0,-0.0058330002958560945
2024-05-24,3.442261664378241,-2.2724877535296173e-16,-6.601728674627313e-17,20,0,-0.0017175246278285927
2024-05-27,3.4635144030053584,-2.2724877535296173e-16,-6.561219296670848e-17,20,0,0.006174062491253407
2024-05-28,3.443985742331085,-2.2724877535296173e-16,-6.598423813425745e-17,20,0,-0.005638394532827107
2024-05-29,3.4412357299270395,-2.2724877535296173e-16,-6.603696845777544e-17,20,0,-0.0007984970350615184
2024-05-30,3.4497085030736794,-2.2724877535296173e-16,-6.587477612977554e-17,20,0,0.002462130993513556
2024-05-31,3.4200614674126886,-3.885780586188048e-16,-1.1361727335057754e-16,20,0,-0.008594069798817938
2024-06-03,3.360174832692226,-3.885780586188048e-16,-1.1564221445807027e-16,20,0,-0.017510397193465477
2024-06-04,3.3682540739443954,-3.885780586188048e-16,-1.153648299944785e-16,20,0,0.002404410976941884
2024-06-05,3.3637650971627098,-3.885780586188048e-16,-1.1551878546648964e-16,20,0,-0.0013327310479368526
2024-06-06,3.3242598880293137,-3.885780586188048e-16,-1.1689160044859233e-16,20,0,-0.011744342423529619
2024-06-07,3.3548294583382896,-3.885780586188048e-16,-1.1582647149261496e-16,20,0,0.009195902648603704
2024-06-11,3.362543369929671,-3.885780586188048e-16,-1.155607573998167e-16,20,0,0.002299345372745787
2024-06-12,3.389081818272699,-3.885780586188048e-16,-1.1465585059756685e-16,20,0,0.00789237354686767
2024-06-13,3.3742174520845807,-3.885780586188048e-16,-1.1516094150326398e-16,20,0,-0.004385956723728213
2024-06-14,3.3353124428534198,-3.885780586188048e-16,-1.1650424518740717e-16,20,0,-0.01153008357749008
2024-06-17,3.323150249709056,-3.885780586188048e-16,-1.1693063190652455e-16,20,0,-0.003646492900664655
2024-06-18,3.3219234933220863,-3.885780586188048e-16,-1.1697381333433653e-16,20,0,-0.0003691546559103642
2024-06-19,3.3017117486489496,-3.885780586188048e-16,-1.1768987973520394e-16,20,0,-0.0060843498394130835
2024-06-20,3.223462957384269,-3.885780586188048e-16,-1.2054677337881454e-16,20,0,-0.023699461740323002
2024-06-21,3.120843293472938,1.110233486219348e-16,3.557479122842652e-17,20,0,-0.0318352235679491
2024-06-24,2.9877632282368274,0.11105437483968388,0.037169737477899326,19,0,-0.04264234141920553
2024-06-25,3.0504589244618603,0.11105437483968388,0.03640579256751516,19,0,0.020984158193161573
2024-06-26,3.181579480374376,0.11105437483968388,0.034905422141651515,19,0,0.042983878543995546
2024-06-27,3.150606893735826,0.11105437483968388,0.03524856593835525,19,0,-0.009734971836977468
2024-06-28,3.1801119970566645,0.11105437483968388,0.0349215294752102,19,0,0.009364895182417676
2024-07-01,3.2030092712404246,0.11105437483968388,0.03467188678997361,19,0,0.007200147103294752
2024-07-02,3.2911579865104086,0.11105437483968388,0.03374325246459348,19,0,0.02752059323132916
2024-07-03,3.2983484100686815,0.11105437483968388,0.03366969192844348,19,0,0.0021847700984714002
2024-07-04,3.206445249999062,0.11105437483968388,0.03463473291481162,19,0,-0.02786338756362794
2024-07-05,3.2143886992026145,0.11105437483968388,0.034549143004152814,19,0,0.0024773381686635787
2024-07-08,3.1604651315700663,0.11105437483968388,0.03513861732893535,19,0,-0.01677568355249781
2024-07-09,3.179604780798223,0.11105437483968388,0.03492710022023689,19,0,0.006055959623464835
2024-07-10,3.157867059337646,0.11105437483968388,0.03516752692653795,19,0,-0.006836611138545279
2024-07-11,3.2441794048891373,-5.828670879282072e-16,-1.7966549169561891e-16,20,0,0.027332482314690987
2024-07-12,3.2162679552972153,-5.828670879282072e-16,-1.8122466661032429e-16,20,0,-0.008603546878405699
2024-07-15,3.174876732242662,-5.828670879282072e-16,-1.835873128581225e-16,20,0,-0.012869332913130527
2024-07-16,3.208647007581569,-5.828670879282072e-16,-1.8165509841094282e-16,20,0,0.01063672015859729
2024-07-17,3.169347484977582,-5.828670879282072e-16,-1.8390759949514658e-16,20,0,-0.012248004380390975
2024-07-18,3.1555226805633985,-5.828670879282072e-16,-1.8471332547169015e-16,20,0,-0.00436203492350129
2024-07-19,3.1579634679768853,-5.828670879282072e-16,-1.8457056069163923e-16,20,0,0.0007734970274564379
2024-07-22,3.1507080883939222,-5.828670879282072e-16,-1.8499558561939786e-16,20,0,-0.0022974868634598744
2024-07-23,3.0922839852180806,-1.6653345369377348e-16,-5.385451481488977e-17,20,0,-0.01854316602387096
2024-07-24,3.0521524066532684,-1.6653345369377348e-16,-5.4562627125288267e-17,20,0,-0.012977973160502532
2024-07-25,3.044798247109549,-1.6653345369377348e-16,-5.469441328398852e-17,20,0,-0.002409499449532171
2024-07-26,3.122352797044913,0.14283097924741403,0.045744663890189954,19,0,0.02547116217272749
2024-07-29,3.1117395956094502,0.14283097924741403,0.04590068508590606,19,0,-0.003399103857036123
2024-07-30,3.1086096866038484,0.14283097924741403,0.045946900269572495,19,0,-0.0010058389879468166
2024-07-31,3.1815726984687136,-3.0531133177191805e-16,-9.596239366740354e-17,20,0,0.023471268258375977
2024-08-01,3.18757266830906,-3.0531133177191805e-16,-9.578176359940972e-17,20,0,0.0018858503039185237
2024-08-02,3.166419908717566,-3.0531133177191805e-16,-9.64216182861143e-17,20,0,-0.00663600858477531
2024-08-05,3.119542355280667,-3.0531133177191805e-16,-9.787055183113518e-17,20,0,-0.01480459155396252
2024-08-06,3.1343793581426644,-3.0531133177191805e-16,-9.740726851673628e-17,20,0,0.004756147271692379
2024-08-07,3.14211706872041,-3.0531133177191805e-16,-9.716739545170812e-17,20,0,0.0024686579681696408
2024-08-08,3.1594014179323886,-3.0531133177191805e-16,-9.663581526519772e-17,20,0,0.005500860990840684
2024-08-09,3.146619692407678,-3.0531133177191805e-16,-9.702835474798195e-17,20,0,-0.004045616189244816
2024-08-12,3.128604511816284,-3.0531133177191805e-16,-9.758706497379313e-17,20,0,-0.005725248791540349
2024-08-13,3.1320261883408063,1.1666015375944028e-16,3.7247502652984234e-17,20,0,0.001093674995225058
2024-08-14,3.1399148952355667,1.1666015375944028e-16,3.71539222086744e-17,20,0,0.0025187231588696957
2024-08-15,3.0944900637688946,1.1666015375944028e-16,3.7699314379880585e-17,20,0,-0.014466898939075934
2024-08-16,3.0354832587987843,1.1666015375944028e-16,3.843215192219692e-17,20,0,-0.01906834526986445
2024-08-19,3.0507659957423203,1.1666015375944028e-16,3.8239627005890445e-17,20,0,0.005034696501532876
2024-08-20,3.0062257599182707,1.1666015375944028e-16,3.8806185255565066e-17,20,0,-0.014599689352185807
2024-08-21,3.0180502647374614,-7.216449660063518e-16,-2.3910965779396233e-16,20,0,0.003933338931774832
2024-08-22,3.000881202673917,-7.216449660063518e-16,-2.404776854756311e-16,20,0,-0.005688792616924121
2024-08-23,3.01082481168477,-7.216449660063518e-16,-2.396834791601642e-16,20,0,0.003313563030083566
2024-08-26,3.0632747635293414,-7.216449660063518e-16,-2.355795747081176e-16,20,0,0.017420459550159473
2024-08-27,3.0460864389440427,-7.216449660063518e-16,-2.369088929257429e-16,20,0,-0.00561109463308318
2024-08-28,3.0616775692466116,-7.216449660063518e-16,-2.35702470193139e-16,20,0,0.00511841361533194
2024-08-29,3.0986432952103655,-7.216449660063518e-16,-2.328906225256107e-16,20,0,0.012073683504448818
2024-08-30,3.1405461102353325,-7.216449660063518e-16,-2.297832735696647e-16,20,0,0.013522955381710666
2024-09-02,3.1017977941169583,6.661338147750939e-16,2.1475733074493775e-16,20,0,-0.012338082218277147
2024-09-03,3.107575094107702,6.661338147750939e-16,2.143580748983848e-16,20,0,0.0018625649943078137
2024-09-04,3.096400307489951,6.661338147750939e-16,2.1513168473849074e-16,20,0,-0.003595982809535214
2024-09-05,3.1088774858928154,6.661338147750939e-16,2.1426827457750138e-16,20,0,0.004029575366170546
2024-09-06,3.0864889497286576,6.661338147750939e-16,2.158225173084309e-16,20,0,-0.00720148550907862
2024-09-09,3.068388184350506,6.661338147750939e-16,2.1709567849743766e-16,20,0,-0.005864516501749573
2024-09-10,3.063538760619898,6.661338147750939e-16,2.1743932975090015e-16,20,0,-0.0015804466186323252
2024-09-11,3.039072844237249,-8.326672684688674e-17,-2.739872688631955e-17,20,0,-0.007986161852151175
2024-09-12,3.0393410887584857,-8.326672684688674e-17,-2.7396308744307356e-17,20,0,8.826524897065369e-05
2024-09-13,3.0199535812963068,-8.326672684688674e-17,-2.7572187653011782e-17,20,0,-0.006378852157754467
2024-09-18,3.007868304083147,-8.326672684688674e-17,-2.7682969608028752e-17,20,0,-0.004001808931106909
2024-09-19,3.034171875008609,-8.326672684688674e-17,-2.7442982888584874e-17,20,0,0.008744921075751533
2024-09-20,3.014427975801464,-8.326672684688674e-17,-2.762272892745036e-17,20,0,-0.006507178901026811
2024-09-23,3.014696249752716,-7.216449660063518e-16,-2.3937568040745247e-16,20,0,8.899663664396762e-05
2024-09-24,3.125646495942804,-7.216449660063518e-16,-2.308786252517908e-16,20,0,0.036803126085816595
2024-09-25,3.1442595078438904,-7.216449660063518e-16,-2.2951189754092675e-16,20,0,0.005954931859775803
2024-09-26,3.2317943356113807,-7.216449660063518e-16,-2.232954486164211e-16,20,0,0.027839568441828666
2024-09-27,3.320927227920015,-7.216449660063518e-16,-2.1730225219609438e-16,20,0,0.027580001402463195
2024-09-30,3.5011277862268684,-7.216449660063518e-16,-2.0611785974943278e-16,20,0,0.05426212197360236
2024-10-08,3.6694483167409815,-5.551115123125783e-16,-1.512792835315365e-16,20,0,0.04807608884664871
2024-10-09,3.5375750517484916,-5.551115123125783e-16,-1.569186530864433e-16,20,0,-0.0359381720654981
2024-10-10,3.5403811285555262,-5.551115123125783e-16,-1.567942806595694e-16,20,0,0.0007932204309410995
2024-10-11,3.5051658425586654,4.440892098500626e-16,1.2669563432864302e-16,20,0,-0.009946750001808002
2024-10-14,3.565062720359719,4.440892098500626e-16,1.2456701177062418e-16,20,0,0.017088172283834302
2024-10-15,3.549318478706988,4.440892098500626e-16,1.2511957225428916e-16,20,0,-0.004416259372610032
2024-10-16,3.5675520904404636,4.440892098500626e-16,1.244800912760418e-16,20,0,0.005137214888678576
2024-10-17,3.5662730085840044,4.440892098500626e-16,1.245247373886244e-16,20,0,-0.00035853207578573354
2024-10-18,3.665443475644978,4.440892098500626e-16,1.2115565628028676e-16,20,0,0.02780787304344634
2024-10-21,3.722458300641156,4.440892098500626e-16,1.19299982426552e-16,20,0,0.015554686731636513
2024-10-22,3.71311261830091,-8.881784197001252e-16,-2.3920050669148525e-16,20,0,-0.002510621096450172
2024-10-23,3.71463510874902,-8.881784197001252e-16,-2.391024673212755e-16,20,0,0.0004100307759602462
2024-10-24,3.6970064825734577,-8.881784197001252e-16,-2.402425919150326e-16,20,0,-0.004745722166368926
2024-10-25,3.71747732354276,-8.881784197001252e-16,-2.389196604039242e-16,20,1,0.0055371395927477085
2024-10-28,3.717761070748485,-8.881784197001252e-16,-2.3890142556183984e-16,20,1,7.632789147860031e-05
2024-10-29,3.6931155696535014,-8.881784197001252e-16,-2.404957015150914e-16,20,1,-0.006629124525751706
2024-10-30,3.6807731665869117,-8.881784197001252e-16,-2.413021339545655e-16,20,1,-0.003342002933243604
2024-10-31,3.6997006676607067,4.187188790139018e-16,1.1317642064233662e-16,21,1,0.005142262295762645
2024-11-01,3.7125389931454285,4.187188790139018e-16,1.1278504543305672e-16,21,0,0.0034700984317304062
2024-11-04,3.7785025979765328,4.187188790139018e-16,1.1081608869030143e-16,21,0,0.0177677877465785
2024-11-05,3.8439588153778526,4.187188790139018e-16,1.0892907523847721e-16,21,0,0.017323322057889445
2024-11-06,3.83713769516767,4.187188790139018e-16,1.0912271392846256e-16,21,0,-0.0017745039782670613
2024-11-07,3.8416688152969636,4.187188790139018e-16,1.0899400732999795e-16,21,0,0.001180859403351553
2024-11-08,3.886309738253221,4.187188790139018e-16,1.0774202449496559e-16,21,0,0.011620190365838834
2024-11-11,3.9791726366402327,4.187188790139018e-16,1.0522762323964967e-16,21,0,0.023894878339972614
2024-11-12,3.9470320321912133,1.6653345369377348e-16,4.219207048120196e-17,20,0,-0.008077207847950185
2024-11-13,3.924089875753055,1.6653345369377348e-16,4.243874604472834e-17,20,0,-0.0058125082976390186
2024-11-14,3.8752592163029385,1.6653345369377348e-16,4.2973500454673883e-17,20,0,-0.012443817801381374
2024-11-15,3.8346398010093785,1.6653345369377348e-16,4.3428708388709017e-17,20,0,-0.010481728582871774
2024-11-18,3.795361621928895,1.6653345369377348e-16,4.3878151881911356e-17,20,0,-0.010242990507255634
2024-11-19,3.8368551275988154,1.6653345369377348e-16,4.340363348511248e-17,20,0,0.010932688318862294
2024-11-20,3.8658182957914526,1.6653345369377348e-16,4.307844832621108e-17,20,0,0.007548673908561954
2024-11-21,3.8755641028241476,-2.7755575615628914e-17,-7.161686629155032e-18,20,0,0.0025210204637151623
2024-11-22,3.8310841706161387,-2.7755575615628914e-17,-7.244835764379744e-18,20,0,-0.011477021416210431
2024-11-25,3.842363139721217,-2.7755575615628914e-17,-7.22356909181747e-18,20,0,0.002944067162915953
2024-11-26,3.8288605747918223,-2.7755575615628914e-17,-7.24904317445354e-18,20,0,-0.003514130351139677
2024-11-27,3.8457040349693634,-2.7755575615628914e-17,-7.217293729118191e-18,20,0,0.004399079007586293
2024-11-28,3.854773301787184,-2.7755575615628914e-17,-7.200313336911572e-18,20,0,0.0023582851762258272
2024-11-29,3.8837235695576746,-2.7755575615628914e-17,-7.146640361633681e-18,20,0,0.007510238736236019
2024-12-02,3.9209730492462094,-2.7755575615628914e-17,-7.078746848557096e-18,20,0,0.009591176874820029
2024-12-03,3.9124974604257434,-2.7755575615628914e-17,-7.094081439380322e-18,20,0,-0.0021616034372119453
2024-12-04,3.862435672607487,-2.7755575615628914e-17,-7.186029223081257e-18,20,0,-0.012795353434634227
2024-12-05,3.879347920368737,-2.7755575615628914e-17,-7.154701301705032e-18,20,0,0.004378648395672258
2024-12-06,3.89683773644631,-2.7755575615628914e-17,-7.122589518171826e-18,20,0,0.004508442252818323
2024-12-09,3.9046476569998205,-2.7755575615628914e-17,-7.108343198616599e-18,20,0,0.002004168785491478
2024-12-10,3.920557821343818,-2.7755575615628914e-17,-7.07949656156719e-18,20,0,0.0040746735023518
2024-12-11,3.944327944820734,3.741581697247476e-16,9.485980247054551e-17,20,0,0.006062944244186408
2024-12-12,3.979510214583034,3.741581697247476e-16,9.40211607834637e-17,20,0,0.008919712116863154
2024-12-13,3.9468829052887404,3.741581697247476e-16,9.479839627960167e-17,20,0,-0.008198825366682039
2024-12-16,3.885875549854567,3.741581697247476e-16,9.628670937203607e-17,20,0,-0.015457097891712124
2024-12-17,3.8257383364388393,3.741581697247476e-16,9.78002510420067e-17,20,0,-0.015475846471197041
2024-12-18,3.827554745712816,3.741581697247476e-16,9.775383882982635e-17,20,0,0.00047478659391742006
2024-12-19,3.8052529249864357,3.741581697247476e-16,9.832675438415997e-17,20,0,-0.005826649704059772
2024-12-20,3.8328688975904304,3.741581697247476e-16,9.761830621443006e-17,20,0,0.007257329052337003
2024-12-23,3.7833538654203926,-2.498001805406602e-16,-6.602612111539911e-17,20,0,-0.012918530086214464
2024-12-24,3.7901535135759024,-2.498001805406602e-16,-6.590766828992655e-17,20,0,0.0017972540759820799
2024-12-25,3.7694357986347256,-2.498001805406602e-16,-6.626991249755118e-17,20,0,-0.005466194144107428
2024-12-26,3.79613624364665,-2.498001805406602e-16,-6.580379746873806e-17,20,0,0.0070834062279547805
2024-12-27,3.813081582493288,-2.498001805406602e-16,-6.551136531868313e-17,20,0,0.004463838429139111
2024-12-30,3.8150491687102974,-2.498001805406602e-16,-6.547757826804283e-17,20,0,0.0005160094727694187
2024-12-31,3.7961412683867732,-1.6653345369377348e-16,-4.3869140245285013e-17,20,0,-0.004956135422473751
2025-01-02,3.765702628189901,-1.6653345369377348e-16,-4.422373993291733e-17,20,0,-0.008018310712079368
2025-01-03,3.7482976162989448,-1.6653345369377348e-16,-4.442909041417261e-17,20,0,-0.004621982564598448
2025-01-06,3.731274969720802,-1.6653345369377348e-16,-4.4631782713734063e-17,20,0,-0.004541434091071772
2025-01-07,3.7774364586210334,-1.6653345369377348e-16,-4.408636796886508e-17,20,0,0.01237150552420574
2025-01-08,3.7689737041969282,-1.6653345369377348e-16,-4.418535833994562e-17,20,0,-0.0022403432901673126
2025-01-09,3.7904285788714764,-1.6653345369377348e-16,-4.393525698441084e-17,20,0,0.0056924978411647675
2025-01-10,3.7768422801022163,-1.6653345369377348e-16,-4.409330370270755e-17,20,0,-0.0035843700749284
2025-01-13,3.7736864856907375,-1.3877787807814457e-16,-3.6775147751242666e-17,20,0,-0.0008355642564437105
2025-01-14,3.82215274712489,-1.3877787807814457e-16,-3.630882574814323e-17,20,0,0.012843213557334199
2025-01-15,3.8312470824591784,-1.3877787807814457e-16,-3.622263850157809e-17,20,0,0.002379375167863129
2025-01-16,3.814416847203223,-1.3877787807814457e-16,-3.6382462545984766e-17,20,0,-0.004392886935695173
2025-01-17,3.8437387244731043,-1.3877787807814457e-16,-3.610491972166191e-17,20,0,0.007687119275225696
2025-01-20,3.857538261940434,-1.3877787807814457e-16,-3.597576191203765e-17,20,0,0.0035901341002884113
2025-01-21,3.8824831489467813,-1.5395670849294163e-16,-3.965418588737627e-17,20,0,0.006466530028349959
2025-01-22,3.8814162333131903,-1.5395670849294163e-16,-3.9665085947642276e-17,20,0,-0.00027480238616883756
2025-01-23,3.868664524391192,-1.5395670849294163e-16,-3.97958281268055e-17,20,0,-0.0032853237466659024
2025-01-24,3.8973310812367417,-1.5395670849294163e-16,-3.950311258752143e-17,20,0,0.007409936081252955
2025-01-27,3.8667954586608775,-1.5395670849294163e-16,-3.981506395641079e-17,20,0,-0.007835008609577532
2025-02-05,3.884724916809136,-1.5395670849294163e-16,-3.9631302547774664e-17,20,0,0.004636774388492748
2025-02-06,3.929558157955464,-1.5395670849294163e-16,-3.917913981785799e-17,20,0,0.011540904982058064
2025-02-07,3.942270635050062,-1.5395670849294163e-16,-3.9052800465837774e-17,20,0,0.003235090710863142
2025-02-10,3.9567757496158644,-1.5395670849294163e-16,-3.890963709729777e-17,20,0,0.0036793807195376615
2025-02-11,3.9352131994999575,-2.7755575615628914e-16,-7.053131357446092e-17,20,0,-0.00544952544202193
2025-02-12,3.957052829462911,-2.7755575615628914e-16,-7.014203957291155e-17,20,0,0.0055497958702031
2025-02-13,3.96015423841679,0.1804446685781465,0.045565060781644094,19,0,0.0007837673863708705
2025-02-14,3.9700075996360993,0.1804446685781465,0.04545197056919652,19,0,0.0024881256198869828
2025-02-17,3.996284227716299,0.1804446685781465,0.04515311181488778,19,0,0.006618785334972177
2025-02-18,3.9915306999008076,0.1804446685781465,0.045206884813044454,19,0,-0.001189486919504712
2025-02-19,4.007072441724004,0.1804446685781465,0.045031546397626875,19,0,0.003893679641141956
2025-02-20,4.053673267202032,0.1804446685781465,0.04451386598868509,19,0,0.011629643874863094
2025-02-21,4.131253284193469,-1.1102230246251565e-16,-2.6873758354951645e-17,20,0,0.019138201793206022
2025-02-24,4.096080738452161,0.2028452177261218,0.0495217820835176,19,0,-0.008513771323554686
2025-02-25,4.134937955377745,0.2028452177261218,0.04905641146617664,19,0,0.0094864382337021
2025-02-26,4.151671282854654,0.2028452177261218,0.04885868940631715,19,0,0.00404681464570622
2025-02-27,4.09654892319649,0.2028452177261218,0.04951612235790022,19,0,-0.013277149346048844
2025-02-28,4.021977317206442,0.2028452177261218,0.05043420231594261,19,0,-0.018203518959041487
2025-03-03,3.992546022009915,-3.3306690738754696e-16,-8.342218362704695e-17,20,0,-0.007317618393971714
2025-03-04,4.01491143375459,-3.3306690738754696e-16,-8.295747313062785e-17,20,0,0.0056017918444470904
2025-03-05,4.041992431951384,-3.3306690738754696e-16,-8.240166526654027e-17,20,0,0.006745104753523412
2025-03-06,4.1084064162208564,-3.3306690738754696e-16,-8.106961036584123e-17,20,0,0.01643100163782596
2025-03-07,4.146264575603107,-3.3306690738754696e-16,-8.032939078401666e-17,20,0,0.009214803879377342
2025-03-10,4.173622929469638,-3.3306690738754696e-16,-7.980282670861005e-17,20,0,0.006598313582666604
2025-03-11,4.1544224364202895,-1.0061396160665481e-16,-2.42185196971327e-17,20,0,-0.004600437886656095
2025-03-12,4.173510886468838,-1.0061396160665481e-16,-2.410775108622831e-17,20,0,0.004594730155799143
2025-03-13,4.155690132089311,-1.0061396160665481e-16,-2.4211131823746018e-17,20,0,-0.004269967148595399
2025-03-14,4.202386493618204,-1.0061396160665481e-16,-2.3942100937038613e-17,20,0,0.011236728448137612
2025-03-17,4.215599211776516,-1.0061396160665481e-16,-2.3867060541615054e-17,20,0,0.0031440987587356695
2025-03-18,4.216637846904859,-1.0061396160665481e-16,-2.386118164748451e-17,20,0,0.00024637900240631616
2025-03-19,4.21242717032432,-1.0061396160665481e-16,-2.3885032912962723e-17,20,0,-0.000998586251278244
2025-03-20,4.21350808415341,-1.0061396160665481e-16,-2.3878905557355888e-17,20,0,0.0002566011910436483
2025-03-21,4.165423824350489,8.326672684688674e-17,1.998997709671727e-17,20,0,-0.011411930116797642
2025-03-24,4.133131806517585,8.326672684688674e-17,2.014615810596276e-17,20,0,-0.007752396681492413
2025-03-25,4.139279144728224,8.326672684688674e-17,2.011623858539114e-17,20,0,0.0014873317615822224
2025-03-26,4.149372024946999,8.326672684688674e-17,2.006730810018182e-17,20,0,0.002438318331738687
2025-03-27,4.17951647743334,8.326672684688674e-17,1.9922574129441215e-17,20,0,0.007264822798511705
2025-03-28,4.152771690466227,8.326672684688674e-17,2.005088000335951e-17,20,0,-0.0063990146016932314
2025-03-31,4.136492062913129,8.326672684688674e-17,2.0129792486111056e-17,20,0,-0.003920183618683293
2025-04-01,4.151285197746831,-4.718447854656915e-16,-1.1366233900812017e-16,20,0,0.003576251231407701
2025-04-02,4.140654983383024,-4.718447854656915e-16,-1.1395414188317179e-16,20,0,-0.002560704422229554
2025-04-03,4.104376729503973,-4.718447854656915e-16,-1.1496137332469368e-16,20,0,-0.008761477115248772
2025-04-07,3.9179621714081683,-4.718447854656915e-16,-1.2043117437657755e-16,20,0,-0.04541848138738802
2025-04-08,3.9399860950514087,-4.718447854656915e-16,-1.1975798240971582e-16,20,0,0.0056212701092324124
2025-04-09,3.989606303523737,-4.718447854656915e-16,-1.1826850811042293e-16,20,0,0.01259400598764815
2025-04-10,4.037756895178521,-4.718447854656915e-16,-1.1685814617247526e-16,20,0,0.012069008315997554
2025-04-11,4.01827723427744,5.551115123125783e-17,1.38146643436462e-17,20,0,-0.004824376852489931
2025-04-14,4.0496616328384745,5.551115123125783e-17,1.370760232932082e-17,20,0,0.007810411460243083
2025-04-15,4.023652722444489,5.551115123125783e-17,1.3796208336173988e-17,20,0,-0.006422489766325201
2025-04-16,3.9899771873813323,5.551115123125783e-17,1.3912648775741605e-17,20,0,-0.008369394027300192
2025-04-17,3.9898990382215067,0.1977165821343244,0.049554282010718834,19,0,-1.9586367579482733e-05
2025-04-18,3.9818555341423263,0.1977165821343244,0.04965438360056215,19,0,-0.002015966820745896
2025-04-21,4.002905562472912,0.1977165821343244,0.04939326672802623,19,0,0.005286487204292811
2025-04-22,4.021009573778082,-5.204170427930421e-18,-1.2942447244761613e-18,20,0,0.004522717566683321
2025-04-23,4.030749110001025,-5.204170427930421e-18,-1.2911174290203087e-18,20,0,0.002422161908406384
2025-04-24,3.995034783842585,-5.204170427930421e-18,-1.30265960361047e-18,20,0,-0.008860468658251741
2025-04-25,4.003914503617897,-5.204170427930421e-18,-1.2997706177861654e-18,20,0,0.002222688976632803
2025-04-28,3.9718200569038125,0.3776135793008751,0.09507318405437519,18,0,-0.008015767241054683
2025-04-29,3.9778726027471167,0.3776135793008751,0.09492852512171841,18,0,0.0015238721182204706
2025-04-30,3.978283994030699,0.3776135793008751,0.09491870863605349,18,0,0.00010341992433282599
2025-05-06,4.021357388832646,-1.6653345369377348e-16,-4.1412249047109995e-17,20,0,0.01082712920107709
2025-05-07,4.016477688330529,-1.6653345369377348e-16,-4.1462561631456255e-17,20,0,-0.0012134461154008624
2025-05-08,4.068192379086393,-1.6653345369377348e-16,-4.093549128843617e-17,20,0,0.01287563252401891
2025-05-09,4.037395586029681,-1.6653345369377348e-16,-4.124774254720484e-17,20,0,-0.0075701417698512685
2025-05-12,4.073686830321115,-1.6653345369377348e-16,-4.088027888011367e-17,20,0,0.008988775936896287
2025-05-13,4.075959207343946,-2.7582103268031233e-16,-6.767021421199358e-17,20,0,0.0005578182902810092
2025-05-14,4.062775645302258,-2.7582103268031233e-16,-6.788980164317985e-17,20,0,-0.003234468592799855
2025-05-15,4.046505787949107,-2.7582103268031233e-16,-6.816276736875914e-17,20,0,-0.0040046162460297685
2025-05-16,4.060102117360699,-2.7582103268031233e-16,-6.793450625316093e-17,20,0,0.003360017289999462
2025-05-19,4.080097177087181,-2.7582103268031233e-16,-6.760158415570472e-17,20,0,0.004924767690198006
2025-05-20,4.094218915633219,-2.7582103268031233e-16,-6.736841345418224e-17,20,0,0.003461127991103208
2025-05-21,4.088250307051387,1.6371452804531117e-17,4.004513318642389e-18,20,0,-0.0014578137380590883
2025-05-22,4.079671586767952,1.6371452804531117e-17,4.012933996361485e-18,20,0,-0.002098384306029155
2025-05-23,4.077746961160539,1.6371452804531117e-17,4.0148280313773445e-18,20,0,-0.0004717599361809821
2025-05-26,4.064506647131987,1.6371452804531117e-17,4.027906515070705e-18,20,0,-0.0032469680327550376
2025-05-27,4.054642592000349,1.6371452804531117e-17,4.037705527197725e-18,20,0,-0.0024268763685252326
2025-05-28,4.054718541357515,1.6371452804531117e-17,4.0376298965131065e-18,20,0,1.873145547182098e-05
2025-05-29,4.093378074071809,1.6371452804531117e-17,3.9994968723340846e-18,20,0,0.009534455306816625
2025-05-30,4.086938379586448,1.6371452804531117e-17,4.005798787254464e-18,20,0,-0.0015731980698658887
2025-06-03,4.105168474789957,0.0,0.0,20,0,0.004460575010028389
2025-06-04,4.129100488173101,0.0,0.0,20,0,0.0058297274594483195
2025-06-05,4.176264636247957,0.0,0.0,20,0,0.011422378363022956
2025-06-06,4.169290496623311,0.0,0.0,20,0,-0.001669946766331476
2025-06-09,4.231733419056546,0.0,0.0,20,0,0.014976870161435896
2025-06-10,4.232048955592835,0.0,0.0,20,0,7.456436997377303e-05
2025-06-11,4.256405871789395,-1.1796119636642288e-16,-2.77138035985351e-17,20,0,0.005755348402662452
2025-06-12,4.257225229924921,-1.1796119636642288e-16,-2.7708469718080482e-17,20,0,0.00019250000122306155
2025-06-13,4.24866510741593,-1.1796119636642288e-16,-2.776429616928969e-17,20,0,-0.0020107281261089183
2025-06-16,4.280041915130153,-1.1796119636642288e-16,-2.7560757278900568e-17,20,0,0.007385097888618075
2025-06-17,4.284575617640364,-1.1796119636642288e-16,-2.7531593999824755e-17,20,0,0.0010592659137715899
2025-06-18,4.276741536030609,-1.1796119636642288e-16,-2.7582026029075102e-17,20,0,-0.0018284381719162468
2025-06-19,4.260036073659136,-1.1796119636642288e-16,-2.7690187201889282e-17,20,0,-0.0039061192337046524
2025-06-20,4.26172445372343,-1.1796119636642288e-16,-2.767921709798982e-17,20,0,0.00039632999230532207
2025-06-23,4.28677967926034,-3.885780586188048e-16,-9.06456799025071e-17,20,0,0.005879128462897176
2025-06-24,4.319905134562384,-3.885780586188048e-16,-8.99505999587578e-17,20,0,0.007727351947268701
2025-06-25,4.346867918569189,0.2111332639960788,0.04857135481254172,19,0,0.006241522248042752
2025-06-26,4.343642018785798,0.2111332639960788,0.048607427380743966,19,0,-0.0007421204977521301
2025-06-27,4.39232400074516,0.2111332639960788,0.048068690734167134,19,0,0.011207641363818022
2025-06-30,4.397164194254973,0.2111332639960788,0.048015778958613996,19,0,0.001101966409807753
2025-07-01,4.412467363938057,-1.7780915628762273e-16,-4.029699069069848e-17,20,0,0.003480236126519376
2025-07-02,4.380433968398547,-1.7780915628762273e-16,-4.0591675977854855e-17,20,0,-0.00725974673519636
2025-07-03,4.414912719847599,-1.7780915628762273e-16,-4.027467077395828e-17,20,0,0.007871081198298935
2025-07-04,4.3960059843067665,-1.7780915628762273e-16,-4.044788767858389e-17,20,0,-0.004282470966149643
2025-07-07,4.388240717075291,-1.7780915628762273e-16,-4.0519462753203373e-17,20,0,-0.0017664369109587907
2025-07-08,4.4227441846245,-1.7780915628762273e-16,-4.020335539771199e-17,20,0,0.00786271077038947
2025-07-09,4.396409365931128,-1.7780915628762273e-16,-4.0444176483088717e-17,20,0,-0.005954406946014235
2025-07-10,4.407416105686357,-1.7780915628762273e-16,-4.034317432797349e-17,20,0,0.0025035748127830715
2025-07-11,4.39498584932902,1.3877787807814457e-16,3.157641067247844e-17,20,0,-0.002820304699912457
2025-07-14,4.370887851573496,1.3877787807814457e-16,3.175050076569347e-17,20,0,-0.005483066062477282
2025-07-15,4.334905511460271,1.3877787807814457e-16,3.201404914392134e-17,20,0,-0.00823227255768455
2025-07-16,4.360622606885003,0.3974253289197303,0.09113958366684473,18,0,0.005932561933989833
2025-07-17,4.403151250497674,0.3974253289197303,0.09025929528875724,18,0,0.009752883348704167
2025-07-18,4.403961644101979,0.3974253289197303,0.09024268625317924,18,0,0.00018404855027687184
2025-07-21,4.430117204566899,0.3974253289197303,0.08970989040877617,18,0,0.0059390981526710185
2025-07-22,4.446661477188914,-7.494005416219807e-16,-1.6853105312071923e-16,20,0,0.003734499982293915
2025-07-23,4.4253697736929976,-7.494005416219807e-16,-1.693419036024647e-16,20,0,-0.004788244755113746
2025-07-24,4.461217281253847,-7.494005416219807e-16,-1.6798117965941303e-16,20,0,0.00810045474029053
2025-07-25,4.4826973676108715,-7.494005416219807e-16,-1.671762512983084e-16,20,0,0.004814848729131294
2025-07-28,4.461360591008526,-7.494005416219807e-16,-1.679757836952993e-16,20,0,-0.004759807511546921
2025-07-29,4.497398597363126,-7.494005416219807e-16,-1.6662978061614607e-16,20,0,0.008077806225130324
2025-07-30,4.495714918382466,-7.494005416219807e-16,-1.666921847196688e-16,20,0,-0.0003743673023883787
2025-07-31,4.431525079140822,1.734723475976807e-18,3.914506733002926e-19,20,0,-0.014278004812800504
2025-08-01,4.456120590087407,1.734723475976807e-18,3.8929006540704513e-19,20,0,0.0055501233790498095
2025-08-04,4.504347326698274,1.734723475976807e-18,3.8512204991269503e-19,20,0,0.010822583374010764
2025-08-05,4.554648880559775,1.734723475976807e-18,3.8086876101053184e-19,20,0,0.011167334624342162
2025-08-06,4.5998894284045395,1.734723475976807e-18,3.771228641420826e-19,20,0,0.009932828859291698
2025-08-07,4.5935582324721524,1.734723475976807e-18,3.776426439342681e-19,20,0,-0.0013763800262874826
2025-08-08,4.619134464891143,1.734723475976807e-18,3.75551629674779e-19,20,0,0.005567847651998914
2025-08-11,4.6811454681965134,0.2008175552603687,0.042899234092320764,19,0,0.013424810162315115
2025-08-12,4.643661183991973,-2.7755575615628914e-17,-5.977088877911747e-18,20,0,-0.00800750253526783
2025-08-13,4.66528715256499,0.23268397337362587,0.04987559517010554,19,0,0.004657094416700369
2025-08-14,4.641043803636326,0.23268397337362587,0.050136129547261446,19,0,-0.005196539491751362
2025-08-15,4.7108045752936,0.23268397337362587,0.0493936799233757,19,0,0.015031267664962655
2025-08-18,4.750567914148052,0.45392096158503614,0.09555088355503293,18,0,0.008440880579720034
2025-08-19,4.756054854020595,0.45392096158503614,0.09544064892382557,18,0,0.0011550071426624786
2025-08-20,4.771406078443793,0.45392096158503614,0.09513358413063089,18,0,0.0032277223233074803
2025-08-21,4.777220247912828,-1.448494102440634e-16,-3.03208566335932e-17,20,0,0.0012185442558121373
2025-08-22,4.800492516964835,-1.448494102440634e-16,-3.017386439665696e-17,20,0,0.004871508501659516
2025-08-25,4.81952329396397,0.21980193958913968,0.0456065727215018,19,0,0.0039643384365002365
2025-08-26,4.820059120567882,0.21980193958913968,0.045601502822073973,19,0,0.00011117834093332668
2025-08-27,4.676824281659235,0.21980193958913968,0.04699811802874893,19,0,-0.029716407065930706
2025-08-28,4.693820599508179,0.21980193958913968,0.04682793790886909,19,0,0.003634157886922784
2025-08-29,4.69096900911434,0.21980193958913968,0.04685640411652144,19,1,-0.0006075201072101022
2025-09-01,4.670362890651324,0.21980193958913968,0.04706313936099435,19,1,-0.004392721082356221
2025-09-02,4.630661390555942,0.21980193958913968,0.047466640518656227,19,1,-0.008500731318941579
2025-09-03,4.648216659814292,0.21980193958913968,0.047287369689415756,19,1,0.0037910932753910664
2025-09-04,4.646154599302366,0.21980193958913968,0.047308356812350495,19,1,-0.00044362400955899606
2025-09-05,4.751067960211427,0.21980193958913968,0.04626369090695101,19,0,0.022580686601520794
2025-09-08,4.765271637416631,0.21980193958913968,0.04612579435414927,19,0,0.0029895756752282843
2025-09-09,4.700138245584857,0.21980193958913968,0.046764994581938904,19,0,-0.013668348163061728
2025-09-10,4.676558478570731,0.21980193958913968,0.0470007892762022,19,0,-0.005016824140497755
2025-09-11,4.7394357159829985,-2.7755575615628914e-17,-5.8563038468962914e-18,20,0,0.013445194302688313
2025-09-12,4.747306482104525,-2.7755575615628914e-17,-5.846594425756268e-18,20,0,0.0016606968831718305
2025-09-15,4.716164523022378,-2.7755575615628914e-17,-5.885200883077253e-18,20,0,-0.006559921757640863
2025-09-16,4.710021661693625,-2.7755575615628914e-17,-5.892876425890702e-18,20,0,-0.0013025120940474144
2025-09-17,4.745401240126579,-2.7755575615628914e-17,-5.848941788300405e-18,20,0,0.007511553231420276
2025-09-18,4.714014873960926,-2.7755575615628914e-17,-5.887884607438125e-18,20,0,-0.00661405950254601
2025-09-19,4.694426084956275,-2.7755575615628914e-17,-5.9124534316504075e-18,20,0,-0.0041554364015385925
2025-09-22,4.668096737770561,-2.7755575615628914e-17,-5.945801292216732e-18,20,0,-0.0056086402702320015
2025-09-23,4.662102751595829,-2.220446049250313e-16,-4.762756566208796e-17,20,0,-0.001284032125177137
2025-09-24,4.7248546304509045,-2.220446049250313e-16,-4.699501303045191e-17,20,0,0.013459994813197929
2025-09-25,4.76266976762184,-2.220446049250313e-16,-4.6621877173715026e-17,20,0,0.008003449868536183
2025-09-26,4.744110414084995,-2.220446049250313e-16,-4.6804265825220564e-17,20,0,-0.0038968382110002864
2025-09-29,4.8311584708352395,-2.220446049250313e-16,-4.5960944205302154e-17,20,0,0.018348657419904102
2025-09-30,4.862283391755585,-2.220446049250313e-16,-4.5666734543183315e-17,20,0,0.006442537769820733
2025-10-09,4.845052320198144,1.656118818471608e-17,3.4181649836216404e-18,20,0,-0.0035438229673443455
2025-10-10,4.822840835368714,1.656118818471608e-17,3.4339072654571546e-18,20,0,-0.004584364287839482
2025-10-13,4.8263056088282905,-2.7755575615628914e-17,-5.750894755785532e-18,20,0,0.000718409248376517
2025-10-14,4.7786047917228265,-2.7755575615628914e-17,-5.808301130845813e-18,20,0,-0.009883505308534435
2025-10-15,4.805100306484134,-2.7755575615628914e-17,-5.776273926722149e-18,20,0,0.005544613106989171
2025-10-16,4.7534595173701115,-2.7755575615628914e-17,-5.839026400499336e-18,20,0,-0.010747078275210487
2025-10-17,4.702569782216515,-2.7755575615628914e-17,-5.902214512709807e-18,20,0,-0.010705831188345005
2025-10-20,4.71388057540798,-2.7755575615628914e-17,-5.888052353389693e-18,20,0,0.0024052366504454525
2025-10-21,4.763419244396157,3.625572064791527e-16,7.611280634298081e-17,20,0,0.01050910564994334
2025-10-22,4.727819252550911,3.625572064791527e-16,7.66859279325312e-17,20,0,-0.00747362136707308
2025-10-23,4.733312660236906,3.625572064791527e-16,7.659692745946904e-17,20,0,0.0011619326781646677
2025-10-24,4.769578860903683,3.625572064791527e-16,7.60145113546691e-17,20,0,0.0076619068441090565
2025-10-27,4.798177393962594,3.625572064791527e-16,7.556144275435664e-17,20,0,0.005996028977177437
2025-10-28,4.774814096591949,3.625572064791527e-16,7.593116698259101e-17,20,0,-0.004869202501775471
2025-10-29,4.814218195314208,3.625572064791527e-16,7.530967475301351e-17,20,0,0.008252488562933591
2025-10-30,4.765136368394501,3.625572064791527e-16,7.608537897968022e-17,20,0,-0.01019518121706231
2025-10-31,4.755969458824859,-1.9618638311125203e-16,-4.1250555708935783e-17,20,0,-0.0019237454840626
2025-11-03,4.748898115741576,-1.9618638311125203e-16,-4.131197981715724e-17,20,0,-0.001486835259247199
2025-11-04,4.697338961394632,0.22247572791261594,0.04736207664404173,19,0,-0.010857077387286251
2025-11-05,4.732748043550959,0.22247572791261594,0.047007726983432106,19,0,0.0075381151854996276
2025-11-06,4.756057350906789,0.22247572791261594,0.046777343395617114,19,0,0.004925110557616241
2025-11-07,4.776708410724715,0.22247572791261594,0.04657511172612319,19,0,0.004342054414879559
2025-11-10,4.809496898303241,0.22247572791261594,0.04625758839580579,19,0,0.006864243064305331
2025-11-11,4.791315528021868,-2.220446049250313e-16,-4.6343139713176886e-17,20,0,-0.0037803060623216034
2025-11-12,4.783066681876229,-2.220446049250313e-16,-4.642306279492031e-17,20,0,-0.001721624488597251
2025-11-13,4.831036046354938,0.2383080797088386,0.049328565844306685,19,0,0.010028997642970827
2025-11-14,4.807501802588729,0.2383080797088386,0.04957004479551421,19,0,-0.004871469295693931
2025-11-17,4.799400652349936,0.2383080797088386,0.04965371657232982,19,0,-0.0016851060220987035
2025-11-18,4.783619948863354,0.2383080797088386,0.049817519421764156,19,0,-0.0032880571199771502
2025-11-19,4.790820884397843,0.2383080797088386,0.04974264024040871,19,0,0.0015053318640416702
2025-11-20,4.7874625437089975,0.2383080797088386,0.049777534034598184,19,0,-0.0007009948336375027
2025-11-21,4.742588511575327,-6.38378239159465e-16,-1.3460544544426804e-16,20,0,-0.009373239314976578
2025-11-24,4.7758748282725,0.2316132053979036,0.048496498280647206,19,0,0.007018596830808965
2025-11-25,4.779020087908098,0.2316132053979036,0.04846458084240587,19,0,0.0006585724602701237
2025-11-26,4.732662623388885,0.2316132053979036,0.048939302001640234,19,0,-0.009700202900696508
2025-11-27,4.722727417315255,0.2316132053979036,0.04904225565691647,19,0,-0.002099284665788348
2025-11-28,4.769104050254716,0.2316132053979036,0.04856534958291237,19,0,0.009819883478650038
2025-12-01,4.767232751924777,0.2316132053979036,0.04858441310724538,19,0,-0.00039237943022862876
2025-12-02,4.7458152913768235,0.2316132053979036,0.04880367042913496,19,0,-0.004492639999443271
2025-12-03,4.7372775540784495,0.2316132053979036,0.04889162662603578,19,0,-0.0017990032848279602
2025-12-04,4.756252096133835,0.2316132053979036,0.048696578885331285,19,0,0.004005368450292757
2025-12-05,4.798708083139387,0.2316132053979036,0.04826574181740572,19,0,0.008926353386538022
2025-12-08,4.817073493638213,0.2316132053979036,0.04808172549241553,19,0,0.0038271572641297436
2025-12-09,4.80563762634005,0.2316132053979036,0.048196144488384794,19,0,-0.0023740279888330162
2025-12-10,4.8374798909051915,0.2316132053979036,0.0478788978189559,19,0,0.006626022817578292
2025-12-11,4.761404460526292,1.0061396160665481e-16,2.1131152045741908e-17,20,0,-0.01572625253118387
2025-12-12,4.762463775855151,1.0061396160665481e-16,2.112645184132419e-17,20,0,0.00022247959349819268
2025-12-15,4.757525112657621,0.22216726793159458,0.04669807571598687,19,0,-0.0010369975353026195
2025-12-16,4.737729884511264,0.22216726793159458,0.04689319006090044,19,0,-0.004160824730844004
2025-12-17,4.7929247061869535,0.22216726793159458,0.0463531729686489,19,0,0.011650056677172449
2025-12-18,4.801745453739154,0.22216726793159458,0.046268022757972586,19,0,0.001840368479149035
2025-12-19,4.807100043823789,0.22216726793159458,0.04621648517946643,19,0,0.0011151340978445834
2025-12-22,4.829063096099002,0.22216726793159458,0.04600628807502329,19,0,0.004568877717332276
2025-12-23,4.7944434641700635,-1.6653345369377348e-16,-3.4734678787708064e-17,20,0,-0.007169016275000661
2025-12-24,4.8210916608243926,0.4777996856893899,0.09910611938203381,18,0,0.00555814180592118
2025-12-25,4.851592953453119,0.4777996856893899,0.0984830529422952,18,0,0.0063266361178271335
2025-12-26,4.849299925535002,0.4777996856893899,0.0985296213940977,18,0,-0.00047263402765174156
2025-12-29,4.823655932418839,0.4777996856893899,0.09905343423816625,18,0,-0.005288184585393374
2025-12-30,4.839027170855734,0.4777996856893899,0.09873878959950039,18,0,0.003186636578614177
2025-12-31,4.846154372631882,-1.5428196914468728e-16,-3.183595842839377e-17,20,0,0.00147285839167699
2026-01-05,4.905514011397946,-1.5428196914468728e-16,-3.145072438611196e-17,20,0,0.012248813017862403
2026-01-06,4.992607894257546,-1.5428196914468728e-16,-3.090208011771585e-17,20,0,0.01775428276368962
2026-01-07,5.0008791545391995,-1.5428196914468728e-16,-3.085096927500209e-17,20,0,0.001656701358656143
2026-01-08,5.0333895775986806,-1.5428196914468728e-16,-3.065170433684011e-17,20,0,0.006500941545442451
2026-01-09,5.054397011660469,-1.5428196914468728e-16,-3.052430760558768e-17,20,0,0.004173615758907845
2026-01-12,5.15226326299047,0.22911648967767437,0.04446909600358637,19,0,0.019362596785377884
2026-01-13,5.075393992250681,-5.986964396464955e-16,-1.1796058405723964e-16,20,0,-0.01491951533066127
2026-01-14,5.075797958152053,-5.986964396464955e-16,-1.1795119596613398e-16,20,0,7.9593013269319e-05
2026-01-15,5.082793870105101,-5.986964396464955e-16,-1.1778884899656885e-16,20,0,0.0013782881057768925
2026-01-16,5.084816482659727,-5.986964396464955e-16,-1.1774199554461283e-16,20,0,0.00039793322458381297
2026-01-19,5.0987786859375,-5.986964396464955e-16,-1.1741957761330342e-16,20,0,0.0027458617878122205
2026-01-20,5.070781012491155,-5.986964396464955e-16,-1.1806789490054712e-16,20,0,-0.005491054852716615
2026-01-21,5.1193195575453,-5.551115123125783e-16,-1.0843462809318213e-16,20,0,0.009572202967270016
2026-01-22,5.172970420503184,0.2629703598558592,0.05083546559894685,19,0,0.010480076962339435
2026-01-23,5.260435425823144,0.2629703598558592,0.04999022677190454,19,0,0.016908081471583625
2026-01-26,5.222807630359415,0.5126676030816902,0.09815938846792453,18,0,-0.007152981154186722
2026-01-27,5.239696607300724,0.5126676030816902,0.0978429938800971,18,0,0.003233696918710116
2026-01-28,5.282617069014327,0.5126676030816902,0.09704803440870036,18,0,0.008191402084960275
2026-01-29,5.224898249577571,0.7785693934215945,0.14901139816158931,17,0,-0.010926178953100996
2026-01-30,5.1444573951732995,0.7785693934215945,0.15134140174862254,17,0,-0.01539567864518221
2026-02-02,5.040170926420247,-4.440892098500626e-16,-8.810995030390259e-17,20,0,-0.020271616759990563
2026-02-03,5.1824847019805205,-4.440892098500626e-16,-8.569040438852642e-17,20,0,0.02823590263859388
2026-02-04,5.171938816899264,-4.440892098500626e-16,-8.586513212395419e-17,20,0,-0.0020349090615214838
2026-02-05,5.122223647695828,-4.440892098500626e-16,-8.669852009484805e-17,20,0,-0.009612482081379659
2026-02-06,5.199099057130221,-4.440892098500626e-16,-8.541657024999814e-17,20,0,0.015008210246535203
2026-02-09,5.261195094114711,0.502906625611391,0.09558790666667226,18,0,0.011943614903688005
2026-02-10,5.294638170130634,0.502906625611391,0.09498413478913571,18,0,0.006356555006548303
2026-02-11,5.267145469784265,8.673617379884035e-18,1.6467396675564564e-18,20,0,-0.005192555083644246
2026-02-12,5.246285408418291,8.673617379884035e-18,1.653287365183408e-18,20,0,-0.003960411096606498
2026-02-13,5.219394337669224,0.5252017917856424,0.1006250453228213,18,0,-0.005125735383347041
2026-02-24,5.266773534695382,0.5252017917856424,0.09971983574494415,18,0,0.009077527766816695
2026-02-25,5.318133499096323,1.7954387976359953e-16,3.3760694385371916e-17,20,0,0.009751694099357389
2026-02-26,5.260994976491732,1.7954387976359953e-16,3.4127361946908277e-17,20,0,-0.010744093320391501
2026-02-27,5.27775532076927,1.7954387976359953e-16,3.4018985127455616e-17,20,0,0.0031857746210421922
2026-03-02,5.233370853523674,0.2468360610182876,0.047165788155848105,19,0,-0.008409724314223488
2026-03-03,5.157336214235372,0.2468360610182876,0.04786115365854301,19,0,-0.014528807802165922
2026-03-04,5.172335443433073,0.2468360610182876,0.04772236134291655,19,0,0.002908328752408984
2026-03-05,5.178443733833031,0.2468360610182876,0.047666069905442816,19,0,0.001180954032614867
2026-03-06,5.196837220101634,0.2468360610182876,0.04749736244643434,19,0,0.003551933208896463
2026-03-09,5.210560951861203,0.2468360610182876,0.0473722624682316,19,0,0.00264078538124779
2026-03-10,5.26389937822244,0.2468360610182876,0.0468922453266273,19,0,0.010236599639465771
2026-03-11,5.25925618155957,-6.106226635438361e-16,-1.1610437720924316e-16,20,0,-0.0008820830964361148
2026-03-12,5.168972500549508,-6.106226635438361e-16,-1.1813231033419534e-16,20,0,-0.01716662544916936
2026-03-13,5.0773098481681656,0.2482339218329141,0.048890835748870834,19,0,-0.017733244348194455
2026-03-16,5.049219493348602,0.697406768867632,0.13812169777652455,17,0,-0.005532527196404624
2026-03-17,4.951212827205211,0.697406768867632,0.14085574448256835,17,0,-0.01941026059027462
2026-03-18,5.003652904562151,0.697406768867632,0.1393795257524281,17,0,0.01059135997321703
2026-03-19,4.94532903265821,0.697406768867632,0.1410233301489269,17,0,-0.011656258540788111
2026-03-20,4.905743100659153,0.697406768867632,0.14216129025874305,17,0,-0.008004711463612812
2026-03-23,4.90510616720417,-3.3306690738754696e-16,-6.790207918728692e-17,20,0,-0.00012983424568202562
2026-03-24,5.046293619223361,-3.3306690738754696e-16,-6.600228455172747e-17,20,0,0.028783770871908754
2026-03-25,5.089545479809172,-3.3306690738754696e-16,-6.544138542603907e-17,20,0,0.008571015452023545
2026-03-26,4.99195847368827,-3.3306690738754696e-16,-6.672068871227269e-17,20,0,-0.01917401200324098
2026-03-27,5.035489200654151,-3.3306690738754696e-16,-6.614390263100532e-17,20,0,0.008720170088618362
2026-03-30,4.9875529845146955,-3.3306690738754696e-16,-6.677962287752125e-17,20,0,-0.009519674103010356
2026-03-31,4.931633331154448,1.3964523981613297e-16,2.831622516093332e-17,20,0,-0.011211841464916161
2026-04-01,5.0280919847791194,1.3964523981613297e-16,2.7773008178621754e-17,20,0,0.01955916978160488
2026-04-02,4.966042151081628,1.3964523981613297e-16,2.812002708952391e-17,20,0,-0.012340632169285493
2026-04-03,4.969906313553113,0.23835733305610637,0.04796012601004115,19,0,0.0007781171310927704
2026-04-07,5.007824194020487,0.23835733305610637,0.04759698500213189,19,0,0.00762949602570373
2026-04-08,5.104786745620013,0.23835733305610637,0.04669290705642517,19,0,0.01936221157989171
2026-04-09,5.103040225710883,0.23835733305610637,0.04670888774405101,19,0,-0.00034213376506442295
2026-04-10,5.088536534251636,0.23835733305610637,0.04684202057933367,19,0,-0.0028421667903325565
2026-04-13,5.045650602960581,5.941427905220564e-17,1.1775345486138849e-17,20,0,-0.008427949962112713
2026-04-14,5.089834615754862,5.941427905220564e-17,1.1673125658797864e-17,20,0,0.00875685144911853
2026-04-15,5.116115046621258,5.941427905220564e-17,1.1613163212864717e-17,20,0,0.005163317249061272
2026-04-16,5.184883077281044,0.49566986867941787,0.09559904462481099,18,0,0.013441455094955534
2026-04-17,5.219287416285027,0.49566986867941787,0.09496887776918495,18,0,0.006635509131292627
2026-04-20,5.27924686403519,0.49566986867941787,0.09389026151744548,18,0,0.011488052480704392
2026-04-21,5.323869835856852,-8.326672684688674e-16,-1.5640263457621772e-16,20,0,0.008452526083911005
2026-04-22,5.389610745616883,-8.326672684688674e-16,-1.5449488057111297e-16,20,0,0.012348331530808387
2026-04-23,5.385444162956412,-8.326672684688674e-16,-1.5461440937338836e-16,20,0,-0.0007730767317213338
2026-04-24,5.389403595606353,-8.326672684688674e-16,-1.5450081881930116e-16,20,0,0.0007352100458448696
2026-04-27,5.435904283118915,-8.326672684688674e-16,-1.5317916304278902e-16,20,0,0.008628169460247914
2026-04-28,5.450157003279053,-8.326672684688674e-16,-1.5277858380371396e-16,20,0,0.0026219593682692555
2026-04-29,5.422843952767019,-8.326672684688674e-16,-1.5354807841077502e-16,20,0,-0.005011424532467834
2026-04-30,5.3581875075449945,-8.326672684688674e-16,-1.5540092004924583e-16,20,1,-0.011922977276348501
2026-05-06,5.425520288819911,1.1102230246251565e-16,2.0462978028354916e-17,20,0,0.01256633538488594
2026-05-07,5.502112885897496,1.1102230246251565e-16,2.0178121526200906e-17,20,0,0.014117097163089731
2026-05-08,5.511908284548092,1.1102230246251565e-16,2.0142262303919687e-17,20,0,0.0017802976517806712
2026-05-11,5.567585008988929,0.2730158606982508,0.049036675732380124,19,0,0.010101170332772025
2026-05-12,5.45997629409635,-4.9439619065339e-16,-9.054914600782433e-17,20,0,-0.019327718340868327
2026-05-13,5.475155617920124,-4.9439619065339e-16,-9.029810751592826e-17,20,0,0.0027801080089280283
2026-05-14,5.420584065766461,-4.9439619065339e-16,-9.120718074934667e-17,20,0,-0.00996712348687434
2026-05-15,5.35904263858321,-4.9439619065339e-16,-9.225457306383653e-17,20,0,-0.011353283416802529
2026-05-18,5.372928706984518,-4.9439619065339e-16,-9.201614568432698e-17,20,0,0.002591147213745426
2026-05-19,5.471898959761938,-4.9439619065339e-16,-9.035184938336277e-17,20,0,0.01842016862214524
2026-05-20,5.4760986099147555,0.2771410867505409,0.050609221362223615,19,0,0.0007674940973325661
2026-05-21,5.43651441957223,-6.882515390937982e-16,-1.2659794235365112e-16,20,0,-0.0072285386298296395
2026-05-22,5.499161031950989,-6.882515390937982e-16,-1.251557346829723e-16,20,0,0.011523304739746942
2026-05-25,5.56366356601267,0.24624411249564535,0.044259346305535505,19,0,0.011729522682989435
2026-05-26,5.583999198948996,0.24624411249564535,0.04409816400797348,19,0,0.00365507955235711
2026-05-27,5.528416194417637,0.24624411249564535,0.04454152940661239,19,0,-0.00995397788413388
2026-05-28,5.537442351526133,0.24624411249564535,0.044468925699565946,19,0,0.0016326840800464648
2026-05-29,5.469967167777366,0.7389245023939612,0.13508755715150142,17,0,-0.01218526161814959
2026-06-01,5.448588921586987,0.7389245023939612,0.13561759072452428,17,0,-0.00390829515692781
2026-06-02,5.445082901969341,0.7389245023939612,0.13570491316609926,17,0,-0.0006434729556776819
2026-06-03,5.4290904008844985,0.7389245023939612,0.13610465986596518,17,0,-0.002937053736878581
2026-06-04,5.406415025359034,0.9992120780387197,0.1848197138680383,16,0,-0.0041766435721479755
2026-06-05,5.386023878239218,0.9992120780387197,0.18551942966234658,16,0,-0.003771657748095625
2026-06-08,5.321566697470755,0.9992120780387197,0.18776652344010408,16,0,-0.011967488861103104
2026-06-09,5.3813768132474,0.9992120780387197,0.18567963417446393,16,0,0.01123919311301158
2026-06-10,5.315652264848307,1.264945631199762,0.23796621151550437,15,0,-0.012213333256518633
2026-06-11,5.338359151354874,5.533767888366015e-16,1.0366046441370558e-16,20,0,0.004271702770462404
2026-06-12,5.403395307092812,5.533767888366015e-16,1.024127899933967e-16,20,1,0.012182798851484655
2026-06-15,5.435644039478271,5.533767888366015e-16,1.0180519269060086e-16,20,1,0.005968234888002355
2026-06-16,5.4710070536163045,5.533767888366015e-16,1.0114715324134385e-16,20,1,0.006505763416661647
2026-06-17,5.454032021152569,5.533767888366015e-16,1.0146196184591882e-16,20,1,-0.0031027253844454483
2026-06-18,5.382513128831908,5.533767888366015e-16,1.0281011408451374e-16,20,1,-0.013113031247944051
2026-06-22,5.412612829584501,5.533767888366015e-16,1.0223838398562889e-16,20,1,0.0055921276980006596
2026-06-23,5.3998123570939995,-2.7755575615628914e-16,-5.140100022024848e-17,21,1,-0.0023649340703876254
2026-06-24,5.359990228151132,-2.7755575615628914e-16,-5.178288473336058e-17,21,1,-0.007374724584744419
2026-06-25,5.320990004139768,-2.7755575615628914e-16,-5.2162427657324823e-17,21,1,-0.007276174461388285
2026-06-26,5.264066207081445,0.263075318337645,0.049975685713022557,20,1,-0.010697971056896516
2026-06-29,5.2801291134352875,0.506834141450633,0.09598896742145824,19,0,0.0030514255941982427
2026-06-30,5.3577744141521855,0.506834141450633,0.094597887531783,19,0,0.014705189787751483
2026-07-01,5.4106812494568945,3.3306690738754696e-16,6.155729602829201e-17,20,0,0.009874778446244292
2026-07-02,5.486024414422138,3.3306690738754696e-16,6.071188938057798e-17,20,0,0.013924894387893572
2026-07-03,5.58876260325138,3.3306690738754696e-16,5.959582308859895e-17,20,0,0.01872725694751831
2026-07-06,5.5213580897125345,0.2086956863920395,0.03779789012070853,19,0,-0.012060722260707979
2026-07-07,5.475335844509654,0.2086956863920395,0.03811559552119663,19,0,-0.008335312518242599
2026-07-08,5.4154993166986145,0.2086956863920395,0.03853673949298255,19,0,-0.010928375812972235
2026-07-09,5.405402613879567,0.2086956863920395,0.0386087219213176,19,0,-0.0018644084743790756
2026-07-10,5.389891208418467,0.2086956863920395,0.03871983279849468,19,0,-0.002869611492263613
2026-07-13,5.294348766214163,3.5214886562329184e-16,6.651410422194445e-17,20,0,-0.017726228324437487
2026-07-14,5.35860963100186,3.5214886562329184e-16,6.571646189451071e-17,20,0,0.012137633470197029
2026-07-15,5.351277435786572,0.2480152547673035,0.04634692514888238,19,0,-0.0013683018021817261
2026-07-16,5.321081911885175,0.2480152547673035,0.04660992987409879,19,0,-0.0056426758402516874
2026-07-17,5.286939008353204,0.4860986789473784,0.09194331127697089,18,0,-0.006416534099147997
