date,bond_code,side,reason,price,quantity,notional,fee
2019-01-22,123002,buy,rebalance,107.59,0.0004642629421883998,0.04995004995004994,4.9950049950049936e-05
2019-01-22,128021,buy,rebalance,97.638,0.0005115841163281708,0.04995004995004994,4.9950049950049936e-05
2019-01-22,113016,buy,rebalance,99.8,0.0005005015025055104,0.04995004995004994,4.9950049950049936e-05
2019-01-22,128025,buy,rebalance,97.11,0.0005143656672850369,0.04995004995004994,4.9950049950049936e-05
2019-01-22,127003,buy,rebalance,93.15,0.0005362324202903911,0.04995004995004994,4.9950049950049936e-05
2019-01-22,123001,buy,rebalance,100.002,0.0004994905096903056,0.04995004995004994,4.9950049950049936e-05
2019-01-22,128019,buy,rebalance,98.5,0.0005071071060918775,0.04995004995004994,4.9950049950049936e-05
2019-01-22,113015,buy,rebalance,112.09,0.0004456244977254879,0.04995004995004994,4.9950049950049936e-05
2019-01-22,128014,buy,rebalance,94.959,0.0005260170173448535,0.04995004995004994,4.9950049950049936e-05
2019-01-22,113011,buy,rebalance,109.0,0.00045825733899128383,0.04995004995004994,4.9950049950049936e-05
2019-01-22,110040,buy,rebalance,107.6,0.0004642197950748136,0.04995004995004994,4.9950049950049936e-05
2019-01-22,113010,buy,rebalance,102.3,0.00048827028299169053,0.04995004995004994,4.9950049950049936e-05
2019-01-22,113503,buy,rebalance,95.35,0.000523859988988463,0.04995004995004994,4.9950049950049936e-05
2019-01-22,128017,buy,rebalance,102.3,0.00048827028299169053,0.04995004995004994,4.9950049950049936e-05
2019-01-22,128020,buy,rebalance,93.5,0.0005342251331556143,0.04995004995004994,4.9950049950049936e-05
2019-01-22,110033,buy,rebalance,104.67,0.0004772145786763154,0.04995004995004994,4.9950049950049936e-05
2019-01-22,110041,buy,rebalance,100.5,0.0004970154223885566,0.04995004995004994,4.9950049950049936e-05
2019-01-22,110038,buy,rebalance,111.11,0.0004495549450999004,0.04995004995004994,4.9950049950049936e-05
2019-01-22,110034,buy,rebalance,103.04,0.0004847636835214474,0.04995004995004994,4.9950049950049936e-05
2019-01-22,110032,buy,rebalance,125.2,0.0003989620603039132,0.04995004995004994,4.9950049950049936e-05
2019-01-28,113010,sell,risk_exit_next_open,100.52,0.00048827028299169053,0.04908092884632473,4.908092884632473e-05
2019-01-31,110033,sell,rebalance,105.79,0.0004772145786763154,0.05048453027816741,5.048453027816741e-05
2019-01-31,128019,sell,rebalance_resize,99.72,4.699567844901407e-06,0.0004686409054935683,4.686409054935683e-07
2019-01-31,113015,sell,rebalance_resize,115.5,1.1857573794851858e-05,0.0013695497733053896,1.3695497733053897e-06
2019-01-31,128017,sell,rebalance_resize,102.95,1.6255067509090286e-06,0.0001673459200060845,1.673459200060845e-07
2019-01-31,110041,sell,rebalance_resize,101.62,4.001451575838054e-06,0.0004066275091366631,4.0662750913666315e-07
2019-01-31,110032,sell,rebalance_resize,129.95,1.3428549615275596e-05,0.0017450400225050636,1.7450400225050637e-06
2019-01-31,110040,sell,rebalance_resize,108.2,1.1876350564359894e-06,0.00012850211310637405,1.2850211310637406e-07
2019-01-31,113011,sell,rebalance_resize,111.99,1.0895255644659477e-05,0.0012201596796454148,1.220159679645415e-06
2019-01-31,128025,buy,rebalance,96.1,6.959782880508765e-06,0.0006688351348168922,6.688351348168923e-07
2019-01-31,113016,buy,rebalance,99.0,5.554063061478292e-06,0.0005498522430863509,5.49852243086351e-07
2019-01-31,123002,buy,rebalance,107.1,3.521210856469848e-06,0.0003771216827279207,3.7712168272792073e-07
2019-01-31,128021,buy,rebalance,96.262,8.861977154747688e-06,0.0008530716448703219,8.530716448703219e-07
2019-01-31,127003,buy,rebalance,92.918,2.950420197339066e-06,0.00027414714389635135,2.7414714389635135e-07
2019-01-31,123001,buy,rebalance,100.058,1.218592849766696e-06,0.00012192996336195608,1.2192996336195608e-07
2019-01-31,110034,buy,rebalance,102.2,5.446628037338684e-06,0.0005566453854160135,5.566453854160135e-07
2019-01-31,128020,buy,rebalance,93.33,2.5778935933090106e-06,0.00024059480906352997,2.4059480906352995e-07
2019-01-31,128014,buy,rebalance,94.466,4.328814140790043e-06,0.00040892575662387215,4.0892575662387217e-07
2019-01-31,113503,buy,rebalance,94.65,5.453655200284985e-06,0.0005161884647069739,5.161884647069738e-07
2019-01-31,110032,buy,rebalance,129.95,5.3340502917638355e-20,6.931598354147104e-18,6.931598354147104e-21
2019-01-31,110038,buy,rebalance,111.0,1.7952348997538907e-06,0.00019927107387268187,1.9927107387268188e-07
2019-01-31,128024,buy,rebalance,113.705,0.00044015130833239326,0.05004740451393477,5.0047404513934776e-05
2019-01-31,128026,buy,rebalance,88.665,0.0005644550218680965,0.05004740451393477,5.0047404513934776e-05
2019-02-12,113011,sell,rebalance,113.59,0.00044736208334662434,0.05081585904734306,5.081585904734306e-05
2019-02-12,128024,sell,rebalance,115.501,0.00044015130833239326,0.05083791626369975,5.0837916263699754e-05
2019-02-12,128025,sell,rebalance_resize,97.999,3.3719430576074404e-06,0.0003304470477024715,3.304470477024715e-07
2019-02-12,123002,sell,rebalance_resize,109.002,2.114479616209241e-06,0.00023048250712603965,2.3048250712603967e-07
2019-02-12,128019,sell,rebalance_resize,101.94,4.478111691445078e-06,0.0004564987058259113,4.564987058259113e-07
2019-02-12,113503,sell,rebalance_resize,95.92,1.3385120427298927e-07,1.283900751386513e-05,1.2839007513865131e-08
2019-02-12,110040,sell,rebalance_resize,110.1,2.006494777043891e-06,0.00022091507495253238,2.2091507495253238e-07
2019-02-12,110034,sell,rebalance_resize,103.8,1.2033198143656996e-06,0.0001249045967311596,1.2490459673115962e-07
2019-02-12,128014,sell,rebalance_resize,95.75,2.2650257628748515e-07,2.1687621679526703e-05,2.1687621679526703e-08
2019-02-12,113015,sell,rebalance_resize,118.98,7.149629065357554e-06,0.0008506628661962418,8.506628661962418e-07
2019-02-12,128026,sell,rebalance_resize,89.985,3.729443766163376e-07,3.355939972982114e-05,3.355939972982114e-08
2019-02-12,113016,buy,rebalance,100.25,2.6760974459458766e-07,2.6827876895607412e-05,2.6827876895607412e-08
2019-02-12,128021,buy,rebalance,97.45,4.249523910015254e-07,4.141161050309865e-05,4.141161050309865e-08
2019-02-12,123001,buy,rebalance,100.333,5.190188217576948e-06,0.0005207471544341479,5.207471544341479e-07
2019-02-12,127003,buy,rebalance,93.35,4.561033146135364e-06,0.0004257724441917362,4.2577244419173624e-07
2019-02-12,128017,buy,rebalance,102.888,6.689940011317109e-06,0.0006883145478843947,6.883145478843947e-07
2019-02-12,128027,buy,rebalance,109.6,0.00046265605012997416,0.050707103094245164,5.0707103094245164e-05
2019-02-12,128020,buy,rebalance,94.512,2.599983643459003e-07,2.4572965411059727e-05,2.457296541105973e-08
2019-02-12,110034,buy,rebalance,103.8,6.678043926725016e-20,6.931809595940567e-18,6.931809595940567e-21
2019-02-12,110041,buy,rebalance,102.9,2.697743047311546e-07,2.775977595683581e-05,2.775977595683581e-08
2019-02-12,128014,buy,rebalance,95.75,7.239487828658555e-20,6.931809595940567e-18,6.931809595940567e-21
2019-02-12,110032,buy,rebalance,130.49,3.4500561822403747e-06,0.00045019783122054655,4.5019783122054654e-07
2019-02-12,110038,buy,rebalance,112.22,9.65049573302705e-07,0.00010829786311602956,1.0829786311602956e-07
2019-02-12,110033,buy,rebalance,107.46,0.0004718695616438225,0.050707103094245164,5.0707103094245164e-05
2019-02-21,110040,sell,rebalance,114.12,0.0004610256652413337,0.052612248917341,5.2612248917341e-05
2019-02-21,110038,sell,rebalance,110.69,0.00045231522957295706,0.050066772761430615,5.0066772761430615e-05
2019-02-21,110034,sell,rebalance,106.99,0.0004890069917444205,0.05231885804673554,5.231885804673554e-05
2019-02-21,110032,sell,rebalance,133.1,0.00038898356687087806,0.051773712750513866,5.177371275051387e-05
2019-02-21,128026,sell,rebalance,92.35,0.0005640820774914802,0.05209297985633819,5.2092979856338194e-05
2019-02-21,128027,sell,rebalance,115.16,0.00046265605012997416,0.05327947073296782,5.327947073296782e-05
2019-02-21,123002,sell,rebalance_resize,114.552,9.614537536872874e-06,0.0011013645039238615,1.1013645039238614e-06
2019-02-21,123001,sell,rebalance_resize,105.01,8.403548193359576e-06,0.0008824565957846892,8.824565957846892e-07
2019-02-21,113503,sell,rebalance_resize,99.51,4.187049273530787e-06,0.0004166532732090486,4.166532732090486e-07
2019-02-21,128020,sell,rebalance_resize,98.6,7.225013686534328e-06,0.0007123863494922847,7.123863494922847e-07
2019-02-21,128019,sell,rebalance_resize,105.32,1.898018212613717e-06,0.00019989927815247666,1.9989927815247666e-07
2019-02-21,110041,sell,rebalance_resize,110.43,2.0205524283654065e-05,0.0022312960466439186,2.2312960466439187e-06
2019-02-21,128033,buy,rebalance,99.751,0.0005231920122569932,0.05218892641464733,5.218892641464733e-05
2019-02-21,128021,buy,rebalance,100.001,1.542439831058454e-06,0.00015424552554567646,1.5424552554567645e-07
2019-02-21,128025,buy,rebalance,100.36,2.5901699714902074e-06,0.00025994945833875723,2.5994945833875726e-07
2019-02-21,113016,buy,rebalance,102.8,1.8658593411719689e-06,0.0001918103402724784,1.918103402724784e-07
2019-02-21,127003,buy,rebalance,94.895,6.773792076339643e-06,0.0006427989990842504,6.427989990842504e-07
2019-02-21,128030,buy,rebalance,104.77,0.0004981285331168018,0.05218892641464733,5.218892641464733e-05
2019-02-21,113015,buy,rebalance,121.22,4.346999551143958e-06,0.0005269432855896706,5.269432855896707e-07
2019-02-21,128017,buy,rebalance,105.001,4.1993955712849666e-06,0.0004409407343804928,4.409407343804928e-07
2019-02-21,128029,buy,rebalance,108.8,0.00047967763248756733,0.05218892641464733,5.218892641464733e-05
2019-02-21,110033,buy,rebalance,107.85,1.2512958579465216e-05,0.0013495225827953234,1.3495225827953234e-06
2019-02-21,128014,buy,rebalance,97.88,3.6124667130603413e-06,0.0003535882418743462,3.535882418743462e-07
2019-02-21,123006,buy,rebalance,129.1,0.0004042519474411102,0.05218892641464733,5.218892641464733e-05
2019-02-21,128010,buy,rebalance,99.511,0.0005244538434408993,0.05218892641464733,5.218892641464733e-05
2019-02-21,128016,buy,rebalance,108.7,0.0004801189182580251,0.05218892641464733,5.218892641464733e-05
2019-03-01,128017,sell,rebalance,105.101,0.0004975341118233837,0.052291332686749445,5.2291332686749444e-05
2019-03-01,123006,sell,rebalance,176.998,0.0004042519474411102,0.07155178619318162,7.155178619318162e-05
2019-03-01,128010,sell,rebalance,100.59,0.0005244538434408993,0.05275481211172006,5.2754812111720066e-05
2019-03-01,123001,sell,rebalance_resize,111.522,7.861218437283715e-06,0.0008766988025627545,8.766988025627545e-07
2019-03-01,128025,sell,rebalance_resize,107.2,1.1168477455436352e-05,0.001197260783222777,1.197260783222777e-06
2019-03-01,123002,sell,rebalance_resize,124.01,1.5727570375361837e-05,0.0019503760022486214,1.9503760022486215e-06
2019-03-01,128020,sell,rebalance_resize,104.003,4.804873924047809e-06,0.0004997213027227443,4.997213027227442e-07
2019-03-01,128033,buy,rebalance,101.39,1.535641899019564e-05,0.0015569873214159359,1.5569873214159359e-06
2019-03-01,128021,buy,rebalance,101.75,1.4230614492123366e-05,0.0014479650245735525,1.4479650245735524e-06
2019-03-01,113503,buy,rebalance,103.73,1.420736846390723e-06,0.0001473730330761097,1.4737303307610971e-07
2019-03-01,127003,buy,rebalance,98.16,5.762301849270494e-06,0.0005656275495243917,5.656275495243917e-07
2019-03-01,123001,buy,rebalance,111.522,6.215624385094049e-20,6.931788626744586e-18,6.931788626744586e-21
2019-03-01,113016,buy,rebalance,104.3,1.5333324959293507e-05,0.0015992657932543128,1.599265793254313e-06
2019-03-01,110033,buy,rebalance,109.99,1.2059536086559426e-05,0.0013264283741606711,1.326428374160671e-06
2019-03-01,123002,buy,rebalance,124.01,5.589701335976603e-20,6.931788626744586e-18,6.931788626744586e-21
2019-03-01,113017,buy,rebalance,100.82,0.0005410544241194686,0.05454910703972482,5.4549107039724824e-05
2019-03-01,110041,buy,rebalance,112.68,1.1512582278596702e-05,0.0012972377711522765,1.2972377711522766e-06
2019-03-01,113015,buy,rebalance,124.97,5.9746194382538625e-06,0.0007466481911985852,7.466481911985853e-07
2019-03-01,128029,buy,rebalance,107.8,2.6834948135917693e-05,0.002892807409051927,2.892807409051927e-06
2019-03-01,128030,buy,rebalance,107.42,1.0192999779672242e-05,0.0010949320363323922,1.0949320363323923e-06
2019-03-01,128014,buy,rebalance,99.11,1.7204271462507885e-05,0.0017051153446491565,1.7051153446491565e-06
2019-03-01,128016,buy,rebalance,109.62,1.799273720260339e-05,0.0019723638521493836,1.9723638521493837e-06
2019-03-01,128019,buy,rebalance,108.55,7.00168557368669e-06,0.0007600329690236902,7.600329690236902e-07
2019-03-01,128027,buy,rebalance,120.0,0.00045457589199770685,0.05454910703972482,5.4549107039724824e-05
2019-03-01,128024,buy,rebalance,116.611,0.0004677869758403994,0.05454910703972482,5.4549107039724824e-05
2019-03-12,123001,sell,rebalance,137.0,0.000489634524127006,0.06707992980539981,6.707992980539981e-05
2019-03-12,128019,sell,rebalance,112.0,0.000503033093916604,0.05633970651865965,5.6339706518659654e-05
2019-03-12,110041,sell,rebalance,113.6,0.0004845908031123923,0.05504951523356776,5.5049515233567766e-05
2019-03-12,128029,sell,rebalance,108.0,0.000506512580623485,0.054703358707336384,5.4703358707336385e-05
2019-03-12,128021,sell,rebalance_resize,113.31,2.624042633046892e-05,0.0029733027075054333,2.973302707505433e-06
2019-03-12,113016,sell,rebalance_resize,110.87,1.8858458046330681e-06,0.00020908372435966827,2.0908372435966827e-07
2019-03-12,128033,sell,rebalance_resize,109.894,1.2279114579962338e-05,0.0013494010176503812,1.3494010176503813e-06
2019-03-12,128030,sell,rebalance_resize,123.36,3.9499870397866855e-05,0.004872704012280855,4.8727040122808555e-06
2019-03-12,113017,sell,rebalance_resize,108.35,7.285708975692062e-06,0.0007894065675162348,7.894065675162348e-07
2019-03-12,128020,sell,rebalance_resize,120.0,4.308446845411879e-05,0.0051701362144942545,5.170136214494255e-06
2019-03-12,113012,buy,rebalance,111.01,0.0005204259910495772,0.05777248926641357,5.777248926641357e-05
2019-03-12,128021,buy,rebalance,113.31,6.117317994417988e-20,6.931533019475023e-18,6.931533019475024e-21
2019-03-12,113503,buy,rebalance,109.02,4.070550138576858e-06,0.00044377137610764907,4.4377137610764907e-07
2019-03-12,123002,buy,rebalance,124.88,2.2763573880766054e-05,0.0028427151062300647,2.8427151062300646e-06
2019-03-12,127003,buy,rebalance,103.38,3.1463708628173754e-06,0.00032527181979806024,3.2527181979806024e-07
2019-03-12,113016,buy,rebalance,110.87,6.251946441305154e-20,6.931533019475023e-18,6.931533019475024e-21
2019-03-12,110033,buy,rebalance,112.0,1.9910374012973452e-05,0.0022299618894530268,2.2299618894530266e-06
2019-03-12,128027,buy,rebalance,125.989,4.4581809174791615e-06,0.0005616817556122821,5.616817556122822e-07
2019-03-12,128025,buy,rebalance,109.99,1.6417351429175947e-05,0.0018057444836950623,1.8057444836950624e-06
2019-03-12,128010,buy,rebalance,104.0,0.0005555047044847459,0.05777248926641357,5.777248926641357e-05
2019-03-12,128024,buy,rebalance,117.475,2.4494654619244624e-05,0.0028775095513957623,2.877509551395762e-06
2019-03-12,128016,buy,rebalance,110.5,2.5244706138987267e-05,0.002789540028358093,2.789540028358093e-06
2019-03-12,128014,buy,rebalance,102.451,1.3551989352741407e-05,0.0013884148611777098,1.3884148611777098e-06
2019-03-12,110038,buy,rebalance,115.3,0.0005010623527008983,0.05777248926641357,5.777248926641357e-05
2019-03-12,113015,buy,rebalance,128.5,1.3115953764851775e-05,0.001685400058783453,1.6854000587834532e-06
2019-03-12,128034,buy,rebalance,115.601,0.0004997576947121009,0.05777248926641357,5.777248926641357e-05
2019-03-21,113017,sell,rebalance,113.96,0.0005337687151437766,0.06082828277778477,6.082828277778477e-05
2019-03-21,110038,sell,rebalance,116.0,0.0005010623527008983,0.0581232329133042,5.81232329133042e-05
2019-03-21,128034,sell,rebalance,118.001,0.0004997576947121009,0.058971907733722614,5.8971907733722615e-05
2019-03-21,113012,sell,rebalance_resize,119.1,2.9066893507584506e-05,0.0034618670167533144,3.4618670167533143e-06
2019-03-21,128021,sell,rebalance_resize,119.1,1.904457632464042e-05,0.0022682090402646737,2.268209040264674e-06
2019-03-21,110033,sell,rebalance_resize,117.28,1.7368217181182418e-05,0.002036944511009074,2.0369445110090744e-06
2019-03-21,127003,sell,rebalance_resize,108.0,1.7566444744040187e-05,0.0018971760323563402,1.8971760323563403e-06
2019-03-21,128024,sell,rebalance_resize,121.501,1.0632355826091085e-05,0.0012918418652258928,1.2918418652258929e-06
2019-03-21,128014,sell,rebalance_resize,104.443,4.174119484003618e-06,0.0004359575612677899,4.359575612677899e-07
2019-03-21,128010,sell,rebalance_resize,105.51,8.571021982202417e-07,9.043285293421771e-05,9.043285293421771e-08
2019-03-21,128016,sell,rebalance_resize,118.4,2.90922693931012e-05,0.003444524696143182,3.444524696143182e-06
2019-03-21,128033,buy,rebalance,107.615,1.7510249439756085e-05,0.001884365493459351,1.884365493459351e-06
2019-03-21,110033,buy,rebalance,117.28,5.91015083613383e-20,6.9314249006177556e-18,6.931424900617756e-21
2019-03-21,123001,buy,rebalance,134.1,0.0004359274932202719,0.05845787684083845,5.8457876840838456e-05
2019-03-21,113016,buy,rebalance,108.9,1.572825084938507e-05,0.001712806517498034,1.7128065174980342e-06
2019-03-21,123002,buy,rebalance,126.0,1.358733928472911e-06,0.0001712004749875868,1.7120047498758679e-07
2019-03-21,128027,buy,rebalance,119.33,3.1344190133291886e-05,0.003740302208605721,3.740302208605721e-06
2019-03-21,113503,buy,rebalance,107.0,1.6422278202431537e-05,0.0017571837676601744,1.7571837676601745e-06
2019-03-21,128025,buy,rebalance,111.226,3.5085486344966793e-07,3.9024183042052765e-05,3.9024183042052765e-08
2019-03-21,127003,buy,rebalance,108.0,6.417986019090515e-20,6.9314249006177556e-18,6.931424900617756e-21
2019-03-21,128020,buy,rebalance,111.371,4.346326541442827e-05,0.004840547332470291,4.84054733247029e-06
2019-03-21,128024,buy,rebalance,121.501,5.704829508084505e-20,6.9314249006177556e-18,6.931424900617756e-21
2019-03-21,128030,buy,rebalance,122.5,8.890133529542969e-06,0.0010890413573690137,1.0890413573690138e-06
2019-03-21,113015,buy,rebalance,125.9,1.4749481370893926e-05,0.0018569597045955454,1.8569597045955454e-06
2019-03-21,110040,buy,rebalance,118.13,0.0004948605505869674,0.05845787684083845,5.8457876840838456e-05
2019-03-21,128028,buy,rebalance,107.021,0.0005462280939333257,0.05845787684083845,5.8457876840838456e-05
2019-03-21,128016,buy,rebalance,118.4,5.854244003900131e-20,6.9314249006177556e-18,6.931424900617756e-21
2019-04-11,128014,sell,rebalance,105.9,0.000560313936953662,0.05933724592339281,5.933724592339281e-05
2019-04-11,128016,sell,rebalance,118.911,0.0004942640922065146,0.058773437468368855,5.877343746836886e-05
2019-04-11,128024,sell,rebalance,128.2,0.000481649274633553,0.06174743700802149,6.174743700802149e-05
2019-04-11,110040,sell,rebalance,121.0,0.0004948605505869674,0.05987812662102305,5.987812662102305e-05
2019-04-11,128028,sell,rebalance,107.28,0.0005462280939333257,0.05859934991716718,5.859934991716718e-05
2019-04-11,128033,sell,rebalance_resize,114.551,2.4451255390109343e-05,0.0028009157561924153,2.8009157561924155e-06
2019-04-11,127003,sell,rebalance_resize,113.29,1.675108159485167e-05,0.001897730033880746,1.897730033880746e-06
2019-04-11,128021,sell,rebalance_resize,131.5,3.896687456915196e-05,0.0051241440058434826,5.124144005843483e-06
2019-04-11,128025,sell,rebalance_resize,119.3,2.7488105657367473e-05,0.0032793310049239396,3.2793310049239396e-06
2019-04-11,113012,buy,rebalance,113.34,2.811194491923703e-05,0.003186207837146325,3.186207837146325e-06
2019-04-11,123001,buy,rebalance,127.7,2.50998114062709e-05,0.003205245916580794,3.2052459165807943e-06
2019-04-11,128027,buy,rebalance,119.54,6.102363082481151e-06,0.0007294764828797969,7.294764828797969e-07
2019-04-11,110033,buy,rebalance,117.36,6.6375750976982715e-06,0.0007789858134658692,7.789858134658691e-07
2019-04-11,123002,buy,rebalance,126.2,5.821814688041434e-06,0.000734713013630829,7.347130136308291e-07
2019-04-11,113504,buy,rebalance,114.1,0.00043728766343349885,0.049894522397762216,4.9894522397762215e-05
2019-04-11,128030,buy,rebalance,122.37,7.073108896090786e-06,0.0008655363356146295,8.655363356146296e-07
2019-04-11,113008,buy,rebalance,125.8,0.00039661782510144847,0.049894522397762216,4.9894522397762215e-05
2019-04-11,113503,buy,rebalance,107.93,3.589983243110645e-06,0.00038746689142893197,3.87466891428932e-07
2019-04-11,113016,buy,rebalance,110.48,9.225063597203655e-07,0.00010191850262190598,1.0191850262190598e-07
2019-04-11,113505,buy,rebalance,110.86,0.0004500678549320063,0.049894522397762216,4.9894522397762215e-05
2019-04-11,128012,buy,rebalance,103.8,0.0004806794065295011,0.049894522397762216,4.9894522397762215e-05
2019-04-11,128020,buy,rebalance,111.011,8.787249743238245e-06,0.0009754813812466207,9.754813812466208e-07
2019-04-11,128010,buy,rebalance,105.69,6.894995836748983e-06,0.000728732109986,7.287321099859999e-07
2019-04-11,110038,buy,rebalance,115.51,0.0004319498086552005,0.049894522397762216,4.9894522397762215e-05
2019-04-11,110041,buy,rebalance,111.88,0.00044596462636541134,0.049894522397762216,4.9894522397762215e-05
2019-04-23,123002,sell,rebalance,126.888,0.0004702716880137062,0.05967183394868315,5.967183394868315e-05
2019-04-23,113015,sell,rebalance,129.57,0.000464804348990422,0.06022469949868897,6.022469949868897e-05
2019-04-23,128020,sell,rebalance,107.545,0.0005341991842062348,0.057450451265459515,5.745045126545952e-05
2019-04-23,128030,sell,rebalance,140.0,0.00048478490492424094,0.06786988668939373,6.786988668939373e-05
2019-04-23,128010,sell,rebalance,103.32,0.0005615425981232747,0.058018581238096736,5.8018581238096735e-05
2019-04-23,113008,sell,rebalance,127.38,0.00039661782510144847,0.050521178561422506,5.0521178561422504e-05
2019-04-23,128012,sell,rebalance,99.237,0.0004806794065295011,0.0477011822657681,4.77011822657681e-05
2019-04-23,110038,sell,rebalance,111.63,0.0004319498086552005,0.04821855714018003,4.821855714018003e-05
2019-04-23,113503,sell,rebalance_resize,109.0,1.3316840702854711e-05,0.0014515356366111634,1.4515356366111634e-06
2019-04-23,128018,buy,rebalance,105.182,0.0005561206094659277,0.05849387794484521,5.849387794484521e-05
2019-04-23,128033,buy,rebalance,107.85,2.3555431256440207e-05,0.002540453261007076,2.540453261007076e-06
2019-04-23,128021,buy,rebalance,115.211,5.57720491822594e-05,0.0064255535583372875,6.425553558337288e-06
2019-04-23,113505,buy,rebalance,112.49,7.037501310902172e-05,0.007916485224633854,7.916485224633854e-06
2019-04-23,128027,buy,rebalance,117.881,2.2820073377214727e-07,2.6900530697794493e-05,2.6900530697794493e-08
2019-04-23,123001,buy,rebalance,122.5,1.6935788362965722e-05,0.002074634074463301,2.0746340744633013e-06
2019-04-23,128022,buy,rebalance,110.768,0.0005280755989531743,0.05849387794484521,5.849387794484521e-05
2019-04-23,110033,buy,rebalance,114.91,3.925750234426545e-06,0.0004511079594379543,4.511079594379543e-07
2019-04-23,113012,buy,rebalance,111.75,4.4847286736846726e-06,0.0005011684292842622,5.011684292842622e-07
2019-04-23,123009,buy,rebalance,118.505,0.0004935983962267011,0.05849387794484521,5.849387794484521e-05
2019-04-23,128025,buy,rebalance,114.502,1.2699099241150116e-05,0.0014540722613101706,1.4540722613101706e-06
2019-04-23,110040,buy,rebalance,120.76,0.00048438123505171587,0.05849387794484521,5.849387794484521e-05
2019-04-23,113504,buy,rebalance,108.0,0.00010476057385140793,0.011314141975952057,1.1314141975952058e-05
2019-04-23,127003,buy,rebalance,109.28,1.0683546525916673e-05,0.001167497964352174,1.1674979643521741e-06
2019-04-23,110041,buy,rebalance,117.59,5.192154668542485e-05,0.006105454674739108,6.105454674739108e-06
2019-04-23,128017,buy,rebalance,110.99,0.0005270193525979387,0.05849387794484521,5.849387794484521e-05
2019-04-23,128029,buy,rebalance,107.843,0.000542398467632069,0.05849387794484521,5.849387794484521e-05
2019-04-23,113016,buy,rebalance,106.41,1.1955036796015751e-05,0.001272135465464036,1.272135465464036e-06
2019-04-23,123003,buy,rebalance,105.3,0.0005554974163802964,0.05849387794484521,5.849387794484521e-05
2019-05-06,113504,sell,rebalance,105.49,0.0005420482372849068,0.05718066855118482,5.7180668551184815e-05
2019-05-06,110041,sell,rebalance,113.03,0.0004978861730508361,0.05627607413993601,5.627607413993601e-05
2019-05-06,128017,sell,rebalance,106.2,0.0005270193525979387,0.05596945524590109,5.5969455245901095e-05
2019-05-06,128029,sell,rebalance,105.0,0.000542398467632069,0.05695183910136724,5.695183910136724e-05
2019-05-06,123003,sell,rebalance,100.0,0.0005554974163802964,0.05554974163802964,5.554974163802964e-05
2019-05-06,128027,sell,rebalance_resize,111.9,5.8179900441647936e-06,0.0006510330859420405,6.510330859420404e-07
2019-05-06,128018,sell,rebalance_resize,99.6,4.607711471736918e-06,0.000458928062584997,4.58928062584997e-07
2019-05-06,113503,sell,rebalance_resize,103.0,3.8718335723719476e-06,0.0003987988579543106,3.987988579543106e-07
2019-05-06,110033,sell,rebalance_resize,111.0,1.4676505678975674e-05,0.0016290921303662997,1.6290921303662999e-06
2019-05-06,110040,sell,rebalance_resize,117.55,1.7084896130223752e-05,0.002008329540107802,2.0083295401078018e-06
2019-05-06,123009,buy,rebalance,106.0,2.4590577534335893e-05,0.0026066012186396047,2.606601218639605e-06
2019-05-06,113012,buy,rebalance,103.03,9.187207414663781e-06,0.0009465579799328095,9.465579799328095e-07
2019-05-06,128021,buy,rebalance,106.0,1.003951403877086e-05,0.0010641884881097113,1.0641884881097114e-06
2019-05-06,123001,buy,rebalance,110.0,2.1384998255937284e-05,0.0023523498081531014,2.3523498081531014e-06
2019-05-06,128033,buy,rebalance,100.8,2.061427827213078e-06,0.00020779192498307825,2.0779192498307825e-07
2019-05-06,128025,buy,rebalance,105.0,1.178298339363705e-05,0.0012372132563318902,1.2372132563318902e-06
2019-05-06,123002,buy,rebalance,117.0,0.0004690155909629186,0.054874824142661476,5.4874824142661474e-05
2019-05-06,110033,buy,rebalance,111.0,6.244898698371169e-20,6.931837555191998e-18,6.931837555191999e-21
2019-05-06,128015,buy,rebalance,99.0,0.0005542911529561765,0.054874824142661476,5.4874824142661474e-05
2019-05-06,128022,buy,rebalance,101.313,1.409796887260827e-05,0.0014283075203905618,1.4283075203905617e-06
2019-05-06,127003,buy,rebalance,102.0,2.7409751053302724e-06,0.0002795794607436878,2.795794607436878e-07
2019-05-06,128020,buy,rebalance,103.8,0.0005286591921258332,0.054874824142661476,5.4874824142661474e-05
2019-05-06,113016,buy,rebalance,98.82,5.618039216602422e-06,0.0005551746353846513,5.551746353846513e-07
2019-05-06,113505,buy,rebalance,102.76,1.4095961473697633e-05,0.0014485010010371689,1.448501001037169e-06
2019-05-06,128038,buy,rebalance,121.606,0.00045125095918508524,0.054874824142661476,5.4874824142661474e-05
2019-05-06,113008,buy,rebalance,116.5,0.0004710285334134032,0.054874824142661476,5.4874824142661474e-05
2019-05-13,113016,sell,rebalance,97.58,0.0005558603470291395,0.05424085266310343,5.4240852663103436e-05
2019-05-13,113503,sell,rebalance,99.34,0.0005333076178662272,0.05297877875883101,5.297877875883101e-05
2019-05-13,128038,sell,rebalance,127.65,0.00045125095918508524,0.05760218493997613,5.7602184939976136e-05
2019-05-13,113008,sell,rebalance,117.39,0.0004710285334134032,0.0552940395373994,5.52940395373994e-05
2019-05-13,128021,sell,rebalance_resize,107.5,7.273081687932341e-06,0.0007818562814527266,7.818562814527266e-07
2019-05-13,123009,sell,rebalance_resize,108.1,1.0094147355963887e-05,0.0010911773291796961,1.0911773291796962e-06
2019-05-13,110033,sell,rebalance_resize,111.14,6.740673962954333e-07,7.491585042427445e-05,7.491585042427445e-08
2019-05-13,128025,sell,rebalance_resize,109.626,2.211526465212032e-05,0.002424408002753342,2.4244080027533423e-06
2019-05-13,110040,sell,rebalance_resize,117.99,1.7903576146999984e-06,0.00021124429495845282,2.1124429495845282e-07
2019-05-13,113012,sell,rebalance_resize,105.7,1.3511467344389933e-05,0.001428162098302016,1.428162098302016e-06
2019-05-13,123001,buy,rebalance,109.81,8.336476939115282e-07,9.154285326842491e-05,9.154285326842491e-08
2019-05-13,128018,buy,rebalance,98.5,6.0955723218227295e-06,0.0006004138736995389,6.004138736995389e-07
2019-05-13,128015,buy,rebalance,97.095,1.138077949277572e-05,0.0011050167848510586,1.1050167848510586e-06
2019-05-13,128021,buy,rebalance,107.5,6.448165089537222e-20,6.931777471252514e-18,6.931777471252514e-21
2019-05-13,123007,buy,rebalance,111.112,0.000493814532810432,0.05486872036963272,5.4868720369632723e-05
2019-05-13,128027,buy,rebalance,109.0,1.2995369648862968e-05,0.0014164952917260635,1.4164952917260636e-06
2019-05-13,128033,buy,rebalance,100.18,3.315059635008887e-06,0.00033210267423519033,3.321026742351903e-07
2019-05-13,127003,buy,rebalance,101.2,4.20000986982976e-06,0.0004250409988267717,4.250409988267717e-07
2019-05-13,128022,buy,rebalance,101.0,1.6371349365424677e-06,0.00016535062859078924,1.6535062859078924e-07
2019-05-13,123002,buy,rebalance,116.101,4.060151618618658e-06,0.0004713876630732448,4.7138766307324477e-07
2019-05-13,113012,buy,rebalance,105.7,6.557973009699634e-20,6.931777471252514e-18,6.931777471252514e-21
2019-05-13,113505,buy,rebalance,101.83,4.836061575618898e-06,0.0004924561502452724,4.924561502452725e-07
2019-05-13,128026,buy,rebalance,96.38,0.000569295708338169,0.05486872036963272,5.4868720369632723e-05
2019-05-13,113504,buy,rebalance,105.57,0.0005197378078017688,0.05486872036963272,5.4868720369632723e-05
2019-05-13,127005,buy,rebalance,116.9,0.0004693645882774399,0.05486872036963272,5.4868720369632723e-05
2019-05-13,128020,buy,rebalance,101.81,1.0815518350424047e-05,0.0011011279232566722,1.1011279232566723e-06
2019-05-21,113505,sell,rebalance,101.6,0.0005393748910903445,0.054800488934779006,5.480048893477901e-05
2019-05-21,110040,sell,rebalance,119.75,0.00046550598130679213,0.055744341261488355,5.5744341261488354e-05
2019-05-21,128020,sell,rebalance,100.16,0.0005394747104762572,0.054033787001301924,5.4033787001301926e-05
2019-05-21,113504,sell,rebalance,103.9,0.0005197378078017688,0.054000758230603775,5.4000758230603776e-05
2019-05-21,127005,sell,rebalance,113.55,0.0004693645882774399,0.0532963489989033,5.32963489989033e-05
2019-05-21,127003,sell,rebalance_resize,102.0,7.627770350070609e-06,0.0007780325757072021,7.780325757072021e-07
2019-05-21,128027,sell,rebalance_resize,110.808,1.1315557509881845e-05,0.0012538542965549876,1.2538542965549876e-06
2019-05-21,128025,sell,rebalance_resize,111.199,1.0183455395042928e-05,0.0011323900564733785,1.1323900564733786e-06
2019-05-21,128033,sell,rebalance_resize,102.979,1.82417939301454e-05,0.0018785216971324429,1.8785216971324428e-06
2019-05-21,128026,sell,rebalance_resize,96.149,1.627105753539318e-06,0.0001564445910970519,1.564445910970519e-07
2019-05-21,128022,sell,rebalance_resize,102.978,1.3787120347541672e-05,0.0014197700791491463,1.4197700791491463e-06
2019-05-21,113012,sell,rebalance_resize,106.39,6.606147262058739e-06,0.0007028280072104293,7.028280072104293e-07
2019-05-21,110033,sell,rebalance_resize,110.98,2.3897166157422927e-06,0.00026521075001507965,2.6521075001507967e-07
2019-05-21,123001,buy,rebalance,108.2,4.257219546593284e-06,0.00046063115494139335,4.6063115494139334e-07
2019-05-21,128021,buy,rebalance,104.1,1.3366501693054784e-05,0.001391452826247003,1.391452826247003e-06
2019-05-21,123007,buy,rebalance,105.961,2.1266051548115676e-05,0.0022533720880898852,2.2533720880898853e-06
2019-05-21,123002,buy,rebalance,112.814,1.0725253718223861e-05,0.0012099587729677067,1.2099587729677068e-06
2019-05-21,128015,buy,rebalance,96.466,1.3110156337716922e-07,1.2646843412742004e-05,1.2646843412742005e-08
2019-05-21,128018,buy,rebalance,97.026,4.92402319243323e-06,0.00047775827426902655,4.777582742690266e-07
2019-05-21,128038,buy,rebalance,121.5,0.0004487634606532433,0.054524760469369056,5.452476046936906e-05
2019-05-21,113503,buy,rebalance,103.15,0.0005285968053259239,0.054524760469369056,5.452476046936906e-05
2019-05-21,123009,buy,rebalance,106.487,4.458638029693891e-06,0.00047478698786801335,4.747869878680134e-07
2019-05-21,113017,buy,rebalance,100.5,0.0005425349300434732,0.054524760469369056,5.452476046936906e-05
2019-05-21,128016,buy,rebalance,108.0,0.0005048588932348987,0.054524760469369056,5.452476046936906e-05
2019-05-21,128030,buy,rebalance,126.44,0.00043123031057710424,0.054524760469369056,5.452476046936906e-05
2019-05-31,123002,sell,rebalance,116.753,0.0004838009962997611,0.05648521772098601,5.6485217720986014e-05
2019-05-31,113017,sell,rebalance,99.7,0.0005425349300434732,0.054090732525334285,5.409073252533429e-05
2019-05-31,128016,sell,rebalance,107.331,0.0005048588932348987,0.05418700986979491,5.418700986979491e-05
2019-05-31,128027,sell,rebalance_resize,111.6,9.035141470779677e-06,0.001008321788139012,1.0083217881390119e-06
2019-05-31,128026,sell,rebalance_resize,95.101,2.4488847282743137e-07,2.3289138654361552e-05,2.328913865436155e-08
2019-05-31,123007,sell,rebalance_resize,106.0,5.999804776033465e-06,0.0006359793062595473,6.359793062595473e-07
2019-05-31,128015,sell,rebalance_resize,96.504,6.628671957425014e-06,0.0006396933585793435,6.396933585793435e-07
2019-05-31,127003,sell,rebalance_resize,101.521,3.5646838051612488e-06,0.00036189026458377516,3.618902645837752e-07
2019-05-31,128030,sell,rebalance_resize,125.231,3.261204345157117e-07,4.084038813483709e-05,4.084038813483709e-08
2019-05-31,110033,sell,rebalance_resize,110.9,5.2196686587956e-06,0.0005788612542604321,5.788612542604322e-07
2019-05-31,123009,sell,rebalance_resize,105.6,1.5443485659553878e-06,0.00016308320856488895,1.6308320856488896e-07
2019-05-31,113012,buy,rebalance,104.35,4.100902538895556e-06,0.00042792917993375124,4.2792917993375126e-07
2019-05-31,123001,buy,rebalance,106.902,3.4603041771085156e-07,3.699134371412545e-05,3.6991343714125454e-08
2019-05-31,128021,buy,rebalance,101.779,5.89026668971094e-06,0.0005995054534120897,5.995054534120897e-07
2019-05-31,113505,buy,rebalance,100.97,0.0005338966686255878,0.053907546631125604,5.39075466311256e-05
2019-05-31,128018,buy,rebalance,95.598,1.939288658112817e-06,0.0001853921171382691,1.853921171382691e-07
2019-05-31,128033,buy,rebalance,99.131,1.432302765267288e-05,0.0014198560542371152,1.4198560542371152e-06
2019-05-31,113503,buy,rebalance,100.98,5.785907697387464e-06,0.0005842609592821861,5.842609592821861e-07
2019-05-31,128038,buy,rebalance,118.39,7.032746025642766e-06,0.000832606801975847,8.32606801975847e-07
2019-05-31,128025,buy,rebalance,108.42,6.872112295710457e-06,0.0007450744151009278,7.450744151009278e-07
2019-05-31,110040,buy,rebalance,122.0,0.0004418651363207017,0.053907546631125604,5.39075466311256e-05
2019-05-31,128022,buy,rebalance,99.31,1.3337718872395006e-05,0.0013245688612175482,1.3245688612175481e-06
2019-05-31,128034,buy,rebalance,104.995,0.0005134296550419125,0.053907546631125604,5.39075466311256e-05
2019-06-11,113012,sell,rebalance,99.05,0.0005171262664820252,0.051221356695044594,5.12213566950446e-05
2019-06-11,128022,sell,rebalance,97.01,0.0005433613012871784,0.052711479837869175,5.2711479837869177e-05
2019-06-11,128030,sell,rebalance,119.599,0.00043090419014258854,0.05153571023686345,5.153571023686345e-05
2019-06-11,113505,sell,rebalance_resize,102.8,2.0654960316165437e-05,0.002123329920501807,2.123329920501807e-06
2019-06-11,128026,sell,rebalance_resize,94.75,1.057677359245004e-05,0.0010021492978846414,1.0021492978846413e-06
2019-06-11,128018,sell,rebalance_resize,93.809,2.039098583869026e-06,0.00019128579905416945,1.9128579905416945e-07
2019-06-11,127003,sell,rebalance_resize,100.2,4.981532002014521e-06,0.000499149506601855,4.99149506601855e-07
2019-06-11,110040,sell,rebalance_resize,120.69,4.701762269756137e-06,0.0005674556883368681,5.674556883368681e-07
2019-06-11,128021,sell,rebalance_resize,99.521,3.5569127602599504e-08,3.5398751481383055e-06,3.5398751481383056e-09
2019-06-11,128034,sell,rebalance_resize,103.29,2.62272683774344e-06,0.00027090145507051994,2.7090145507051995e-07
2019-06-11,110033,sell,rebalance_resize,108.89,2.0504544539327327e-06,0.00022327398548873526,2.2327398548873525e-07
2019-06-11,113503,sell,rebalance_resize,108.29,4.7160923253169895e-05,0.005107056379085768,5.107056379085769e-06
2019-06-11,123001,buy,rebalance,104.499,1.1204552527736445e-07,1.1708645345959308e-05,1.1708645345959308e-08
2019-06-11,128027,buy,rebalance,108.365,3.345526554750243e-06,0.00036253798510551004,3.6253798510551004e-07
2019-06-11,128038,buy,rebalance,107.7,3.4058563182807964e-05,0.0036681072547884177,3.6681072547884178e-06
2019-06-11,128025,buy,rebalance,104.122,9.004938776388402e-06,0.0009376122352751132,9.376122352751132e-07
2019-06-11,123007,buy,rebalance,101.5,1.0723099297773265e-05,0.0010883945787239864,1.0883945787239864e-06
2019-06-11,128026,buy,rebalance,94.75,7.315614914166045e-20,6.9315451311723275e-18,6.931545131172327e-21
2019-06-11,110041,buy,rebalance,110.23,0.0004781399779742936,0.05270536977210639,5.270536977210639e-05
2019-06-11,128018,buy,rebalance,93.809,7.388997997177592e-20,6.9315451311723275e-18,6.931545131172327e-21
2019-06-11,113504,buy,rebalance,102.16,0.0005159100408389428,0.05270536977210639,5.270536977210639e-05
2019-06-11,128033,buy,rebalance,96.883,2.455375944271018e-07,2.3788418760880904e-05,2.3788418760880904e-08
2019-06-11,128015,buy,rebalance,93.16,7.168913581017982e-06,0.0006678559892076352,6.678559892076352e-07
2019-06-11,123009,buy,rebalance,101.172,1.0480263428297474e-05,0.001060309211567712,1.060309211567712e-06
2019-06-11,128017,buy,rebalance,105.501,0.0004995722293827204,0.05270536977210639,5.270536977210639e-05
2019-06-21,110040,sell,rebalance,125.48,0.00043716337405094556,0.05485526017591265,5.485526017591265e-05
2019-06-21,128034,sell,rebalance,107.573,0.0005108069282041691,0.05494903368770707,5.4949033687707075e-05
2019-06-21,123001,sell,rebalance_resize,108.001,4.446653625582855e-06,0.00048024303821657394,4.80243038216574e-07
2019-06-21,128027,sell,rebalance_resize,111.5,2.135369674520524e-06,0.00023809371870903842,2.3809371870903844e-07
2019-06-21,128033,sell,rebalance_resize,102.888,1.9266831469937824e-05,0.001982325756278963,1.982325756278963e-06
2019-06-21,127003,sell,rebalance_resize,102.71,3.2879003220447447e-07,3.377002420772157e-05,3.3770024207721574e-08
2019-06-21,128038,sell,rebalance_resize,116.8,2.7105270057385395e-05,0.003165895542702614,3.165895542702614e-06
2019-06-21,128025,sell,rebalance_resize,110.279,1.660298550156581e-05,0.0018309606381271758,1.830960638127176e-06
2019-06-21,110033,sell,rebalance_resize,112.02,2.0416643493352857e-06,0.0002287072404125387,2.287072404125387e-07
2019-06-21,128021,sell,rebalance_resize,102.999,5.397861710759117e-06,0.0005559743583464782,5.559743583464783e-07
2019-06-21,113505,buy,rebalance,103.78,7.5551789006403554e-06,0.0007840764663084561,7.840764663084562e-07
2019-06-21,113503,buy,rebalance,103.53,3.480350255589432e-05,0.003603206619611739,3.603206619611739e-06
2019-06-21,113507,buy,rebalance,119.0,0.0004537080384857839,0.05399125657980828,5.399125657980828e-05
2019-06-21,123007,buy,rebalance,102.2,9.042997164717445e-06,0.0009241943102341229,9.24194310234123e-07
2019-06-21,128026,buy,rebalance,94.91,1.2617369882362973e-05,0.0011975145755350697,1.1975145755350697e-06
2019-06-21,128015,buy,rebalance,94.091,8.082824722603554e-06,0.0007605210609744909,7.605210609744909e-07
2019-06-21,128018,buy,rebalance,94.996,6.522612105421209e-06,0.0006196220595665932,6.196220595665932e-07
2019-06-21,113504,buy,rebalance,104.66,5.153723877542538e-07,5.39388741023602e-05,5.39388741023602e-08
2019-06-21,110041,buy,rebalance,110.6,1.0538972345146751e-05,0.0011656103413732305,1.1656103413732305e-06
2019-06-21,113017,buy,rebalance,99.15,0.0005445411657065888,0.05399125657980828,5.399125657980828e-05
2019-06-21,128017,buy,rebalance,106.999,5.5586962169154026e-06,0.0005947749365137311,5.947749365137311e-07
2019-06-21,123009,buy,rebalance,102.88,3.867492734714749e-06,0.0003978876525474534,3.978876525474534e-07
2019-07-11,128026,sell,rebalance,94.315,0.0005694643104017152,0.053709026435537766,5.370902643553777e-05
2019-07-11,113503,sell,rebalance,125.53,0.0005220252923260357,0.06552983494568726,6.552983494568726e-05
2019-07-11,113504,sell,rebalance,107.3,0.000516425413226697,0.05541244683922459,5.541244683922459e-05
2019-07-11,128017,sell,rebalance,107.611,0.0005051309255996358,0.05435764403470241,5.4357644034702414e-05
2019-07-11,113017,sell,rebalance,100.06,0.0005445411657065888,0.05448678904060128,5.448678904060128e-05
2019-07-11,113505,sell,rebalance_resize,106.57,7.940452421550261e-06,0.0008462140145646113,8.462140145646114e-07
2019-07-11,123001,sell,rebalance_resize,109.999,3.5812251254700407e-06,0.000393931182576579,3.93931182576579e-07
2019-07-11,128021,sell,rebalance_resize,104.87,3.583924233886446e-06,0.0003758461344076716,3.7584613440767164e-07
2019-07-11,113507,buy,rebalance,119.98,1.8253005048775596e-06,0.00021899955457520962,2.1899955457520963e-07
2019-07-11,123009,buy,rebalance,104.0,1.7286042806321859e-07,1.7977484518574734e-05,1.7977484518574734e-08
2019-07-11,128038,buy,rebalance,109.0,3.8634675969123724e-05,0.004211179680634486,4.2111796806344865e-06
2019-07-11,123002,buy,rebalance,120.0,0.00045500166638466974,0.05460019996616037,5.460019996616037e-05
2019-07-11,128025,buy,rebalance,109.229,1.0248754672842683e-05,0.0011194612241599334,1.1194612241599334e-06
2019-07-11,110041,buy,rebalance,111.39,1.9834795292918544e-06,0.00022093978476781968,2.2093978476781967e-07
2019-07-11,128030,buy,rebalance,119.94,0.0004552292810251823,0.05460019996616037,5.460019996616037e-05
2019-07-11,128033,buy,rebalance,101.98,1.060866225103865e-05,0.0010818713763609215,1.0818713763609215e-06
2019-07-11,128016,buy,rebalance,113.0,0.00048318761032000324,0.05460019996616037,5.460019996616037e-05
2019-07-11,110033,buy,rebalance,111.02,9.794366722431452e-06,0.0010873705935243397,1.0873705935243398e-06
2019-07-11,128015,buy,rebalance,93.368,1.0935944338201474e-05,0.0010210672509691951,1.0210672509691953e-06
2019-07-11,123007,buy,rebalance,102.89,2.3501991819588513e-06,0.0002418119938317462,2.418119938317462e-07
2019-07-11,128018,buy,rebalance,95.134,5.545720484156341e-06,0.0005275865725397294,5.275865725397294e-07
2019-07-11,127003,buy,rebalance,102.511,6.925837758761072e-06,0.0007099745544883562,7.099745544883562e-07
2019-07-11,110042,buy,rebalance,114.31,0.0004776502490259852,0.05460019996616037,5.460019996616037e-05
2019-07-11,113019,buy,rebalance,109.0,0.0005009192657445906,0.05460019996616037,5.460019996616037e-05
2019-07-11,128027,buy,rebalance,110.514,9.798205790098588e-06,0.0010828389146869553,1.0828389146869553e-06
2019-07-23,128033,sell,rebalance,99.942,0.000535928831533591,0.05356179928113015,5.356179928113015e-05
2019-07-23,128027,sell,rebalance,110.315,0.0004945438701590963,0.05455560703660071,5.455560703660071e-05
2019-07-23,128018,sell,rebalance,94.601,0.0005745010161722681,0.05434837063091273,5.4348370630912736e-05
2019-07-23,128015,sell,rebalance,92.75,0.0005853620446967275,0.05429232964562148,5.4292329645621483e-05
2019-07-23,123007,sell,rebalance,100.55,0.0005311970752269637,0.053411865914071203,5.341186591407121e-05
2019-07-23,110042,sell,rebalance,115.21,0.0004776502490259852,0.05503008519028375,5.5030085190283755e-05
2019-07-23,113019,sell,rebalance,113.82,0.0005009192657445906,0.057014630827049294,5.7014630827049295e-05
2019-07-23,123001,sell,rebalance_resize,119.87,3.831420228800096e-05,0.004592723428262675,4.592723428262675e-06
2019-07-23,128025,sell,rebalance_resize,110.501,2.927231247773372e-06,0.0003234619801102054,3.234619801102054e-07
2019-07-23,123009,sell,rebalance_resize,109.16,2.198464027551998e-05,0.002399843332475761,2.399843332475761e-06
2019-07-23,128030,sell,rebalance_resize,125.8,1.8289835374582094e-05,0.0023008612901224273,2.3008612901224274e-06
2019-07-23,128021,sell,rebalance_resize,105.6,6.494524486010664e-07,6.858217857227261e-05,6.858217857227261e-08
2019-07-23,128016,sell,rebalance_resize,114.159,1.6926579917110908e-06,0.00019323214367574643,1.9323214367574643e-07
2019-07-23,110041,sell,rebalance_resize,112.27,1.0660794181139e-06,0.00011968873627164756,1.1968873627164754e-07
2019-07-23,113503,buy,rebalance,108.96,0.0005039525421720927,0.05491066899507122,5.491066899507122e-05
2019-07-23,113507,buy,rebalance,113.0,3.086847540433432e-05,0.003488137720689778,3.488137720689778e-06
2019-07-23,113505,buy,rebalance,106.77,1.9582869104818822e-06,0.00020908629343215058,2.0908629343215057e-07
2019-07-23,113511,buy,rebalance,118.75,0.000462405633642705,0.05491066899507122,5.491066899507122e-05
2019-07-23,128038,buy,rebalance,107.98,7.655780475628975e-06,0.0008266711757584168,8.266711757584168e-07
2019-07-23,128039,buy,rebalance,103.8,0.0005290045182569482,0.05491066899507122,5.491066899507122e-05
2019-07-23,123002,buy,rebalance,117.0,1.4786436688307087e-05,0.0017300130925319292,1.7300130925319293e-06
2019-07-23,110033,buy,rebalance,111.22,1.9267022698152207e-06,0.00021428782644884885,2.1428782644884887e-07
2019-07-23,128019,buy,rebalance,109.981,0.0004992741382154302,0.05491066899507122,5.491066899507122e-05
2019-07-23,127003,buy,rebalance,101.996,5.750813954378661e-06,0.0005865600200908058,5.865600200908058e-07
2019-07-23,128017,buy,rebalance,112.632,0.00048752280874947814,0.05491066899507122,5.491066899507122e-05
2019-07-23,110040,buy,rebalance,128.38,0.00042771980834297574,0.05491066899507122,5.491066899507122e-05
2019-07-23,128020,buy,rebalance,102.58,0.0005352960518139133,0.05491066899507122,5.491066899507122e-05
2019-07-26,110040,sell,risk_exit_next_open,152.9,0.00042771980834297574,0.06539835869564099,6.539835869564099e-05
2019-07-31,110041,sell,rebalance,115.52,0.0004895963504306182,0.05655817040174502,5.655817040174502e-05
2019-07-31,128030,sell,rebalance,136.0,0.0004369394456506002,0.05942376460848163,5.942376460848163e-05
2019-07-31,128016,sell,rebalance,119.0,0.00048149495232829213,0.05729789932706676,5.7297899327066766e-05
2019-07-31,113503,sell,rebalance_resize,115.34,1.3090970398524733e-05,0.0015099125257658427,1.5099125257658427e-06
2019-07-31,128020,sell,rebalance_resize,112.9,3.382595714284749e-05,0.003818950561427482,3.818950561427482e-06
2019-07-31,113503,buy,rebalance,115.34,6.009892844478783e-20,6.931810406821828e-18,6.931810406821829e-21
2019-07-31,113507,buy,rebalance,114.69,7.234298871352066e-06,0.0008297017375553684,8.297017375553684e-07
2019-07-31,128038,buy,rebalance,108.79,1.1363668921126792e-05,0.0012362535419293838,1.2362535419293839e-06
2019-07-31,113510,buy,rebalance,106.15,0.0005328137340109203,0.05655817786525919,5.655817786525919e-05
2019-07-31,113511,buy,rebalance,120.5,7.428880210800715e-06,0.0008951800654014862,8.951800654014862e-07
2019-07-31,123001,buy,rebalance,121.804,6.2507644803153235e-06,0.0007613681167603276,7.613681167603277e-07
2019-07-31,128021,buy,rebalance,108.7,3.2512647900198887e-07,3.534124826751619e-05,3.534124826751619e-08
2019-07-31,128025,buy,rebalance,110.0,1.7238802018306144e-05,0.0018962682220136759,1.8962682220136759e-06
2019-07-31,113505,buy,rebalance,103.91,3.001048338500804e-05,0.0031183893285361853,3.1183893285361853e-06
2019-07-31,128039,buy,rebalance,105.2,9.160775337631502e-06,0.0009637135655188341,9.63713565518834e-07
2019-07-31,123002,buy,rebalance,118.66,7.3321111650993555e-06,0.0008700283108506895,8.700283108506895e-07
2019-07-31,127003,buy,rebalance,100.99,2.1680326986174e-05,0.002189496222333712,2.1894962223337124e-06
2019-07-31,123007,buy,rebalance,99.514,0.0005683439301531362,0.05655817786525919,5.655817786525919e-05
2019-07-31,110033,buy,rebalance,111.74,1.24467277559088e-05,0.0013907973594452492,1.3907973594452492e-06
2019-07-31,128019,buy,rebalance,110.999,1.077326490472963e-05,0.0011958216311600842,1.1958216311600842e-06
2019-07-31,128017,buy,rebalance,112.651,1.5040349162269005e-05,0.0016943103734787656,1.6943103734787655e-06
2019-07-31,123009,buy,rebalance,112.017,1.8760397991829665e-06,0.00021014835018507834,2.1014835018507835e-07
2019-07-31,128020,buy,rebalance,112.9,6.13977892544006e-20,6.931810406821828e-18,6.931810406821829e-21
2019-07-31,128022,buy,rebalance,103.49,0.00054650862755106,0.05655817786525919,5.655817786525919e-05
2019-07-31,128015,buy,rebalance,92.661,0.0006103773741407841,0.05655817786525919,5.655817786525919e-05
2019-08-13,110033,sell,rebalance,110.99,0.0005066632580688414,0.05623455501306071,5.6234555013060715e-05
2019-08-13,113505,sell,rebalance,99.7,0.0005448252050840024,0.05431907294687504,5.431907294687504e-05
2019-08-13,113503,sell,rebalance,137.4,0.000490861571773568,0.06744437996168826,6.744437996168825e-05
2019-08-13,128019,sell,rebalance,106.818,0.0005100474031201598,0.054482243506489225,5.448224350648923e-05
2019-08-13,128020,sell,rebalance,112.33,0.0005014700946710659,0.05633013573440083,5.633013573440083e-05
2019-08-13,128022,sell,rebalance,98.34,0.00054650862755106,0.05374365843337124,5.3743658433371245e-05
2019-08-13,128015,sell,rebalance,91.901,0.0006103773741407841,0.056094291060912196,5.60942910609122e-05
2019-08-13,113507,sell,rebalance_resize,116.49,7.859275317142777e-06,0.0009155269816939621,9.155269816939621e-07
2019-08-13,128021,sell,rebalance_resize,110.8,1.0122471876614542e-05,0.0011215698839288912,1.1215698839288912e-06
2019-08-13,127003,sell,rebalance_resize,102.3,7.428759655407514e-06,0.0007599621127481887,7.599621127481887e-07
2019-08-13,123009,sell,rebalance_resize,113.2,5.525868267093509e-06,0.0006255282878349852,6.255282878349852e-07
2019-08-13,123007,sell,rebalance_resize,102.99,1.8891130340504946e-05,0.0019455975137686043,1.9455975137686043e-06
2019-08-13,128017,sell,rebalance_resize,113.994,6.149804115030781e-06,0.0007010407702888188,7.010407702888189e-07
2019-08-13,123001,buy,rebalance,119.03,1.0594297796266674e-05,0.0012610392666896222,1.2610392666896223e-06
2019-08-13,128038,buy,rebalance,105.0,1.8512287731400638e-05,0.001943790211797067,1.943790211797067e-06
2019-08-13,128036,buy,rebalance,119.2,0.0004742513728626114,0.05653076364522328,5.6530763645223285e-05
2019-08-13,113510,buy,rebalance,104.1,1.0769415947406123e-05,0.0011210962001249774,1.1210962001249773e-06
2019-08-13,110044,buy,rebalance,127.0,0.0004451241231907345,0.05653076364522328,5.6530763645223285e-05
2019-08-13,128039,buy,rebalance,103.2,1.01591218851819e-05,0.001048421378550772,1.048421378550772e-06
2019-08-13,113511,buy,rebalance,120.05,1.5353883509703716e-06,0.0001843233715339931,1.843233715339931e-07
2019-08-13,113504,buy,rebalance,106.83,0.0005291656243117409,0.05653076364522328,5.6530763645223285e-05
2019-08-13,127003,buy,rebalance,102.3,6.776009664107227e-20,6.9318578863816925e-18,6.931857886381692e-21
2019-08-13,128025,buy,rebalance,106.571,1.630048107089154e-05,0.0017371585682059824,1.7371585682059824e-06
2019-08-13,128040,buy,rebalance,100.7,0.0005613779905186026,0.05653076364522328,5.6530763645223285e-05
2019-08-13,128027,buy,rebalance,125.89,0.0004490488811281538,0.05653076364522328,5.6530763645223285e-05
2019-08-13,123002,buy,rebalance,116.72,7.69157981219548e-06,0.0008977611956794564,8.977611956794564e-07
2019-08-13,128016,buy,rebalance,118.2,0.00047826365182083996,0.05653076364522328,5.6530763645223285e-05
2019-08-13,113016,buy,rebalance,96.58,0.0005853257780619516,0.05653076364522328,5.6530763645223285e-05
2019-08-21,123002,sell,rebalance,118.27,0.00048481179405027164,0.05733869088232563,5.7338690882325625e-05
2019-08-21,128017,sell,rebalance,115.502,0.0004964133537967164,0.05733673519022834,5.733673519022834e-05
2019-08-21,113504,sell,rebalance,110.09,0.0005291656243117409,0.05825584358047956,5.825584358047956e-05
2019-08-21,128016,sell,rebalance,118.127,0.00047826365182083996,0.05649585039864036,5.649585039864036e-05
2019-08-21,113016,sell,rebalance,97.52,0.0005853257780619516,0.057080969876601516,5.708096987660152e-05
2019-08-21,113511,sell,rebalance_resize,123.97,3.556645129409018e-06,0.00044091729669283597,4.40917296692836e-07
2019-08-21,128021,sell,rebalance_resize,114.2,2.8878604291213208e-06,0.0003297936610056548,3.2979366100565483e-07
2019-08-21,128038,sell,rebalance_resize,110.15,1.240833705414374e-05,0.001366778326513933,1.366778326513933e-06
2019-08-21,123009,sell,rebalance_resize,117.078,4.543366010687291e-06,0.0005319282057992467,5.319282057992467e-07
2019-08-21,123001,sell,rebalance_resize,133.22,4.0068913132342346e-05,0.005337980607490647,5.337980607490647e-06
2019-08-21,110044,sell,rebalance_resize,140.18,3.140740554487872e-05,0.004402690109281099,4.402690109281099e-06
2019-08-21,113507,buy,rebalance,116.75,1.0955301157850373e-05,0.001279031410179031,1.2790314101790312e-06
2019-08-21,128036,buy,rebalance,121.0,5.039324290633448e-06,0.0006097582391666472,6.097582391666472e-07
2019-08-21,113511,buy,rebalance,123.97,5.591412336743344e-20,6.931673873860723e-18,6.931673873860724e-21
2019-08-21,128039,buy,rebalance,104.105,8.746436575572723e-06,0.0009105477796999983,9.105477796999983e-07
2019-08-21,128025,buy,rebalance,107.57,8.153507187741156e-06,0.0008770727681853161,8.770727681853161e-07
2019-08-21,113510,buy,rebalance,105.51,6.07225847012423e-06,0.0006406839911828076,6.406839911828076e-07
2019-08-21,123009,buy,rebalance,117.078,5.920560544133588e-20,6.931673873860723e-18,6.931673873860724e-21
2019-08-21,128027,buy,rebalance,128.099,3.681571531660309e-06,0.0004716056316341539,4.716056316341539e-07
2019-08-21,128040,buy,rebalance,99.914,1.9049447037669737e-05,0.0019033064513217341,1.903306451321734e-06
2019-08-21,127003,buy,rebalance,102.822,1.0861036841632743e-05,0.001116753530130362,1.116753530130362e-06
2019-08-21,113019,buy,rebalance,120.0,0.00048278720794256446,0.05793446495310774,5.793446495310774e-05
2019-08-21,128026,buy,rebalance,93.403,0.000620263427867496,0.05793446495310774,5.793446495310774e-05
2019-08-21,128030,buy,rebalance,133.0,0.0004355974808504341,0.05793446495310774,5.793446495310774e-05
2019-08-21,123007,buy,rebalance,104.02,8.073970879322269e-06,0.0008398544508671023,8.398544508671024e-07
2019-08-21,127007,buy,rebalance,111.7,0.0005186612797950558,0.05793446495310774,5.793446495310774e-05
2019-08-21,113015,buy,rebalance,132.01,0.00043886421447699223,0.05793446495310774,5.793446495310774e-05
2019-08-26,113015,sell,risk_exit_next_open,142.76,0.00043886421447699223,0.06265225525873541,6.265225525873541e-05
2019-09-02,123001,sell,rebalance,141.0,0.00043533110253412454,0.06138168545731156,6.138168545731156e-05
2019-09-02,123007,sell,rebalance,104.3,0.0005575267706919535,0.058150042183170755,5.815004218317076e-05
2019-09-02,110044,sell,rebalance,142.34,0.0004137167176458558,0.058888437589711115,5.888843758971112e-05
2019-09-02,128027,sell,rebalance,131.009,0.00045273045265981413,0.05931176387250958,5.9311763872509586e-05
2019-09-02,113019,sell,rebalance,125.41,0.00048278720794256446,0.060546343748077006,6.0546343748077006e-05
2019-09-02,128026,sell,rebalance,93.489,0.000620263427867496,0.05798780760790434,5.798780760790434e-05
2019-09-02,127007,sell,rebalance,111.11,0.0005186612797950558,0.05762845479802865,5.7628454798028655e-05
2019-09-02,128036,sell,rebalance_resize,125.5,9.30478668174032e-06,0.0011677507285584102,1.1677507285584101e-06
2019-09-02,113511,sell,rebalance_resize,130.0,1.4096089658345418e-05,0.0018324916555849044,1.8324916555849043e-06
2019-09-02,128040,sell,rebalance_resize,107.0,2.9182280881750685e-05,0.0031225040543473234,3.1225040543473236e-06
2019-09-02,113507,buy,rebalance,117.4,5.674650436228733e-06,0.0006662039612132533,6.662039612132533e-07
2019-09-02,128038,buy,rebalance,109.899,1.018609828438604e-05,0.0011194420153557414,1.1194420153557414e-06
2019-09-02,113503,buy,rebalance,122.04,0.0004828216916829522,0.05892355925298749,5.892355925298749e-05
2019-09-02,128039,buy,rebalance,105.771,5.78879508687748e-07,6.12286645134118e-05,6.12286645134118e-08
2019-09-02,128015,buy,rebalance,94.95,0.0006205746103526855,0.05892355925298749,5.892355925298749e-05
2019-09-02,123013,buy,rebalance,102.531,0.0005746901839735055,0.05892355925298749,5.892355925298749e-05
2019-09-02,113514,buy,rebalance,102.0,0.0005776819534606617,0.05892355925298749,5.892355925298749e-05
2019-09-02,128041,buy,rebalance,134.799,0.00043712163482657505,0.05892355925298749,5.892355925298749e-05
2019-09-02,128030,buy,rebalance,128.412,2.3706547320152294e-05,0.0030442051544753964,3.0442051544753963e-06
2019-09-02,128021,buy,rebalance,113.1,1.3664687621771173e-05,0.0015454761700223196,1.5454761700223198e-06
2019-09-02,113510,buy,rebalance,106.08,6.3640870549988945e-06,0.0006751023547942827,6.751023547942828e-07
2019-09-02,128025,buy,rebalance,107.6,9.035106855932915e-06,0.0009721774976983815,9.721774976983814e-07
2019-09-02,123002,buy,rebalance,118.388,0.0004977156405462335,0.05892355925298749,5.892355925298749e-05
2019-09-02,127003,buy,rebalance,104.012,3.058106587301047e-06,0.00031807978235835646,3.1807978235835646e-07
2019-09-02,123009,buy,rebalance,115.204,1.6620713086345712e-05,0.0019147726303993715,1.9147726303993717e-06
2019-09-02,123010,buy,rebalance,103.0,0.0005720733908057039,0.05892355925298749,5.892355925298749e-05
2019-09-02,128018,buy,rebalance,96.086,0.0006132377167640187,0.05892355925298749,5.892355925298749e-05
2019-09-11,127003,sell,rebalance,106.168,0.0005670779298678673,0.06020552965821174,6.0205529658211743e-05
2019-09-11,128039,sell,rebalance,123.94,0.000557649731564022,0.0691151077300449,6.91151077300449e-05
2019-09-11,128041,sell,rebalance,151.826,0.00043712163482657505,0.06636642932917958,6.636642932917958e-05
2019-09-11,123002,sell,rebalance,121.719,0.0004977156405462335,0.060581450051646994,6.058145005164699e-05
2019-09-11,128018,sell,rebalance,99.19,0.0006132377167640187,0.06082704912582301,6.082704912582302e-05
2019-09-11,113507,sell,rebalance_resize,123.52,2.95399843784594e-06,0.0003648778870427305,3.648778870427305e-07
2019-09-11,113503,sell,rebalance_resize,128.34,2.1265946177837477e-06,0.0002729271532463662,2.729271532463662e-07
2019-09-11,128038,sell,rebalance_resize,117.503,1.166530245328913e-05,0.0013707080341688327,1.3707080341688327e-06
2019-09-11,113510,sell,rebalance_resize,111.5,2.724349677676301e-06,0.0003037649890609076,3.037649890609076e-07
2019-09-11,123009,sell,rebalance_resize,122.322,7.628267523171499e-06,0.0009331049399693842,9.331049399693841e-07
2019-09-11,123013,buy,rebalance,106.23,6.04745901202006e-06,0.000642421570846891,6.42421570846891e-07
2019-09-11,128040,buy,rebalance,108.299,1.8385194915652765e-05,0.001991098224170279,1.991098224170279e-06
2019-09-11,113511,buy,rebalance,130.18,2.01632846896839e-05,0.00262485640090305,2.62485640090305e-06
2019-09-11,123012,buy,rebalance,109.531,0.0005626731516883814,0.06163015297758011,6.163015297758011e-05
2019-09-11,128030,buy,rebalance,132.0,8.054568506665124e-06,0.0010632030428797963,1.0632030428797962e-06
2019-09-11,128015,buy,rebalance,98.334,6.794700614577211e-06,0.0006681500902338354,6.681500902338354e-07
2019-09-11,123004,buy,rebalance,103.241,0.0005969542427677,0.06163015297758011,6.163015297758011e-05
2019-09-11,123010,buy,rebalance,106.0,9.92044424590153e-06,0.0010515670900655622,1.0515670900655623e-06
2019-09-11,123014,buy,rebalance,110.18,0.0005593588035721556,0.06163015297758011,6.163015297758011e-05
2019-09-11,128021,buy,rebalance,116.53,7.904112179105805e-06,0.0009210661922311994,9.210661922311994e-07
2019-09-11,123007,buy,rebalance,109.269,0.0005640223025522344,0.06163015297758011,6.163015297758011e-05
2019-09-11,113514,buy,rebalance,105.78,5.526764647757925e-06,0.0005846211644398333,5.846211644398333e-07
2019-09-11,128036,buy,rebalance,128.8,8.983343853298464e-06,0.0011570546883048422,1.1570546883048421e-06
2019-09-11,113505,buy,rebalance,105.38,0.0005848372839018799,0.06163015297758011,6.163015297758011e-05
2019-09-11,128025,buy,rebalance,110.999,7.622624442361742e-06,0.000846103690477711,8.46103690477711e-07
2019-09-23,123009,sell,rebalance,119.005,0.0005043443432689436,0.060019498570720635,6.0019498570720634e-05
2019-09-23,113503,sell,rebalance,137.58,0.00048069509706516846,0.06613403145422589,6.613403145422589e-05
2019-09-23,113514,sell,rebalance,126.0,0.0005832087181084196,0.07348429848166087,7.348429848166087e-05
2019-09-23,123014,sell,rebalance,122.0,0.0005593588035721556,0.06824177403580298,6.824177403580298e-05
2019-09-23,128040,sell,rebalance_resize,114.02,2.8201707731047713e-05,0.00321555871549406,3.2155587154940604e-06
2019-09-23,128025,sell,rebalance_resize,112.499,7.0359492253385e-06,0.0007915372519013558,7.915372519013558e-07
2019-09-23,128040,buy,rebalance,114.02,6.079512083136895e-20,6.9318596771926876e-18,6.931859677192688e-21
2019-09-23,113507,buy,rebalance,122.08,6.223183887869438e-06,0.000759726289031101,7.59726289031101e-07
2019-09-23,128030,buy,rebalance,124.314,2.9206629779054557e-05,0.003630792974353388,3.6307929743533882e-06
2019-09-23,128038,buy,rebalance,110.0,3.6150343876096426e-05,0.003976537826370607,3.976537826370607e-06
2019-09-23,128036,buy,rebalance,121.3,2.9934367375701517e-05,0.003631038762672594,3.631038762672594e-06
2019-09-23,123013,buy,rebalance,105.5,4.411377863758223e-06,0.00046540036462649256,4.654003646264926e-07
2019-09-23,123011,buy,rebalance,102.997,0.0005987661012013004,0.06167111212543034,6.167111212543035e-05
2019-09-23,113511,buy,rebalance,126.05,1.5859059336805064e-05,0.0019990344294042784,1.9990344294042783e-06
2019-09-23,123012,buy,rebalance,107.498,1.159268933778704e-05,0.0012461909184334314,1.2461909184334315e-06
2019-09-23,113510,buy,rebalance,109.06,1.2744497804697868e-05,0.0013899149305803494,1.3899149305803495e-06
2019-09-23,123007,buy,rebalance,106.0,1.8352413379208908e-05,0.0019453558181961443,1.945355818196144e-06
2019-09-23,128039,buy,rebalance,111.8,0.0005516199653437418,0.06167111212543034,6.167111212543035e-05
2019-09-23,123004,buy,rebalance,103.011,2.33563718164504e-06,0.00024059632171843722,2.405963217184372e-07
2019-09-23,123010,buy,rebalance,104.601,8.180500259063618e-06,0.0008556885075983136,8.556885075983136e-07
2019-09-23,113505,buy,rebalance,103.08,1.4039563236005486e-05,0.0014471981783674454,1.4471981783674455e-06
2019-09-23,128021,buy,rebalance,112.5,1.9320081689822453e-05,0.002173509190105026,2.1735091901050263e-06
2019-09-23,113504,buy,rebalance,111.45,0.000553352284660658,0.06167111212543034,6.167111212543035e-05
2019-09-23,128020,buy,rebalance,126.3,0.0004882906739939061,0.06167111212543034,6.167111212543035e-05
2019-09-23,128015,buy,rebalance,96.968,9.261151408444022e-06,0.0008980353297739999,8.980353297739999e-07
2019-10-08,128021,sell,rebalance,109.567,0.0005487243410318208,0.06012207987383351,6.012207987383351e-05
2019-10-08,128015,sell,rebalance,95.55,0.0006366304623757067,0.060830040679998774,6.0830040679998777e-05
2019-10-08,123013,sell,rebalance,103.318,0.0005851490208492838,0.0604564265361063,6.04564265361063e-05
2019-10-08,123010,sell,rebalance,104.203,0.000590174335310669,0.06149793626237765,6.149793626237766e-05
2019-10-08,123007,sell,rebalance,105.91,0.0005823747159314433,0.06167930616429916,6.167930616429916e-05
2019-10-08,113505,sell,rebalance,101.86,0.0005988768471378854,0.061001595649465,6.1001595649465e-05
2019-10-08,113504,sell,rebalance,108.91,0.000553352284660658,0.06026559732239226,6.0265597322392266e-05
2019-10-08,113507,sell,rebalance_resize,122.25,6.438317459424005e-06,0.0007870843094145846,7.870843094145846e-07
2019-10-08,123012,sell,rebalance_resize,111.701,2.788036879657988e-05,0.003114265074946769,3.114265074946769e-06
2019-10-08,123011,sell,rebalance_resize,106.188,2.4013740920315114e-05,0.0025499711208464212,2.5499711208464214e-06
2019-10-08,128039,sell,rebalance_resize,112.12,7.276372465421566e-06,0.0008158268808230659,8.158268808230659e-07
2019-10-08,128025,sell,rebalance_resize,111.92,3.4324943718099966e-06,0.00038416477009297484,3.8416477009297485e-07
2019-10-08,113510,sell,rebalance_resize,108.44,3.2233061564202397e-06,0.0003495353196022108,3.495353196022108e-07
2019-10-08,128036,buy,rebalance,117.0,1.272276773213405e-05,0.001488563824659684,1.488563824659684e-06
2019-10-08,128038,buy,rebalance,107.301,7.6041720343625606e-06,0.0008159352634591372,8.159352634591372e-07
2019-10-08,128030,buy,rebalance,119.96,1.2190310907302679e-05,0.0014623496964400293,1.4623496964400294e-06
2019-10-08,123011,buy,rebalance,106.188,6.527888256369772e-20,6.931833981673934e-18,6.931833981673934e-21
2019-10-08,113511,buy,rebalance,124.59,1.215384904117928e-07,1.5142480520405267e-05,1.514248052040527e-08
2019-10-08,123009,buy,rebalance,114.471,0.0005326214264915703,0.060969707311916546,6.096970731191655e-05
2019-10-08,113503,buy,rebalance,123.05,0.0004954872597473916,0.060969707311916546,6.096970731191655e-05
2019-10-08,123015,buy,rebalance,111.12,0.0005486834711295585,0.060969707311916546,6.096970731191655e-05
2019-10-08,123014,buy,rebalance,109.3,0.0005578198290202795,0.060969707311916546,6.096970731191655e-05
2019-10-08,113514,buy,rebalance,106.52,0.0005723780258347404,0.060969707311916546,6.096970731191655e-05
2019-10-08,110044,buy,rebalance,141.97,0.0004294548659006589,0.060969707311916546,6.096970731191655e-05
2019-10-08,128020,buy,rebalance,124.819,6.710892072703708e-07,8.376468376228042e-05,8.376468376228042e-08
2019-10-08,128041,buy,rebalance,137.1,0.0004447097542809376,0.060969707311916546,6.096970731191655e-05
2019-10-08,123004,buy,rebalance,101.4,2.5990275687474186e-06,0.00026354139547098826,2.6354139547098824e-07
2019-10-08,128040,buy,rebalance,108.897,1.9006406212852842e-05,0.002069740617361036,2.069740617361036e-06
2019-10-11,123004,sell,rebalance,101.316,0.0006018889075180924,0.060980976554103054,6.0980976554103054e-05
2019-10-11,113503,sell,rebalance,128.3,0.0004954872597473916,0.06357101542559035,6.357101542559035e-05
2019-10-11,110044,sell,rebalance,144.0,0.0004294548659006589,0.061841500689694885,6.184150068969488e-05
2019-10-11,128038,sell,rebalance_resize,109.53,6.573939950762019e-07,7.20043642806964e-05,7.200436428069639e-08
2019-10-11,123011,sell,rebalance_resize,111.3,1.5661746504322467e-05,0.0017431523859310905,1.7431523859310904e-06
2019-10-11,123012,sell,rebalance_resize,117.99,1.8995139884961216e-05,0.002241236555026574,2.241236555026574e-06
2019-10-11,128030,sell,rebalance_resize,127.365,2.018500924880019e-05,0.002570863702973436,2.570863702973436e-06
2019-10-11,128040,sell,rebalance_resize,111.5,2.3472894141986503e-06,0.0002617227696831495,2.617227696831495e-07
2019-10-11,128039,sell,rebalance_resize,115.118,3.795760972427317e-06,0.0004369604116238879,4.369604116238879e-07
2019-10-11,123009,sell,rebalance_resize,118.0,5.275788242904418e-06,0.0006225430126627213,6.225430126627213e-07
2019-10-11,128036,buy,rebalance,117.506,7.927978435371437e-06,0.0009315850340267561,9.315850340267561e-07
2019-10-11,113507,buy,rebalance,122.51,8.685594723237151e-06,0.0010640722095437835,1.0640722095437835e-06
2019-10-11,113511,buy,rebalance,125.6,5.569341286477793e-06,0.0006995092655816108,6.995092655816108e-07
2019-10-11,113510,buy,rebalance,108.03,1.3183872596375968e-05,0.0014242537565864958,1.4242537565864958e-06
2019-10-11,128025,buy,rebalance,112.49,7.851648536299911e-06,0.000883231943848377,8.83231943848377e-07
2019-10-11,123015,buy,rebalance,113.098,1.5172987986630745e-06,0.0001716034595311964,1.716034595311964e-07
2019-10-11,128030,buy,rebalance,127.365,5.442372831027739e-20,6.93167815623848e-18,6.93167815623848e-21
2019-10-11,123014,buy,rebalance,111.3,1.269463268799028e-06,0.00014129126181733183,1.4129126181733183e-07
2019-10-11,123009,buy,rebalance,118.0,5.874303522236e-20,6.93167815623848e-18,6.93167815623848e-21
2019-10-11,128019,buy,rebalance,116.0,0.0005358799633788955,0.06216207575195187,6.216207575195188e-05
2019-10-11,123007,buy,rebalance,105.227,0.0005907426397402935,0.06216207575195187,6.216207575195188e-05
2019-10-11,113514,buy,rebalance,106.55,1.162475160171101e-05,0.001238617283162308,1.238617283162308e-06
2019-10-11,123013,buy,rebalance,103.727,0.0005992853909970584,0.06216207575195187,6.216207575195188e-05
2019-10-11,128041,buy,rebalance,138.6,4.252523923449274e-06,0.0005893998157900694,5.893998157900694e-07
2019-10-11,128020,buy,rebalance,126.6,2.558364373926222e-06,0.00032388892973905965,3.2388892973905965e-07
2019-10-22,113510,sell,rebalance,107.2,0.0005760002100504268,0.061747222517405755,6.174722251740575e-05
2019-10-22,128020,sell,rebalance,124.9,0.0004915201275751028,0.06139086393413034,6.139086393413034e-05
2019-10-22,123009,sell,rebalance,112.818,0.000527345638248666,0.059494080215937994,5.9494080215937994e-05
2019-10-22,128019,sell,rebalance,113.2,0.0005358799633788955,0.06066161185449097,6.066161185449097e-05
2019-10-22,123007,sell,rebalance,103.508,0.0005907426397402935,0.0611465891542383,6.11465891542383e-05
2019-10-22,128036,sell,rebalance_resize,120.74,1.8397604578679905e-05,0.0022213267768298114,2.2213267768298114e-06
2019-10-22,113511,sell,rebalance_resize,125.11,2.1279565661659045e-06,0.0002662286459930163,2.6622864599301635e-07
2019-10-22,128038,sell,rebalance_resize,114.053,2.6999283853245295e-05,0.0030793493213141857,3.0793493213141857e-06
2019-10-22,128030,sell,rebalance_resize,129.8,1.3092349381729097e-05,0.0016993869497484368,1.6993869497484368e-06
2019-10-22,123013,sell,rebalance_resize,103.4,2.4085283321288292e-06,0.00024904182954212095,2.4904182954212097e-07
2019-10-22,123014,sell,rebalance_resize,110.72,1.6735805879068614e-06,0.0001852988426930477,1.852988426930477e-07
2019-10-22,128025,sell,rebalance_resize,113.376,8.810551744935591e-06,0.0009989051146338176,9.989051146338176e-07
2019-10-22,113514,sell,rebalance_resize,107.91,1.2071838695336439e-05,0.001302672113613755,1.3026721136137552e-06
2019-10-22,123012,sell,rebalance_resize,120.2,1.393719091739178e-05,0.001675250348270492,1.675250348270492e-06
2019-10-22,113507,buy,rebalance,118.77,1.1699771936051902e-05,0.0013895819128448843,1.3895819128448843e-06
2019-10-22,123015,buy,rebalance,111.98,9.419182254164729e-07,0.00010547600288213665,1.0547600288213664e-07
2019-10-22,128036,buy,rebalance,120.74,5.741018408950384e-20,6.931705626966694e-18,6.931705626966694e-21
2019-10-22,123011,buy,rebalance,109.0,7.11363863299563e-06,0.0007753866109965236,7.753866109965236e-07
2019-10-22,128041,buy,rebalance,130.0,2.5757684554527377e-05,0.003348498992088559,3.348498992088559e-06
2019-10-22,128030,buy,rebalance,129.8,5.340297093194679e-20,6.931705626966694e-18,6.931705626966694e-21
2019-10-22,123013,buy,rebalance,103.4,6.703777202095449e-20,6.931705626966694e-18,6.931705626966694e-21
2019-10-22,113514,buy,rebalance,107.91,1.2847197900040207e-19,1.3863411253933388e-17,1.3863411253933387e-20
2019-10-22,110044,buy,rebalance,133.36,0.0004623060320017363,0.061653132427751556,6.165313242775156e-05
2019-10-22,128040,buy,rebalance,108.851,8.889705138385659e-06,0.0009676532940184173,9.676532940184173e-07
2019-10-22,113503,buy,rebalance,122.8,0.0005020613389882048,0.061653132427751556,6.165313242775156e-05
2019-10-22,123010,buy,rebalance,104.765,0.0005884897859757701,0.061653132427751556,6.165313242775156e-05
2019-10-22,128039,buy,rebalance,113.001,5.610256688589585e-06,0.0006339646160673117,6.339646160673118e-07
2019-10-22,113515,buy,rebalance,116.85,0.0005276262937762221,0.061653132427751556,6.165313242775156e-05
2019-10-22,123004,buy,rebalance,101.78,0.0006057489922160695,0.061653132427751556,6.165313242775156e-05
2019-10-31,128030,sell,rebalance,180.0,0.0004754781787330795,0.08558607217195431,8.558607217195432e-05
2019-10-31,123014,sell,rebalance,109.051,0.0005574157117011716,0.06078674077672447,6.078674077672447e-05
2019-10-31,113507,sell,rebalance_resize,126.89,2.2767185831808584e-05,0.002888928210198191,2.8889282101981914e-06
2019-10-31,128038,sell,rebalance_resize,117.07,2.5933889524887975e-06,0.0003036080446678635,3.036080446678635e-07
2019-10-31,128041,sell,rebalance_resize,133.4,2.110987274105575e-06,0.0002816057023656837,2.8160570236568373e-07
2019-10-31,123015,buy,rebalance,113.717,2.31509040336284e-06,0.0002632651353992121,2.6326513539921206e-07
2019-10-31,123011,buy,rebalance,109.0,8.639733683869192e-06,0.0009417309715417419,9.41730971541742e-07
2019-10-31,128039,buy,rebalance,112.8,9.036972572939238e-06,0.0010193705062275461,1.0193705062275462e-06
2019-10-31,113511,buy,rebalance,125.89,5.31152220305676e-06,0.0006686675301428155,6.686675301428155e-07
2019-10-31,128036,buy,rebalance,123.3,1.1721826796931691e-07,1.4453012440616774e-05,1.4453012440616774e-08
2019-10-31,123010,buy,rebalance,104.55,1.0292142599864668e-05,0.001076043508815851,1.0760435088158511e-06
2019-10-31,123013,buy,rebalance,104.704,3.7243919077633633e-06,0.00038995873031045516,3.899587303104552e-07
2019-10-31,128025,buy,rebalance,113.396,8.231783917683128e-06,0.0009334513691295961,9.334513691295962e-07
2019-10-31,123012,buy,rebalance,117.31,1.6980892317024967e-05,0.001992028477710199,1.992028477710199e-06
2019-10-31,110044,buy,rebalance,133.82,6.245970068522564e-06,0.0008358357145696894,8.358357145696894e-07
2019-10-31,128040,buy,rebalance,109.106,7.694194261692806e-06,0.0008394827591162553,8.394827591162554e-07
2019-10-31,123004,buy,rebalance,100.154,1.68137945609537e-05,0.001683968780457757,1.6839687804577569e-06
2019-10-31,128020,buy,rebalance,125.9,0.0003546346289693662,0.04464849978724321,4.464849978724321e-05
2019-10-31,113503,buy,rebalance,119.09,1.9359693624744744e-05,0.0023055459137708515,2.3055459137708514e-06
2019-10-31,123002,buy,rebalance,123.5,0.00036152631406674666,0.04464849978724321,4.464849978724321e-05
2019-10-31,113514,buy,rebalance,103.72,2.5436353830040207e-05,0.00263825861925177,2.63825861925177e-06
2019-10-31,128018,buy,rebalance,98.269,0.00045434979278554993,0.04464849978724321,4.464849978724321e-05
2019-11-04,113507,sell,risk_exit_next_open,125.0,0.000496855838361364,0.0621069797951705,6.21069797951705e-05
2019-11-12,123013,sell,rebalance,101.7,0.000600601254572693,0.06108114759004288,6.108114759004288e-05
2019-11-12,128020,sell,rebalance,125.5,0.0003546346289693662,0.04450664593565546,4.450664593565546e-05
2019-11-12,128018,sell,rebalance,97.1,0.00045434979278554993,0.04411736487947689,4.411736487947689e-05
2019-11-12,123011,sell,rebalance_resize,109.502,6.580019941290839e-06,0.0007205253436112294,7.205253436112294e-07
2019-11-12,113511,sell,rebalance_resize,129.1,1.6615189842256426e-05,0.0021450210086353047,2.1450210086353045e-06
2019-11-12,128038,sell,rebalance_resize,120.723,2.3088035439895596e-05,0.002787256902410516,2.7872569024105163e-06
2019-11-12,128039,sell,rebalance_resize,112.374,1.4545088901847149e-06,0.00016344898202561714,1.6344898202561715e-07
2019-11-12,128041,sell,rebalance_resize,140.4,2.9403556527527875e-05,0.004128259336464914,4.128259336464914e-06
2019-11-12,110044,buy,rebalance,129.1,1.3432729246855727e-05,0.0017341653457690741,1.7341653457690742e-06
2019-11-12,123015,buy,rebalance,110.75,8.393864533732058e-06,0.0009296204971108253,9.296204971108254e-07
2019-11-12,128025,buy,rebalance,110.5,1.0531376507158839e-05,0.0011637171040410517,1.1637171040410516e-06
2019-11-12,123012,buy,rebalance,113.575,1.7432768104865284e-05,0.0019799266375100746,1.9799266375100746e-06
2019-11-12,128036,buy,rebalance,115.801,2.6052022112894022e-05,0.003016850212695241,3.016850212695241e-06
2019-11-12,128040,buy,rebalance,107.011,6.813224713049857e-06,0.0007290899897681782,7.290899897681781e-07
2019-11-12,123010,buy,rebalance,102.214,9.989608685359415e-06,0.0010210778621653272,1.0210778621653273e-06
2019-11-12,123002,buy,rebalance,122.431,0.00014657449400295398,0.017945261875275658,1.7945261875275657e-05
2019-11-12,113503,buy,rebalance,111.03,3.8981726991186555e-05,0.004328141147831443,4.328141147831443e-06
2019-11-12,128041,buy,rebalance,140.4,4.9370734364927786e-20,6.931651104835862e-18,6.931651104835862e-21
2019-11-12,128019,buy,rebalance,115.613,0.0005376652231588913,0.0621610894450689,6.216108944506891e-05
2019-11-12,123007,buy,rebalance,105.58,0.0005887581875835281,0.0621610894450689,6.216108944506891e-05
2019-11-12,113514,buy,rebalance,103.5,3.846474010266205e-06,0.0003981100600625523,3.981100600625523e-07
2019-11-12,123004,buy,rebalance,99.9,3.201701885181592e-07,3.1985001832964105e-05,3.19850018329641e-08
2019-11-12,113515,buy,rebalance,114.56,1.553171633511624e-05,0.0017793134233509164,1.7793134233509164e-06
2019-11-12,128044,buy,rebalance,100.288,0.0006198257961577547,0.0621610894450689,6.216108944506891e-05
2019-11-21,123004,sell,rebalance,99.59,0.0006228829569655414,0.06203291368419827,6.203291368419827e-05
2019-11-21,128019,sell,rebalance,118.702,0.0005376652231588913,0.06382193731940672,6.382193731940673e-05
2019-11-21,123007,sell,rebalance,104.002,0.0005887581875835281,0.06123202902506209,6.12320290250621e-05
2019-11-21,128044,sell,rebalance,100.01,0.0006198257961577547,0.06198877787373705,6.198877787373705e-05
2019-11-21,128040,sell,rebalance_resize,107.811,2.9799181896879465e-06,0.0003212679599484472,3.212679599484472e-07
2019-11-21,123011,sell,rebalance_resize,111.995,1.1371257084081532e-05,0.0012735239371317111,1.2735239371317112e-06
2019-11-21,110044,sell,rebalance_resize,129.79,1.4454066227001234e-06,0.000187599325560249,1.87599325560249e-07
2019-11-21,123012,sell,rebalance_resize,114.184,1.650178223328274e-06,0.00018842395025251563,1.8842395025251563e-07
2019-11-21,123015,sell,rebalance_resize,111.8,3.987609530016881e-06,0.00044581474545588723,4.458147454558872e-07
2019-11-21,128038,sell,rebalance_resize,125.61,1.8914262682201226e-05,0.0023758205355112957,2.3758205355112956e-06
2019-11-21,113503,sell,rebalance_resize,112.01,3.5846277222678953e-06,0.00040151415117122696,4.01514151171227e-07
2019-11-21,113515,sell,rebalance_resize,116.74,8.90069512000672e-06,0.0010390671483095845,1.0390671483095846e-06
2019-11-21,128041,sell,rebalance_resize,145.55,1.4698383903429666e-05,0.002139349777144188,2.139349777144188e-06
2019-11-21,128025,buy,rebalance,109.497,6.4700630643433515e-06,0.0007084524953564039,7.08452495356404e-07
2019-11-21,113511,buy,rebalance,126.73,1.0133111287564209e-05,0.0012841691934730123,1.2841691934730123e-06
2019-11-21,110044,buy,rebalance,129.79,5.3407321763146923e-20,6.931736291638839e-18,6.93173629163884e-21
2019-11-21,128039,buy,rebalance,110.421,1.1078963377050539e-05,0.0012233502150572977,1.2233502150572977e-06
2019-11-21,128036,buy,rebalance,110.748,2.581055265269112e-05,0.002858467085180236,2.858467085180236e-06
2019-11-21,123010,buy,rebalance,102.021,2.56268789482731e-06,0.000261447981718177,2.6144798171817704e-07
2019-11-21,123002,buy,rebalance,121.5,5.220541619705703e-06,0.0006342958067942428,6.342958067942428e-07
2019-11-21,113509,buy,rebalance,111.23,0.0005601444199962143,0.06230486383617892,6.230486383617892e-05
2019-11-21,123014,buy,rebalance,108.19,0.0005758837585375629,0.06230486383617892,6.230486383617892e-05
2019-11-21,113514,buy,rebalance,102.5,7.25872793585965e-06,0.0007440196134256142,7.440196134256142e-07
2019-11-21,127003,buy,rebalance,104.2,0.000597935353514193,0.06230486383617892,6.230486383617892e-05
2019-11-21,128020,buy,rebalance,123.33,0.0005051882253805151,0.06230486383617892,6.230486383617892e-05
2019-11-21,128041,buy,rebalance,145.55,4.7624433470551967e-20,6.931736291638839e-18,6.93173629163884e-21
2019-12-11,128038,sell,rebalance,131.804,0.0004965305226660939,0.06544470900948184,6.544470900948184e-05
2019-12-11,113514,sell,rebalance,121.0,0.0006084724945172811,0.07362517183659101,7.3625171836591e-05
2019-12-11,128041,sell,rebalance,147.7,0.00042850703505385127,0.06329048907745383,6.329048907745383e-05
2019-12-11,113515,sell,rebalance,113.82,0.0005342573149913316,0.06080916759231336,6.0809167592313366e-05
2019-12-11,127003,sell,rebalance,103.633,0.000597935353514193,0.061965834490736366,6.196583449073637e-05
2019-12-11,128020,sell,rebalance,137.488,0.0005051882253805151,0.06945731873111625,6.945731873111626e-05
2019-12-11,123011,sell,rebalance_resize,118.97,2.1192449963511563e-05,0.0025212657721589704,2.5212657721589705e-06
2019-12-11,123012,sell,rebalance_resize,118.6,8.845124252446086e-06,0.0010490317363401058,1.049031736340106e-06
2019-12-11,113509,sell,rebalance_resize,117.06,1.5703451042861584e-05,0.001838245979077377,1.838245979077377e-06
2019-12-11,123002,sell,rebalance_resize,127.49,1.3421280462961272e-05,0.0017110790462229325,1.7110790462229325e-06
2019-12-11,128025,buy,rebalance,109.642,1.167343873190652e-05,0.0012798991694436947,1.2798991694436948e-06
2019-12-11,128040,buy,rebalance,105.5,2.5566263276950654e-05,0.002697240775718294,2.697240775718294e-06
2019-12-11,113511,buy,rebalance,122.06,2.9976396453954646e-05,0.003658918951169704,3.658918951169704e-06
2019-12-11,128039,buy,rebalance,107.519,2.7905549106738118e-05,0.003000376734407376,3.000376734407376e-06
2019-12-11,110044,buy,rebalance,131.0,5.960409385909251e-06,0.0007808136295541119,7.808136295541119e-07
2019-12-11,128036,buy,rebalance,107.0,3.2459005521214896e-05,0.003473113590769994,3.4731135907699942e-06
2019-12-11,113510,buy,rebalance,105.46,0.0006037119593824338,0.06366746323647146,6.366746323647147e-05
2019-12-11,123015,buy,rebalance,112.999,6.1370111470903926e-06,0.0006934761226100672,6.934761226100672e-07
2019-12-11,128044,buy,rebalance,99.295,0.0006411950575202323,0.06366746323647146,6.366746323647147e-05
2019-12-11,123014,buy,rebalance,108.466,1.1682577369033906e-05,0.0012671624369096316,1.2671624369096317e-06
2019-12-11,113503,buy,rebalance,112.0,1.2207478301216828e-05,0.0013672375697362847,1.3672375697362847e-06
2019-12-11,123009,buy,rebalance,112.885,0.0005640028634138412,0.06366746323647146,6.366746323647147e-05
2019-12-11,123010,buy,rebalance,102.241,1.2006806981701031e-05,0.0012275879526160952,1.2275879526160952e-06
2019-12-11,123004,buy,rebalance,99.4,0.0006405177387974996,0.06366746323647146,6.366746323647147e-05
2019-12-11,123013,buy,rebalance,100.8,0.0006316216590919788,0.06366746323647146,6.366746323647147e-05
2019-12-11,110033,buy,rebalance,111.39,0.0005715725220977777,0.06366746323647146,6.366746323647147e-05
2019-12-23,123011,sell,rebalance,125.9,0.0005357002591046437,0.06744466262127465,6.744466262127465e-05
2019-12-23,123002,sell,rebalance,130.39,0.0004999000692264451,0.06518197002643616,6.518197002643617e-05
2019-12-23,110033,sell,rebalance,113.62,0.0005715725220977777,0.0649420699607495,6.49420699607495e-05
2019-12-23,113503,sell,rebalance_resize,129.88,6.192486839029397e-05,0.00804280190653138,8.04280190653138e-06
2019-12-23,128039,sell,rebalance_resize,111.65,2.8258767265636174e-06,0.0003155091365208279,3.155091365208279e-07
2019-12-23,123009,sell,rebalance_resize,118.43,7.874818627488857e-06,0.0009326147700535053,9.326147700535054e-07
2019-12-23,110044,sell,rebalance_resize,147.44,3.9794332940553666e-05,0.005867276448755232,5.867276448755232e-06
2019-12-23,128040,buy,rebalance,107.824,6.752561063014295e-06,0.0007280881440584533,7.280881440584534e-07
2019-12-23,113514,buy,rebalance,115.0,0.0005721023449522313,0.0657917696695066,6.57917696695066e-05
2019-12-23,113511,buy,rebalance,121.94,1.7992546699396104e-05,0.002194011144524361,2.1940111445243607e-06
2019-12-23,128036,buy,rebalance,109.789,4.298224033804124e-06,0.000471897718447321,4.71897718447321e-07
2019-12-23,128025,buy,rebalance,111.81,7.782617477660562e-06,0.0008701744601772274,8.701744601772274e-07
2019-12-23,113503,buy,rebalance,129.88,1.0673651168802058e-19,1.3862938138040112e-17,1.3862938138040112e-20
2019-12-23,123014,buy,rebalance,109.092,1.614756968574304e-05,0.0017615706721570796,1.7615706721570796e-06
2019-12-23,128019,buy,rebalance,122.5,0.0005370756707714824,0.0657917696695066,6.57917696695066e-05
2019-12-23,123010,buy,rebalance,102.97,1.626710708481843e-05,0.0016750240165237537,1.6750240165237539e-06
2019-12-23,128039,buy,rebalance,111.65,1.241642466461273e-19,1.3862938138040112e-17,1.3862938138040112e-20
2019-12-23,113510,buy,rebalance,106.59,1.4175514384169196e-05,0.0015109680782085947,1.5109680782085946e-06
2019-12-23,123015,buy,rebalance,114.22,1.2611644055009637e-05,0.0014405019839632007,1.4405019839632007e-06
2019-12-23,123013,buy,rebalance,101.9,1.4704536194980354e-05,0.0014983922382684981,1.4983922382684981e-06
2019-12-23,113509,buy,rebalance,119.43,7.023034078020859e-06,0.0008387609599380312,8.387609599380312e-07
2019-12-23,128044,buy,rebalance,102.1,3.87664048737509e-06,0.0003958049937609967,3.9580499376099673e-07
2019-12-23,123012,buy,rebalance,121.83,3.232805459955424e-06,0.0003938526891863693,3.9385268918636933e-07
2019-12-23,123004,buy,rebalance,100.0,1.808533203914224e-05,0.001808533203914224,1.808533203914224e-06
2019-12-23,128041,buy,rebalance,144.38,0.00045568478784808564,0.0657917696695066,6.57917696695066e-05
2019-12-31,123012,sell,rebalance,122.38,0.0005406043048333068,0.06615915482550008,6.615915482550008e-05
2019-12-31,113503,sell,rebalance,127.04,0.0005071007417927912,0.0644220782373562,6.44220782373562e-05
2019-12-31,113509,sell,rebalance,119.33,0.0005514640030313735,0.0658061994817338,6.58061994817338e-05
2019-12-31,128044,sell,rebalance,102.1,0.0006450716980076073,0.0658618203665767,6.58618203665767e-05
2019-12-31,123009,sell,rebalance,123.822,0.0005561280447863523,0.06886088676153572,6.886088676153572e-05
2019-12-31,128019,sell,rebalance,127.001,0.0005370756707714824,0.06820914726364904,6.820914726364904e-05
2019-12-31,128040,sell,rebalance_resize,108.1,4.560681341296718e-06,0.0004930096529941752,4.930096529941752e-07
2019-12-31,113511,sell,rebalance_resize,122.54,5.279194675936553e-06,0.0006469125155892652,6.469125155892652e-07
2019-12-31,123014,sell,rebalance_resize,110.0,7.922613359739367e-06,0.0008714874695713303,8.714874695713303e-07
2019-12-31,123010,sell,rebalance_resize,103.838,8.461139611542985e-06,0.0008785878149834003,8.785878149834004e-07
2019-12-31,113510,sell,rebalance_resize,106.6,3.093457391499394e-06,0.00032976255793383535,3.2976255793383537e-07
2019-12-31,128039,sell,rebalance_resize,113.25,1.1205659155115237e-05,0.0012690408993168006,1.2690408993168008e-06
2019-12-31,123013,sell,rebalance_resize,101.886,3.0872601478227426e-06,0.00031454858742106795,3.1454858742106794e-07
2019-12-31,123004,sell,rebalance_resize,100.5,6.493198741258284e-06,0.0006525664734964576,6.525664734964576e-07
2019-12-31,128025,buy,rebalance,110.3,5.118931964335141e-06,0.000564618195666166,5.64618195666166e-07
2019-12-31,128036,buy,rebalance,107.399,1.0315985679886213e-05,0.0011079265460340994,1.1079265460340994e-06
2019-12-31,113514,buy,rebalance,109.65,2.556478780882199e-05,0.0028031789832373313,2.8031789832373312e-06
2019-12-31,123015,buy,rebalance,112.328,6.82390120550823e-06,0.0007665151746123285,7.665151746123285e-07
2019-12-31,128041,buy,rebalance,135.94,2.639117269125101e-05,0.003587616015648662,3.587616015648662e-06
2019-12-31,128039,buy,rebalance,113.25,1.2241710224498897e-19,1.3863736829245e-17,1.3863736829245e-20
2019-12-31,113522,buy,rebalance,124.98,0.0005238493136516792,0.06547068722018687,6.547068722018687e-05
2019-12-31,110044,buy,rebalance,141.53,1.6339171957795927e-05,0.0023124830071868576,2.3124830071868578e-06
2019-12-31,113504,buy,rebalance,116.53,0.0005618354691511788,0.06547068722018687,6.547068722018687e-05
2019-12-31,113521,buy,rebalance,121.03,0.0005409459408426577,0.06547068722018687,6.547068722018687e-05
2019-12-31,128022,buy,rebalance,104.4,0.0006271138622623263,0.06547068722018687,6.547068722018687e-05
2019-12-31,123007,buy,rebalance,110.5,0.0005924949069700169,0.06547068722018687,6.547068722018687e-05
2019-12-31,113502,buy,rebalance,99.0,0.0006613200729311805,0.06547068722018687,6.547068722018687e-05
2020-01-13,123004,sell,rebalance,104.4,0.0006521098720953835,0.06808027064675805,6.808027064675806e-05
2020-01-13,113522,sell,rebalance,164.62,0.0005238493136516792,0.08623607401333944,8.623607401333944e-05
2020-01-13,113504,sell,rebalance,120.4,0.0005618354691511788,0.06764499048580194,6.764499048580194e-05
2020-01-13,113521,sell,rebalance,144.0,0.0005409459408426577,0.0778962154813427,7.78962154813427e-05
2020-01-13,128022,sell,rebalance,108.772,0.0006271138622623263,0.06821242902599776,6.821242902599777e-05
2020-01-13,123007,sell,rebalance,118.0,0.0005924949069700169,0.06991439902246199,6.9914399022462e-05
2020-01-13,113502,sell,rebalance,101.55,0.0006613200729311805,0.06715705340616138,6.715705340616138e-05
2020-01-13,113510,sell,rebalance_resize,117.89,2.4025693323331673e-05,0.002832388985887571,2.832388985887571e-06
2020-01-13,113511,buy,rebalance,121.65,3.764916643698266e-05,0.004580021097058941,4.580021097058941e-06
2020-01-13,128036,buy,rebalance,112.666,7.942800835325439e-06,0.0008948835989127759,8.948835989127759e-07
2020-01-13,123010,buy,rebalance,110.0,1.9935194099010237e-06,0.00021928713508911262,2.1928713508911261e-07
2020-01-13,128040,buy,rebalance,111.24,1.980181799570925e-05,0.002202754233842697,2.2027542338426968e-06
2020-01-13,128041,buy,rebalance,137.266,2.5276105305527858e-05,0.0034695498708685866,3.469549870868587e-06
2020-01-13,123014,buy,rebalance,113.403,1.833343922756906e-05,0.002079067008724014,2.079067008724014e-06
2020-01-13,128039,buy,rebalance,119.8,2.6533655731914814e-06,0.0003178731956683395,3.178731956683395e-07
2020-01-13,123015,buy,rebalance,118.49,4.335888508848675e-06,0.0005137594294134795,5.137594294134795e-07
2020-01-13,128044,buy,rebalance,113.9,0.0006108491059751126,0.06957571317056532,6.957571317056532e-05
2020-01-13,123013,buy,rebalance,104.703,2.1912688614758442e-05,0.002294324236031053,2.294324236031053e-06
2020-01-13,128049,buy,rebalance,113.589,0.0006125215748933904,0.06957571317056532,6.957571317056532e-05
2020-01-13,113514,buy,rebalance,112.47,2.1549017730180988e-05,0.002423618024113456,2.423618024113456e-06
2020-01-13,128025,buy,rebalance,117.2,8.067654116293521e-08,9.455290624296006e-06,9.455290624296006e-09
2020-01-13,123009,buy,rebalance,128.99,0.0005393884267816522,0.06957571317056532,6.957571317056532e-05
2020-01-13,127004,buy,rebalance,105.88,0.0006571185603566805,0.06957571317056532,6.957571317056532e-05
2020-01-13,110044,buy,rebalance,148.41,6.228037490875635e-06,0.000924303044020853,9.24303044020853e-07
2020-01-13,123011,buy,rebalance,126.478,0.0005501013075045883,0.06957571317056532,6.957571317056532e-05
2020-01-13,123012,buy,rebalance,124.6,0.0005583925615615195,0.06957571317056532,6.957571317056532e-05
2020-01-13,128018,buy,rebalance,100.5,0.0006922956534384609,0.06957571317056532,6.957571317056532e-05
2020-01-21,123009,sell,rebalance,134.0,0.0005393884267816522,0.0722780491887414,7.227804918874139e-05
2020-01-21,128018,sell,rebalance,100.211,0.0006922956534384609,0.0693756397267216,6.937563972672161e-05
2020-01-21,113511,sell,rebalance_resize,125.01,9.487861994589847e-06,0.0011860776279436769,1.1860776279436769e-06
2020-01-21,128041,sell,rebalance_resize,139.458,2.694776681994953e-06,0.00037580816651765214,3.7580816651765216e-07
2020-01-21,123014,sell,rebalance_resize,116.998,1.258883997420005e-05,0.0014728690993014576,1.4728690993014577e-06
2020-01-21,127004,sell,rebalance_resize,126.2,9.944426374752472e-05,0.01254986608493762,1.254986608493762e-05
2020-01-21,128044,sell,rebalance_resize,117.915,1.3991231810880335e-05,0.0016497760989799548,1.6497760989799548e-06
2020-01-21,123010,sell,rebalance_resize,111.34,1.0361878542228663e-06,0.00011536915568917394,1.1536915568917394e-07
2020-01-21,113510,buy,rebalance,119.0,6.468940499190974e-07,7.698039194037258e-05,7.698039194037258e-08
2020-01-21,128036,buy,rebalance,109.453,2.4821876559114808e-05,0.0027168288550247933,2.7168288550247932e-06
2020-01-21,128051,buy,rebalance,116.001,0.0006060336503934758,0.07030050947929359,7.03005094792936e-05
2020-01-21,128039,buy,rebalance,120.8,1.2551587867755288e-06,0.00015162318144248388,1.5162318144248387e-07
2020-01-21,123011,buy,rebalance,122.8,2.298798130721767e-05,0.00282292410452633,2.82292410452633e-06
2020-01-21,123015,buy,rebalance,117.003,1.3722484186178791e-05,0.001605571817235477,1.6055718172354771e-06
2020-01-21,128040,buy,rebalance,111.371,5.856960692924448e-06,0.0006522955693316887,6.522955693316887e-07
2020-01-21,128049,buy,rebalance,111.0,2.149508646936818e-05,0.0023859545980998683,2.3859545980998685e-06
2020-01-21,113514,buy,rebalance,110.22,1.9289906845324864e-05,0.0021261335324917066,2.126133532491707e-06
2020-01-21,128044,buy,rebalance,117.915,1.1756273386661937e-19,1.3862409763882424e-17,1.3862409763882425e-20
2020-01-21,113524,buy,rebalance,106.02,0.0006630872427777173,0.07030050947929359,7.03005094792936e-05
2020-01-21,123013,buy,rebalance,104.205,1.022205870753192e-05,0.0010651896276183638,1.0651896276183639e-06
2020-01-21,123012,buy,rebalance,120.005,2.803936605436217e-05,0.003364864123353732,3.364864123353732e-06
2020-01-21,128025,buy,rebalance,118.111,1.6193036573393861e-06,0.00019125757427201223,1.9125757427201224e-07
2020-01-21,110044,buy,rebalance,148.0,6.2508350934587036e-06,0.0009251235938318881,9.251235938318881e-07
2020-02-11,128036,sell,rebalance,116.001,0.0006429744489522301,0.07458567905290765,7.458567905290766e-05
2020-02-11,123013,sell,rebalance,103.291,0.0006753736824614268,0.06976002303512324,6.976002303512324e-05
2020-02-11,128044,sell,rebalance,115.389,0.0005968578741642323,0.0688708332419366,6.88708332419366e-05
2020-02-11,127004,sell,rebalance,215.0,0.0005576742966091557,0.11989997377096848,0.00011989997377096848
2020-02-11,123011,sell,rebalance,107.901,0.000573089288811806,0.06183690735208268,6.183690735208268e-05
2020-02-11,113524,sell,rebalance,102.77,0.0006630872427777173,0.06814547594026601,6.814547594026602e-05
2020-02-11,123010,sell,rebalance_resize,114.44,3.573337934432468e-06,0.0004089327932164516,4.089327932164516e-07
2020-02-11,128039,sell,rebalance_resize,124.498,4.849102465204512e-06,0.0006037035587130313,6.037035587130313e-07
2020-02-11,113510,sell,rebalance_resize,140.01,7.767272109801212e-05,0.010874957680932676,1.0874957680932675e-05
2020-02-11,128040,buy,rebalance,110.274,2.0333297923460346e-05,0.0022422340952116663,2.2422340952116663e-06
2020-02-11,110044,buy,rebalance,135.96,5.346769214698234e-05,0.00726946742430372,7.26946742430372e-06
2020-02-11,113511,buy,rebalance,124.66,1.4004853466722405e-05,0.001745845033161615,1.745845033161615e-06
2020-02-11,128041,buy,rebalance,128.0,5.723003676035794e-05,0.007325444705325816,7.325444705325816e-06
2020-02-11,123012,buy,rebalance,114.979,3.911253675881469e-05,0.0044971203639917546,4.497120363991754e-06
2020-02-11,123014,buy,rebalance,113.898,2.9955350246026613e-05,0.003411854482321939,3.411854482321939e-06
2020-02-11,123007,buy,rebalance,120.69,0.0005953718575991419,0.07185542949364043,7.185542949364044e-05
2020-02-11,128051,buy,rebalance,113.533,2.7490413343906062e-05,0.003121069098173687,3.121069098173687e-06
2020-02-11,128052,buy,rebalance,156.61,0.000458817632933021,0.07185542949364043,7.185542949364044e-05
2020-02-11,128049,buy,rebalance,109.63,2.206841420168567e-05,0.0024193602489307998,2.4193602489307997e-06
2020-02-11,113521,buy,rebalance,127.98,0.0005614582707738743,0.07185542949364043,7.185542949364044e-05
2020-02-11,113514,buy,rebalance,107.07,3.3254818556546455e-05,0.0035605934228494286,3.5605934228494287e-06
2020-02-11,128025,buy,rebalance,115.5,2.686949506016088e-05,0.003103426679448582,3.103426679448582e-06
2020-02-11,113509,buy,rebalance,124.88,0.0005753958159324186,0.07185542949364043,7.185542949364044e-05
2020-02-11,127008,buy,rebalance,172.681,0.00041611659356640524,0.07185542949364043,7.185542949364044e-05
2020-02-11,123015,buy,rebalance,112.58,3.738203909825773e-05,0.004208469961681855,4.208469961681855e-06
2020-02-11,113515,buy,rebalance,128.5,0.0005591862217403925,0.07185542949364043,7.185542949364044e-05
2020-02-21,128025,sell,rebalance,118.446,0.0006227351135336766,0.07376048325760987,7.376048325760987e-05
2020-02-21,128049,sell,rebalance,112.3,0.0006560850755644442,0.07367835398588708,7.367835398588708e-05
2020-02-21,123012,sell,rebalance,141.0,0.0006255444643746964,0.08820176947683218,8.820176947683219e-05
2020-02-21,128052,sell,rebalance,185.897,0.000458817632933021,0.0852928215093498,8.52928215093498e-05
2020-02-21,113521,sell,rebalance,155.25,0.0005614582707738743,0.08716639653764398,8.716639653764397e-05
2020-02-21,113509,sell,rebalance,139.68,0.0005753958159324186,0.08037128756944023,8.037128756944023e-05
2020-02-21,113515,sell,rebalance,136.59,0.0005591862217403925,0.0763792460275202,7.637924602752021e-05
2020-02-21,128051,sell,rebalance_resize,124.8,1.1491969113570245e-05,0.0014341977453735666,1.4341977453735667e-06
2020-02-21,110044,sell,rebalance_resize,154.0,2.4902791016858602e-05,0.003835029816596225,3.835029816596225e-06
2020-02-21,128039,sell,rebalance_resize,140.855,2.662160712956926e-05,0.003749786472235478,3.749786472235478e-06
2020-02-21,127008,sell,rebalance_resize,196.801,2.165922084445919e-05,0.004262556321410413,4.262556321410413e-06
2020-02-21,128041,buy,rebalance,134.0,1.7420266309483562e-05,0.0023343156854707973,2.3343156854707973e-06
2020-02-21,113510,buy,rebalance,129.5,8.562631904922757e-05,0.01108860831687497,1.108860831687497e-05
2020-02-21,128051,buy,rebalance,124.8,1.110865791108159e-19,1.3863605073029823e-17,1.3863605073029823e-20
2020-02-21,128040,buy,rebalance,114.5,2.570633589808352e-05,0.002943375460330563,2.943375460330563e-06
2020-02-21,123014,buy,rebalance,117.2,3.084584920557289e-05,0.003615133526893143,3.615133526893143e-06
2020-02-21,128036,buy,rebalance,115.9,0.0006691136323593902,0.07755026999045332,7.755026999045332e-05
2020-02-21,123007,buy,rebalance,122.0,4.089454754953012e-05,0.004989134801042675,4.989134801042675e-06
2020-02-21,128042,buy,rebalance,126.0,0.000615478333257566,0.07755026999045332,7.755026999045332e-05
2020-02-21,123015,buy,rebalance,120.0,8.028163681212581e-06,0.0009633796417455098,9.633796417455098e-07
2020-02-21,113524,buy,rebalance,108.3,0.0007160689749811018,0.07755026999045332,7.755026999045332e-05
2020-02-21,113514,buy,rebalance,111.61,2.375827748438143e-05,0.0026516613500318113,2.6516613500318113e-06
2020-02-21,127007,buy,rebalance,126.001,0.0006154734485476569,0.07755026999045332,7.755026999045332e-05
2020-02-21,113511,buy,rebalance,130.1,1.9683895440705743e-05,0.002560874796835817,2.560874796835817e-06
2020-02-21,123010,buy,rebalance,118.766,2.5078275422338127e-05,0.00297844645880941,2.97844645880941e-06
2020-02-21,128017,buy,rebalance,125.401,0.0006184182741003128,0.07755026999045332,7.755026999045332e-05
2020-02-21,123018,buy,rebalance,137.0,0.0005660603648938199,0.07755026999045332,7.755026999045332e-05
2020-02-21,123013,buy,rebalance,107.39,0.0007221367910462177,0.07755026999045332,7.755026999045332e-05
2020-03-11,113510,sell,risk_exit_next_open,191.0,0.0005993688150529065,0.11447944367510515,0.00011447944367510516
2020-03-11,128040,sell,rebalance,115.419,0.0006779615220900671,0.07824964091811346,7.824964091811345e-05
2020-03-11,123015,sell,rebalance,117.59,0.0006469051654428221,0.07606957840442145,7.606957840442145e-05
2020-03-11,123010,sell,rebalance,125.906,0.0006536092686543818,0.0822933285791986,8.22933285791986e-05
2020-03-11,113514,sell,rebalance,142.0,0.0006955191533774871,0.09876371977960316,9.876371977960316e-05
2020-03-11,123007,sell,rebalance,117.997,0.000636266405148672,0.07507752700832786,7.507752700832786e-05
2020-03-11,127008,sell,rebalance,212.44,0.00039445737272194605,0.08379852426105022,8.379852426105022e-05
2020-03-11,128042,sell,rebalance,117.521,0.000615478333257566,0.07233162920276241,7.233162920276241e-05
2020-03-11,113524,sell,rebalance,108.88,0.0007160689749811018,0.07796558999594236,7.796558999594236e-05
2020-03-11,127007,sell,rebalance,128.0,0.0006154734485476569,0.07878060141410008,7.878060141410008e-05
2020-03-11,128017,sell,rebalance,125.834,0.0006184182741003128,0.07781804510313876,7.781804510313876e-05
2020-03-11,128041,sell,rebalance_resize,149.5,3.734444770088074e-05,0.005582994931281671,5.582994931281671e-06
2020-03-11,123013,sell,rebalance_resize,114.0,1.1404421682107063e-05,0.0013001040717602053,1.3001040717602052e-06
2020-03-11,113526,buy,rebalance,129.85,0.0006233495825120289,0.08094194328918694,8.094194328918694e-05
2020-03-11,123014,buy,rebalance,120.0,1.2845718244691185e-05,0.001541486189362942,1.5414861893629421e-06
2020-03-11,110044,buy,rebalance,144.99,5.4677796578768684e-05,0.007927733725955672,7.927733725955671e-06
2020-03-11,123012,buy,rebalance,121.999,0.0006634639897801371,0.08094194328918694,8.094194328918694e-05
2020-03-11,113511,buy,rebalance,135.0,3.4987957247784114e-06,0.0004723374228450855,4.7233742284508554e-07
2020-03-11,128036,buy,rebalance,119.99,6.132211501133545e-06,0.000735804058021014,7.358040580210141e-07
2020-03-11,113517,buy,rebalance,124.97,0.0006476909921516119,0.08094194328918694,8.094194328918694e-05
2020-03-11,113509,buy,rebalance,130.0,0.0006226303329937457,0.08094194328918694,8.094194328918694e-05
2020-03-11,113527,buy,rebalance,104.48,0.0007747123209148827,0.08094194328918694,8.094194328918694e-05
2020-03-11,128039,buy,rebalance,128.521,7.921881502201837e-05,0.01018128132544482,1.018128132544482e-05
2020-03-11,123018,buy,rebalance,136.99,2.5369584422225322e-05,0.003475379370000647,3.4753793700006473e-06
2020-03-11,128021,buy,rebalance,126.994,0.0006373682480210636,0.08094194328918694,8.094194328918694e-05
2020-03-11,128028,buy,rebalance,133.861,0.0006046715868638883,0.08094194328918694,8.094194328918694e-05
2020-03-11,110038,buy,rebalance,117.01,0.0006917523569710874,0.08094194328918694,8.094194328918694e-05
2020-03-11,128025,buy,rebalance,116.01,0.0006977152253183944,0.08094194328918694,8.094194328918694e-05
2020-03-11,127004,buy,rebalance,169.9,0.00047640931894753934,0.08094194328918694,8.094194328918694e-05
2020-03-11,128051,buy,rebalance,120.0,5.311014923341139e-05,0.006373217908009367,6.373217908009367e-06
2020-03-11,128052,buy,rebalance,173.5,0.0004665241688137576,0.08094194328918694,8.094194328918694e-05
2020-03-16,113517,sell,risk_exit_next_open,128.33,0.0006476909921516119,0.08311818502281636,8.311818502281636e-05
2020-03-23,128039,sell,rebalance,131.22,0.0006303501586665585,0.0827145478202258,8.271454782022581e-05
2020-03-23,110044,sell,rebalance,149.4,0.0005587661433907928,0.08347966182258444,8.347966182258444e-05
2020-03-23,123014,sell,rebalance,193.506,0.0006751828091822602,0.13065192467362244,0.00013065192467362244
2020-03-23,128041,sell,rebalance,174.6,0.0005419631445318302,0.09462676503525755,9.462676503525755e-05
2020-03-23,128036,sell,rebalance,124.05,0.0006752458438605237,0.08376424693089796,8.376424693089796e-05
2020-03-23,123018,sell,rebalance,130.002,0.0005914299493160452,0.07688707627098453,7.688707627098452e-05
2020-03-23,123013,sell,rebalance,176.4,0.0007107323693641106,0.12537318995582913,0.00012537318995582914
2020-03-23,113526,sell,rebalance,129.5,0.0006233495825120289,0.08072377093530773,8.072377093530773e-05
2020-03-23,123012,sell,rebalance,159.5,0.0006634639897801371,0.10582250636993186,0.00010582250636993186
2020-03-23,113527,sell,rebalance,103.31,0.0007747123209148827,0.08003552987371652,8.003552987371652e-05
2020-03-23,128028,sell,rebalance,125.99,0.0006046715868638883,0.07618257322898128,7.618257322898129e-05
2020-03-23,128025,sell,rebalance,118.04,0.0006977152253183944,0.08235830519658327,8.235830519658327e-05
2020-03-23,127004,sell,rebalance,197.532,0.00047640931894753934,0.09410608559034535,9.410608559034535e-05
2020-03-23,128052,sell,rebalance,220.0,0.0004665241688137576,0.10263531713902667,0.00010263531713902666
2020-03-23,128050,buy,rebalance,121.0,0.0007346520679697377,0.08889290022433827,8.889290022433827e-05
2020-03-23,113509,buy,rebalance,120.5,0.00011569209213041087,0.01394089710171451,1.394089710171451e-05
2020-03-23,123002,buy,rebalance,126.08,0.0007050515563478606,0.08889290022433827,8.889290022433827e-05
2020-03-23,128021,buy,rebalance,130.0,4.7060023682658326e-05,0.006117803078745583,6.117803078745583e-06
2020-03-23,113520,buy,rebalance,143.0,0.0006216286728974704,0.08889290022433827,8.889290022433827e-05
2020-03-23,110050,buy,rebalance,133.3,0.0006668634675494243,0.08889290022433827,8.889290022433827e-05
2020-03-23,113515,buy,rebalance,127.01,0.0006998889868855859,0.08889290022433827,8.889290022433827e-05
2020-03-23,113504,buy,rebalance,124.98,0.0007112570029151725,0.08889290022433827,8.889290022433827e-05
2020-03-23,113505,buy,rebalance,111.0,0.0008008369389580024,0.08889290022433827,8.889290022433827e-05
2020-03-23,123017,buy,rebalance,113.99,0.000779830688870412,0.08889290022433827,8.889290022433827e-05
2020-03-23,110034,buy,rebalance,118.75,0.0007485717913628486,0.08889290022433827,8.889290022433827e-05
2020-03-23,128051,buy,rebalance,122.2,5.29700326286636e-05,0.006472937987222692,6.472937987222693e-06
2020-03-23,110038,buy,rebalance,114.1,8.801758446778048e-05,0.010042806387773752,1.0042806387773753e-05
2020-03-23,110041,buy,rebalance,115.4,0.00077030242828716,0.08889290022433827,8.889290022433827e-05
2020-03-23,128022,buy,rebalance,105.894,0.0008394517179853274,0.08889290022433827,8.889290022433827e-05
2020-03-23,113511,buy,rebalance,132.0,7.386015735622973e-05,0.009749540771022325,9.749540771022325e-06
2020-03-23,128042,buy,rebalance,112.5,0.0007901591131052291,0.08889290022433827,8.889290022433827e-05
2020-03-23,110047,buy,rebalance,114.03,0.0007795571360548826,0.08889290022433827,8.889290022433827e-05
2020-03-23,128018,buy,rebalance,109.401,0.0008125419349397014,0.08889290022433827,8.889290022433827e-05
2020-03-23,128015,buy,rebalance,106.0,0.0008386122662673421,0.08889290022433827,8.889290022433827e-05
2020-03-27,110050,sell,risk_exit_next_open,126.5,0.0006668634675494243,0.08435822864500217,8.435822864500218e-05
2020-03-31,113505,sell,rebalance,110.72,0.0008008369389580024,0.08866866588143002,8.866866588143002e-05
2020-03-31,123017,sell,rebalance,117.613,0.000779830688870412,0.09171822681011577,9.171822681011576e-05
2020-03-31,128022,sell,rebalance,106.0,0.0008394517179853274,0.0889818821064447,8.89818821064447e-05
2020-03-31,128042,sell,rebalance,111.23,0.0007901591131052291,0.08788939815069463,8.788939815069464e-05
2020-03-31,110047,sell,rebalance,113.45,0.0007795571360548826,0.08844075708542644,8.844075708542644e-05
2020-03-31,128018,sell,rebalance,108.04,0.0008125419349397014,0.08778703065088533,8.778703065088533e-05
2020-03-31,128015,sell,rebalance,106.6,0.0008386122662673421,0.08939606758409867,8.939606758409867e-05
2020-03-31,128050,sell,rebalance_resize,130.666,4.759789780374269e-05,0.006219426914423842,6.219426914423843e-06
2020-03-31,113509,sell,rebalance_resize,129.7,4.6151105163401735e-05,0.005985798339693205,5.9857983396932045e-06
2020-03-31,113515,sell,rebalance_resize,129.0,3.961698521943238e-06,0.0005110591093306777,5.110591093306777e-07
2020-03-31,113511,sell,rebalance_resize,140.58,3.542898148974341e-05,0.004980606217828129,4.980606217828129e-06
2020-03-31,110038,sell,rebalance_resize,117.8,1.767639136323203e-05,0.002082278902588733,2.082278902588733e-06
2020-03-31,113520,sell,rebalance_resize,150.5,2.5119568585776732e-05,0.0037804950721593983,3.7804950721593984e-06
2020-03-31,113526,buy,rebalance,126.3,0.0007100715849813786,0.08968204118314811,8.968204118314812e-05
2020-03-31,123002,buy,rebalance,126.11,6.816913621945991e-06,0.0008596809768636089,8.59680976863609e-07
2020-03-31,113509,buy,rebalance,129.7,1.0688879339399604e-19,1.3863476503201286e-17,1.3863476503201287e-20
2020-03-31,123018,buy,rebalance,133.74,0.000670570070159624,0.08968204118314811,8.968204118314812e-05
2020-03-31,128039,buy,rebalance,125.78,0.0007130071647571005,0.08968204118314811,8.968204118314812e-05
2020-03-31,113504,buy,rebalance,121.6,2.69932585062074e-05,0.00328238023435482,3.28238023435482e-06
2020-03-31,128051,buy,rebalance,119.0,2.6269178869188682e-05,0.0031260322854334533,3.1260322854334534e-06
2020-03-31,113521,buy,rebalance,130.0,0.0006898618552549855,0.08968204118314811,8.968204118314812e-05
2020-03-31,110038,buy,rebalance,117.8,1.1768655775213315e-19,1.3863476503201286e-17,1.3863476503201287e-20
2020-03-31,110034,buy,rebalance,117.99,1.2281876314023106e-05,0.0014491385862915862,1.4491385862915862e-06
2020-03-31,110041,buy,rebalance,114.8,1.1694386316030477e-05,0.0013425155490802987,1.3425155490802988e-06
2020-03-31,110044,buy,rebalance,163.0,0.0005501965716757553,0.08968204118314811,8.968204118314812e-05
2020-03-31,128019,buy,rebalance,118.0,0.0007600172981622721,0.08968204118314811,8.968204118314812e-05
2020-03-31,128021,buy,rebalance,128.5,1.4192254238724912e-05,0.0018237046696761511,1.8237046696761511e-06
2020-03-31,110048,buy,rebalance,117.19,0.0007652704256604498,0.08968204118314811,8.968204118314812e-05
2020-03-31,128025,buy,rebalance,118.0,0.0007600172981622721,0.08968204118314811,8.968204118314812e-05
2020-04-10,113511,sell,risk_exit_next_open,150.0,0.0006386016517207988,0.09579024775811981,9.579024775811981e-05
2020-04-13,110038,sell,rebalance,115.4,0.0007620935500756359,0.0879455956787284,8.79455956787284e-05
2020-04-13,110034,sell,rebalance,118.02,0.0007608536676768717,0.0897959498592244,8.97959498592244e-05
2020-04-13,110041,sell,rebalance,114.6,0.0007819968146031905,0.08961683495352563,8.961683495352562e-05
2020-04-13,123018,sell,rebalance,140.0,0.000670570070159624,0.09387980982234735,9.387980982234735e-05
2020-04-13,128019,sell,rebalance,115.0,0.0007600172981622721,0.08740198928866129,8.740198928866128e-05
2020-04-13,110048,sell,rebalance,117.59,0.0007652704256604498,0.08998814935341229,8.99881493534123e-05
2020-04-13,113526,sell,rebalance_resize,125.43,1.5651030739404223e-05,0.001963108785643472,1.963108785643472e-06
2020-04-13,123002,sell,rebalance_resize,127.299,2.7643376932384074e-05,0.0035189742401155605,3.5189742401155605e-06
2020-04-13,128039,sell,rebalance_resize,122.35,1.1054882669422899e-06,0.00013525648946038915,1.3525648946038915e-07
2020-04-13,113515,sell,rebalance_resize,127.97,1.5289872417945596e-05,0.001956644973324498,1.956644973324498e-06
2020-04-13,113504,sell,rebalance_resize,127.0,5.2414276235782685e-05,0.006656613081944401,6.656613081944401e-06
2020-04-13,123014,buy,rebalance,118.2,0.000736896532306014,0.08710117011857085,8.710117011857086e-05
2020-04-13,113520,buy,rebalance,127.41,8.711988963360777e-05,0.011099945138217965,1.1099945138217966e-05
2020-04-13,123012,buy,rebalance,113.5,0.0007674111904719899,0.08710117011857085,8.710117011857086e-05
2020-04-13,128050,buy,rebalance,114.88,7.11384666600048e-05,0.00817238704990135,8.17238704990135e-06
2020-04-13,113509,buy,rebalance,124.99,4.693790196624512e-06,0.0005866768366760977,5.866768366760977e-07
2020-04-13,128051,buy,rebalance,110.62,3.300934304097276e-05,0.0036514935271924065,3.6514935271924065e-06
2020-04-13,113514,buy,rebalance,120.0,0.0007258430843214238,0.08710117011857085,8.710117011857086e-05
2020-04-13,110044,buy,rebalance,136.18,8.940667489915183e-05,0.012175400987766496,1.2175400987766496e-05
2020-04-13,113521,buy,rebalance,126.11,8.143014222871163e-07,0.00010269155236462824,1.0269155236462824e-07
2020-04-13,128054,buy,rebalance,119.66,0.0007279054831904635,0.08710117011857085,8.710117011857086e-05
2020-04-13,128040,buy,rebalance,114.09,0.0007634426340483027,0.08710117011857085,8.710117011857086e-05
2020-04-13,128041,buy,rebalance,138.3,0.000629798771645487,0.08710117011857085,8.710117011857086e-05
2020-04-13,128021,buy,rebalance,122.001,1.5317639470712544e-05,0.0018687673330664012,1.8687673330664012e-06
2020-04-13,128025,buy,rebalance,113.75,5.7072743086805045e-06,0.0006492024526124074,6.492024526124074e-07
2020-04-21,128039,sell,rebalance,128.0,0.0007119016764901582,0.09112341459074025,9.112341459074025e-05
2020-04-21,110044,sell,rebalance,159.0,0.0006396032465749072,0.10169691620541024,0.00010169691620541024
2020-04-21,123014,sell,rebalance,164.0,0.000736896532306014,0.12085103129818629,0.00012085103129818629
2020-04-21,123012,sell,rebalance,136.0,0.0007674111904719899,0.10436792190419063,0.00010436792190419063
2020-04-21,113514,sell,rebalance,138.0,0.0007258430843214238,0.10016634563635647,0.00010016634563635648
2020-04-21,128041,sell,rebalance,230.0,0.000629798771645487,0.144853717478462,0.00014485371747846202
2020-04-21,113520,sell,rebalance_resize,150.0,4.46214175257841e-05,0.006693212628867615,6.693212628867615e-06
2020-04-21,128050,buy,rebalance,113.0,8.995675447185937e-05,0.010165113255320109,1.0165113255320109e-05
2020-04-21,123002,buy,rebalance,128.89,5.938119880950092e-05,0.007653642714556572,7.653642714556573e-06
2020-04-21,113509,buy,rebalance,129.89,4.103433747302864e-05,0.00532995009437169,5.32995009437169e-06
2020-04-21,128054,buy,rebalance,121.0,6.418791233575951e-05,0.007766737392626901,7.7667373926269e-06
2020-04-21,113515,buy,rebalance,132.35,4.354333511548657e-05,0.005762960402534647,5.762960402534647e-06
2020-04-21,128049,buy,rebalance,111.87,0.0008559446937020138,0.09575453288444429,9.575453288444429e-05
2020-04-21,128021,buy,rebalance,123.998,5.90078073853521e-05,0.00731685010016889,7.316850100168891e-06
2020-04-21,113526,buy,rebalance,128.55,5.116094251801702e-05,0.006576739160691089,6.576739160691089e-06
2020-04-21,127003,buy,rebalance,110.372,0.0008675618171677988,0.09575453288444429,9.575453288444429e-05
2020-04-21,113521,buy,rebalance,130.66,4.2872634494209836e-05,0.005601738423013457,5.601738423013457e-06
2020-04-21,110038,buy,rebalance,115.58,0.0008284697429005389,0.09575453288444429,9.575453288444429e-05
2020-04-21,113520,buy,rebalance,150.0,9.242534051891836e-20,1.3863801077837754e-17,1.3863801077837755e-20
2020-04-21,113504,buy,rebalance,126.08,7.432963891097835e-05,0.00937148087389615,9.37148087389615e-06
2020-04-21,128051,buy,rebalance,113.479,5.7211168756034725e-05,0.0064922662192660645,6.492266219266065e-06
2020-04-21,128057,buy,rebalance,120.011,0.0007978813015843904,0.09575453288444429,9.575453288444429e-05
2020-04-21,128059,buy,rebalance,124.0,0.0007722139748745507,0.09575453288444429,9.575453288444429e-05
2020-04-21,128040,buy,rebalance,118.2,4.7432832866115304e-05,0.005606560844774829,5.606560844774829e-06
2020-04-21,110034,buy,rebalance,118.56,0.0008076461950442331,0.09575453288444429,9.575453288444429e-05
2020-04-21,128025,buy,rebalance,116.12,5.9664222066940225e-05,0.006928209466413099,6.9282094664131e-06
2020-04-21,113525,buy,rebalance,107.96,0.0008869445432053009,0.09575453288444429,9.575453288444429e-05
2020-05-06,113520,sell,rebalance,162.0,0.0006390075764195174,0.10351922737996182,0.00010351922737996182
2020-05-06,113526,sell,rebalance,158.0,0.0007455814967599915,0.11780187648807865,0.00011780187648807866
2020-05-06,128025,sell,rebalance,112.1,0.0008253887945378928,0.09252608386769777,9.252608386769777e-05
2020-05-06,128057,sell,rebalance,117.0,0.0007978813015843904,0.09335211228537368,9.335211228537369e-05
2020-05-06,128059,sell,rebalance,125.399,0.0007722139748745507,0.09683486023529378,9.683486023529378e-05
2020-05-06,113525,sell,rebalance,108.0,0.0008869445432053009,0.0957900106661725,9.57900106661725e-05
2020-05-06,128054,sell,rebalance_resize,126.3,1.833663077418705e-05,0.0023159164667798243,2.315916466779824e-06
2020-05-06,113509,sell,rebalance_resize,134.0,8.604825330541319e-06,0.0011530465942925366,1.1530465942925366e-06
2020-05-06,113521,sell,rebalance_resize,135.91,1.4503250827268206e-05,0.001971136819934022,1.971136819934022e-06
2020-05-06,113504,sell,rebalance_resize,133.88,3.0217316745349485e-05,0.004045494365867389,4.045494365867389e-06
2020-05-06,128054,buy,rebalance,126.3,1.097680747495905e-19,1.3863707840873279e-17,1.386370784087328e-20
2020-05-06,123002,buy,rebalance,124.8,3.941040885059921e-05,0.004918419024554782,4.918419024554782e-06
2020-05-06,128050,buy,rebalance,112.003,2.4351429305061953e-05,0.002727433136454854,2.727433136454854e-06
2020-05-06,128051,buy,rebalance,113.34,1.761306711246575e-05,0.001996265026526868,1.9962650265268683e-06
2020-05-06,127003,buy,rebalance,111.436,9.393711222029434e-06,0.001046797603738072,1.046797603738072e-06
2020-05-06,123025,buy,rebalance,143.477,0.0006804319172484186,0.09762633019105135,9.762633019105136e-05
2020-05-06,113515,buy,rebalance,134.8,7.8491608289911e-07,0.00010580668797480004,1.0580668797480004e-07
2020-05-06,128040,buy,rebalance,116.6,2.7222780925649638e-05,0.0031741762559307474,3.1741762559307473e-06
2020-05-06,113518,buy,rebalance,124.57,0.0007837065922055982,0.09762633019105135,9.762633019105136e-05
2020-05-06,113505,buy,rebalance,112.67,0.0008664802537592203,0.09762633019105135,9.762633019105136e-05
2020-05-06,110038,buy,rebalance,115.18,1.996873176629578e-05,0.0022999985248419483,2.2999985248419484e-06
2020-05-06,123018,buy,rebalance,139.0,0.0007023476992161967,0.09762633019105135,9.762633019105136e-05
2020-05-06,110034,buy,rebalance,119.01,1.349361222785977e-05,0.0016058747912375913,1.6058747912375913e-06
2020-05-06,128049,buy,rebalance,112.4,1.3485377361850735e-05,0.0015157564154720227,1.5157564154720228e-06
2020-05-06,128021,buy,rebalance,122.62,2.4007946731379445e-05,0.0029438544282017476,2.9438544282017477e-06
2020-05-06,128034,buy,rebalance,109.906,0.0008882711607287258,0.09762633019105135,9.762633019105136e-05
2020-05-06,128039,buy,rebalance,125.0,0.0007810106415284109,0.09762633019105135,9.762633019105136e-05
2020-05-12,113515,sell,rebalance,140.5,0.0007249656671440826,0.10185767623374362,0.00010185767623374361
2020-05-12,113504,sell,rebalance,135.51,0.0007299483073512261,0.09891529512916464,9.891529512916463e-05
2020-05-12,128040,sell,rebalance,118.604,0.0008380982478400676,0.09940180458682338,9.940180458682337e-05
2020-05-12,113518,sell,rebalance,128.24,0.0007837065922055982,0.10050253338444591,0.00010050253338444591
2020-05-12,123018,sell,rebalance,143.29,0.0007023476992161967,0.10063940182068883,0.00010063940182068883
2020-05-12,128034,sell,rebalance,109.304,0.0008882711607287258,0.09709159095229265,9.709159095229266e-05
2020-05-12,128050,sell,rebalance_resize,113.49,1.5704134167513945e-07,1.7822621866711574e-05,1.7822621866711576e-08
2020-05-12,128054,sell,rebalance_resize,130.62,1.5815442532170715e-05,0.0020658131035521388,2.065813103552139e-06
2020-05-12,123002,sell,rebalance_resize,128.0,9.561267038469515e-06,0.001223842180924098,1.2238421809240979e-06
2020-05-12,113505,sell,rebalance_resize,114.82,4.241135936900037e-06,0.00048696722827486216,4.869672282748622e-07
2020-05-12,128051,sell,rebalance_resize,120.0,3.719590502822521e-05,0.004463508603387026,4.463508603387026e-06
2020-05-12,113509,buy,rebalance,135.11,3.4551542917768858e-06,0.00046682589636197507,4.668258963619751e-07
2020-05-12,110038,buy,rebalance,116.67,1.2825491888702886e-07,1.4963501386549658e-05,1.4963501386549657e-08
2020-05-12,113521,buy,rebalance,135.47,1.174860018475808e-05,0.0015915828670291772,1.5915828670291773e-06
2020-05-12,127003,buy,rebalance,112.249,5.027593676089383e-06,0.0005643423625473571,5.643423625473571e-07
2020-05-12,123025,buy,rebalance,141.022,2.158061029040964e-05,0.003043340824374148,3.043340824374148e-06
2020-05-12,128025,buy,rebalance,114.0,0.00086756179396442,0.09890204451194388,9.890204451194389e-05
2020-05-12,128049,buy,rebalance,111.539,1.8154029637469666e-05,0.002024882311733729,2.024882311733729e-06
2020-05-12,128039,buy,rebalance,126.3,2.8526229849156413e-06,0.00036028628299484547,3.6028628299484546e-07
2020-05-12,128021,buy,rebalance,119.26,3.315079303971526e-05,0.003953563577916442,3.953563577916442e-06
2020-05-12,113525,buy,rebalance,106.42,0.0009293558025929701,0.09890204451194388,9.890204451194389e-05
2020-05-12,113503,buy,rebalance,198.0,0.000499505275312848,0.09890204451194388,9.890204451194389e-05
2020-05-12,113520,buy,rebalance,160.26,0.0006171349339320098,0.09890204451194388,9.890204451194389e-05
2020-05-12,110043,buy,rebalance,108.5,0.0009115395807552432,0.09890204451194388,9.890204451194389e-05
2020-05-12,110034,buy,rebalance,120.54,1.8318199649411587e-07,2.2080757857400728e-05,2.208075785740073e-08
2020-05-12,113526,buy,rebalance,145.0,0.000682083065599613,0.09890204451194388,9.890204451194389e-05
2020-05-14,113503,sell,risk_exit_next_open,173.99,0.000499505275312848,0.08690892285168242,8.690892285168242e-05
2020-05-21,128054,sell,rebalance,144.3,0.0007579413222198653,0.10937093279632658,0.00010937093279632658
2020-05-21,110034,sell,rebalance,114.0,0.000821322989268587,0.09363082077661891,9.363082077661891e-05
2020-05-21,123025,sell,rebalance,139.694,0.0007020125275388283,0.09806693802200907,9.806693802200907e-05
2020-05-21,113520,sell,rebalance,169.61,0.0006171349339320098,0.10467225614420819,0.0001046722561442082
2020-05-21,110043,sell,rebalance,106.11,0.0009115395807552432,0.09672346491393885,9.672346491393885e-05
2020-05-21,113526,sell,rebalance,139.8,0.000682083065599613,0.0953552125708259,9.53552125708259e-05
2020-05-21,113509,sell,rebalance_resize,130.9,1.7223621085225945e-06,0.00022545720000560765,2.2545720000560767e-07
2020-05-21,128021,sell,rebalance_resize,115.3,1.6985952675642677e-07,1.9584803435016007e-05,1.9584803435016008e-08
2020-05-21,127003,sell,rebalance_resize,110.129,1.3079485822597964e-05,0.0014404306941568912,1.4404306941568912e-06
2020-05-21,113521,sell,rebalance_resize,133.99,1.6625258106100845e-05,0.0022276183336364525,2.2276183336364525e-06
2020-05-21,113525,sell,rebalance_resize,104.51,1.373539731270462e-05,0.00143548637315076,1.43548637315076e-06
2020-05-21,123002,buy,rebalance,122.11,1.0184197047176098e-05,0.0012435923014306734,1.2435923014306734e-06
2020-05-21,128050,buy,rebalance,108.9,6.359532256329015e-06,0.0006925530627142297,6.925530627142298e-07
2020-05-21,128025,buy,rebalance,106.79,2.8481126116607284e-05,0.003041499457992492,3.0414994579924923e-06
2020-05-21,128049,buy,rebalance,106.75,8.814403380718047e-06,0.0009409375608916515,9.409375608916515e-07
2020-05-21,110038,buy,rebalance,109.5,2.5302643920738327e-05,0.002770639509320847,2.770639509320847e-06
2020-05-21,128051,buy,rebalance,111.761,3.1164857041673444e-05,0.0034830155878344655,3.4830155878344654e-06
2020-05-21,127003,buy,rebalance,110.129,1.258870626461271e-19,1.3863816322155332e-17,1.3863816322155332e-20
2020-05-21,128039,buy,rebalance,119.201,1.8891906439124632e-05,0.0022519341394500953,2.2519341394500954e-06
2020-05-21,113505,buy,rebalance,105.05,4.862562052751359e-05,0.0051081214364153025,5.1081214364153025e-06
2020-05-21,128026,buy,rebalance,100.6,0.0009502500098671691,0.0955951509926372,9.55951509926372e-05
2020-05-21,123010,buy,rebalance,110.176,0.0008676585734882116,0.0955951509926372,9.55951509926372e-05
2020-05-21,128044,buy,rebalance,103.901,0.0009200599704780243,0.0955951509926372,9.55951509926372e-05
2020-05-21,113518,buy,rebalance,127.12,0.0007520071663989711,0.0955951509926372,9.55951509926372e-05
2020-05-21,128040,buy,rebalance,117.6,0.0008128839370122211,0.0955951509926372,9.55951509926372e-05
2020-05-21,128042,buy,rebalance,106.2,0.0009001426647140979,0.0955951509926372,9.55951509926372e-05
2020-05-21,123007,buy,rebalance,106.1,0.0009009910555385222,0.0955951509926372,9.55951509926372e-05
2020-06-11,113509,sell,rebalance,159.0,0.0007310274144831211,0.11623335890281625,0.00011623335890281625
2020-06-11,113521,sell,rebalance,138.42,0.0007141688824228715,0.09885525670497386,9.885525670497386e-05
2020-06-11,113505,sell,rebalance,104.11,0.0009108647383498338,0.0948301279096012,9.48301279096012e-05
2020-06-11,128026,sell,rebalance,101.23,0.0009502500098671691,0.09619380849885353,9.619380849885354e-05
2020-06-11,123010,sell,rebalance,110.3,0.0008676585734882116,0.09570274065574973,9.570274065574973e-05
2020-06-11,128044,sell,rebalance,103.297,0.0009200599704780243,0.09503943477046847,9.503943477046847e-05
2020-06-11,123007,sell,rebalance,106.301,0.0009009910555385222,0.09577625019480045,9.577625019480045e-05
2020-06-11,128025,sell,rebalance_resize,109.882,1.0348244510090351e-05,0.001137085803257748,1.137085803257748e-06
2020-06-11,113525,sell,rebalance_resize,106.66,3.170542716176745e-06,0.0003381700861074116,3.381700861074116e-07
2020-06-11,127003,sell,rebalance_resize,113.167,8.918814333348648e-06,0.0010093154616620664,1.0093154616620665e-06
2020-06-11,128040,sell,rebalance_resize,124.8,3.306100158685483e-05,0.004126012998039483,4.126012998039483e-06
2020-06-11,123002,buy,rebalance,115.17,6.132670284966925e-05,0.007062996367196409,7.062996367196409e-06
2020-06-11,128039,buy,rebalance,115.2,4.2010601705299605e-05,0.004839621316450515,4.839621316450515e-06
2020-06-11,128042,buy,rebalance,106.785,1.122777176554289e-05,0.0011989576079834976,1.1989576079834977e-06
2020-06-11,128050,buy,rebalance,109.76,7.96778484781688e-06,0.0008745440648963808,8.745440648963808e-07
2020-06-11,110038,buy,rebalance,111.01,2.822690584011664e-06,0.0003133468817311348,3.133468817311348e-07
2020-06-11,128021,buy,rebalance,114.3,2.1503653162649577e-05,0.0024578675564908468,2.457867556490847e-06
2020-06-11,128051,buy,rebalance,113.1,4.3059406850839315e-06,0.00048700189148299266,4.870018914829926e-07
2020-06-11,128022,buy,rebalance,107.003,0.0009086077989864759,0.09722376031494988,9.722376031494988e-05
2020-06-11,128049,buy,rebalance,107.173,1.1671995050724198e-05,0.0012509227255712645,1.2509227255712646e-06
2020-06-11,128066,buy,rebalance,112.428,0.0008647646521769477,0.09722376031494988,9.722376031494988e-05
2020-06-11,110058,buy,rebalance,104.04,0.0009344844320929437,0.09722376031494988,9.722376031494988e-05
2020-06-11,113518,buy,rebalance,128.27,6.712979655864804e-06,0.0008610739004577785,8.610739004577785e-07
2020-06-11,128019,buy,rebalance,109.39,0.0008887810614768249,0.09722376031494988,9.722376031494988e-05
2020-06-11,128017,buy,rebalance,119.792,0.0008116047842506167,0.09722376031494988,9.722376031494988e-05
2020-06-11,110034,buy,rebalance,114.46,0.0008494125486191673,0.09722376031494988,9.722376031494988e-05
2020-06-11,128057,buy,rebalance,112.807,0.0008618592845740945,0.09722376031494988,9.722376031494988e-05
2020-06-23,128021,sell,rebalance,117.888,0.0008514385062054992,0.10037438261955389,0.00010037438261955389
2020-06-23,113518,sell,rebalance,130.49,0.0007587201460548358,0.09900539185869553,9.900539185869554e-05
2020-06-23,128042,sell,rebalance,109.0,0.0009113704364796408,0.09933937757628085,9.933937757628085e-05
2020-06-23,128019,sell,rebalance,112.2,0.0008887810614768249,0.09972123509769976,9.972123509769976e-05
2020-06-23,128017,sell,rebalance,119.588,0.0008116047842506167,0.09705819293896274,9.705819293896274e-05
2020-06-23,113525,sell,rebalance_resize,108.73,1.1825828852608619e-05,0.0012858223711441352,1.2858223711441353e-06
2020-06-23,123002,sell,rebalance_resize,118.679,1.984267068842205e-05,0.0023549083146312405,2.3549083146312407e-06
2020-06-23,110038,sell,rebalance_resize,114.3,1.995670813728487e-05,0.002281051740091661,2.2810517400916607e-06
2020-06-23,128022,sell,rebalance_resize,108.499,6.0662899822523905e-06,0.000658186396784402,6.581863967844021e-07
2020-06-23,128051,sell,rebalance_resize,113.942,1.0627518612811738e-06,0.00012109207257809951,1.2109207257809952e-07
2020-06-23,128057,sell,rebalance_resize,116.93,2.4393696739926707e-05,0.00285235495979963,2.8523549597996302e-06
2020-06-23,128050,buy,rebalance,108.315,1.738588903340383e-05,0.0018831525706531358,1.8831525706531358e-06
2020-06-23,128039,buy,rebalance,115.498,3.0799798037999666e-06,0.00035573150737928857,3.557315073792886e-07
2020-06-23,128040,buy,rebalance,115.51,6.78687208840182e-05,0.007839515949312943,7.839515949312942e-06
2020-06-23,128066,buy,rebalance,112.228,7.780180639068416e-06,0.0008731541127613701,8.731541127613701e-07
2020-06-23,127003,buy,rebalance,112.78,8.28879640360078e-06,0.0009348104583980959,9.348104583980959e-07
2020-06-23,110055,buy,rebalance,115.44,0.0008474114136587042,0.09782517359276081,9.782517359276082e-05
2020-06-23,128059,buy,rebalance,129.02,0.0007582171259708635,0.09782517359276081,9.782517359276082e-05
2020-06-23,128049,buy,rebalance,106.67,9.936168386231077e-06,0.001059891081759269,1.059891081759269e-06
2020-06-23,110057,buy,rebalance,111.16,0.0008800393450230373,0.09782517359276081,9.782517359276082e-05
2020-06-23,128025,buy,rebalance,109.864,5.6275156533207255e-06,0.0006182613797364282,6.182613797364282e-07
2020-06-23,110058,buy,rebalance,104.0,7.093447690120578e-06,0.0007377185597725401,7.377185597725401e-07
2020-06-23,128026,buy,rebalance,99.057,0.0009875644688690432,0.09782517359276081,9.782517359276082e-05
2020-06-23,110034,buy,rebalance,114.01,9.492358570035358e-06,0.0010822238005697312,1.0822238005697312e-06
2020-06-23,128015,buy,rebalance,102.93,0.000950404873144475,0.09782517359276081,9.782517359276082e-05
2020-07-01,128051,sell,rebalance,113.602,0.0008594271751017997,0.09763264594591464,9.763264594591464e-05
2020-07-01,110058,sell,rebalance,102.52,0.0009415778797830643,0.09653056423535974,9.653056423535974e-05
2020-07-01,110034,sell,rebalance,115.66,0.0008589049071892026,0.09934094156550317,9.934094156550317e-05
2020-07-01,128057,sell,rebalance,116.0,0.0008374655878341678,0.09714600818876346,9.714600818876346e-05
2020-07-01,128059,sell,rebalance,134.54,0.0007582171259708635,0.10201053212811996,0.00010201053212811996
2020-07-01,128026,sell,rebalance,98.778,0.0009875644688690432,0.09754964310594635,9.754964310594636e-05
2020-07-01,128015,sell,rebalance,100.993,0.000950404873144475,0.09598423935347995,9.598423935347996e-05
2020-07-01,110038,sell,rebalance_resize,115.91,1.7642455439412862e-05,0.002044937009982345,2.044937009982345e-06
2020-07-01,128040,sell,rebalance_resize,115.5,5.620157620626699e-06,0.0006491282051823838,6.491282051823838e-07
2020-07-01,110055,sell,rebalance_resize,121.01,4.368231607543408e-05,0.005285997068288278,5.285997068288278e-06
2020-07-01,110057,sell,rebalance_resize,110.83,2.4858116967579933e-06,0.0002755025103516884,2.755025103516884e-07
2020-07-01,123002,buy,rebalance,116.104,1.2554480093801737e-05,0.0014576253568107569,1.457625356810757e-06
2020-07-01,128050,buy,rebalance,105.88,1.4508406085272336e-05,0.001536150036308635,1.536150036308635e-06
2020-07-01,113525,buy,rebalance,106.6,1.1739866116589455e-05,0.0012514697280284358,1.2514697280284358e-06
2020-07-01,128022,buy,rebalance,106.108,1.4050543099719691e-05,0.001490875027225057,1.490875027225057e-06
2020-07-01,128039,buy,rebalance,113.2,1.1323514393796153e-05,0.0012818218293777245,1.2818218293777246e-06
2020-07-01,128066,buy,rebalance,110.0,1.161848392717797e-05,0.0012780332319895767,1.2780332319895768e-06
2020-07-01,128013,buy,rebalance,105.72,0.0009190402932773255,0.09716093980527885,9.716093980527884e-05
2020-07-01,128025,buy,rebalance,107.8,1.0886255726846954e-05,0.0011735383673541016,1.1735383673541015e-06
2020-07-01,127003,buy,rebalance,110.599,1.1101562758127344e-05,0.0012278217394861262,1.2278217394861263e-06
2020-07-01,128040,buy,rebalance,115.5,1.200325446558925e-19,1.3863758907755582e-17,1.3863758907755583e-20
2020-07-01,123010,buy,rebalance,107.3,0.000905507360720213,0.09716093980527885,9.716093980527884e-05
2020-07-01,128042,buy,rebalance,105.464,0.0009212711428096682,0.09716093980527885,9.716093980527884e-05
2020-07-01,128049,buy,rebalance,103.505,2.162902852511233e-05,0.0022387125974917513,2.2387125974917514e-06
2020-07-01,128014,buy,rebalance,102.4,0.0009488373027859262,0.09716093980527885,9.716093980527884e-05
2020-07-01,113528,buy,rebalance,102.6,0.0009469877174003786,0.09716093980527885,9.716093980527884e-05
2020-07-01,128017,buy,rebalance,120.889,0.0008037202707051828,0.09716093980527885,9.716093980527884e-05
2020-07-01,110055,buy,rebalance,121.01,1.1456705154743892e-19,1.3863758907755582e-17,1.3863758907755583e-20
2020-07-01,128021,buy,rebalance,114.82,0.000846202227880847,0.09716093980527885,9.716093980527884e-05
2020-07-13,110038,sell,rebalance,124.51,0.000839092900513774,0.10447545704297,0.00010447545704297
2020-07-13,128022,sell,rebalance,154.0,0.0009165920521039432,0.14115517602400723,0.00014115517602400723
2020-07-13,128066,sell,rebalance,115.651,0.0008841633167431942,0.10225437174466714,0.00010225437174466714
2020-07-13,110055,sell,rebalance,131.82,0.0008037290975832702,0.10594756964342668,0.00010594756964342667
2020-07-13,110057,sell,rebalance,115.2,0.0008775535333262793,0.10109416703918737,0.00010109416703918738
2020-07-13,123010,sell,rebalance,114.8,0.000905507360720213,0.10395224501068044,0.00010395224501068044
2020-07-13,128014,sell,rebalance,104.1,0.0009488373027859262,0.09877396322001492,9.877396322001492e-05
2020-07-13,128017,sell,rebalance,130.999,0.0008037202707051828,0.10528655174210824,0.00010528655174210824
2020-07-13,113525,sell,rebalance_resize,116.0,6.821287889233531e-06,0.0007912693951510896,7.912693951510896e-07
2020-07-13,128021,sell,rebalance_resize,129.0,3.191584815290131e-05,0.004117144411724269,4.117144411724269e-06
2020-07-13,123002,sell,rebalance_resize,126.2,5.325187454899601e-06,0.0006720386568083297,6.720386568083298e-07
2020-07-13,127003,sell,rebalance_resize,120.2,5.473825124070397e-06,0.0006579537799132618,6.579537799132617e-07
2020-07-13,113525,buy,rebalance,116.0,1.1951572707668693e-19,1.3863824340895684e-17,1.3863824340895685e-20
2020-07-13,128050,buy,rebalance,109.37,4.182900612096213e-05,0.004574838399449628,4.574838399449629e-06
2020-07-13,128039,buy,rebalance,119.31,2.122962572416803e-05,0.0025329066451504874,2.5329066451504875e-06
2020-07-13,128042,buy,rebalance,112.798,9.967094005292738e-06,0.0011242682696090103,1.1242682696090103e-06
2020-07-13,128040,buy,rebalance,117.9,4.882879557417576e-05,0.0057569149981953225,5.756914998195323e-06
2020-07-13,110058,buy,rebalance,108.08,0.0009709220163266552,0.1049372515245849,0.00010493725152458491
2020-07-13,128013,buy,rebalance,113.04,1.0204055875125357e-05,0.0011534664761241704,1.1534664761241704e-06
2020-07-13,123012,buy,rebalance,115.512,0.0009084532474945018,0.1049372515245849,0.00010493725152458491
2020-07-13,128049,buy,rebalance,108.221,3.096675307088284e-05,0.0033512529840840125,3.3512529840840127e-06
2020-07-13,123007,buy,rebalance,111.399,0.000941994555827116,0.1049372515245849,0.00010493725152458491
2020-07-13,128025,buy,rebalance,110.919,4.477035209369513e-05,0.00496588268388057,4.96588268388057e-06
2020-07-13,128015,buy,rebalance,103.623,0.001012683009800767,0.1049372515245849,0.00010493725152458491
2020-07-13,113527,buy,rebalance,89.53,0.0011720903778016855,0.1049372515245849,0.00010493725152458491
2020-07-13,113528,buy,rebalance,105.61,4.759499589091014e-05,0.00502650751603902,5.02650751603902e-06
2020-07-13,128051,buy,rebalance,115.22,0.0009107555244279197,0.1049372515245849,0.00010493725152458491
2020-07-13,128036,buy,rebalance,137.039,0.0007657473531227236,0.1049372515245849,0.00010493725152458491
2020-07-13,128026,buy,rebalance,103.099,0.0010178299646416056,0.1049372515245849,0.00010493725152458491
2020-07-21,123002,sell,rebalance,129.3,0.0008323529555063786,0.10762323714697476,0.00010762323714697477
2020-07-21,128039,sell,rebalance,119.555,0.0008803988925795149,0.10525608960234391,0.0001052560896023439
2020-07-21,128025,sell,rebalance,110.561,0.0009469787990447997,0.10469892300119212,0.00010469892300119211
2020-07-21,128040,sell,rebalance,118.577,0.0008909002942629336,0.10564028419281588,0.00010564028419281587
2020-07-21,128021,sell,rebalance,130.595,0.0008142863797279457,0.10634172976057107,0.00010634172976057108
2020-07-21,123012,sell,rebalance,118.01,0.0009084532474945018,0.10720656773682616,0.00010720656773682616
2020-07-21,123007,sell,rebalance,109.82,0.000941994555827116,0.10344984212093387,0.00010344984212093388
2020-07-21,128015,sell,rebalance,102.686,0.001012683009800767,0.10398836754440158,0.00010398836754440158
2020-07-21,128036,sell,rebalance,150.789,0.0007657473531227236,0.11546627763002235,0.00011546627763002235
2020-07-21,128050,sell,rebalance_resize,111.4,5.301867573873399e-06,0.0005906280477294967,5.906280477294967e-07
2020-07-21,113525,sell,rebalance_resize,122.74,3.869148072268117e-05,0.004748992343901887,4.748992343901886e-06
2020-07-21,128026,sell,rebalance_resize,105.4,8.367840870534814e-06,0.0008819704277543694,8.819704277543694e-07
2020-07-21,110058,sell,rebalance_resize,110.0,3.673763186011102e-06,0.00040411395046122123,4.041139504612212e-07
2020-07-21,113527,sell,rebalance_resize,90.8,3.1385967975968985e-07,2.8498458922179837e-05,2.8498458922179836e-08
2020-07-21,128049,sell,rebalance_resize,111.0,1.2068144200850798e-05,0.0013395640062944386,1.3395640062944385e-06
2020-07-21,127003,sell,rebalance_resize,122.56,5.7771078612152495e-06,0.000708042339470541,7.08042339470541e-07
2020-07-21,128022,buy,rebalance,124.445,0.0008541127509141454,0.10629006128751081,0.00010629006128751082
2020-07-21,128042,buy,rebalance,110.8,2.8997016467202778e-05,0.0032128694245660678,3.2128694245660677e-06
2020-07-21,128013,buy,rebalance,111.899,2.1567300357194257e-05,0.0024133593426696803,2.4133593426696805e-06
2020-07-21,113532,buy,rebalance,106.93,0.0009940153491771327,0.10629006128751081,0.00010629006128751082
2020-07-21,128064,buy,rebalance,106.07,0.0010020746798106044,0.10629006128751081,0.00010629006128751082
2020-07-21,128066,buy,rebalance,114.87,0.0009253074021721146,0.10629006128751081,0.00010629006128751082
2020-07-21,110038,buy,rebalance,120.9,0.0008791568344707263,0.10629006128751081,0.00010629006128751082
2020-07-21,113536,buy,rebalance,120.9,0.0008791568344707263,0.10629006128751081,0.00010629006128751082
2020-07-21,128056,buy,rebalance,103.998,0.0010220394746775015,0.10629006128751081,0.00010629006128751082
2020-07-21,113528,buy,rebalance,105.06,1.812798707471535e-05,0.0019045263220695949,1.904526322069595e-06
2020-07-21,110033,buy,rebalance,113.97,0.0009326143835001388,0.10629006128751081,0.00010629006128751082
2020-07-21,128051,buy,rebalance,113.7,2.499153570459729e-05,0.002841537609612712,2.841537609612712e-06
2020-07-21,113524,buy,rebalance,108.58,0.0009789101242172666,0.10629006128751081,0.00010629006128751082
2020-07-21,127003,buy,rebalance,122.56,1.1311846645908655e-19,1.3863799249225648e-17,1.3863799249225647e-20
2020-07-31,128049,sell,rebalance,110.359,0.0009585343049141519,0.10578288735602089,0.00010578288735602088
2020-07-31,127003,sell,rebalance,127.8,0.0008681242480864137,0.11094627890544366,0.00011094627890544367
2020-07-31,113528,sell,rebalance,106.41,0.0010127107003660041,0.10776254562594649,0.0001077625456259465
2020-07-31,113527,sell,rebalance,94.21,0.0011717765181219258,0.11039306577226662,0.00011039306577226663
2020-07-31,128066,sell,rebalance,116.769,0.0009253074021721146,0.10804722004423566,0.00010804722004423566
2020-07-31,113536,sell,rebalance,127.66,0.0008791568344707263,0.11223316148853292,0.00011223316148853292
2020-07-31,113524,sell,rebalance,112.5,0.0009789101242172666,0.11012738897444249,0.0001101273889744425
2020-07-31,128056,sell,rebalance_resize,106.199,8.910756415409403e-07,9.463134205600632e-05,9.463134205600631e-08
2020-07-31,128022,sell,rebalance_resize,129.999,1.991449685665276e-05,0.0025888646768680024,2.5888646768680026e-06
2020-07-31,110058,sell,rebalance_resize,116.99,4.028920681856551e-05,0.0047134343057039785,4.713434305703978e-06
2020-07-31,128051,sell,rebalance_resize,116.978,8.692923207454256e-06,0.001016880770961584,1.016880770961584e-06
2020-07-31,128064,sell,rebalance_resize,109.5,1.1709941644212028e-05,0.001282238610041217,1.282238610041217e-06
2020-07-31,128026,sell,rebalance_resize,109.231,1.6658443229649504e-05,0.001819618412417845,1.819618412417845e-06
2020-07-31,128050,buy,rebalance,111.2,2.011133071984186e-05,0.002236379976046415,2.236379976046415e-06
2020-07-31,128042,buy,rebalance,111.092,1.5920941002907906e-05,0.0017686891778950452,1.7686891778950452e-06
2020-07-31,128056,buy,rebalance,106.199,1.3054471969794845e-19,1.3863718687202427e-17,1.3863718687202428e-20
2020-07-31,128069,buy,rebalance,113.999,0.0009503153427839003,0.10833499876202185,0.00010833499876202185
2020-07-31,128025,buy,rebalance,113.1,0.0009578691314060288,0.10833499876202185,0.00010833499876202185
2020-07-31,113525,buy,rebalance,122.0,2.2019464306925116e-05,0.0026863746454448643,2.6863746454448643e-06
2020-07-31,123012,buy,rebalance,116.225,0.0009321144225598783,0.10833499876202185,0.00010833499876202185
2020-07-31,123014,buy,rebalance,121.2,0.0008938531250991901,0.10833499876202185,0.00010833499876202185
2020-07-31,128013,buy,rebalance,111.78,1.9332793077580923e-05,0.0021610196102119957,2.1610196102119957e-06
2020-07-31,123002,buy,rebalance,124.12,0.0008728246758139046,0.10833499876202185,0.00010833499876202185
2020-07-31,128039,buy,rebalance,122.118,0.0008871337457379081,0.10833499876202185,0.00010833499876202185
2020-07-31,110038,buy,rebalance,117.75,4.1776895614180916e-05,0.004919229458569803,4.919229458569803e-06
2020-07-31,110057,buy,rebalance,118.37,0.0009152234414296008,0.10833499876202185,0.00010833499876202185
2020-07-31,113532,buy,rebalance,107.3,1.6638211855066316e-05,0.0017852801320486157,1.7852801320486157e-06
2020-07-31,110033,buy,rebalance,112.68,2.9770552452360088e-05,0.003354545850331935,3.354545850331935e-06
2020-08-11,128026,sell,rebalance,110.566,0.0009928036805414212,0.10977033174274278,0.00010977033174274279
2020-08-11,128064,sell,rebalance,112.75,0.0009903647381663925,0.11166362422826075,0.00011166362422826075
2020-08-11,110033,sell,rebalance,113.99,0.0009623849359524988,0.10970225884922534,0.00010970225884922534
2020-08-11,123012,sell,rebalance,156.2,0.0009321144225598783,0.14559627280385298,0.00014559627280385297
2020-08-11,123014,sell,rebalance,185.9,0.0008938531250991901,0.16616729595593946,0.00016616729595593947
2020-08-11,128050,sell,rebalance_resize,117.19,1.1948392851560907e-06,0.00014002321582744226,1.4002321582744226e-07
2020-08-11,128056,sell,rebalance_resize,112.33,4.9985083070184605e-06,0.0005614824381273836,5.614824381273837e-07
2020-08-11,128022,buy,rebalance,119.0,0.00012487100096335099,0.014859649114638768,1.4859649114638769e-05
2020-08-11,113527,buy,rebalance,101.7,0.0011212385715326468,0.11402996272487019,0.00011402996272487019
2020-08-11,128051,buy,rebalance,120.06,2.3647803517251974e-05,0.002839155290281272,2.839155290281272e-06
2020-08-11,128042,buy,rebalance,111.7,4.567916194268756e-05,0.005102362388998201,5.102362388998201e-06
2020-08-11,128013,buy,rebalance,113.8,3.284655218912745e-05,0.0037379376391227033,3.7379376391227034e-06
2020-08-11,110058,buy,rebalance,115.5,6.124040159238163e-05,0.007073266383920077,7.073266383920077e-06
2020-08-11,128021,buy,rebalance,133.0,0.0008573681407884977,0.11402996272487019,0.00011402996272487019
2020-08-11,113525,buy,rebalance,115.04,0.00010323847697513771,0.011876554391219842,1.1876554391219843e-05
2020-08-11,128069,buy,rebalance,115.8,3.534976302179474e-05,0.00409350255792383,4.093502557923831e-06
2020-08-11,123002,buy,rebalance,129.588,7.990527894433537e-06,0.001035476528783853,1.035476528783853e-06
2020-08-11,128039,buy,rebalance,122.979,4.0984644152333476e-05,0.005040250553209819,5.040250553209819e-06
2020-08-11,127007,buy,rebalance,114.62,0.000994852231066744,0.11402996272487019,0.00011402996272487019
2020-08-11,110057,buy,rebalance,120.67,3.066545211542312e-05,0.0037004001067681078,3.700400106768108e-06
2020-08-11,128066,buy,rebalance,118.39,0.0009631722504001199,0.11402996272487019,0.00011402996272487019
2020-08-11,128025,buy,rebalance,114.987,3.4765820737685906e-05,0.003997617429164289,3.99761742916429e-06
2020-08-11,110038,buy,rebalance,118.88,3.918953106883892e-05,0.004658851453463571,4.6588514534635705e-06
2020-08-11,123028,buy,rebalance,109.257,0.0010436856469138837,0.11402996272487019,0.00011402996272487019
2020-08-11,113532,buy,rebalance,108.83,3.8137784713081716e-05,0.004150535110324683,4.150535110324683e-06
2020-08-21,110038,sell,rebalance,118.68,0.0009601232611537461,0.11394742863372659,0.00011394742863372659
2020-08-21,110057,sell,rebalance,118.13,0.000945888893545024,0.11173785499447368,0.00011173785499447369
2020-08-21,128021,sell,rebalance,136.0,0.0008573681407884977,0.11660206714723569,0.0001166020671472357
2020-08-21,127007,sell,rebalance,114.023,0.000994852231066744,0.11343603594292334,0.00011343603594292335
2020-08-21,123028,sell,rebalance,109.156,0.0010436856469138837,0.1139245504745319,0.0001139245504745319
2020-08-21,128050,sell,rebalance_resize,116.885,3.0035404585871594e-07,3.5106882650196014e-05,3.5106882650196016e-08
2020-08-21,128056,sell,rebalance_resize,112.101,8.874257073562436e-07,9.948130922034226e-05,9.948130922034227e-08
2020-08-21,128022,sell,rebalance_resize,121.1,1.925143841155524e-05,0.0023313491916393397,2.33134919163934e-06
2020-08-21,128013,sell,rebalance_resize,114.401,8.14009669517576e-06,0.000931235202024802,9.312352020248021e-07
2020-08-21,110058,sell,rebalance_resize,122.6,5.9880217968417596e-05,0.007341314722927997,7.341314722927997e-06
2020-08-21,128042,sell,rebalance_resize,112.211,7.56814898974485e-06,0.0008492295662882593,8.492295662882593e-07
2020-08-21,113525,sell,rebalance_resize,116.65,1.643879738990398e-05,0.0019175857155322995,1.9175857155322997e-06
2020-08-21,113532,sell,rebalance_resize,109.0,4.6451293105576615e-06,0.0005063190948507851,5.063190948507851e-07
2020-08-21,128056,buy,rebalance,112.101,1.2367053580722873e-19,1.3863590734526147e-17,1.3863590734526147e-20
2020-08-21,123010,buy,rebalance,112.724,0.0010086184591477554,0.11369550718897158,0.00011369550718897158
2020-08-21,123002,buy,rebalance,128.758,3.102909780089227e-06,0.00039952445746472876,3.9952445746472874e-07
2020-08-21,128051,buy,rebalance,117.69,1.6329833742432257e-05,0.001921858133146852,1.921858133146852e-06
2020-08-21,128042,buy,rebalance,112.211,1.2354930206954886e-19,1.3863590734526147e-17,1.3863590734526147e-20
2020-08-21,113527,buy,rebalance,94.95,7.733349953015446e-05,0.007342815780388166,7.342815780388167e-06
2020-08-21,128039,buy,rebalance,121.852,5.893380102613459e-06,0.0007181201522636552,7.181201522636552e-07
2020-08-21,127003,buy,rebalance,117.1,0.0009709266198887411,0.11369550718897158,0.00011369550718897158
2020-08-21,128066,buy,rebalance,116.9,1.0400824775921703e-05,0.0012158564163052472,1.2158564163052471e-06
2020-08-21,128064,buy,rebalance,118.3,0.0009610778291544512,0.11369550718897158,0.00011369550718897158
2020-08-21,110052,buy,rebalance,115.0,0.0009886565842519267,0.11369550718897158,0.00011369550718897158
2020-08-21,113012,buy,rebalance,111.1,0.0010233619008908333,0.11369550718897158,0.00011369550718897158
2020-08-21,128025,buy,rebalance,112.7,1.7213769541384347e-05,0.0019399918273140158,1.9399918273140156e-06
2020-08-21,128069,buy,rebalance,114.982,4.154591166385249e-06,0.0004777032014933087,4.777032014933087e-07
2020-09-01,113525,sell,rebalance,121.0,0.0009756702751083138,0.11805610328810598,0.00011805610328810598
2020-09-01,128042,sell,rebalance,109.65,0.0010142672072380144,0.11121439927364829,0.00011121439927364829
2020-09-01,113532,sell,rebalance,109.37,0.0010441462164347231,0.11419827169146568,0.00011419827169146568
2020-09-01,128025,sell,rebalance,111.052,0.001009848721685099,0.11214572024057363,0.00011214572024057363
2020-09-01,128066,sell,rebalance,116.09,0.0009735730751760416,0.11302209829718668,0.00011302209829718668
2020-09-01,128064,sell,rebalance,121.0,0.0009610778291544512,0.11629041732768859,0.00011629041732768859
2020-09-01,110052,sell,rebalance,112.86,0.0009886565842519267,0.11157978209867245,0.00011157978209867246
2020-09-01,113012,sell,rebalance,110.65,0.0010233619008908333,0.1132349943335707,0.0001132349943335707
2020-09-01,128050,sell,rebalance_resize,118.47,1.3289228558998797e-05,0.0015743749073845875,1.5743749073845875e-06
2020-09-01,128022,sell,rebalance_resize,124.513,2.6010495912968337e-05,0.003238644877611427,3.2386448776114268e-06
2020-09-01,128051,sell,rebalance_resize,118.29,5.150880433280943e-06,0.0006092976464528027,6.092976464528027e-07
2020-09-01,127003,sell,rebalance_resize,123.41,4.89519750312668e-05,0.006041163238608635,6.041163238608635e-06
2020-09-01,123010,sell,rebalance_resize,115.598,2.433766776848494e-05,0.0028133857187013223,2.813385718701322e-06
2020-09-01,128022,buy,rebalance,124.513,1.1134346986678498e-19,1.3863709463523e-17,1.3863709463523e-20
2020-09-01,128021,buy,rebalance,128.15,0.0008869720305345622,0.11366546571300415,0.00011366546571300415
2020-09-01,128056,buy,rebalance,111.79,2.544155494818357e-06,0.00028441114276574414,2.8441114276574415e-07
2020-09-01,110058,buy,rebalance,120.99,1.2084160614700616e-05,0.0014620625927726275,1.4620625927726274e-06
2020-09-01,128013,buy,rebalance,112.85,1.3384432928280974e-05,0.0015104332559565078,1.5104332559565077e-06
2020-09-01,113541,buy,rebalance,121.38,0.0009364431184132819,0.11366546571300415,0.00011366546571300415
2020-09-01,123028,buy,rebalance,111.86,0.0010161404050867526,0.11366546571300415,0.00011366546571300415
2020-09-01,123002,buy,rebalance,125.7,2.1238449101324873e-05,0.0026696730520365365,2.6696730520365365e-06
2020-09-01,128049,buy,rebalance,118.1,0.0009624510221253527,0.11366546571300415,0.00011366546571300415
2020-09-01,113505,buy,rebalance,107.95,0.001052945490625328,0.11366546571300415,0.00011366546571300415
2020-09-01,128039,buy,rebalance,118.416,2.6818405217241163e-05,0.0031757282722048295,3.1757282722048295e-06
2020-09-01,127007,buy,rebalance,112.8,0.0010076725683776963,0.11366546571300415,0.00011366546571300415
2020-09-01,113527,buy,rebalance,93.9,1.3138664837600224e-05,0.0012337206282506611,1.2337206282506612e-06
2020-09-01,128069,buy,rebalance,112.41,2.235305735153266e-05,0.0025127071768857863,2.5127071768857863e-06
2020-09-01,113537,buy,rebalance,127.7,0.0008900976171730944,0.11366546571300415,0.00011366546571300415
2020-09-01,110057,buy,rebalance,115.81,0.0009814823047491939,0.11366546571300415,0.00011366546571300415
2020-09-11,128069,sell,rebalance,111.05,0.001012172754323613,0.11240178436763723,0.00011240178436763723
2020-09-11,123028,sell,rebalance,111.089,0.0010161404050867526,0.11288202146068226,0.00011288202146068225
2020-09-11,113505,sell,rebalance,106.09,0.001052945490625328,0.11170698710044104,0.00011170698710044104
2020-09-11,127007,sell,rebalance,111.8,0.0010076725683776963,0.11265779314462644,0.00011265779314462645
2020-09-11,113537,sell,rebalance,125.74,0.0008900976171730944,0.11192087438334489,0.00011192087438334489
2020-09-11,110057,sell,rebalance,114.16,0.0009814823047491939,0.11204601991016797,0.00011204601991016797
2020-09-11,128056,sell,rebalance_resize,111.5,1.190274086430362e-05,0.0013271556063698536,1.3271556063698536e-06
2020-09-11,128051,sell,rebalance_resize,117.198,4.882629436296135e-06,0.0005722344046750344,5.722344046750344e-07
2020-09-11,128013,sell,rebalance_resize,112.0,6.822093677233335e-06,0.0007640744918501335,7.640744918501335e-07
2020-09-11,110058,sell,rebalance_resize,124.2,3.735763708884905e-05,0.004639818526435052,4.639818526435052e-06
2020-09-11,123010,sell,rebalance_resize,114.001,4.4483747352171506e-07,5.071191681894904e-05,5.0711916818949045e-08
2020-09-11,128049,sell,rebalance_resize,117.683,9.396778256575964e-06,0.0011058410555686293,1.1058410555686293e-06
2020-09-11,113527,sell,rebalance_resize,92.87,4.0195268855498915e-06,0.0003732934618610184,3.732934618610184e-07
2020-09-11,123002,sell,rebalance_resize,127.2,2.3409058020496996e-05,0.002977632180207218,2.977632180207218e-06
2020-09-11,128050,buy,rebalance,115.3,1.231982895622503e-05,0.001420476278652746,1.420476278652746e-06
2020-09-11,113525,buy,rebalance,120.24,0.0009318388535188525,0.11204430374710682,0.00011204430374710683
2020-09-11,128039,buy,rebalance,115.5,1.0226803068772016e-05,0.0011811957544431678,1.1811957544431677e-06
2020-09-11,113541,buy,rebalance,117.17,2.0762717636861742e-05,0.00243276762551109,2.4327676255110904e-06
2020-09-11,128064,buy,rebalance,115.401,0.0009709127628625993,0.11204430374710682,0.00011204430374710683
2020-09-11,128058,buy,rebalance,127.36,0.0008797448472605749,0.11204430374710682,0.00011204430374710683
2020-09-11,128022,buy,rebalance,121.91,6.195257248003283e-06,0.0007552638111040802,7.552638111040802e-07
2020-09-11,127003,buy,rebalance,117.088,3.588617941354482e-05,0.004201840975173136,4.201840975173136e-06
2020-09-11,128021,buy,rebalance,124.42,1.4462241457485e-05,0.0017993920821402836,1.7993920821402836e-06
2020-09-11,113504,buy,rebalance,127.11,0.0008814751297860657,0.11204430374710682,0.00011204430374710683
2020-09-11,128066,buy,rebalance,114.555,0.000978083049601561,0.11204430374710682,0.00011204430374710683
2020-09-11,128057,buy,rebalance,118.111,0.0009486356372150503,0.11204430374710682,0.00011204430374710683
2020-09-22,113541,sell,rebalance,122.94,0.0009572058360501436,0.11767888548400465,0.00011767888548400465
2020-09-22,128058,sell,rebalance,127.767,0.0008797448472605749,0.11240235989994186,0.00011240235989994187
2020-09-22,113504,sell,rebalance,129.26,0.0008814751297860657,0.11393947527614685,0.00011393947527614686
2020-09-22,128066,sell,rebalance,113.53,0.000978083049601561,0.11104176862126522,0.00011104176862126522
2020-09-22,128057,sell,rebalance,117.543,0.0009486356372150503,0.11150547870516866,0.00011150547870516867
2020-09-22,128051,sell,rebalance_resize,118.148,9.48364409041031e-06,0.0011204735819937972,1.1204735819937972e-06
2020-09-22,128056,sell,rebalance_resize,115.523,3.685912362676505e-05,0.0042580765387347785,4.258076538734778e-06
2020-09-22,128039,sell,rebalance_resize,115.5,1.8192523021158939e-06,0.00021012364089438573,2.1012364089438574e-07
2020-09-22,123010,sell,rebalance_resize,115.099,1.1221445088861629e-05,0.0012915771082828847,1.2915771082828847e-06
2020-09-22,128022,sell,rebalance_resize,124.86,2.3422749734208985e-05,0.002924564531813334,2.924564531813334e-06
2020-09-22,123002,sell,rebalance_resize,127.0,2.7539944866567626e-07,3.497572998054088e-05,3.497572998054088e-08
2020-09-22,113527,sell,rebalance_resize,92.72,3.254049778058378e-07,3.017154954215728e-05,3.017154954215728e-08
2020-09-22,113525,buy,rebalance,117.56,2.0394207671545723e-05,0.002397543053866915,2.397543053866915e-06
2020-09-22,128051,buy,rebalance,118.148,1.1734169234900172e-19,1.3863686267649854e-17,1.3863686267649854e-20
2020-09-22,123004,buy,rebalance,114.5,0.0009767092180423343,0.11183320546584727,0.00011183320546584727
2020-09-22,123007,buy,rebalance,112.0,0.000998510763087922,0.11183320546584727,0.00011183320546584727
2020-09-22,128050,buy,rebalance,114.802,2.389025939878264e-06,0.0002742649559499045,2.742649559499045e-07
2020-09-22,110058,buy,rebalance,118.5,4.161198265275351e-05,0.004931019944351291,4.931019944351291e-06
2020-09-22,128013,buy,rebalance,111.26,4.756267332843184e-06,0.0005291823034521327,5.291823034521327e-07
2020-09-22,128042,buy,rebalance,108.65,0.0010292977953598459,0.11183320546584727,0.00011183320546584727
2020-09-22,128049,buy,rebalance,114.99,2.0461402071224045e-05,0.002352856624170053,2.352856624170053e-06
2020-09-22,128064,buy,rebalance,111.4,3.396254245418286e-05,0.003783427229395971,3.7834272293959714e-06
2020-09-22,128021,buy,rebalance,122.539,1.2115269677919491e-05,0.0014845930310625765,1.4845930310625766e-06
2020-09-22,127003,buy,rebalance,116.488,3.1530463145187698e-06,0.00036729205908566244,3.6729205908566246e-07
2020-09-22,123028,buy,rebalance,111.0,0.0010075063555481736,0.11183320546584727,0.00011183320546584727
2020-09-22,123024,buy,rebalance,109.821,0.0010183225928178333,0.11183320546584727,0.00011183320546584727
2020-10-09,123002,sell,rebalance,123.904,0.0008814721051205895,0.10921791971286152,0.00010921791971286151
2020-10-09,113527,sell,rebalance,89.98,0.0012073658040370457,0.10863877504725337,0.00010863877504725337
2020-10-09,127003,sell,rebalance,109.078,0.0009610138705855379,0.1048254709757293,0.00010482547097572931
2020-10-09,123007,sell,rebalance,107.95,0.000998510763087922,0.10778923687534119,0.00010778923687534118
2020-10-09,128042,sell,rebalance,107.241,0.0010292977953598459,0.11038292487218523,0.00011038292487218524
2020-10-09,123024,sell,rebalance,107.6,0.0010183225928178333,0.10957151098719886,0.00010957151098719887
2020-10-09,128051,sell,rebalance_resize,116.501,1.1395803092365978e-05,0.001327622456063729,1.327622456063729e-06
2020-10-09,128056,sell,rebalance_resize,118.0,4.4817821154649657e-05,0.005288502896248659,5.288502896248659e-06
2020-10-09,128021,sell,rebalance_resize,120.58,9.097905289630072e-06,0.001097025419823594,1.097025419823594e-06
2020-10-09,123028,sell,rebalance_resize,112.303,3.6394467933942575e-05,0.004087207932385553,4.087207932385553e-06
2020-10-09,113525,sell,rebalance_resize,116.02,1.2233248100060493e-05,0.0014193014445690183,1.4193014445690184e-06
2020-10-09,110058,sell,rebalance_resize,116.9,1.1734055074682182e-05,0.0013717110382303471,1.3717110382303472e-06
2020-10-09,128049,sell,rebalance_resize,112.35,2.810008959662614e-06,0.0003157045066180947,3.157045066180947e-07
2020-10-09,128022,buy,rebalance,117.98,2.7775382900298525e-05,0.00327693967457722,3.27693967457722e-06
2020-10-09,128039,buy,rebalance,112.469,4.4038686243726343e-07,4.952987003145658e-05,4.952987003145658e-08
2020-10-09,128050,buy,rebalance,110.495,1.1861508977067021e-05,0.0013106374344210206,1.3106374344210205e-06
2020-10-09,110058,buy,rebalance,116.9,1.1859378060454915e-19,1.3863612952671797e-17,1.3863612952671797e-20
2020-10-09,123004,buy,rebalance,109.0,2.3805692414406054e-05,0.0025948204731702598,2.5948204731702597e-06
2020-10-09,113536,buy,rebalance,115.53,0.0009430224619480808,0.10894738502886177,0.00010894738502886177
2020-10-09,113541,buy,rebalance,121.7,0.0008952126953891682,0.10894738502886177,0.00010894738502886177
2020-10-09,113027,buy,rebalance,116.7,0.0009335679951059277,0.10894738502886177,0.00010894738502886177
2020-10-09,123010,buy,rebalance,109.861,2.0062826264659403e-05,0.002204122156261747,2.204122156261747e-06
2020-10-09,128064,buy,rebalance,107.73,7.451414743192326e-06,0.0008027409102841093,8.027409102841093e-07
2020-10-09,128013,buy,rebalance,108.31,7.430244737765148e-07,8.047698075473432e-05,8.047698075473433e-08
2020-10-09,113524,buy,rebalance,105.22,0.0010354246818937633,0.10894738502886177,0.00010894738502886177
2020-10-09,128057,buy,rebalance,114.997,0.0009473932800756695,0.10894738502886177,0.00010894738502886177
2020-10-09,128066,buy,rebalance,111.13,0.00098035980409306,0.10894738502886177,0.00010894738502886177
2020-10-13,128049,sell,rebalance,115.2,0.000970705636980338,0.11182528938013495,0.00011182528938013495
2020-10-13,113541,sell,rebalance,124.95,0.0008952126953891682,0.11185682628887657,0.00011185682628887658
2020-10-13,128057,sell,rebalance,119.003,0.0009473932800756695,0.1127426425088449,0.0001127426425088449
2020-10-13,128066,sell,rebalance,114.498,0.00098035980409306,0.1122492368490472,0.0001122492368490472
2020-10-13,128051,sell,rebalance_resize,121.009,1.0313976043011121e-05,0.0012480839269887328,1.2480839269887328e-06
2020-10-13,128050,sell,rebalance_resize,115.2,1.4500931072826643e-05,0.0016705072595896292,1.6705072595896293e-06
2020-10-13,123028,sell,rebalance_resize,116.68,1.0958322175552049e-05,0.001278617031443413,1.278617031443413e-06
2020-10-13,128039,sell,rebalance_resize,116.0,3.896060982421579e-06,0.0004519430739609032,4.519430739609032e-07
2020-10-13,123004,sell,rebalance_resize,112.001,2.495734027401367e-07,2.795247068029805e-05,2.795247068029805e-08
2020-10-13,128064,sell,rebalance_resize,111.02,3.2227927010745672e-06,0.00035779444567329843,3.5779444567329845e-07
2020-10-13,128021,sell,rebalance_resize,125.0,8.205892257255987e-06,0.0010257365321569983,1.0257365321569983e-06
2020-10-13,110058,sell,rebalance_resize,123.0,2.2104835396428392e-05,0.0027188947537606922,2.718894753760692e-06
2020-10-13,128051,buy,rebalance,121.009,1.1456716065587128e-19,1.3863657543806327e-17,1.3863657543806326e-20
2020-10-13,128056,buy,rebalance,118.8,1.877344257617288e-05,0.002230284978049338,2.230284978049338e-06
2020-10-13,123023,buy,rebalance,106.0,0.0010558174447343105,0.11191664914183691,0.00011191664914183691
2020-10-13,128073,buy,rebalance,112.999,0.000990421589056867,0.11191664914183691,0.00011191664914183691
2020-10-13,113536,buy,rebalance,118.44,2.8604552073611916e-06,0.00033879231475985954,3.3879231475985955e-07
2020-10-13,123010,buy,rebalance,112.111,6.5998444210369145e-06,0.0007399151578868695,7.399151578868696e-07
2020-10-13,128022,buy,rebalance,117.71,2.7368809617107242e-05,0.0032215825800296933,3.2215825800296933e-06
2020-10-13,123024,buy,rebalance,110.439,0.001013379776544852,0.11191664914183691,0.00011191664914183691
2020-10-13,128013,buy,rebalance,110.662,5.450371111467131e-06,0.0006031489679371757,6.031489679371757e-07
2020-10-13,123007,buy,rebalance,110.312,0.001014546460419872,0.11191664914183691,0.00011191664914183691
2020-10-13,113525,buy,rebalance,118.5,5.401584532831698e-06,0.0006400877671405562,6.400877671405562e-07
2020-10-13,113027,buy,rebalance,119.21,6.2018603924971975e-06,0.0007393237773895909,7.393237773895909e-07
2020-10-13,113524,buy,rebalance,107.85,3.3361089905452918e-06,0.0003597993546303097,3.5979935463030974e-07
2020-10-21,110058,sell,rebalance,132.24,0.0009108188456535372,0.12044668414922377,0.00012044668414922377
2020-10-21,128022,sell,rebalance,114.484,0.0009517240207275201,0.10895717278896941,0.0001089571727889694
2020-10-21,123010,sell,rebalance,114.575,0.0009992771795025834,0.1144921828415085,0.0001144921828415085
2020-10-21,113525,sell,rebalance,120.0,0.0009454013976231694,0.11344816771478033,0.00011344816771478034
2020-10-21,128064,sell,rebalance,110.45,0.0010091039273589,0.11145552877679052,0.00011145552877679052
2020-10-21,113536,sell,rebalance,123.7,0.000945882917155442,0.11700571685212817,0.00011700571685212818
2020-10-21,128073,sell,rebalance,120.599,0.000990421589056867,0.11944385321866911,0.00011944385321866911
2020-10-21,123023,sell,rebalance_resize,118.48,8.31159959943994e-05,0.00984758320541644,9.84758320541644e-06
2020-10-21,128050,sell,rebalance_resize,126.0,5.784071573510118e-05,0.007287930182622748,7.2879301826227485e-06
2020-10-21,123024,sell,rebalance_resize,116.994,2.8323554459064165e-05,0.003313685930383753,3.313685930383753e-06
2020-10-21,123007,sell,rebalance_resize,114.499,8.025288648025289e-06,0.0009188875249102475,9.188875249102475e-07
2020-10-21,128039,sell,rebalance_resize,122.0,2.1145431801811597e-05,0.002579742679821015,2.579742679821015e-06
2020-10-21,128056,buy,rebalance,121.501,5.510159772638432e-06,0.0006694899225353422,6.694899225353422e-07
2020-10-21,128051,buy,rebalance,120.0,3.4540182907008364e-05,0.004144821948841004,4.144821948841004e-06
2020-10-21,123004,buy,rebalance,112.5,2.4115783923331595e-05,0.0027130256913748046,2.7130256913748047e-06
2020-10-21,123028,buy,rebalance,119.821,1.6599980278667279e-06,0.0001989026236970192,1.989026236970192e-07
2020-10-21,128013,buy,rebalance,110.09,3.443305953480566e-05,0.0037907355241867556,3.7907355241867556e-06
2020-10-21,113027,buy,rebalance,115.99,5.3757619787603734e-05,0.006235346319164157,6.235346319164157e-06
2020-10-21,128021,buy,rebalance,125.202,2.420719712800716e-05,0.0030307894948207524,3.0307894948207525e-06
2020-10-21,113524,buy,rebalance,110.11,7.872355396510623e-06,0.0008668250527097848,8.668250527097847e-07
2020-10-21,113528,buy,rebalance,105.09,0.0010955105987435236,0.1151272088219569,0.0001151272088219569
2020-10-21,128057,buy,rebalance,121.0,0.0009514645357186521,0.1151272088219569,0.0001151272088219569
2020-10-21,113527,buy,rebalance,93.94,0.0012255398001059922,0.1151272088219569,0.0001151272088219569
2020-10-21,113025,buy,rebalance,124.11,0.0009276223416481903,0.1151272088219569,0.0001151272088219569
2020-10-21,113541,buy,rebalance,125.02,0.0009208703313226436,0.1151272088219569,0.0001151272088219569
2020-10-21,128026,buy,rebalance,104.7,0.001099591297248872,0.1151272088219569,0.0001151272088219569
2020-10-21,128042,buy,rebalance,110.243,0.0010443040267586778,0.1151272088219569,0.0001151272088219569
2020-11-02,128050,sell,rebalance,120.999,0.0009146481559262276,0.1106715122189176,0.0001106715122189176
2020-11-02,128051,sell,rebalance,118.065,0.0009603450239963907,0.11338313525813387,0.00011338313525813387
2020-11-02,128039,sell,rebalance,120.0,0.0009446366200549563,0.11335639440659476,0.00011335639440659476
2020-11-02,113027,sell,rebalance,115.1,0.0009935274752860288,0.11435501240542191,0.00011435501240542192
2020-11-02,123024,sell,rebalance,122.505,0.000985056222085788,0.12067431248661944,0.00012067431248661944
2020-11-02,113528,sell,rebalance,106.96,0.0010955105987435236,0.11717581364160727,0.00011717581364160727
2020-11-02,113527,sell,rebalance,92.1,0.0012255398001059922,0.11287221558976188,0.00011287221558976188
2020-11-02,113541,sell,rebalance,123.0,0.0009208703313226436,0.11326705075268517,0.00011326705075268517
2020-11-02,128026,sell,rebalance,104.01,0.001099591297248872,0.11436849082685518,0.00011436849082685519
2020-11-02,128056,sell,rebalance_resize,121.0,9.421239497578265e-06,0.00113996997920697,1.13996997920697e-06
2020-11-02,113524,sell,rebalance_resize,111.74,2.9720625926852392e-05,0.003320982741066486,3.320982741066486e-06
2020-11-02,123007,sell,rebalance_resize,118.43,4.705308915467002e-05,0.005572497348587571,5.572497348587571e-06
2020-11-02,128042,sell,rebalance_resize,110.3,1.4115404597732695e-05,0.0015569291271299163,1.5569291271299164e-06
2020-11-02,128057,sell,rebalance_resize,122.601,2.4638449272764692e-05,0.003020698519290224,3.0206985192902244e-06
2020-11-02,123023,buy,rebalance,109.491,6.503301994569698e-05,0.007120530386874307,7.120530386874307e-06
2020-11-02,110058,buy,rebalance,125.01,0.0009080449531523882,0.11351469959358006,0.00011351469959358006
2020-11-02,128021,buy,rebalance,119.0,3.4384503529292976e-05,0.004091755919985864,4.091755919985864e-06
2020-11-02,128042,buy,rebalance,110.3,1.2569111332275764e-19,1.3863729799500167e-17,1.3863729799500167e-20
2020-11-02,123028,buy,rebalance,116.432,1.4104910386662917e-05,0.001642262926139937,1.642262926139937e-06
2020-11-02,113536,buy,rebalance,128.5,0.0008833828762146307,0.11351469959358006,0.00011351469959358006
2020-11-02,128013,buy,rebalance,107.0,1.5149473065732417e-05,0.0016209936180333687,1.6209936180333686e-06
2020-11-02,113025,buy,rebalance,119.41,2.394708663260066e-05,0.0028595216147988445,2.8595216147988446e-06
2020-11-02,113504,buy,rebalance,126.4,0.0008980593322276903,0.11351469959358006,0.00011351469959358006
2020-11-02,128064,buy,rebalance,109.0,0.0010414192623264225,0.11351469959358006,0.00011351469959358006
2020-11-02,123004,buy,rebalance,107.329,3.4289631375209605e-05,0.0036802718458698713,3.6802718458698715e-06
2020-11-02,123010,buy,rebalance,111.59,0.0010172479576447714,0.11351469959358006,0.00011351469959358006
2020-11-02,110034,buy,rebalance,113.51,0.0010000414024630433,0.11351469959358006,0.00011351469959358006
2020-11-02,127007,buy,rebalance,109.7,0.0010347739251921608,0.11351469959358006,0.00011351469959358006
2020-11-02,128066,buy,rebalance,115.6,0.0009819610691486165,0.11351469959358006,0.00011351469959358006
2020-11-02,113012,buy,rebalance,108.0,0.0010510620332738895,0.11351469959358006,0.00011351469959358006
2020-11-11,123004,sell,rebalance,109.76,0.0010586707523525412,0.11619970177821493,0.00011619970177821493
2020-11-11,113524,sell,rebalance,109.51,0.0010169125203539668,0.1113620901039629,0.0001113620901039629
2020-11-11,128057,sell,rebalance,122.0,0.0009268260864458874,0.11307278254639826,0.00011307278254639826
2020-11-11,113025,sell,rebalance,124.1,0.000951569428280791,0.11808976604964616,0.00011808976604964616
2020-11-11,113504,sell,rebalance,135.86,0.0008980593322276903,0.12201034087645402,0.00012201034087645402
2020-11-11,123010,sell,rebalance,111.311,0.0010172479576447714,0.11323088741339715,0.00011323088741339716
2020-11-11,110034,sell,rebalance,114.35,0.0010000414024630433,0.11435473437164899,0.00011435473437164899
2020-11-11,127007,sell,rebalance,108.5,0.0010347739251921608,0.11227297088334945,0.00011227297088334945
2020-11-11,128066,sell,rebalance,115.7,0.0009819610691486165,0.11361289570049493,0.00011361289570049493
2020-11-11,113012,sell,rebalance,111.62,0.0010510620332738895,0.11731954415403155,0.00011731954415403155
2020-11-11,128056,sell,rebalance_resize,122.286,2.557756177341782e-06,0.0003127777719024172,3.127777719024172e-07
2020-11-11,123028,sell,rebalance_resize,117.7,2.8964170195620092e-06,0.0003409082832024485,3.4090828320244846e-07
2020-11-11,123023,sell,rebalance_resize,111.7,1.244623153860532e-05,0.0013902440628622142,1.3902440628622143e-06
2020-11-11,128013,sell,rebalance_resize,108.0,1.5315801719596888e-06,0.00016541065857164639,1.654106585716464e-07
2020-11-11,110058,sell,rebalance_resize,127.3,8.400836189935581e-06,0.0010694264469787995,1.0694264469787996e-06
2020-11-11,128021,sell,rebalance_resize,120.618,5.354812923442108e-06,0.0006458868251997402,6.458868251997402e-07
2020-11-11,128064,sell,rebalance_resize,112.0,1.887733295749204e-05,0.0021142612912391084,2.1142612912391086e-06
2020-11-11,128051,buy,rebalance,117.5,0.0009736994752385293,0.11440968834052719,0.00011440968834052719
2020-11-11,128050,buy,rebalance,122.82,0.0009315232725983324,0.11440968834052719,0.00011440968834052719
2020-11-11,123002,buy,rebalance,122.0,0.0009377843306600589,0.11440968834052719,0.00011440968834052719
2020-11-11,123007,buy,rebalance,112.242,6.080806350274267e-05,0.006825218663674843,6.825218663674843e-06
2020-11-11,123024,buy,rebalance,113.882,0.0010046336413175672,0.11440968834052719,0.00011440968834052719
2020-11-11,128042,buy,rebalance,110.0,1.0933987507676963e-05,0.001202738625844466,1.202738625844466e-06
2020-11-11,113027,buy,rebalance,118.61,0.0009645872046246285,0.11440968834052719,0.00011440968834052719
2020-11-11,128039,buy,rebalance,117.4,0.0009745288615036387,0.11440968834052719,0.00011440968834052719
2020-11-11,113541,buy,rebalance,121.78,0.0009394784721672457,0.11440968834052719,0.00011440968834052719
2020-11-11,128021,buy,rebalance,120.618,1.1494015391573456e-19,1.386385148500807e-17,1.386385148500807e-20
2020-11-11,128073,buy,rebalance,115.0,0.000994866855135019,0.11440968834052719,0.00011440968834052719
2020-11-11,110057,buy,rebalance,115.2,0.000993139655733743,0.11440968834052719,0.00011440968834052719
2020-11-11,113536,buy,rebalance,126.1,2.479755813458002e-05,0.0031269720807705404,3.1269720807705406e-06
2020-11-11,128040,buy,rebalance,118.112,0.0009686542293799715,0.11440968834052719,0.00011440968834052719
2020-11-11,128064,buy,rebalance,112.0,1.2378438825900063e-19,1.386385148500807e-17,1.386385148500807e-20
2020-11-23,110058,sell,rebalance,134.02,0.0008996441169624526,0.12057030455530791,0.00012057030455530791
2020-11-23,113536,sell,rebalance,126.91,0.0009081804343492108,0.11525717892325833,0.00011525717892325834
2020-11-23,128064,sell,rebalance,113.422,0.0010225419293689306,0.11597875071288284,0.00011597875071288284
2020-11-23,128073,sell,rebalance,116.6,0.000994866855135019,0.11600147530874322,0.00011600147530874323
2020-11-23,128040,sell,rebalance,119.831,0.0009686542293799715,0.11607480496083136,0.00011607480496083136
2020-11-23,123002,sell,rebalance_resize,123.8,6.1215773237878355e-06,0.000757851272684934,7.578512726849341e-07
2020-11-23,123023,sell,rebalance_resize,114.099,1.4413042245817495e-05,0.0016445137072055305,1.6445137072055306e-06
2020-11-23,123028,sell,rebalance_resize,118.985,3.6574405960507417e-06,0.0004351805693210975,4.351805693210975e-07
2020-11-23,113027,sell,rebalance_resize,123.01,2.6941087536340215e-05,0.00331402317784521,3.31402317784521e-06
2020-11-23,128050,sell,rebalance_resize,129.5,4.086806902280849e-05,0.005292414938453699,5.292414938453699e-06
2020-11-23,128042,buy,rebalance,110.244,5.095563542263523e-06,0.0005617553071532998,5.617553071532998e-07
2020-11-23,123010,buy,rebalance,110.7,0.0010408528193042847,0.11522240709698431,0.00011522240709698431
2020-11-23,128051,buy,rebalance,115.23,2.7226075173452722e-05,0.0031372606422369574,3.1372606422369576e-06
2020-11-23,128056,buy,rebalance,121.1,1.5887020695149867e-05,0.001923918206182649,1.923918206182649e-06
2020-11-23,123007,buy,rebalance,110.33,2.510612117878932e-05,0.0027699583496558254,2.7699583496558256e-06
2020-11-23,110033,buy,rebalance,111.33,0.00103496278718211,0.11522240709698431,0.00011522240709698431
2020-11-23,113541,buy,rebalance,120.28,1.942963269395647e-05,0.0023369962204290843,2.3369962204290845e-06
2020-11-23,128039,buy,rebalance,117.334,8.466998694788153e-06,0.0009934668248542731,9.934668248542732e-07
2020-11-23,128018,buy,rebalance,107.02,0.0010766436843298853,0.11522240709698431,0.00011522240709698431
2020-11-23,128021,buy,rebalance,121.1,2.949117489703697e-06,0.00035713812800311766,3.571381280031177e-07
2020-11-23,128013,buy,rebalance,107.019,1.7319630456798233e-05,0.0018535295318560902,1.8535295318560903e-06
2020-11-23,110057,buy,rebalance,115.42,6.159635758071312e-06,0.0007109451591965909,7.109451591965909e-07
2020-11-23,128066,buy,rebalance,114.327,0.001007831982794828,0.11522240709698431,0.00011522240709698431
2020-11-23,123024,buy,rebalance,111.44,3.0330498378717814e-05,0.003380030739324313,3.3800307393243133e-06
2020-11-23,128057,buy,rebalance,118.7,0.0009707026714152005,0.11522240709698431,0.00011522240709698431
2020-12-01,128056,sell,rebalance,146.0,0.0009524185622397273,0.1390531100870002,0.00013905311008700018
2020-12-01,128021,sell,rebalance,122.499,0.0009524317493466422,0.11667193686321432,0.00011667193686321432
2020-12-01,123028,sell,rebalance,111.3,0.0009693646162375959,0.10789028178724443,0.00010789028178724443
2020-12-01,113027,sell,rebalance,119.26,0.0009376461170882883,0.11182367592394926,0.00011182367592394926
2020-12-01,128039,sell,rebalance,118.54,0.0009829958601984268,0.11652432926792151,0.00011652432926792152
2020-12-01,110033,sell,rebalance,113.49,0.00103496278718211,0.11745792671729766,0.00011745792671729766
2020-12-01,128018,sell,rebalance,106.44,0.0010766436843298853,0.11459795376007298,0.00011459795376007298
2020-12-01,128066,sell,rebalance,113.3,0.001007831982794828,0.114187363650654,0.000114187363650654
2020-12-01,128057,sell,rebalance,118.58,0.0009707026714152005,0.11510592277641447,0.00011510592277641447
2020-12-01,123010,sell,rebalance_resize,113.0,1.981774414264072e-05,0.0022394050881184013,2.2394050881184016e-06
2020-12-01,123007,sell,rebalance_resize,113.32,2.7230453909494296e-05,0.0030857550370238934,3.0857550370238935e-06
2020-12-01,128013,sell,rebalance_resize,107.95,8.933450775654457e-06,0.0009643660112318986,9.643660112318987e-07
2020-12-01,110058,buy,rebalance,108.9,0.0010584115533842462,0.11526101816354441,0.0001152610181635444
2020-12-01,128010,buy,rebalance,118.003,0.0009767634565523283,0.11526101816354441,0.0001152610181635444
2020-12-01,123002,buy,rebalance,119.9,3.058307495322708e-05,0.0036669106868919272,3.6669106868919274e-06
2020-12-01,128040,buy,rebalance,121.197,0.0009510220398487125,0.11526101816354441,0.0001152610181635444
2020-12-01,113016,buy,rebalance,121.0,0.0009525703980458216,0.11526101816354441,0.0001152610181635444
2020-12-01,128042,buy,rebalance,109.848,4.110547176257864e-06,0.00045153538621757385,4.515353862175739e-07
2020-12-01,128051,buy,rebalance,115.072,1.722913654597547e-06,0.00019825912006184895,1.9825912006184896e-07
2020-12-01,113524,buy,rebalance,108.2,0.0010652589479070648,0.11526101816354441,0.0001152610181635444
2020-12-01,123023,buy,rebalance,105.999,7.751901420292929e-05,0.008216937986496302,8.216937986496302e-06
2020-12-01,128050,buy,rebalance,125.152,3.1208087063502766e-05,0.0039057545121714984,3.905754512171498e-06
2020-12-01,110057,buy,rebalance,113.73,1.5166797775767244e-05,0.0017249199110380088,1.7249199110380088e-06
2020-12-01,123024,buy,rebalance,108.939,2.41085664720104e-05,0.0026263631228943406,2.626363122894341e-06
2020-12-01,123004,buy,rebalance,102.946,0.0011196259996847319,0.11526101816354441,0.0001152610181635444
2020-12-01,127007,buy,rebalance,106.195,0.0010853714220400623,0.11526101816354441,0.0001152610181635444
2020-12-01,113505,buy,rebalance,105.45,0.00109303952739255,0.11526101816354441,0.0001152610181635444
2020-12-01,110038,buy,rebalance,109.77,0.00105002294036207,0.11526101816354441,0.0001152610181635444
2020-12-01,113541,buy,rebalance,119.04,1.0310047848545023e-05,0.0012273080958907995,1.2273080958907995e-06
2020-12-11,128042,sell,rebalance,107.8,0.0010503287203871437,0.1132254360577341,0.0001132254360577341
2020-12-11,128050,sell,rebalance,135.01,0.0009218632906390267,0.12446076286917498,0.000124460762869175
2020-12-11,123024,sell,rebalance,110.196,0.0010590727061682956,0.1167055759289215,0.0001167055759289215
2020-12-11,110057,sell,rebalance,113.78,0.0010144660892675815,0.11542595163686542,0.00011542595163686542
2020-12-11,110058,sell,rebalance,104.26,0.0010584115533842462,0.11034998855584151,0.00011034998855584151
2020-12-11,127007,sell,rebalance,105.251,0.0010853714220400623,0.11423642754113861,0.00011423642754113861
2020-12-11,113505,sell,rebalance,103.0,0.00109303952739255,0.11258307132143265,0.00011258307132143265
2020-12-11,110038,sell,rebalance,108.58,0.00105002294036207,0.11401149086451355,0.00011401149086451355
2020-12-11,123007,sell,rebalance_resize,114.588,2.583989475556563e-05,0.0029609418602507542,2.9609418602507545e-06
2020-12-11,113541,sell,rebalance_resize,117.81,4.045093271732313e-06,0.00047655243834278377,4.7655243834278377e-07
2020-12-11,128010,sell,rebalance_resize,116.851,3.669190072858396e-06,0.0004287485292035764,4.287485292035764e-07
2020-12-11,128051,sell,rebalance_resize,113.88,4.167272176936489e-06,0.0004745689555095273,4.7456895550952734e-07
2020-12-11,128013,sell,rebalance_resize,107.285,8.940423538740633e-06,0.0009591733393537888,9.591733393537887e-07
2020-12-11,123010,buy,rebalance,108.745,2.45702486195722e-05,0.002671891686135379,2.671891686135379e-06
2020-12-11,113524,buy,rebalance,104.53,2.251175426947448e-05,0.0023531536737881674,2.3531536737881673e-06
2020-12-11,128040,buy,rebalance,119.0,4.494768477849465e-06,0.0005348774488640863,5.348774488640864e-07
2020-12-11,113016,buy,rebalance,112.0,6.260804714882294e-05,0.00701210128066817,7.01210128066817e-06
2020-12-11,123002,buy,rebalance,117.651,4.227367257333796e-06,0.0004973539851925784,4.973539851925784e-07
2020-12-11,128057,buy,rebalance,121.39,0.0009357673170238522,0.11359279461352541,0.00011359279461352542
2020-12-11,113542,buy,rebalance,115.65,0.0009822117995116767,0.11359279461352541,0.00011359279461352542
2020-12-11,113546,buy,rebalance,109.0,0.0010421357303993157,0.11359279461352541,0.00011359279461352542
2020-12-11,123023,buy,rebalance,104.41,6.486987950487889e-07,6.773064119104404e-05,6.773064119104404e-08
2020-12-11,128021,buy,rebalance,120.431,0.0009432188939187203,0.11359279461352541,0.00011359279461352542
2020-12-11,123004,buy,rebalance,98.603,3.3520597950465276e-05,0.003305231519709727,3.305231519709727e-06
2020-12-11,128063,buy,rebalance,108.0,0.0010517851353104204,0.11359279461352541,0.00011359279461352542
2020-12-11,113012,buy,rebalance,110.99,0.0010234507127986792,0.11359279461352541,0.00011359279461352542
2020-12-11,128026,buy,rebalance,104.4,0.001088053588252159,0.11359279461352541,0.00011359279461352542
2020-12-11,127014,buy,rebalance,107.48,0.0010568737868768645,0.11359279461352541,0.00011359279461352542
2020-12-22,128013,sell,rebalance,102.802,0.0010598596088212942,0.10895568750604669,0.00010895568750604668
2020-12-22,113524,sell,rebalance,99.8,0.0010877707021765394,0.10855951607721863,0.00010855951607721863
2020-12-22,128057,sell,rebalance,123.199,0.0009357673170238522,0.11528559769002156,0.00011528559769002156
2020-12-22,113542,sell,rebalance,112.45,0.0009822117995116767,0.11044971685508805,0.00011044971685508805
2020-12-22,128063,sell,rebalance,107.3,0.0010517851353104204,0.11285654501880811,0.00011285654501880811
2020-12-22,113012,sell,rebalance,110.73,0.0010234507127986792,0.11332669742819776,0.00011332669742819776
2020-12-22,127014,sell,rebalance,105.488,0.0010568737868768645,0.11148750203006669,0.00011148750203006669
2020-12-22,128040,sell,rebalance_resize,118.65,1.1688309471803248e-05,0.0013868179188294555,1.3868179188294555e-06
2020-12-22,123010,sell,rebalance_resize,108.003,8.733649946997544e-06,0.0009432603952255758,9.432603952255758e-07
2020-12-22,113016,sell,rebalance_resize,113.0,2.4158521397147837e-05,0.0027299129178777054,2.7299129178777053e-06
2020-12-22,113546,sell,rebalance_resize,107.6,1.3806059651416484e-06,0.00014855320184924137,1.4855320184924138e-07
2020-12-22,128010,sell,rebalance_resize,120.05,4.027251396704077e-05,0.004834715301743245,4.834715301743245e-06
2020-12-22,123004,sell,rebalance_resize,97.8,8.103127398825628e-06,0.0007924858596051464,7.924858596051464e-07
2020-12-22,123023,sell,rebalance_resize,103.2,3.914502965857857e-06,0.00040397670607653086,4.0397670607653087e-07
2020-12-22,128026,sell,rebalance_resize,103.353,4.531567709774006e-06,0.0004683511175082728,4.683511175082728e-07
2020-12-22,128066,buy,rebalance,105.76,0.0010577886852353026,0.1118717313504856,0.0001118717313504856
2020-12-22,123002,buy,rebalance,114.899,8.15930847627845e-06,0.0009374963846159176,9.374963846159176e-07
2020-12-22,123007,buy,rebalance,108.55,3.929492685569171e-05,0.004265464310185335,4.265464310185335e-06
2020-12-22,113016,buy,rebalance,113.0,1.2268778602906896e-19,1.3863719821284792e-17,1.3863719821284792e-20
2020-12-22,113541,buy,rebalance,113.06,2.5295270374516647e-05,0.002859883268542852,2.859883268542852e-06
2020-12-22,128021,buy,rebalance,117.0,1.3905896058776708e-05,0.0016269898388768748,1.6269898388768748e-06
2020-12-22,128051,buy,rebalance,110.308,1.6707020368203493e-05,0.0018429180027757911,1.8429180027757912e-06
2020-12-22,113536,buy,rebalance,117.86,0.0009491916795391618,0.1118717313504856,0.0001118717313504856
2020-12-22,128039,buy,rebalance,113.149,0.0009887116222899504,0.1118717313504856,0.0001118717313504856
2020-12-22,128072,buy,rebalance,101.201,0.0011054409674853569,0.1118717313504856,0.0001118717313504856
2020-12-22,128075,buy,rebalance,123.549,0.0009054847174035047,0.1118717313504856,0.0001118717313504856
2020-12-22,128026,buy,rebalance,103.353,1.3413950075261283e-19,1.3863719821284792e-17,1.3863719821284792e-20
2020-12-22,128071,buy,rebalance,111.856,0.0010001406393084467,0.1118717313504856,0.0001118717313504856
2020-12-22,110060,buy,rebalance,113.59,0.0009848730640944238,0.1118717313504856,0.0001118717313504856
2020-12-31,128010,sell,rebalance,137.7,0.0009328217525124292,0.1284495553209615,0.0001284495553209615
2020-12-31,123004,sell,rebalance,98.35,0.0011450434702363714,0.11261502529774713,0.00011261502529774712
2020-12-31,113546,sell,rebalance,101.09,0.001040755124434174,0.10520993552905067,0.00010520993552905067
2020-12-31,128072,sell,rebalance,96.782,0.0011054409674853569,0.1069867877151678,0.0001069867877151678
2020-12-31,123007,sell,rebalance_resize,110.5,3.684080241022125e-05,0.004070908666329448,4.0709086663294485e-06
2020-12-31,113536,sell,rebalance_resize,115.98,1.4278602578833457e-06,0.00016560323270931043,1.6560323270931044e-07
2020-12-31,128026,sell,rebalance_resize,108.001,6.573840964764667e-05,0.007099813980355489,7.099813980355488e-06
2020-12-31,128071,sell,rebalance_resize,111.011,9.953650989787536e-06,0.001104964750027304,1.1049647500273041e-06
2020-12-31,128040,buy,rebalance,115.51,6.325474508965285e-06,0.00073065556053058,7.306555605305801e-07
2020-12-31,113541,buy,rebalance,109.25,1.2728965391142524e-05,0.0013906394689823208,1.3906394689823207e-06
2020-12-31,123002,buy,rebalance,112.23,3.896302653988625e-06,0.0004372820468571434,4.3728204685714336e-07
2020-12-31,128057,buy,rebalance,110.0,0.0008112451475449354,0.0892369662299429,8.92369662299429e-05
2020-12-31,113016,buy,rebalance,106.85,3.0627957505672437e-05,0.0032725972594810997,3.2725972594810996e-06
2020-12-31,128066,buy,rebalance,100.75,2.6989101069408216e-05,0.0027191519327428777,2.719151932742878e-06
2020-12-31,128039,buy,rebalance,108.6,1.9043953591679e-05,0.0020681733600563393,2.0681733600563394e-06
2020-12-31,128051,buy,rebalance,106.7,1.2181653737940872e-05,0.0012997824538382911,1.2997824538382912e-06
2020-12-31,128075,buy,rebalance,119.723,1.0268243714421022e-05,0.001229344942221628,1.229344942221628e-06
2020-12-31,127014,buy,rebalance,102.792,0.0008681314326984872,0.0892369662299429,8.92369662299429e-05
2020-12-31,110060,buy,rebalance,108.58,2.2311539399168764e-05,0.0024225869479617443,2.422586947961744e-06
2020-12-31,123023,buy,rebalance,100.1,1.0545548922332977e-05,0.001055609447125531,1.0556094471255309e-06
2020-12-31,128074,buy,rebalance,95.099,0.0009383586181762468,0.0892369662299429,8.92369662299429e-05
2020-12-31,128021,buy,rebalance,110.995,2.695654288739359e-05,0.0029920414777862515,2.9920414777862515e-06
2020-12-31,113524,buy,rebalance,99.0,0.0009013834972721505,0.0892369662299429,8.92369662299429e-05
2020-12-31,113012,buy,rebalance,110.38,0.000808452312284317,0.0892369662299429,8.92369662299429e-05
2021-01-12,123023,sell,rebalance,94.68,0.0010956739538556385,0.10373840995105187,0.00010373840995105187
2021-01-12,123007,sell,rebalance,109.3,0.0009947660430791193,0.10872792850854773,0.00010872792850854774
2021-01-12,123010,sell,rebalance,100.0,0.0010368716738342186,0.10368716738342186,0.00010368716738342186
2021-01-12,128026,sell,rebalance,99.448,0.0010177836108947386,0.10121654453625996,0.00010121654453625996
2021-01-12,128071,sell,rebalance,105.32,0.0009901869883186592,0.10428649360972118,0.00010428649360972118
2021-01-12,110060,sell,rebalance,108.81,0.0010071846034935925,0.1095917567061378,0.0001095917567061378
2021-01-12,113524,sell,rebalance,96.47,0.0009013834972721505,0.08695646598184435,8.695646598184435e-05
2021-01-12,113541,sell,rebalance_resize,108.59,1.4087014618437168e-05,0.0015297089174160922,1.5297089174160922e-06
2021-01-12,128051,sell,rebalance_resize,107.4,2.7300169824923123e-05,0.0029320382391967437,2.9320382391967437e-06
2021-01-12,123002,sell,rebalance_resize,113.204,2.9732956983176012e-05,0.003365889662323457,3.365889662323457e-06
2021-01-12,113016,sell,rebalance_resize,107.45,2.2043550277102594e-05,0.0023685794772746738,2.3685794772746738e-06
2021-01-12,128021,sell,rebalance_resize,109.7,4.979369612831643e-06,0.0005462368465276313,5.462368465276313e-07
2021-01-12,128040,buy,rebalance,108.0,4.431481086751898e-05,0.00478599957369205,4.78599957369205e-06
2021-01-12,113536,buy,rebalance,110.0,2.8638804191644723e-05,0.0031502684610809194,3.1502684610809196e-06
2021-01-12,123002,buy,rebalance,113.204,1.2246669172983545e-19,1.386371937058429e-17,1.386371937058429e-20
2021-01-12,123028,buy,rebalance,95.0,0.001129458972078062,0.1072986023474159,0.0001072986023474159
2021-01-12,128057,buy,rebalance,104.1,0.00022030348960993762,0.022933593268394503,2.2933593268394503e-05
2021-01-12,128039,buy,rebalance,104.0,2.4983354240620864e-05,0.00259826884102457,2.59826884102457e-06
2021-01-12,128066,buy,rebalance,95.74,3.705097625905217e-05,0.0035472604670416545,3.5472604670416547e-06
2021-01-12,128074,buy,rebalance,98.2,0.0001552464230926263,0.015245198747695905,1.5245198747695905e-05
2021-01-12,113505,buy,rebalance,103.48,0.001036901839460919,0.1072986023474159,0.0001072986023474159
2021-01-12,128076,buy,rebalance,96.0,0.001117693774452249,0.1072986023474159,0.0001072986023474159
2021-01-12,113012,buy,rebalance,118.5,9.784068386550417e-05,0.011594121038062243,1.1594121038062244e-05
2021-01-12,128075,buy,rebalance,116.0,1.0163323488893683e-05,0.0011789455247116672,1.1789455247116672e-06
2021-01-12,113534,buy,rebalance,103.8,0.0010337052249269354,0.1072986023474159,0.0001072986023474159
2021-01-12,128049,buy,rebalance,97.001,0.0011061597545119729,0.1072986023474159,0.0001072986023474159
2021-01-12,127014,buy,rebalance,102.2,0.00018263710187755905,0.018665511811886536,1.8665511811886538e-05
2021-01-12,128010,buy,rebalance,123.5,0.0008688145939062015,0.1072986023474159,0.0001072986023474159
2021-01-21,128075,sell,rebalance,119.609,0.0009259162846068194,0.11074792088553706,0.00011074792088553706
2021-01-21,127014,sell,rebalance,102.398,0.0010507685345760463,0.10759659640351799,0.000107596596403518
2021-01-21,128074,sell,rebalance,96.952,0.001093605041268873,0.10602719596109977,0.00010602719596109977
2021-01-21,113012,sell,rebalance,115.4,0.0009062929961498211,0.10458621175568936,0.00010458621175568936
2021-01-21,128076,sell,rebalance,95.399,0.001117693774452249,0.1066268683889701,0.00010662686838897011
2021-01-21,128051,sell,rebalance_resize,112.781,3.479195381889994e-05,0.003923871343649354,3.923871343649355e-06
2021-01-21,113536,sell,rebalance_resize,114.04,2.178153385351829e-05,0.002483966120655226,2.483966120655226e-06
2021-01-21,113541,sell,rebalance_resize,113.0,2.5703297751635618e-05,0.0029044726459348247,2.9044726459348246e-06
2021-01-21,128066,sell,rebalance_resize,97.3,2.9696766419036126e-06,0.0002889495372572215,2.8894953725722153e-07
2021-01-21,128039,sell,rebalance_resize,106.101,6.688383377196767e-06,0.0007096441647039542,7.096441647039542e-07
2021-01-21,128021,sell,rebalance_resize,114.6,2.914568873027059e-05,0.003340095928489009,3.340095928489009e-06
2021-01-21,128049,sell,rebalance_resize,101.01,2.839528505155391e-05,0.0028682077430574604,2.8682077430574603e-06
2021-01-21,128010,sell,rebalance_resize,131.6,4.157303569801821e-05,0.005471011497859196,5.471011497859197e-06
2021-01-21,128057,sell,rebalance_resize,115.79,9.135527796844147e-05,0.01057802763596584,1.057802763596584e-05
2021-01-21,128040,buy,rebalance,108.302,1.0718207541028564e-05,0.0011608033131084755,1.1608033131084755e-06
2021-01-21,128082,buy,rebalance,100.99,0.0010768392188288327,0.1087499927095238,0.00010874999270952381
2021-01-21,123007,buy,rebalance,111.6,0.0009744623002645503,0.1087499927095238,0.00010874999270952381
2021-01-21,128071,buy,rebalance,106.261,0.0010234233887270383,0.1087499927095238,0.00010874999270952381
2021-01-21,113505,buy,rebalance,99.9,5.278197711467183e-05,0.005272919513755716,5.272919513755716e-06
2021-01-21,113016,buy,rebalance,100.33,8.53745530623868e-05,0.008565628908749267,8.565628908749267e-06
2021-01-21,113524,buy,rebalance,99.2,0.0010962700877976189,0.1087499927095238,0.00010874999270952381
2021-01-21,123002,buy,rebalance,113.57,9.765533470205186e-06,0.001109071636211203,1.109071636211203e-06
2021-01-21,123028,buy,rebalance,96.05,3.956823631384974e-06,0.00038005290979452674,3.8005290979452673e-07
2021-01-21,113549,buy,rebalance,100.8,0.0010788689752928948,0.1087499927095238,0.00010874999270952381
2021-01-21,113534,buy,rebalance,98.75,6.865244834463661e-05,0.006779429274032865,6.779429274032865e-06
2021-01-21,128010,buy,rebalance,131.6,1.0534292106464333e-19,1.3863128412107061e-17,1.386312841210706e-20
2021-02-01,128010,sell,risk_exit_next_open,119.69,0.0008272415582081834,0.09901254210193747,9.901254210193747e-05
2021-02-18,113016,sell,rebalance,100.0,0.0010849788840884534,0.10849788840884533,0.00010849788840884534
2021-02-18,123028,sell,rebalance,86.01,0.001133415795709447,0.09748509258896954,9.748509258896954e-05
2021-02-18,113505,sell,rebalance,96.51,0.0010896838165755907,0.10516538513771026,0.00010516538513771026
2021-02-18,128049,sell,rebalance,95.378,0.001077764469460419,0.10279501956819585,0.00010279501956819585
2021-02-18,128082,sell,rebalance,89.88,0.0010768392188288327,0.09678630898833547,9.678630898833548e-05
2021-02-18,128071,sell,rebalance,101.288,0.0010234233887270383,0.10366050819738425,0.00010366050819738425
2021-02-18,113541,sell,rebalance_resize,108.18,2.0138359564440362e-05,0.0021785677376811585,2.1785677376811584e-06
2021-02-18,128040,sell,rebalance_resize,106.71,4.8924226658806634e-05,0.005220704226761255,5.220704226761255e-06
2021-02-18,123007,sell,rebalance_resize,105.16,4.104753048328972e-06,0.00043165583056227474,4.3165583056227477e-07
2021-02-18,128039,sell,rebalance_resize,102.0,2.563094218370245e-05,0.00261435610273765,2.61435610273765e-06
2021-02-18,113549,sell,rebalance_resize,94.9,3.6023824029283866e-06,0.0003418660900379039,3.418660900379039e-07
2021-02-18,128057,sell,rebalance_resize,110.485,1.6603734664932608e-05,0.0018344636244550792,1.8344636244550792e-06
2021-02-18,113536,buy,rebalance,106.0,8.017507213689133e-06,0.000849855764651048,8.498557646510481e-07
2021-02-18,128051,buy,rebalance,103.91,1.6691806500494812e-05,0.0017344456134664157,1.7344456134664158e-06
2021-02-18,123024,buy,rebalance,97.9,0.0010385182005395552,0.10167093183282247,0.00010167093183282247
2021-02-18,123002,buy,rebalance,100.75,5.407260135712904e-05,0.00544781458673075,5.4478145867307505e-06
2021-02-18,128093,buy,rebalance,100.5,0.0010116510630131588,0.10167093183282247,0.00010167093183282247
2021-02-18,128090,buy,rebalance,104.9,0.0009692176533157527,0.10167093183282247,0.00010167093183282247
2021-02-18,113557,buy,rebalance,94.0,0.0010816056577959837,0.10167093183282247,0.00010167093183282247
2021-02-18,128021,buy,rebalance,106.39,9.14927510716468e-06,0.0009733913786512503,9.733913786512503e-07
2021-02-18,128066,buy,rebalance,88.088,3.941559911682968e-05,0.003472041295003293,3.472041295003293e-06
2021-02-18,128087,buy,rebalance,81.881,0.001241691379353238,0.10167093183282247,0.00010167093183282247
2021-02-18,128091,buy,rebalance,107.25,0.0009479807163899531,0.10167093183282247,0.00010167093183282247
2021-02-18,113549,buy,rebalance,94.9,1.4570299159819374e-19,1.3827213902668587e-17,1.3827213902668588e-20
2021-02-18,128075,buy,rebalance,115.0,0.0008840950594158476,0.10167093183282247,0.00010167093183282247
2021-02-18,113534,buy,rebalance,91.0,1.892256313372895e-05,0.0017219532451693345,1.7219532451693345e-06
2021-02-23,128021,sell,rebalance,112.49,0.000959105549628953,0.10788978327776091,0.00010788978327776091
2021-02-23,128057,sell,rebalance,114.38,0.000923589624521499,0.10564018125276906,0.00010564018125276906
2021-02-23,113524,sell,rebalance,113.11,0.0010962700877976189,0.12399910963078867,0.00012399910963078868
2021-02-23,128075,sell,rebalance,119.891,0.0008840950594158476,0.10599504076842539,0.0001059950407684254
2021-02-23,128066,sell,rebalance_resize,93.18,7.164873687480255e-06,0.0006676229301994102,6.676229301994102e-07
2021-02-23,123007,sell,rebalance_resize,113.0,2.1150359413516417e-05,0.0023899906137273552,2.3899906137273554e-06
2021-02-23,128093,sell,rebalance_resize,109.0,2.7610583914941787e-05,0.003009553646728655,3.0095536467286547e-06
2021-02-23,123002,sell,rebalance_resize,106.87,8.980833761402821e-06,0.0009597817040811195,9.597817040811195e-07
2021-02-23,113534,sell,rebalance_resize,98.0,2.678623414299823e-05,0.0026250509460138266,2.6250509460138268e-06
2021-02-23,128051,buy,rebalance,108.357,7.902242399956215e-06,0.0008562632797320557,8.562632797320557e-07
2021-02-23,123024,buy,rebalance,102.1,1.2012255840841401e-05,0.001226451321349907,1.226451321349907e-06
2021-02-23,128040,buy,rebalance,109.72,2.1298531597244165e-05,0.00233687488684963,2.3368748868496297e-06
2021-02-23,128039,buy,rebalance,104.0,3.089895457962764e-05,0.003213491276281274,3.213491276281274e-06
2021-02-23,113541,buy,rebalance,110.9,2.388833316095847e-05,0.0026492161475502943,2.6492161475502942e-06
2021-02-23,113557,buy,rebalance,96.27,3.2523503561748845e-05,0.0031310376878895614,3.1310376878895614e-06
2021-02-23,128090,buy,rebalance,108.8,1.661475438875898e-05,0.001807685277496977,1.807685277496977e-06
2021-02-23,113536,buy,rebalance,108.77,2.345872928056058e-05,0.0025516059838465743,2.5516059838465743e-06
2021-02-23,113027,buy,rebalance,106.0,0.00101085825015623,0.10715097451656039,0.00010715097451656039
2021-02-23,128091,buy,rebalance,110.017,2.693575641209649e-05,0.0029633911131896197,2.96339111318962e-06
2021-02-23,113549,buy,rebalance,98.02,1.8984698969775268e-05,0.0018608801930173717,1.8608801930173717e-06
2021-02-23,128071,buy,rebalance,106.699,0.0010042359770622068,0.10715097451656039,0.00010715097451656039
2021-02-23,113016,buy,rebalance,104.0,0.0010302978318900038,0.10715097451656039,0.00010715097451656039
2021-02-23,128022,buy,rebalance,98.805,0.0010844691515263436,0.10715097451656039,0.00010715097451656039
2021-02-23,128087,buy,rebalance,85.52,1.2510205265335859e-05,0.0010698727542915226,1.0698727542915227e-06
2021-03-11,113536,sell,rebalance,111.1,0.0009860973261136545,0.10955541293122702,0.00010955541293122702
2021-03-11,113534,sell,rebalance,96.0,0.0010944940022623027,0.10507142421718105,0.00010507142421718105
2021-03-11,123024,sell,rebalance,105.25,0.0010505304563803966,0.11056833053403674,0.00011056833053403673
2021-03-11,113557,sell,rebalance,146.0,0.0011141291613577325,0.16266285755822893,0.00016266285755822893
2021-03-11,128087,sell,rebalance,87.61,0.0012542015846185737,0.10988060082843325,0.00010988060082843326
2021-03-11,128091,sell,rebalance,120.99,0.0009749164728020496,0.11795514404431998,0.00011795514404431997
2021-03-11,128022,sell,rebalance,103.478,0.0010844691515263436,0.11221869886164297,0.00011221869886164297
2021-03-11,113016,sell,rebalance_resize,119.5,9.815179568923679e-05,0.011729139584863796,1.1729139584863796e-05
2021-03-11,128040,buy,rebalance,107.9,5.4741409981513436e-05,0.0059065981370053,5.9065981370053006e-06
2021-03-11,128051,buy,rebalance,111.301,1.092979903773475e-05,0.0012164975626989154,1.2164975626989154e-06
2021-03-11,113541,buy,rebalance,110.79,3.823302641299928e-05,0.00423583699629619,4.235836996296191e-06
2021-03-11,123007,buy,rebalance,104.26,0.00011907271854646303,0.012414521635654235,1.2414521635654236e-05
2021-03-11,128021,buy,rebalance,107.9,0.0010313124663872634,0.11127861512318572,0.00011127861512318572
2021-03-11,113027,buy,rebalance,101.12,9.062670712937865e-05,0.00916417262492277,9.16417262492277e-06
2021-03-11,113561,buy,rebalance,112.99,0.0009848536607061308,0.11127861512318572,0.00011127861512318572
2021-03-11,128066,buy,rebalance,94.5,2.7607711184446866e-05,0.0026089287069302287,2.608928706930229e-06
2021-03-11,113030,buy,rebalance,104.2,0.0010679329666332604,0.11127861512318572,0.00011127861512318572
2021-03-11,128093,buy,rebalance,101.9,0.00010899376429862503,0.011106464582029891,1.1106464582029892e-05
2021-03-11,128075,buy,rebalance,116.0,0.0009592984062343597,0.11127861512318572,0.00011127861512318572
2021-03-11,113542,buy,rebalance,112.9,0.0009856387521982792,0.11127861512318572,0.00011127861512318572
2021-03-11,113505,buy,rebalance,98.38,0.0011311101354257544,0.11127861512318572,0.00011127861512318572
2021-03-11,123002,buy,rebalance,110.038,8.637944312018589e-06,0.0009505021162059014,9.505021162059014e-07
2021-03-11,128071,buy,rebalance,104.989,5.668865631648797e-05,0.005951685338011756,5.951685338011756e-06
2021-03-11,128090,buy,rebalance,110.8,1.9485842063757702e-05,0.0021590313006643533,2.1590313006643534e-06
2021-03-11,113524,buy,rebalance,99.45,0.0011189403230084034,0.11127861512318572,0.00011127861512318572
2021-03-11,113016,buy,rebalance,119.5,1.1601447719293764e-19,1.3863730024556048e-17,1.386373002455605e-20
2021-03-11,128039,buy,rebalance,107.88,1.2297982777974896e-06,0.00013267063820879317,1.3267063820879317e-07
2021-03-11,113549,buy,rebalance,98.9,3.202009552575158e-05,0.003166787447496832,3.166787447496832e-06
2021-03-23,123002,sell,rebalance,114.6,0.0010122910950718731,0.11600855949523665,0.00011600855949523666
2021-03-23,128066,sell,rebalance,99.057,0.0011787175225356557,0.11676022162981445,0.00011676022162981445
2021-03-23,113549,sell,rebalance,101.76,0.0011262713873854933,0.11460937638034781,0.00011460937638034781
2021-03-23,128071,sell,rebalance,108.2,0.0010609246333786947,0.11479204533157478,0.00011479204533157478
2021-03-23,113016,sell,rebalance,168.01,0.0009321460362007671,0.15660985554209086,0.00015660985554209086
2021-03-23,113542,sell,rebalance,119.33,0.0009856387521982792,0.11761627229982065,0.00011761627229982065
2021-03-23,113524,sell,rebalance,103.21,0.0011189403230084034,0.1154858307376973,0.00011548583073769731
2021-03-23,113505,sell,rebalance_resize,103.01,3.6006676452000323e-06,0.00037090477413205536,3.709047741320554e-07
2021-03-23,113541,sell,rebalance_resize,117.2,1.439382007797423e-05,0.0016869557131385798,1.68695571313858e-06
2021-03-23,113561,buy,rebalance,110.35,6.759104789137431e-05,0.007458672134813155,7.458672134813155e-06
2021-03-23,123024,buy,rebalance,104.0,0.0011156580929271563,0.11602844166442425,0.00011602844166442425
2021-03-23,128040,buy,rebalance,108.666,3.648399874234671e-05,0.003964570207335847,3.964570207335847e-06
2021-03-23,128051,buy,rebalance,114.5,1.3549458765755684e-05,0.0015514130286790257,1.5514130286790258e-06
2021-03-23,128093,buy,rebalance,105.5,7.855988527265443e-06,0.0008288067896265041,8.288067896265042e-07
2021-03-23,123007,buy,rebalance,105.22,3.5512192686517954e-05,0.0037365929144754194,3.7365929144754195e-06
2021-03-23,128053,buy,rebalance,118.862,0.0009761609401189973,0.11602844166442425,0.00011602844166442425
2021-03-23,128039,buy,rebalance,105.611,6.712538848522854e-05,0.007089179403313471,7.089179403313471e-06
2021-03-23,113027,buy,rebalance,103.3,2.283629721970892e-05,0.0023589895027959313,2.3589895027959315e-06
2021-03-23,113030,buy,rebalance,104.49,4.356274982853843e-05,0.004551871729583981,4.551871729583981e-06
2021-03-23,128091,buy,rebalance,114.249,0.0010155751180703923,0.11602844166442425,0.00011602844166442425
2021-03-23,128033,buy,rebalance,105.574,0.0010990247756495373,0.11602844166442425,0.00011602844166442425
2021-03-23,128022,buy,rebalance,109.5,0.001059620471821226,0.11602844166442425,0.00011602844166442425
2021-03-23,128021,buy,rebalance,110.411,2.059785554388456e-05,0.0022742298284558382,2.2742298284558384e-06
2021-03-23,128090,buy,rebalance,110.8,4.2876588486711185e-05,0.004750726004327599,4.750726004327599e-06
2021-03-23,113550,buy,rebalance,120.89,0.0009597852730947493,0.11602844166442425,0.00011602844166442425
2021-03-23,128075,buy,rebalance,119.539,1.2294772748134696e-05,0.0014697048395392734,1.4697048395392734e-06
2021-03-23,128094,buy,rebalance,115.0,0.0010089429709949935,0.11602844166442425,0.00011602844166442425
2021-03-31,113027,sell,rebalance,100.5,0.0011243212545053176,0.11299428607778442,0.00011299428607778442
2021-03-31,113030,sell,rebalance,102.22,0.0011114957164617988,0.11361709213672508,0.00011361709213672508
2021-03-31,113505,sell,rebalance,99.98,0.0011275094677805544,0.11272839658869983,0.00011272839658869984
2021-03-31,128091,sell,rebalance,124.0,0.0010155751180703923,0.12593131464072865,0.00012593131464072864
2021-03-31,128033,sell,rebalance,138.0,0.0010990247756495373,0.15166541903963615,0.00015166541903963615
2021-03-31,128022,sell,rebalance,102.3,0.001059620471821226,0.10839917426731142,0.00010839917426731143
2021-03-31,128094,sell,rebalance,113.3,0.0010089429709949935,0.11431323861373276,0.00011431323861373276
2021-03-31,128053,sell,rebalance_resize,119.0,8.678432472608203e-06,0.0010327334642403763,1.0327334642403762e-06
2021-03-31,113561,buy,rebalance,103.18,6.331297444333035e-05,0.006532632703062826,6.532632703062826e-06
2021-03-31,128051,buy,rebalance,109.011,4.17429448400435e-05,0.004550440159957982,4.550440159957982e-06
2021-03-31,123024,buy,rebalance,100.99,2.433554741200775e-05,0.0024576469331386622,2.457646933138662e-06
2021-03-31,128040,buy,rebalance,107.5,2.19173650245596e-06,0.0002356116740140157,2.356116740140157e-07
2021-03-31,128039,buy,rebalance,103.966,7.703824534611253e-06,0.0008009358215653935,8.009358215653936e-07
2021-03-31,128075,buy,rebalance,114.135,3.7091096714567976e-05,0.004233392323517216,4.233392323517216e-06
2021-03-31,113550,buy,rebalance,117.53,1.977816620388556e-05,0.00232452787394267,2.32452787394267e-06
2021-03-31,128021,buy,rebalance,107.2,2.2045389218437783e-05,0.0023632657242165303,2.3632657242165305e-06
2021-03-31,113541,buy,rebalance,115.26,7.871701201949887e-06,0.000907292280536744,9.07292280536744e-07
2021-03-31,128090,buy,rebalance,105.601,4.200295718146242e-05,0.004435554281319613,4.4355542813196135e-06
2021-03-31,113565,buy,rebalance,104.24,0.001103369738826224,0.1150152615752456,0.0001150152615752456
2021-03-31,128082,buy,rebalance,101.999,0.0011276116586951403,0.1150152615752456,0.0001150152615752456
2021-03-31,128066,buy,rebalance,96.69,0.0011895259238312711,0.1150152615752456,0.0001150152615752456
2021-03-31,128093,buy,rebalance,101.3,3.5603423985547535e-05,0.0036066268497359655,3.6066268497359655e-06
2021-03-31,123007,buy,rebalance,102.992,1.4051708395801987e-05,0.0014472135511004384,1.4472135511004384e-06
2021-03-31,113532,buy,rebalance,100.1,0.0011490036121403157,0.1150152615752456,0.0001150152615752456
2021-03-31,123002,buy,rebalance,107.37,0.0010712048204828686,0.1150152615752456,0.0001150152615752456
2021-03-31,110041,buy,rebalance,106.59,0.001079043639884094,0.1150152615752456,0.0001150152615752456
2021-03-31,128096,buy,rebalance,120.112,0.0009575667841285267,0.1150152615752456,0.0001150152615752456
2021-04-13,123007,sell,rebalance,103.17,0.0011178438074314879,0.11532794561270661,0.00011532794561270662
2021-04-13,113561,sell,rebalance,101.82,0.0011157576830408355,0.11360644728721786,0.00011360644728721787
2021-04-13,113550,sell,rebalance,122.34,0.000979563439298635,0.119839791163795,0.000119839791163795
2021-04-13,128066,sell,rebalance,97.0,0.0011895259238312711,0.11538401461163329,0.00011538401461163329
2021-04-13,113532,sell,rebalance,100.19,0.0011490036121403157,0.11511867190033823,0.00011511867190033823
2021-04-13,123002,sell,rebalance,106.5,0.0010712048204828686,0.11408331338142551,0.0001140833133814255
2021-04-13,110041,sell,rebalance,106.71,0.001079043639884094,0.11514474681203167,0.00011514474681203167
2021-04-13,128096,sell,rebalance,118.483,0.0009575667841285267,0.11345538528390024,0.00011345538528390025
2021-04-13,128082,sell,rebalance_resize,109.5,7.009867910571096e-05,0.0076758053620753506,7.67580536207535e-06
2021-04-13,128051,sell,rebalance_resize,110.0,3.387891486472041e-06,0.0003726680635119245,3.726680635119245e-07
2021-04-13,123024,sell,rebalance_resize,101.86,3.1619962684541502e-06,0.00032208093990473974,3.2208093990473977e-07
2021-04-13,128075,sell,rebalance_resize,117.769,2.5423220028401617e-05,0.0029940671995248302,2.9940671995248305e-06
2021-04-13,128021,sell,rebalance_resize,107.995,1.7054100704383272e-06,0.00018417576055698714,1.8417576055698716e-07
2021-04-13,128093,sell,rebalance_resize,102.663,8.553976910965082e-06,0.0008781769316104082,8.781769316104082e-07
2021-04-13,128040,buy,rebalance,107.206,9.15398381206626e-06,0.0009813619885563755,9.813619885563755e-07
2021-04-13,128053,buy,rebalance,117.0,2.2218663843426803e-05,0.002599583669680936,2.599583669680936e-06
2021-04-13,128090,buy,rebalance,105.2,1.0529854499340918e-05,0.0011077406933306647,1.1077406933306646e-06
2021-04-13,128091,buy,rebalance,110.539,0.001046512546421907,0.11568045036893118,0.00011568045036893118
2021-04-13,113030,buy,rebalance,103.21,0.001120825989428652,0.11568045036893118,0.00011568045036893118
2021-04-13,123024,buy,rebalance,101.86,1.3610582616757883e-19,1.3863739453429579e-17,1.386373945342958e-20
2021-04-13,128039,buy,rebalance,102.93,1.7618384637364266e-05,0.001813460330723904,1.813460330723904e-06
2021-04-13,127014,buy,rebalance,113.0,0.0010237207997250547,0.11568045036893118,0.00011568045036893118
2021-04-13,123039,buy,rebalance,104.818,0.0011036315362717394,0.11568045036893118,0.00011568045036893118
2021-04-13,113565,buy,rebalance,104.49,4.8430898823913595e-06,0.0005060544618110731,5.060544618110731e-07
2021-04-13,113541,buy,rebalance,115.17,6.575427590195342e-06,0.0007572919955627976,7.572919955627976e-07
2021-04-13,128033,buy,rebalance,123.849,0.0009340442827066119,0.11568045036893118,0.00011568045036893118
2021-04-13,113027,buy,rebalance,100.78,0.0011478512638314266,0.11568045036893118,0.00011568045036893118
2021-04-13,113536,buy,rebalance,113.0,0.0010237207997250547,0.11568045036893118,0.00011568045036893118
2021-04-13,113549,buy,rebalance,101.22,0.0011428615922636947,0.11568045036893118,0.00011568045036893118
2021-04-21,128075,sell,rebalance,120.02,0.0009832610556686607,0.11801099190135265,0.00011801099190135266
2021-04-21,123039,sell,rebalance,108.0,0.0011036315362717394,0.11919220591734785,0.00011919220591734785
2021-04-21,113027,sell,rebalance,101.69,0.0011478512638314266,0.11672499501901777,0.00011672499501901777
2021-04-21,113536,sell,rebalance,114.6,0.0010237207997250547,0.11731840364849126,0.00011731840364849126
2021-04-21,113549,sell,rebalance,100.0,0.0011428615922636947,0.11428615922636946,0.00011428615922636947
2021-04-21,128040,sell,rebalance_resize,110.348,2.2743648508445033e-05,0.0025097161256098927,2.5097161256098928e-06
2021-04-21,128053,sell,rebalance_resize,118.95,8.778625958493204e-06,0.0010442175577627666,1.0442175577627667e-06
2021-04-21,113565,sell,rebalance_resize,105.78,5.16180969792467e-06,0.0005460162298464716,5.460162298464716e-07
2021-04-21,123024,sell,rebalance_resize,102.813,1.9485379367497254e-06,0.00020033503089104954,2.0033503089104955e-07
2021-04-21,128091,sell,rebalance_resize,112.774,1.1870370113973759e-05,0.0013386691192332767,1.3386691192332768e-06
2021-04-21,128051,sell,rebalance_resize,114.9,3.720795801477906e-05,0.004275194375898114,4.275194375898115e-06
2021-04-21,128082,sell,rebalance_resize,111.0,6.335170661944242e-06,0.0007032039434758108,7.032039434758108e-07
2021-04-21,128021,sell,rebalance_resize,108.977,1.5589002243718322e-06,0.00016988426975136917,1.6988426975136916e-07
2021-04-21,128039,sell,rebalance_resize,104.4,7.364376618597093e-06,0.0007688409189815365,7.688409189815365e-07
2021-04-21,128090,sell,rebalance_resize,108.369,2.402917720879688e-05,0.002604017904940109,2.6040179049401093e-06
2021-04-21,128093,sell,rebalance_resize,104.901,1.5645832505798104e-05,0.0016412634756907268,1.6412634756907268e-06
2021-04-21,128053,buy,rebalance,118.95,1.165494680467739e-19,1.3863559224163754e-17,1.3863559224163756e-20
2021-04-21,113567,buy,rebalance,106.4,0.0010954991227097551,0.11656110665631796,0.00011656110665631796
2021-04-21,113568,buy,rebalance,103.52,0.0011259766871746326,0.11656110665631796,0.00011656110665631796
2021-04-21,113030,buy,rebalance,104.1,2.640221509099863e-08,2.748470590972957e-06,2.748470590972957e-09
2021-04-21,127014,buy,rebalance,105.72,7.987426409468595e-05,0.0084443072000902,8.4443072000902e-06
2021-04-21,128051,buy,rebalance,114.9,1.2065760856539385e-19,1.3863559224163754e-17,1.3863559224163756e-20
2021-04-21,128082,buy,rebalance,111.0,1.2489692994742122e-19,1.3863559224163754e-17,1.3863559224163756e-20
2021-04-21,113570,buy,rebalance,100.36,0.0011614299188553005,0.11656110665631796,0.00011656110665631796
2021-04-21,128033,buy,rebalance,116.5,6.743789253968491e-05,0.007856514480873293,7.856514480873293e-06
2021-04-21,113532,buy,rebalance,101.3,0.0011506525829843826,0.11656110665631796,0.00011656110665631796
2021-04-21,113541,buy,rebalance,115.03,8.898065452047279e-06,0.0010235444689489985,1.0235444689489985e-06
2021-04-21,113542,buy,rebalance,117.1,0.0009953980073127068,0.11656110665631796,0.00011656110665631796
2021-05-06,128039,sell,rebalance,102.55,0.0011176315784573836,0.11461311837080468,0.00011461311837080468
2021-05-06,128093,sell,rebalance,120.01,0.001112293846492892,0.13348638451761197,0.00013348638451761197
2021-05-06,123024,sell,rebalance,101.54,0.0011348831061339603,0.11523603059684233,0.00011523603059684233
2021-05-06,127014,sell,rebalance,103.888,0.0011035950638197407,0.11465028399010523,0.00011465028399010523
2021-05-06,113570,sell,rebalance,99.3,0.0011614299188553005,0.11532999094233133,0.00011532999094233133
2021-05-06,113532,sell,rebalance,99.16,0.0011506525829843826,0.11409871012873138,0.00011409871012873138
2021-05-06,113542,sell,rebalance,117.29,0.0009953980073127068,0.1167502322777074,0.0001167502322777074
2021-05-06,128091,sell,rebalance_resize,118.0,4.035875970617072e-05,0.004762333645328146,4.762333645328146e-06
2021-05-06,113030,sell,rebalance_resize,106.51,1.930846939223649e-05,0.002056545074967109,2.0565450749671087e-06
2021-05-06,113567,sell,rebalance_resize,108.52,1.4357921465671216e-05,0.0015581216374546403,1.5581216374546403e-06
2021-05-06,113541,sell,rebalance_resize,116.5,7.256008004976463e-06,0.0008453249325797579,8.453249325797579e-07
2021-05-06,128082,sell,rebalance_resize,115.709,3.7207908928280566e-05,0.004305289934182416,4.3052899341824155e-06
2021-05-06,128053,sell,rebalance_resize,127.0,5.7100158452520025e-05,0.007251720123470043,7.251720123470043e-06
2021-05-06,128051,buy,rebalance,109.842,5.257714256086598e-05,0.005775178493170641,5.7751784931706416e-06
2021-05-06,113572,buy,rebalance,109.27,0.0010726214849420003,0.11720534965961237,0.00011720534965961237
2021-05-06,128040,buy,rebalance,107.1,3.804789704195662e-05,0.004074929773193554,4.074929773193554e-06
2021-05-06,128090,buy,rebalance,107.881,1.0835434233592516e-05,0.0011689374805541942,1.1689374805541941e-06
2021-05-06,113565,buy,rebalance,104.43,2.041215240057817e-05,0.0021316410751923785,2.1316410751923786e-06
2021-05-06,128087,buy,rebalance,100.312,0.0011684080634381964,0.11720534965961237,0.00011720534965961237
2021-05-06,113568,buy,rebalance,102.05,2.3684915500995087e-05,0.0024170456268765485,2.4170456268765487e-06
2021-05-06,128033,buy,rebalance,114.8,2.049545804013666e-05,0.0023528785830076882,2.3528785830076884e-06
2021-05-06,128057,buy,rebalance,114.411,0.0010244237849473597,0.11720534965961237,0.00011720534965961237
2021-05-06,113536,buy,rebalance,112.48,0.0010420105766324001,0.11720534965961237,0.00011720534965961237
2021-05-06,123007,buy,rebalance,103.875,0.001128330682643681,0.11720534965961237,0.00011720534965961237
2021-05-06,113549,buy,rebalance,100.01,0.001171936302965827,0.11720534965961237,0.00011720534965961237
2021-05-06,128075,buy,rebalance,116.293,0.0010078452672096546,0.11720534965961237,0.00011720534965961237
2021-05-06,128021,buy,rebalance,105.0,4.664597667107643e-05,0.004897827550463025,4.897827550463026e-06
2021-05-11,128021,sell,rebalance,106.0,0.0011173373775258517,0.11843776201774027,0.00011843776201774027
2021-05-11,128053,sell,rebalance,150.8,0.000923822387078803,0.1393124159714835,0.0001393124159714835
2021-05-11,128082,sell,rebalance,129.0,0.0010139698999992047,0.13080211709989742,0.00013080211709989742
2021-05-11,128033,sell,rebalance,155.0,0.0010219776332864334,0.15840653315939718,0.00015840653315939718
2021-05-11,113536,sell,rebalance,119.79,0.0010420105766324001,0.12482244697479522,0.00012482244697479522
2021-05-11,113549,sell,rebalance,102.04,0.001171936302965827,0.11958438035463301,0.00011958438035463302
2021-05-11,128091,sell,rebalance_resize,126.1,1.6048705836700197e-05,0.002023741806007895,2.023741806007895e-06
2021-05-11,113572,sell,rebalance_resize,115.5,4.609389466031871e-06,0.0005323844833266811,5.323844833266811e-07
2021-05-11,128051,buy,rebalance,114.2,1.2082443001616419e-05,0.001379814990784595,1.379814990784595e-06
2021-05-11,128040,buy,rebalance,107.398,5.3091945094207034e-05,0.005701968719227647,5.701968719227647e-06
2021-05-11,128087,buy,rebalance,100.19,6.274365290991349e-05,0.006286286585044233,6.286286585044233e-06
2021-05-11,128057,buy,rebalance,113.999,5.759281452634776e-05,0.006565523263189117,6.565523263189117e-06
2021-05-11,113030,buy,rebalance,111.5,4.777715359591509e-06,0.0005327152625944532,5.327152625944532e-07
2021-05-11,123007,buy,rebalance,105.0,4.6436036537651886e-05,0.004875783836453448,4.875783836453448e-06
2021-05-11,128090,buy,rebalance,107.9,5.56484210472727e-05,0.006004464631000724,6.004464631000724e-06
2021-05-11,113568,buy,rebalance,104.09,3.538692954654538e-05,0.0036834254964999086,3.6834254964999086e-06
2021-05-11,113565,buy,rebalance,106.2,3.803724704416674e-05,0.004039555636090508,4.039555636090508e-06
2021-05-11,128075,buy,rebalance,117.3,4.373402074535765e-05,0.005130000633430452,5.130000633430452e-06
2021-05-11,113570,buy,rebalance,101.09,0.0012190302473638907,0.12323176770601572,0.00012323176770601572
2021-05-11,113567,buy,rebalance,108.01,6.087158532199461e-05,0.006574739930628638,6.574739930628638e-06
2021-05-11,128025,buy,rebalance,102.032,0.0012077756753373033,0.12323176770601572,0.00012323176770601572
2021-05-11,128064,buy,rebalance,113.301,0.0010876494268013143,0.12323176770601572,0.00012323176770601572
2021-05-11,110057,buy,rebalance,110.53,0.0011149169248712179,0.12323176770601572,0.00012323176770601572
2021-05-11,113541,buy,rebalance,120.33,1.803905376726674e-05,0.0021706393398152066,2.1706393398152066e-06
2021-05-11,113572,buy,rebalance,115.5,1.2003358617168333e-19,1.3863879202829423e-17,1.3863879202829424e-20
2021-05-11,128066,buy,rebalance,98.137,0.0012557115838676108,0.12323176770601572,0.00012323176770601572
2021-05-11,113542,buy,rebalance,118.01,0.0010442485188205722,0.12323176770601572,0.00012323176770601572
2021-05-21,113567,sell,rebalance,106.4,0.0011420127865660785,0.12151016049063076,0.00012151016049063076
2021-05-21,113572,sell,rebalance,114.49,0.0010680120954759686,0.12227670481104365,0.00012227670481104364
2021-05-21,113570,sell,rebalance,102.97,0.0012190302473638907,0.12552354457105983,0.00012552354457105982
2021-05-21,128025,sell,rebalance,139.0,0.0012077756753373033,0.16788081887188516,0.00016788081887188517
2021-05-21,128064,sell,rebalance,110.57,0.0010876494268013143,0.12026139712142132,0.00012026139712142132
2021-05-21,110057,sell,rebalance,115.19,0.0011149169248712179,0.1284272805759156,0.0001284272805759156
2021-05-21,128066,sell,rebalance,99.767,0.0012557115838676108,0.12527857758771993,0.00012527857758771994
2021-05-21,113542,sell,rebalance,111.28,0.0010442485188205722,0.11620397517435328,0.00011620397517435328
2021-05-21,128051,sell,rebalance_resize,117.8,5.985615810559444e-06,0.0007051055424839026,7.051055424839025e-07
2021-05-21,113568,sell,rebalance_resize,107.9,1.2319384432812535e-05,0.0013292615803004726,1.3292615803004725e-06
2021-05-21,113030,sell,rebalance_resize,115.6,1.1706801568952866e-05,0.0013533062613709512,1.3533062613709513e-06
2021-05-21,113565,sell,rebalance_resize,111.11,2.2651754550548386e-05,0.0025168364481114314,2.5168364481114313e-06
2021-05-21,128018,buy,rebalance,110.0,0.0011491849172640465,0.12641034089904513,0.00012641034089904514
2021-05-21,128040,buy,rebalance,107.6,2.7442619593158907e-05,0.0029528258682238982,2.9528258682238985e-06
2021-05-21,128087,buy,rebalance,100.871,2.3273381005942425e-05,0.0023476092154504184,2.3476092154504185e-06
2021-05-21,128106,buy,rebalance,112.295,0.0011256987479321887,0.12641034089904513,0.00012641034089904514
2021-05-21,128057,buy,rebalance,114.15,2.6476046175939434e-05,0.0030222406709834865,3.0222406709834866e-06
2021-05-21,113568,buy,rebalance,107.9,2.5697580316872023e-19,2.7727689161904914e-17,2.772768916190491e-20
2021-05-21,113030,buy,rebalance,115.6,2.398589027846446e-19,2.7727689161904914e-17,2.772768916190491e-20
2021-05-21,123007,buy,rebalance,106.88,9.145069972904185e-06,0.0009774250787039991,9.774250787039992e-07
2021-05-21,128090,buy,rebalance,108.614,2.1815664815642608e-05,0.002369486618286206,2.3694866182862064e-06
2021-05-21,128094,buy,rebalance,122.99,0.0010278099105540705,0.12641034089904513,0.00012641034089904514
2021-05-21,113541,buy,rebalance,121.42,1.7005381698234933e-05,0.0020647934457996855,2.0647934457996855e-06
2021-05-21,128074,buy,rebalance,112.0,0.0011286637580271886,0.12641034089904513,0.00012641034089904514
2021-05-21,113549,buy,rebalance,103.11,0.001225975568800748,0.12641034089904513,0.00012641034089904514
2021-05-21,128091,buy,rebalance,126.0,2.6004810496821804e-05,0.0032766061225995473,3.2766061225995474e-06
2021-05-21,128093,buy,rebalance,122.3,0.0010336086745629202,0.12641034089904513,0.00012641034089904514
2021-05-21,123002,buy,rebalance,111.0,0.0011388318999913975,0.12641034089904513,0.00012641034089904514
2021-05-21,128075,buy,rebalance,117.562,2.474256439396884e-05,0.0029087853552837648,2.908785355283765e-06
2021-05-21,128034,buy,rebalance,105.201,0.0012016077879397071,0.12641034089904513,0.00012641034089904514
2021-06-01,113541,sell,rebalance,138.88,0.001042129784469862,0.14473098446717444,0.00014473098446717445
2021-06-01,128057,sell,rebalance,119.041,0.001108492645649647,0.13195607303077964,0.00013195607303077963
2021-06-01,128018,sell,rebalance,117.51,0.0011491849172640465,0.13504071962769812,0.00013504071962769812
2021-06-01,128074,sell,rebalance,116.01,0.0011286637580271886,0.13093628256873416,0.00013093628256873415
2021-06-01,113549,sell,rebalance,103.7,0.001225975568800748,0.1271336664846376,0.00012713366648463758
2021-06-01,128093,sell,rebalance,120.99,0.0010336086745629202,0.1250563135353677,0.0001250563135353677
2021-06-01,123002,sell,rebalance,111.388,0.0011388318999913975,0.12685220767624178,0.0001268522076762418
2021-06-01,128034,sell,rebalance,107.101,0.0012016077879397071,0.12869339569613056,0.00012869339569613055
2021-06-01,123007,sell,rebalance_resize,111.26,2.511932789384971e-05,0.002794776421469719,2.794776421469719e-06
2021-06-01,128051,sell,rebalance_resize,121.9,1.6524458364581167e-05,0.0020143314746424446,2.014331474642445e-06
2021-06-01,113568,sell,rebalance_resize,110.04,1.0892964641089064e-06,0.00011986618291054407,1.1986618291054408e-07
2021-06-01,113577,buy,rebalance,120.15,0.001071975435946655,0.1287978486289906,0.00012879784862899061
2021-06-01,123024,buy,rebalance,107.99,0.00119268310611159,0.1287978486289906,0.00012879784862899061
2021-06-01,128106,buy,rebalance,112.666,1.8614019523439406e-05,0.002097167123627824,2.097167123627824e-06
2021-06-01,113561,buy,rebalance,114.2,0.0011278270457880087,0.1287978486289906,0.00012879784862899061
2021-06-01,128087,buy,rebalance,102.55,2.785650909500523e-06,0.0002856685007692786,2.8566850076927866e-07
2021-06-01,128040,buy,rebalance,108.3,1.4478196976970343e-05,0.001567988732605888,1.567988732605888e-06
2021-06-01,113030,buy,rebalance,112.57,5.064164287049881e-05,0.00570072973793205,5.700729737932051e-06
2021-06-01,128091,buy,rebalance,123.365,4.080722212040163e-05,0.005034182956883347,5.0341829568833465e-06
2021-06-01,128090,buy,rebalance,110.401,2.8078947562933075e-06,0.0003099943889895374,3.099943889895374e-07
2021-06-01,113536,buy,rebalance,117.05,0.0011003660711575447,0.1287978486289906,0.00012879784862899061
2021-06-01,113565,buy,rebalance,110.1,3.212042084708609e-05,0.0035364583352641785,3.5364583352641787e-06
2021-06-01,128082,buy,rebalance,118.7,0.0010850703338583876,0.1287978486289906,0.00012879784862899061
2021-06-01,128064,buy,rebalance,112.633,0.0011435178733496454,0.1287978486289906,0.00012879784862899061
2021-06-01,128075,buy,rebalance,117.9,1.719140369668572e-05,0.002026866495839247,2.0268664958392467e-06
2021-06-01,127014,buy,rebalance,106.852,0.0012053854736363437,0.1287978486289906,0.00012879784862899061
2021-06-01,123012,buy,rebalance,117.89,0.0010925256478835407,0.1287978486289906,0.00012879784862899061
2021-06-01,128094,buy,rebalance,123.22,1.8489069763875173e-05,0.002278223176304699,2.2782231763046988e-06
2021-06-11,128051,sell,rebalance,123.7,0.0010576476557820403,0.1308310150202384,0.0001308310150202384
2021-06-11,123007,sell,rebalance,112.352,0.0011587924612603874,0.13019265060752705,0.00013019265060752706
2021-06-11,128094,sell,rebalance,122.698,0.0010462989803179457,0.1283787922870513,0.0001283787922870513
2021-06-11,113561,sell,rebalance,109.4,0.0011278270457880087,0.12338427880920816,0.00012338427880920815
2021-06-11,128064,sell,rebalance,120.6,0.0011435178733496454,0.13790825552596722,0.00013790825552596723
2021-06-11,127014,sell,rebalance,106.706,0.0012053854736363437,0.1286218623498397,0.0001286218623498397
2021-06-11,113577,sell,rebalance_resize,122.78,1.6957039109412205e-05,0.0020819852618536305,2.0819852618536304e-06
2021-06-11,113568,sell,rebalance_resize,113.95,3.486794466727291e-05,0.003973202294835748,3.973202294835748e-06
2021-06-11,128040,sell,rebalance_resize,112.0,3.3885518414111605e-05,0.0037951780623805,3.7951780623805e-06
2021-06-11,128075,sell,rebalance_resize,118.71,2.3233077373800762e-06,0.00027579986150438884,2.7579986150438884e-07
2021-06-11,123012,sell,rebalance_resize,119.4,7.641571135829794e-06,0.0009124035936180774,9.124035936180775e-07
2021-06-11,123024,buy,rebalance,107.8,8.93268557867438e-06,0.0009629435053810981,9.629435053810982e-07
2021-06-11,128091,buy,rebalance,120.99,2.5554328416028428e-05,0.0030918181950552793,3.0918181950552793e-06
2021-06-11,113577,buy,rebalance,122.78,2.2583042940369843e-19,2.7727460122186093e-17,2.7727460122186094e-20
2021-06-11,128090,buy,rebalance,109.29,1.741900398381157e-05,0.0019037229453907664,1.9037229453907664e-06
2021-06-11,113030,buy,rebalance,112.68,4.3234357242753064e-06,0.0004871647374113415,4.871647374113415e-07
2021-06-11,128087,buy,rebalance,102.482,6.762008723012351e-06,0.0006929841779517518,6.929841779517518e-07
2021-06-11,128106,buy,rebalance,112.2,1.0179217145293819e-05,0.0011421081637019664,1.1421081637019664e-06
2021-06-11,113536,buy,rebalance,117.7,1.873392525590445e-07,2.2049830026199538e-05,2.2049830026199537e-08
2021-06-11,123048,buy,rebalance,115.3,0.0011223238843874595,0.12940394386987408,0.00012940394386987407
2021-06-11,113565,buy,rebalance,110.2,4.481532193695951e-06,0.0004938648477452938,4.938648477452938e-07
2021-06-11,113505,buy,rebalance,105.2,0.0012300755120710463,0.12940394386987408,0.00012940394386987407
2021-06-11,128082,buy,rebalance,116.099,3.0628793843904056e-05,0.003555972336483417,3.5559723364834173e-06
2021-06-11,123002,buy,rebalance,109.199,0.001185028652916914,0.12940394386987408,0.00012940394386987407
2021-06-11,110070,buy,rebalance,114.71,0.0011280964507878483,0.12940394386987408,0.00012940394386987407
2021-06-11,113578,buy,rebalance,100.22,0.001291198801335802,0.12940394386987408,0.00012940394386987407
2021-06-11,123012,buy,rebalance,119.4,2.3222328410541113e-19,2.7727460122186093e-17,2.7727460122186094e-20
2021-06-11,128050,buy,rebalance,125.101,0.0010343957591855708,0.12940394386987408,0.00012940394386987407
2021-06-22,113568,sell,rebalance,111.24,0.001136771906657979,0.12645450689663357,0.00012645450689663357
2021-06-22,128106,sell,rebalance,109.705,0.001154491984600922,0.12665354317064415,0.00012665354317064416
2021-06-22,113577,sell,rebalance,127.02,0.001055018396837243,0.1340084367662666,0.0001340084367662666
2021-06-22,123002,sell,rebalance,108.567,0.001185028652916914,0.1286550057612306,0.0001286550057612306
2021-06-22,113578,sell,rebalance,99.44,0.001291198801335802,0.12839680880483215,0.00012839680880483216
2021-06-22,128050,sell,rebalance,128.3,0.0010343957591855708,0.13271297590350875,0.00013271297590350875
2021-06-22,123024,sell,rebalance_resize,108.111,8.789265032091901e-06,0.0009502162318844876,9.502162318844876e-07
2021-06-22,128091,sell,rebalance_resize,121.47,8.95894926977481e-06,0.0010882435677995461,1.0882435677995461e-06
2021-06-22,128087,sell,rebalance_resize,102.477,5.5667866367142385e-06,0.000570467594170565,5.704675941705651e-07
2021-06-22,113505,sell,rebalance_resize,105.81,1.1309151391132376e-05,0.0011966213086957167,1.1966213086957168e-06
2021-06-22,123048,sell,rebalance_resize,117.238,2.235912361414641e-05,0.002621338934275297,2.621338934275297e-06
2021-06-22,123012,sell,rebalance_resize,123.0,3.644774647501434e-05,0.004483072816426764,4.483072816426764e-06
2021-06-22,128040,buy,rebalance,107.201,4.634120429577968e-05,0.004967823441711877,4.967823441711877e-06
2021-06-22,128076,buy,rebalance,106.1,0.0012142041142209758,0.12882705651884552,0.00012882705651884552
2021-06-22,128082,buy,rebalance,113.58,1.9671565803000005e-05,0.0022342964439047404,2.2342964439047403e-06
2021-06-22,128018,buy,rebalance,111.18,0.0011587250991081624,0.12882705651884552,0.00012882705651884552
2021-06-22,113030,buy,rebalance,111.58,6.155631707558699e-06,0.0006868453859293996,6.868453859293996e-07
2021-06-22,113565,buy,rebalance,107.17,2.7821247446291342e-05,0.002981603088819043,2.981603088819043e-06
2021-06-22,128075,buy,rebalance,117.85,3.059547320116741e-06,0.0003605676516757579,3.605676516757579e-07
2021-06-22,113528,buy,rebalance,110.72,0.0011635391665358158,0.12882705651884552,0.00012882705651884552
2021-06-22,128094,buy,rebalance,120.89,0.0010656551949610846,0.12882705651884552,0.00012882705651884552
2021-06-22,128090,buy,rebalance,108.601,2.2174383480454682e-06,0.00024081602203608588,2.408160220360859e-07
2021-06-22,128051,buy,rebalance,120.1,0.0010726649168929685,0.12882705651884552,0.00012882705651884552
2021-06-22,123007,buy,rebalance,115.8,0.00111249617028364,0.12882705651884552,0.00012882705651884552
2021-06-22,123048,buy,rebalance,117.238,2.365057741988471e-19,2.7727463955524434e-17,2.7727463955524435e-20
2021-06-22,113536,buy,rebalance,115.85,1.2577287520560774e-05,0.0014570787592569656,1.4570787592569656e-06
2021-06-22,110070,buy,rebalance,113.0,1.3108565415393556e-05,0.0014812678919394718,1.4812678919394718e-06
2021-07-01,113505,sell,rebalance,104.65,0.001218766360679914,0.127543899645153,0.000127543899645153
2021-07-01,110070,sell,rebalance,116.25,0.0011412050162032418,0.13266508313362685,0.00013266508313362685
2021-07-01,128076,sell,rebalance,106.15,0.0012142041142209758,0.1288877667245566,0.0001288877667245566
2021-07-01,113528,sell,rebalance,116.11,0.0011635391665358158,0.1350985326264736,0.00013509853262647358
2021-07-01,128051,sell,rebalance,125.0,0.0010726649168929685,0.13408311461162106,0.00013408311461162107
2021-07-01,123007,sell,rebalance,164.0,0.00111249617028364,0.18244937192651695,0.00018244937192651696
2021-07-01,128018,sell,rebalance_resize,115.04,4.328354682563485e-07,4.9793392268210335e-05,4.9793392268210336e-08
2021-07-01,123012,sell,rebalance_resize,135.0,6.139972279762386e-05,0.00828896257767922,8.28896257767922e-06
2021-07-01,113577,buy,rebalance,122.51,0.0010865685783713296,0.1331155165362716,0.0001331155165362716
2021-07-01,128091,buy,rebalance,124.0,1.2941115530946386e-05,0.0016046983258373518,1.6046983258373518e-06
2021-07-01,113030,buy,rebalance,110.5,5.0095693120248405e-05,0.005535574089787449,5.535574089787449e-06
2021-07-01,128037,buy,rebalance,107.781,0.0012350554971309563,0.1331155165362716,0.0001331155165362716
2021-07-01,113536,buy,rebalance,114.23,5.332112032045142e-05,0.0060908715742051655,6.090871574205166e-06
2021-07-01,128094,buy,rebalance,117.98,6.370869460339666e-05,0.007516351789308737,7.516351789308738e-06
2021-07-01,128087,buy,rebalance,102.914,3.6327172314417515e-05,0.0037385746115659643,3.7385746115659645e-06
2021-07-01,128082,buy,rebalance,113.81,3.5404045296860855e-05,0.004029334395235734,4.0293343952357336e-06
2021-07-01,123024,buy,rebalance,109.6,2.2934455613116673e-05,0.0025136163351975873,2.5136163351975874e-06
2021-07-01,128075,buy,rebalance,118.489,3.029638537762047e-05,0.003589788407008872,3.589788407008872e-06
2021-07-01,128040,buy,rebalance,108.111,2.9593986391944605e-05,0.003199435462819523,3.1994354628195233e-06
2021-07-01,113565,buy,rebalance,108.97,1.952150824787204e-05,0.002127258753770616,2.1272587537706163e-06
2021-07-01,128090,buy,rebalance,110.08,2.3017184474724992e-05,0.002533731666977727,2.533731666977727e-06
2021-07-01,123048,buy,rebalance,115.5,5.3660202561805e-05,0.006197753395888478,6.197753395888478e-06
2021-07-01,113568,buy,rebalance,114.2,0.001165634995939331,0.1331155165362716,0.0001331155165362716
2021-07-01,127014,buy,rebalance,112.298,0.00118537744693825,0.1331155165362716,0.0001331155165362716
2021-07-01,113572,buy,rebalance,115.05,0.0011570231771948858,0.1331155165362716,0.0001331155165362716
2021-07-01,123038,buy,rebalance,117.97,0.001128384475173956,0.1331155165362716,0.0001331155165362716
2021-07-13,113565,sell,rebalance,108.06,0.0012227933726398324,0.1321350518474603,0.0001321350518474603
2021-07-13,113030,sell,rebalance,112.7,0.0012058312394647268,0.1358971806876747,0.0001358971806876747
2021-07-13,113536,sell,rebalance,116.79,0.0011664518182511157,0.1362299078535478,0.0001362299078535478
2021-07-13,128018,sell,rebalance,125.66,0.0011582922636399061,0.1455510058489906,0.00014555100584899062
2021-07-13,113568,sell,rebalance,133.3,0.001165634995939331,0.15537914495871283,0.00015537914495871284
2021-07-13,128094,sell,rebalance_resize,124.6,2.6674512365039805e-05,0.0033236442406839595,3.3236442406839594e-06
2021-07-13,113572,sell,rebalance_resize,121.71,2.8150476520738934e-05,0.0034261944973391356,3.4261944973391356e-06
2021-07-13,128082,sell,rebalance_resize,122.499,4.917295920354e-05,0.0060236383294744456,6.023638329474446e-06
2021-07-13,128075,sell,rebalance_resize,124.88,2.432890151330726e-05,0.0030381932209818108,3.0381932209818107e-06
2021-07-13,123024,buy,rebalance,112.85,1.7392021972302435e-06,0.00019626896795743297,1.9626896795743298e-07
2021-07-13,113577,buy,rebalance,123.5,2.5915838332875136e-05,0.0032006060341100793,3.2006060341100795e-06
2021-07-13,128091,buy,rebalance,121.98,5.173785341682391e-05,0.006310983359784181,6.310983359784181e-06
2021-07-13,128037,buy,rebalance,108.259,3.4042960807941065e-05,0.0036854568941068915,3.6854568941068916e-06
2021-07-13,128087,buy,rebalance,103.352,3.462129258974951e-05,0.0035781798317357917,3.578179831735792e-06
2021-07-13,128040,buy,rebalance,110.0,1.6530329113702222e-05,0.0018183362025072443,1.8183362025072443e-06
2021-07-13,123045,buy,rebalance,118.311,0.0011601188861473251,0.1372548255389762,0.0001372548255389762
2021-07-13,123012,buy,rebalance,137.55,1.182514540426815e-05,0.0016265487503570842,1.6265487503570841e-06
2021-07-13,128090,buy,rebalance,112.25,1.3536419220266198e-05,0.0015194630574748807,1.5194630574748807e-06
2021-07-13,128053,buy,rebalance,127.888,0.0010732424116334308,0.1372548255389762,0.0001372548255389762
2021-07-13,128013,buy,rebalance,107.7,0.0012744180644287482,0.1372548255389762,0.0001372548255389762
2021-07-13,110060,buy,rebalance,111.0,0.0012365299598105963,0.1372548255389762,0.0001372548255389762
2021-07-13,123048,buy,rebalance,117.01,2.0570716765430945e-05,0.0024069795687230748,2.4069795687230747e-06
2021-07-13,123038,buy,rebalance,120.558,1.126373255004459e-05,0.0013579330687682758,1.3579330687682759e-06
2021-07-13,128106,buy,rebalance,110.154,0.0012460267038779907,0.1372548255389762,0.0001372548255389762
2021-07-13,127014,buy,rebalance,109.5,6.930146756936095e-05,0.007588510698845024,7.5885106988450245e-06
2021-07-21,128082,sell,rebalance,138.02,0.0011216017795986123,0.15480347762020047,0.00015480347762020049
2021-07-21,123048,sell,rebalance,127.0,0.0011741956801005493,0.14912285137276976,0.00014912285137276977
2021-07-21,128094,sell,rebalance,135.96,0.0011026893771994414,0.14992164772403607,0.00014992164772403607
2021-07-21,127014,sell,rebalance,110.01,0.0012546789145076109,0.13802722738498227,0.00013802722738498227
2021-07-21,123038,sell,rebalance,118.7,0.0011396482077240006,0.13527624225683887,0.00013527624225683887
2021-07-21,128053,sell,rebalance,132.6,0.0010732424116334308,0.1423119437825929,0.0001423119437825929
2021-07-21,128091,sell,rebalance_resize,124.99,1.4410463060129926e-05,0.0018011637778856393,1.8011637778856394e-06
2021-07-21,110060,sell,rebalance_resize,113.99,1.7320297158273442e-05,0.0019743406730715896,1.9743406730715895e-06
2021-07-21,128106,sell,rebalance_resize,111.76,2.4895756949353573e-06,0.00027823497966597555,2.7823497966597556e-07
2021-07-21,123024,buy,rebalance,109.612,5.035519883980338e-05,0.005519534055228528,5.519534055228528e-06
2021-07-21,128037,buy,rebalance,107.2,2.730796403015732e-05,0.0029274137440328646,2.927413744032865e-06
2021-07-21,123012,buy,rebalance,134.35,3.554771067529461e-05,0.0047758349292258305,4.775834929225831e-06
2021-07-21,113577,buy,rebalance,119.35,5.191846721733316e-05,0.006196469062388713,6.196469062388713e-06
2021-07-21,128087,buy,rebalance,103.28,1.6269319064580007e-05,0.001680295272989823,1.680295272989823e-06
2021-07-21,128040,buy,rebalance,109.55,1.9574443136072087e-05,0.002144380245556697,2.144380245556697e-06
2021-07-21,128075,buy,rebalance,121.39,4.4624171817950104e-05,0.005416928216980963,5.416928216980964e-06
2021-07-21,128090,buy,rebalance,111.001,2.801607699758364e-05,0.0031098125628087818,3.1098125628087817e-06
2021-07-21,113572,buy,rebalance,121.8,1.2147192968663322e-05,0.0014795281035831925,1.4795281035831925e-06
2021-07-21,123051,buy,rebalance,114.198,0.0012157675822667495,0.13883822635969825,0.00013883822635969825
2021-07-21,113536,buy,rebalance,115.46,0.001202479008831615,0.13883822635969825,0.00013883822635969825
2021-07-21,128013,buy,rebalance,106.9,2.562830652436976e-05,0.0027396659674551274,2.7396659674551274e-06
2021-07-21,110070,buy,rebalance,119.8,0.00115891674757678,0.13883822635969825,0.00013883822635969825
2021-07-21,128071,buy,rebalance,106.479,0.0013039024254519506,0.13883822635969825,0.00013883822635969825
2021-07-21,113541,buy,rebalance,121.65,0.001141292448497314,0.13883822635969825,0.00013883822635969825
2021-07-21,123045,buy,rebalance,116.56,3.217642563846977e-05,0.0037504841724200363,3.7504841724200365e-06
2021-07-21,128018,buy,rebalance,125.8,0.0011036424988847238,0.13883822635969825,0.00013883822635969825
2021-08-02,113572,sell,rebalance,129.61,0.0011410198936428102,0.14788758841504465,0.00014788758841504466
2021-08-02,123045,sell,rebalance,114.7,0.001192295311785795,0.13675627226183068,0.00013675627226183068
2021-08-02,128013,sell,rebalance,104.269,0.0013000463709531178,0.13555453505291065,0.00013555453505291067
2021-08-02,110060,sell,rebalance,108.03,0.001219209662652323,0.13171121985633044,0.00013171121985633045
2021-08-02,128106,sell,rebalance,110.421,0.0012435371281830554,0.13731261323110117,0.00013731261323110118
2021-08-02,123051,sell,rebalance,127.6,0.0012157675822667495,0.15513194349723725,0.00015513194349723724
2021-08-02,110070,sell,rebalance,124.0,0.00115891674757678,0.14370567669952072,0.00014370567669952074
2021-08-02,128071,sell,rebalance,106.532,0.0013039024254519506,0.1389073331882472,0.0001389073331882472
2021-08-02,128018,sell,rebalance,128.527,0.0011036424988847238,0.1418478594541569,0.0001418478594541569
2021-08-02,123024,sell,rebalance_resize,115.0,4.298272478233305e-05,0.0049430133499683004,4.943013349968301e-06
2021-08-02,113577,sell,rebalance_resize,126.0,4.646355272718204e-05,0.005854407643624937,5.854407643624937e-06
2021-08-02,123012,sell,rebalance_resize,149.3,9.093755645156237e-05,0.013576977178218264,1.3576977178218264e-05
2021-08-02,128091,sell,rebalance_resize,127.0,2.773969120991995e-06,0.00035229407836598337,3.5229407836598336e-07
2021-08-02,123052,buy,rebalance,127.35,0.0011049623090076768,0.14071695005212764,0.00014071695005212764
2021-08-02,128040,buy,rebalance,108.011,3.548967677168468e-05,0.003833275477786434,3.833275477786434e-06
2021-08-02,113030,buy,rebalance,110.6,0.0012723051541783693,0.14071695005212764,0.00014071695005212764
2021-08-02,128039,buy,rebalance,108.68,0.001294782389143611,0.14071695005212764,0.00014071695005212764
2021-08-02,128037,buy,rebalance,106.101,3.1168111497103336e-05,0.003306967797954161,3.3069677979541613e-06
2021-08-02,128087,buy,rebalance,100.122,6.120103023734943e-05,0.0061275695494239,6.1275695494239e-06
2021-08-02,113541,buy,rebalance,120.28,2.9780923945943455e-05,0.003582049532218079,3.582049532218079e-06
2021-08-02,113502,buy,rebalance,120.1,0.0011716648630485233,0.14071695005212764,0.00014071695005212764
2021-08-02,128090,buy,rebalance,109.2,3.7879383769237554e-05,0.004136428707600741,4.136428707600741e-06
2021-08-02,128026,buy,rebalance,113.49,0.0012399061595922782,0.14071695005212764,0.00014071695005212764
2021-08-02,128075,buy,rebalance,119.859,3.034510171123084e-05,0.003637133546006417,3.637133546006417e-06
2021-08-02,123038,buy,rebalance,136.83,0.001028407147936327,0.14071695005212764,0.00014071695005212764
2021-08-02,113536,buy,rebalance,114.63,2.6320441306019944e-05,0.003017112186909066,3.017112186909066e-06
2021-08-02,128100,buy,rebalance,86.042,0.0016354448996086521,0.14071695005212764,0.00014071695005212764
2021-08-02,123011,buy,rebalance,111.4,0.0012631683128557238,0.14071695005212764,0.00014071695005212764
2021-08-02,123014,buy,rebalance,140.0,0.0010051210718009117,0.14071695005212764,0.00014071695005212764
2021-08-11,128090,sell,rebalance,120.3,0.0012898913943734573,0.1551739347431269,0.0001551739347431269
2021-08-11,128075,sell,rebalance,127.41,0.0011751862530218972,0.1497304804975199,0.0001497304804975199
2021-08-11,113536,sell,rebalance,118.4,0.0012287994501376349,0.14548985489629598,0.00014548985489629598
2021-08-11,113030,sell,rebalance,113.39,0.0012723051541783693,0.1442666814322853,0.0001442666814322853
2021-08-11,128039,sell,rebalance,113.7,0.001294782389143611,0.14721675764562858,0.0001472167576456286
2021-08-11,128100,sell,rebalance,93.18,0.0016354448996086521,0.1523907557455342,0.0001523907557455342
2021-08-11,123014,sell,rebalance,140.66,0.0010051210718009117,0.14138032995951624,0.00014138032995951626
2021-08-11,123024,sell,rebalance_resize,120.87,1.7416843844424818e-05,0.0021051739154756277,2.1051739154756278e-06
2021-08-11,123052,sell,rebalance_resize,139.711,6.034030844536795e-05,0.008430204833210803,8.430204833210803e-06
2021-08-11,123012,sell,rebalance_resize,161.0,3.6980079025055944e-05,0.005953792723034007,5.953792723034007e-06
2021-08-11,128026,sell,rebalance_resize,118.8,1.1411342079140533e-05,0.0013556674390018952,1.3556674390018952e-06
2021-08-11,128091,buy,rebalance,124.11,6.672960406176783e-05,0.008281811160106005,8.281811160106004e-06
2021-08-11,128040,buy,rebalance,110.499,1.6672339059973337e-05,0.0018422767937879938,1.8422767937879938e-06
2021-08-11,128037,buy,rebalance,107.844,2.569839654771165e-05,0.002771417877291415,2.7714178772914147e-06
2021-08-11,128087,buy,rebalance,102.78,1.3138350701027103e-05,0.0013503596850515656,1.3503596850515657e-06
2021-08-11,113565,buy,rebalance,110.84,0.0013153817471105423,0.1457969128497325,0.0001457969128497325
2021-08-11,113577,buy,rebalance,128.14,2.099034701808287e-05,0.0026897030668971388,2.689703066897139e-06
2021-08-11,123011,buy,rebalance,114.69,9.341015040376958e-06,0.0010713210149808333,1.0713210149808332e-06
2021-08-11,128076,buy,rebalance,109.711,0.001328917910234457,0.1457969128497325,0.0001457969128497325
2021-08-11,128106,buy,rebalance,111.949,0.0013023511853588019,0.1457969128497325,0.0001457969128497325
2021-08-11,113502,buy,rebalance,122.99,1.4962609390823336e-05,0.001840251328977362,1.8402513289773621e-06
2021-08-11,113591,buy,rebalance,104.5,0.001395185768896962,0.1457969128497325,0.0001457969128497325
2021-08-11,123038,buy,rebalance,132.0,7.71597185031529e-05,0.010185082842416184,1.0185082842416183e-05
2021-08-11,123057,buy,rebalance,121.3,0.0012019531150019168,0.1457969128497325,0.0001457969128497325
2021-08-11,110070,buy,rebalance,123.4,0.0011814984833851904,0.1457969128497325,0.0001457969128497325
2021-08-11,113012,buy,rebalance,133.0,0.0010962173898476128,0.1457969128497325,0.0001457969128497325
2021-08-11,113541,buy,rebalance,123.96,6.277329200695156e-06,0.0007781377277181715,7.781377277181715e-07
2021-08-12,113012,sell,risk_exit_next_open,141.94,0.0010962173898476128,0.15559709631497015,0.00015559709631497015
2021-08-23,123012,sell,rebalance,172.3,0.0009064918280780171,0.15618854197784235,0.00015618854197784236
2021-08-23,123038,sell,rebalance,127.245,0.00110556686643948,0.14067785592009163,0.00014067785592009163
2021-08-23,123011,sell,rebalance,113.377,0.0012725093278961007,0.1442732900688762,0.00014427329006887622
2021-08-23,113565,sell,rebalance,108.86,0.0013153817471105423,0.14319245699045363,0.00014319245699045364
2021-08-23,128106,sell,rebalance,113.325,0.0013023511853588019,0.14758894808078624,0.00014758894808078625
2021-08-23,123057,sell,rebalance,132.5,0.0012019531150019168,0.15925878773775398,0.00015925878773775397
2021-08-23,110070,sell,rebalance,127.99,0.0011814984833851904,0.15121999088847052,0.00015121999088847052
2021-08-23,128026,sell,rebalance_resize,121.501,2.4224517220568184e-05,0.002943303066816255,2.9433030668162553e-06
2021-08-23,113591,sell,rebalance_resize,105.0,1.6615236031763165e-06,0.00017445997833351323,1.7445997833351323e-07
2021-08-23,123024,buy,rebalance,114.08,7.507800877546561e-05,0.008564899241105118,8.564899241105119e-06
2021-08-23,128091,buy,rebalance,120.04,4.301801224123826e-05,0.005163882189438241,5.163882189438241e-06
2021-08-23,128076,buy,rebalance,109.601,6.10070614007199e-06,0.0006686434936580302,6.686434936580302e-07
2021-08-23,113577,buy,rebalance,123.49,4.5897944079852534e-05,0.005667937114420989,5.667937114420989e-06
2021-08-23,123045,buy,rebalance,117.365,0.001245460674630678,0.14617349207802952,0.0001461734920780295
2021-08-23,128037,buy,rebalance,107.199,1.1653918353682091e-05,0.0012492883935963665,1.2492883935963667e-06
2021-08-23,123052,buy,rebalance,138.769,9.782691340875595e-06,0.0013575342946819655,1.3575342946819655e-06
2021-08-23,128087,buy,rebalance,102.7,4.764762912047889e-06,0.0004893411510673183,4.893411510673183e-07
2021-08-23,113536,buy,rebalance,116.38,0.0012560018222893068,0.14617349207802952,0.0001461734920780295
2021-08-23,128100,buy,rebalance,101.126,0.001445459051856392,0.14617349207802952,0.0001461734920780295
2021-08-23,113502,buy,rebalance,119.5,3.777018847253148e-05,0.004513537522467512,4.513537522467512e-06
2021-08-23,113567,buy,rebalance,111.3,0.0013133287697936165,0.14617349207802952,0.0001461734920780295
2021-08-23,128014,buy,rebalance,113.5,0.0012878721768989384,0.14617349207802952,0.0001461734920780295
2021-08-23,128094,buy,rebalance,132.28,0.0011050309349714962,0.14617349207802952,0.0001461734920780295
2021-08-23,113541,buy,rebalance,123.53,7.132115761512759e-06,0.0008810302600196711,8.810302600196712e-07
2021-08-23,128033,buy,rebalance,124.137,0.0011775175175655083,0.14617349207802952,0.0001461734920780295
2021-08-23,113561,buy,rebalance,111.94,0.0013058200114170941,0.14617349207802952,0.0001461734920780295
2021-08-23,128040,buy,rebalance,110.2,6.995200610585284e-06,0.0007708711072864984,7.708711072864984e-07
2021-08-31,113541,sell,rebalance,124.39,0.0011844828174054655,0.14733781765706586,0.00014733781765706585
2021-08-31,123052,sell,rebalance,144.16,0.0010544046919031846,0.1520029803847631,0.0001520029803847631
2021-08-31,113591,sell,rebalance,114.89,0.0013935242452937857,0.16010200054180304,0.00016010200054180303
2021-08-31,113567,sell,rebalance,114.91,0.0013133287697936165,0.15091460893698447,0.00015091460893698448
2021-08-31,128094,sell,rebalance,145.249,0.0011050309349714962,0.16050463827367484,0.00016050463827367483
2021-08-31,128033,sell,rebalance,126.31,0.0011775175175655083,0.14873223764369936,0.00014873223764369937
2021-08-31,113561,sell,rebalance,112.73,0.0013058200114170941,0.14720508988704903,0.00014720508988704903
2021-08-31,123024,sell,rebalance_resize,120.91,2.647603480364293e-05,0.0032012173681084666,3.2012173681084666e-06
2021-08-31,113502,sell,rebalance_resize,127.5,3.326081992300671e-05,0.004240754540183356,4.2407545401833555e-06
2021-08-31,123045,sell,rebalance_resize,122.19,2.560705516338931e-06,0.00031289260704145394,3.128926070414539e-07
2021-08-31,128076,sell,rebalance_resize,115.509,2.0229749480338108e-05,0.0023367181327243747,2.3367181327243747e-06
2021-08-31,128040,sell,rebalance_resize,115.499,1.2858394498859511e-05,0.0014851317062237746,1.4851317062237747e-06
2021-08-31,113536,sell,rebalance_resize,126.51,5.554377765978271e-05,0.007026843311739112,7.026843311739112e-06
2021-08-31,123062,buy,rebalance,124.5,0.0012185994058074286,0.15171562602302485,0.00015171562602302486
2021-08-31,128091,buy,rebalance,123.8,7.843991464988225e-06,0.0009710861433655422,9.710861433655423e-07
2021-08-31,128037,buy,rebalance,108.955,2.8921455711896428e-05,0.0031511372070896753,3.1511372070896756e-06
2021-08-31,113577,buy,rebalance,127.52,6.116181784727605e-06,0.0007799355011884641,7.799355011884642e-07
2021-08-31,113585,buy,rebalance,141.1,0.001075234769830084,0.15171562602302485,0.00015171562602302486
2021-08-31,128100,buy,rebalance,101.85,4.560842218305006e-05,0.004645217799343649,4.645217799343649e-06
2021-08-31,128087,buy,rebalance,105.008,2.1520469519650966e-05,0.0022598214633195086,2.2598214633195084e-06
2021-08-31,128063,buy,rebalance,126.2,0.0012021840413868846,0.15171562602302485,0.00015171562602302486
2021-08-31,128014,buy,rebalance,117.8,1.3450222634915593e-06,0.00015844362263930567,1.5844362263930568e-07
2021-08-31,128026,buy,rebalance,118.413,7.819470723807872e-05,0.009259269868182615,9.259269868182614e-06
2021-08-31,128053,buy,rebalance,129.221,0.001174078718033639,0.15171562602302485,0.00015171562602302486
2021-08-31,113546,buy,rebalance,116.61,0.0013010515909701128,0.15171562602302485,0.00015171562602302486
2021-08-31,123014,buy,rebalance,138.05,0.001098990409438789,0.15171562602302485,0.00015171562602302486
2021-08-31,128071,buy,rebalance,108.62,0.001396755901519286,0.15171562602302485,0.00015171562602302486
2021-09-13,128076,sell,rebalance,118.0,0.0013147888668941909,0.15514508629351453,0.00015514508629351455
2021-09-13,113536,sell,rebalance,127.14,0.0012004580446295242,0.1526262357941977,0.0001526262357941977
2021-09-13,128100,sell,rebalance,115.4,0.0014910674740394422,0.17206918650415165,0.00017206918650415165
2021-09-13,128014,sell,rebalance,120.803,0.00128921719916243,0.15574130531041905,0.00015574130531041905
2021-09-13,113585,sell,rebalance,149.53,0.001075234769830084,0.16077985513269247,0.00016077985513269247
2021-09-13,128053,sell,rebalance,135.44,0.001174078718033639,0.15901722157047604,0.00015901722157047604
2021-09-13,123014,sell,rebalance,137.25,0.001098990409438789,0.1508364336954738,0.00015083643369547382
2021-09-13,128071,sell,rebalance,113.065,0.001396755901519286,0.15792420600527807,0.00015792420600527806
2021-09-13,128026,sell,rebalance_resize,121.0,4.314259307225124e-06,0.0005220253761742399,5.2202537617424e-07
2021-09-13,128037,sell,rebalance_resize,115.0,4.901142986175973e-05,0.0056363144341023685,5.636314434102368e-06
2021-09-13,128087,sell,rebalance_resize,108.505,2.0910912870608418e-05,0.0022689386010253665,2.2689386010253667e-06
2021-09-13,128091,buy,rebalance,124.0,2.047886443462634e-05,0.0025393791898936664,2.5393791898936663e-06
2021-09-13,123024,buy,rebalance,119.786,3.501144168970296e-05,0.004193880554242759,4.193880554242759e-06
2021-09-13,123062,buy,rebalance,122.0,4.9025346283521476e-05,0.00598109224658962,5.98109224658962e-06
2021-09-13,123045,buy,rebalance,120.845,3.685308209128657e-05,0.004453510705321525,4.453510705321525e-06
2021-09-13,113502,buy,rebalance,129.0,7.74095223650457e-06,0.0009985828385090894,9.985828385090895e-07
2021-09-13,128073,buy,rebalance,116.7,0.0013239135786369796,0.15450071462693551,0.00015450071462693552
2021-09-13,123061,buy,rebalance,129.7,0.0011912159955816154,0.15450071462693551,0.00015450071462693552
2021-09-13,128063,buy,rebalance,118.608,0.00010164120716647763,0.012055460299601578,1.2055460299601578e-05
2021-09-13,113546,buy,rebalance,118.87,1.999471376880931e-09,2.3767716256983628e-07,2.376771625698363e-10
2021-09-13,113598,buy,rebalance,117.24,0.0013178157167087643,0.15450071462693551,0.00015450071462693552
2021-09-13,113577,buy,rebalance,127.44,2.259466080611278e-05,0.0028794635731310123,2.8794635731310123e-06
2021-09-13,123051,buy,rebalance,134.65,0.0011474245423463462,0.15450071462693551,0.00015450071462693552
2021-09-13,113570,buy,rebalance,123.37,0.0012523361808132894,0.15450071462693551,0.00015450071462693552
2021-09-13,123028,buy,rebalance,130.0,0.0011884670355918117,0.15450071462693551,0.00015450071462693552
2021-09-13,113591,buy,rebalance,116.48,0.001326414102223004,0.15450071462693551,0.00015450071462693552
2021-09-13,128033,buy,rebalance,135.99,0.0011361182044777962,0.15450071462693551,0.00015450071462693552
2021-09-13,128040,buy,rebalance,116.92,7.842059452283334e-06,0.0009168935911609675,9.168935911609675e-07
2021-09-17,123051,sell,risk_exit_next_open,122.6,0.0011474245423463462,0.14067424889166202,0.00014067424889166203
2021-09-23,113577,sell,rebalance,125.0,0.0012135384648831319,0.1516923081103915,0.0001516923081103915
2021-09-23,123061,sell,rebalance,125.2,0.0011912159955816154,0.14914024264681824,0.00014914024264681825
2021-09-23,113570,sell,rebalance,119.75,0.0012523361808132894,0.1499672576523914,0.0001499672576523914
2021-09-23,113502,sell,rebalance_resize,129.0,6.144184322098414e-06,0.0007925997775506954,7.925997775506955e-07
2021-09-23,123024,buy,rebalance,112.76,5.160416351487201e-05,0.005818885477936968,5.818885477936968e-06
2021-09-23,128091,buy,rebalance,123.25,8.229465425605676e-07,0.00010142816137058996,1.0142816137058997e-07
2021-09-23,123062,buy,rebalance,115.9,4.210233374190031e-05,0.004879660480686246,4.8796604806862465e-06
2021-09-23,128040,buy,rebalance,113.85,2.016926804376036e-05,0.002296271166782117,2.2962711667821173e-06
2021-09-23,113598,buy,rebalance,112.78,3.264146635730587e-05,0.0036813045757769563,3.681304575776956e-06
2021-09-23,113535,buy,rebalance,108.8,0.0009936334561875088,0.10810732003320096,0.00010810732003320096
2021-09-23,128073,buy,rebalance,114.0,1.8098611247944792e-05,0.002063241682265706,2.063241682265706e-06
2021-09-23,128037,buy,rebalance,111.4,2.5530341375938813e-05,0.002844080029279584,2.8440800292795843e-06
2021-09-23,123045,buy,rebalance,116.9,2.560156058941568e-05,0.002992822432902693,2.9928224329026928e-06
2021-09-23,128026,buy,rebalance,114.399,4.6945088644049395e-05,0.005370471195790607,5.3704711957906065e-06
2021-09-23,128063,buy,rebalance,116.49,1.194278388638138e-05,0.001391214894924567,1.391214894924567e-06
2021-09-23,123014,buy,rebalance,133.738,0.0008083515532847879,0.10810732003320096,0.00010810732003320096
2021-09-23,113591,buy,rebalance,113.52,2.0351454297155276e-05,0.002310297091813067,2.3102970918130668e-06
2021-09-23,128033,buy,rebalance,123.2,7.923248632122905e-05,0.009761442314775418,9.761442314775418e-06
2021-09-23,113546,buy,rebalance,114.59,2.9277899487454166e-05,0.003354954502267373,3.354954502267373e-06
2021-09-23,128076,buy,rebalance,114.491,0.0009442429538845933,0.10810732003320096,0.00010810732003320096
2021-09-23,128039,buy,rebalance,110.9,0.0009748180345644812,0.10810732003320096,0.00010810732003320096
2021-09-23,128087,buy,rebalance,104.273,3.5298044000300704e-05,0.0036806329420433553,3.680632942043355e-06
2021-09-23,128100,buy,rebalance,105.38,0.0010258808126134083,0.10810732003320096,0.00010810732003320096
2021-10-08,123024,sell,rebalance,113.3,0.0013426733938579627,0.15212489552410716,0.00015212489552410716
2021-10-08,128063,sell,rebalance,115.598,0.0013157680324397435,0.15210015301396948,0.00015210015301396948
2021-10-08,113546,sell,rebalance,114.0,0.001330331489928944,0.1516577898518996,0.0001516577898518996
2021-10-08,113598,sell,rebalance,112.31,0.0013504571830660701,0.15166984623015034,0.00015166984623015035
2021-10-08,123028,sell,rebalance,174.001,0.0011884670355918117,0.20679445266001084,0.00020679445266001085
2021-10-08,113535,sell,rebalance,107.3,0.0009936334561875088,0.1066168698489197,0.0001066168698489197
2021-10-08,128076,sell,rebalance,110.567,0.0009442429538845933,0.10440211068215781,0.00010440211068215781
2021-10-08,128091,sell,rebalance_resize,123.3,2.0089764341748148e-05,0.0024770679433375464,2.4770679433375463e-06
2021-10-08,128033,sell,rebalance_resize,127.96,3.2129053732442314e-05,0.0041112337156033185,4.111233715603319e-06
2021-10-08,113502,sell,rebalance_resize,134.5,6.704557411487664e-05,0.009017629718450909,9.017629718450909e-06
2021-10-08,128073,sell,rebalance_resize,112.822,3.065544093382912e-08,3.458608157036469e-06,3.458608157036469e-09
2021-10-08,123062,sell,rebalance_resize,115.8,2.2569590708473897e-06,0.0002613558604041277,2.6135586040412775e-07
2021-10-08,128040,sell,rebalance_resize,113.71,1.1412484935345676e-05,0.0012977136619981566,1.2977136619981567e-06
2021-10-08,113591,sell,rebalance_resize,117.58,5.908873496003081e-05,0.006947653456600422,6.947653456600422e-06
2021-10-08,128087,sell,rebalance_resize,105.7,2.8232086528489723e-05,0.0029841315460613638,2.984131546061364e-06
2021-10-08,113585,buy,rebalance,138.0,0.0010960136841948408,0.15124988841888803,0.00015124988841888805
2021-10-08,113502,buy,rebalance,134.5,2.06149688473245e-19,2.7727133099651454e-17,2.7727133099651454e-20
2021-10-08,128025,buy,rebalance,115.12,0.0013138454518666438,0.15124988841888803,0.00015124988841888805
2021-10-08,123014,buy,rebalance,130.0,0.00035593748481957226,0.0462718730265444,4.62718730265444e-05
2021-10-08,123045,buy,rebalance,115.4,6.640661815528932e-06,0.0007663323735120388,7.663323735120388e-07
2021-10-08,128037,buy,rebalance,109.7,9.796305803960709e-06,0.0010746547466944899,1.07465474669449e-06
2021-10-08,110070,buy,rebalance,127.5,0.0011862736346579454,0.15124988841888803,0.00015124988841888805
2021-10-08,123052,buy,rebalance,140.0,0.0010803563458492002,0.15124988841888803,0.00015124988841888805
2021-10-08,128039,buy,rebalance,109.99,0.00040130490675919454,0.044139526694443806,4.413952669444381e-05
2021-10-08,128026,buy,rebalance,109.77,5.414206206754778e-05,0.00594317415315472,5.94317415315472e-06
2021-10-08,113536,buy,rebalance,123.13,0.0012283756064231954,0.15124988841888803,0.00015124988841888805
2021-10-08,113591,buy,rebalance,117.58,2.358150459232136e-19,2.7727133099651454e-17,2.7727133099651454e-20
2021-10-08,128100,buy,rebalance,103.999,0.000429510292593211,0.04466864091940135,4.466864091940135e-05
2021-10-08,113565,buy,rebalance,110.55,0.0013681581946529899,0.15124988841888803,0.00015124988841888805
2021-10-12,110070,sell,rebalance,127.23,0.0011862736346579454,0.1509295945375304,0.0001509295945375304
2021-10-12,123052,sell,rebalance,141.02,0.0010803563458492002,0.15235185189165423,0.00015235185189165423
2021-10-12,113565,sell,rebalance,114.24,0.0013681581946529899,0.15629839215715755,0.00015629839215715755
2021-10-12,113585,sell,rebalance_resize,139.99,3.913618293129014e-06,0.0005478674248551307,5.478674248551308e-07
2021-10-12,123045,sell,rebalance_resize,116.6,8.195598405818472e-07,9.556067741184338e-05,9.556067741184338e-08
2021-10-12,128025,sell,rebalance_resize,119.0,2.9113618038235048e-05,0.0034645205465499707,3.4645205465499707e-06
2021-10-12,128073,sell,rebalance_resize,114.38,5.35722752336946e-06,0.0006127596841229987,6.127596841229988e-07
2021-10-12,128039,sell,rebalance_resize,111.12,2.852143116110707e-07,3.169301430622218e-05,3.169301430622218e-08
2021-10-12,113536,sell,rebalance_resize,127.01,2.4666542368549077e-05,0.0031328975462294184,3.1328975462294183e-06
2021-10-12,113591,sell,rebalance_resize,121.52,2.9586892119866568e-05,0.003595399130406185,3.595399130406185e-06
2021-10-12,128040,sell,rebalance_resize,116.4,1.8072951971137982e-05,0.002103691609440461,2.103691609440461e-06
2021-10-12,128026,sell,rebalance_resize,113.33,3.0229796706301956e-05,0.0034259428607252007,3.425942860725201e-06
2021-10-12,128091,buy,rebalance,124.33,1.7135715900061163e-06,0.00021304835578546044,2.1304835578546044e-07
2021-10-12,128033,buy,rebalance,123.3,5.664741246370024e-05,0.006984625956774239,6.9846259567742395e-06
2021-10-12,128037,buy,rebalance,110.492,3.4903971860781606e-06,0.0003856609658841481,3.856609658841481e-07
2021-10-12,123014,buy,rebalance,128.018,2.991116900919726e-05,0.003829168034219415,3.829168034219415e-06
2021-10-12,123062,buy,rebalance,115.156,2.012624408250879e-05,0.0023176577635653822,2.3176577635653823e-06
2021-10-12,113502,buy,rebalance,134.0,1.5214775155090246e-05,0.002038779870782093,2.038779870782093e-06
2021-10-12,128100,buy,rebalance,104.227,1.1425121226449436e-05,0.0011908061100691454,1.1908061100691454e-06
2021-10-12,123012,buy,rebalance,150.718,0.0010133156052612162,0.15272490139376,0.00015272490139376
2021-10-12,128036,buy,rebalance,118.5,0.001288817733280675,0.15272490139376,0.00015272490139376
2021-10-12,113536,buy,rebalance,127.01,2.183045205690318e-19,2.772685715747273e-17,2.772685715747273e-20
2021-10-12,128087,buy,rebalance,106.38,4.732954765771533e-06,0.0005034917279827756,5.034917279827757e-07
2021-10-12,113577,buy,rebalance,120.89,0.001263337756586649,0.15272490139376,0.00015272490139376
2021-10-21,128087,sell,rebalance,105.901,0.001437136367055648,0.15219417840756017,0.00015219417840756016
2021-10-21,128026,sell,rebalance,103.7,0.0013490081022287182,0.1398921402011181,0.0001398921402011181
2021-10-21,128025,sell,rebalance,115.555,0.0012847318338284088,0.14845718705804178,0.00014845718705804178
2021-10-21,113536,sell,rebalance,131.3,0.0012037090640546464,0.1580470001103751,0.0001580470001103751
2021-10-21,113577,sell,rebalance,121.75,0.001263337756586649,0.1538113718644245,0.00015381137186442452
2021-10-21,128091,sell,rebalance_resize,124.514,6.782280029308438e-06,0.0008444888155693109,8.444888155693109e-07
2021-10-21,123062,sell,rebalance_resize,116.51,2.0715973820575794e-05,0.002413618109835286,2.413618109835286e-06
2021-10-21,123045,sell,rebalance_resize,116.38,2.8354915904146154e-06,0.00032999451129245294,3.2999451129245296e-07
2021-10-21,128073,sell,rebalance_resize,117.509,4.085432285762365e-05,0.0048007506246764975,4.8007506246764976e-06
2021-10-21,128039,sell,rebalance_resize,110.714,5.40699921915338e-07,5.986305115493473e-05,5.986305115493474e-08
2021-10-21,123014,sell,rebalance_resize,127.58,7.166277338835663e-07,9.142736628886539e-05,9.142736628886539e-08
2021-10-21,113585,sell,rebalance_resize,143.39,3.0208476130745836e-05,0.004331593392387645,4.3315933923876445e-06
2021-10-21,128040,sell,rebalance_resize,118.373,2.7116384499144925e-05,0.003209847782317282,3.209847782317282e-06
2021-10-21,113591,sell,rebalance_resize,123.1,2.117169176959773e-05,0.0026062352568374803,2.6062352568374802e-06
2021-10-21,113546,buy,rebalance,119.46,0.0012733034689123405,0.15210883239626818,0.00015210883239626818
2021-10-21,128033,buy,rebalance,122.35,4.62670227645918e-06,0.0005660770235247807,5.660770235247807e-07
2021-10-21,123045,buy,rebalance,116.38,2.382469076350746e-19,2.7727175110569977e-17,2.772717511056998e-20
2021-10-21,110070,buy,rebalance,124.43,0.001222445008408488,0.15210883239626818,0.00015210883239626818
2021-10-21,128037,buy,rebalance,108.505,1.9622006659023555e-05,0.002129085832537351,2.129085832537351e-06
2021-10-21,113502,buy,rebalance,132.7,6.52558556020748e-06,0.0008659452038395325,8.659452038395325e-07
2021-10-21,128094,buy,rebalance,134.1,0.0011342940521720222,0.15210883239626818,0.00015210883239626818
2021-10-21,123012,buy,rebalance,147.6,1.826890073904617e-05,0.0026964897490832146,2.6964897490832145e-06
2021-10-21,128100,buy,rebalance,101.969,2.640110028725282e-05,0.0026920937951908828,2.6920937951908828e-06
2021-10-21,128036,buy,rebalance,118.1,4.6743617284980946e-07,5.52042120135625e-05,5.52042120135625e-08
2021-10-21,123024,buy,rebalance,115.559,0.0013162871987146669,0.15210883239626818,0.00015210883239626818
2021-10-21,123061,buy,rebalance,122.1,0.0012457725830980195,0.15210883239626818,0.00015210883239626818
2021-11-11,128040,sell,rebalance,118.24,0.001286312208504125,0.15209355553352774,0.00015209355553352774
2021-11-11,123062,sell,rebalance,118.199,0.001306880397023936,0.1544719560478322,0.0001544719560478322
2021-11-11,128033,sell,rebalance,130.355,0.0012444957518067425,0.16222624372676792,0.00016222624372676792
2021-11-11,128039,sell,rebalance,113.27,0.0013752970270901493,0.1557798942585012,0.0001557798942585012
2021-11-11,113585,sell,rebalance,157.6,0.001061891589770966,0.16735411454790422,0.0001673541145479042
2021-11-11,123012,sell,rebalance,172.99,0.0010315845060002624,0.1784538036929854,0.00017845380369298542
2021-11-11,113546,sell,rebalance,117.33,0.0012733034689123405,0.14939669600748492,0.00014939669600748493
2021-11-11,128094,sell,rebalance,155.544,0.0011342940521720222,0.17643263405104503,0.00017643263405104503
2021-11-11,123061,sell,rebalance,124.21,0.0012457725830980195,0.154737412546605,0.000154737412546605
2021-11-11,123045,sell,rebalance_resize,129.7,9.030690677706981e-05,0.011712805808985954,1.1712805808985955e-05
2021-11-11,128073,sell,rebalance_resize,122.296,3.994938209456012e-06,0.0004885649632636324,4.885649632636325e-07
2021-11-11,123014,sell,rebalance_resize,132.8,3.883270586716561e-06,0.0005156983339159593,5.156983339159593e-07
2021-11-11,128036,sell,rebalance_resize,122.628,1.0074432596315734e-06,0.00012354075204210058,1.235407520421006e-07
2021-11-11,128091,buy,rebalance,126.896,2.2054143954381306e-05,0.0027985826512351704,2.7985826512351703e-06
2021-11-11,110058,buy,rebalance,118.52,0.001331587214729922,0.15781971668979033,0.00015781971668979035
2021-11-11,113527,buy,rebalance,135.2,0.0011673055968179759,0.15781971668979033,0.00015781971668979035
2021-11-11,113502,buy,rebalance,130.0,6.772575385348255e-05,0.008804348000952731,8.804348000952732e-06
2021-11-11,113591,buy,rebalance,125.6,2.085468175071976e-05,0.002619348027890402,2.6193480278904018e-06
2021-11-11,128037,buy,rebalance,109.199,4.338697118978901e-05,0.0047378138669537705,4.737813866953771e-06
2021-11-11,110070,buy,rebalance,115.55,0.0001446001311269044,0.016708545151713803,1.6708545151713803e-05
2021-11-11,128100,buy,rebalance,102.6,4.649133943457189e-05,0.004770011425987076,4.770011425987076e-06
2021-11-11,123052,buy,rebalance,139.398,0.001132151944000562,0.15781971668979033,0.00015781971668979035
2021-11-11,123043,buy,rebalance,151.99,0.0010383559226909028,0.15781971668979033,0.00015781971668979035
2021-11-11,128121,buy,rebalance,131.5,0.0012001499368044892,0.15781971668979033,0.00015781971668979035
2021-11-11,128053,buy,rebalance,126.721,0.0012454109160264701,0.15781971668979033,0.00015781971668979035
2021-11-11,123024,buy,rebalance,117.902,2.3606215897357335e-05,0.0027832200667302245,2.7832200667302246e-06
2021-11-11,128087,buy,rebalance,109.019,0.0014476349690401703,0.15781971668979033,0.00015781971668979035
2021-11-11,128090,buy,rebalance,124.1,0.0012717140748572952,0.15781971668979033,0.00015781971668979035
2021-11-11,128097,buy,rebalance,131.06,0.0012041791293284781,0.15781971668979033,0.00015781971668979035
2021-11-23,123045,sell,rebalance,147.816,0.0012180333154025041,0.18004481254953655,0.00018004481254953655
2021-11-23,123024,sell,rebalance,123.0,0.0013398934146120242,0.16480688999727897,0.00016480688999727898
2021-11-23,123052,sell,rebalance,152.0,0.001132151944000562,0.17208709548808543,0.00017208709548808542
2021-11-23,128121,sell,rebalance,127.7,0.0012001499368044892,0.15325914692993328,0.0001532591469299333
2021-11-23,128087,sell,rebalance,111.402,0.0014476349690401703,0.16126943082101305,0.00016126943082101305
2021-11-23,128090,sell,rebalance,137.0,0.0012717140748572952,0.17422482825544944,0.00017422482825544945
2021-11-23,128097,sell,rebalance,143.7,0.0012041791293284781,0.1730405408845023,0.0001730405408845023
2021-11-23,110058,sell,rebalance_resize,134.59,0.00010313590941121052,0.013881062047654824,1.3881062047654825e-05
2021-11-23,128073,sell,rebalance_resize,129.5,1.503943826400214e-05,0.0019476072551882773,1.947607255188277e-06
2021-11-23,123043,sell,rebalance_resize,160.0,4.998040298119164e-06,0.0007996864476990662,7.996864476990661e-07
2021-11-23,128091,buy,rebalance,131.3,1.4292517488812557e-05,0.001876607546281089,1.876607546281089e-06
2021-11-23,113502,buy,rebalance,133.53,2.30256133700579e-05,0.0030746101533038316,3.0746101533038316e-06
2021-11-23,128037,buy,rebalance,110.911,4.401261509217593e-05,0.004881483152488325,4.881483152488325e-06
2021-11-23,113591,buy,rebalance,131.24,2.0334703254308796e-06,0.0002668726455095487,2.668726455095487e-07
2021-11-23,128053,buy,rebalance,127.2,5.4355206846049536e-05,0.006913982310817501,6.913982310817501e-06
2021-11-23,123014,buy,rebalance,137.518,1.2682249387449017e-05,0.001744037571263214,1.744037571263214e-06
2021-11-23,128100,buy,rebalance,104.411,4.377034828026453e-05,0.0045701058342906995,4.5701058342906995e-06
2021-11-23,113527,buy,rebalance,140.48,9.62983546738262e-06,0.0013527992864579104,1.3527992864579104e-06
2021-11-23,128056,buy,rebalance,118.812,0.001390177668586201,0.1651697891600637,0.0001651697891600637
2021-11-23,128079,buy,rebalance,125.73,0.0013136863847933165,0.1651697891600637,0.0001651697891600637
2021-11-23,123062,buy,rebalance,120.3,0.001372982453533364,0.1651697891600637,0.0001651697891600637
2021-11-23,128036,buy,rebalance,122.06,6.62124150920453e-05,0.008081887386135049,8.081887386135049e-06
2021-11-23,110070,buy,rebalance,118.0,3.4083532219175434e-05,0.004021856801862701,4.021856801862701e-06
2021-11-23,128021,buy,rebalance,119.33,0.0013841430416497418,0.1651697891600637,0.0001651697891600637
2021-11-23,128033,buy,rebalance,127.85,0.0012919029265550544,0.1651697891600637,0.0001651697891600637
2021-11-23,113598,buy,rebalance,120.38,0.0013720700212665202,0.1651697891600637,0.0001651697891600637
2021-11-23,113567,buy,rebalance,127.48,0.0012956525663638508,0.1651697891600637,0.0001651697891600637
2021-12-01,128091,sell,rebalance,146.0,0.0012592182667025124,0.1838458669385668,0.0001838458669385668
2021-12-01,123043,sell,rebalance,177.0,0.0010333578823927836,0.1829043451835227,0.0001829043451835227
2021-12-01,128053,sell,rebalance,155.0,0.0012997661228725196,0.20146374904524053,0.00020146374904524053
2021-12-01,128056,sell,rebalance,124.24,0.001390177668586201,0.1727156735451496,0.0001727156735451496
2021-12-01,123062,sell,rebalance,122.399,0.001372982453533364,0.16805167933003023,0.00016805167933003022
2021-12-01,128021,sell,rebalance,121.9,0.0013841430416497418,0.16872703677710355,0.00016872703677710355
2021-12-01,113598,sell,rebalance,120.9,0.0013720700212665202,0.1658832655711223,0.0001658832655711223
2021-12-01,113567,sell,rebalance,132.95,0.0012956525663638508,0.17225700869807395,0.00017225700869807396
2021-12-01,113502,sell,rebalance_resize,138.07,2.6854285464595164e-06,0.0003707771194096654,3.707771194096654e-07
2021-12-01,113527,sell,rebalance_resize,151.1,4.798306484432462e-05,0.00725024109797745,7.2502410979774506e-06
2021-12-01,110058,buy,rebalance,129.0,9.381641221395477e-05,0.012102317175600164,1.2102317175600165e-05
2021-12-01,123014,buy,rebalance,137.8,3.559676841267108e-05,0.004905234687266075,4.905234687266075e-06
2021-12-01,110070,buy,rebalance,117.4,5.184052785833002e-05,0.006086077970567945,6.086077970567945e-06
2021-12-01,128073,buy,rebalance,126.0,7.70337928749487e-05,0.009706257902243536,9.706257902243537e-06
2021-12-01,128037,buy,rebalance,111.8,3.509155881757023e-05,0.003923236275804352,3.923236275804351e-06
2021-12-01,128033,buy,rebalance,126.302,5.864778286581434e-05,0.007407332271518083,7.4073322715180835e-06
2021-12-01,128079,buy,rebalance,126.999,2.9481188014428568e-05,0.0037440813966444137,3.744081396644414e-06
2021-12-01,113591,buy,rebalance,132.55,2.7112431174209425e-05,0.0035937527521414598,3.59375275214146e-06
2021-12-01,113579,buy,rebalance,140.21,0.0012154152792817358,0.1704133763080922,0.0001704133763080922
2021-12-01,128100,buy,rebalance,106.178,2.308955892300564e-05,0.002451603187326893,2.451603187326893e-06
2021-12-01,128036,buy,rebalance,122.1,4.255718588619433e-05,0.005196232396704328,5.196232396704328e-06
2021-12-01,113601,buy,rebalance,112.5,0.0015147855671830417,0.1704133763080922,0.0001704133763080922
2021-12-01,113566,buy,rebalance,119.1,0.001430842790160304,0.1704133763080922,0.0001704133763080922
2021-12-01,113535,buy,rebalance,115.0,0.0014818554461573233,0.1704133763080922,0.0001704133763080922
2021-12-01,113527,buy,rebalance,151.1,1.8350562116209434e-19,2.7727699357592454e-17,2.7727699357592456e-20
2021-12-01,123018,buy,rebalance,198.3,0.0008593715396272929,0.1704133763080922,0.0001704133763080922
2021-12-01,128087,buy,rebalance,112.87,0.0015098199371674688,0.1704133763080922,0.0001704133763080922
2021-12-01,128121,buy,rebalance,134.16,0.0012702249277585882,0.1704133763080922,0.0001704133763080922
2021-12-01,123045,buy,rebalance,139.1,0.0012251141359316477,0.1704133763080922,0.0001704133763080922
2021-12-13,110070,sell,rebalance,122.0,0.001452969199612898,0.17726224235277355,0.00017726224235277356
2021-12-13,123018,sell,rebalance,204.0,0.0008593715396272929,0.17531179408396774,0.00017531179408396776
2021-12-13,128087,sell,rebalance,111.8,0.0015098199371674688,0.168797868975323,0.000168797868975323
2021-12-13,128121,sell,rebalance,138.6,0.0012702249277585882,0.17605317498734033,0.00017605317498734034
2021-12-13,123045,sell,rebalance,140.31,0.0012251141359316477,0.17189576441256949,0.0001718957644125695
2021-12-13,123014,sell,rebalance_resize,137.15,2.94096558590615e-06,0.0004033534301070285,4.033534301070285e-07
2021-12-13,128037,sell,rebalance_resize,111.2,2.639406564045343e-06,0.00029350200992184217,2.9350200992184217e-07
2021-12-13,128079,sell,rebalance_resize,127.18,1.141889996505324e-05,0.0014522556975554712,1.4522556975554713e-06
2021-12-13,128100,sell,rebalance_resize,107.56,3.1895867778639926e-05,0.0034307195382705107,3.430719538270511e-06
2021-12-13,113535,sell,rebalance_resize,117.21,3.682689729516506e-05,0.004316480631966296,4.316480631966297e-06
2021-12-13,113579,sell,rebalance_resize,139.49,1.1934984219356065e-06,0.00016648109487579776,1.6648109487579778e-07
2021-12-13,128036,sell,rebalance_resize,121.98,8.526289197599774e-06,0.0010400367563232205,1.0400367563232205e-06
2021-12-13,128033,buy,rebalance,123.199,2.4207009786047356e-05,0.0029822793986312482,2.982279398631248e-06
2021-12-13,113591,buy,rebalance,124.84,6.972153626503427e-05,0.008704036587326878,8.70403658732688e-06
2021-12-13,128073,buy,rebalance,122.7,2.6576924047444974e-05,0.003260988580621498,3.2609885806214984e-06
2021-12-13,113502,buy,rebalance,128.7,8.044437753283616e-05,0.010353191388476013,1.0353191388476013e-05
2021-12-13,113567,buy,rebalance,136.0,0.0012441210127419134,0.1692004577329002,0.00016920045773290021
2021-12-13,128025,buy,rebalance,125.999,0.001342871433367727,0.1692004577329002,0.00016920045773290021
2021-12-13,113527,buy,rebalance,148.4,1.2354503427083383e-05,0.001833408308579174,1.8334083085791742e-06
2021-12-13,110058,buy,rebalance,126.7,1.4511559221852711e-05,0.0018386145534087385,1.8386145534087385e-06
2021-12-13,128044,buy,rebalance,117.906,0.001435045355901313,0.1692004577329002,0.00016920045773290021
2021-12-13,128091,buy,rebalance,141.06,0.0011994928238543896,0.1692004577329002,0.00016920045773290021
2021-12-13,113601,buy,rebalance,109.99,2.5072634709649317e-05,0.0027577390917143283,2.757739091714328e-06
2021-12-13,113579,buy,rebalance,139.49,1.98777674044553e-19,2.77274977524747e-17,2.77274977524747e-20
2021-12-13,113566,buy,rebalance,117.72,7.917423870651398e-06,0.0009320391380530826,9.320391380530826e-07
2021-12-13,123061,buy,rebalance,128.002,0.0013218579220082515,0.1692004577329002,0.00016920045773290021
2021-12-21,128073,sell,rebalance,121.0,0.0013803463245119331,0.1670219052659439,0.0001670219052659439
2021-12-21,128036,sell,rebalance,119.364,0.0013885210379745332,0.1657394251767922,0.0001657394251767922
2021-12-21,113579,sell,rebalance,136.68,0.0012142217808598004,0.16595983300791753,0.00016595983300791753
2021-12-21,113601,sell,rebalance,109.93,0.001539858201892691,0.16927661213406353,0.00016927661213406354
2021-12-21,128091,sell,rebalance,140.95,0.0011994928238543896,0.1690685135222762,0.0001690685135222762
2021-12-21,123061,sell,rebalance,125.606,0.0013218579220082515,0.16603328615176843,0.00016603328615176843
2021-12-21,110058,sell,rebalance_resize,126.8,9.556697577190925e-06,0.0012117892527878094,1.2117892527878094e-06
2021-12-21,123014,sell,rebalance_resize,137.44,1.046351351237208e-05,0.0014381052971404185,1.4381052971404185e-06
2021-12-21,113566,sell,rebalance_resize,117.72,9.166066565059857e-06,0.0010790293560388464,1.0790293560388463e-06
2021-12-21,128025,sell,rebalance_resize,129.0,3.828365786629123e-05,0.004938591864751568,4.938591864751568e-06
2021-12-21,128037,sell,rebalance_resize,113.696,4.2936425390855486e-05,0.004881699821238705,4.881699821238705e-06
2021-12-21,128033,sell,rebalance_resize,125.867,3.7696988120251616e-05,0.00474480680373171,4.74480680373171e-06
2021-12-21,128044,sell,rebalance_resize,119.599,2.791132434849738e-05,0.0033381664807559386,3.338166480755939e-06
2021-12-21,113502,sell,rebalance_resize,128.23,3.5171017963950734e-06,0.00045099796335174025,4.5099796335174025e-07
2021-12-21,128100,sell,rebalance_resize,109.96,4.419050259948349e-05,0.004859187665839204,4.859187665839204e-06
2021-12-21,113567,buy,rebalance,129.3,5.7380992082126576e-05,0.007419362276218967,7.419362276218967e-06
2021-12-21,113561,buy,rebalance,120.77,0.0013920617497117486,0.16811929751268787,0.00016811929751268787
2021-12-21,123024,buy,rebalance,122.052,0.0013774399232514653,0.16811929751268787,0.00016811929751268787
2021-12-21,128037,buy,rebalance,113.696,2.4387068846057226e-19,2.772712179521322e-17,2.772712179521322e-20
2021-12-21,113591,buy,rebalance,122.49,1.726488273690275e-05,0.0021147754864432175,2.1147754864432175e-06
2021-12-21,113527,buy,rebalance,141.43,4.857344623912731e-05,0.006869742501599776,6.869742501599777e-06
2021-12-21,128076,buy,rebalance,129.76,0.0012956172742962999,0.16811929751268787,0.00016811929751268787
2021-12-21,128079,buy,rebalance,125.087,1.3635521442434112e-05,0.0017056264706697558,1.7056264706697558e-06
2021-12-21,127007,buy,rebalance,117.0,0.001436917072758016,0.16811929751268787,0.00016811929751268787
2021-12-21,113535,buy,rebalance,115.66,1.0017569424895603e-05,0.0011586320796834254,1.1586320796834254e-06
2021-12-21,128120,buy,rebalance,117.6,0.0014295858632031283,0.16811929751268787,0.00016811929751268787
2021-12-21,113017,buy,rebalance,112.94,0.0014885717860163615,0.16811929751268787,0.00016811929751268787
2021-12-31,113561,sell,rebalance,121.3,0.0013920617497117486,0.1688570902400351,0.0001688570902400351
2021-12-31,127007,sell,rebalance,121.4,0.001436917072758016,0.17444173263282314,0.00017444173263282315
2021-12-31,113017,sell,rebalance,114.93,0.0014885717860163615,0.17108155536686045,0.00017108155536686045
2021-12-31,113535,sell,rebalance_resize,121.8,6.207440722138929e-05,0.007560662799565215,7.5606627995652155e-06
2021-12-31,128037,sell,rebalance_resize,114.686,8.131590419994785e-07,9.32579578907522e-05,9.32579578907522e-08
2021-12-31,128044,sell,rebalance_resize,121.001,4.9641783466609905e-06,0.0006006705441243265,6.006705441243265e-07
2021-12-31,123024,sell,rebalance_resize,124.49,1.4567769602192722e-05,0.001813541637776972,1.813541637776972e-06
2021-12-31,113591,sell,rebalance_resize,128.3,5.1504971740592723e-05,0.006608087874318047,6.6080878743180475e-06
2021-12-31,128025,sell,rebalance_resize,134.201,4.033524081243973e-05,0.005413029652270224,5.413029652270224e-06
2021-12-31,110058,buy,rebalance,124.89,3.125201237008088e-05,0.003903063824899402,3.903063824899402e-06
2021-12-31,113566,buy,rebalance,117.8,1.066601019374302e-05,0.0012564560008229276,1.2564560008229277e-06
2021-12-31,123014,buy,rebalance,134.429,3.759430412099899e-05,0.0050537647086817735,5.0537647086817735e-06
2021-12-31,128079,buy,rebalance,125.439,7.169782230002079e-06,0.0008993703131492308,8.993703131492308e-07
2021-12-31,113567,buy,rebalance,129.44,9.242040285322711e-06,0.0011962896945321717,1.1962896945321717e-06
2021-12-31,128037,buy,rebalance,114.686,2.4176198567243784e-19,2.7726715088829207e-17,2.7726715088829207e-20
2021-12-31,113502,buy,rebalance,128.01,1.2960996321136353e-05,0.0016591371390686643,1.6591371390686644e-06
2021-12-31,128076,buy,rebalance,127.82,3.1715965400245704e-05,0.004053934697459406,4.0539346974594055e-06
2021-12-31,128033,buy,rebalance,123.69,3.459017838219496e-05,0.0042784591640936944,4.278459164093695e-06
2021-12-31,113527,buy,rebalance,138.9,3.156957547770773e-05,0.004385014033853604,4.385014033853604e-06
2021-12-31,128069,buy,rebalance,120.24,0.0014095769803797273,0.1694875361208584,0.0001694875361208584
2021-12-31,123061,buy,rebalance,126.768,0.001336989903767973,0.1694875361208584,0.0001694875361208584
2021-12-31,128056,buy,rebalance,121.726,0.0013923692236733189,0.1694875361208584,0.0001694875361208584
2021-12-31,128120,buy,rebalance,117.894,9.527113609593794e-06,0.0011231895318894508,1.1231895318894508e-06
2021-12-31,128100,buy,rebalance,108.3,3.609107411946685e-05,0.00390866332713826,3.9086633271382595e-06
2022-01-11,113591,sell,rebalance,137.86,0.001322400268182369,0.1823061009716214,0.0001823061009716214
2022-01-11,113535,sell,rebalance,122.5,0.0013929717110656647,0.17063903460554392,0.00017063903460554393
2022-01-11,128025,sell,rebalance,143.0,0.001264252534688996,0.18078811246052642,0.00018078811246052644
2022-01-11,128076,sell,rebalance,132.999,0.0013273332396965456,0.17653399354640087,0.00017653399354640087
2022-01-11,128120,sell,rebalance,125.13,0.001439112976812722,0.18007620678857592,0.00018007620678857592
2022-01-11,123061,sell,rebalance,125.77,0.001336989903767973,0.16815322019689796,0.00016815322019689797
2022-01-11,128056,sell,rebalance,123.54,0.0013923692236733189,0.1720132938926018,0.00017201329389260182
2022-01-11,128033,sell,rebalance_resize,128.44,9.206808482371713e-06,0.0011825224814758228,1.182522481475823e-06
2022-01-11,128037,sell,rebalance_resize,119.98,2.086565785253905e-05,0.0025034616291476353,2.503461629147635e-06
2022-01-11,113566,sell,rebalance_resize,124.7,3.695365941822362e-05,0.004608121329452486,4.608121329452486e-06
2022-01-11,128044,sell,rebalance_resize,126.456,1.8350023931905423e-05,0.002320470626333032,2.320470626333032e-06
2022-01-11,128069,sell,rebalance_resize,124.44,3.338469204024426e-06,0.00041543910774879955,4.154391077487996e-07
2022-01-11,110058,buy,rebalance,126.8,2.1569264929691388e-05,0.0027349827930848677,2.734982793084868e-06
2022-01-11,123014,buy,rebalance,136.9,1.6163776151772187e-05,0.0022128209551776127,2.2128209551776128e-06
2022-01-11,113502,buy,rebalance,131.74,2.9302134671573564e-06,0.00038602632216331017,3.860263221633102e-07
2022-01-11,128079,buy,rebalance,126.51,3.0644260890793323e-05,0.003876805445294264,3.8768054452942635e-06
2022-01-11,123045,buy,rebalance,136.459,0.0012810877126744804,0.17481594818384694,0.00017481594818384693
2022-01-11,113527,buy,rebalance,142.45,6.990371984150201e-06,0.000995778489142196,9.957784891421961e-07
2022-01-11,123024,buy,rebalance,126.8,1.7176135065010618e-05,0.0021779339262433463,2.177933926243346e-06
2022-01-11,113567,buy,rebalance,131.25,2.2508068024723833e-05,0.002954183928245003,2.954183928245003e-06
2022-01-11,128100,buy,rebalance,111.698,8.244672358118497e-08,9.209134130571199e-06,9.209134130571199e-09
2022-01-11,123054,buy,rebalance,141.487,0.001235561911580901,0.17481594818384694,0.00017481594818384693
2022-01-11,123018,buy,rebalance,191.0,0.0009152667444180468,0.17481594818384694,0.00017481594818384693
2022-01-11,113017,buy,rebalance,121.25,0.001441781015949253,0.17481594818384694,0.00017481594818384693
2022-01-11,128121,buy,rebalance,133.5,0.0013094827579314377,0.17481594818384694,0.00017481594818384693
2022-01-11,113561,buy,rebalance,123.15,0.0014195367290608764,0.17481594818384694,0.00017481594818384693
2022-01-11,128073,buy,rebalance,125.0,0.0013985275854707755,0.17481594818384694,0.00017481594818384693
2022-01-21,128100,sell,rebalance,112.039,0.0015666557238230882,0.17552654064141499,0.00017552654064141498
2022-01-21,110058,sell,rebalance,124.72,0.0013800438564771005,0.17211906977982397,0.00017211906977982396
2022-01-21,113566,sell,rebalance,119.07,0.0014033064982414151,0.16709170474560528,0.0001670917047456053
2022-01-21,123024,sell,rebalance,163.0,0.0013800482887142832,0.22494787106042816,0.00022494787106042816
2022-01-21,113017,sell,rebalance,155.47,0.001441781015949253,0.22415369454963036,0.00022415369454963037
2022-01-21,113561,sell,rebalance,122.0,0.0014195367290608764,0.17318348094542693,0.00017318348094542694
2022-01-21,128073,sell,rebalance,125.209,0.0013985275854707755,0.17510824044921033,0.00017510824044921034
2022-01-21,113502,sell,rebalance_resize,135.66,6.6672576431415895e-06,0.000904480171868588,9.04480171868588e-07
2022-01-21,128044,sell,rebalance_resize,145.0,0.00014730647100265307,0.021359438295384697,2.1359438295384697e-05
2022-01-21,123014,buy,rebalance,133.99,5.9824293537685324e-05,0.008015857091114457,8.015857091114458e-06
2022-01-21,128033,buy,rebalance,131.0,6.209409835455452e-06,0.0008134326884446641,8.134326884446641e-07
2022-01-21,113567,buy,rebalance,132.11,2.3883825907380787e-05,0.0031552922406240763,3.1552922406240764e-06
2022-01-21,123054,buy,rebalance,144.5,5.2247275510187514e-06,0.0007549731311222096,7.549731311222096e-07
2022-01-21,128079,buy,rebalance,124.999,5.111676178989105e-05,0.006389544106974591,6.389544106974591e-06
2022-01-21,128040,buy,rebalance,129.3,0.0013852461733028494,0.17911233020805845,0.00017911233020805845
2022-01-21,128120,buy,rebalance,125.756,0.0014242845685936134,0.17911233020805845,0.00017911233020805845
2022-01-21,128037,buy,rebalance,119.734,3.888767313759559e-05,0.004656176655456871,4.656176655456871e-06
2022-01-21,128053,buy,rebalance,136.95,0.0013078665951665458,0.17911233020805845,0.00017911233020805845
2022-01-21,113527,buy,rebalance,138.03,7.044078635384285e-05,0.009722941740420928,9.722941740420929e-06
2022-01-21,128094,buy,rebalance,158.1,0.001132905314408972,0.17911233020805845,0.00017911233020805845
2022-01-21,128121,buy,rebalance,128.0,9.116234433350938e-05,0.011668780074689201,1.1668780074689201e-05
2022-01-21,128039,buy,rebalance,122.275,0.0014648319788023588,0.17911233020805845,0.00017911233020805845
2022-01-21,128082,buy,rebalance,154.0,0.0011630670792731068,0.17911233020805845,0.00017911233020805845
2022-01-21,123045,buy,rebalance,131.81,7.9081007591396e-05,0.010423667610621907,1.0423667610621908e-05
2022-01-21,123052,buy,rebalance,148.47,0.001206387352381346,0.17911233020805845,0.00017911233020805845
2022-01-21,123018,buy,rebalance,180.0,8.073137980424427e-05,0.014531648364763968,1.4531648364763969e-05
2022-01-21,128069,buy,rebalance,121.94,6.404602722479415e-05,0.0078097725597913985,7.8097725597914e-06
2022-01-26,128094,sell,risk_exit_next_open,157.5,0.001132905314408972,0.17843258701941309,0.0001784325870194131
2022-02-11,128069,sell,rebalance,121.3,0.001470284538400497,0.17834551450798028,0.00017834551450798028
2022-02-11,123018,sell,rebalance,180.801,0.000995998124222291,0.18007745685751442,0.00018007745685751442
2022-02-11,128121,sell,rebalance,128.77,0.001400645102264947,0.18036106981865724,0.00018036106981865723
2022-02-11,128040,sell,rebalance,136.7,0.0013852461733028494,0.1893631518904995,0.00018936315189049948
2022-02-11,128082,sell,rebalance,158.1,0.0011630670792731068,0.18388090523307818,0.00018388090523307817
2022-02-11,123014,sell,rebalance_resize,134.49,6.378068090951743e-06,0.0008577863775521,8.577863775521e-07
2022-02-11,113502,sell,rebalance_resize,142.0,6.039535561313505e-05,0.008576140497065177,8.576140497065176e-06
2022-02-11,128079,sell,rebalance_resize,125.029,1.8670925838122764e-06,0.0002334407186614651,2.334407186614651e-07
2022-02-11,113567,sell,rebalance_resize,132.6,6.4758386207148575e-06,0.00085869620110679,8.5869620110679e-07
2022-02-11,128039,sell,rebalance_resize,123.995,2.0438823305832638e-05,0.002534311895806718,2.534311895806718e-06
2022-02-11,123045,sell,rebalance_resize,132.119,4.591329309301102e-06,0.0006066018370155524,6.066018370155524e-07
2022-02-11,128037,sell,rebalance_resize,122.0,2.938755925503916e-05,0.003585282229114778,3.585282229114778e-06
2022-02-11,128120,sell,rebalance_resize,127.38,1.8274760807526504e-05,0.002327839031662726,2.3278390316627264e-06
2022-02-11,128021,buy,rebalance,129.64,0.0013800945336142592,0.17891545533775255,0.00017891545533775256
2022-02-11,113527,buy,rebalance,134.99,2.7837263213950792e-05,0.0037577521612512177,3.757752161251218e-06
2022-02-11,128053,buy,rebalance,133.0,3.869199456178408e-05,0.005146035276717282,5.146035276717282e-06
2022-02-11,123052,buy,rebalance,145.1,2.788839725137788e-05,0.00404660644117493,4.04660644117493e-06
2022-02-11,128079,buy,rebalance,125.029,2.2176742008602673e-19,2.7727358765935832e-17,2.7727358765935835e-20
2022-02-11,113567,buy,rebalance,132.6,2.0910526972802288e-19,2.7727358765935832e-17,2.7727358765935835e-20
2022-02-11,113541,buy,rebalance,156.6,0.0011424997148004633,0.17891545533775255,0.00017891545533775256
2022-02-11,123054,buy,rebalance,138.279,5.434770158295167e-05,0.0075151458271889736,7.515145827188974e-06
2022-02-11,128033,buy,rebalance,126.851,4.3175767142793204e-05,0.005476889237830461,5.476889237830461e-06
2022-02-11,128044,buy,rebalance,137.0,7.069593363050465e-05,0.009685342907379137,9.685342907379137e-06
2022-02-11,128100,buy,rebalance,105.39,0.0016976511560655902,0.17891545533775255,0.00017891545533775256
2022-02-11,123080,buy,rebalance,131.1,0.0013647250597845352,0.17891545533775255,0.00017891545533775256
2022-02-11,128022,buy,rebalance,128.0,0.0013977769948261918,0.17891545533775255,0.00017891545533775256
2022-02-11,110070,buy,rebalance,129.51,0.0013814798497239792,0.17891545533775255,0.00017891545533775256
2022-02-11,128120,buy,rebalance,127.38,2.176743504940794e-19,2.7727358765935832e-17,2.7727358765935835e-20
2022-02-21,128100,sell,risk_exit_next_open,101.463,0.0016976511560655902,0.17224877924788298,0.000172248779247883
2022-02-22,128039,sell,rebalance,120.61,0.0014443931554965262,0.17420825848443602,0.00017420825848443603
2022-02-22,123080,sell,rebalance,134.8,0.0013647250597845352,0.18396493805895536,0.00018396493805895536
2022-02-22,128022,sell,rebalance,119.0,0.0013977769948261918,0.16633546238431682,0.00016633546238431683
2022-02-22,110070,sell,rebalance,127.1,0.0013814798497239792,0.17558608889991775,0.00017558608889991776
2022-02-22,123014,sell,rebalance_resize,134.098,2.6971689996252707e-05,0.003616849685117496,3.6168496851174957e-06
2022-02-22,113527,sell,rebalance_resize,131.98,1.0730542292266065e-06,0.0001416216971733275,1.4162169717332751e-07
2022-02-22,128033,sell,rebalance_resize,125.208,1.4485167343895281e-05,0.0018136588327944403,1.8136588327944403e-06
2022-02-22,128053,sell,rebalance_resize,131.0,1.099628894501483e-05,0.001440513851796943,1.440513851796943e-06
2022-02-22,123052,sell,rebalance_resize,143.42,1.4371542390956488e-05,0.0020611666097109793,2.0611666097109793e-06
2022-02-22,128037,sell,rebalance_resize,124.39,6.147936226967262e-05,0.007647417872724577,7.647417872724577e-06
2022-02-22,123054,sell,rebalance_resize,139.0,3.64389349406682e-05,0.0050650119567528795,5.06501195675288e-06
2022-02-22,128079,sell,rebalance_resize,122.79,7.587075904171785e-06,0.0009316170502732535,9.316170502732535e-07
2022-02-22,128120,sell,rebalance_resize,125.9,1.6346095295108202e-05,0.0020579733976541226,2.0579733976541224e-06
2022-02-22,113567,buy,rebalance,128.4,1.1934033015139123e-05,0.0015323298391438634,1.5323298391438633e-06
2022-02-22,113502,buy,rebalance,130.35,8.088885150814831e-05,0.010543861794087131,1.0543861794087131e-05
2022-02-22,128021,buy,rebalance,126.34,4.724589426677063e-06,0.0005969046281663801,5.969046281663802e-07
2022-02-22,128036,buy,rebalance,131.135,0.0013328177302189507,0.17477905305226207,0.0001747790530522621
2022-02-22,128044,buy,rebalance,130.501,3.3425483433834786e-05,0.0043620590135988735,4.362059013598874e-06
2022-02-22,113532,buy,rebalance,117.75,0.001484323168172077,0.17477905305226207,0.0001747790530522621
2022-02-22,128082,buy,rebalance,149.1,0.0011722270493109462,0.17477905305226207,0.0001747790530522621
2022-02-22,123045,buy,rebalance,128.7,3.848812413447269e-06,0.0004953421576106635,4.953421576106635e-07
2022-02-22,113541,buy,rebalance,148.54,3.531952633736697e-05,0.00524636244215249,5.24636244215249e-06
2022-02-22,113594,buy,rebalance,123.97,0.001409849584998484,0.17477905305226207,0.0001747790530522621
2022-02-22,113017,buy,rebalance,128.68,0.001358245671839152,0.17477905305226207,0.0001747790530522621
2022-03-01,128079,sell,rebalance,125.607,0.0014248608307078285,0.17897249436271823,0.00017897249436271822
2022-03-01,113567,sell,rebalance,133.81,0.0013625941334358916,0.18232872099505668,0.00018232872099505667
2022-03-01,128120,sell,rebalance,121.201,0.001389663712490979,0.16842863161761912,0.0001684286316176191
2022-03-01,123052,sell,rebalance,162.0,0.0012199042072417673,0.1976244815731663,0.0001976244815731663
2022-03-01,113541,sell,rebalance,166.0,0.0011778192411378303,0.19551799402887982,0.00019551799402887983
2022-03-01,128036,sell,rebalance,134.44,0.0013328177302189507,0.17918401565063571,0.00017918401565063572
2022-03-01,113532,sell,rebalance,119.0,0.001484323168172077,0.17663445701247715,0.00017663445701247715
2022-03-01,128082,sell,rebalance,158.4,0.0011722270493109462,0.1856807646108539,0.0001856807646108539
2022-03-01,113594,sell,rebalance,125.35,0.001409849584998484,0.17672464547955996,0.00017672464547955998
2022-03-01,128033,sell,rebalance_resize,128.8,5.963703209623946e-07,7.681249733995643e-05,7.681249733995644e-08
2022-03-01,123014,sell,rebalance_resize,140.799,2.6991648825730508e-05,0.00380039716301403,3.80039716301403e-06
2022-03-01,113502,sell,rebalance_resize,149.27,0.00013693299544901611,0.02043998823067464,2.043998823067464e-05
2022-03-01,128066,buy,rebalance,120.0,0.0014976563400755914,0.17971876080907095,0.00017971876080907095
2022-03-01,113527,buy,rebalance,132.07,3.648255266393305e-05,0.004818250730325638,4.818250730325638e-06
2022-03-01,123054,buy,rebalance,140.539,2.1362533706730333e-05,0.003002269124610174,3.002269124610174e-06
2022-03-01,128053,buy,rebalance,130.0,4.824343419104894e-05,0.006271646444836362,6.271646444836362e-06
2022-03-01,128021,buy,rebalance,128.5,1.5174110808918062e-05,0.001949873238945971,1.949873238945971e-06
2022-03-01,128044,buy,rebalance,130.8,3.472073715684111e-05,0.0045414724201148175,4.541472420114818e-06
2022-03-01,128037,buy,rebalance,120.03,9.217451144088776e-05,0.011063706608249757,1.1063706608249757e-05
2022-03-01,110070,buy,rebalance,126.04,0.0014258867090532446,0.17971876080907095,0.00017971876080907095
2022-03-01,123045,buy,rebalance,130.6,1.8052485774273037e-05,0.0023576546421200583,2.3576546421200583e-06
2022-03-01,123080,buy,rebalance,130.45,0.0013776831031741738,0.17971876080907095,0.00017971876080907095
2022-03-01,113030,buy,rebalance,131.96,0.0013619184662706195,0.17971876080907095,0.00017971876080907095
2022-03-01,113568,buy,rebalance,163.0,0.0011025690847182266,0.17971876080907095,0.00017971876080907095
2022-03-01,128025,buy,rebalance,132.5,0.0013563680061061958,0.17971876080907095,0.00017971876080907095
2022-03-01,110052,buy,rebalance,125.87,0.0014278125113932705,0.17971876080907095,0.00017971876080907095
2022-03-01,127007,buy,rebalance,144.3,0.0012454522578591194,0.17971876080907095,0.00017971876080907095
2022-03-01,123048,buy,rebalance,130.709,0.0013749532228773149,0.17971876080907095,0.00017971876080907095
2022-03-01,113017,buy,rebalance,124.63,8.514950994156769e-05,0.01061218342401758,1.061218342401758e-05
2022-03-11,123014,sell,rebalance,145.0,0.001277715814392321,0.18526879308688654,0.00018526879308688654
2022-03-11,123045,sell,rebalance,126.35,0.0013774786891442956,0.17404443237338174,0.00017404443237338174
2022-03-11,113017,sell,rebalance,117.0,0.0014433951817807197,0.1688772362683442,0.0001688772362683442
2022-03-11,128066,sell,rebalance,114.66,0.0014976563400755914,0.1717212759530673,0.0001717212759530673
2022-03-11,123080,sell,rebalance,124.099,0.0013776831031741738,0.17096909542081182,0.00017096909542081183
2022-03-11,113568,sell,rebalance,150.0,0.0011025690847182266,0.165385362707734,0.00016538536270773398
2022-03-11,110052,sell,rebalance,117.5,0.0014278125113932705,0.16776797008870928,0.0001677679700887093
2022-03-11,123048,sell,rebalance,120.0,0.0013749532228773149,0.16499438674527778,0.00016499438674527777
2022-03-11,123054,sell,rebalance_resize,131.5,2.283525909062864e-06,0.00030028365704176663,3.0028365704176663e-07
2022-03-11,110070,sell,rebalance_resize,119.15,1.5669878296207398e-05,0.0018670659989931115,1.8670659989931116e-06
2022-03-11,128037,sell,rebalance_resize,114.58,3.2244642264300464e-05,0.003694591110643547,3.694591110643547e-06
2022-03-11,128053,sell,rebalance_resize,125.533,4.5294463956376495e-05,0.005685949943835811,5.685949943835811e-06
2022-03-11,128025,sell,rebalance_resize,126.9,3.227552868538433e-05,0.0040957645901752715,4.095764590175272e-06
2022-03-11,113527,buy,rebalance,120.0,3.806149065913621e-05,0.004567378879096346,4.567378879096346e-06
2022-03-11,128082,buy,rebalance,134.0,0.0012526685131726365,0.1678575807651333,0.0001678575807651333
2022-03-11,113546,buy,rebalance,124.0,0.0013536901674607524,0.1678575807651333,0.0001678575807651333
2022-03-11,113502,buy,rebalance,130.01,8.712437616755742e-05,0.01132704014554414,1.132704014554414e-05
2022-03-11,127007,buy,rebalance,125.324,9.519494733776095e-05,0.011930211580157554,1.1930211580157553e-05
2022-03-11,128021,buy,rebalance,117.156,3.4190968730426046e-05,0.004005677132581794,4.005677132581794e-06
2022-03-11,128044,buy,rebalance,118.999,3.6613740573739726e-05,0.004356998514534453,4.3569985145344535e-06
2022-03-11,113570,buy,rebalance,125.3,0.001339645496928438,0.1678575807651333,0.0001678575807651333
2022-03-11,128033,buy,rebalance,119.869,5.0052452957493595e-06,0.0005999737483561799,5.999737483561799e-07
2022-03-11,128073,buy,rebalance,116.417,0.0014418648544897506,0.1678575807651333,0.0001678575807651333
2022-03-11,113532,buy,rebalance,114.72,0.001463193695651441,0.1678575807651333,0.0001678575807651333
2022-03-11,123098,buy,rebalance,128.0,0.0013113873497276039,0.1678575807651333,0.0001678575807651333
2022-03-11,128121,buy,rebalance,118.3,0.0014189144612437303,0.1678575807651333,0.0001678575807651333
2022-03-11,113030,buy,rebalance,120.02,3.803752878239079e-05,0.004565264204462542,4.565264204462542e-06
2022-03-11,128097,buy,rebalance,119.649,0.0014029167044031566,0.1678575807651333,0.0001678575807651333
2022-03-22,128033,sell,rebalance,118.39,0.0014017529855956281,0.16595353596466642,0.0001659535359646664
2022-03-22,110070,sell,rebalance,118.5,0.0014102168307570373,0.1671106944447089,0.00016711069444470892
2022-03-22,113030,sell,rebalance,124.59,0.0013999559950530103,0.17442051742365455,0.00017442051742365457
2022-03-22,128073,sell,rebalance,119.1,0.0014418648544897506,0.17172610416972928,0.00017172610416972927
2022-03-22,113532,sell,rebalance,113.86,0.001463193695651441,0.16659923418687306,0.00016659923418687307
2022-03-22,123098,sell,rebalance,134.304,0.0013113873497276039,0.17612456661781611,0.0001761245666178161
2022-03-22,128121,sell,rebalance,120.4,0.0014189144612437303,0.17083730113374515,0.00017083730113374515
2022-03-22,113527,sell,rebalance_resize,123.9,2.3009405006053476e-06,0.00028508652802500256,2.850865280250026e-07
2022-03-22,123054,sell,rebalance_resize,140.501,4.5054588501134054e-05,0.006330214738997836,6.330214738997836e-06
2022-03-22,127007,sell,rebalance_resize,131.001,1.853235002582405e-05,0.0024277563857329765,2.4277563857329765e-06
2022-03-22,128025,sell,rebalance_resize,140.0,8.696127640464311e-05,0.012174578696650035,1.2174578696650035e-05
2022-03-22,113546,sell,rebalance_resize,130.81,2.9644848736927035e-05,0.0038778426632774254,3.877842663277425e-06
2022-03-22,128021,sell,rebalance_resize,124.0,3.7423169174928905e-05,0.004640472977691185,4.640472977691184e-06
2022-03-22,113570,sell,rebalance_resize,131.5,2.2547640333277666e-05,0.0029650147038260133,2.9650147038260135e-06
2022-03-22,128082,buy,rebalance,137.27,9.057222052311737e-06,0.0012432848711208323,1.2432848711208323e-06
2022-03-22,123052,buy,rebalance,145.0,0.00119324641047321,0.17302072951861544,0.00017302072951861543
2022-03-22,128053,buy,rebalance,128.07,1.3847184524732057e-05,0.0017734089220824345,1.7734089220824345e-06
2022-03-22,113502,buy,rebalance,130.92,3.0571019940585806e-05,0.004002357930621494,4.002357930621494e-06
2022-03-22,113039,buy,rebalance,136.09,0.0012713698987333046,0.17302072951861544,0.00017302072951861543
2022-03-22,128022,buy,rebalance,118.5,0.0014600905444608898,0.17302072951861544,0.00017302072951861543
2022-03-22,128044,buy,rebalance,121.255,1.639516149532883e-05,0.001987995307116097,1.987995307116097e-06
2022-03-22,128037,buy,rebalance,117.856,3.109926733214102e-06,0.0003665235250696812,3.665235250696812e-07
2022-03-22,128042,buy,rebalance,120.4,0.0014370492484934837,0.17302072951861544,0.00017302072951861543
2022-03-22,128049,buy,rebalance,113.9,0.001519058204728845,0.17302072951861544,0.00017302072951861543
2022-03-22,123045,buy,rebalance,127.3,0.001359157341073177,0.17302072951861544,0.00017302072951861543
2022-03-22,128036,buy,rebalance,141.302,0.0012244747386350896,0.17302072951861544,0.00017302072951861543
2022-03-22,128097,buy,rebalance,120.1,3.916105888014046e-05,0.0047032431715048695,4.70324317150487e-06
2022-03-31,123054,sell,rebalance,131.999,0.0012327198250707367,0.16271778418951216,0.00016271778418951218
2022-03-31,127007,sell,rebalance,162.999,0.0013221148551710565,0.21550339927802703,0.00021550339927802704
2022-03-31,113546,sell,rebalance,119.99,0.0013240453187238254,0.1588721977936718,0.0001588721977936718
2022-03-31,128097,sell,rebalance,116.872,0.001442077763283297,0.16853851235044548,0.0001685385123504455
2022-03-31,128022,sell,rebalance,119.0,0.0014600905444608898,0.17375077479084589,0.0001737507747908459
2022-03-31,128049,sell,rebalance,109.04,0.001519058204728845,0.16563810664363326,0.00016563810664363326
2022-03-31,123045,sell,rebalance,124.5,0.001359157341073177,0.16921508896361054,0.00016921508896361055
2022-03-31,128036,sell,rebalance,144.56,0.0012244747386350896,0.17701006821708856,0.00017701006821708857
2022-03-31,128053,sell,rebalance_resize,127.11,1.2176120416296954e-05,0.0015477066661155059,1.547706666115506e-06
2022-03-31,113527,sell,rebalance_resize,122.75,1.0103624498610036e-05,0.0012402199072043818,1.2402199072043817e-06
2022-03-31,128044,sell,rebalance_resize,120.0,8.776276079182355e-06,0.0010531531295018826,1.0531531295018825e-06
2022-03-31,128037,sell,rebalance_resize,116.78,1.0842222158821437e-05,0.0012661547037071674,1.2661547037071674e-06
2022-03-31,128082,buy,rebalance,132.5,2.3914991330125758e-05,0.003168736351241663,3.1687363512416632e-06
2022-03-31,128073,buy,rebalance,115.309,0.001475858546663772,0.17017977315725288,0.00017017977315725289
2022-03-31,113550,buy,rebalance,147.88,0.0011507964103141255,0.17017977315725288,0.00017017977315725289
2022-03-31,123052,buy,rebalance,135.868,6.048756790223258e-05,0.008218324875740536,8.218324875740537e-06
2022-03-31,128025,buy,rebalance,132.0,5.334992488604211e-05,0.007042190084957559,7.042190084957559e-06
2022-03-31,128079,buy,rebalance,119.4,0.0014252912324728046,0.17017977315725288,0.00017017977315725289
2022-03-31,128076,buy,rebalance,120.78,0.0014090062357778844,0.17017977315725288,0.00017017977315725289
2022-03-31,113039,buy,rebalance,129.86,4.0391322410456826e-05,0.005245217128221924,5.245217128221925e-06
2022-03-31,113502,buy,rebalance,128.21,5.776751088813085e-06,0.0007406372570967257,7.406372570967257e-07
2022-03-31,128069,buy,rebalance,118.299,0.0014385563120335157,0.17017977315725288,0.00017017977315725289
2022-03-31,123098,buy,rebalance,127.05,0.0013394708631031317,0.17017977315725288,0.00017017977315725289
2022-03-31,128042,buy,rebalance,117.118,1.7454115081422005e-05,0.002044191050105982,2.0441910501059822e-06
2022-03-31,113570,buy,rebalance,126.26,3.207458154421208e-05,0.004049736665772218,4.049736665772218e-06
2022-03-31,113598,buy,rebalance,119.71,0.0014216003103938927,0.17017977315725288,0.00017017977315725289
2022-03-31,128021,buy,rebalance,120.803,1.337741236024562e-05,0.0016160315453547516,1.6160315453547516e-06
2022-03-31,113568,buy,rebalance,145.5,0.0011696204340704665,0.17017977315725288,0.00017017977315725289
2022-04-06,113550,sell,risk_exit_next_open,143.0,0.0011507964103141255,0.16456388667491995,0.00016456388667491996
2022-04-12,113502,sell,rebalance,125.86,0.001328678209705326,0.16722743947351235,0.00016722743947351234
2022-04-12,128044,sell,rebalance,122.092,0.001419588138482663,0.17332035500362528,0.0001733203550036253
2022-04-12,128025,sell,rebalance,123.6,0.0012904811259022105,0.1595034671615132,0.00015950346716151322
2022-04-12,128076,sell,rebalance,118.35,0.0014090062357778844,0.1667558880043126,0.0001667558880043126
2022-04-12,128069,sell,rebalance,114.5,0.0014385563120335157,0.16471469772783753,0.00016471469772783752
2022-04-12,113598,sell,rebalance,123.18,0.0014216003103938927,0.17511272623431973,0.00017511272623431972
2022-04-12,128079,sell,rebalance_resize,121.7,5.5517539355951066e-05,0.006756484539619245,6.756484539619245e-06
2022-04-12,128053,sell,rebalance_resize,126.501,2.2394661888099362e-05,0.0028329471235064574,2.8329471235064575e-06
2022-04-12,128073,sell,rebalance_resize,115.29,2.9926909467821966e-05,0.0034502733925451945,3.4502733925451947e-06
2022-04-12,128037,sell,rebalance_resize,116.8,3.14922327100649e-05,0.00367829278053558,3.67829278053558e-06
2022-04-12,128042,sell,rebalance_resize,116.278,2.085763134420781e-05,0.0024252836574417957,2.4252836574417957e-06
2022-04-12,128021,sell,rebalance_resize,122.8,5.2634712440506707e-05,0.006463542687694224,6.4635426876942235e-06
2022-04-12,113568,buy,rebalance,130.7,0.00010572267425564974,0.01381795352521342,1.3817953525213421e-05
2022-04-12,128082,buy,rebalance,124.1,5.758376258668936e-05,0.007146144937008149,7.146144937008149e-06
2022-04-12,113567,buy,rebalance,130.01,0.0012809119057013295,0.16653135686022982,0.00016653135686022982
2022-04-12,128079,buy,rebalance,121.7,2.278328177665807e-19,2.7727253922192868e-17,2.7727253922192867e-20
2022-04-12,113525,buy,rebalance,140.93,0.0011816600926717507,0.16653135686022982,0.00016653135686022982
2022-04-12,123084,buy,rebalance,127.9,0.0013020434469134465,0.16653135686022982,0.00016653135686022982
2022-04-12,123089,buy,rebalance,129.35,0.0012874476757652094,0.16653135686022982,0.00016653135686022982
2022-04-12,113039,buy,rebalance,126.18,9.369313702649694e-06,0.0011822200030003384,1.1822200030003383e-06
2022-04-12,113526,buy,rebalance,131.42,0.0012671690523529892,0.16653135686022982,0.00016653135686022982
2022-04-12,123098,buy,rebalance,122.8,1.8014469543505098e-05,0.002212176859942426,2.212176859942426e-06
2022-04-12,123052,buy,rebalance,132.001,9.136958265957703e-06,0.0012060876280646827,1.2060876280646828e-06
2022-04-12,123012,buy,rebalance,152.0,0.0010956010319751962,0.16653135686022982,0.00016653135686022982
2022-04-12,113527,buy,rebalance,120.0,1.3926596878217156e-06,0.00016711916253860586,1.6711916253860587e-07
2022-04-12,113570,buy,rebalance,121.36,2.4413851140683854e-05,0.0029628649744333924,2.9628649744333923e-06
2022-04-12,128021,buy,rebalance,122.8,2.257919700504305e-19,2.7727253922192868e-17,2.7727253922192867e-20
2022-04-12,123067,buy,rebalance,143.59,0.0011597698785446745,0.16653135686022982,0.00016653135686022982
2022-04-21,128037,sell,rebalance,114.7,0.0014272385141465848,0.16370425757261328,0.00016370425757261328
2022-04-21,113527,sell,rebalance,123.5,0.0013891773979193456,0.17156340864303918,0.00017156340864303918
2022-04-21,128082,sell,rebalance,156.999,0.0013432244891417632,0.21088490157076767,0.00021088490157076766
2022-04-21,113570,sell,rebalance,125.99,0.0013735862892800563,0.1730581365863943,0.0001730581365863943
2022-04-21,123052,sell,rebalance,141.0,0.0012628709366414002,0.17806480206643743,0.00017806480206643743
2022-04-21,128042,sell,rebalance,114.99,0.0014336457322306978,0.16485492274920793,0.00016485492274920794
2022-04-21,128073,sell,rebalance,117.21,0.00144593163719595,0.1694776471957373,0.0001694776471957373
2022-04-21,128079,sell,rebalance,121.6,0.0013697736931168538,0.16656448108300942,0.00016656448108300943
2022-04-21,123012,sell,rebalance,158.0,0.0010956010319751962,0.173104963052081,0.00017310496305208102
2022-04-21,113567,sell,rebalance_resize,135.5,1.5478349405608477e-05,0.0020973163444599485,2.0973163444599484e-06
2022-04-21,128021,sell,rebalance_resize,126.98,7.1631530914302585e-06,0.0009095771795498142,9.095771795498142e-07
2022-04-21,113526,sell,rebalance_resize,141.0,5.109637945887437e-05,0.007204589503701286,7.204589503701287e-06
2022-04-21,113568,buy,rebalance,133.0,1.3862840482391745e-05,0.001843757784158102,1.843757784158102e-06
2022-04-21,113525,buy,rebalance,138.83,5.33668469266306e-05,0.0074089193588241275,7.408919358824128e-06
2022-04-21,123089,buy,rebalance,128.81,4.3664707109127234e-05,0.005624450922726679,5.6244509227266795e-06
2022-04-21,123067,buy,rebalance,138.75,7.594645393499401e-05,0.010537570483480418,1.0537570483480418e-05
2022-04-21,128021,buy,rebalance,126.98,2.183624866470997e-19,2.772766855444872e-17,2.772766855444872e-20
2022-04-21,113039,buy,rebalance,129.01,7.954141343150409e-06,0.0010261637746798342,1.0261637746798343e-06
2022-04-21,128044,buy,rebalance,119.0,0.001439444073910888,0.17129384479539567,0.00017129384479539568
2022-04-21,123098,buy,rebalance,125.0,1.4230319990530048e-05,0.0017787899988162559,1.778789998816256e-06
2022-04-21,113598,buy,rebalance,123.65,0.001385312129360256,0.17129384479539567,0.00017129384479539568
2022-04-21,123057,buy,rebalance,131.6,0.001301624960451335,0.17129384479539567,0.00017129384479539568
2022-04-21,110070,buy,rebalance,122.9,0.001393766027627304,0.17129384479539567,0.00017129384479539568
2022-04-21,113504,buy,rebalance,133.11,0.0012868593253354042,0.17129384479539567,0.00017129384479539568
2022-04-21,123080,buy,rebalance,127.04,0.001348345755631263,0.17129384479539567,0.00017129384479539568
2022-04-21,128053,buy,rebalance,125.159,5.21471933001175e-05,0.006526690566249406,6.526690566249406e-06
2022-04-21,113030,buy,rebalance,126.18,0.0013575356220906297,0.17129384479539567,0.00017129384479539568
2022-04-21,128097,buy,rebalance,116.007,0.0014765819717378749,0.17129384479539567,0.00017129384479539568
2022-04-21,123022,buy,rebalance,136.044,0.0012591062067815976,0.17129384479539567,0.00017129384479539568
2022-04-21,123084,buy,rebalance,130.2,1.4886630649748894e-05,0.0019382393105973057,1.9382393105973056e-06
2022-05-11,128053,sell,rebalance,164.22,0.0013699348665384403,0.22497070378294268,0.00022497070378294269
2022-05-11,123084,sell,rebalance,131.35,0.0013169300775631955,0.17297876568792572,0.00017297876568792573
2022-05-11,113598,sell,rebalance,121.18,0.001385312129360256,0.16787212383587585,0.00016787212383587586
2022-05-11,110070,sell,rebalance,120.6,0.001393766027627304,0.16808818293185285,0.00016808818293185285
2022-05-11,113504,sell,rebalance,145.0,0.0012868593253354042,0.1865946021736336,0.0001865946021736336
2022-05-11,113030,sell,rebalance,119.28,0.0013575356220906297,0.1619268490029703,0.0001619268490029703
2022-05-11,128097,sell,rebalance,115.3,0.0014765819717378749,0.17024990134137696,0.00017024990134137697
2022-05-11,123022,sell,rebalance,137.001,0.0012591062067815976,0.17249880943528564,0.00017249880943528566
2022-05-11,128021,sell,rebalance_resize,131.15,7.320325566101432e-06,0.0009600606979942029,9.60060697994203e-07
2022-05-11,113568,sell,rebalance_resize,144.5,7.026403600815955e-05,0.010153153203179055,1.0153153203179055e-05
2022-05-11,123067,sell,rebalance_resize,149.6,5.832925761569558e-05,0.008726056939308058,8.726056939308058e-06
2022-05-11,123098,sell,rebalance_resize,128.66,2.7034779158052514e-06,0.00034782946864750364,3.4782946864750363e-07
2022-05-11,113541,buy,rebalance,140.09,0.0012560402971013892,0.1759586852209336,0.0001759586852209336
2022-05-11,113525,buy,rebalance,142.32,2.5836109516890924e-06,0.0003676995106443916,3.676995106443916e-07
2022-05-11,123089,buy,rebalance,128.86,3.57387474594634e-05,0.004605294997626454,4.605294997626454e-06
2022-05-11,123057,buy,rebalance,133.101,2.1687256639386914e-05,0.0028865955459590376,2.8865955459590377e-06
2022-05-11,113526,buy,rebalance,138.0,6.022210568409131e-05,0.0083106505844046,8.3106505844046e-06
2022-05-11,113039,buy,rebalance,130.25,2.319204826799298e-05,0.0030207642869060857,3.0207642869060857e-06
2022-05-11,113567,buy,rebalance,136.38,2.605715342979102e-05,0.003553674584754899,3.553674584754899e-06
2022-05-11,113570,buy,rebalance,120.6,0.0014590272406379238,0.1759586852209336,0.0001759586852209336
2022-05-11,113502,buy,rebalance,123.68,0.0014226931211265654,0.1759586852209336,0.0001759586852209336
2022-05-11,123067,buy,rebalance,149.6,1.8534398474143679e-19,2.7727460117318942e-17,2.7727460117318944e-20
2022-05-11,128037,buy,rebalance,115.4,0.0015247719689855598,0.1759586852209336,0.0001759586852209336
2022-05-11,123080,buy,rebalance,122.598,8.82693058982862e-05,0.010821640364518091,1.0821640364518092e-05
2022-05-11,128044,buy,rebalance,121.5,1.0233667719662734e-05,0.0012433906279390222,1.2433906279390222e-06
2022-05-11,123012,buy,rebalance,157.0,0.0011207559568212331,0.1759586852209336,0.0001759586852209336
2022-05-11,128040,buy,rebalance,145.9,0.0012060225169358027,0.1759586852209336,0.0001759586852209336
2022-05-11,128128,buy,rebalance,139.069,0.0012652617421634845,0.1759586852209336,0.0001759586852209336
2022-05-11,128025,buy,rebalance,122.072,0.0014414336229514844,0.1759586852209336,0.0001759586852209336
2022-05-23,123098,sell,rebalance,136.991,0.0013690121747213615,0.18754234682725404,0.00018754234682725405
2022-05-23,113567,sell,rebalance,133.51,0.001291490709725512,0.1724269246554531,0.00017242692465545308
2022-05-23,113502,sell,rebalance,126.18,0.0014226931211265654,0.17951541802375004,0.00017951541802375005
2022-05-23,123012,sell,rebalance,171.0,0.0011207559568212331,0.19164926861643086,0.00019164926861643086
2022-05-23,128040,sell,rebalance,151.13,0.0012060225169358027,0.18226618298450786,0.00018226618298450786
2022-05-23,128128,sell,rebalance,145.2,0.0012652617421634845,0.18371600496213794,0.00018371600496213793
2022-05-23,123080,sell,rebalance_resize,129.5,3.234640399978356e-05,0.004188859317971971,4.1888593179719715e-06
2022-05-23,113568,sell,rebalance_resize,156.95,6.027487775667406e-05,0.009460142063909993,9.460142063909994e-06
2022-05-23,123089,sell,rebalance_resize,137.401,4.3332443060019985e-05,0.0059539210088898065,5.953921008889806e-06
2022-05-23,123057,sell,rebalance_resize,139.2,1.6898487564107807e-05,0.0023522694689238066,2.352269468923807e-06
2022-05-23,113039,sell,rebalance_resize,134.97,4.91959954013093e-06,0.0006639983499314717,6.639983499314717e-07
2022-05-23,123067,sell,rebalance_resize,159.547,3.7580051541035785e-05,0.005995784483217637,5.995784483217637e-06
2022-05-23,113525,sell,rebalance_resize,155.03,6.459377218391757e-05,0.010013972501672741,1.0013972501672742e-05
2022-05-23,128021,buy,rebalance,129.69,5.912995923028702e-05,0.007668564412575923,7.668564412575923e-06
2022-05-23,113541,buy,rebalance,137.49,6.65528293586931e-05,0.009150348508526715,9.150348508526715e-06
2022-05-23,128066,buy,rebalance,119.01,0.0015264678183322335,0.18166493505971912,0.00018166493505971913
2022-05-23,123023,buy,rebalance,118.999,0.001526608921585216,0.18166493505971912,0.00018166493505971913
2022-05-23,123103,buy,rebalance,138.708,0.0013096932769538824,0.18166493505971912,0.00018166493505971913
2022-05-23,123080,buy,rebalance,129.5,2.1410736507168266e-19,2.7726903776782906e-17,2.772690377678291e-20
2022-05-23,113570,buy,rebalance,121.6,3.643500986545436e-05,0.00443049719963925,4.43049719963925e-06
2022-05-23,113526,buy,rebalance,140.41,1.8841290686368068e-05,0.0026455056252729404,2.6455056252729406e-06
2022-05-23,113601,buy,rebalance,117.3,0.0015487206739959005,0.18166493505971912,0.00018166493505971913
2022-05-23,128037,buy,rebalance,117.5,2.2887692244898004e-05,0.0026893038387755153,2.6893038387755154e-06
2022-05-23,128044,buy,rebalance,116.12,0.00011627841357953382,0.013502249384855468,1.3502249384855467e-05
2022-05-23,113525,buy,rebalance,155.03,1.7884863430808814e-19,2.7726903776782906e-17,2.772690377678291e-20
2022-05-23,127013,buy,rebalance,135.25,0.0013431788174470913,0.18166493505971912,0.00018166493505971913
2022-05-23,128042,buy,rebalance,119.118,0.0015250838249443335,0.18166493505971912,0.00018166493505971913
2022-05-23,128025,buy,rebalance,123.8,2.7461978760319635e-05,0.0033997929705275706,3.399792970527571e-06
2022-05-25,113541,sell,risk_exit_next_open,123.44,0.0013225931264600824,0.16326089553023257,0.00016326089553023258
2022-05-31,113525,sell,rebalance,164.43,0.0011730167783661528,0.1928791488667465,0.0001928791488667465
2022-05-31,123057,sell,rebalance,145.103,0.001306413729526614,0.1895645513955003,0.0001895645513955003
2022-05-31,128066,sell,rebalance,115.6,0.0015264678183322335,0.17645967979920618,0.0001764596797992062
2022-05-31,113601,sell,rebalance,113.6,0.0015487206739959005,0.1759346685659343,0.0001759346685659343
2022-05-31,128042,sell,rebalance,118.61,0.0015250838249443335,0.1808901924766474,0.0001808901924766474
2022-05-31,123103,sell,rebalance_resize,142.02,3.358030893863158e-05,0.004769075475464457,4.769075475464457e-06
2022-05-31,123023,sell,rebalance_resize,119.299,7.454832133284789e-06,0.0008893540186687421,8.893540186687421e-07
2022-05-31,123089,sell,rebalance_resize,142.0,4.7225985037681816e-05,0.006706089875350818,6.706089875350818e-06
2022-05-31,128021,sell,rebalance_resize,134.4,5.3686198142444625e-05,0.007215425030344558,7.215425030344558e-06
2022-05-31,113039,sell,rebalance_resize,137.72,3.140037413666597e-05,0.004324459526101637,4.324459526101637e-06
2022-05-31,123080,sell,rebalance_resize,129.4,3.7001589399208226e-06,0.00047880056682575445,4.788005668257544e-07
2022-05-31,113570,sell,rebalance_resize,123.81,3.165832741537277e-05,0.0039196175172973025,3.919617517297302e-06
2022-05-31,123103,buy,rebalance,142.02,1.9523403986602232e-19,2.772713834177249e-17,2.772713834177249e-20
2022-05-31,128022,buy,rebalance,125.0,0.0014483830313470275,0.18104787891837845,0.00018104787891837844
2022-05-31,123067,buy,rebalance,152.97,4.491231721970618e-05,0.0068702371650984535,6.870237165098454e-06
2022-05-31,128025,buy,rebalance,122.6,9.34574073752658e-06,0.0011457878144207586,1.1457878144207587e-06
2022-05-31,113502,buy,rebalance,130.51,0.0013872337669019882,0.18104787891837845,0.00018104787891837844
2022-05-31,128082,buy,rebalance,139.7,0.0012959762270463742,0.18104787891837845,0.00018104787891837844
2022-05-31,128044,buy,rebalance,113.553,3.003924173468229e-05,0.003411046016698378,3.411046016698378e-06
2022-05-31,113568,buy,rebalance,153.88,1.907246119082147e-05,0.002934870328043608,2.934870328043608e-06
2022-05-31,113526,buy,rebalance,139.3,5.888499588139937e-06,0.0008202679926278933,8.202679926278933e-07
2022-05-31,127021,buy,rebalance,113.99,0.00158827861144292,0.18104787891837845,0.00018104787891837844
2022-05-31,127013,buy,rebalance,134.66,2.6788518264160963e-06,0.0003607341869451915,3.6073418694519154e-07
2022-05-31,128037,buy,rebalance,115.0,2.825539203889517e-05,0.0032493700844729444,3.2493700844729443e-06
2022-05-31,128139,buy,rebalance,119.96,0.0015092354027874163,0.18104787891837845,0.00018104787891837844
2022-05-31,113567,buy,rebalance,130.54,0.0013869149603062546,0.18104787891837845,0.00018104787891837844
2022-06-01,113568,sell,risk_exit_next_open,156.0,0.0011777394962344957,0.18372736141258134,0.00018372736141258135
2022-06-08,127013,sell,risk_exit_next_open,143.0,0.0013458576692735075,0.19245764670611157,0.00019245764670611156
2022-06-13,128021,sell,rebalance,146.001,0.0013484640157554013,0.19687709476430434,0.00019687709476430435
2022-06-13,113039,sell,rebalance,140.9,0.0013159567507807577,0.18541830618500876,0.00018541830618500876
2022-06-13,123067,sell,rebalance,182.313,0.0011847193405426437,0.21598973713235098,0.000215989737132351
2022-06-13,123080,sell,rebalance,129.462,0.001400568498589845,0.1813203989644385,0.0001813203989644385
2022-06-13,128082,sell,rebalance,170.0,0.0012959762270463742,0.2203159585978836,0.00022031595859788361
2022-06-13,113567,sell,rebalance,129.49,0.0013869149603062546,0.17959161821005692,0.00017959161821005693
2022-06-13,128025,sell,rebalance_resize,132.5,5.7024078532709126e-05,0.007555690405583959,7.555690405583959e-06
2022-06-13,128139,sell,rebalance_resize,131.197,7.390313551794843e-05,0.00969586967054828,9.69586967054828e-06
2022-06-13,123023,buy,rebalance,118.9,6.455934205187108e-05,0.007676105769967472,7.676105769967472e-06
2022-06-13,128022,buy,rebalance,122.6,8.750963491503498e-05,0.010728681240583288,1.0728681240583289e-05
2022-06-13,123103,buy,rebalance,146.169,1.2186784755135108e-05,0.0017813301408733438,1.781330140873344e-06
2022-06-13,113502,buy,rebalance,132.6,3.2878449352726983e-05,0.0043596823841715975,4.3596823841715974e-06
2022-06-13,113532,buy,rebalance,116.35,0.0016168551696875359,0.1881210989931448,0.00018812109899314481
2022-06-13,113599,buy,rebalance,134.39,0.0013998147108649811,0.1881210989931448,0.00018812109899314481
2022-06-13,123089,buy,rebalance,139.748,7.114151025916542e-05,0.009941883775697848,9.941883775697849e-06
2022-06-13,113526,buy,rebalance,143.9,7.59379607317417e-06,0.001092747254929763,1.0927472549297631e-06
2022-06-13,113570,buy,rebalance,124.0,5.478010986248835e-05,0.006792733622948555,6.792733622948555e-06
2022-06-13,123098,buy,rebalance,129.9,0.001448199376390645,0.1881210989931448,0.00018812109899314481
2022-06-13,127021,buy,rebalance,114.53,5.587416839646215e-05,0.0063992685064468095,6.39926850644681e-06
2022-06-13,128083,buy,rebalance,120.5,0.0015611709460012016,0.1881210989931448,0.00018812109899314481
2022-06-13,128042,buy,rebalance,117.85,0.0015962757657458193,0.1881210989931448,0.00018812109899314481
2022-06-13,128044,buy,rebalance,113.7,6.015563742121052e-05,0.006839695974791637,6.839695974791637e-06
2022-06-13,110070,buy,rebalance,125.02,0.001504728035459485,0.1881210989931448,0.00018812109899314481
2022-06-13,123091,buy,rebalance,131.2,0.0014338498398867746,0.1881210989931448,0.00018812109899314481
2022-06-13,128037,buy,rebalance,113.633,8.119124572799671e-05,0.00922600482580945,9.22600482580945e-06
2022-06-13,127029,buy,rebalance,128.99,0.0014584161484855012,0.1881210989931448,0.00018812109899314481
2022-06-17,128022,sell,risk_exit_next_open,123.882,0.0015358926662620625,0.19026945528187683,0.00019026945528187683
2022-06-21,113570,sell,rebalance,127.5,0.0015185840329504938,0.19361946420118795,0.00019361946420118795
2022-06-21,128037,sell,rebalance,114.1,0.0016571062989973497,0.18907582871559758,0.00018907582871559758
2022-06-21,123098,sell,rebalance,129.1,0.001448199376390645,0.18696253949203226,0.00018696253949203225
2022-06-21,110070,sell,rebalance,124.4,0.001504728035459485,0.18718816761115994,0.00018718816761115995
2022-06-21,123091,sell,rebalance,135.1,0.0014338498398867746,0.19371311336870323,0.00019371311336870324
2022-06-21,123023,sell,rebalance_resize,120.74,8.802318075323414e-06,0.001062791884414549,1.062791884414549e-06
2022-06-21,128042,sell,rebalance_resize,122.85,4.8414407704675536e-05,0.005947709986519389,5.94770998651939e-06
2022-06-21,127021,sell,rebalance_resize,118.3,3.67582926428098e-05,0.004348506019644399,4.3485060196444e-06
2022-06-21,128139,sell,rebalance_resize,136.902,4.634768095696324e-05,0.006345090218370181,6.345090218370181e-06
2022-06-21,123089,sell,rebalance_resize,146.401,4.8571719511237015e-05,0.007110948308164611,7.110948308164611e-06
2022-06-21,128083,sell,rebalance_resize,122.602,1.0178565490651114e-05,0.0012479124862848079,1.247912486284808e-06
2022-06-21,123103,sell,rebalance_resize,152.21,3.900753914871539e-05,0.00593733753382597,5.93733753382597e-06
2022-06-21,113502,buy,rebalance,133.57,3.517978342373969e-06,0.000469896367190891,4.69896367190891e-07
2022-06-21,113599,buy,rebalance,128.36,8.151917788776726e-05,0.010463801673673808,1.0463801673673808e-05
2022-06-21,113526,buy,rebalance,140.12,4.8417020223697256e-05,0.00678419287374446,6.78419287374446e-06
2022-06-21,128025,buy,rebalance,131.115,2.904285715421862e-05,0.0038079542157753747,3.8079542157753746e-06
2022-06-21,128044,buy,rebalance,113.999,1.1875676462233936e-05,0.0013538152410182064,1.3538152410182065e-06
2022-06-21,128139,buy,rebalance,136.902,2.0253239897833557e-19,2.7727090484932094e-17,2.772709048493209e-20
2022-06-21,128021,buy,rebalance,141.476,0.0013426985131823087,0.1899596148509803,0.0001899596148509803
2022-06-21,113039,buy,rebalance,141.22,0.0013451325226666218,0.1899596148509803,0.0001899596148509803
2022-06-21,128097,buy,rebalance,118.0,0.0016098272444998332,0.1899596148509803,0.0001899596148509803
2022-06-21,113532,buy,rebalance,115.89,2.394142543381698e-05,0.00277457179352505,2.77457179352505e-06
2022-06-21,123112,buy,rebalance,131.0,0.00145007339580901,0.1899596148509803,0.0001899596148509803
2022-06-21,123080,buy,rebalance,128.5,0.001478284940474555,0.1899596148509803,0.0001899596148509803
2022-06-21,113591,buy,rebalance,120.02,0.0015827330015912374,0.1899596148509803,0.0001899596148509803
2022-06-21,127029,buy,rebalance,126.902,3.998068920247512e-05,0.0050736294211724976,5.073629421172497e-06
2022-07-01,128025,sell,rebalance,135.1,0.0014502601210708403,0.19593014235667053,0.00019593014235667054
2022-07-01,113502,sell,rebalance,138.78,0.001423630194597089,0.197571398406184,0.00019757139840618403
2022-07-01,128139,sell,rebalance,136.21,0.0013889845863125048,0.1891935905016263,0.0001891935905016263
2022-07-01,113532,sell,rebalance,121.0,0.001640796595121353,0.1985363880096837,0.0001985363880096837
2022-07-01,123080,sell,rebalance,132.0,0.001478284940474555,0.19513361214264127,0.00019513361214264127
2022-07-01,113591,sell,rebalance,121.35,0.0015827330015912374,0.19206464974309664,0.00019206464974309666
2022-07-01,113599,sell,rebalance_resize,144.11,0.00012957342122558714,0.018672825732819365,1.8672825732819364e-05
2022-07-01,127021,sell,rebalance_resize,124.245,3.9506837992667225e-05,0.004908527086398939,4.90852708639894e-06
2022-07-01,113526,sell,rebalance_resize,146.02,2.2956485167807796e-05,0.0033521059642032947,3.3521059642032948e-06
2022-07-01,128083,sell,rebalance_resize,130.0,5.251391146947978e-05,0.006826808491032371,6.826808491032371e-06
2022-07-01,123112,sell,rebalance_resize,136.578,2.3766077094874415e-05,0.003245923277463758,3.2459232774637583e-06
2022-07-01,123023,buy,rebalance,122.796,1.1465883707051186e-05,0.0014079646556910575,1.4079646556910575e-06
2022-07-01,128042,buy,rebalance,123.777,2.592773919579411e-05,0.003209257774437808,3.209257774437808e-06
2022-07-01,123103,buy,rebalance,147.2,7.401601315540205e-05,0.010895157136475181,1.0895157136475181e-05
2022-07-01,123089,buy,rebalance,146.0,3.536270803563679e-05,0.0051629553732029715,5.162955373202971e-06
2022-07-01,113039,buy,rebalance,139.68,4.9448532138099744e-05,0.006906970969049773,6.906970969049773e-06
2022-07-01,128044,buy,rebalance,116.09,9.990392690102757e-06,0.0011597846873940291,1.159784687394029e-06
2022-07-01,128119,buy,rebalance,127.0,0.0015322962105582644,0.1946016187408996,0.0001946016187408996
2022-07-01,128083,buy,rebalance,130.0,2.1328458843197398e-19,2.7726996496156617e-17,2.772699649615662e-20
2022-07-01,128021,buy,rebalance,141.25,3.6394600090624494e-05,0.00514073726280071,5.14073726280071e-06
2022-07-01,128037,buy,rebalance,117.35,0.0016583009692449902,0.1946016187408996,0.0001946016187408996
2022-07-01,110070,buy,rebalance,127.19,0.0015300072233736897,0.1946016187408996,0.0001946016187408996
2022-07-01,113598,buy,rebalance,130.57,0.0014904006949597887,0.1946016187408996,0.0001946016187408996
2022-07-01,113620,buy,rebalance,143.0,0.0013608504807055915,0.1946016187408996,0.0001946016187408996
2022-07-01,128097,buy,rebalance,120.3,9.466414411989183e-06,0.0011388096537622988,1.138809653762299e-06
2022-07-01,127029,buy,rebalance,129.003,1.1650617183200905e-05,0.0015029645684844662,1.5029645684844663e-06
2022-07-01,123010,buy,rebalance,111.99,0.001737669602115364,0.1946016187408996,0.0001946016187408996
2022-07-11,113599,sell,risk_exit_next_open,163.05,0.0013517604675271611,0.22040454423030365,0.00022040454423030364
2022-07-12,127029,sell,rebalance,126.505,0.001510047454871177,0.19102855327847823,0.00019102855327847822
2022-07-12,128021,sell,rebalance,149.21,0.0013790931132729332,0.20577448343145438,0.00020577448343145439
2022-07-12,128097,sell,rebalance,116.11,0.0016192936589118224,0.1880161867362517,0.0001880161867362517
2022-07-12,128037,sell,rebalance,116.85,0.0016583009692449902,0.1937724682562771,0.00019377246825627708
2022-07-12,110070,sell,rebalance,126.64,0.0015300072233736897,0.19376011476804406,0.00019376011476804407
2022-07-12,113598,sell,rebalance,135.75,0.0014904006949597887,0.20232189434079131,0.00020232189434079133
2022-07-12,113620,sell,rebalance,182.0,0.0013608504807055915,0.24767478748841765,0.00024767478748841766
2022-07-12,113039,sell,rebalance_resize,143.0,1.1817127385839851e-05,0.0016898492161750987,1.6898492161750988e-06
2022-07-12,123089,sell,rebalance_resize,149.0,7.143042490132873e-06,0.001064313331029798,1.064313331029798e-06
2022-07-12,128042,buy,rebalance,121.749,5.028263648970376e-05,0.006121860709984943,6.121860709984943e-06
2022-07-12,123023,buy,rebalance,122.938,2.201528656597288e-05,0.002706515299847574,2.706515299847574e-06
2022-07-12,113532,buy,rebalance,117.01,0.001688209328112102,0.19753737348239706,0.00019753737348239707
2022-07-12,113526,buy,rebalance,139.99,7.833810627966558e-05,0.010966551498090385,1.0966551498090385e-05
2022-07-12,127021,buy,rebalance,123.0,3.967619857581806e-05,0.004880172424825621,4.880172424825621e-06
2022-07-12,128119,buy,rebalance,126.441,3.1526036676892185e-05,0.0039861836034629245,3.986183603462925e-06
2022-07-12,128083,buy,rebalance,124.721,8.685512213080727e-05,0.010832657687276414,1.0832657687276414e-05
2022-07-12,123091,buy,rebalance,132.995,0.0014852992479596756,0.19753737348239706,0.00019753737348239707
2022-07-12,123112,buy,rebalance,134.17,4.741161810188959e-05,0.0063612168007305256,6.361216800730525e-06
2022-07-12,123105,buy,rebalance,127.13,0.0015538218633084013,0.19753737348239706,0.00019753737348239707
2022-07-12,128025,buy,rebalance,131.0,0.0015079188815450156,0.19753737348239706,0.00019753737348239707
2022-07-12,123010,buy,rebalance,111.42,3.6976913362676174e-05,0.0041199676868693795,4.11996768686938e-06
2022-07-12,128128,buy,rebalance,143.2,0.0013794509321396443,0.19753737348239706,0.00019753737348239707
2022-07-12,123089,buy,rebalance,149.0,1.860926267491785e-19,2.7727801385627596e-17,2.77278013856276e-20
2022-07-12,128044,buy,rebalance,114.298,5.19282707235551e-05,0.005935297487160901,5.935297487160901e-06
2022-07-12,127035,buy,rebalance,124.9,0.0015815642392505767,0.19753737348239706,0.00019753737348239707
2022-07-12,123103,buy,rebalance,142.909,6.027582488840633e-05,0.00861395785897726,8.61395785897726e-06
2022-07-12,123097,buy,rebalance,134.65,0.0014670432490337694,0.19753737348239706,0.00019753737348239707
2022-07-12,113516,buy,rebalance,120.53,0.001638906276299652,0.19753737348239706,0.00019753737348239707
2022-07-21,128083,sell,rebalance,128.58,0.0015853335911718781,0.2038421931528801,0.00020384219315288011
2022-07-21,123112,sell,rebalance,140.0,0.001473718936816025,0.2063206511542435,0.0002063206511542435
2022-07-21,123091,sell,rebalance,137.721,0.0014852992479596756,0.2045568977282545,0.0002045568977282545
2022-07-21,128025,sell,rebalance,131.774,0.0015079188815450156,0.1987045026967129,0.00019870450269671288
2022-07-21,123097,sell,rebalance,146.797,0.0014670432490337694,0.21535754782841024,0.00021535754782841024
2022-07-21,113516,sell,rebalance,121.99,0.001638906276299652,0.19993017664579454,0.00019993017664579455
2022-07-21,113532,sell,rebalance_resize,122.8,2.4802476836531832e-05,0.003045744155526109,3.0457441555261088e-06
2022-07-21,128042,sell,rebalance_resize,131.65,7.248524427248303e-05,0.009542682408472392,9.542682408472391e-06
2022-07-21,123105,sell,rebalance_resize,137.249,6.553151994240228e-05,0.00899413558057477,8.99413558057477e-06
2022-07-21,127035,sell,rebalance_resize,130.769,1.952460190044032e-05,0.0025532126659186805,2.5532126659186806e-06
2022-07-21,128128,sell,rebalance_resize,149.0,8.535755383671206e-06,0.0012718275521670097,1.2718275521670097e-06
2022-07-21,123023,buy,rebalance,125.796,1.5382613855193374e-05,0.001935071292527906,1.935071292527906e-06
2022-07-21,113526,buy,rebalance,144.4,2.1677718600622707e-06,0.0003130262565929919,3.130262565929919e-07
2022-07-21,123010,buy,rebalance,113.33,2.7728452555126192e-05,0.0031424655280724513,3.1424655280724513e-06
2022-07-21,113039,buy,rebalance,147.41,2.93527799693225e-06,0.0004326893295277829,4.3268932952778294e-07
2022-07-21,123089,buy,rebalance,153.5,3.6396090535602305e-06,0.0005586799897214954,5.586799897214953e-07
2022-07-21,123044,buy,rebalance,124.088,0.001644463315693753,0.2040581639178064,0.0002040581639178064
2022-07-21,128119,buy,rebalance,123.95,8.406585287419148e-05,0.010419962463756035,1.0419962463756035e-05
2022-07-21,127019,buy,rebalance,115.12,0.0017725691792721194,0.2040581639178064,0.0002040581639178064
2022-07-21,127029,buy,rebalance,126.18,0.0016171989532240165,0.2040581639178064,0.0002040581639178064
2022-07-21,128049,buy,rebalance,113.85,0.00179234223906725,0.2040581639178064,0.0002040581639178064
2022-07-21,127021,buy,rebalance,125.0,2.6539964594066817e-05,0.003317495574258352,3.317495574258352e-06
2022-07-21,128044,buy,rebalance,114.3,5.7103637078386477e-05,0.006526945718059574,6.526945718059574e-06
2022-07-21,123103,buy,rebalance,146.51,1.0619578815231272e-05,0.0015558744922195336,1.5558744922195336e-06
2022-07-21,113502,buy,rebalance,136.3,0.00149712519382103,0.2040581639178064,0.0002040581639178064
2022-07-21,110052,buy,rebalance,134.0,0.0015228221187896,0.2040581639178064,0.0002040581639178064
2022-07-21,128128,buy,rebalance,149.0,1.8608916705079168e-19,2.772728589056796e-17,2.772728589056796e-20
2022-08-11,128044,sell,rebalance,113.011,0.0017870490113202555,0.2019561958183134,0.0002019561958183134
2022-08-11,123103,sell,rebalance,156.301,0.0013942036304807103,0.21791542164776548,0.00021791542164776548
2022-08-11,127021,sell,rebalance,134.6,0.0016341038123737902,0.21995037314551216,0.00021995037314551216
2022-08-11,113532,sell,rebalance,119.5,0.00166340685127557,0.19877711872743062,0.00019877711872743064
2022-08-11,127035,sell,rebalance,135.966,0.0015620396373501365,0.21238428133194867,0.00021238428133194868
2022-08-11,127019,sell,rebalance,122.2,0.0017725691792721194,0.216607953707053,0.000216607953707053
2022-08-11,113502,sell,rebalance,153.9,0.00149712519382103,0.2304075673290565,0.00023040756732905653
2022-08-11,123023,sell,rebalance_resize,145.0,0.00017044179238116214,0.02471405989526851,2.4714059895268508e-05
2022-08-11,123010,sell,rebalance_resize,119.061,3.241418952087104e-05,0.0038592658185444273,3.859265818544427e-06
2022-08-11,128049,sell,rebalance_resize,117.759,2.8119250322088418e-06,0.000331129479867881,3.31129479867881e-07
2022-08-11,123105,sell,rebalance_resize,141.711,1.2265286271827406e-06,0.00017381259828669338,1.7381259828669338e-07
2022-08-11,128042,sell,rebalance_resize,144.5,9.322455000466098e-05,0.013470947475673511,1.3470947475673512e-05
2022-08-11,123088,buy,rebalance,141.7,0.0014856525697978331,0.21051696914035295,0.00021051696914035296
2022-08-11,123010,buy,rebalance,119.061,2.3288131928448387e-19,2.7727082755329935e-17,2.7727082755329935e-20
2022-08-11,113604,buy,rebalance,116.02,0.001814488615241794,0.21051696914035295,0.00021051696914035296
2022-08-11,113039,buy,rebalance,145.4,6.357040828750097e-05,0.009243137365002641,9.24313736500264e-06
2022-08-11,123089,buy,rebalance,153.83,3.914829511730802e-05,0.006022182237895493,6.022182237895494e-06
2022-08-11,110052,buy,rebalance,129.7,0.00010184808724663603,0.013209696915888691,1.3209696915888692e-05
2022-08-11,113526,buy,rebalance,142.9,6.004421388455373e-05,0.008580318164102728,8.580318164102727e-06
2022-08-11,128123,buy,rebalance,120.65,0.0017448567686726311,0.21051696914035295,0.00021051696914035296
2022-08-11,123105,buy,rebalance,141.711,1.9565935428675214e-19,2.7727082755329935e-17,2.7727082755329935e-20
2022-08-11,128083,buy,rebalance,131.95,0.0015954298532804318,0.21051696914035295,0.00021051696914035296
2022-08-11,123044,buy,rebalance,127.0,1.483876052966919e-05,0.001884522587267987,1.884522587267987e-06
2022-08-11,128128,buy,rebalance,147.884,5.401984627039298e-05,0.007988670945850795,7.988670945850796e-06
2022-08-11,128119,buy,rebalance,121.451,8.71525595040417e-05,0.010584765504325367,1.0584765504325368e-05
2022-08-11,113594,buy,rebalance,126.863,0.0016594039959669325,0.21051696914035295,0.00021051696914035296
2022-08-11,127029,buy,rebalance,124.44,7.617583884780138e-05,0.009479321386220404,9.479321386220403e-06
2022-08-11,128121,buy,rebalance,129.865,0.0016210446936461165,0.21051696914035295,0.00021051696914035296
2022-08-11,127007,buy,rebalance,148.9,0.0014138144334476356,0.21051696914035295,0.00021051696914035296
2022-08-11,128042,buy,rebalance,144.5,1.918829256424217e-19,2.7727082755329935e-17,2.7727082755329935e-20
2022-08-23,123023,sell,rebalance,156.0,0.0014533331051755339,0.2267199644073833,0.0002267199644073833
2022-08-23,113039,sell,rebalance,152.93,0.001449269613703315,0.22163680202364797,0.00022163680202364798
2022-08-23,128119,sell,rebalance,122.59,0.00173504065961339,0.2126986344620055,0.0002126986344620055
2022-08-23,123105,sell,rebalance,155.23,0.0014870638147388164,0.23083691596190645,0.00023083691596190644
2022-08-23,128128,sell,rebalance,160.5,0.0014249350230263662,0.22870207119573177,0.00022870207119573177
2022-08-23,128049,sell,rebalance,118.78,0.0017895303140350414,0.21256041070108223,0.00021256041070108223
2022-08-23,113604,sell,rebalance,112.55,0.001814488615241794,0.2042206936454639,0.00020422069364546392
2022-08-23,128121,sell,rebalance,136.514,0.0016210446936461165,0.22129529530840597,0.00022129529530840597
2022-08-23,127007,sell,rebalance,148.9,0.0014138144334476356,0.21051696914035295,0.00021051696914035296
2022-08-23,110052,sell,rebalance_resize,135.0,3.7306703803978386e-05,0.005036405013537082,5.036405013537082e-06
2022-08-23,127029,sell,rebalance_resize,131.2,6.003582254929675e-05,0.007876699918467733,7.876699918467733e-06
2022-08-23,128083,sell,rebalance_resize,136.999,3.122812333090823e-05,0.004278221668211096,4.278221668211096e-06
2022-08-23,123088,buy,rebalance,136.305,8.64261534361136e-05,0.011780316844109465,1.1780316844109466e-05
2022-08-23,113526,buy,rebalance,139.208,6.468620473882942e-05,0.009004837189282966,9.004837189282966e-06
2022-08-23,113546,buy,rebalance,129.774,0.0016496227209677919,0.21407813899087422,0.0002140781389908742
2022-08-23,127021,buy,rebalance,127.26,0.0016822107417167548,0.21407813899087422,0.0002140781389908742
2022-08-23,123002,buy,rebalance,120.839,0.0017715980684288534,0.21407813899087422,0.0002140781389908742
2022-08-23,123044,buy,rebalance,124.938,5.584491804295644e-05,0.0069771523704508925,6.977152370450892e-06
2022-08-23,128044,buy,rebalance,116.999,0.001829743322514502,0.21407813899087422,0.0002140781389908742
2022-08-23,113532,buy,rebalance,120.5,0.001776582066314309,0.21407813899087422,0.0002140781389908742
2022-08-23,123089,buy,rebalance,154.801,1.4435070137421778e-05,0.0022345632923430284,2.2345632923430284e-06
2022-08-23,110060,buy,rebalance,123.001,0.0017404585246532484,0.21407813899087422,0.0002140781389908742
2022-08-23,128123,buy,rebalance,118.899,5.740555627256882e-05,0.00682546323525216,6.82546323525216e-06
2022-08-23,123010,buy,rebalance,117.0,6.155040935372575e-05,0.007201397894385913,7.201397894385914e-06
2022-08-23,128042,buy,rebalance,143.46,3.535726088896198e-05,0.005072352647130486,5.072352647130486e-06
2022-08-23,128073,buy,rebalance,137.94,0.0015519656299178934,0.21407813899087422,0.0002140781389908742
2022-08-23,128087,buy,rebalance,132.2,0.00161935052186743,0.21407813899087422,0.0002140781389908742
2022-08-23,113027,buy,rebalance,153.0,0.0013992035228161713,0.21407813899087422,0.0002140781389908742
2022-08-23,113594,buy,rebalance,124.636,5.9894946763113186e-05,0.0074650665847673745,7.465066584767374e-06
2022-08-31,123010,sell,rebalance,114.681,0.0018315111878660212,0.21003953453566318,0.00021003953453566318
2022-08-31,127029,sell,rebalance,126.02,0.001633338969522521,0.2058333769392281,0.00020583337693922811
2022-08-31,128123,sell,rebalance,115.6,0.0018022623249451999,0.2083415247636651,0.0002083415247636651
2022-08-31,128083,sell,rebalance,130.999,0.0015642017299495234,0.20490886242165762,0.00020490886242165762
2022-08-31,113594,sell,rebalance,119.578,0.0017192989427300457,0.2055903289737734,0.00020559032897377342
2022-08-31,113546,sell,rebalance,125.565,0.0016496227209677919,0.20713487695832078,0.00020713487695832078
2022-08-31,127021,sell,rebalance,124.5,0.0016822107417167548,0.20943523734373598,0.00020943523734373598
2022-08-31,123002,sell,rebalance,119.133,0.0017715980684288534,0.21105579268613459,0.0002110557926861346
2022-08-31,128044,sell,rebalance,115.55,0.001829743322514502,0.2114268409165507,0.0002114268409165507
2022-08-31,110060,sell,rebalance,119.211,0.0017404585246532484,0.2074818011824384,0.0002074818011824384
2022-08-31,128073,sell,rebalance,149.3,0.0015519656299178934,0.23170846854674151,0.0002317084685467415
2022-08-31,113526,sell,rebalance_resize,137.0,2.047760811147246e-05,0.002805432311271727,2.805432311271727e-06
2022-08-31,113532,sell,rebalance_resize,117.542,6.314845722707291e-06,0.0007422595959384604,7.422595959384604e-07
2022-08-31,110052,sell,rebalance_resize,136.3,6.072557381862573e-05,0.008276895711478688,8.276895711478689e-06
2022-08-31,128087,sell,rebalance_resize,128.801,3.829294215641115e-06,0.0004932169242687912,4.932169242687912e-07
2022-08-31,113502,buy,rebalance,148.315,0.0014015559754113039,0.20787177449312752,0.00020787177449312752
2022-08-31,128042,buy,rebalance,136.0,3.62498694584588e-05,0.004929982246350397,4.929982246350397e-06
2022-08-31,123089,buy,rebalance,143.8,6.264683663573325e-05,0.009008615108218442,9.008615108218442e-06
2022-08-31,128033,buy,rebalance,127.0,0.001636785625930138,0.20787177449312752,0.00020787177449312752
2022-08-31,113039,buy,rebalance,141.995,0.001463937282954523,0.20787177449312752,0.00020787177449312752
2022-08-31,113598,buy,rebalance,132.032,0.0015744044965851271,0.20787177449312752,0.00020787177449312752
2022-08-31,113027,buy,rebalance,143.223,5.358711832960967e-05,0.007674907848521686,7.674907848521686e-06
2022-08-31,113526,buy,rebalance,137.0,2.0239197618505633e-19,2.7727700737352717e-17,2.772770073735272e-20
2022-08-31,127035,buy,rebalance,129.0,0.0016114091045978877,0.20787177449312752,0.00020787177449312752
2022-08-31,123088,buy,rebalance,125.888,8.0743873076582e-05,0.010164684693864756,1.0164684693864756e-05
2022-08-31,123080,buy,rebalance,140.0,0.0014847983892366252,0.20787177449312752,0.00020787177449312752
2022-08-31,123112,buy,rebalance,135.901,0.0015295823760908861,0.20787177449312752,0.00020787177449312752
2022-08-31,128040,buy,rebalance,142.9,0.0014546660216453989,0.20787177449312752,0.00020787177449312752
2022-08-31,123044,buy,rebalance,120.0,1.8840312440697564e-05,0.0022608374928837077,2.260837492883708e-06
2022-08-31,123103,buy,rebalance,144.501,0.0014385490376753623,0.20787177449312752,0.00020787177449312752
2022-08-31,128066,buy,rebalance,118.81,0.0017496151375568346,0.20787177449312752,0.00020787177449312752
2022-08-31,113600,buy,rebalance,126.695,0.00164072595203542,0.20787177449312752,0.00020787177449312752
2022-09-02,113502,sell,risk_exit_next_open,128.31,0.0014015559754113039,0.1798336472050244,0.0001798336472050244
2022-09-14,110052,sell,rebalance,155.0,0.0015266379284136317,0.2366288789041129,0.0002366288789041129
2022-09-14,113532,sell,rebalance,116.899,0.0017702672205916017,0.20694246781993764,0.00020694246781993765
2022-09-14,113598,sell,rebalance,141.57,0.0015744044965851271,0.22288844458155643,0.00022288844458155644
2022-09-14,127035,sell,rebalance,126.5,0.0016114091045978877,0.20384325173163279,0.0002038432517316328
2022-09-14,123080,sell,rebalance,163.002,0.0014847983892366252,0.2420251070423484,0.0002420251070423484
2022-09-14,123103,sell,rebalance,145.0,0.0014385490376753623,0.20858961046292754,0.00020858961046292754
2022-09-14,128066,sell,rebalance,119.6,0.0017496151375568346,0.20925397045179742,0.0002092539704517974
2022-09-14,113027,sell,rebalance_resize,145.0,1.4315582579639504e-05,0.002075759474047728,2.075759474047728e-06
2022-09-14,123088,sell,rebalance_resize,128.5,2.9640623609435206e-05,0.003808820133812424,3.808820133812424e-06
2022-09-14,123044,sell,rebalance_resize,121.0,1.0194881152609197e-05,0.0012335806194657128,1.233580619465713e-06
2022-09-14,128042,buy,rebalance,129.47,8.097058175618612e-05,0.010483261219973417,1.0483261219973416e-05
2022-09-14,123089,buy,rebalance,135.51,9.21694365670588e-05,0.012489880349202136,1.2489880349202137e-05
2022-09-14,113039,buy,rebalance,139.0,3.659347870589227e-05,0.005086493540119025,5.086493540119025e-06
2022-09-14,113526,buy,rebalance,134.017,3.7486152706089066e-05,0.005023781727211938,5.023781727211938e-06
2022-09-14,128073,buy,rebalance,136.0,0.0015321297672013171,0.20836964833937913,0.00020836964833937914
2022-09-14,127007,buy,rebalance,135.0,0.0015434788765879936,0.20836964833937913,0.00020836964833937914
2022-09-14,123112,buy,rebalance,134.13,2.544227719069436e-05,0.0034125726395878345,3.4125726395878346e-06
2022-09-14,113600,buy,rebalance,124.296,3.73186002607936e-05,0.0046385527380156015,4.638552738015602e-06
2022-09-14,128049,buy,rebalance,118.004,0.001765784620346591,0.20836964833937913,0.00020836964833937914
2022-09-14,123010,buy,rebalance,114.797,0.0018151140564594819,0.20836964833937913,0.00020836964833937914
2022-09-14,128033,buy,rebalance,126.5,1.2047205615035213e-05,0.0015239715103019544,1.5239715103019545e-06
2022-09-14,128040,buy,rebalance,143.012,3.801362864059755e-06,0.0005436405059149137,5.436405059149137e-07
2022-09-14,128087,buy,rebalance,126.92,2.783943602828536e-05,0.003533381220709978,3.533381220709978e-06
2022-09-14,110060,buy,rebalance,120.8,0.0017249143074451914,0.20836964833937913,0.00020836964833937914
2022-09-14,123022,buy,rebalance,146.88,0.0014186386733345529,0.20836964833937913,0.00020836964833937914
2022-09-14,128083,buy,rebalance,130.398,0.001597951259523759,0.20836964833937913,0.00020836964833937914
2022-09-14,113570,buy,rebalance,124.0,0.0016804003898337027,0.20836964833937913,0.00020836964833937914
2022-09-21,123088,sell,rebalance,123.8,0.0016231819727010935,0.20094992822039537,0.00020094992822039537
2022-09-21,128087,sell,rebalance,125.2,0.0016433606636800742,0.2057487550927453,0.00020574875509274528
2022-09-21,113600,sell,rebalance,125.43,0.0016780445522962136,0.21047712819451408,0.0002104771281945141
2022-09-21,128049,sell,rebalance,114.417,0.001765784620346591,0.2020357789061959,0.0002020357789061959
2022-09-21,123010,sell,rebalance,114.07,0.0018151140564594819,0.20705006042033308,0.0002070500604203331
2022-09-21,110060,sell,rebalance,117.546,0.0017249143074451914,0.20275677718295249,0.0002027567771829525
2022-09-21,128083,sell,rebalance,126.73,0.001597951259523759,0.20250836311944598,0.00020250836311944598
2022-09-21,113570,sell,rebalance,122.579,0.0016804003898337027,0.20598179938542543,0.00020598179938542544
2022-09-21,128073,sell,rebalance_resize,133.819,1.4505385703504025e-05,0.0019410962094572048,1.9410962094572047e-06
2022-09-21,113027,sell,rebalance_resize,143.45,2.274151302654007e-05,0.0032622700436571728,3.262270043657173e-06
2022-09-21,123112,sell,rebalance_resize,130.702,1.2077483554444637e-06,0.00015785512555330228,1.5785512555330229e-07
2022-09-21,128033,sell,rebalance_resize,124.3,1.4987480719301772e-05,0.0018629438534092102,1.8629438534092102e-06
2022-09-21,123044,sell,rebalance_resize,119.142,1.9213208253634187e-05,0.002289100057754484,2.289100057754484e-06
2022-09-21,113039,buy,rebalance,130.899,5.08964933134242e-05,0.006662300078233914,6.6623000782339134e-06
2022-09-21,123089,buy,rebalance,130.35,1.8872478442889455e-05,0.0024600275650306404,2.4600275650306402e-06
2022-09-21,113526,buy,rebalance,129.06,1.7244665837082653e-05,0.0022255965729338872,2.2255965729338875e-06
2022-09-21,128042,buy,rebalance,126.0,8.608881925389206e-07,0.000108471912259904,1.08471912259904e-07
2022-09-21,128040,buy,rebalance,137.176,2.1995250533772024e-05,0.003017220487220711,3.017220487220711e-06
2022-09-21,127007,buy,rebalance,130.93,7.624560716290714e-06,0.0009982837345839431,9.982837345839431e-07
2022-09-21,113591,buy,rebalance,127.4,0.0015924875979717653,0.2028829199816029,0.0002028829199816029
2022-09-21,128145,buy,rebalance,128.21,0.0015824266436440442,0.2028829199816029,0.0002028829199816029
2022-09-21,113519,buy,rebalance,121.164,0.001674448846040102,0.2028829199816029,0.0002028829199816029
2022-09-21,113567,buy,rebalance,138.51,0.0014647528696960718,0.2028829199816029,0.0002028829199816029
2022-09-21,113561,buy,rebalance,129.742,0.0015637412709963074,0.2028829199816029,0.0002028829199816029
2022-09-21,128091,buy,rebalance,151.001,0.0013435865986424122,0.2028829199816029,0.0002028829199816029
2022-09-21,123103,buy,rebalance,137.785,0.0014724601370367087,0.2028829199816029,0.0002028829199816029
2022-09-21,123022,buy,rebalance,139.49,3.724885404034265e-05,0.005195842650087397,5.1958426500873975e-06
2022-09-21,128128,buy,rebalance,135.87,0.0014932135127813564,0.2028829199816029,0.0002028829199816029
2022-10-10,128073,sell,risk_exit_next_open,114.116,0.0015176243814978131,0.17318522391900446,0.00017318522391900445
2022-10-10,123112,sell,rebalance,126.95,0.001553816904926136,0.19725705608037297,0.00019725705608037298
2022-10-10,113591,sell,rebalance,119.0,0.0015924875979717653,0.18950602415864007,0.00018950602415864008
2022-10-10,113519,sell,rebalance,116.504,0.001674448846040102,0.19507998835905604,0.00019507998835905605
2022-10-10,113561,sell,rebalance,121.99,0.0015637412709963074,0.19076079764883955,0.00019076079764883955
2022-10-10,128091,sell,rebalance,158.001,0.0013435865986424122,0.2122880261720998,0.0002122880261720998
2022-10-10,123103,sell,rebalance,136.873,0.0014724601370367087,0.2015400363366254,0.0002015400363366254
2022-10-10,128128,sell,rebalance,137.701,0.0014932135127813564,0.20561699392350555,0.00020561699392350556
2022-10-10,113039,sell,rebalance_resize,129.099,3.158558834209918e-05,0.004077667869376661,4.077667869376661e-06
2022-10-10,123089,sell,rebalance_resize,127.501,1.9103685030235363e-05,0.002435738945040039,2.435738945040039e-06
2022-10-10,113526,sell,rebalance_resize,125.926,1.543077618305996e-05,0.0019431359216280086,1.9431359216280087e-06
2022-10-10,113027,sell,rebalance_resize,142.987,4.3510620934630294e-05,0.006221453155579981,6.221453155579981e-06
2022-10-10,113567,sell,rebalance_resize,134.811,9.307547574798197e-06,0.0012547597961061197,1.2547597961061198e-06
2022-10-10,123044,sell,rebalance_resize,119.09,5.7001424702873264e-05,0.0067882996678651775,6.788299667865178e-06
2022-10-10,128040,buy,rebalance,131.005,1.724926284526695e-05,0.0022597396790441965,2.2597396790441967e-06
2022-10-10,127007,buy,rebalance,122.2,5.448809635253117e-05,0.006658445374279309,6.658445374279309e-06
2022-10-10,113598,buy,rebalance,133.0,0.0014737685555350896,0.1960112178861669,0.0001960112178861669
2022-10-10,123110,buy,rebalance,131.372,0.0014920319237445338,0.1960112178861669,0.0001960112178861669
2022-10-10,113027,buy,rebalance,142.987,1.9391588491277434e-19,2.7727450636022864e-17,2.7727450636022865e-20
2022-10-10,128033,buy,rebalance,119.221,1.1910003017551145e-05,0.001419922469755465,1.4199224697554651e-06
2022-10-10,128042,buy,rebalance,120.89,1.1234134379263521e-05,0.0013580945051091672,1.3580945051091671e-06
2022-10-10,128082,buy,rebalance,141.2,0.0013881814297887175,0.1960112178861669,0.0001960112178861669
2022-10-10,128053,buy,rebalance,130.299,0.0015043186661921188,0.1960112178861669,0.0001960112178861669
2022-10-10,113030,buy,rebalance,117.49,0.0016683225626535612,0.1960112178861669,0.0001960112178861669
2022-10-10,123080,buy,rebalance,129.2,0.0015171146895214158,0.1960112178861669,0.0001960112178861669
2022-10-10,123052,buy,rebalance,133.33,0.0014701208871684308,0.1960112178861669,0.0001960112178861669
2022-10-10,128145,buy,rebalance,122.0,2.5826170738628957e-05,0.003150792830112733,3.150792830112733e-06
2022-10-10,127028,buy,rebalance,121.465,0.0016137259118772231,0.1960112178861669,0.0001960112178861669
2022-10-10,123022,buy,rebalance,133.501,1.38255619048749e-05,0.001845726339862704,1.845726339862704e-06
2022-10-11,123080,sell,rebalance,128.057,0.0015171146895214158,0.19427715579604393,0.00019427715579604392
2022-10-11,127028,sell,rebalance,119.7,0.0016137259118772231,0.1931629916517036,0.00019316299165170363
2022-10-11,113039,sell,rebalance_resize,127.977,1.0665084164620742e-05,0.0013648854761356688,1.3648854761356687e-06
2022-10-11,123110,sell,rebalance_resize,129.697,2.8695568864370793e-06,0.0003721729195002299,3.721729195002299e-07
2022-10-11,113526,sell,rebalance_resize,124.0,5.578608774428528e-07,6.917474880291374e-05,6.917474880291375e-08
2022-10-11,113598,sell,rebalance_resize,133.001,2.1599838800669908e-05,0.0028728001603278985,2.8728001603278987e-06
2022-10-11,113027,sell,rebalance_resize,141.0,2.4364601057191533e-06,0.0003435408749064006,3.435408749064006e-07
2022-10-11,123044,sell,rebalance_resize,119.0,2.4553494325736727e-05,0.0029218658247626705,2.9218658247626706e-06
2022-10-11,128042,sell,rebalance_resize,119.045,6.238925347976252e-07,7.42712868049833e-05,7.427128680498329e-08
2022-10-11,128053,sell,rebalance_resize,130.5,2.4319497652696808e-05,0.003173694443676933,3.173694443676933e-06
2022-10-11,128040,buy,rebalance,128.74,2.514001060878815e-06,0.00032365249657753865,3.2365249657753863e-07
2022-10-11,127007,buy,rebalance,120.11,2.427469479594927e-06,0.0002915633591941467,2.9156335919414673e-07
2022-10-11,123089,buy,rebalance,125.267,2.9282707352108233e-06,0.0003668156901876542,3.668156901876542e-07
2022-10-11,113567,buy,rebalance,130.01,3.005672164276633e-05,0.00390767438077605,3.9076743807760504e-06
2022-10-11,128033,buy,rebalance,116.913,6.225790315510091e-06,0.0007278758231572313,7.278758231572314e-07
2022-10-11,113570,buy,rebalance,118.262,0.0016290792245803344,0.19265816725731952,0.00019265816725731952
2022-10-11,128082,buy,rebalance,137.1,2.051920759335754e-05,0.002813183361049319,2.813183361049319e-06
2022-10-11,123022,buy,rebalance,129.293,2.404232641475704e-05,0.0031085045091431823,3.108504509143182e-06
2022-10-11,123052,buy,rebalance,130.81,6.3550160894434975e-06,0.0008312996546601039,8.312996546601039e-07
2022-10-11,113591,buy,rebalance,124.5,0.0015474551586933294,0.19265816725731952,0.00019265816725731952
2022-10-11,128145,buy,rebalance,120.0,1.2431729629427877e-06,0.00014918075555313452,1.491807555531345e-07
2022-10-21,127007,sell,rebalance,131.7,0.0016080190031364104,0.21177610271306524,0.00021177610271306524
2022-10-21,123022,sell,rebalance,144.0,0.0014937554156945277,0.21510077986001197,0.000215100779860012
2022-10-21,113598,sell,rebalance,147.0,0.0014521687167344196,0.2134688013599597,0.0002134688013599597
2022-10-21,123110,sell,rebalance,149.1,0.0014891623668580967,0.2220341088985422,0.0002220341088985422
2022-10-21,128053,sell,rebalance,137.187,0.0014799991685394219,0.20303664593441767,0.0002030366459344177
2022-10-21,113030,sell,rebalance,126.8,0.0016683225626535612,0.21154330094447155,0.00021154330094447156
2022-10-21,123052,sell,rebalance,144.0,0.0014764759032578744,0.21261253006913391,0.00021261253006913392
2022-10-21,113570,sell,rebalance_resize,131.703,4.7067937137297995e-05,0.006198988524793558,6.198988524793559e-06
2022-10-21,128042,sell,rebalance_resize,128.822,5.019089254093541e-06,0.0006465691158908382,6.465691158908382e-07
2022-10-21,128040,sell,rebalance_resize,141.0,2.2526377033701007e-05,0.003176219161751842,3.1762191617518422e-06
2022-10-21,128145,sell,rebalance_resize,130.18,8.97645600354946e-06,0.0011685550425420688,1.1685550425420688e-06
2022-10-21,113039,buy,rebalance,133.843,4.7492265295586537e-05,0.0063565072639571885,6.3565072639571885e-06
2022-10-21,123089,buy,rebalance,133.6,1.771183377585978e-05,0.0023663009924548666,2.3663009924548668e-06
2022-10-21,128033,buy,rebalance,124.3,2.4226408123945925e-05,0.0030113425298064784,3.0113425298064786e-06
2022-10-21,113027,buy,rebalance,142.142,9.594423432708553e-05,0.01363770535572059,1.363770535572059e-05
2022-10-21,113526,buy,rebalance,131.01,3.276682735850289e-05,0.004292782052237464,4.2927820522374635e-06
2022-10-21,128069,buy,rebalance,136.0,0.0015304847906307377,0.20814593152578031,0.0002081459315257803
2022-10-21,128040,buy,rebalance,141.0,1.9664993483462253e-19,2.7727640811681775e-17,2.772764081168178e-20
2022-10-21,113591,buy,rebalance,133.47,1.3598292013412514e-05,0.0018149640350301683,1.8149640350301684e-06
2022-10-21,128049,buy,rebalance,115.452,0.001802878525497872,0.20814593152578031,0.0002081459315257803
2022-10-21,123044,buy,rebalance,123.834,5.945559381964338e-05,0.007362624005061718,7.362624005061718e-06
2022-10-21,123112,buy,rebalance,134.0,0.0015533278472073158,0.20814593152578031,0.0002081459315257803
2022-10-21,128066,buy,rebalance,118.69,0.0017536939213563091,0.20814593152578031,0.0002081459315257803
2022-10-21,113567,buy,rebalance,139.568,7.351610902470368e-06,0.0010260496304359845,1.0260496304359844e-06
2022-10-21,128082,buy,rebalance,147.285,5.935963627262751e-06,0.0008742784028413943,8.742784028413943e-07
2022-10-21,128021,buy,rebalance,129.96,0.0016016153549229016,0.20814593152578031,0.0002081459315257803
2022-10-21,128128,buy,rebalance,137.22,0.0015168775071110648,0.20814593152578031,0.0002081459315257803
2022-10-21,123103,buy,rebalance,131.701,0.001580443060612906,0.20814593152578031,0.0002081459315257803
2022-11-01,128042,sell,rebalance,124.98,0.001617391692336016,0.20214161370815528,0.0002021416137081553
2022-11-01,123044,sell,rebalance,121.68,0.0016824798920918665,0.20472415326973833,0.00020472415326973833
2022-11-01,128145,sell,rebalance,126.51,0.0016005195313420664,0.20248172591008481,0.00020248172591008482
2022-11-01,128066,sell,rebalance,111.1,0.0017536939213563091,0.19483539466268593,0.00019483539466268594
2022-11-01,123103,sell,rebalance,129.82,0.001580443060612906,0.20517311812876743,0.00020517311812876744
2022-11-01,128069,sell,rebalance_resize,154.28,0.000211871734942224,0.03268757126688632,3.2687571266886315e-05
2022-11-01,113027,sell,rebalance_resize,139.502,7.431733710254101e-06,0.0010367417160478676,1.0367417160478676e-06
2022-11-01,128049,sell,rebalance_resize,113.75,1.4433494890189412e-05,0.0016418100437590455,1.6418100437590455e-06
2022-11-01,123112,sell,rebalance_resize,132.616,1.9307651818947196e-05,0.0025605035536215015,2.5605035536215015e-06
2022-11-01,128040,sell,rebalance_resize,143.999,6.494233449337456e-05,0.009351631224711443,9.351631224711443e-06
2022-11-01,128033,sell,rebalance_resize,123.0,2.225940405829436e-05,0.002737906699170206,2.737906699170206e-06
2022-11-01,123110,buy,rebalance,144.596,0.0014054523325334894,0.20322278547501244,0.00020322278547501245
2022-11-01,123089,buy,rebalance,126.01,5.485254877460535e-05,0.006911969671088021,6.911969671088021e-06
2022-11-01,113039,buy,rebalance,130.6,1.0300905032099463e-06,0.00013452981971921897,1.34529819719219e-07
2022-11-01,113570,buy,rebalance,126.873,2.142502588000751e-05,0.0027182573084741928,2.7182573084741928e-06
2022-11-01,128021,buy,rebalance,122.699,5.633119289893585e-05,0.00691178103750653,6.91178103750653e-06
2022-11-01,113526,buy,rebalance,127.002,1.1471455875156683e-05,0.001456897839056649,1.456897839056649e-06
2022-11-01,113567,buy,rebalance,130.498,6.599477690967e-05,0.008612186397158115,8.612186397158115e-06
2022-11-01,113591,buy,rebalance,127.5,3.44839416999339e-05,0.004396702566741573,4.396702566741573e-06
2022-11-01,128049,buy,rebalance,113.75,2.4374977937406567e-19,2.772653740379997e-17,2.772653740379997e-20
2022-11-01,113561,buy,rebalance,125.305,0.00162182503072513,0.20322278547501244,0.00020322278547501245
2022-11-01,128082,buy,rebalance,139.75,4.103149781825885e-05,0.005734151820101675,5.734151820101675e-06
2022-11-01,123052,buy,rebalance,136.6,0.0014877217091874995,0.20322278547501244,0.00020322278547501245
2022-11-01,113504,buy,rebalance,136.97,0.0014837028946120495,0.20322278547501244,0.00020322278547501245
2022-11-01,113525,buy,rebalance,148.0,0.001373126928885219,0.20322278547501244,0.00020322278547501245
2022-11-01,128128,buy,rebalance,131.3,3.2483919543531225e-05,0.004265138636065651,4.265138636065651e-06
2022-11-07,123110,sell,risk_exit_next_open,146.666,0.0014054523325334894,0.20613207180335674,0.00020613207180335676
2022-11-11,113027,sell,rebalance,155.1,0.0014582989651160836,0.22618216948950456,0.00022618216948950458
2022-11-11,128040,sell,rebalance,181.9,0.001412757187422301,0.25698053239211655,0.0002569805323921165
2022-11-11,113567,sell,rebalance,140.0,0.0015588484315761802,0.21823878042066522,0.00021823878042066523
2022-11-11,128082,sell,rebalance,151.6,0.0014556680988275965,0.22067928378226362,0.00022067928378226363
2022-11-11,113591,sell,rebalance,128.999,0.0015955373924066757,0.20582272808306876,0.00020582272808306875
2022-11-11,128021,sell,rebalance,129.599,0.0016579465478218376,0.21486821465116232,0.00021486821465116233
2022-11-11,128128,sell,rebalance,154.4,0.001549361426654596,0.23922140427546962,0.00023922140427546962
2022-11-11,123052,sell,rebalance,145.9,0.0014877217091874995,0.21705859737045619,0.0002170585973704562
2022-11-11,113504,sell,rebalance,142.903,0.0014837028946120495,0.2120255947487457,0.00021202559474874569
2022-11-11,123089,sell,rebalance_resize,133.482,2.431495375606346e-06,0.0003245608657266863,3.245608657266863e-07
2022-11-11,128069,buy,rebalance,148.69,0.00012833970142219698,0.01908283020446647,1.908283020446647e-05
2022-11-11,123089,buy,rebalance,133.482,2.0772721195006834e-19,2.772784370551902e-17,2.772784370551902e-20
2022-11-11,113526,buy,rebalance,131.0,4.063360543361841e-05,0.005323002311804012,5.3230023118040114e-06
2022-11-11,128049,buy,rebalance,117.2,4.7399125462102016e-05,0.005555177504158356,5.5551775041583565e-06
2022-11-11,113570,buy,rebalance,128.2,7.485458619549445e-05,0.009596357950262388,9.596357950262388e-06
2022-11-11,113525,buy,rebalance,152.001,4.239038190999629e-05,0.006443380440701346,6.443380440701347e-06
2022-11-11,128033,buy,rebalance,129.451,8.189886546012694e-06,0.0010601890032678892,1.0601890032678893e-06
2022-11-11,123112,buy,rebalance,136.8,3.8795470436858736e-05,0.005307220355762275,5.3072203557622755e-06
2022-11-11,113039,buy,rebalance,136.0,2.4383227016260696e-05,0.003316118874211455,3.316118874211455e-06
2022-11-11,128090,buy,rebalance,129.888,0.0016548988979119114,0.21495150805198235,0.00021495150805198236
2022-11-11,123025,buy,rebalance,140.999,0.0015244895924934386,0.21495150805198235,0.00021495150805198236
2022-11-11,123044,buy,rebalance,127.011,0.0016923849749390396,0.21495150805198235,0.00021495150805198236
2022-11-11,113546,buy,rebalance,121.65,0.0017669667739579312,0.21495150805198235,0.00021495150805198236
2022-11-11,128042,buy,rebalance,127.892,0.0016807267698681885,0.21495150805198235,0.00021495150805198236
2022-11-11,113577,buy,rebalance,131.484,0.0016348111409143495,0.21495150805198235,0.00021495150805198236
2022-11-11,128079,buy,rebalance,138.561,0.0015513131981725185,0.21495150805198235,0.00021495150805198236
2022-11-11,113600,buy,rebalance,123.8,0.0017362803558318444,0.21495150805198235,0.00021495150805198236
2022-11-11,128097,buy,rebalance,117.25,0.0018332751219785274,0.21495150805198235,0.00021495150805198236
2022-11-11,127007,buy,rebalance,148.591,0.0014465984349791195,0.21495150805198235,0.00021495150805198236
2022-11-11,113561,buy,rebalance,127.791,6.18505487831845e-05,0.007903943479551931,7.903943479551931e-06
2022-11-21,128069,sell,risk_exit_next_open,182.5,0.0014469527571107105,0.2640688781727047,0.0002640688781727047
2022-11-22,113561,sell,rebalance,125.377,0.0016836755795083145,0.21109419313201394,0.00021109419313201396
2022-11-22,128042,sell,rebalance,121.7,0.0016807267698681885,0.20454444789295856,0.00020454444789295856
2022-11-22,128079,sell,rebalance,165.0,0.0015513131981725185,0.25596667769846554,0.00025596667769846554
2022-11-22,113600,sell,rebalance,118.8,0.0017362803558318444,0.2062701062728231,0.0002062701062728231
2022-11-22,128097,sell,rebalance,113.033,0.0018332751219785274,0.2072205868625989,0.0002072205868625989
2022-11-22,127007,sell,rebalance,137.2,0.0014465984349791195,0.19847330527913518,0.00019847330527913518
2022-11-22,113570,sell,rebalance_resize,132.987,6.580694454930291e-05,0.008751468134778145,8.751468134778146e-06
2022-11-22,123112,sell,rebalance_resize,137.15,9.276448038178878e-06,0.0012722648484362331,1.2722648484362332e-06
2022-11-22,128049,buy,rebalance,115.055,2.7926821991107423e-05,0.003213120504186865,3.213120504186865e-06
2022-11-22,128033,buy,rebalance,124.699,5.7460296222871396e-05,0.00716524147869584,7.1652414786958405e-06
2022-11-22,113532,buy,rebalance,112.794,0.0018992481746044005,0.21422379860632873,0.00021422379860632873
2022-11-22,113039,buy,rebalance,132.877,3.1704748354619376e-05,0.004212831847116759,4.212831847116759e-06
2022-11-22,128021,buy,rebalance,124.489,0.0017208251219491578,0.21422379860632873,0.00021422379860632873
2022-11-22,123089,buy,rebalance,130.0,3.754473058307996e-05,0.004880814975800395,4.880814975800395e-06
2022-11-22,128090,buy,rebalance,125.49,5.3863559632108466e-05,0.0067593380982332914,6.759338098233291e-06
2022-11-22,123025,buy,rebalance,136.51,4.633333602785097e-05,0.006324963701161935,6.324963701161936e-06
2022-11-22,113525,buy,rebalance,148.01,3.326620545515796e-05,0.0049237310694179295,4.923731069417929e-06
2022-11-22,128122,buy,rebalance,125.0,0.0017137903888506298,0.21422379860632873,0.00021422379860632873
2022-11-22,113546,buy,rebalance,120.982,5.517825879013998e-06,0.0006675576104948715,6.675576104948715e-07
2022-11-22,128133,buy,rebalance,126.216,0.0016972792562458701,0.21422379860632873,0.00021422379860632873
2022-11-22,113526,buy,rebalance,127.05,4.533745144903332e-05,0.0057601232065996825,5.760123206599682e-06
2022-11-22,113577,buy,rebalance,129.78,1.7501370613609908e-05,0.002271327878234294,2.271327878234294e-06
2022-11-22,113594,buy,rebalance,127.99,0.0016737541886579321,0.21422379860632873,0.00021422379860632873
2022-11-22,123044,buy,rebalance,121.501,7.246093476373694e-05,0.008804076034728802,8.804076034728802e-06
2022-11-22,128075,buy,rebalance,118.133,0.0018134119899293909,0.21422379860632873,0.00021422379860632873
2022-11-22,123103,buy,rebalance,129.167,0.001658502547913389,0.21422379860632873,0.00021422379860632873
2022-12-01,128033,sell,rebalance,124.753,0.0017195983309934684,0.21452505058642818,0.0002145250505864282
2022-12-01,113546,sell,rebalance,121.0,0.0017724845998369453,0.21447063658027038,0.00021447063658027037
2022-12-01,128021,sell,rebalance,125.26,0.0017208251219491578,0.2155505547753515,0.0002155505547753515
2022-12-01,113594,sell,rebalance,124.26,0.0016737541886579321,0.20798069548263465,0.00020798069548263464
2022-12-01,128075,sell,rebalance,121.042,0.0018134119899293909,0.21949901408503333,0.00021949901408503333
2022-12-01,123103,sell,rebalance,133.946,0.001658502547913389,0.2221497822828068,0.0002221497822828068
2022-12-01,128049,sell,rebalance_resize,116.0,6.075206247233394e-06,0.0007047239246790737,7.047239246790738e-07
2022-12-01,113039,sell,rebalance_resize,134.592,1.2705797891548406e-05,0.0017100987498192832,1.7100987498192833e-06
2022-12-01,128090,sell,rebalance_resize,127.1,1.330447540094802e-05,0.0016909988234604933,1.6909988234604933e-06
2022-12-01,113526,sell,rebalance_resize,130.56,3.726284238325118e-05,0.004865036701557274,4.865036701557274e-06
2022-12-01,113532,sell,rebalance_resize,114.83,2.262438700199344e-05,0.0025979583594389066,2.597958359438907e-06
2022-12-01,123025,sell,rebalance_resize,138.5,1.4918888590716198e-05,0.0020662660698141933,2.066266069814193e-06
2022-12-01,128122,sell,rebalance_resize,126.81,1.4455087767242099e-05,0.0018330496797639706,1.8330496797639705e-06
2022-12-01,123089,buy,rebalance,129.8,1.0683468849430971e-05,0.0013867142566561402,1.3867142566561401e-06
2022-12-01,113570,buy,rebalance,129.66,4.944896505260792e-05,0.006411552808721143,6.411552808721143e-06
2022-12-01,128078,buy,rebalance,137.585,0.001564668367700694,0.2152748973701,0.0002152748973701
2022-12-01,123112,buy,rebalance,133.03,5.6284384180912863e-05,0.007487511627586838,7.487511627586838e-06
2022-12-01,113525,buy,rebalance,148.0,7.2409785790109675e-06,0.0010716648296936232,1.0716648296936233e-06
2022-12-01,123123,buy,rebalance,146.0,0.0014744855984253425,0.2152748973701,0.0002152748973701
2022-12-01,110074,buy,rebalance,138.3,0.0015565791566890816,0.2152748973701,0.0002152748973701
2022-12-01,128133,buy,rebalance,124.595,3.223353366103293e-05,0.004016137126496398,4.016137126496398e-06
2022-12-01,123044,buy,rebalance,122.001,1.471807791477808e-06,0.00017956202236808406,1.7956202236808405e-07
2022-12-01,113577,buy,rebalance,130.3,1.505685151048055e-06,0.00019619077518156158,1.9619077518156158e-07
2022-12-01,123052,buy,rebalance,137.86,0.0015615472027426373,0.2152748973701,0.0002152748973701
2022-12-01,128082,buy,rebalance,146.6,0.0014684508688274215,0.2152748973701,0.0002152748973701
2022-12-01,113567,buy,rebalance,136.45,0.001577683381239282,0.2152748973701,0.0002152748973701
2022-12-02,123123,sell,risk_exit_next_open,147.999,0.0014744855984253425,0.21822239408135224,0.00021822239408135225
2022-12-13,113039,sell,rebalance,134.04,0.0016010811157452477,0.21460891275449298,0.00021460891275449298
2022-12-13,113525,sell,rebalance,164.14,0.0014560244948293843,0.23899186058129512,0.00023899186058129514
2022-12-13,128090,sell,rebalance,123.799,0.0016954579821430718,0.20989600273133016,0.00020989600273133016
2022-12-13,128122,sell,rebalance,128.166,0.0016993353010833878,0.21779700819865347,0.00021779700819865347
2022-12-13,128078,sell,rebalance,149.8,0.001564668367700694,0.234387321481564,0.000234387321481564
2022-12-13,128049,sell,rebalance_resize,116.465,1.7269816378389037e-06,0.00020113291645090792,2.0113291645090792e-07
2022-12-13,128133,sell,rebalance_resize,127.3,3.1512749468357295e-05,0.004011573007321884,4.011573007321883e-06
2022-12-13,123044,sell,rebalance_resize,122.68,4.372778239063288e-06,0.0005364524343682842,5.364524343682842e-07
2022-12-13,113567,sell,rebalance_resize,138.488,1.6859301551317183e-05,0.002334810953238814,2.334810953238814e-06
2022-12-13,123089,buy,rebalance,127.023,4.148162408930148e-05,0.005269120336695342,5.269120336695342e-06
2022-12-13,113570,buy,rebalance,127.25,3.6697419632558985e-05,0.004669746648243131,4.669746648243131e-06
2022-12-13,123125,buy,rebalance,133.519,0.0016172853718423319,0.21593832556301631,0.00021593832556301632
2022-12-13,113526,buy,rebalance,129.039,2.456590145520379e-05,0.003169959357878042,3.169959357878042e-06
2022-12-13,123103,buy,rebalance,133.65,0.0016157001538572113,0.21593832556301631,0.00021593832556301632
2022-12-13,113577,buy,rebalance,129.342,1.7357046379496303e-05,0.002244995092816811,2.2449950928168113e-06
2022-12-13,123025,buy,rebalance,135.774,3.608323370204904e-05,0.004899164972662007,4.899164972662007e-06
2022-12-13,123052,buy,rebalance,136.354,2.3680653650220434e-05,0.0032289518478221574,3.2289518478221575e-06
2022-12-13,113532,buy,rebalance,112.898,3.794598759415611e-05,0.004284026107405036,4.284026107405036e-06
2022-12-13,128137,buy,rebalance,129.5,0.0016674774174750295,0.21593832556301631,0.00021593832556301632
2022-12-13,127035,buy,rebalance,118.68,0.001819500552435257,0.21593832556301631,0.00021593832556301632
2022-12-13,110074,buy,rebalance,136.001,3.275420850388246e-05,0.004454605110736518,4.454605110736519e-06
2022-12-13,128097,buy,rebalance,116.187,0.0018585411927583664,0.21593832556301631,0.00021593832556301632
2022-12-13,123112,buy,rebalance,131.423,2.488179834018507e-05,0.0032700405832621427,3.2700405832621427e-06
2022-12-13,128082,buy,rebalance,140.9,6.558827182917771e-05,0.009241387500731139,9.241387500731139e-06
2022-12-13,123022,buy,rebalance,135.694,0.0015913623709450406,0.21593832556301631,0.00021593832556301632
2022-12-19,123125,sell,risk_exit_next_open,117.0,0.0016172853718423319,0.18922238850555284,0.00018922238850555285
2022-12-21,113526,sell,rebalance,125.75,0.001675092169304349,0.2106428402900219,0.0002106428402900219
2022-12-21,123112,sell,rebalance,126.235,0.0016447054003081464,0.20761938620789885,0.00020761938620789886
2022-12-21,123025,sell,rebalance,131.654,0.0015919872736326222,0.20959149252282924,0.00020959149252282924
2022-12-21,123044,sell,rebalance,117.38,0.001761944939255191,0.20681709696977432,0.00020681709696977431
2022-12-21,113577,sell,rebalance,123.349,0.0016711752430585039,0.2061377950560234,0.00020613779505602339
2022-12-21,113532,sell,rebalance,111.32,0.0019145697751965633,0.2131299073748814,0.00021312990737488142
2022-12-21,110074,sell,rebalance,131.623,0.001589333365192964,0.2091928255267935,0.0002091928255267935
2022-12-21,123052,sell,rebalance,132.194,0.0015852278563928577,0.2095576112479974,0.00020955761124799742
2022-12-21,128082,sell,rebalance,135.133,0.0015340391406565993,0.20729931119434825,0.00020729931119434824
2022-12-21,123103,sell,rebalance,126.69,0.0016157001538572113,0.2046930524921701,0.0002046930524921701
2022-12-21,128137,sell,rebalance,123.46,0.0016674774174750295,0.20586676196146714,0.00020586676196146714
2022-12-21,128097,sell,rebalance,112.887,0.0018585411927583664,0.20980513962691372,0.0002098051396269137
2022-12-21,113570,sell,rebalance_resize,122.0,1.0771132666285327e-05,0.00131407818528681,1.31407818528681e-06
2022-12-21,128049,sell,rebalance_resize,111.35,6.675361773931315e-06,0.0007433015335272519,7.43301533527252e-07
2022-12-21,127035,sell,rebalance_resize,114.333,1.8456031146125464e-05,0.002110133409029963,2.110133409029963e-06
2022-12-21,128033,buy,rebalance,123.5,0.0016656906209281484,0.20571279168462633,0.00020571279168462634
2022-12-21,113525,buy,rebalance,143.18,0.0014367425037339456,0.20571279168462633,0.00020571279168462634
2022-12-21,123098,buy,rebalance,133.0,0.0015467127194332807,0.20571279168462633,0.00020571279168462634
2022-12-21,123089,buy,rebalance,120.362,9.158838457948366e-06,0.0011023761144755813,1.1023761144755812e-06
2022-12-21,127028,buy,rebalance,127.5,0.001613433660271579,0.20571279168462633,0.00020571279168462634
2022-12-21,113567,buy,rebalance,130.499,1.7092909624960758e-05,0.002230607613147754,2.2306076131477537e-06
2022-12-21,123080,buy,rebalance,138.433,0.001486009778626674,0.20571279168462633,0.00020571279168462634
2022-12-21,128037,buy,rebalance,115.98,0.001773691944168187,0.20571279168462633,0.00020571279168462634
2022-12-21,128121,buy,rebalance,117.32,0.001753433273820545,0.20571279168462633,0.00020571279168462634
2022-12-21,113039,buy,rebalance,128.79,0.0015972730156427234,0.20571279168462633,0.00020571279168462634
2022-12-21,128087,buy,rebalance,125.363,0.0016409370522771976,0.20571279168462633,0.00020571279168462634
2022-12-21,128133,buy,rebalance,117.619,5.267474935280094e-05,0.006195551344127094,6.195551344127094e-06
2022-12-21,123022,buy,rebalance,125.884,4.437551813061635e-05,0.005586167724354508,5.586167724354508e-06
2022-12-21,128145,buy,rebalance,124.003,0.00165893399098914,0.20571279168462633,0.00020571279168462634
2022-12-21,128130,buy,rebalance,114.661,0.0017940955659258714,0.20571279168462633,0.00020571279168462634
2022-12-21,113618,buy,rebalance,124.8,0.001648339676960147,0.20571279168462633,0.00020571279168462634
2022-12-21,128075,buy,rebalance,114.644,0.0017943616036131531,0.20571279168462633,0.00020571279168462634
2022-12-28,113525,sell,risk_exit_next_open,140.77,0.0014367425037339456,0.20225024225062754,0.00020225024225062755
2023-01-03,128049,sell,rebalance,110.502,0.0018492934284018883,0.20435062242526544,0.00020435062242526544
2023-01-03,127035,sell,rebalance,113.221,0.0018010445212891316,0.20391606174487678,0.0002039160617448768
2023-01-03,128033,sell,rebalance,121.789,0.0016656906209281484,0.20286279503221827,0.00020286279503221828
2023-01-03,123098,sell,rebalance,141.0,0.0015467127194332807,0.2180864934400926,0.0002180864934400926
2023-01-03,128121,sell,rebalance,122.22,0.001753433273820545,0.21430461472634701,0.00021430461472634701
2023-01-03,113039,sell,rebalance,128.639,0.0015972730156427234,0.20547160345926432,0.00020547160345926431
2023-01-03,113618,sell,rebalance,122.999,0.001648339676960147,0.2027441319264211,0.0002027441319264211
2023-01-03,128075,sell,rebalance,114.47,0.0017943616036131531,0.20540057276559764,0.00020540057276559765
2023-01-03,128145,sell,rebalance_resize,138.717,0.00017018069421423696,0.02360695535931631,2.3606955359316312e-05
2023-01-03,123089,sell,rebalance_resize,120.84,1.8214173179056325e-06,0.00022010006869571663,2.2010006869571663e-07
2023-01-03,123080,sell,rebalance_resize,140.397,1.50710045166555e-05,0.002115923821124882,2.115923821124882e-06
2023-01-03,113567,sell,rebalance_resize,131.399,6.2506062451376975e-06,0.0008213234100048483,8.213234100048483e-07
2023-01-03,128037,sell,rebalance_resize,116.6,2.5479384329876166e-06,0.0002970896212863561,2.970896212863561e-07
2023-01-03,113570,buy,rebalance,121.1,1.745249600562691e-05,0.0021134972662814186,2.1134972662814184e-06
2023-01-03,128097,buy,rebalance,114.766,0.0017976240650874758,0.20630612345382926,0.00020630612345382926
2023-01-03,113565,buy,rebalance,117.556,0.0017549603886984012,0.20630612345382926,0.00020630612345382926
2023-01-03,127028,buy,rebalance,120.7,9.744836300455014e-05,0.011762017414649203,1.1762017414649204e-05
2023-01-03,127021,buy,rebalance,122.02,0.0016907566255845703,0.20630612345382926,0.00020630612345382926
2023-01-03,123022,buy,rebalance,124.255,2.626428993361826e-05,0.0032634693457017365,3.2634693457017366e-06
2023-01-03,128130,buy,rebalance,113.76,2.1243215282307548e-05,0.002416628170515307,2.4166281705153067e-06
2023-01-03,128087,buy,rebalance,120.8,6.855790128581879e-05,0.00828179447532691,8.28179447532691e-06
2023-01-03,123025,buy,rebalance,128.576,0.0016045461318895382,0.20630612345382926,0.00020630612345382926
2023-01-03,123130,buy,rebalance,121.005,0.0017049388327245094,0.20630612345382926,0.00020630612345382926
2023-01-03,113631,buy,rebalance,114.65,0.0017994428561171325,0.20630612345382926,0.00020630612345382926
2023-01-03,123129,buy,rebalance,109.3,0.001887521715039609,0.20630612345382926,0.00020630612345382926
2023-01-03,128133,buy,rebalance,117.63,4.955574713339012e-06,0.000582924253530068,5.82924253530068e-07
2023-01-03,123103,buy,rebalance,126.27,0.0016338490809679992,0.20630612345382926,0.00020630612345382926
2023-01-03,128101,buy,rebalance,122.4,0.0016855075445574286,0.20630612345382926,0.00020630612345382926
2023-01-11,128133,sell,rebalance,121.483,0.0017556303645046858,0.21327924357112274,0.00021327924357112275
2023-01-11,127028,sell,rebalance,124.75,0.0017108820232761292,0.2134325324036971,0.0002134325324036971
2023-01-11,123080,sell,rebalance,168.44,0.0014709387741100185,0.24776492711109152,0.00024776492711109155
2023-01-11,128037,sell,rebalance,117.822,0.0017711440057351993,0.20867972904373266,0.00020867972904373266
2023-01-11,128130,sell,rebalance,118.45,0.001815338781208179,0.2150268786341088,0.0002150268786341088
2023-01-11,128097,sell,rebalance,116.152,0.0017976240650874758,0.2087976304080405,0.0002087976304080405
2023-01-11,113565,sell,rebalance,117.08,0.0017549603886984012,0.2054707623088088,0.00020547076230880882
2023-01-11,123025,sell,rebalance,136.07,0.0016045461318895382,0.21833059216620945,0.00021833059216620946
2023-01-11,123129,sell,rebalance,109.25,0.001887521715039609,0.2062117473680773,0.0002062117473680773
2023-01-11,123103,sell,rebalance,132.948,0.0016338490809679992,0.21721696761653356,0.00021721696761653356
2023-01-11,128101,sell,rebalance,131.186,0.0016855075445574286,0.22111499274031085,0.00022111499274031087
2023-01-11,123089,sell,rebalance_resize,126.288,1.1738303688336058e-05,0.001482406896192584,1.482406896192584e-06
2023-01-11,123022,sell,rebalance_resize,129.4,5.560072700427618e-06,0.0007194734074353337,7.194734074353337e-07
2023-01-11,128087,sell,rebalance_resize,125.999,8.341701899393113e-06,0.001051046097621633,1.051046097621633e-06
2023-01-11,113567,sell,rebalance_resize,136.799,4.815685647741737e-06,0.0006587809809254219,6.587809809254219e-07
2023-01-11,128049,buy,rebalance,112.8,0.001898307861717498,0.21412912680173377,0.00021412912680173377
2023-01-11,123105,buy,rebalance,134.62,0.001590618977876495,0.21412912680173377,0.00021412912680173377
2023-01-11,113566,buy,rebalance,120.5,0.001777005201674139,0.21412912680173377,0.00021412912680173377
2023-01-11,113570,buy,rebalance,125.396,4.017971709315001e-06,0.0005038375804612638,5.038375804612639e-07
2023-01-11,113618,buy,rebalance,125.3,0.0017089315786251698,0.21412912680173377,0.00021412912680173377
2023-01-11,123130,buy,rebalance,124.131,2.1792595885797784e-05,0.0027051367198999646,2.7051367198999645e-06
2023-01-11,128145,buy,rebalance,136.5,8.144796769567024e-05,0.011117647590458989,1.1117647590458989e-05
2023-01-11,123044,buy,rebalance,122.38,0.0017497068704178278,0.21412912680173377,0.00021412912680173377
2023-01-11,127021,buy,rebalance,125.5,1.7143402433552118e-05,0.002151497005410791,2.1514970054107908e-06
2023-01-11,113631,buy,rebalance,117.203,2.935131151942485e-05,0.0034400617640111507,3.440061764011151e-06
2023-01-11,110074,buy,rebalance,133.073,0.0016091102387541707,0.21412912680173377,0.00021412912680173377
2023-01-11,113526,buy,rebalance,126.195,0.0016968114965072608,0.21412912680173377,0.00021412912680173377
2023-01-11,127035,buy,rebalance,117.369,0.0018244095698330375,0.21412912680173377,0.00021412912680173377
2023-01-11,123090,buy,rebalance,128.075,0.0016719041717878883,0.21412912680173377,0.00021412912680173377
2023-01-11,113546,buy,rebalance,122.5,0.0017479928718508878,0.21412912680173377,0.00021412912680173377
2023-01-11,128082,buy,rebalance,138.8,0.0015427170518856898,0.21412912680173377,0.00021412912680173377
2023-01-30,128087,sell,rebalance,130.501,0.0017011532516636235,0.22200220049535455,0.00022200220049535454
2023-01-30,128145,sell,rebalance,139.495,0.0015702012644705733,0.21903522538732262,0.00021903522538732262
2023-01-30,127021,sell,rebalance,130.2,0.0017079000280181224,0.2223685836479595,0.0002223685836479595
2023-01-30,113631,sell,rebalance,120.453,0.0018287941676365573,0.22028374387432625,0.00022028374387432625
2023-01-30,128049,sell,rebalance,128.9,0.001898307861717498,0.2446918833753855,0.0002446918833753855
2023-01-30,110074,sell,rebalance,143.0,0.0016091102387541707,0.2301027641418464,0.0002301027641418464
2023-01-30,127035,sell,rebalance,121.9,0.0018244095698330375,0.22239552656264727,0.0002223955265626473
2023-01-30,123105,sell,rebalance_resize,164.051,0.00022218026115703146,0.036448894023072165,3.644889402307217e-05
2023-01-30,123022,sell,rebalance_resize,138.26,3.273503328306487e-05,0.004525945701716549,4.52594570171655e-06
2023-01-30,113566,buy,rebalance,121.876,6.491304917398339e-05,0.0079113427811284,7.9113427811284e-06
2023-01-30,123089,buy,rebalance,129.5,3.624493439228361e-05,0.004693719003800728,4.693719003800728e-06
2023-01-30,113526,buy,rebalance,127.899,5.837099710291585e-05,0.007465592158465834,7.465592158465834e-06
2023-01-30,111002,buy,rebalance,136.51,0.0016428379708674948,0.22426381140312168,0.00022426381140312168
2023-01-30,128082,buy,rebalance,144.502,1.084022701242782e-05,0.001566434483749845,1.5664344837498452e-06
2023-01-30,113570,buy,rebalance,130.8,6.976169219824444e-06,0.0009124829339530374,9.124829339530374e-07
2023-01-30,123044,buy,rebalance,124.744,4.987756514046274e-05,0.006221926985881884,6.221926985881884e-06
2023-01-30,113546,buy,rebalance,124.78,5.1071131140399544e-05,0.006372655743699055,6.3726557436990555e-06
2023-01-30,123130,buy,rebalance,128.5,2.028077380129155e-05,0.002606079433465964,2.606079433465964e-06
2023-01-30,128090,buy,rebalance,127.0,0.0017658567827017455,0.22426381140312168,0.00022426381140312168
2023-01-30,128079,buy,rebalance,145.9,0.0015371063153058373,0.22426381140312168,0.00022426381140312168
2023-01-30,128037,buy,rebalance,122.0,0.0018382279623206696,0.22426381140312168,0.00022426381140312168
2023-01-30,123090,buy,rebalance,132.724,1.950872443151113e-05,0.002589275941447883,2.589275941447883e-06
2023-01-30,123052,buy,rebalance,136.671,0.0016409026889619722,0.22426381140312168,0.00022426381140312168
2023-01-30,113567,buy,rebalance,138.902,4.9301114060663754e-05,0.006848023345254316,6.848023345254316e-06
2023-01-30,113618,buy,rebalance,128.35,4.010202332941698e-05,0.005147094694330669,5.147094694330669e-06
2023-01-30,128042,buy,rebalance,126.1,0.001778460042847912,0.22426381140312168,0.00022426381140312168
2023-01-30,128076,buy,rebalance,124.08,0.001807413051282412,0.22426381140312168,0.00022426381140312168
2023-01-31,113567,sell,rebalance,137.506,0.0016161518114807098,0.22223057098946647,0.00022223057098946647
2023-01-31,123022,sell,rebalance,138.071,0.0016237070730257827,0.22418685927974286,0.00022418685927974287
2023-01-31,123105,sell,rebalance,169.999,0.0013684387167194635,0.23263321340359208,0.0002326332134035921
2023-01-31,123052,sell,rebalance,137.374,0.0016409026889619722,0.22541736599346196,0.00022541736599346196
2023-01-31,128042,sell,rebalance,125.68,0.001778460042847912,0.2235168581851256,0.0002235168581851256
2023-01-31,113566,sell,rebalance_resize,123.961,2.1545987724322506e-05,0.002670862184294742,2.6708621842947422e-06
2023-01-31,113526,sell,rebalance_resize,128.689,1.6902284663852652e-06,0.00021751381111065338,2.175138111106534e-07
2023-01-31,123044,sell,rebalance_resize,128.0,3.6653450331029834e-05,0.004691641642371819,4.691641642371819e-06
2023-01-31,113570,sell,rebalance_resize,134.98,4.453842571952436e-05,0.006011796703621397,6.011796703621397e-06
2023-01-31,128079,sell,rebalance_resize,147.0,2.0371581011477155e-06,0.00029946224086871415,2.9946224086871417e-07
2023-01-31,128049,buy,rebalance,125.46,0.0017968036923201754,0.2254269912384892,0.0002254269912384892
2023-01-31,113577,buy,rebalance,126.841,0.001777240728459167,0.2254269912384892,0.0002254269912384892
2023-01-31,123089,buy,rebalance,129.8,4.973293517040115e-06,0.000645533498511807,6.45533498511807e-07
2023-01-31,111002,buy,rebalance,136.926,5.164966997227523e-06,0.0007072182710623758,7.072182710623758e-07
2023-01-31,113546,buy,rebalance,124.783,9.307254031631094e-06,0.0011613870798290228,1.1613870798290227e-06
2023-01-31,128037,buy,rebalance,121.01,2.6509820109571616e-05,0.0032079533314592614,3.2079533314592615e-06
2023-01-31,128082,buy,rebalance,144.0,1.3478842603165894e-05,0.0019409533348558887,1.9409533348558887e-06
2023-01-31,123130,buy,rebalance,128.436,9.924139075312891e-06,0.0012746167262768866,1.2746167262768865e-06
2023-01-31,113561,buy,rebalance,125.3,0.0017990980944811589,0.2254269912384892,0.0002254269912384892
2023-01-31,113618,buy,rebalance,128.859,2.143161616912462e-06,0.000276165662793723,2.76165662793723e-07
2023-01-31,128090,buy,rebalance,126.887,1.2525222139901691e-05,0.0015892878616657058,1.5892878616657057e-06
2023-01-31,113594,buy,rebalance,128.525,0.0017539544153938082,0.2254269912384892,0.0002254269912384892
2023-01-31,123090,buy,rebalance,132.5,1.1633186216837833e-05,0.001541397173731013,1.541397173731013e-06
2023-01-31,128076,buy,rebalance,124.786,9.232164102971309e-07,0.00011520448297533779,1.1520448297533778e-07
2023-01-31,128075,buy,rebalance,120.364,0.0018728771994823135,0.2254269912384892,0.0002254269912384892
2023-02-13,113570,sell,rebalance,141.25,0.0016717674182033589,0.23613714782122444,0.00023613714782122445
2023-02-13,113618,sell,rebalance,129.058,0.0017511767635714991,0.22600337075301052,0.00022600337075301052
2023-02-13,123044,sell,rebalance,128.0,0.0017629309852272607,0.22565516610908937,0.00022565516610908938
2023-02-13,123090,sell,rebalance,129.125,0.0017030460824362373,0.21990582539457915,0.00021990582539457916
2023-02-13,113546,sell,rebalance,126.56,0.0018083712570229184,0.22886746628882054,0.00022886746628882055
2023-02-13,128082,sell,rebalance,159.77,0.0015670361215012836,0.2503653611322601,0.0002503653611322601
2023-02-13,128090,sell,rebalance,127.618,0.0017783820048416473,0.22695355469388134,0.00022695355469388136
2023-02-13,128079,sell,rebalance,148.077,0.0015350691572046896,0.22730843559139882,0.00022730843559139882
2023-02-13,128037,sell,rebalance,122.05,0.0018647377824302412,0.22759124634561093,0.00022759124634561093
2023-02-13,128076,sell,rebalance,141.22,0.0018083362676927092,0.2553732477235644,0.0002553732477235644
2023-02-13,113577,sell,rebalance,131.2,0.001777240728459167,0.23317398357384267,0.00023317398357384266
2023-02-13,128075,sell,rebalance,124.932,0.0018728771994823135,0.2339822942857244,0.0002339822942857244
2023-02-13,113628,buy,rebalance,113.2,0.002032291013554043,0.2300553427343177,0.0002300553427343177
2023-02-13,128049,buy,rebalance,127.726,6.154295978557119e-06,0.0007860636081571865,7.860636081571865e-07
2023-02-13,123089,buy,rebalance,130.54,2.5594225453386482e-05,0.0033410701906850713,3.3410701906850715e-06
2023-02-13,113566,buy,rebalance,125.3,1.7482545448485443e-05,0.002190562944695226,2.190562944695226e-06
2023-02-13,123088,buy,rebalance,128.392,0.001791819916617217,0.2300553427343177,0.0002300553427343177
2023-02-13,113594,buy,rebalance,129.487,2.4465272623489824e-05,0.003167934756197827,3.1679347561978267e-06
2023-02-13,123075,buy,rebalance,131.615,0.0017479416687635732,0.2300553427343177,0.0002300553427343177
2023-02-13,128127,buy,rebalance,109.4,0.00210288247471954,0.2300553427343177,0.0002300553427343177
2023-02-13,113524,buy,rebalance,120.527,0.0019087452830844351,0.2300553427343177,0.0002300553427343177
2023-02-13,123131,buy,rebalance,127.296,0.001807247224848524,0.2300553427343177,0.0002300553427343177
2023-02-13,113567,buy,rebalance,140.898,0.0016327793349395856,0.2300553427343177,0.0002300553427343177
2023-02-13,123103,buy,rebalance,138.04,0.0016665846329637622,0.2300553427343177,0.0002300553427343177
2023-02-13,113549,buy,rebalance,117.0,0.001966284980635194,0.2300553427343177,0.0002300553427343177
2023-02-13,113561,buy,rebalance,127.877,1.7353327020885077e-06,0.0002219091399449721,2.219091399449721e-07
2023-02-13,111002,buy,rebalance,134.38,6.561947716512308e-05,0.00881794534144924,8.817945341449239e-06
2023-02-13,123130,buy,rebalance,128.69,3.248954240336877e-05,0.004181079211889527,4.181079211889527e-06
2023-02-13,113565,buy,rebalance,123.25,0.0018665747889194135,0.2300553427343177,0.0002300553427343177
2023-02-13,113526,buy,rebalance,129.977,1.8229106425687495e-05,0.0023693645658915837,2.3693645658915837e-06
2023-02-13,127034,buy,rebalance,105.905,0.0021722802769870895,0.2300553427343177,0.0002300553427343177
2023-02-13,113530,buy,rebalance,123.6,0.0018612891806983635,0.2300553427343177,0.0002300553427343177
2023-02-21,113526,sell,rebalance,128.9,0.001771721371569479,0.22837488479530585,0.00022837488479530586
2023-02-21,113628,sell,rebalance,113.397,0.002032291013554043,0.23045570406398785,0.00023045570406398787
2023-02-21,128127,sell,rebalance,108.037,0.00210288247471954,0.22718911392127497,0.00022718911392127498
2023-02-21,123103,sell,rebalance,134.996,0.0016665846329637622,0.22498225911157604,0.00022498225911157604
2023-02-21,113549,sell,rebalance,115.15,0.001966284980635194,0.22641771552014262,0.00022641771552014262
2023-02-21,113565,sell,rebalance,120.7,0.0018665747889194135,0.22529557702257322,0.00022529557702257323
2023-02-21,127034,sell,rebalance,105.43,0.0021722802769870895,0.22902350960274886,0.00022902350960274888
2023-02-21,113530,sell,rebalance,122.155,0.0018612891806983635,0.2273657798682086,0.0002273657798682086
2023-02-21,128049,sell,rebalance_resize,127.14,1.5411928869463536e-05,0.001959472636463594,1.959472636463594e-06
2023-02-21,113524,sell,rebalance_resize,119.98,1.4524529660220673e-05,0.0017426530686332764,1.7426530686332764e-06
2023-02-21,113566,sell,rebalance_resize,124.14,7.110439345305954e-06,0.0008826899403262811,8.826899403262812e-07
2023-02-21,111002,sell,rebalance_resize,134.699,2.6389354681682005e-05,0.0035546196862678847,3.5546196862678846e-06
2023-02-21,123089,sell,rebalance_resize,129.31,6.524178535563009e-06,0.0008436415264336528,8.436415264336527e-07
2023-02-21,123131,sell,rebalance_resize,128.913,4.428611157183949e-05,0.005709055501060545,5.709055501060545e-06
2023-02-21,113561,sell,rebalance_resize,126.488,4.073212808466612e-06,0.0005152125417173248,5.152125417173248e-07
2023-02-21,113567,buy,rebalance,133.986,6.336835953380246e-05,0.008490473020496056,8.490473020496057e-06
2023-02-21,113609,buy,rebalance,120.687,0.0018812273092958405,0.2270396802769871,0.0002270396802769871
2023-02-21,113594,buy,rebalance,127.41,5.332928598356895e-06,0.0006794684327166519,6.79468432716652e-07
2023-02-21,123130,buy,rebalance,126.58,6.022349276872476e-06,0.000762308971466518,7.62308971466518e-07
2023-02-21,127021,buy,rebalance,135.011,0.001681638387072069,0.2270396802769871,0.0002270396802769871
2023-02-21,123088,buy,rebalance,126.01,1.174419588313979e-05,0.001479886123234445,1.479886123234445e-06
2023-02-21,123075,buy,rebalance,128.35,2.2729655037908628e-05,0.0029173512241155723,2.9173512241155725e-06
2023-02-21,123116,buy,rebalance,134.0,0.0016943259722163216,0.2270396802769871,0.0002270396802769871
2023-02-21,123131,buy,rebalance,128.913,2.150878318106821e-19,2.7727617662210464e-17,2.772761766221046e-20
2023-02-21,113600,buy,rebalance,123.29,0.0018415092892934309,0.2270396802769871,0.0002270396802769871
2023-02-21,123087,buy,rebalance,120.146,0.0018896982028281182,0.2270396802769871,0.0002270396802769871
2023-02-21,110058,buy,rebalance,117.88,0.0019260237553188591,0.2270396802769871,0.0002270396802769871
2023-02-21,123022,buy,rebalance,135.812,0.001671720321304355,0.2270396802769871,0.0002270396802769871
2023-02-21,128133,buy,rebalance,123.199,0.0018428695060591976,0.2270396802769871,0.0002270396802769871
2023-02-23,113567,sell,risk_exit_next_open,129.85,0.0016961476944733881,0.22024477812736945,0.00022024477812736945
2023-03-01,123088,sell,rebalance,124.575,0.0018035641125003568,0.22467899931473195,0.00022467899931473195
2023-03-01,123131,sell,rebalance,131.05,0.0017629611132766846,0.23103605389490955,0.00023103605389490956
2023-03-01,123116,sell,rebalance,127.453,0.0016943259722163216,0.21594692813688685,0.00021594692813688685
2023-03-01,113600,sell,rebalance,121.308,0.0018415092892934309,0.22338980886560753,0.00022338980886560752
2023-03-01,110058,sell,rebalance,118.176,0.0019260237553188591,0.2276097833085615,0.0002276097833085615
2023-03-01,123022,sell,rebalance,135.9,0.001671720321304355,0.22718679166526187,0.00022718679166526187
2023-03-01,128133,sell,rebalance,125.0,0.0018428695060591976,0.2303586882573997,0.0002303586882573997
2023-03-01,128049,sell,rebalance_resize,126.8,2.2184756465239483e-06,0.0002813027119792366,2.8130271197923663e-07
2023-03-01,113594,sell,rebalance_resize,129.893,4.0937086728346873e-05,0.00531744100640516,5.31744100640516e-06
2023-03-01,111002,sell,rebalance_resize,135.5,1.6535365708664432e-05,0.0022405420535240306,2.2405420535240304e-06
2023-03-01,123130,sell,rebalance_resize,126.3,3.052844222955554e-06,0.0003855742253592864,3.8557422535928645e-07
2023-03-01,113609,sell,rebalance_resize,127.538,0.00010623054265646958,0.013548430949320817,1.3548430949320816e-05
2023-03-01,113566,buy,rebalance,122.998,9.759727114078605e-06,0.0012004269155774403,1.2004269155774405e-06
2023-03-01,127035,buy,rebalance,119.5,0.0018924743312100382,0.22615068257959958,0.00022615068257959958
2023-03-01,113604,buy,rebalance,114.9,0.001968239186941685,0.22615068257959958,0.00022615068257959958
2023-03-01,113524,buy,rebalance,119.494,2.635366324297691e-07,3.149104635556283e-05,3.149104635556283e-08
2023-03-01,123089,buy,rebalance,128.6,2.7871570777020288e-06,0.00035842840019248087,3.5842840019248086e-07
2023-03-01,127021,buy,rebalance,132.1,3.202744339882406e-05,0.004230825272984659,4.230825272984659e-06
2023-03-01,113594,buy,rebalance,129.893,2.13464286198112e-19,2.772751652713136e-17,2.772751652713136e-20
2023-03-01,113570,buy,rebalance,137.24,0.0016478481680238966,0.22615068257959958,0.00022615068257959958
2023-03-01,113561,buy,rebalance,123.791,3.193118937328905e-05,0.003952793863708825,3.952793863708825e-06
2023-03-01,113549,buy,rebalance,115.33,0.001960900742041096,0.22615068257959958,0.00022615068257959958
2023-03-01,123087,buy,rebalance,119.259,8.510825367802612e-06,0.0010149925225387717,1.0149925225387718e-06
2023-03-01,123075,buy,rebalance,127.406,6.158210508850744e-06,0.0007845929680906379,7.845929680906379e-07
2023-03-01,113516,buy,rebalance,113.157,0.0019985567183612115,0.22615068257959958,0.00022615068257959958
2023-03-01,113577,buy,rebalance,127.5,0.0017737308437615654,0.22615068257959958,0.00022615068257959958
2023-03-01,110080,buy,rebalance,115.88,0.0019515937398998928,0.22615068257959958,0.00022615068257959958
2023-03-01,113565,buy,rebalance,120.36,0.0018789521650016583,0.22615068257959958,0.00022615068257959958
2023-03-03,113570,sell,risk_exit_next_open,132.118,0.0016478481680238966,0.21771040426298116,0.00021771040426298116
2023-03-13,113561,sell,rebalance,124.113,0.0018286914037480696,0.22696437619338417,0.00022696437619338416
2023-03-13,113609,sell,rebalance,124.079,0.001774996766639371,0.22023982380784649,0.0002202398238078465
2023-03-13,127021,sell,rebalance,136.21,0.0017136658304708929,0.23341842276844033,0.00023341842276844034
2023-03-13,123087,sell,rebalance,122.79,0.0018982090281959207,0.23308108657217713,0.00023308108657217713
2023-03-13,127035,sell,rebalance,120.488,0.0018924743312100382,0.22802044721883508,0.00022802044721883507
2023-03-13,113604,sell,rebalance,111.85,0.001968239186941685,0.22014755305942743,0.00022014755305942743
2023-03-13,113549,sell,rebalance,116.2,0.001960900742041096,0.22785666622517534,0.00022785666622517534
2023-03-13,113516,sell,rebalance,112.87,0.0019985567183612115,0.22557709680142995,0.00022557709680142996
2023-03-13,113577,sell,rebalance,127.145,0.0017737308437615654,0.22552100813006423,0.00022552100813006423
2023-03-13,110080,sell,rebalance,115.8,0.0019515937398998928,0.22599455508040758,0.0002259945550804076
2023-03-13,113565,sell,rebalance,120.181,0.0018789521650016583,0.2258143501420643,0.0002258143501420643
2023-03-13,113594,sell,rebalance_resize,138.58,0.00011372435398896715,0.01575992097579107,1.575992097579107e-05
2023-03-13,123130,sell,rebalance_resize,129.879,5.4166305289471535e-05,0.007035065564691273,7.035065564691273e-06
2023-03-13,113566,sell,rebalance_resize,122.808,2.1918108548351195e-06,0.0002691719074605914,2.691719074605914e-07
2023-03-13,128049,buy,rebalance,122.58,5.63471569918443e-05,0.006907034504060275,6.907034504060275e-06
2023-03-13,110058,buy,rebalance,120.698,0.0018685646516094293,0.22553201631995487,0.00022553201631995488
2023-03-13,113628,buy,rebalance,115.359,0.0019550448280581047,0.22553201631995487,0.00022553201631995488
2023-03-13,113588,buy,rebalance,129.0,0.001748310204030658,0.22553201631995487,0.00022553201631995488
2023-03-13,111002,buy,rebalance,131.666,4.38954937860062e-05,0.005779544084828293,5.779544084828293e-06
2023-03-13,128121,buy,rebalance,125.572,0.0017960374631283635,0.22553201631995487,0.00022553201631995488
2023-03-13,123089,buy,rebalance,127.133,1.5422553312819867e-05,0.001960715470318728,1.960715470318728e-06
2023-03-13,123022,buy,rebalance,133.672,0.00168720462265811,0.22553201631995487,0.00022553201631995488
2023-03-13,113524,buy,rebalance,118.099,1.71103665799469e-05,0.002020717182725149,2.020717182725149e-06
2023-03-13,123116,buy,rebalance,135.891,0.0016596538131293088,0.22553201631995487,0.00022553201631995488
2023-03-13,123136,buy,rebalance,140.5,0.001605210080569074,0.22553201631995487,0.00022553201631995488
2023-03-13,110074,buy,rebalance,133.78,0.0016858425498576385,0.22553201631995487,0.00022553201631995488
2023-03-13,128127,buy,rebalance,113.0,0.0019958585515040253,0.22553201631995487,0.00022553201631995488
2023-03-13,123059,buy,rebalance,125.658,0.0017948082598796325,0.22553201631995487,0.00022553201631995488
2023-03-13,128042,buy,rebalance,123.0,0.0018335936286175193,0.22553201631995487,0.00022553201631995488
2023-03-13,123075,buy,rebalance,124.299,3.9391974914554396e-05,0.004896383089904197,4.896383089904197e-06
2023-03-13,123048,buy,rebalance,121.147,0.0018616393003537427,0.22553201631995487,0.00022553201631995488
2023-03-21,110058,sell,rebalance,123.2,0.0018685646516094293,0.23020716507828168,0.00023020716507828168
2023-03-21,113588,sell,rebalance,138.2,0.001748310204030658,0.24161647019703691,0.00024161647019703693
2023-03-21,128121,sell,rebalance,128.0,0.0017960374631283635,0.22989279528043052,0.00022989279528043053
2023-03-21,123022,sell,rebalance,143.0,0.00168720462265811,0.24127026104010973,0.00024127026104010975
2023-03-21,123059,sell,rebalance,135.249,0.0017948082598796325,0.24274602234046042,0.0002427460223404604
2023-03-21,123048,sell,rebalance,123.369,0.0018616393003537427,0.2296685788453409,0.0002296685788453409
2023-03-21,128049,sell,rebalance_resize,128.089,5.276107926751578e-05,0.006758113882296829,6.758113882296829e-06
2023-03-21,113566,sell,rebalance_resize,124.709,9.135252621854007e-07,0.00011392482192187914,1.1392482192187914e-07
2023-03-21,123116,sell,rebalance_resize,155.0,0.00018133018739524713,0.028106179046263304,2.8106179046263304e-05
2023-03-21,113524,buy,rebalance,119.434,6.948740160806155e-06,0.0008299158323657223,8.299158323657224e-07
2023-03-21,113566,buy,rebalance,124.709,2.223350325991227e-19,2.772717958040399e-17,2.772717958040399e-20
2023-03-21,123130,buy,rebalance,129.0,3.801231256585273e-05,0.004903588320995003,4.903588320995003e-06
2023-03-21,113594,buy,rebalance,133.899,8.211579003631098e-05,0.010995222170072004,1.0995222170072005e-05
2023-03-21,128127,buy,rebalance,112.401,4.269312934686954e-05,0.004798750431717483,4.7987504317174835e-06
2023-03-21,123136,buy,rebalance,128.153,0.00018262316345102428,0.023403706265739115,2.3403706265739115e-05
2023-03-21,110074,buy,rebalance,132.13,4.831036589701958e-05,0.006383248645973197,6.383248645973197e-06
2023-03-21,123091,buy,rebalance,124.82,0.001833886672168029,0.22890573442001336,0.00022890573442001336
2023-03-21,111002,buy,rebalance,129.1,6.0249539238051535e-05,0.007778215515632453,7.778215515632454e-06
2023-03-21,123075,buy,rebalance,123.45,3.98750534920242e-05,0.004922575353590387,4.922575353590387e-06
2023-03-21,123089,buy,rebalance,127.9,1.578272257639959e-05,0.0020186102175215074,2.0186102175215073e-06
2023-03-21,113530,buy,rebalance,128.6,0.0017799823827372736,0.22890573442001336,0.00022890573442001336
2023-03-21,113526,buy,rebalance,131.7,0.0017380845438117948,0.22890573442001336,0.00022890573442001336
2023-03-21,113628,buy,rebalance,114.778,4.128990938025549e-05,0.004739173218846965,4.7391732188469655e-06
2023-03-21,113546,buy,rebalance,122.747,0.0018648580773461946,0.22890573442001336,0.00022890573442001336
2023-03-21,128042,buy,rebalance,121.8,4.7639700616059345e-05,0.005802515535036028,5.802515535036028e-06
2023-03-21,123050,buy,rebalance,124.6,0.0018371246743179243,0.22890573442001336,0.00022890573442001336
2023-03-21,123025,buy,rebalance,148.838,0.0015379522327632282,0.22890573442001336,0.00022890573442001336
2023-03-31,123089,sell,rebalance,130.0,0.0017915410061309246,0.2329003307970202,0.0002329003307970202
2023-03-31,123075,sell,rebalance,124.363,0.0018560965627169113,0.23082973682916325,0.00023082973682916324
2023-03-31,113628,sell,rebalance,116.006,0.00199633473743836,0.23158680755127442,0.00023158680755127443
2023-03-31,110074,sell,rebalance,134.459,0.001734152915754658,0.23317246689945556,0.00023317246689945556
2023-03-31,128127,sell,rebalance,110.21,0.0020385516808508948,0.2246687807465771,0.0002246687807465771
2023-03-31,113530,sell,rebalance,128.779,0.0017799823827372736,0.22922435126652335,0.00022922435126652337
2023-03-31,113546,sell,rebalance,125.293,0.0018648580773461946,0.23365366308493676,0.00023365366308493677
2023-03-31,123025,sell,rebalance,151.611,0.0015379522327632282,0.23317047596146576,0.00023317047596146576
2023-03-31,128049,sell,rebalance_resize,134.58,7.400980364894863e-05,0.009960239375075508,9.960239375075508e-06
2023-03-31,128042,sell,rebalance_resize,125.3,3.931983210232175e-05,0.004926774962420916,4.926774962420916e-06
2023-03-31,123130,sell,rebalance_resize,130.025,1.2614985813055357e-06,0.00016402635303425228,1.640263530342523e-07
2023-03-31,123050,sell,rebalance_resize,125.92,4.280319246875381e-06,0.0005389777995665479,5.389777995665479e-07
2023-03-31,128049,buy,rebalance,134.58,2.060307352241262e-19,2.7727616346462907e-17,2.7727616346462906e-20
2023-03-31,113524,buy,rebalance,119.4,1.437143490418314e-05,0.001715949327559467,1.715949327559467e-06
2023-03-31,123116,buy,rebalance,152.692,3.31285817143835e-05,0.005058469399132646,5.058469399132646e-06
2023-03-31,128121,buy,rebalance,128.295,0.0017971025814492287,0.23055927568702878,0.0002305592756870288
2023-03-31,123087,buy,rebalance,124.092,0.0018579705032317052,0.23055927568702878,0.0002305592756870288
2023-03-31,113594,buy,rebalance,132.69,2.8095182646818955e-05,0.003727949785406407,3.727949785406407e-06
2023-03-31,113566,buy,rebalance,124.968,9.398634703160547e-06,0.0011745285815845672,1.1745285815845673e-06
2023-03-31,123136,buy,rebalance,127.65,2.015083311720788e-05,0.002572253847411586,2.572253847411586e-06
2023-03-31,123077,buy,rebalance,141.8,0.0016259469371440675,0.23055927568702878,0.0002305592756870288
2023-03-31,123091,buy,rebalance,125.23,9.04727923416273e-06,0.0011329907784941987,1.1329907784941988e-06
2023-03-31,113526,buy,rebalance,130.85,2.5678338178964653e-05,0.0033600105507175246,3.3600105507175245e-06
2023-03-31,128143,buy,rebalance,124.52,0.0018515842891666302,0.23055927568702878,0.0002305592756870288
2023-03-31,123038,buy,rebalance,136.7,0.0016866077226556605,0.23055927568702878,0.0002305592756870288
2023-03-31,113561,buy,rebalance,126.388,0.0018242180878487576,0.23055927568702878,0.0002305592756870288
2023-03-31,111002,buy,rebalance,128.441,2.2004939679515465e-05,0.0028263364573766457,2.826336457376646e-06
2023-03-31,127026,buy,rebalance,118.184,0.001950850163194923,0.23055927568702878,0.0002305592756870288
2023-03-31,110058,buy,rebalance,124.133,0.0018573568324863556,0.23055927568702878,0.0002305592756870288
2023-04-06,123116,sell,risk_exit_next_open,155.1,0.0015114522074484453,0.23442623737525387,0.00023442623737525387
2023-04-10,123077,sell,risk_exit_next_open,134.979,0.0016259469371440675,0.2194686916287691,0.00021946869162876913
2023-04-11,111002,sell,rebalance,129.892,0.0017968476673430724,0.23339613720652636,0.00023339613720652636
2023-04-11,123091,sell,rebalance,126.611,0.0018429339514021918,0.2333357105209829,0.0002333357105209829
2023-04-11,128121,sell,rebalance,128.84,0.0017971025814492287,0.23153869659391862,0.00023153869659391863
2023-04-11,128143,sell,rebalance,124.146,0.0018515842891666302,0.22986678316288048,0.00022986678316288048
2023-04-11,123038,sell,rebalance,137.152,0.0016866077226556605,0.23132162237766912,0.00023132162237766914
2023-04-11,113561,sell,rebalance,130.003,0.0018242180878487576,0.237153824074602,0.000237153824074602
2023-04-11,127026,sell,rebalance,121.755,0.001950850163194923,0.23752576161979783,0.00023752576161979784
2023-04-11,110058,sell,rebalance_resize,132.4,9.756940538322167e-05,0.01291818927273855,1.291818927273855e-05
2023-04-11,123050,sell,rebalance_resize,136.585,0.0001269772734116067,0.017343190888924304,1.7343190888924303e-05
2023-04-11,123087,sell,rebalance_resize,128.01,3.783258159702866e-05,0.004842948770235639,4.842948770235639e-06
2023-04-11,113594,sell,rebalance_resize,134.755,1.0269048893481944e-05,0.0013838056836411594,1.3838056836411594e-06
2023-04-11,123112,buy,rebalance,141.0,0.0016507736927278505,0.2327590906746269,0.0002327590906746269
2023-04-11,127021,buy,rebalance,141.513,0.00164478945873967,0.2327590906746269,0.0002327590906746269
2023-04-11,128049,buy,rebalance,131.0,6.362573709779101e-05,0.008334971559810622,8.334971559810622e-06
2023-04-11,113527,buy,rebalance,125.055,0.0018612537737365711,0.2327590906746269,0.0002327590906746269
2023-04-11,113524,buy,rebalance,119.0,2.5008094109315147e-05,0.0029759631990085027,2.975963199008503e-06
2023-04-11,123136,buy,rebalance,128.79,1.1292655715806962e-06,0.00014543811296387785,1.4543811296387785e-07
2023-04-11,123130,buy,rebalance,130.9,4.96810718645683e-06,0.000650325230707199,6.50325230707199e-07
2023-04-11,113566,buy,rebalance,124.12,3.0353934287951622e-05,0.0037675303238205557,3.767530323820556e-06
2023-04-11,123054,buy,rebalance,141.79,0.0016415762090036456,0.2327590906746269,0.0002327590906746269
2023-04-11,128042,buy,rebalance,123.3,4.7704282166271504e-05,0.005881937991101276,5.881937991101276e-06
2023-04-11,123138,buy,rebalance,137.0,0.0016989714647782986,0.2327590906746269,0.0002327590906746269
2023-04-11,110074,buy,rebalance,139.09,0.0016734423083947581,0.2327590906746269,0.0002327590906746269
2023-04-11,113530,buy,rebalance,126.918,0.0018339328595993233,0.2327590906746269,0.0002327590906746269
2023-04-11,113526,buy,rebalance,130.008,2.837377920537891e-05,0.0036888182869329014,3.6888182869329015e-06
2023-04-11,123099,buy,rebalance,130.63,0.00178181957187956,0.2327590906746269,0.0002327590906746269
2023-04-11,128070,buy,rebalance,139.0,0.0016745258321915605,0.2327590906746269,0.0002327590906746269
2023-04-17,127021,sell,risk_exit_next_open,130.001,0.00164478945873967,0.21382427442561586,0.00021382427442561585
2023-04-21,113566,sell,rebalance,121.248,0.00187715132921515,0.2276008443646785,0.00022760084436467852
2023-04-21,123112,sell,rebalance,136.05,0.0016507736927278505,0.22458776089562407,0.00022458776089562406
2023-04-21,123138,sell,rebalance,137.509,0.0016989714647782986,0.23362386715019903,0.00023362386715019903
2023-04-21,110074,sell,rebalance,144.777,0.0016734423083947581,0.24227595708246788,0.00024227595708246788
2023-04-21,113530,sell,rebalance,129.033,0.0018339328595993233,0.23663785867267945,0.00023663785867267945
2023-04-21,123099,sell,rebalance,120.914,0.00178181957187956,0.21544693171424512,0.00021544693171424511
2023-04-21,128070,sell,rebalance,136.335,0.0016745258321915605,0.22829647933183642,0.00022829647933183641
2023-04-21,128049,sell,rebalance_resize,131.5,1.1423535000132126e-05,0.0015021948525173745,1.5021948525173745e-06
2023-04-21,113594,sell,rebalance_resize,135.89,1.9014357439216827e-05,0.0025838610324151745,2.5838610324151745e-06
2023-04-21,123054,sell,rebalance_resize,141.894,3.913961944674909e-06,0.0005553677161777016,5.553677161777017e-07
2023-04-21,110058,sell,rebalance_resize,145.0,0.00015720503479840583,0.022794730045768846,2.2794730045768845e-05
2023-04-21,123050,sell,rebalance_resize,136.925,8.774170327066292e-06,0.0012014032720335521,1.201403272033552e-06
2023-04-21,123136,sell,rebalance_resize,135.0,8.782114356677109e-05,0.011855854381514097,1.1855854381514097e-05
2023-04-21,113527,sell,rebalance_resize,128.045,4.646641863339936e-05,0.00594979257391362,5.94979257391362e-06
2023-04-21,123130,sell,rebalance_resize,131.6,1.4184730629790623e-05,0.001866710550880446,1.866710550880446e-06
2023-04-21,110058,buy,rebalance,145.0,1.912216043970551e-19,2.772713263757299e-17,2.772713263757299e-20
2023-04-21,123141,buy,rebalance,122.097,0.0019012450542272934,0.23213631738598983,0.00023213631738598983
2023-04-21,113628,buy,rebalance,115.699,0.002006381363589917,0.23213631738598983,0.00023213631738598983
2023-04-21,127054,buy,rebalance,118.322,0.0019619032587852624,0.23213631738598983,0.00023213631738598983
2023-04-21,128042,buy,rebalance,119.6,5.325774586894797e-05,0.006369626405926177,6.369626405926177e-06
2023-04-21,123140,buy,rebalance,140.479,0.001652462769424539,0.23213631738598983,0.00023213631738598983
2023-04-21,123038,buy,rebalance,136.39,0.0017020039400688456,0.23213631738598983,0.00023213631738598983
2023-04-21,113526,buy,rebalance,128.631,1.4368387724190746e-05,0.0018482200813503798,1.8482200813503799e-06
2023-04-21,123012,buy,rebalance,154.801,0.0014995789264022187,0.23213631738598983,0.00023213631738598983
2023-04-21,123087,buy,rebalance,125.883,2.5791364831758704e-05,0.003246694379116281,3.246694379116281e-06
2023-04-21,123142,buy,rebalance,119.569,0.0019414423252347166,0.23213631738598983,0.00023213631738598983
2023-04-21,113524,buy,rebalance,117.328,2.2607943694044897e-05,0.0026525448177349,2.6525448177349e-06
2023-04-21,128082,buy,rebalance,142.187,0.0016326128083860678,0.23213631738598983,0.00023213631738598983
2023-05-11,113594,sell,rebalance,142.714,0.001710018742248772,0.24404361478129125,0.00024404361478129124
2023-05-11,123136,sell,rebalance,137.602,0.0017212921991421155,0.2368532491863534,0.00023685324918635339
2023-05-11,128042,sell,rebalance,116.502,0.0019428755251664762,0.2263488844329448,0.0002263488844329448
2023-05-11,123087,sell,rebalance,116.8,0.0018459292864664353,0.21560454065927964,0.00021560454065927965
2023-05-11,123054,sell,rebalance,134.36,0.0016376622470589707,0.22003629951484333,0.00022003629951484333
2023-05-11,123012,sell,rebalance,146.931,0.0014995789264022187,0.22033463123520441,0.00022033463123520441
2023-05-11,123142,sell,rebalance,123.349,0.0019414423252347166,0.23947496937537707,0.00023947496937537708
2023-05-11,128082,sell,rebalance,138.866,0.0016326128083860678,0.22671441024933972,0.00022671441024933972
2023-05-11,113628,sell,rebalance_resize,117.3,5.8980590441286034e-05,0.006918423258762851,6.918423258762851e-06
2023-05-11,113527,sell,rebalance_resize,131.758,8.107774589284357e-05,0.010682641643349283,1.0682641643349283e-05
2023-05-11,123130,sell,rebalance_resize,132.3,3.9156239499534174e-05,0.0051803704857883714,5.180370485788372e-06
2023-05-11,127054,sell,rebalance_resize,118.45,3.34092892594337e-05,0.003957330312779922,3.957330312779922e-06
2023-05-11,113526,sell,rebalance_resize,127.2,1.0670845379964199e-05,0.001357331532331446,1.357331532331446e-06
2023-05-11,123038,sell,rebalance_resize,136.4,2.7296383688094745e-05,0.0037232267350561232,3.7232267350561234e-06
2023-05-11,113524,sell,rebalance_resize,116.05,1.2154215559792229e-05,0.0014104967157138881,1.4104967157138882e-06
2023-05-11,123140,sell,rebalance_resize,138.799,6.700835330385603e-06,0.0009300692430221913,9.300692430221913e-07
2023-05-11,128049,buy,rebalance,118.505,0.00016032959137460677,0.018999858225847776,1.8999858225847775e-05
2023-05-11,123048,buy,rebalance,126.4,0.0018053617219261546,0.22819772165146596,0.00022819772165146596
2023-05-11,123067,buy,rebalance,143.6,0.0015891206243138299,0.22819772165146596,0.00022819772165146596
2023-05-11,123050,buy,rebalance,131.288,4.277966708834336e-05,0.005616456932694423,5.616456932694423e-06
2023-05-11,113532,buy,rebalance,111.168,0.002052728497872283,0.22819772165146596,0.00022819772165146596
2023-05-11,128128,buy,rebalance,128.412,0.001777074741079229,0.22819772165146596,0.00022819772165146596
2023-05-11,110058,buy,rebalance,138.4,4.787543306457462e-05,0.006625959936137128,6.625959936137128e-06
2023-05-11,113566,buy,rebalance,121.73,0.0018746218816353072,0.22819772165146596,0.00022819772165146596
2023-05-11,123141,buy,rebalance,118.556,2.5498696766667396e-05,0.0030230234938690196,3.0230234938690195e-06
2023-05-11,113546,buy,rebalance,120.9,0.0018874914942222164,0.22819772165146596,0.00022819772165146596
2023-05-11,127028,buy,rebalance,134.934,0.001691180292968903,0.22819772165146596,0.00022819772165146596
2023-05-11,128121,buy,rebalance,130.191,0.0017527918339321916,0.22819772165146596,0.00022819772165146596
2023-05-11,123140,buy,rebalance,138.799,1.9976612949237234e-19,2.7727339007411792e-17,2.772733900741179e-20
2023-05-23,123130,sell,rebalance,127.7,0.001726607034696405,0.22048771833073094,0.00022048771833073095
2023-05-23,123050,sell,rebalance,134.899,0.0017398725784207193,0.2347070709563766,0.0002347070709563766
2023-05-23,110058,sell,rebalance,143.0,0.001650457825369303,0.23601546902781032,0.00023601546902781033
2023-05-23,123140,sell,rebalance,143.2,0.0016457619340941535,0.23567310896228277,0.0002356731089622828
2023-05-23,123048,sell,rebalance,128.85,0.0018053617219261546,0.23262085787018502,0.00023262085787018502
2023-05-23,113532,sell,rebalance,111.772,0.002052728497872283,0.22943756966418083,0.00022943756966418082
2023-05-23,128121,sell,rebalance,129.86,0.0017527918339321916,0.22761754755443442,0.0002276175475544344
2023-05-23,113628,sell,rebalance_resize,119.006,8.032317399013497e-06,0.0009558939643870002,9.558939643870002e-07
2023-05-23,113524,sell,rebalance_resize,119.339,3.4419754315195006e-05,0.004107619060221057,4.107619060221057e-06
2023-05-23,123067,sell,rebalance_resize,146.649,1.531867240867561e-05,0.0022464679900598694,2.2464679900598693e-06
2023-05-23,123038,sell,rebalance_resize,140.119,2.7561327497166392e-05,0.0038618656475754576,3.861865647575458e-06
2023-05-23,123141,sell,rebalance_resize,121.998,3.49382915197157e-05,0.004262401688822276,4.262401688822276e-06
2023-05-23,127054,sell,rebalance_resize,121.7,3.2056151572345034e-05,0.0039012336463543906,3.9012336463543904e-06
2023-05-23,113524,buy,rebalance,119.339,2.323424841334019e-19,2.772751971399605e-17,2.772751971399605e-20
2023-05-23,113546,buy,rebalance,122.22,8.768089376044584e-07,0.0001071635883540169,1.0716358835401691e-07
2023-05-23,113527,buy,rebalance,133.0,1.600669245665211e-06,0.00021288900967347308,2.128890096734731e-07
2023-05-23,128076,buy,rebalance,126.5,0.0018226339024163707,0.2305631886556709,0.0002305631886556709
2023-05-23,113526,buy,rebalance,126.456,2.9249144899880408e-05,0.003698729867459277,3.6987298674592772e-06
2023-05-23,123061,buy,rebalance,125.006,0.0018444169772304602,0.2305631886556709,0.0002305631886556709
2023-05-23,128039,buy,rebalance,114.9,0.0020066421989179363,0.2305631886556709,0.0002305631886556709
2023-05-23,128075,buy,rebalance,124.9,0.0018459822950814323,0.2305631886556709,0.0002305631886556709
2023-05-23,127028,buy,rebalance,133.899,3.2447861485236476e-05,0.004344736205011679,4.344736205011679e-06
2023-05-23,113566,buy,rebalance,120.99,3.291141313371307e-05,0.003981951875047944,3.981951875047944e-06
2023-05-23,123038,buy,rebalance,140.119,1.9788550955970317e-19,2.772751971399605e-17,2.772751971399605e-20
2023-05-23,127054,buy,rebalance,121.7,2.278350017583899e-19,2.772751971399605e-17,2.772751971399605e-20
2023-05-23,128042,buy,rebalance,120.075,0.0019201598055854333,0.2305631886556709,0.0002305631886556709
2023-05-23,128049,buy,rebalance,118.203,2.508232643652486e-05,0.002964806231776548,2.964806231776548e-06
2023-05-23,123127,buy,rebalance,122.688,0.001879264383278486,0.2305631886556709,0.0002305631886556709
2023-05-23,128128,buy,rebalance,127.974,2.6362431969007293e-05,0.003373705868801739,3.3737058688017392e-06
2023-05-23,123136,buy,rebalance,133.999,0.0017206336514128532,0.2305631886556709,0.0002305631886556709
2023-05-24,123136,sell,risk_exit_next_open,124.0,0.0017206336514128532,0.2133585727751938,0.0002133585727751938
2023-05-31,128049,sell,rebalance,119.251,0.0019525179777669156,0.23283972136668246,0.00023283972136668246
2023-05-31,123141,sell,rebalance,123.629,0.0018918054594742452,0.23388201714934148,0.0002338820171493415
2023-05-31,128076,sell,rebalance,126.18,0.0018226339024163707,0.22997994580689768,0.00022997994580689767
2023-05-31,128039,sell,rebalance,114.0,0.0020066421989179363,0.22875721067664473,0.00022875721067664473
2023-05-31,128075,sell,rebalance,124.5,0.0018459822950814323,0.2298247957376383,0.00022982479573763833
2023-05-31,128042,sell,rebalance,119.435,0.0019201598055854333,0.22933428638009623,0.00022933428638009624
2023-05-31,123127,sell,rebalance,122.99,0.001879264383278486,0.23113072649942099,0.000231130726499421
2023-05-31,113628,sell,rebalance_resize,121.27,5.6433718328457236e-05,0.0068437170216920085,6.843717021692009e-06
2023-05-31,113524,sell,rebalance_resize,119.539,2.375608142782586e-05,0.0028397782178008757,2.8397782178008756e-06
2023-05-31,113546,sell,rebalance_resize,122.905,3.0482166655495618e-05,0.003746410692793689,3.746410692793689e-06
2023-05-31,113526,sell,rebalance_resize,125.489,5.453774477076388e-06,0.0006843887053538389,6.843887053538389e-07
2023-05-31,123038,sell,rebalance_resize,142.018,3.9297254760134734e-05,0.0055809175265248145,5.5809175265248145e-06
2023-05-31,113628,buy,rebalance,121.27,2.286431276637549e-19,2.7727552091783552e-17,2.7727552091783553e-20
2023-05-31,113527,buy,rebalance,129.824,2.35356013969246e-05,0.0030554859157543397,3.0554859157543396e-06
2023-05-31,127028,buy,rebalance,129.952,3.347522986477662e-05,0.004350173071387451,4.350173071387451e-06
2023-05-31,123100,buy,rebalance,115.2,0.001980147115599465,0.22811294771705837,0.00022811294771705838
2023-05-31,128123,buy,rebalance,117.437,0.0019424282612554677,0.22811294771705837,0.00022811294771705838
2023-05-31,113532,buy,rebalance,112.276,0.002031716018713335,0.22811294771705837,0.00022811294771705838
2023-05-31,123010,buy,rebalance,111.75,0.0020412791742018647,0.22811294771705837,0.00022811294771705838
2023-05-31,128143,buy,rebalance,119.439,0.0019098698726300318,0.22811294771705837,0.00022811294771705838
2023-05-31,123067,buy,rebalance,142.55,2.8018174249424e-05,0.0039939907392553915,3.993990739255391e-06
2023-05-31,123082,buy,rebalance,115.5,0.0019750038763381677,0.22811294771705837,0.00022811294771705838
2023-05-31,123061,buy,rebalance,123.36,6.609867047481545e-06,0.0008153931989773233,8.153931989773233e-07
2023-05-31,127054,buy,rebalance,120.16,3.886945413874872e-06,0.0004670553609312046,4.6705536093120463e-07
2023-05-31,123075,buy,rebalance,135.054,0.0016890499186774058,0.22811294771705837,0.00022811294771705838
2023-05-31,113566,buy,rebalance,119.26,7.12909258667302e-06,0.0008502155818866245,8.502155818866244e-07
2023-05-31,128128,buy,rebalance,122.912,5.4288286622749026e-05,0.006672681885375328,6.672681885375329e-06
2023-05-31,113030,buy,rebalance,118.849,0.0019193510060417703,0.22811294771705837,0.00022811294771705838
2023-06-13,127054,sell,rebalance,123.465,0.0019003247633673586,0.23462359690915094,0.00023462359690915095
2023-06-13,128128,sell,rebalance,128.59,0.0018577254596709853,0.238884916859092,0.000238884916859092
2023-06-13,113532,sell,rebalance,112.95,0.002031716018713335,0.2294823243136712,0.0002294823243136712
2023-06-13,123010,sell,rebalance,112.0,0.0020412791742018647,0.22862326751060885,0.00022862326751060886
2023-06-13,128143,sell,rebalance,120.797,0.0019098698726300318,0.23070655100408996,0.00023070655100408997
2023-06-13,123082,sell,rebalance,112.69,0.0019750038763381677,0.22256318682454812,0.00022256318682454813
2023-06-13,113030,sell,rebalance,119.998,0.0019193510060417703,0.23031828202300036,0.00023031828202300036
2023-06-13,113628,sell,rebalance_resize,134.0,0.00015229041211141113,0.02040691522292909,2.040691522292909e-05
2023-06-13,113527,sell,rebalance_resize,132.87,1.3483197595776395e-05,0.0017915124645508096,1.7915124645508097e-06
2023-06-13,113524,sell,rebalance_resize,121.51,1.6637464260889714e-06,0.00020216182823407092,2.0216182823407093e-07
2023-06-13,123075,sell,rebalance_resize,138.802,1.8279039356456434e-05,0.0025371672207548657,2.5371672207548657e-06
2023-06-13,128123,sell,rebalance_resize,120.251,1.3909250257584858e-05,0.0016726012527248368,1.672601252724837e-06
2023-06-13,123061,sell,rebalance_resize,127.502,3.218212347743332e-05,0.004103285107619703,4.103285107619703e-06
2023-06-13,113628,buy,rebalance,134.0,2.06920371966872e-19,2.772732984356085e-17,2.772732984356085e-20
2023-06-13,113527,buy,rebalance,132.87,2.086801373038372e-19,2.772732984356085e-17,2.772732984356085e-20
2023-06-13,128042,buy,rebalance,122.503,0.0018911401150203725,0.2316703375103407,0.0002316703375103407
2023-06-13,113565,buy,rebalance,121.795,0.0019021334004707968,0.2316703375103407,0.0002316703375103407
2023-06-13,113546,buy,rebalance,124.39,6.456025332673203e-06,0.0008030649911312197,8.030649911312196e-07
2023-06-13,123067,buy,rebalance,140.36,5.035385342840782e-05,0.007067666867211323,7.067666867211323e-06
2023-06-13,123141,buy,rebalance,123.5,0.001875873178221382,0.2316703375103407,0.0002316703375103407
2023-06-13,113526,buy,rebalance,125.66,2.5850534866342014e-05,0.0032483782113045374,3.2483782113045375e-06
2023-06-13,127028,buy,rebalance,129.601,3.2250723392429466e-05,0.0041797260023822514,4.179726002382252e-06
2023-06-13,113594,buy,rebalance,143.289,0.0016168047617775316,0.2316703375103407,0.0002316703375103407
2023-06-13,113566,buy,rebalance,120.54,9.223517740743823e-06,0.0011118028284692605,1.1118028284692605e-06
2023-06-13,123052,buy,rebalance,140.5,0.0016488991993618555,0.2316703375103407,0.0002316703375103407
2023-06-13,128056,buy,rebalance,135.0,0.0017160765741506719,0.2316703375103407,0.0002316703375103407
2023-06-13,123100,buy,rebalance,115.742,2.34779418407813e-05,0.002717383944535709,2.717383944535709e-06
2023-06-13,123038,buy,rebalance,143.109,1.262562193480655e-05,0.0018068401294682307,1.8068401294682307e-06
2023-06-13,113549,buy,rebalance,119.76,0.0019344550560315688,0.2316703375103407,0.0002316703375103407
2023-06-21,123067,sell,rebalance,160.59,0.001652173979582986,0.2653226193812317,0.0002653226193812317
2023-06-21,123075,sell,rebalance,162.825,0.0016707708793209494,0.2720432684254336,0.0002720432684254336
2023-06-21,113594,sell,rebalance,150.4,0.0016168047617775316,0.24316743617134076,0.00024316743617134077
2023-06-21,123052,sell,rebalance,142.661,0.0016488991993618555,0.23523360868016166,0.00023523360868016167
2023-06-21,113549,sell,rebalance,123.0,0.0019344550560315688,0.23793797189188295,0.00023793797189188297
2023-06-21,128042,sell,rebalance_resize,126.488,1.690473857949259e-05,0.002138246573442859,2.1382465734428593e-06
2023-06-21,123038,sell,rebalance_resize,148.801,2.7284467663595155e-05,0.004059956072810622,4.059956072810622e-06
2023-06-21,113628,buy,rebalance,129.498,9.992665034626772e-05,0.012940301366540976,1.2940301366540977e-05
2023-06-21,113527,buy,rebalance,130.94,6.508271530053527e-05,0.008521930741452088,8.521930741452089e-06
2023-06-21,113524,buy,rebalance,121.999,3.462671683203487e-05,0.004224424826791422,4.224424826791422e-06
2023-06-21,123141,buy,rebalance,124.613,2.6536371487313575e-05,0.0033067768601486064,3.3067768601486066e-06
2023-06-21,113546,buy,rebalance,126.509,9.572479183914622e-06,0.001211004769077855,1.211004769077855e-06
2023-06-21,128123,buy,rebalance,116.619,0.00010422068211056176,0.012154111727051602,1.2154111727051602e-05
2023-06-21,123100,buy,rebalance,116.188,3.672331290795167e-05,0.004266808280149089,4.26680828014909e-06
2023-06-21,127055,buy,rebalance,116.574,0.002031587545842091,0.23683028656899593,0.00023683028656899593
2023-06-21,123061,buy,rebalance,130.114,3.156536259674881e-06,0.00041070955889133744,4.1070955889133747e-07
2023-06-21,113526,buy,rebalance,126.2,3.299928306469645e-05,0.004164509522764692,4.164509522764692e-06
2023-06-21,128056,buy,rebalance,135.0,3.994464944532826e-05,0.005392527675119315,5.392527675119315e-06
2023-06-21,123140,buy,rebalance,148.5,0.0015948167445723632,0.23683028656899593,0.00023683028656899593
2023-06-21,128128,buy,rebalance,124.804,0.0018976177571952495,0.23683028656899593,0.00023683028656899593
2023-06-21,123059,buy,rebalance,129.536,0.0018282970492295265,0.23683028656899593,0.00023683028656899593
2023-06-21,113566,buy,rebalance,120.928,3.648597213694958e-05,0.004412175638577038,4.4121756385770385e-06
2023-06-21,128143,buy,rebalance,122.742,0.0019294967213260002,0.23683028656899593,0.00023683028656899593
2023-06-21,113565,buy,rebalance,119.6,7.9962532920209e-05,0.009563518937256996,9.563518937256996e-06
2023-06-21,127028,buy,rebalance,130.997,2.0348447079216644e-05,0.002665585522036143,2.665585522036143e-06
2023-07-03,113526,sell,rebalance,127.444,0.0018784793918942074,0.23940092762056536,0.00023940092762056537
2023-07-03,127028,sell,rebalance,132.23,0.0018097025547905623,0.23929696881995605,0.00023929696881995604
2023-07-03,128042,sell,rebalance,126.88,0.00187423537644088,0.23780298456281884,0.00023780298456281884
2023-07-03,113565,sell,rebalance,119.826,0.0019820959333910057,0.23750662731451064,0.00023750662731451065
2023-07-03,128056,sell,rebalance,138.28,0.0017560212235960002,0.24282261479885492,0.00024282261479885493
2023-07-03,128128,sell,rebalance,127.8,0.0018976177571952495,0.24251554936955289,0.0002425155493695529
2023-07-03,128143,sell,rebalance,137.88,0.0019294967213260002,0.2660390079364289,0.0002660390079364289
2023-07-03,113527,sell,rebalance_resize,134.168,1.785533486877202e-05,0.0023956145686734043,2.3956145686734042e-06
2023-07-03,113524,sell,rebalance_resize,124.71,1.4623787558878857e-05,0.0018237325464677823,1.8237325464677823e-06
2023-07-03,113546,sell,rebalance_resize,129.671,1.915742058731536e-05,0.0024841618849777702,2.4841618849777705e-06
2023-07-03,123141,sell,rebalance_resize,126.677,3.815301890662104e-06,0.0004833109976034034,4.833109976034034e-07
2023-07-03,128123,sell,rebalance_resize,120.2,3.183933095499196e-05,0.0038270875807900335,3.827087580790034e-06
2023-07-03,113566,sell,rebalance_resize,124.84,3.384012834805309e-05,0.004224601622970947,4.2246016229709474e-06
2023-07-03,113628,buy,rebalance,126.951,6.386108362590586e-05,0.008107228427392374,8.107228427392375e-06
2023-07-03,128075,buy,rebalance,130.8,0.0018368946908066518,0.24026582555751008,0.00024026582555751008
2023-07-03,123100,buy,rebalance,115.89,3.4931113991489995e-05,0.0040481668004737755,4.0481668004737755e-06
2023-07-03,123129,buy,rebalance,114.03,0.002107040476694818,0.24026582555751008,0.00024026582555751008
2023-07-03,113588,buy,rebalance,145.999,0.0016456676111309672,0.24026582555751008,0.00024026582555751008
2023-07-03,113519,buy,rebalance,124.296,0.0019330133355659881,0.24026582555751008,0.00024026582555751008
2023-07-03,123059,buy,rebalance,125.9,8.193183698241733e-05,0.010315218276086342,1.0315218276086342e-05
2023-07-03,127059,buy,rebalance,115.42,0.002081665444095565,0.24026582555751008,0.00024026582555751008
2023-07-03,127033,buy,rebalance,95.781,0.002508491512486924,0.24026582555751008,0.00024026582555751008
2023-07-03,128127,buy,rebalance,104.36,0.0023022788957216375,0.24026582555751008,0.00024026582555751008
2023-07-03,127055,buy,rebalance,116.33,3.584146724883693e-05,0.0041694378850572,4.1694378850572005e-06
2023-07-03,123038,buy,rebalance,150.7,2.7475345318882707e-06,0.0004140534539555624,4.140534539555624e-07
2023-07-03,123140,buy,rebalance,147.0,4.125200150632561e-05,0.006064044221429865,6.064044221429865e-06
2023-07-03,123061,buy,rebalance,130.79,1.687019715977963e-05,0.002206453086527578,2.2064530865275777e-06
2023-07-11,123038,sell,rebalance,146.99,0.0015959376629265498,0.23458687707357356,0.00023458687707357358
2023-07-11,123059,sell,rebalance,123.901,0.0019102288862119438,0.23667926923054605,0.00023667926923054606
2023-07-11,128075,sell,rebalance,131.181,0.0018368946908066518,0.24096568243470742,0.00024096568243470743
2023-07-11,113519,sell,rebalance,125.355,0.0019330133355659881,0.24231288667987444,0.00024231288667987444
2023-07-11,113527,sell,rebalance_resize,134.88,1.9127212956789306e-05,0.0025798784836117417,2.5798784836117416e-06
2023-07-11,123141,sell,rebalance_resize,129.077,4.5400656613808395e-05,0.005860180553740546,5.860180553740546e-06
2023-07-11,128123,sell,rebalance_resize,123.314,6.109896756834682e-05,0.007534358086723119,7.534358086723119e-06
2023-07-11,128127,sell,rebalance_resize,103.994,2.1012972845378905e-06,0.0002185223098082334,2.185223098082334e-07
2023-07-11,127059,sell,rebalance_resize,115.187,5.001678463438412e-06,0.0005761283371680803,5.761283371680803e-07
2023-07-11,123100,sell,rebalance_resize,115.621,6.4107738816590925e-06,0.0007412200869713059,7.412200869713059e-07
2023-07-11,127033,sell,rebalance_resize,98.23,7.334268654914776e-05,0.007204452099722785,7.204452099722785e-06
2023-07-11,127055,sell,rebalance_resize,118.5,4.8824209952803676e-05,0.005785668879407235,5.7856688794072355e-06
2023-07-11,113628,buy,rebalance,125.003,1.9139634448498903e-05,0.0023925117249657085,2.3925117249657088e-06
2023-07-11,113600,buy,rebalance,125.6,0.0019025342124640596,0.23895829708548588,0.00023895829708548588
2023-07-11,113546,buy,rebalance,128.16,1.1684144057778385e-05,0.0014974399024448777,1.4974399024448778e-06
2023-07-11,113524,buy,rebalance,123.232,1.2539231582582212e-05,0.0015452345863847712,1.5452345863847712e-06
2023-07-11,113566,buy,rebalance,123.953,3.266253171618669e-06,0.0004048618793816489,4.048618793816489e-07
2023-07-11,113565,buy,rebalance,121.5,0.001966734955436098,0.23895829708548588,0.00023895829708548588
2023-07-11,123129,buy,rebalance,113.094,8.047245382251235e-06,0.0009100951692603211,9.100951692603211e-07
2023-07-11,113588,buy,rebalance,138.406,8.252980920569859e-05,0.01142262077292392,1.1422620772923922e-05
2023-07-11,123140,buy,rebalance,144.518,1.9101011930169864e-05,0.0027604400421242883,2.760440042124288e-06
2023-07-11,127033,buy,rebalance,98.23,2.822659919055568e-19,2.7726988384882848e-17,2.772698838488285e-20
2023-07-11,123061,buy,rebalance,126.647,4.982833947934188e-05,0.0063106097100402115,6.310609710040211e-06
2023-07-11,113532,buy,rebalance,113.0,0.0021146751954467776,0.23895829708548588,0.00023895829708548588
2023-07-11,113526,buy,rebalance,127.792,0.0018699002839417638,0.23895829708548588,0.00023895829708548588
2023-07-21,123061,sell,rebalance,127.0,0.0018886997936993048,0.23986487379981172,0.00023986487379981173
2023-07-21,123100,sell,rebalance,116.3,0.002068868710458029,0.24060943102626875,0.00024060943102626877
2023-07-21,127055,sell,rebalance,116.942,0.0020186048031381244,0.23605968288857854,0.00023605968288857855
2023-07-21,123129,sell,rebalance,112.827,0.002115087722077069,0.23863900241878946,0.00023863900241878947
2023-07-21,113588,sell,rebalance,137.999,0.0017281974203366658,0.23848951580903954,0.00023848951580903954
2023-07-21,113532,sell,rebalance,114.192,0.0021146751954467776,0.2414789899184584,0.0002414789899184584
2023-07-21,113526,sell,rebalance,130.797,0.0018699002839417638,0.24457734743873089,0.0002445773474387309
2023-07-21,113628,sell,rebalance_resize,125.373,2.6893451978284988e-06,0.0003371712754873524,3.371712754873524e-07
2023-07-21,113524,sell,rebalance_resize,126.0,3.970579864307176e-05,0.0050029306290270414,5.0029306290270416e-06
2023-07-21,113566,sell,rebalance_resize,125.7,2.3886683977581734e-05,0.003002556175982024,3.002556175982024e-06
2023-07-21,128127,sell,rebalance_resize,105.528,2.9945501907488612e-05,0.0031600889252934583,3.1600889252934584e-06
2023-07-21,113565,sell,rebalance_resize,122.52,1.1355811765049395e-05,0.0013913140574538518,1.3913140574538519e-06
2023-07-21,123140,sell,rebalance_resize,146.002,1.4280916194521651e-05,0.00208504232623255,2.0850423262325503e-06
2023-07-21,128123,sell,rebalance_resize,124.3,1.242365779848649e-05,0.0015442606643518708,1.5442606643518708e-06
2023-07-21,127059,sell,rebalance_resize,115.841,8.544078452485182e-06,0.0009897545920143358,9.897545920143359e-07
2023-07-21,128082,buy,rebalance,140.65,0.0017016085810136771,0.2393312469195737,0.0002393312469195737
2023-07-21,113628,buy,rebalance,125.373,2.211605478919223e-19,2.7727561370853976e-17,2.772756137085398e-20
2023-07-21,128091,buy,rebalance,156.586,0.001528433237451456,0.2393312469195737,0.0002393312469195737
2023-07-21,123141,buy,rebalance,128.228,1.5127624454919849e-05,0.0019397850286054625,1.9397850286054625e-06
2023-07-21,113600,buy,rebalance,125.58,5.193083223487289e-06,0.0006521473912055337,6.521473912055337e-07
2023-07-21,113546,buy,rebalance,127.618,1.081465165560392e-05,0.0013801442149848611,1.380144214984861e-06
2023-07-21,113527,buy,rebalance,128.85,8.5767939728101e-05,0.011051199033965814,1.1051199033965814e-05
2023-07-21,128095,buy,rebalance,143.5,0.0016678135673837888,0.2393312469195737,0.0002393312469195737
2023-07-21,123059,buy,rebalance,132.7,0.0018035512201927183,0.2393312469195737,0.0002393312469195737
2023-07-21,123140,buy,rebalance,146.002,1.8991220237293992e-19,2.7727561370853976e-17,2.772756137085398e-20
2023-07-21,128123,buy,rebalance,124.3,2.230696811814479e-19,2.7727561370853976e-17,2.772756137085398e-20
2023-07-21,127033,buy,rebalance,96.943,3.609218807652246e-05,0.003498884988702317,3.4988849887023168e-06
2023-07-21,128044,buy,rebalance,117.899,0.0020299684214418585,0.2393312469195737,0.0002393312469195737
2023-07-21,123067,buy,rebalance,148.731,0.001609155098261786,0.2393312469195737,0.0002393312469195737
2023-07-21,128056,buy,rebalance,135.0,0.0017728240512561015,0.2393312469195737,0.0002393312469195737
2023-08-01,128082,sell,rebalance,152.01,0.0017016085810136771,0.25866152039988904,0.00025866152039988907
2023-08-01,128095,sell,rebalance,162.5,0.0016678135673837888,0.2710197046998657,0.0002710197046998657
2023-08-01,123059,sell,rebalance,130.55,0.0018035512201927183,0.2354536117961594,0.0002354536117961594
2023-08-01,128044,sell,rebalance,120.63,0.0020299684214418585,0.2448750906785314,0.0002448750906785314
2023-08-01,123067,sell,rebalance,150.861,0.001609155098261786,0.24275874727887128,0.00024275874727887128
2023-08-01,128127,sell,rebalance_resize,111.8,6.99974816788203e-05,0.00782571845169211,7.82571845169211e-06
2023-08-01,128091,sell,rebalance_resize,169.511,7.728121817059233e-05,0.013100016573315276,1.3100016573315277e-05
2023-08-01,128056,sell,rebalance_resize,139.99,1.565403953870445e-05,0.0021914089950232363,2.1914089950232362e-06
2023-08-01,127033,sell,rebalance_resize,106.0,0.00015061620325657787,0.015965317545197255,1.5965317545197257e-05
2023-08-01,123080,buy,rebalance,142.836,0.001720386029622289,0.2457330589271293,0.0002457330589271293
2023-08-01,113628,buy,rebalance,126.102,3.9769212644628636e-05,0.00501497725291296,5.01497725291296e-06
2023-08-01,113546,buy,rebalance,128.826,3.215638486314565e-05,0.004142578436379601,4.142578436379601e-06
2023-08-01,113600,buy,rebalance,125.756,4.82825514393938e-05,0.0060718205388124065,6.071820538812407e-06
2023-08-01,113527,buy,rebalance,129.828,3.54413104912514e-05,0.004601274458458186,4.601274458458186e-06
2023-08-01,123141,buy,rebalance,128.3,4.8902212849133e-05,0.006274153908543765,6.274153908543765e-06
2023-08-01,128123,buy,rebalance,123.685,6.137117769614086e-05,0.007590694113347183,7.590694113347183e-06
2023-08-01,113565,buy,rebalance,123.569,3.5263659545201065e-05,0.00435749514634095,4.35749514634095e-06
2023-08-01,113566,buy,rebalance,126.24,4.26049105276679e-05,0.005378443905012796,5.378443905012796e-06
2023-08-01,123140,buy,rebalance,143.918,6.825184909227823e-05,0.009822669617662498,9.822669617662499e-06
2023-08-01,113601,buy,rebalance,100.34,0.0024490039757537304,0.2457330589271293,0.0002457330589271293
2023-08-01,113524,buy,rebalance,126.297,4.6259610727029555e-05,0.005842450055991651,5.842450055991651e-06
2023-08-01,110080,buy,rebalance,129.605,0.0018960152689103762,0.2457330589271293,0.0002457330589271293
2023-08-01,127059,buy,rebalance,117.28,2.9277076076507457e-05,0.0034336154822527947,3.4336154822527945e-06
2023-08-01,128066,buy,rebalance,122.365,0.0020081972698658057,0.2457330589271293,0.0002457330589271293
2023-08-01,128056,buy,rebalance,139.99,1.9806421425239192e-19,2.772700935319235e-17,2.772700935319235e-20
2023-08-01,128042,buy,rebalance,125.153,0.001963461194914459,0.2457330589271293,0.0002457330589271293
2023-08-01,127033,buy,rebalance,106.0,2.6157555993577687e-19,2.772700935319235e-17,2.772700935319235e-20
2023-08-11,113566,sell,rebalance,124.258,0.0019485162286070382,0.24211872953425334,0.00024211872953425334
2023-08-11,128123,sell,rebalance,120.339,0.0019887489144827606,0.2393240556199409,0.0002393240556199409
2023-08-11,127059,sell,rebalance,116.29,0.002097396763256149,0.24390626959905756,0.00024390626959905758
2023-08-11,127033,sell,rebalance,105.82,0.0023206248107577212,0.24556851747438205,0.0002455685174743821
2023-08-11,128056,sell,rebalance,134.7,0.0017571700117173972,0.2366908005783334,0.0002366908005783334
2023-08-11,128042,sell,rebalance,122.0,0.001963461194914459,0.23954226577956397,0.00023954226577956397
2023-08-11,113628,sell,rebalance_resize,129.125,6.217136289107603e-05,0.008027877233310193,8.027877233310194e-06
2023-08-11,113565,sell,rebalance_resize,126.895,6.897523866525368e-05,0.008752612910427365,8.752612910427366e-06
2023-08-11,123141,sell,rebalance_resize,127.939,1.1236938042519883e-05,0.0014376426162219513,1.4376426162219514e-06
2023-08-11,113600,sell,rebalance_resize,125.1,6.76919481919785e-06,0.000846826271881651,8.468262718816511e-07
2023-08-11,113601,sell,rebalance_resize,110.001,0.00023220589570265295,0.02554288073318753,2.554288073318753e-05
2023-08-11,123140,sell,rebalance_resize,143.772,1.3052401088718905e-05,0.0018765698093272942,1.8765698093272942e-06
2023-08-11,110080,sell,rebalance_resize,128.84,3.357665652858393e-06,0.00043260164271427537,4.326016427142754e-07
2023-08-11,113524,sell,rebalance_resize,125.6,6.152108380554688e-06,0.0007727048125976688,7.727048125976688e-07
2023-08-11,128049,buy,rebalance,129.09,0.0018870448518637701,0.24359861992709408,0.0002435986199270941
2023-08-11,128066,buy,rebalance,119.44,3.337918148143001e-05,0.003986809436142,3.9868094361420004e-06
2023-08-11,113546,buy,rebalance,125.8,2.8952042618563457e-05,0.003642166961415283,3.642166961415283e-06
2023-08-11,113527,buy,rebalance,125.25,5.2180284095093565e-05,0.006535580582910469,6.53558058291047e-06
2023-08-11,113532,buy,rebalance,114.72,0.0021234189324188814,0.24359861992709408,0.0002435986199270941
2023-08-11,128127,buy,rebalance,109.872,1.9146434911816507e-05,0.0021036570966311034,2.1036570966311036e-06
2023-08-11,128091,buy,rebalance,164.065,3.511294061237895e-05,0.005760804601569953,5.760804601569953e-06
2023-08-11,113519,buy,rebalance,132.607,0.001836996688916076,0.24359861992709408,0.0002435986199270941
2023-08-11,113526,buy,rebalance,130.06,0.001872971089705475,0.24359861992709408,0.0002435986199270941
2023-08-11,123067,buy,rebalance,148.0,0.001645936621129014,0.24359861992709408,0.0002435986199270941
2023-08-11,127028,buy,rebalance,134.45,0.0018118156930241288,0.24359861992709408,0.0002435986199270941
2023-08-11,123080,buy,rebalance,136.951,6.011582506699668e-05,0.008232922358750262,8.232922358750263e-06
2023-08-22,113565,sell,rebalance,123.232,0.0019216675645509957,0.2368109373147483,0.0002368109373147483
2023-08-22,110080,sell,rebalance,126.57,0.0018926576032575178,0.239553672844304,0.00023955367284430402
2023-08-22,113526,sell,rebalance,133.0,0.001872971089705475,0.2491051549308282,0.0002491051549308282
2023-08-22,127028,sell,rebalance,134.234,0.0018118156930241288,0.24320726773740092,0.00024320726773740094
2023-08-22,128049,sell,rebalance_resize,129.991,2.0429998029655505e-05,0.002655715873872949,2.6557158738729493e-06
2023-08-22,113519,sell,rebalance_resize,134.98,3.9373845052166844e-05,0.00531468160514148,5.31468160514148e-06
2023-08-22,113628,sell,rebalance_resize,128.9,6.0664553478185694e-06,0.0007819660943338136,7.819660943338136e-07
2023-08-22,113546,sell,rebalance_resize,126.369,1.8248501706616178e-05,0.0023060449121633797,2.30604491216338e-06
2023-08-22,113532,sell,rebalance_resize,114.92,1.2009852495887955e-05,0.0013801722488274437,1.3801722488274437e-06
2023-08-22,128066,sell,rebalance_resize,120.363,2.5648537746291847e-05,0.0030871349487569255,3.0871349487569258e-06
2023-08-22,123141,sell,rebalance_resize,127.662,5.318073358471618e-06,0.0006789158810892038,6.789158810892038e-07
2023-08-22,113527,sell,rebalance_resize,125.549,1.4195561094961978e-05,0.0017822384999113816,1.7822384999113817e-06
2023-08-22,123080,sell,rebalance_resize,136.293,1.9669254045619739e-07,2.6807816416396513e-05,2.6807816416396512e-08
2023-08-22,128127,sell,rebalance_resize,109.5,3.4620409521014178e-06,0.00037909348425510525,3.790934842551053e-07
2023-08-22,128091,sell,rebalance_resize,163.691,3.940754746041894e-06,0.0006450660851343436,6.450660851343436e-07
2023-08-22,123141,buy,rebalance,127.662,2.17193183867208e-19,2.7727316238855505e-17,2.7727316238855506e-20
2023-08-22,123140,buy,rebalance,142.69,4.3987223552533245e-06,0.0006276536928710968,6.276536928710968e-07
2023-08-22,113600,buy,rebalance,122.388,3.3298305354914496e-05,0.004075312995777275,4.075312995777275e-06
2023-08-22,123067,buy,rebalance,139.597,9.213814010084976e-05,0.012862207943658326,1.2862207943658327e-05
2023-08-22,128071,buy,rebalance,115.88,0.0020917853299358465,0.2423960840329659,0.0002423960840329659
2023-08-22,127034,buy,rebalance,110.32,0.002197208883547552,0.2423960840329659,0.0002423960840329659
2023-08-22,111005,buy,rebalance,124.508,0.001946831400656712,0.2423960840329659,0.0002423960840329659
2023-08-22,113601,buy,rebalance,107.651,3.714341803797553e-05,0.003998526095206104,3.998526095206104e-06
2023-08-22,128127,buy,rebalance,109.5,2.532174998982238e-19,2.7727316238855505e-17,2.7727316238855506e-20
2023-08-22,113566,buy,rebalance,123.4,0.001964311864124521,0.2423960840329659,0.0002423960840329659
2023-08-22,113524,buy,rebalance,124.477,7.812028526694903e-06,0.0009724178749174015,9.724178749174015e-07
2023-08-31,113524,sell,rebalance,127.6,0.001949292964861875,0.24872978231637521,0.0002487297823163752
2023-08-31,128127,sell,rebalance,109.51,0.0022159190088105064,0.24266529065483855,0.00024266529065483856
2023-08-31,123080,sell,rebalance,136.25,0.0017803051621488293,0.242566578342778,0.00024256657834277801
2023-08-31,113601,sell,rebalance,106.44,0.0022539414980890533,0.23990953305659882,0.00023990953305659882
2023-08-31,113532,sell,rebalance,114.33,0.0021114090799229934,0.24139740010759583,0.00024139740010759584
2023-08-31,127034,sell,rebalance,110.544,0.002197208883547552,0.24288825882288057,0.00024288825882288058
2023-08-31,111005,sell,rebalance,125.64,0.001946831400656712,0.2445998971785093,0.0002445998971785093
2023-08-31,128049,sell,rebalance_resize,131.394,1.48362025843626e-05,0.0019493880023697396,1.94938800236974e-06
2023-08-31,123141,sell,rebalance_resize,129.0,1.4524199259922771e-05,0.0018736217045300374,1.8736217045300375e-06
2023-08-31,113546,sell,rebalance_resize,129.3,3.834792875648971e-05,0.0049583871882141195,4.958387188214119e-06
2023-08-31,123140,sell,rebalance_resize,144.828,2.047621244996161e-05,0.00296552889670304,2.9655288967030403e-06
2023-08-31,113600,sell,rebalance_resize,122.8,1.1659600868435357e-06,0.00014317989866438618,1.431798986643862e-07
2023-08-31,113527,sell,rebalance_resize,126.032,2.0947109299708393e-06,0.0002640006079260848,2.640006079260848e-07
2023-08-31,113566,sell,rebalance_resize,124.5,9.99375888508371e-06,0.0012442229811929217,1.2442229811929218e-06
2023-08-31,123067,sell,rebalance_resize,142.167,2.6618487254117596e-05,0.0037842704774561364,3.7842704774561364e-06
2023-08-31,113519,buy,rebalance,132.244,4.221084338019536e-05,0.0055821307719705554,5.582130771970555e-06
2023-08-31,113628,buy,rebalance,127.711,2.274454662776758e-05,0.0029047287943788254,2.9047287943788253e-06
2023-08-31,128066,buy,rebalance,118.422,3.8656374350203726e-05,0.004577765163299825,4.5777651632998255e-06
2023-08-31,113527,buy,rebalance,126.032,2.2000421082018134e-19,2.7727570698089093e-17,2.7727570698089095e-20
2023-08-31,123100,buy,rebalance,117.266,0.0020727841463166236,0.24306710570196519,0.0002430671057019652
2023-08-31,123129,buy,rebalance,113.94,0.0021332903782865123,0.24306710570196519,0.0002430671057019652
2023-08-31,123153,buy,rebalance,118.704,0.0020476740944025914,0.24306710570196519,0.0002430671057019652
2023-08-31,128071,buy,rebalance,115.4,1.6625989577138712e-05,0.0019186391972018076,1.9186391972018076e-06
2023-08-31,123059,buy,rebalance,136.0,0.0017872581301615086,0.24306710570196519,0.0002430671057019652
2023-08-31,113566,buy,rebalance,124.5,2.2271141122963126e-19,2.7727570698089093e-17,2.7727570698089095e-20
2023-08-31,128056,buy,rebalance,133.374,0.0018224474462936195,0.24306710570196519,0.0002430671057019652
2023-08-31,128091,buy,rebalance,163.22,8.370710725401623e-06,0.001366267404600053,1.3662674046000528e-06
2023-08-31,123052,buy,rebalance,143.922,0.001688880822264596,0.24306710570196519,0.0002430671057019652
2023-08-31,113561,buy,rebalance,127.994,0.0018990507813019765,0.24306710570196519,0.0002430671057019652
2023-09-12,128091,sell,rebalance,161.058,0.0014906949158726022,0.24008834176060956,0.00024008834176060957
2023-09-12,128066,sell,rebalance,115.581,0.0020545842879511477,0.2374709065856816,0.0002374709065856816
2023-09-12,123067,sell,rebalance,139.541,0.0017114562739757463,0.2388183199268496,0.0002388183199268496
2023-09-12,123052,sell,rebalance,146.0,0.001688880822264596,0.24657660005063103,0.000246576600050631
2023-09-12,113628,sell,rebalance_resize,127.865,1.0199773326665413e-05,0.001304194016414073,1.3041940164140732e-06
2023-09-12,123141,sell,rebalance_resize,128.547,1.2393139682014748e-06,0.00015931009267039498,1.5931009267039498e-07
2023-09-12,123059,sell,rebalance_resize,137.421,2.4071494356539412e-05,0.0033079288259700024,3.3079288259700026e-06
2023-09-12,113519,sell,rebalance_resize,133.728,2.7955317127489656e-05,0.003738408648824937,3.738408648824937e-06
2023-09-12,123100,sell,rebalance_resize,116.9,8.208747184461765e-08,9.596025458635804e-06,9.596025458635805e-09
2023-09-12,123129,sell,rebalance_resize,114.863,2.3830668206202003e-05,0.002737262042168981,2.7372620421689807e-06
2023-09-12,113600,sell,rebalance_resize,122.82,8.576460538241264e-06,0.001053360883306792,1.053360883306792e-06
2023-09-12,123153,sell,rebalance_resize,119.29,1.6499053083497883e-05,0.0019681720423304627,1.9681720423304628e-06
2023-09-12,128071,sell,rebalance_resize,115.18,4.757293823154971e-06,0.0005479451025509896,5.479451025509896e-07
2023-09-12,128056,sell,rebalance_resize,133.597,8.79241901789727e-06,0.0011746408035340217,1.1746408035340217e-06
2023-09-12,123140,buy,rebalance,142.301,2.2686928568280484e-05,0.003228372622194881,3.228372622194881e-06
2023-09-12,128049,buy,rebalance,130.249,8.487048641716221e-06,0.0011054295985348961,1.105429598534896e-06
2023-09-12,113546,buy,rebalance,127.833,1.3650987036224556e-05,0.0017450466258016938,1.7450466258016939e-06
2023-09-12,123059,buy,rebalance,137.421,2.017697012511821e-19,2.7727394115638694e-17,2.772739411563869e-20
2023-09-12,118016,buy,rebalance,120.0,0.002017107113338135,0.2420528536005762,0.00024205285360057622
2023-09-12,113561,buy,rebalance,127.204,5.748811719402505e-06,0.0007312718459548762,7.312718459548762e-07
2023-09-12,123127,buy,rebalance,135.86,0.001781634429564082,0.2420528536005762,0.00024205285360057622
2023-09-12,113600,buy,rebalance,122.82,2.257563435567391e-19,2.7727394115638694e-17,2.772739411563869e-20
2023-09-12,113532,buy,rebalance,112.803,0.002145801562020303,0.2420528536005762,0.00024205285360057622
2023-09-12,113527,buy,rebalance,125.071,6.721640633661739e-06,0.0008406823156927074,8.406823156927074e-07
2023-09-12,113524,buy,rebalance,126.35,0.001915732913340532,0.2420528536005762,0.00024205285360057622
2023-09-12,113566,buy,rebalance,123.399,9.21251693225233e-06,0.0011368153769230052,1.1368153769230052e-06
2023-09-21,128071,sell,rebalance,114.84,0.0021036540256898304,0.24158362831022012,0.00024158362831022012
2023-09-21,113566,sell,rebalance,121.361,0.00196353062217169,0.23829603983737846,0.00023829603983737847
2023-09-21,123100,sell,rebalance,116.05,0.002072702058844779,0.24053707392893658,0.0002405370739289366
2023-09-21,123153,sell,rebalance,117.002,0.0020311750413190936,0.2376515421844166,0.0002376515421844166
2023-09-21,128056,sell,rebalance,131.216,0.0018136550272757222,0.2379805580590112,0.0002379805580590112
2023-09-21,113532,sell,rebalance,113.185,0.002145801562020303,0.24287254979726797,0.00024287254979726798
2023-09-21,113524,sell,rebalance,123.827,0.001915732913340532,0.23721945946021805,0.00023721945946021805
2023-09-21,113519,sell,rebalance_resize,134.8,3.573638009761838e-05,0.004817264037158958,4.817264037158958e-06
2023-09-21,128049,sell,rebalance_resize,129.814,1.5904226902724917e-05,0.0020645913111503322,2.0645913111503323e-06
2023-09-21,113546,sell,rebalance_resize,126.55,3.4874296402847024e-06,0.0004413342209780291,4.413342209780291e-07
2023-09-21,123141,sell,rebalance_resize,127.628,8.95338654314877e-06,0.001142702817728991,1.1427028177289911e-06
2023-09-21,113561,sell,rebalance_resize,127.224,2.289098886995529e-05,0.002912283167991192,2.912283167991192e-06
2023-09-21,123127,sell,rebalance_resize,135.597,1.5932089139436022e-05,0.0021603434910401065,2.1603434910401064e-06
2023-09-21,113027,buy,rebalance,135.101,0.0017704001978774276,0.23918283713343835,0.00023918283713343836
2023-09-21,123140,buy,rebalance,137.301,4.104965043485895e-05,0.0056361580543565675,5.636158054356568e-06
2023-09-21,113628,buy,rebalance,126.035,4.699065012113688e-06,0.0005922466588017487,5.922466588017486e-07
2023-09-21,128075,buy,rebalance,135.33,0.001767404397646038,0.23918283713343835,0.00023918283713343836
2023-09-21,123059,buy,rebalance,135.723,8.756120068059593e-07,0.00011884068839972522,1.1884068839972523e-07
2023-09-21,123156,buy,rebalance,120.997,0.00197676667300378,0.23918283713343835,0.00023918283713343836
2023-09-21,110052,buy,rebalance,146.45,0.0016332047602146697,0.23918283713343835,0.00023918283713343836
2023-09-21,128066,buy,rebalance,116.02,0.002061565567431808,0.23918283713343835,0.00023918283713343836
2023-09-21,123129,buy,rebalance,112.785,1.3361774583198353e-05,0.0015070077463660262,1.507007746366026e-06
2023-09-21,118016,buy,rebalance,117.899,1.3633774549515491e-05,0.001607408385613327,1.607408385613327e-06
2023-09-21,113600,buy,rebalance,120.24,1.840198122591108e-05,0.002212654222603548,2.212654222603548e-06
2023-09-21,128063,buy,rebalance,121.57,0.001967449511667668,0.23918283713343835,0.00023918283713343836
2023-09-21,123063,buy,rebalance,122.606,0.0019508248954654614,0.23918283713343835,0.00023918283713343836
2023-09-21,113527,buy,rebalance,123.407,2.829759858013364e-06,0.0003492121747978552,3.492121747978552e-07
2023-10-11,113527,sell,rebalance,121.2,0.001940113512513304,0.23514175771661244,0.00023514175771661245
2023-10-11,118016,sell,rebalance,119.937,0.0020307408878876506,0.24356096987058115,0.00024356096987058115
2023-10-11,123127,sell,rebalance,137.62,0.001765702340424646,0.2429959560892398,0.0002429959560892398
2023-10-11,128066,sell,rebalance,116.338,0.002061565567431808,0.23983841498388167,0.00023983841498388168
2023-10-11,128063,sell,rebalance,121.403,0.001967449511667668,0.2388542730649899,0.0002388542730649899
2023-10-11,123141,sell,rebalance_resize,130.506,1.483135119249292e-05,0.0019355803187274812,1.935580318727481e-06
2023-10-11,123129,sell,rebalance_resize,119.623,9.238128166971747e-05,0.011050926057176613,1.1050926057176613e-05
2023-10-11,113519,sell,rebalance_resize,140.556,4.8095173072538885e-05,0.006760065146383776,6.760065146383776e-06
2023-10-11,128075,sell,rebalance_resize,142.5,6.29317772760291e-05,0.008967778261834147,8.967778261834148e-06
2023-10-11,123156,sell,rebalance_resize,125.801,4.603998241526084e-05,0.005791875827822229,5.791875827822229e-06
2023-10-11,123059,sell,rebalance_resize,137.9,2.7326727376179417e-06,0.00037683557051751415,3.7683557051751416e-07
2023-10-11,123140,buy,rebalance,134.088,6.758570173900487e-05,0.009062431574779685,9.062431574779685e-06
2023-10-11,113027,buy,rebalance,135.718,1.922730350468281e-05,0.0026094911770485414,2.6094911770485416e-06
2023-10-11,113628,buy,rebalance,127.751,1.596723296126744e-06,0.0002039829978034877,2.039829978034877e-07
2023-10-11,113561,buy,rebalance,128.849,3.1423631071908097e-06,0.00040489034399842863,4.0489034399842865e-07
2023-10-11,113546,buy,rebalance,128.013,5.427556927616302e-06,0.0006947978449749456,6.947978449749456e-07
2023-10-11,123153,buy,rebalance,121.001,0.002005254995117001,0.24263785966415224,0.00024263785966415226
2023-10-11,123100,buy,rebalance,118.5,0.0020475768748029724,0.24263785966415224,0.00024263785966415226
2023-10-11,128075,buy,rebalance,142.5,1.9457589948332656e-19,2.7727065676374034e-17,2.7727065676374035e-20
2023-10-11,110052,buy,rebalance,146.207,2.802305755092032e-05,0.004097167175347407,4.0971671753474076e-06
2023-10-11,128049,buy,rebalance,130.695,1.4052849732762778e-05,0.0018366371958234312,1.8366371958234313e-06
2023-10-11,118004,buy,rebalance,121.44,0.001998006090778592,0.24263785966415224,0.00024263785966415226
2023-10-11,113600,buy,rebalance,121.85,2.130012983743335e-06,0.00025954208206912534,2.5954208206912534e-07
2023-10-11,128056,buy,rebalance,133.9,0.0018120825964462453,0.24263785966415224,0.00024263785966415226
2023-10-11,123063,buy,rebalance,122.916,2.5192583133693024e-05,0.0030965715484610116,3.0965715484610115e-06
2023-10-11,128090,buy,rebalance,123.083,0.0019713352750920293,0.24263785966415224,0.00024263785966415226
2023-10-13,123140,sell,risk_exit_next_open,122.58,0.0018113330804653326,0.22203320900344045,0.00022203320900344046
2023-10-23,128075,sell,risk_exit_next_open,119.299,0.0017044726203700091,0.20334187913752172,0.00020334187913752174
2023-10-23,113600,sell,rebalance,117.668,0.0019933285312472276,0.2345509816147988,0.00023455098161479879
2023-10-23,123063,sell,rebalance,117.538,0.0019760174785991543,0.2322571423995874,0.00023225714239958738
2023-10-23,123153,sell,rebalance,116.29,0.002005254995117001,0.23319110338215607,0.00023319110338215608
2023-10-23,128056,sell,rebalance,130.906,0.0018120825964462453,0.2372124843703922,0.0002372124843703922
2023-10-23,113561,sell,rebalance_resize,125.835,3.1511804781416533e-05,0.00396528795466955,3.96528795466955e-06
2023-10-23,128090,sell,rebalance_resize,122.7,7.043796041950955e-05,0.008642737743473822,8.642737743473822e-06
2023-10-23,113027,sell,rebalance_resize,132.5,2.9324856021218654e-05,0.0038855434228114716,3.885543422811472e-06
2023-10-23,123059,sell,rebalance_resize,132.699,3.666740310382578e-06,0.0004865727724474578,4.865727724474578e-07
2023-10-23,123129,sell,rebalance_resize,127.98,0.00020796715634339126,0.026615636668827214,2.6615636668827215e-05
2023-10-23,118004,sell,rebalance_resize,127.06,0.00016233711147497056,0.02062655338400976,2.062655338400976e-05
2023-10-23,123100,sell,rebalance_resize,114.15,4.29960357810888e-06,0.0004907997484411286,4.907997484411286e-07
2023-10-23,113519,buy,rebalance,131.518,4.5351999245385e-05,0.005964604236754544,5.964604236754544e-06
2023-10-23,110052,buy,rebalance,133.13,9.064993470193993e-05,0.012068225806869263,1.2068225806869263e-05
2023-10-23,113546,buy,rebalance,121.9,1.5996591342944647e-05,0.0019499844847049525,1.9499844847049525e-06
2023-10-23,113526,buy,rebalance,120.0,0.0019416378445905303,0.23299654135086365,0.00023299654135086365
2023-10-23,113628,buy,rebalance,122.22,7.101065058764495e-06,0.0008678921714821966,8.678921714821967e-07
2023-10-23,113593,buy,rebalance,113.139,0.0020593830717158864,0.23299654135086365,0.00023299654135086365
2023-10-23,123141,buy,rebalance,123.849,2.2118592013380275e-05,0.0027393655022651337,2.7393655022651336e-06
2023-10-23,123127,buy,rebalance,130.503,0.0017853730669092945,0.23299654135086365,0.00023299654135086365
2023-10-23,113524,buy,rebalance,120.369,0.0019356856113356732,0.23299654135086365,0.00023299654135086365
2023-10-23,128049,buy,rebalance,124.513,1.478908253041269e-05,0.0018414330331092753,1.8414330331092752e-06
2023-10-23,128071,buy,rebalance,111.499,0.0020896738208491883,0.23299654135086365,0.00023299654135086365
2023-10-23,123100,buy,rebalance,114.15,2.428961197708035e-19,2.772659207183722e-17,2.772659207183722e-20
2023-10-23,123156,buy,rebalance,118.694,3.429130376632518e-05,0.004070172009240201,4.070172009240201e-06
2023-10-23,113039,buy,rebalance,129.589,0.001797965424155319,0.23299654135086365,0.00023299654135086365
2023-10-31,123156,sell,rebalance,120.0,0.0019650179943548444,0.23580215932258133,0.00023580215932258135
2023-10-31,123100,sell,rebalance,116.8,0.0020432772712248638,0.23865478527906409,0.0002386547852790641
2023-10-31,113593,sell,rebalance,117.8,0.0020593830717158864,0.2425953258481314,0.0002425953258481314
2023-10-31,128071,sell,rebalance,115.9,0.0020896738208491883,0.24219319583642093,0.00024219319583642095
2023-10-31,113039,sell,rebalance,133.361,0.001797965424155319,0.23977846693077748,0.00023977846693077747
2023-10-31,113561,sell,rebalance_resize,131.33,2.1583667571370335e-05,0.002834583062148066,2.834583062148066e-06
2023-10-31,123129,sell,rebalance_resize,133.0,1.3520301191886125e-05,0.0017982000585208546,1.7982000585208547e-06
2023-10-31,113546,sell,rebalance_resize,126.35,9.194934138911408e-06,0.0011617799284514563,1.1617799284514564e-06
2023-10-31,128090,sell,rebalance_resize,128.8,3.295697968818496e-05,0.004244858983838223,4.2448589838382236e-06
2023-10-31,123059,sell,rebalance_resize,139.0,2.6794380476132064e-05,0.003724418886182357,3.724418886182357e-06
2023-10-31,118004,sell,rebalance_resize,137.15,8.145304677731955e-05,0.011171285365509376,1.1171285365509375e-05
2023-10-31,128049,sell,rebalance_resize,129.453,1.468552504842937e-05,0.0019010852740943274,1.9010852740943273e-06
2023-10-31,113524,sell,rebalance_resize,126.83,3.8731301267216685e-05,0.004912290939721092,4.9122909397210925e-06
2023-10-31,113519,buy,rebalance,130.236,7.38695752029859e-05,0.009620477996136072,9.620477996136071e-06
2023-10-31,110052,buy,rebalance,135.5,2.3675194482063046e-05,0.003207988852319543,3.207988852319543e-06
2023-10-31,113526,buy,rebalance,123.325,9.220040835248238e-06,0.001137061536006989,1.137061536006989e-06
2023-10-31,128066,buy,rebalance,116.8,0.0020577411314864095,0.24034416415761264,0.00024034416415761266
2023-10-31,127059,buy,rebalance,115.938,0.002073040454015186,0.24034416415761264,0.00024034416415761266
2023-10-31,118004,buy,rebalance,137.15,2.0216647785169336e-19,2.7727132437359746e-17,2.7727132437359746e-20
2023-10-31,128143,buy,rebalance,128.639,0.001868361571200123,0.24034416415761264,0.00024034416415761266
2023-10-31,123054,buy,rebalance,143.3,0.001677209798727234,0.24034416415761264,0.00024034416415761266
2023-10-31,113628,buy,rebalance,125.005,1.627666860276855e-05,0.0020346649586890824,2.0346649586890824e-06
2023-10-31,113027,buy,rebalance,133.88,3.672209193210643e-05,0.004916353667870408,4.916353667870408e-06
2023-10-31,128063,buy,rebalance,123.0,0.0019540175947773387,0.24034416415761264,0.00024034416415761266
2023-10-31,123127,buy,rebalance,134.326,5.716725165356984e-06,0.0007679048245617423,7.679048245617423e-07
2023-10-31,123141,buy,rebalance,124.576,4.7988625358077925e-05,0.005978230992607915,5.978230992607915e-06
2023-11-13,113546,sell,rebalance,135.03,0.0019041607846931726,0.2571188307571191,0.0002571188307571191
2023-11-13,128049,sell,rebalance,133.006,0.0018585178802034896,0.24719402917434533,0.00024719402917434535
2023-11-13,113519,sell,rebalance,129.999,0.0018472683913948284,0.24014304361293629,0.0002401430436129363
2023-11-13,113027,sell,rebalance,134.13,0.0017970247372929983,0.24103492801310986,0.00024103492801310985
2023-11-13,118004,sell,rebalance,126.922,0.0017542159325263022,0.22264859458810332,0.00022264859458810332
2023-11-13,128090,sell,rebalance,125.475,0.0018679403349843348,0.2343798135321594,0.0002343798135321594
2023-11-13,123054,sell,rebalance,158.346,0.001677209798727234,0.2655794627892626,0.0002655794627892626
2023-11-13,128143,sell,rebalance_resize,138.347,9.594996459740443e-05,0.013274389752157112,1.3274389752157111e-05
2023-11-13,113561,sell,rebalance_resize,138.831,6.572296370842672e-05,0.00912438477460459,9.12438477460459e-06
2023-11-13,128066,sell,rebalance_resize,119.228,1.1115768627777406e-06,0.00013253108619526444,1.3253108619526445e-07
2023-11-13,113524,sell,rebalance_resize,130.038,1.1291438148968923e-05,0.001468316034015621,1.468316034015621e-06
2023-11-13,110052,sell,rebalance_resize,142.98,6.0573029907584483e-05,0.008660731816186429,8.66073181618643e-06
2023-11-13,127059,sell,rebalance_resize,118.55,4.6488172487047816e-06,0.0005511172848339518,5.511172848339518e-07
2023-11-13,123141,sell,rebalance_resize,127.1,1.976175500294428e-06,0.0002511719060874218,2.511719060874218e-07
2023-11-13,128143,buy,rebalance,138.347,2.0041862726257618e-19,2.7727315825895628e-17,2.772731582589563e-20
2023-11-13,123129,buy,rebalance,129.17,8.929044878043447e-05,0.011533647268968718,1.1533647268968718e-05
2023-11-13,113526,buy,rebalance,123.493,3.470777465311251e-05,0.004286167215236823,4.286167215236823e-06
2023-11-13,123160,buy,rebalance,125.451,0.0019526202757154806,0.24495816620878275,0.0002449581662087828
2023-11-13,123059,buy,rebalance,139.19,3.0777227075829054e-05,0.004283882236684646,4.283882236684646e-06
2023-11-13,110060,buy,rebalance,132.3,0.001851535647836604,0.24495816620878275,0.0002449581662087828
2023-11-13,118016,buy,rebalance,118.846,0.002061139341742951,0.24495816620878275,0.0002449581662087828
2023-11-13,113628,buy,rebalance,127.35,8.310216705861598e-07,0.00010583060974914745,1.0583060974914745e-07
2023-11-13,128063,buy,rebalance,123.004,3.9436963431399505e-05,0.0048509042499158645,4.850904249915865e-06
2023-11-13,123127,buy,rebalance,135.384,2.0092150733985115e-05,0.0027201557349698403,2.7201557349698404e-06
2023-11-13,123135,buy,rebalance,132.79,0.0018447034129737386,0.24495816620878275,0.0002449581662087828
2023-11-13,113598,buy,rebalance,132.7,0.001845954530586155,0.24495816620878275,0.0002449581662087828
2023-11-13,123100,buy,rebalance,118.637,0.00206477040222513,0.24495816620878275,0.0002449581662087828
2023-11-13,113604,buy,rebalance,126.761,0.0019324410994610546,0.24495816620878275,0.0002449581662087828
2023-11-21,123129,sell,rebalance,145.6,0.0018982431942389483,0.2763842090811909,0.0002763842090811909
2023-11-21,110052,sell,rebalance,144.876,0.0017149799170420085,0.24845943046137803,0.00024845943046137805
2023-11-21,128143,sell,rebalance,140.39,0.0017724116066027188,0.24882886545095567,0.0002488288654509557
2023-11-21,110060,sell,rebalance,145.209,0.001851535647836604,0.26885963988670547,0.00026885963988670545
2023-11-21,123135,sell,rebalance,137.076,0.0018447034129737386,0.25286456503678817,0.0002528645650367882
2023-11-21,113598,sell,rebalance,134.831,0.001845954530586155,0.24889189531346184,0.0002488918953134618
2023-11-21,123100,sell,rebalance,121.998,0.00206477040222513,0.2518978595306614,0.0002518978595306614
2023-11-21,113604,sell,rebalance,164.5,0.0019324410994610546,0.3178865608613435,0.0003178865608613435
2023-11-21,113546,buy,rebalance,131.824,0.0019266559881543507,0.25397949898245914,0.00025397949898245913
2023-11-21,123141,buy,rebalance,128.97,4.19674160358349e-05,0.0054125376461416266,5.412537646141626e-06
2023-11-21,113561,buy,rebalance,139.312,5.863044225262817e-05,0.008167924171098136,8.167924171098135e-06
2023-11-21,113532,buy,rebalance,119.55,0.00212446255945177,0.25397949898245914,0.00025397949898245913
2023-11-21,123059,buy,rebalance,138.25,7.721727121299358e-05,0.010675287745196363,1.0675287745196363e-05
2023-11-21,113526,buy,rebalance,124.4,5.805376590955263e-05,0.007221888479148348,7.221888479148348e-06
2023-11-21,123088,buy,rebalance,135.4,0.001875771779781825,0.25397949898245914,0.00025397949898245913
2023-11-21,123160,buy,rebalance,126.001,6.502470570132159e-05,0.008193177943072222,8.193177943072223e-06
2023-11-21,113591,buy,rebalance,134.698,0.0018855476620473885,0.25397949898245914,0.00025397949898245913
2023-11-21,128071,buy,rebalance,117.992,0.0021525145686356628,0.25397949898245914,0.00025397949898245913
2023-11-21,128066,buy,rebalance,122.7,1.534758745021844e-05,0.0018831489801418026,1.8831489801418027e-06
2023-11-21,123127,buy,rebalance,138.15,2.9060285226379956e-05,0.004014678404024391,4.014678404024391e-06
2023-11-21,123163,buy,rebalance,121.174,0.0020959900554777355,0.25397949898245914,0.00025397949898245913
2023-11-21,127059,buy,rebalance,121.26,2.8178226252866757e-05,0.003416891715422623,3.4168917154226232e-06
2023-11-21,113628,buy,rebalance,127.4,7.002012628467602e-05,0.008920564088667725,8.920564088667724e-06
2023-11-21,118017,buy,rebalance,146.888,0.001729069079723729,0.25397949898245914,0.00025397949898245913
2023-11-21,118016,buy,rebalance,119.931,5.8633248640676833e-05,0.007031944142725013,7.031944142725013e-06
2023-11-21,113524,buy,rebalance,130.552,6.164877486176296e-05,0.008048370855752877,8.048370855752877e-06
2023-11-21,128063,buy,rebalance,125.01,4.021036286940951e-05,0.005026697462304883,5.026697462304883e-06
2023-11-21,123153,buy,rebalance,123.682,0.0020534879690048604,0.25397949898245914,0.00025397949898245913
2023-12-01,113628,sell,rebalance,125.8,0.0019954831861644655,0.25103178481948973,0.00025103178481948975
2023-12-01,128063,sell,rebalance,122.28,0.002033664921078148,0.24867654654943594,0.00024867654654943595
2023-12-01,118016,sell,rebalance,118.007,0.0021197725903836276,0.25014800407340076,0.00025014800407340075
2023-12-01,123088,sell,rebalance,128.5,0.001875771779781825,0.24103667370196452,0.00024103667370196452
2023-12-01,123163,sell,rebalance,121.532,0.0020959900554777355,0.2547298634223201,0.0002547298634223201
2023-12-01,118017,sell,rebalance,145.61,0.001729069079723729,0.2517697486985722,0.0002517697486985722
2023-12-01,113532,sell,rebalance_resize,118.885,2.6359979893670596e-05,0.003133806209659029,3.1338062096590293e-06
2023-12-01,113546,sell,rebalance_resize,130.607,1.685846450887449e-05,0.0022018334741105705,2.2018334741105707e-06
2023-12-01,123141,sell,rebalance_resize,128.5,3.0106365912272077e-05,0.003868668019726962,3.868668019726962e-06
2023-12-01,128071,sell,rebalance_resize,116.1,4.082827285406701e-06,0.000474016247835718,4.74016247835718e-07
2023-12-01,128066,sell,rebalance_resize,121.84,2.4760093725485963e-05,0.0030167698195132098,3.01676981951321e-06
2023-12-01,113561,sell,rebalance_resize,136.965,3.7194318827332075e-06,0.0005094319878185538,5.094319878185538e-07
2023-12-01,127059,sell,rebalance_resize,119.29,5.5905255160813955e-06,0.0006668937888133497,6.668937888133498e-07
2023-12-01,123160,sell,rebalance_resize,125.351,2.7769151381423755e-05,0.003480890894812849,3.4808908948128494e-06
2023-12-01,113526,sell,rebalance_resize,123.8,2.8813891491151855e-05,0.0035671597666045995,3.5671597666045997e-06
2023-12-01,113604,buy,rebalance,133.782,0.001862584688217758,0.24918030475914812,0.00024918030475914814
2023-12-01,113591,buy,rebalance,129.58,3.934627445768933e-05,0.005098490244227384,5.098490244227384e-06
2023-12-01,113532,buy,rebalance,118.885,2.3322930019256914e-19,2.7727465353393585e-17,2.7727465353393584e-20
2023-12-01,123127,buy,rebalance,133.631,2.6310897206223193e-05,0.0035159515045648116,3.515951504564812e-06
2023-12-01,123164,buy,rebalance,132.7,0.0018777717012746658,0.24918030475914812,0.00024918030475914814
2023-12-01,128066,buy,rebalance,121.84,2.2757276225700577e-19,2.7727465353393585e-17,2.7727465353393584e-20
2023-12-01,113561,buy,rebalance,136.965,2.0244197680716668e-19,2.7727465353393585e-17,2.7727465353393584e-20
2023-12-01,113524,buy,rebalance,126.288,2.777204663506353e-05,0.0035072762254489027,3.507276225448903e-06
2023-12-01,123050,buy,rebalance,135.681,0.0018365158331612244,0.24918030475914812,0.00024918030475914814
2023-12-01,123059,buy,rebalance,132.7,4.077111035582158e-05,0.005410326344217523,5.4103263442175235e-06
2023-12-01,113594,buy,rebalance,138.35,0.0018010864095348619,0.24918030475914812,0.00024918030475914814
2023-12-01,123153,buy,rebalance,120.169,2.217400501272632e-05,0.002664628008374309,2.664628008374309e-06
2023-12-01,128087,buy,rebalance,124.215,0.002006040371606876,0.24918030475914812,0.00024918030475914814
2023-12-01,123135,buy,rebalance,133.77,0.0018627517736349564,0.24918030475914812,0.00024918030475914814
2023-12-07,123164,sell,risk_exit_next_open,124.7,0.0018777717012746658,0.23415813114895084,0.00023415813114895085
2023-12-12,123059,sell,rebalance,136.0,0.001879634062932287,0.255630232558791,0.00025563023255879104
2023-12-12,123127,sell,rebalance,141.5,0.0018665531252412399,0.2641172672216354,0.0002641172672216354
2023-12-12,123153,sell,rebalance,120.201,0.0020756619740175866,0.2494966449388879,0.0002494966449388879
2023-12-12,123050,sell,rebalance,137.19,0.0018365158331612244,0.25195160715138837,0.0002519516071513884
2023-12-12,128087,sell,rebalance,124.814,0.002006040371606876,0.2503819229417406,0.0002503819229417406
2023-12-12,113594,sell,rebalance_resize,137.54,3.614674153196928e-06,0.0004971622830307054,4.971622830307054e-07
2023-12-12,113532,sell,rebalance_resize,119.0,2.058776876487157e-05,0.002449944483019717,2.449944483019717e-06
2023-12-12,128066,sell,rebalance_resize,120.86,1.6745819873335845e-06,0.00020238997898913702,2.0238997898913702e-07
2023-12-12,113526,sell,rebalance_resize,123.8,1.7840570972298642e-05,0.0022086626863705716,2.2086626863705715e-06
2023-12-12,113524,sell,rebalance_resize,125.7,8.303562275548726e-06,0.0010437577780364748,1.043757778036475e-06
2023-12-12,127059,sell,rebalance_resize,119.0,1.3464526710038242e-05,0.0016022786784945509,1.6022786784945508e-06
2023-12-12,113591,buy,rebalance,122.8,8.824424490258168e-05,0.01083639327403703,1.0836393274037032e-05
2023-12-12,113604,buy,rebalance,128.001,6.877063818359873e-05,0.008802710458138822,8.802710458138822e-06
2023-12-12,123166,buy,rebalance,117.889,0.0020949874709110857,0.24697597795823698,0.000246975977958237
2023-12-12,113546,buy,rebalance,129.26,2.8119231242068384e-06,0.0003634691830349759,3.634691830349759e-07
2023-12-12,128071,buy,rebalance,114.601,8.820344656548918e-06,0.0010108203179851627,1.0108203179851627e-06
2023-12-12,123141,buy,rebalance,125.826,2.367457307815292e-05,0.0029788768321316692,2.9788768321316694e-06
2023-12-12,123160,buy,rebalance,122.667,2.5508233221485934e-05,0.003129018444580015,3.129018444580015e-06
2023-12-12,113526,buy,rebalance,123.8,2.2397173671619114e-19,2.772770100546446e-17,2.772770100546446e-20
2023-12-12,113524,buy,rebalance,125.7,2.205863246258111e-19,2.772770100546446e-17,2.772770100546446e-20
2023-12-12,113628,buy,rebalance,126.082,0.001958852000747426,0.24697597795823698,0.000246975977958237
2023-12-12,113561,buy,rebalance,135.62,1.7735847887769115e-06,0.00024053356905392475,2.4053356905392474e-07
2023-12-12,118017,buy,rebalance,151.3,0.0016323594048792925,0.24697597795823698,0.000246975977958237
2023-12-12,113027,buy,rebalance,137.8,0.0017922785047767558,0.24697597795823698,0.000246975977958237
2023-12-12,123135,buy,rebalance,131.915,1.135470926582436e-05,0.0014978564728012204,1.4978564728012205e-06
2023-12-12,110052,buy,rebalance,139.297,0.0017730172075366805,0.24697597795823698,0.000246975977958237
2023-12-12,123100,buy,rebalance,117.43,0.0021031761726836152,0.24697597795823698,0.000246975977958237
2023-12-15,113604,sell,risk_exit_next_open,126.66,0.0019313553264013567,0.24462546564199583,0.0002446254656419958
2023-12-18,113591,sell,risk_exit_next_open,125.423,0.0020131381814076595,0.2524938301266929,0.00025249383012669293
2023-12-18,118017,sell,risk_exit_next_open,138.5,0.0016323594048792925,0.22608177757578202,0.00022608177757578202
2023-12-21,113561,sell,rebalance,133.8,0.001822917126356073,0.2439063115064426,0.0002439063115064426
2023-12-21,113524,sell,rebalance,122.51,0.0019667801311407654,0.24095023386605519,0.00024095023386605519
2023-12-21,123135,sell,rebalance,128.0,0.0018741064829007807,0.23988562981129993,0.00023988562981129994
2023-12-21,113027,sell,rebalance,137.0,0.0017922785047767558,0.24554215515441555,0.00024554215515441553
2023-12-21,110052,sell,rebalance,134.171,0.0017730172075366805,0.23788749175240395,0.00023788749175240396
2023-12-21,113546,sell,rebalance_resize,128.3,2.3153467969671125e-05,0.0029705899405088054,2.9705899405088054e-06
2023-12-21,113532,sell,rebalance_resize,117.512,1.4600367331781853e-05,0.0017157183658923492,1.7157183658923492e-06
2023-12-21,123141,sell,rebalance_resize,123.715,5.3057490514118656e-06,0.0006564007438954189,6.564007438954189e-07
2023-12-21,113526,sell,rebalance_resize,121.449,9.238097893390119e-07,0.00011219577510543366,1.1219577510543366e-07
2023-12-21,128066,sell,rebalance_resize,119.5,1.6946633055244226e-05,0.002025122650101685,2.025122650101685e-06
2023-12-21,123166,sell,rebalance_resize,116.055,6.174390216229636e-06,0.0007165688565445305,7.165688565445305e-07
2023-12-21,128071,sell,rebalance_resize,112.896,9.990871437276319e-06,0.0011279294217827474,1.1279294217827473e-06
2023-12-21,123160,sell,rebalance_resize,122.207,3.172353579083112e-05,0.003876838138390099,3.876838138390099e-06
2023-12-21,123100,sell,rebalance_resize,115.63,6.685624555607429e-06,0.000773058767364887,7.73058767364887e-07
2023-12-21,113628,sell,rebalance_resize,124.2,7.0226764314716934e-06,0.0008722164127887844,8.722164127887844e-07
2023-12-21,113594,buy,rebalance,130.26,6.348994724761711e-05,0.008270200528474604,8.270200528474604e-06
2023-12-21,123127,buy,rebalance,135.123,0.0017922424839495765,0.2421731811587186,0.0002421731811587186
2023-12-21,113526,buy,rebalance,121.449,2.283068318558331e-19,2.772763642205907e-17,2.772763642205907e-20
2023-12-21,128066,buy,rebalance,119.5,2.3203043031011777e-19,2.772763642205907e-17,2.772763642205907e-20
2023-12-21,123166,buy,rebalance,116.055,2.389180683474135e-19,2.772763642205907e-17,2.772763642205907e-20
2023-12-21,127059,buy,rebalance,116.584,1.818446435421734e-06,0.00021200175922720743,2.1200175922720745e-07
2023-12-21,128090,buy,rebalance,134.0,0.0018072625459605867,0.2421731811587186,0.0002421731811587186
2023-12-21,123050,buy,rebalance,131.2,0.0018458321734658432,0.2421731811587186,0.0002421731811587186
2023-12-21,127054,buy,rebalance,119.638,0.002024216228612302,0.2421731811587186,0.0002421731811587186
2023-12-21,128087,buy,rebalance,123.45,0.0019617106614720015,0.2421731811587186,0.0002421731811587186
2023-12-21,123138,buy,rebalance,139.0,0.001742253101861285,0.2421731811587186,0.0002421731811587186
2023-12-21,123153,buy,rebalance,118.817,0.0020382031288344146,0.2421731811587186,0.0002421731811587186
2023-12-21,113039,buy,rebalance,124.484,0.001945416127042179,0.2421731811587186,0.0002421731811587186
2024-01-11,113594,sell,rebalance,130.8,0.001860961682629282,0.24341378808791012,0.0002434137880879101
2024-01-11,113628,sell,rebalance,125.14,0.0019518293243159543,0.2442519216448985,0.0002442519216448985
2024-01-11,123100,sell,rebalance,115.965,0.0020964905481280077,0.2431195264136644,0.00024311952641366442
2024-01-11,128090,sell,rebalance,125.737,0.0018072625459605867,0.22723977074144627,0.0002272397707414463
2024-01-11,123050,sell,rebalance,130.067,0.0018458321734658432,0.24008185330618184,0.00024008185330618185
2024-01-11,127054,sell,rebalance,122.63,0.002024216228612302,0.2482296361147266,0.0002482296361147266
2024-01-11,123138,sell,rebalance,134.887,0.001742253101861285,0.23500729415076316,0.00023500729415076315
2024-01-11,123153,sell,rebalance,117.78,0.0020382031288344146,0.24005956451411736,0.00024005956451411738
2024-01-11,113039,sell,rebalance,126.89,0.001945416127042179,0.2468538523603821,0.0002468538523603821
2024-01-11,113526,sell,rebalance_resize,122.22,1.2052102595525641e-05,0.0014730079792251438,1.4730079792251439e-06
2024-01-11,113532,sell,rebalance_resize,118.482,1.6332331154542955e-05,0.0019350872598525584,1.9350872598525585e-06
2024-01-11,123141,sell,rebalance_resize,125.949,3.42324352495971e-05,0.004311540987251505,4.311540987251505e-06
2024-01-11,113546,sell,rebalance_resize,129.728,2.0290171646994822e-05,0.0026322033874213446,2.6322033874213448e-06
2024-01-11,128066,sell,rebalance_resize,119.729,3.329257702995898e-06,0.00039860869552199585,3.9860869552199583e-07
2024-01-11,128071,sell,rebalance_resize,114.236,2.461037043679868e-05,0.0028113902772181343,2.8113902772181344e-06
2024-01-11,127059,sell,rebalance_resize,116.75,2.3898582535189083e-06,0.00027901595109833255,2.790159510983326e-07
2024-01-11,123166,sell,rebalance_resize,117.201,1.986194691317696e-05,0.002327840040171253,2.327840040171253e-06
2024-01-11,123160,sell,rebalance_resize,122.29,8.07131192040852e-07,9.87040734746758e-05,9.87040734746758e-08
2024-01-11,113027,buy,rebalance,135.67,0.001785502303333415,0.2422390974932444,0.0002422390974932444
2024-01-11,128082,buy,rebalance,141.0,0.0017180077836400312,0.2422390974932444,0.0002422390974932444
2024-01-11,123112,buy,rebalance,139.8,0.0017327546315682716,0.2422390974932444,0.0002422390974932444
2024-01-11,113532,buy,rebalance,118.482,2.3402408247204246e-19,2.7727641339452533e-17,2.7727641339452534e-20
2024-01-11,128071,buy,rebalance,114.236,2.427224459842128e-19,2.7727641339452533e-17,2.7727641339452534e-20
2024-01-11,128123,buy,rebalance,120.899,0.0020036484792532974,0.2422390974932444,0.0002422390974932444
2024-01-11,123089,buy,rebalance,119.618,0.0020251057323583776,0.2422390974932444,0.0002422390974932444
2024-01-11,111005,buy,rebalance,121.28,0.001997354036059073,0.2422390974932444,0.0002422390974932444
2024-01-11,128087,buy,rebalance,123.3,4.895451446925259e-06,0.0006036091634058845,6.036091634058844e-07
2024-01-11,111008,buy,rebalance,131.201,0.0018463205119872898,0.2422390974932444,0.0002422390974932444
2024-01-11,123127,buy,rebalance,134.116,1.575218831895228e-05,0.002112620488584604,2.112620488584604e-06
2024-01-11,113649,buy,rebalance,117.095,0.002068739890629356,0.2422390974932444,0.0002422390974932444
2024-01-11,128091,buy,rebalance,153.592,0.0015771596013675476,0.2422390974932444,0.0002422390974932444
2024-01-11,123166,buy,rebalance,117.201,2.3658195185580786e-19,2.7727641339452533e-17,2.7727641339452534e-20
2024-01-11,123160,buy,rebalance,122.29,2.2673678419701146e-19,2.7727641339452533e-17,2.7727641339452534e-20
2024-01-23,127059,sell,rebalance,111.52,0.0020769433989751315,0.23162072785370666,0.00023162072785370668
2024-01-23,123160,sell,rebalance,113.0,0.001982853396273993,0.2240624337789612,0.0002240624337789612
2024-01-23,113546,sell,rebalance,122.152,0.0018691658071530168,0.2283223416753553,0.0002283223416753553
2024-01-23,128071,sell,rebalance,111.199,0.0021226508441327305,0.2360366512167155,0.0002360366512167155
2024-01-23,123166,sell,rebalance,109.931,0.0020689511337816796,0.22744186708775382,0.00022744186708775383
2024-01-23,128087,sell,rebalance,116.1,0.001966606112918927,0.2283229697098874,0.0002283229697098874
2024-01-23,113027,sell,rebalance,133.65,0.001785502303333415,0.23863238284051094,0.00023863238284051094
2024-01-23,123112,sell,rebalance,126.674,0.0017327546315682716,0.21949496019927925,0.00021949496019927926
2024-01-23,123089,sell,rebalance,112.7,0.0020251057323583776,0.22822941603678917,0.00022822941603678918
2024-01-23,111005,sell,rebalance,114.75,0.001997354036059073,0.22919637563777864,0.00022919637563777865
2024-01-23,128123,sell,rebalance_resize,121.0,0.00011111671294804743,0.013445122266713738,1.3445122266713739e-05
2024-01-23,113649,sell,rebalance_resize,124.45,0.00022867284584883942,0.028458335665888068,2.8458335665888067e-05
2024-01-23,128066,sell,rebalance_resize,114.5,2.5298508153574914e-05,0.0028966791835843275,2.8966791835843275e-06
2024-01-23,113566,buy,rebalance,128.88,0.0017750092451349713,0.2287631915129951,0.0002287631915129951
2024-01-23,128082,buy,rebalance,129.1,5.5725845246701725e-05,0.0071942066213491924,7.194206621349193e-06
2024-01-23,128091,buy,rebalance,136.0,0.00010652847134241998,0.014487872102569117,1.4487872102569118e-05
2024-01-23,113030,buy,rebalance,117.5,0.0019469207788340008,0.2287631915129951,0.0002287631915129951
2024-01-23,123127,buy,rebalance,123.573,4.5085413932633944e-05,0.005571339855897374,5.5713398558973736e-06
2024-01-23,123141,buy,rebalance,116.45,4.118720926518624e-05,0.0047962505189309374,4.796250518930938e-06
2024-01-23,113526,buy,rebalance,113.001,4.246605057978125e-05,0.004798706181565861,4.798706181565861e-06
2024-01-23,123092,buy,rebalance,136.272,0.0016787248408550188,0.2287631915129951,0.0002287631915129951
2024-01-23,111008,buy,rebalance,119.279,7.344252677691491e-05,0.008760151151423633,8.760151151423633e-06
2024-01-23,113534,buy,rebalance,135.5,0.0016882892362582664,0.2287631915129951,0.0002287631915129951
2024-01-23,113532,buy,rebalance,111.002,1.6394131611836754e-05,0.0018197813971771032,1.8197813971771033e-06
2024-01-23,127054,buy,rebalance,119.07,0.001921249613781768,0.2287631915129951,0.0002287631915129951
2024-01-23,110055,buy,rebalance,139.89,0.0016353076811279942,0.2287631915129951,0.0002287631915129951
2024-01-23,113598,buy,rebalance,121.5,0.0018828246215061325,0.2287631915129951,0.0002287631915129951
2024-01-23,113039,buy,rebalance,119.0,0.0019223797606134042,0.2287631915129951,0.0002287631915129951
2024-01-23,113664,buy,rebalance,117.11,0.0019534044190333455,0.2287631915129951,0.0002287631915129951
2024-01-23,113527,buy,rebalance,123.4,0.0018538346151782423,0.2287631915129951,0.0002287631915129951
2024-01-31,123141,sell,rebalance,114.305,0.0019664358561805773,0.2247734505407209,0.0002247734505407209
2024-01-31,113526,sell,rebalance,112.281,0.0020264551017199106,0.2275324052762133,0.0002275324052762133
2024-01-31,111008,sell,rebalance,114.2,0.0019197630387642048,0.2192369390268722,0.0002192369390268722
2024-01-31,128091,sell,rebalance,141.303,0.0016836880727099676,0.23791017573813655,0.00023791017573813656
2024-01-31,123092,sell,rebalance,142.46,0.0016787248408550188,0.239151140828206,0.000239151140828206
2024-01-31,113527,sell,rebalance,123.472,0.0018538346151782423,0.22889666760528793,0.00022889666760528794
2024-01-31,128123,sell,rebalance_resize,124.521,6.793720348595572e-05,0.008459608515274691,8.459608515274692e-06
2024-01-31,113030,sell,rebalance_resize,118.019,2.180414882678737e-05,0.002573303840388619,2.5733038403886187e-06
2024-01-31,113039,sell,rebalance_resize,119.046,1.3870952616316326e-05,0.0016512814251619934,1.6512814251619934e-06
2024-01-31,113532,sell,rebalance_resize,113.394,5.933990022488298e-05,0.006728788646100381,6.728788646100381e-06
2024-01-31,123127,sell,rebalance_resize,124.66,3.052000632934037e-05,0.0038046239890155704,3.8046239890155706e-06
2024-01-31,113664,sell,rebalance_resize,116.888,9.660497015505159e-06,0.001129196175148367,1.129196175148367e-06
2024-01-31,128066,sell,rebalance_resize,114.5,1.568562590492505e-05,0.0017960041661139181,1.7960041661139182e-06
2024-01-31,127054,sell,rebalance_resize,118.36,1.6793235078465014e-06,0.0001987647303887119,1.987647303887119e-07
2024-01-31,113566,buy,rebalance,122.808,7.495949719378111e-05,0.00920562593137387,9.205625931373872e-06
2024-01-31,110055,buy,rebalance,136.12,3.37758904952309e-05,0.004597574214210831,4.59757421421083e-06
2024-01-31,128082,buy,rebalance,127.0,1.5229907244832824e-05,0.0019341982200937686,1.9341982200937686e-06
2024-01-31,113546,buy,rebalance,118.9,0.0019089076058894548,0.22696911434025618,0.0002269691143402562
2024-01-31,113534,buy,rebalance,129.022,7.25794497934995e-05,0.009364345771256891,9.364345771256891e-06
2024-01-31,113532,buy,rebalance,113.394,2.4452200598957913e-19,2.7727328347182338e-17,2.772732834718234e-20
2024-01-31,123167,buy,rebalance,122.178,0.001857692173224772,0.22696911434025618,0.0002269691143402562
2024-01-31,110074,buy,rebalance,119.47,0.0018998000698104644,0.22696911434025618,0.0002269691143402562
2024-01-31,113598,buy,rebalance,118.986,2.6619454441674802e-05,0.003167342406197118,3.167342406197118e-06
2024-01-31,113649,buy,rebalance,115.5,0.00012690617629667548,0.014657663362266017,1.4657663362266018e-05
2024-01-31,128076,buy,rebalance,120.0,0.0018914092861688015,0.22696911434025618,0.0002269691143402562
2024-01-31,113628,buy,rebalance,117.3,0.0019349455612980068,0.22696911434025618,0.0002269691143402562
2024-01-31,113664,buy,rebalance,116.888,2.372127878583117e-19,2.7727328347182338e-17,2.772732834718234e-20
2024-01-31,123130,buy,rebalance,115.3,0.001968509231051658,0.22696911434025618,0.0002269691143402562
2024-02-20,128066,sell,rebalance,108.4,0.001984282441544291,0.21509621666340117,0.00021509621666340118
2024-02-20,113532,sell,rebalance,108.75,0.002003636343693858,0.21789545237670707,0.00021789545237670707
2024-02-20,128082,sell,rebalance,118.398,0.001788963536131566,0.21180970475090513,0.00021180970475090513
2024-02-20,113649,sell,rebalance,106.3,0.001966973221077192,0.20908925340050552,0.00020908925340050552
2024-02-20,127054,sell,rebalance,120.0,0.0019195702902739214,0.23034843483287057,0.00023034843483287057
2024-02-20,113546,sell,rebalance,114.2,0.0019089076058894548,0.21799724859257574,0.00021799724859257574
2024-02-20,123167,sell,rebalance,120.902,0.001857692173224772,0.22459869912722139,0.0002245986991272214
2024-02-20,128076,sell,rebalance,116.0,0.0018914092861688015,0.21940347719558098,0.000219403477195581
2024-02-20,123130,sell,rebalance,112.7,0.001968509231051658,0.22185099033952188,0.0002218509903395219
2024-02-20,128123,sell,rebalance_resize,130.737,0.00010669211568205066,0.013948607127924256,1.3948607127924257e-05
2024-02-20,110055,sell,rebalance_resize,139.85,6.312424211745594e-05,0.008827925260126213,8.827925260126213e-06
2024-02-20,113039,sell,rebalance_resize,122.115,6.931286784737794e-05,0.008464140857182556,8.464140857182557e-06
2024-02-20,113534,sell,rebalance_resize,129.341,2.4424617802859325e-05,0.0031591044912396282,3.1591044912396284e-06
2024-02-20,123127,sell,rebalance_resize,130.948,0.00010742573470135911,0.014067185107673574,1.4067185107673575e-05
2024-02-20,110074,sell,rebalance_resize,121.299,4.823153065200614e-05,0.005850436436557693,5.850436436557694e-06
2024-02-20,113664,sell,rebalance_resize,119.398,6.269556081093722e-05,0.007485724569704282,7.485724569704282e-06
2024-02-20,113598,sell,rebalance_resize,117.624,2.5826004073020087e-08,3.0377579030849144e-06,3.0377579030849145e-09
2024-02-20,110055,buy,rebalance,139.85,1.9826244613625894e-19,2.772700309215581e-17,2.772700309215581e-20
2024-02-20,113027,buy,rebalance,125.697,0.0017849448134449686,0.22436220821559222,0.00022436220821559223
2024-02-20,128143,buy,rebalance,130.5,0.0017192506376673734,0.22436220821559222,0.00022436220821559223
2024-02-20,113030,buy,rebalance,115.071,2.6637101194675638e-05,0.00306515787157252,3.0651578715725202e-06
2024-02-20,127065,buy,rebalance,152.8,0.0014683390590025669,0.22436220821559222,0.00022436220821559223
2024-02-20,123092,buy,rebalance,144.0,0.0015580708903860571,0.22436220821559222,0.00022436220821559223
2024-02-20,118021,buy,rebalance,145.008,0.0015472402089235918,0.22436220821559222,0.00022436220821559223
2024-02-20,128091,buy,rebalance,136.8,0.0016400746214590073,0.22436220821559222,0.00022436220821559223
2024-02-20,113566,buy,rebalance,120.159,1.9146691613224084e-05,0.0023006473175533927,2.300647317553393e-06
2024-02-20,123038,buy,rebalance,135.99,0.0016498434312492993,0.22436220821559222,0.00022436220821559223
2024-02-20,123025,buy,rebalance,140.309,0.0015990578524228112,0.22436220821559222,0.00022436220821559223
2024-02-20,110052,buy,rebalance,120.55,0.0018611547757411218,0.22436220821559222,0.00022436220821559223
2024-02-20,113628,buy,rebalance,114.948,1.8904639791299713e-05,0.002173050534730319,2.1730505347303193e-06
2024-02-21,113628,sell,rebalance,115.984,0.0019538502010893063,0.2266153617231421,0.0002266153617231421
2024-02-21,128123,sell,rebalance_resize,131.605,2.8470819731073665e-06,0.0003746902230707949,3.746902230707949e-07
2024-02-21,113566,sell,rebalance_resize,125.0,6.343654328256699e-05,0.007929567910320873,7.929567910320873e-06
2024-02-21,113039,sell,rebalance_resize,122.8,1.167753403568522e-06,0.0001434001179582145,1.434001179582145e-07
2024-02-21,113027,sell,rebalance_resize,126.934,6.777723993551692e-06,0.0008603236173974904,8.603236173974904e-07
2024-02-21,128091,sell,rebalance_resize,138.782,1.3711971169876724e-05,0.0019029747828978316,1.9029747828978317e-06
2024-02-21,110074,sell,rebalance_resize,123.89,2.9711558510898666e-05,0.003680964983915236,3.6809649839152357e-06
2024-02-21,118021,sell,rebalance_resize,148.0,2.2173578299090814e-05,0.0032816895882654402,3.2816895882654404e-06
2024-02-21,113598,sell,rebalance_resize,119.205,1.595856845028908e-05,0.0019023411521167097,1.9023411521167097e-06
2024-02-21,113664,sell,rebalance_resize,121.3,2.0291054261922635e-05,0.0024613048819712158,2.461304881971216e-06
2024-02-21,123038,sell,rebalance_resize,136.927,1.447853076797495e-06,0.0001982501782466506,1.982501782466506e-07
2024-02-21,110052,sell,rebalance_resize,122.398,1.7089829153545548e-05,0.002091760908735668,2.091760908735668e-06
2024-02-21,110055,buy,rebalance,139.3,1.4339781557611765e-05,0.001997531570975319,1.997531570975319e-06
2024-02-21,113534,buy,rebalance,129.0,1.3230240089291066e-05,0.0017067009715185475,1.7067009715185476e-06
2024-02-21,123127,buy,rebalance,130.8,1.0464715412322909e-05,0.0013687847759318366,1.3687847759318367e-06
2024-02-21,127065,buy,rebalance,148.19,5.471210090275433e-05,0.008107786232779165,8.107786232779164e-06
2024-02-21,123092,buy,rebalance,142.0,3.140066798024796e-05,0.00445889485319521,4.45889485319521e-06
2024-02-21,113030,buy,rebalance,114.513,1.9266474275196083e-05,0.002206261768675529,2.2062617686755293e-06
2024-02-21,110074,buy,rebalance,123.89,2.237880980705677e-19,2.7725107469962632e-17,2.7725107469962634e-20
2024-02-21,128143,buy,rebalance,130.001,1.6947085600445794e-05,0.002203138075143554,2.203138075143554e-06
2024-02-21,123025,buy,rebalance,139.005,2.4668581991371316e-05,0.0034290562397105697,3.4290562397105697e-06
2024-02-21,123050,buy,rebalance,124.733,0.00180755768483761,0.22546209270284961,0.00022546209270284963
2024-03-01,113598,sell,rebalance,121.901,0.0018934596814934453,0.23081462863373248,0.00023081462863373247
2024-03-01,118021,sell,rebalance,158.209,0.001525066630624501,0.24127926656447168,0.0002412792665644717
2024-03-01,123025,sell,rebalance,147.5,0.0016237264344141826,0.23949964907609195,0.00023949964907609195
2024-03-01,113566,sell,rebalance_resize,132.5,6.269462677333788e-05,0.008307038047467269,8.30703804746727e-06
2024-03-01,113030,sell,rebalance_resize,117.5,5.527312158748938e-06,0.0006494591786530002,6.494591786530002e-07
2024-03-01,113534,sell,rebalance_resize,132.02,3.528800326039281e-07,4.658722190437059e-05,4.658722190437059e-08
2024-03-01,110052,sell,rebalance_resize,126.45,1.768760404187059e-05,0.0022365975310945363,2.2365975310945364e-06
2024-03-01,127065,sell,rebalance_resize,156.8,5.0184993037308056e-05,0.007869006908249904,7.869006908249904e-06
2024-03-01,128143,sell,rebalance_resize,135.229,2.8387897232690303e-05,0.0038388669548794774,3.838866954879478e-06
2024-03-01,113566,buy,rebalance,132.5,1.5952712728337693e-19,2.1137344365047445e-17,2.1137344365047445e-20
2024-03-01,128123,buy,rebalance,130.0,4.679578240775259e-05,0.006083451713007836,6.083451713007836e-06
2024-03-01,113594,buy,rebalance,137.0,0.0012837751409242118,0.17587719430661702,0.00017587719430661703
2024-03-01,113039,buy,rebalance,121.89,4.316129334077483e-05,0.005260930045307044,5.260930045307044e-06
2024-03-01,123127,buy,rebalance,130.064,3.81004825097564e-05,0.0049555011571489555,4.955501157148956e-06
2024-03-01,110055,buy,rebalance,142.1,3.756376868291e-06,0.000533781152984151,5.337811529841511e-07
2024-03-01,113027,buy,rebalance,127.8,2.202223788598312e-05,0.0028144420018286426,2.8144420018286425e-06
2024-03-01,123022,buy,rebalance,120.5,0.0014595617784781496,0.17587719430661702,0.00017587719430661703
2024-03-01,123087,buy,rebalance,120.651,0.0014577350731168166,0.17587719430661702,0.00017587719430661703
2024-03-01,123050,buy,rebalance,125.399,2.5989505109511066e-05,0.003259057951227578,3.259057951227578e-06
2024-03-01,110074,buy,rebalance,122.706,4.58810650403727e-05,0.005629881966843973,5.629881966843973e-06
2024-03-01,123092,buy,rebalance,144.798,4.1713082324104455e-06,0.0006039970894365677,6.039970894365678e-07
2024-03-01,113664,buy,rebalance,122.288,2.1155725454318552e-05,0.002587091354357707,2.587091354357707e-06
2024-03-01,123038,buy,rebalance,139.24,7.78187949185359e-06,0.0010835489004456939,1.083548900445694e-06
2024-03-01,128056,buy,rebalance,127.699,0.0013772793389659828,0.17587719430661702,0.00017587719430661703
2024-03-11,127065,sell,risk_exit_next_open,153.199,0.0014728661668680133,0.2256416238980128,0.0002256416238980128
2024-03-12,128143,sell,rebalance,139.66,0.001707809826035129,0.23851272030406612,0.00023851272030406612
2024-03-12,128091,sell,rebalance,180.37,0.0016263626502891306,0.2933470312326505,0.0002933470312326505
2024-03-12,123038,sell,rebalance,140.0,0.0016561774576643554,0.23186484407300975,0.00023186484407300976
2024-03-12,110052,sell,rebalance,124.255,0.0018263773425457057,0.22693651669801665,0.00022693651669801666
2024-03-12,113594,sell,rebalance,180.0,0.0012837751409242118,0.23107952536635812,0.0002310795253663581
2024-03-12,123087,sell,rebalance,118.003,0.0014577350731168166,0.1720171118330037,0.0001720171118330037
2024-03-12,128056,sell,rebalance,125.5,0.0013772793389659828,0.17284855704023083,0.00017284855704023083
2024-03-12,113566,sell,rebalance_resize,150.0,0.0001534252140618425,0.023013782109276376,2.3013782109276375e-05
2024-03-12,128123,buy,rebalance,132.001,4.440730009792538e-05,0.005861808020226248,5.861808020226249e-06
2024-03-12,113030,buy,rebalance,115.067,0.00010652987598266642,0.012258073239697477,1.2258073239697476e-05
2024-03-12,128120,buy,rebalance,123.999,0.0019209239193303674,0.23819264507304622,0.00023819264507304622
2024-03-12,123167,buy,rebalance,131.899,0.0018058715007168078,0.23819264507304622,0.00023819264507304622
2024-03-12,123022,buy,rebalance,119.565,0.0005340750820161622,0.06385668718126243,6.385668718126243e-05
2024-03-12,110055,buy,rebalance,141.092,6.579550690359e-05,0.00928321966004132,9.283219660041322e-06
2024-03-12,123050,buy,rebalance,127.393,3.805445333302321e-05,0.004847870973453826,4.847870973453826e-06
2024-03-12,123127,buy,rebalance,131.952,4.3230861568547684e-05,0.005704398645693004,5.704398645693003e-06
2024-03-12,110074,buy,rebalance,123.0,7.067702738352477e-05,0.008693274368173546,8.693274368173546e-06
2024-03-12,113039,buy,rebalance,124.5,3.390756780277019e-05,0.004221492191444888,4.221492191444888e-06
2024-03-12,113534,buy,rebalance,133.0,4.3370421909998075e-05,0.005768266114029744,5.768266114029744e-06
2024-03-12,123092,buy,rebalance,138.283,0.00013047063160643224,0.018041870350432268,1.8041870350432267e-05
2024-03-12,113027,buy,rebalance,130.29,2.9804724278211937e-05,0.003883257526208233,3.883257526208233e-06
2024-03-12,123147,buy,rebalance,123.501,0.0019286697684475931,0.23819264507304622,0.00023819264507304622
2024-03-12,113593,buy,rebalance,114.737,0.0020759880864328526,0.23819264507304622,0.00023819264507304622
2024-03-12,128087,buy,rebalance,113.253,0.0021031906004524933,0.23819264507304622,0.00023819264507304622
2024-03-12,113664,buy,rebalance,123.764,4.456213295925999e-05,0.0055151878235698525,5.515187823569853e-06
2024-03-12,111008,buy,rebalance,124.0,0.0019209084280084373,0.23819264507304622,0.00023819264507304622
2024-03-12,111011,buy,rebalance,123.8,0.0019240116726417303,0.23819264507304622,0.00023819264507304622
2024-03-21,123127,sell,rebalance,139.728,0.00180693040466109,0.2524787715824848,0.0002524787715824848
2024-03-21,113566,sell,rebalance,190.0,0.001589559049824229,0.3020162194666035,0.00030201621946660353
2024-03-21,110055,sell,rebalance,152.9,0.0016898509948352622,0.2583782171103116,0.00025837821711031163
2024-03-21,123022,sell,rebalance,122.799,0.0019936368604943117,0.244816612831841,0.000244816612831841
2024-03-21,123167,sell,rebalance,161.0,0.0018058715007168078,0.29074531161540607,0.0002907453116154061
2024-03-21,123147,sell,rebalance,119.692,0.0019286697684475931,0.2308463419250293,0.00023084634192502932
2024-03-21,113593,sell,rebalance,115.13,0.0020759880864328526,0.2390085083910143,0.00023900850839101432
2024-03-21,111008,sell,rebalance,129.2,0.0019209084280084373,0.24818136889869008,0.00024818136889869007
2024-03-21,111011,sell,rebalance,128.832,0.0019240116726417303,0.2478742718097794,0.0002478742718097794
2024-03-21,113027,sell,rebalance_resize,137.0,9.85687630714009e-06,0.0013503920540781922,1.3503920540781921e-06
2024-03-21,128123,buy,rebalance,130.369,0.00010635053242848736,0.01386481256216947,1.386481256216947e-05
2024-03-21,128120,buy,rebalance,129.8,1.760048492965636e-07,2.2845429438693958e-05,2.284542943869396e-08
2024-03-21,113030,buy,rebalance,117.689,4.67248690524577e-05,0.005499003113914693,5.499003113914693e-06
2024-03-21,123152,buy,rebalance,129.149,0.0019288537916399733,0.24910953833651092,0.0002491095383365109
2024-03-21,123092,buy,rebalance,137.469,8.972417819967233e-05,0.012334293052930755,1.2334293052930756e-05
2024-03-21,123050,buy,rebalance,129.66,5.152120790939108e-05,0.0066802398175316476,6.680239817531648e-06
2024-03-21,113534,buy,rebalance,133.201,7.927778203008101e-05,0.01055987984418882,1.055987984418882e-05
2024-03-21,128143,buy,rebalance,142.001,0.0017542801694108556,0.24910953833651092,0.0002491095383365109
2024-03-21,113039,buy,rebalance,123.661,0.00010127239982869517,0.012523446235216272,1.2523446235216272e-05
2024-03-21,110074,buy,rebalance,127.9,1.121243366381452e-05,0.001434070265601877,1.434070265601877e-06
2024-03-21,123054,buy,rebalance,152.4,0.0016345770232054522,0.24910953833651092,0.0002491095383365109
2024-03-21,127072,buy,rebalance,133.003,0.0018729618003842843,0.24910953833651092,0.0002491095383365109
2024-03-21,123135,buy,rebalance,134.5,0.0018521155266655086,0.24910953833651092,0.0002491095383365109
2024-03-21,113664,buy,rebalance,124.851,7.070515570017736e-05,0.008827609394322844,8.827609394322844e-06
2024-03-21,123163,buy,rebalance,111.859,0.002226995935387505,0.24910953833651092,0.0002491095383365109
2024-03-21,123141,buy,rebalance,119.11,0.0020914242157376453,0.24910953833651092,0.0002491095383365109
2024-03-21,123160,buy,rebalance,113.0,0.0022045091888186806,0.24910953833651092,0.0002491095383365109
2024-03-21,128087,buy,rebalance,116.677,3.3947223191628006e-05,0.003960860160329581,3.960860160329581e-06
2024-03-21,113598,buy,rebalance,128.49,0.0019387465042922476,0.24910953833651092,0.0002491095383365109
2024-04-11,113534,sell,rebalance,151.501,0.0018719696322456727,0.2836052712548517,0.0002836052712548517
2024-04-11,123152,sell,rebalance,116.801,0.0019288537916399733,0.2252920517173405,0.00022529205171734052
2024-04-11,128143,sell,rebalance,134.718,0.0017542801694108556,0.23633311586269162,0.00023633311586269162
2024-04-11,123054,sell,rebalance,150.6,0.0016345770232054522,0.2461672996947411,0.0002461672996947411
2024-04-11,127072,sell,rebalance,126.11,0.0018729618003842843,0.2361992126464621,0.0002361992126464621
2024-04-11,123163,sell,rebalance,109.5,0.002226995935387505,0.24385605492493181,0.00024385605492493182
2024-04-11,123141,sell,rebalance,121.168,0.0020914242157376453,0.25341368937249903,0.00025341368937249905
2024-04-11,123160,sell,rebalance,112.998,0.0022045091888186806,0.24910512931813328,0.0002491051293181333
2024-04-11,113030,sell,rebalance_resize,122.31,9.502701493223158e-05,0.011622754196361246,1.1622754196361245e-05
2024-04-11,113039,sell,rebalance_resize,125.5,4.408841623909466e-05,0.00553309623800638,5.5330962380063796e-06
2024-04-11,110074,sell,rebalance_resize,132.169,7.686407922465676e-05,0.01015904848704366,1.015904848704366e-05
2024-04-11,123092,sell,rebalance_resize,137.236,1.0220043636082198e-05,0.0014025579084413764,1.4025579084413765e-06
2024-04-11,128087,sell,rebalance_resize,117.7,3.4153376314890175e-05,0.004019852392262574,4.019852392262574e-06
2024-04-11,128123,buy,rebalance,126.419,4.528857234201524e-05,0.005725336026905224,5.725336026905224e-06
2024-04-11,128120,buy,rebalance,128.8,6.484032537798183e-07,8.35143390868406e-05,8.35143390868406e-08
2024-04-11,128082,buy,rebalance,131.763,0.0018766267028562278,0.24726996424844516,0.0002472699642484452
2024-04-11,113030,buy,rebalance,122.31,2.266977003687893e-19,2.7727395732106616e-17,2.7727395732106613e-20
2024-04-11,123135,buy,rebalance,132.5,1.595331213545203e-05,0.0021138138579473937,2.113813857947394e-06
2024-04-11,111011,buy,rebalance,136.0,0.0018181615018268028,0.24726996424844516,0.0002472699642484452
2024-04-11,110074,buy,rebalance,132.169,2.0978743678250282e-19,2.7727395732106616e-17,2.7727395732106613e-20
2024-04-11,113027,buy,rebalance,135.88,1.4779656053717034e-06,0.00020082596645790705,2.0082596645790705e-07
2024-04-11,123056,buy,rebalance,114.052,0.0021680458409185734,0.24726996424844516,0.0002472699642484452
2024-04-11,123131,buy,rebalance,126.99,0.0019471609122643134,0.24726996424844516,0.0002472699642484452
2024-04-11,113546,buy,rebalance,124.445,0.0019869819136843197,0.24726996424844516,0.0002472699642484452
2024-04-11,113628,buy,rebalance,121.719,0.0020314820549663173,0.24726996424844516,0.0002472699642484452
2024-04-11,113598,buy,rebalance,126.884,1.2009467887379685e-05,0.001523809323422284,1.523809323422284e-06
2024-04-11,123050,buy,rebalance,123.187,8.610287557053926e-05,0.01060675493290802,1.060675493290802e-05
2024-04-11,123085,buy,rebalance,116.138,0.0021291047223858267,0.24726996424844516,0.0002472699642484452
2024-04-11,113664,buy,rebalance,120.1,6.371470340709399e-05,0.007652135879191987,7.652135879191986e-06
2024-04-11,128133,buy,rebalance,122.681,0.0020155522391278615,0.24726996424844516,0.0002472699642484452
2024-04-23,113664,sell,rebalance,122.45,0.002060895024465831,0.252356595745841,0.000252356595745841
2024-04-23,128087,sell,rebalance,122.001,0.002102984447329231,0.25656620555861354,0.00025656620555861354
2024-04-23,128082,sell,rebalance,116.38,0.0018766267028562278,0.21840181567840777,0.00021840181567840778
2024-04-23,123056,sell,rebalance,105.101,0.0021680458409185734,0.22786378592638298,0.000227863785926383
2024-04-23,123131,sell,rebalance,122.99,0.0019471609122643134,0.2394813205993879,0.0002394813205993879
2024-04-23,113628,sell,rebalance,114.854,0.0020314820549663173,0.23332383994110142,0.00023332383994110144
2024-04-23,123085,sell,rebalance,103.9,0.0021291047223858267,0.2212139806558874,0.0002212139806558874
2024-04-23,128133,sell,rebalance,124.56,0.0020155522391278615,0.25105718690576645,0.0002510571869057665
2024-04-23,128123,sell,rebalance_resize,127.831,0.00010093728340227089,0.01290291387459569,1.290291387459569e-05
2024-04-23,111011,sell,rebalance_resize,134.5,5.327608806172837e-05,0.007165633844302466,7.165633844302466e-06
2024-04-23,113039,sell,rebalance_resize,123.8,5.4857056104468334e-05,0.006791303545733179,6.791303545733179e-06
2024-04-23,110074,sell,rebalance_resize,128.911,3.136053596992014e-05,0.004042718052418376,4.042718052418376e-06
2024-04-23,123050,sell,rebalance_resize,118.832,1.1640159308525307e-05,0.0013832234109506791,1.3832234109506792e-06
2024-04-23,123092,sell,rebalance_resize,133.093,2.0074635380426334e-05,0.002671793446687082,2.671793446687082e-06
2024-04-23,123156,buy,rebalance,95.859,0.002473796586692302,0.23713566700373737,0.00023713566700373737
2024-04-23,113027,buy,rebalance,127.842,3.514956359165184e-05,0.004493590508683955,4.493590508683955e-06
2024-04-23,128123,buy,rebalance,127.831,2.169062839525018e-19,2.7727347183932262e-17,2.7727347183932265e-20
2024-04-23,123130,buy,rebalance,114.361,0.0020735711213065414,0.23713566700373737,0.00023713566700373737
2024-04-23,128120,buy,rebalance,116.398,0.00011748916381241403,0.013675503689437369,1.367550368943737e-05
2024-04-23,123048,buy,rebalance,114.0,0.002080137429857345,0.23713566700373737,0.00023713566700373737
2024-04-23,128091,buy,rebalance,147.6,0.0016066102100524213,0.23713566700373737,0.00023713566700373737
2024-04-23,127055,buy,rebalance,111.4,0.0021286864183459367,0.23713566700373737,0.00023713566700373737
2024-04-23,113546,buy,rebalance,118.5,1.6183788548949293e-05,0.0019177789430504914,1.9177789430504913e-06
2024-04-23,123050,buy,rebalance,118.832,2.333323278572461e-19,2.7727347183932262e-17,2.7727347183932265e-20
2024-04-23,123135,buy,rebalance,121.644,8.325451227614196e-05,0.010127411891319013,1.0127411891319014e-05
2024-04-23,111003,buy,rebalance,117.85,0.002012182155313851,0.23713566700373737,0.00023713566700373737
2024-04-23,113598,buy,rebalance,121.479,3.299297561804939e-06,0.0004007953685105022,4.0079536851050217e-07
2024-04-23,127028,buy,rebalance,120.416,0.001969303639082326,0.23713566700373737,0.00023713566700373737
2024-04-23,127069,buy,rebalance,124.19,0.0019094586279389434,0.23713566700373737,0.00023713566700373737
2024-04-23,113030,buy,rebalance,114.0,5.84750040459395e-05,0.006666150461237103,6.6661504612371036e-06
2024-05-06,123050,sell,rebalance,129.0,0.00199758556745155,0.25768853820124993,0.00025768853820124995
2024-05-06,113598,sell,rebalance,130.677,0.0019540552697414324,0.25535008048400115,0.00025535008048400114
2024-05-06,111011,sell,rebalance,149.079,0.0017648854137650744,0.26310735259868356,0.0002631073525986836
2024-05-06,123130,sell,rebalance,114.383,0.0020735711213065414,0.23718128556840612,0.00023718128556840613
2024-05-06,123048,sell,rebalance,118.48,0.002080137429857345,0.24645468268949827,0.00024645468268949826
2024-05-06,127028,sell,rebalance,129.777,0.001969303639082326,0.255570318369187,0.00025557031836918696
2024-05-06,127069,sell,rebalance,128.9,0.0019094586279389434,0.24612921714132982,0.0002461292171413298
2024-05-06,128120,sell,rebalance_resize,125.213,3.631332968152102e-05,0.004546900949412291,4.546900949412291e-06
2024-05-06,127055,sell,rebalance_resize,119.0,2.118941799337183e-05,0.002521540741211248,2.5215407412112477e-06
2024-05-06,113027,sell,rebalance_resize,141.0,7.80970233568767e-05,0.011011680293319615,1.1011680293319616e-05
2024-05-06,123135,sell,rebalance_resize,133.326,7.027882081327346e-05,0.009369994063750497,9.369994063750497e-06
2024-05-06,113546,sell,rebalance_resize,129.9,7.251025156386735e-05,0.009419081678146368,9.419081678146369e-06
2024-05-06,110074,sell,rebalance_resize,139.4,4.232008636167578e-05,0.005899420038817604,5.899420038817604e-06
2024-05-06,123156,buy,rebalance,98.0,8.530691373581276e-05,0.008360077546109651,8.360077546109651e-06
2024-05-06,128123,buy,rebalance,133.8,1.7420471185834256e-05,0.002330859044664624,2.3308590446646236e-06
2024-05-06,123163,buy,rebalance,108.8,0.002305074844135618,0.25079214304195524,0.00025079214304195524
2024-05-06,123092,buy,rebalance,133.2,9.928089932306445e-05,0.013224215789832183,1.3224215789832183e-05
2024-05-06,123160,buy,rebalance,111.5,0.002249256888268657,0.25079214304195524,0.00025079214304195524
2024-05-06,113030,buy,rebalance,117.8,4.67699331606351e-05,0.005509498126322815,5.509498126322815e-06
2024-05-06,123056,buy,rebalance,111.45,0.0022502659761503385,0.25079214304195524,0.00025079214304195524
2024-05-06,123143,buy,rebalance,126.504,0.0019824838980740155,0.25079214304195524,0.00025079214304195524
2024-05-06,111003,buy,rebalance,119.43,8.772693823010959e-05,0.010477228232821989,1.047722823282199e-05
2024-05-06,123168,buy,rebalance,115.28,0.0021755043636533244,0.25079214304195524,0.00025079214304195524
2024-05-06,128091,buy,rebalance,155.6,5.164488160658765e-06,0.0008035943577985039,8.035943577985039e-07
2024-05-06,128076,buy,rebalance,125.25,0.0020023324793768883,0.25079214304195524,0.00025079214304195524
2024-05-06,113039,buy,rebalance,127.543,4.891006915883078e-05,0.006238136950724754,6.2381369507247545e-06
2024-05-13,110074,sell,rebalance,143.186,0.001799082805179019,0.25760347054236304,0.00025760347054236307
2024-05-13,113027,sell,rebalance,159.998,0.0017786676811486187,0.2845832716484167,0.0002845832716484167
2024-05-13,123135,sell,rebalance,169.9,0.001881044530263829,0.31958946569182456,0.00031958946569182457
2024-05-13,123156,sell,rebalance,106.2,0.002559103500428115,0.2717767917454658,0.00027177679174546584
2024-05-13,111003,sell,rebalance,124.701,0.002099909093543961,0.26186076387402546,0.00026186076387402544
2024-05-13,123056,sell,rebalance_resize,117.55,3.22368840353324e-05,0.0037894457183533237,3.789445718353324e-06
2024-05-13,113039,sell,rebalance_resize,132.708,1.649776982944366e-06,0.0002189386038525809,2.189386038525809e-07
2024-05-13,128123,buy,rebalance,136.004,4.2647475287193994e-05,0.005800227228959532,5.800227228959532e-06
2024-05-13,123089,buy,rebalance,124.5,0.0020921141935565718,0.26046821709779316,0.00026046821709779317
2024-05-13,128120,buy,rebalance,125.719,7.091020955224608e-05,0.008914760634698824,8.914760634698823e-06
2024-05-13,123092,buy,rebalance,136.0,3.426910202168213e-05,0.0046605978749487695,4.66059787494877e-06
2024-05-13,123061,buy,rebalance,128.9,0.0020206998999053,0.26046821709779316,0.00026046821709779317
2024-05-13,127055,buy,rebalance,118.478,9.30656921533146e-05,0.011026237074940406,1.1026237074940406e-05
2024-05-13,123163,buy,rebalance,111.7,2.908865327670444e-05,0.003249202571007886,3.249202571007886e-06
2024-05-13,113030,buy,rebalance,121.351,1.9570002770475527e-05,0.0023748394061999757,2.3748394061999757e-06
2024-05-13,113546,buy,rebalance,131.429,5.309489796641571e-05,0.006978209344828051,6.9782093448280505e-06
2024-05-13,113662,buy,rebalance,123.55,0.002108200866837662,0.26046821709779316,0.00026046821709779317
2024-05-13,123168,buy,rebalance,119.56,5.230772375536412e-06,0.0006253911452191334,6.253911452191334e-07
2024-05-13,128091,buy,rebalance,156.88,5.014163527362244e-05,0.007866219741725888,7.866219741725887e-06
2024-05-13,128076,buy,rebalance,125.841,6.949270831685156e-05,0.008745031907300917,8.745031907300917e-06
2024-05-13,123160,buy,rebalance,113.4,4.989344752759492e-05,0.005657916949629265,5.657916949629265e-06
2024-05-13,123039,buy,rebalance,117.999,0.0022073764785955235,0.26046821709779316,0.00026046821709779317
2024-05-13,127069,buy,rebalance,129.25,0.002015227985282732,0.26046821709779316,0.00026046821709779317
2024-05-13,123143,buy,rebalance,123.0,0.00013712920599468745,0.016866892337346555,1.6866892337346556e-05
2024-05-13,127075,buy,rebalance,125.261,0.002079403941352801,0.26046821709779316,0.00026046821709779317
2024-05-21,123160,sell,rebalance,113.178,0.0022991503357962517,0.26021323670474816,0.00026021323670474817
2024-05-21,123168,sell,rebalance,121.19,0.002180735136028861,0.26428329113533766,0.00026428329113533766
2024-05-21,113662,sell,rebalance,126.25,0.002108200866837662,0.26616035943825483,0.00026616035943825486
2024-05-21,123039,sell,rebalance,118.366,0.0022073764785955235,0.26127832426543773,0.00026127832426543773
2024-05-21,127075,sell,rebalance,123.21,0.002079403941352801,0.2562033596140786,0.0002562033596140786
2024-05-21,113030,sell,rebalance_resize,125.515,5.318113925383946e-05,0.0066750306934456605,6.67503069344566e-06
2024-05-21,123061,sell,rebalance_resize,133.11,4.4902359927167035e-05,0.005976953129905205,5.976953129905205e-06
2024-05-21,123143,sell,rebalance_resize,148.297,0.00034615571419237853,0.05133385394758716,5.133385394758716e-05
2024-05-21,113546,sell,rebalance_resize,133.0,6.318690391536482e-06,0.0008403858220743521,8.403858220743521e-07
2024-05-21,127069,sell,rebalance_resize,131.66,1.7670560503077825e-05,0.0023265059958352263,2.3265059958352265e-06
2024-05-21,123135,buy,rebalance,141.8,0.0018527703370865905,0.26272283379887856,0.0002627228337988786
2024-05-21,128123,buy,rebalance,134.399,3.9778031971561714e-05,0.005346127718945923,5.346127718945923e-06
2024-05-21,123048,buy,rebalance,122.701,0.0021411629391682105,0.26272283379887856,0.0002627228337988786
2024-05-21,128120,buy,rebalance,123.997,4.712243937204491e-05,0.005843041114815453,5.8430411148154535e-06
2024-05-21,128076,buy,rebalance,124.5,4.05692906342484e-05,0.0050508766839639264,5.0508766839639265e-06
2024-05-21,123092,buy,rebalance,133.77,4.890497132961476e-05,0.006542018014762567,6.542018014762567e-06
2024-05-21,123089,buy,rebalance,123.3,4.08389997498087e-05,0.005035448669151413,5.035448669151413e-06
2024-05-21,127055,buy,rebalance,118.599,1.6962753355786328e-05,0.0020117655852429027,2.0117655852429027e-06
2024-05-21,127069,buy,rebalance,131.66,4.211832383924752e-19,5.545298516675329e-17,5.545298516675329e-20
2024-05-21,128091,buy,rebalance,149.899,9.249075365207084e-05,0.013864271481691766,1.3864271481691766e-05
2024-05-21,113039,buy,rebalance,129.8,6.14331930243915e-05,0.007974028454566016,7.974028454566017e-06
2024-05-21,123056,buy,rebalance,116.398,4.1402818724724715e-05,0.004819205293920507,4.819205293920507e-06
2024-05-21,123126,buy,rebalance,121.781,0.0021573384501595368,0.26272283379887856,0.0002627228337988786
2024-05-21,123050,buy,rebalance,127.443,0.002061492854051447,0.26272283379887856,0.0002627228337988786
2024-05-21,123163,buy,rebalance,111.626,2.1881228105686106e-05,0.0024425139685253176,2.4425139685253177e-06
2024-05-21,123147,buy,rebalance,118.411,0.0022187367203965725,0.26272283379887856,0.0002627228337988786
2024-05-31,128123,sell,rebalance,151.96,0.001956806247482636,0.2973562773674614,0.0002973562773674614
2024-05-31,123163,sell,rebalance,111.318,0.002356044725518009,0.2622701867552137,0.00026227018675521366
2024-05-31,123089,sell,rebalance,144.8,0.0021329531933063804,0.3088516223907639,0.00030885162239076394
2024-05-31,123061,sell,rebalance,126.1,0.001975797539978133,0.24914806979124257,0.0002491480697912426
2024-05-31,123126,sell,rebalance,115.15,0.0021573384501595368,0.24841752253587068,0.0002484175225358707
2024-05-31,123147,sell,rebalance,118.688,0.0022187367203965725,0.2633374238704284,0.00026333742387042844
2024-05-31,123048,sell,rebalance_resize,121.999,5.171467162950641e-06,0.0006309138224128152,6.309138224128153e-07
2024-05-31,113039,sell,rebalance_resize,129.64,1.602162909430568e-05,0.002077043995785788,2.077043995785788e-06
2024-05-31,123135,buy,rebalance,135.937,6.414771361363072e-05,0.00872004774549612,8.72004774549612e-06
2024-05-31,113546,buy,rebalance,131.492,4.3486085091763815e-06,0.0005718072300886207,5.718072300886208e-07
2024-05-31,128120,buy,rebalance,121.098,3.08960353806503e-05,0.00374144809252599,3.74144809252599e-06
2024-05-31,123092,buy,rebalance,130.649,2.854533281731709e-05,0.0037294191872496605,3.7294191872496605e-06
2024-05-31,128076,buy,rebalance,120.529,4.959836671161254e-05,0.005978041541383948,5.978041541383948e-06
2024-05-31,113573,buy,rebalance,128.779,0.002021510207596426,0.26032806302406014,0.00026032806302406014
2024-05-31,113662,buy,rebalance,125.64,0.0020720157833815675,0.26032806302406014,0.00026032806302406014
2024-05-31,123050,buy,rebalance,125.5,1.4897192875528464e-05,0.0018695977058788222,1.8695977058788222e-06
2024-05-31,113030,buy,rebalance,118.302,0.000107280451138638,0.012691491930603154,1.2691491930603155e-05
2024-05-31,123056,buy,rebalance,111.82,7.092830391090409e-05,0.007931202943317294,7.931202943317295e-06
2024-05-31,127055,buy,rebalance,113.6,7.631381418134856e-05,0.008669249291001196,8.669249291001195e-06
2024-05-31,127069,buy,rebalance,130.083,5.687292393109489e-06,0.0007398200563728616,7.398200563728617e-07
2024-05-31,123143,buy,rebalance,144.9,2.4922226155023846e-05,0.0036112305698629554,3.6112305698629555e-06
2024-05-31,123187,buy,rebalance,122.0,0.0021338365821644274,0.26032806302406014,0.00026032806302406014
2024-05-31,123039,buy,rebalance,117.5,0.0022155579831834907,0.26032806302406014,0.00026032806302406014
2024-05-31,127028,buy,rebalance,124.701,0.002087618086655762,0.26032806302406014,0.00026032806302406014
2024-05-31,128091,buy,rebalance,142.991,6.793902404543922e-05,0.009714668987281402,9.714668987281401e-06
2024-05-31,123087,buy,rebalance,121.955,0.0021346239434550463,0.26032806302406014,0.00026032806302406014
2024-06-12,128091,sell,rebalance,143.2,0.0018223461111842125,0.2609599631215792,0.00026095996312157924
2024-06-12,128076,sell,rebalance,118.3,0.002161992845039601,0.2557637535681848,0.00025576375356818485
2024-06-12,127069,sell,rebalance,128.98,0.0020032447171727643,0.2583785036209431,0.0002583785036209431
2024-06-12,113662,sell,rebalance,124.41,0.0020720157833815675,0.2577794836105008,0.0002577794836105008
2024-06-12,127028,sell,rebalance,125.588,0.002087618086655762,0.2621797802669238,0.0002621797802669238
2024-06-12,113546,sell,rebalance_resize,129.798,3.7907286854678876e-06,0.0004920290019163609,4.920290019163609e-07
2024-06-12,123087,sell,rebalance_resize,128.2,0.0001319789663712014,0.016919703488788018,1.6919703488788018e-05
2024-06-12,113573,sell,rebalance_resize,128.0,1.573609773588766e-05,0.0020142205101936206,2.0142205101936205e-06
2024-06-12,113030,sell,rebalance_resize,123.888,0.00013028657631829565,0.016140943366921012,1.6140943366921013e-05
2024-06-12,123048,sell,rebalance_resize,122.1,3.329625446104271e-05,0.004065472669693315,4.065472669693315e-06
2024-06-12,127055,sell,rebalance_resize,112.003,1.5873912345991632e-06,0.00017779258044881008,1.777925804488101e-07
2024-06-12,123050,sell,rebalance_resize,127.487,6.254482300493669e-05,0.007973651850430363,7.973651850430363e-06
2024-06-12,123156,buy,rebalance,92.68,0.002767301121818037,0.2564734679700957,0.0002564734679700957
2024-06-12,123135,buy,rebalance,131.6,3.3951696334272796e-05,0.0044680432375902995,4.468043237590299e-06
2024-06-12,123092,buy,rebalance,127.095,2.548684241018823e-05,0.003239250236122873,3.239250236122873e-06
2024-06-12,128123,buy,rebalance,144.249,0.001777991306491523,0.2564734679700957,0.0002564734679700957
2024-06-12,123143,buy,rebalance,137.735,6.556008107150203e-05,0.009029917766383332,9.029917766383332e-06
2024-06-12,128120,buy,rebalance,117.502,3.308919245022643e-05,0.0038880462912865062,3.8880462912865065e-06
2024-06-12,113039,buy,rebalance,126.6,1.7840558061403334e-05,0.002258614650573662,2.2586146505736622e-06
2024-06-12,123056,buy,rebalance,96.097,0.00034095265981534277,0.03276452775027499,3.276452775027499e-05
2024-06-12,123187,buy,rebalance,119.415,1.612022752399057e-05,0.0019249969697773337,1.9249969697773337e-06
2024-06-12,111003,buy,rebalance,119.5,0.0021462214892895037,0.2564734679700957,0.0002564734679700957
2024-06-12,123191,buy,rebalance,126.49,0.002027618530872762,0.2564734679700957,0.0002564734679700957
2024-06-12,118021,buy,rebalance,150.45,0.0017047089928221716,0.2564734679700957,0.0002564734679700957
2024-06-12,123039,buy,rebalance,115.78,1.9135715694462062e-06,0.00022155331631048178,2.2155331631048179e-07
2024-06-17,128123,sell,risk_exit_next_open,139.179,0.001777991306491523,0.24745905204618368,0.00024745905204618366
2024-06-21,123143,sell,rebalance,136.0,0.0018639396971028505,0.25349579880598766,0.0002534957988059877
2024-06-21,123050,sell,rebalance,125.233,0.0020138452239220387,0.2521998789274287,0.00025219987892742866
2024-06-21,123187,sell,rebalance,117.494,0.002149956809688418,0.252607025397531,0.000252607025397531
2024-06-21,123039,sell,rebalance,113.999,0.002217471554752937,0.25278953977028007,0.0002527895397702801
2024-06-21,111003,sell,rebalance,117.112,0.0021462214892895037,0.25134829105367235,0.00025134829105367235
2024-06-21,123191,sell,rebalance,119.59,0.002027618530872762,0.24248290010707363,0.00024248290010707365
2024-06-21,118021,sell,rebalance,148.0,0.0017047089928221716,0.2522969309376814,0.00025229693093768143
2024-06-21,113546,sell,rebalance_resize,130.1,8.140146168177783e-05,0.010590330164799294,1.0590330164799294e-05
2024-06-21,123087,sell,rebalance_resize,133.572,0.00015535580916058175,0.020751186141197225,2.0751186141197225e-05
2024-06-21,113573,sell,rebalance_resize,126.551,5.599806116992274e-05,0.007086610639114893,7.0866106391148935e-06
2024-06-21,113030,sell,rebalance_resize,120.0,1.6130726149397868e-05,0.001935687137927744,1.935687137927744e-06
2024-06-21,128120,sell,rebalance_resize,114.5,2.9954189080673646e-05,0.0034297546497371323,3.4297546497371324e-06
2024-06-21,123092,sell,rebalance_resize,123.995,3.0061930944066795e-05,0.0037275291274095623,3.7275291274095622e-06
2024-06-21,123135,sell,rebalance_resize,131.175,6.98245117545543e-05,0.009159230329403661,9.159230329403662e-06
2024-06-21,123048,sell,rebalance_resize,119.744,4.208166915894424e-05,0.005039027391768619,5.039027391768619e-06
2024-06-21,123156,buy,rebalance,66.665,0.0009330220958920342,0.062199918022642464,6.219991802264246e-05
2024-06-21,118016,buy,rebalance,78.603,0.0031359138901842997,0.2464922395101565,0.0002464922395101565
2024-06-21,113628,buy,rebalance,112.744,0.0021863002865798314,0.2464922395101565,0.0002464922395101565
2024-06-21,123177,buy,rebalance,124.44,0.00198081195363353,0.2464922395101565,0.0002464922395101565
2024-06-21,113030,buy,rebalance,120.0,2.3105848988479243e-19,2.7727018786175094e-17,2.7727018786175095e-20
2024-06-21,123147,buy,rebalance,115.172,0.0021402097689556185,0.2464922395101565,0.0002464922395101565
2024-06-21,113629,buy,rebalance,99.746,0.0024711992411741474,0.2464922395101565,0.0002464922395101565
2024-06-21,123163,buy,rebalance,110.39,0.0022329218181914713,0.2464922395101565,0.0002464922395101565
2024-06-21,123056,buy,rebalance,83.396,0.00028711975393847,0.023944638999452643,2.3944638999452645e-05
2024-06-21,113665,buy,rebalance,78.116,0.0031554641752029864,0.2464922395101565,0.0002464922395101565
2024-06-21,113569,buy,rebalance,97.6,0.002525535240882751,0.2464922395101565,0.0002464922395101565
2024-06-21,113039,buy,rebalance,119.711,3.3210990665776465e-05,0.003975720903590767,3.9757209035907665e-06
2024-06-21,127055,buy,rebalance,107.551,1.970318675611738e-06,0.00021190974388071802,2.11909743880718e-07
2024-07-11,113030,sell,rebalance,113.11,0.0020562175728153845,0.23257876966114813,0.00023257876966114812
2024-07-11,123056,sell,rebalance,87.5,0.0029584326285044477,0.2588628549941392,0.0002588628549941392
2024-07-11,123048,sell,rebalance,118.31,0.0020606135483852727,0.2437911889094616,0.00024379118890946163
2024-07-11,123147,sell,rebalance,112.012,0.0021402097689556185,0.23972917664025675,0.00023972917664025675
2024-07-11,113665,sell,rebalance,84.5,0.0031554641752029864,0.26663672280465234,0.00026663672280465234
2024-07-11,113569,sell,rebalance,98.5,0.002525535240882751,0.24876522122695097,0.00024876522122695095
2024-07-11,113546,sell,rebalance_resize,132.5,5.068831813121067e-05,0.006716202152385414,6.716202152385415e-06
2024-07-11,123156,sell,rebalance_resize,68.9,0.0001505159902966086,0.010370551731436334,1.0370551731436334e-05
2024-07-11,113573,sell,rebalance_resize,125.5,9.177381823479307e-07,0.0001151761418846653,1.1517614188466529e-07
2024-07-11,123092,sell,rebalance_resize,123.5,9.549445368074239e-06,0.0011793565029571684,1.1793565029571685e-06
2024-07-11,127055,sell,rebalance_resize,106.611,7.132154348048151e-08,7.603661071997615e-06,7.603661071997614e-09
2024-07-11,118016,sell,rebalance_resize,79.3,5.165515161194652e-05,0.004096253522827359,4.096253522827359e-06
2024-07-11,113546,buy,rebalance,132.5,2.0926367136793537e-19,2.7727436456251436e-17,2.7727436456251434e-20
2024-07-11,123156,buy,rebalance,68.9,4.024301372460295e-19,2.7727436456251436e-17,2.7727436456251434e-20
2024-07-11,113573,buy,rebalance,125.5,2.2093574865538995e-19,2.7727436456251436e-17,2.7727436456251434e-20
2024-07-11,128090,buy,rebalance,120.22,0.0020323885885579424,0.24433375611643585,0.00024433375611643585
2024-07-11,123163,buy,rebalance,104.715,0.00010266341732443223,0.010750399745127922,1.0750399745127923e-05
2024-07-11,123135,buy,rebalance,129.48,7.900392125094418e-06,0.001022942772357225,1.022942772357225e-06
2024-07-11,123087,buy,rebalance,126.5,8.607579410749209e-05,0.01088858795459775,1.088858795459775e-05
2024-07-11,113629,buy,rebalance,96.552,6.189849684877353e-05,0.005976423667742783,5.976423667742783e-06
2024-07-11,127055,buy,rebalance,106.611,2.6008044626024925e-19,2.7727436456251436e-17,2.7727436456251434e-20
2024-07-11,113039,buy,rebalance,118.479,3.1959523062871314e-06,0.00037865323329659304,3.7865323329659303e-07
2024-07-11,118021,buy,rebalance,135.2,0.0018072023381393186,0.24433375611643585,0.00024433375611643585
2024-07-11,113628,buy,rebalance,107.9,8.03625317218683e-05,0.00867111717278959,8.67111717278959e-06
2024-07-11,123141,buy,rebalance,109.1,0.002239539469444875,0.24433375611643585,0.00024433375611643585
2024-07-11,128120,buy,rebalance,112.7,1.5198305914011024e-05,0.0017128490765090424,1.7128490765090425e-06
2024-07-11,123157,buy,rebalance,93.12,0.002623859064824268,0.24433375611643585,0.00024433375611643585
2024-07-11,123177,buy,rebalance,119.0,7.442107457770034e-05,0.00885610787474634,8.85610787474634e-06
2024-07-11,123050,buy,rebalance,122.812,0.0019894941546138474,0.24433375611643585,0.00024433375611643585
2024-07-11,123187,buy,rebalance,120.044,0.0020353683325816854,0.24433375611643585,0.00024433375611643585
2024-07-23,123092,sell,rebalance,121.3,0.0019804187689780373,0.24022479667703592,0.00024022479667703593
2024-07-23,128120,sell,rebalance,111.077,0.0021701861551528417,0.24105776755591218,0.0002410577675559122
2024-07-23,123135,sell,rebalance,125.7,0.0018889456274050341,0.2374404653648128,0.00023744046536481282
2024-07-23,118016,sell,rebalance,78.888,0.0030842587385723533,0.24331100336849582,0.00024331100336849582
2024-07-23,123177,sell,rebalance,116.1,0.0020552330282112303,0.23861255457532382,0.0002386125545753238
2024-07-23,123187,sell,rebalance,116.92,0.0020353683325816854,0.23797526544545067,0.00023797526544545067
2024-07-23,123156,sell,rebalance_resize,71.8,0.0002238032905195649,0.01606907625930476,1.606907625930476e-05
2024-07-23,127055,sell,rebalance_resize,109.15,0.0001062710430456146,0.011599484348428835,1.1599484348428835e-05
2024-07-23,118021,sell,rebalance_resize,132.58,5.972268226949807e-06,0.0007918033215290055,7.918033215290055e-07
2024-07-23,113629,sell,rebalance_resize,96.3,5.327341124221599e-05,0.0051302295026254,5.1302295026254e-06
2024-07-23,123050,sell,rebalance_resize,120.781,1.2303349197582843e-05,0.0014860108194332533,1.4860108194332533e-06
2024-07-23,113039,buy,rebalance,113.209,4.5046042452289814e-05,0.005099617419981278,5.099617419981278e-06
2024-07-23,113546,buy,rebalance,124.701,6.906696282197211e-05,0.008612719330862745,8.612719330862745e-06
2024-07-23,123163,buy,rebalance,99.0,7.652916920209626e-05,0.00757638775100753,7.57638775100753e-06
2024-07-23,113628,buy,rebalance,103.8,3.394869397817588e-05,0.0035238744349346558,3.523874434934656e-06
2024-07-23,123048,buy,rebalance,116.0,0.002056576252576648,0.23856284529889119,0.00023856284529889118
2024-07-23,127077,buy,rebalance,81.87,0.0029139226248795793,0.23856284529889119,0.00023856284529889118
2024-07-23,113573,buy,rebalance,120.137,3.88915019868852e-05,0.0046723083741984275,4.672308374198428e-06
2024-07-23,127055,buy,rebalance,109.15,2.540282995858887e-19,2.7727188899799756e-17,2.772718889979976e-20
2024-07-23,123087,buy,rebalance,122.0,2.4045524335231196e-05,0.002933553968898206,2.9335539688982057e-06
2024-07-23,113602,buy,rebalance,122.5,0.0019474517983582955,0.23856284529889119,0.00023856284529889118
2024-07-23,123157,buy,rebalance,90.948,1.8930836723560956e-06,0.00017217217383344217,1.7217217383344218e-07
2024-07-23,123141,buy,rebalance,104.85,3.80284899165852e-05,0.003987287167753958,3.987287167753958e-06
2024-07-23,128090,buy,rebalance,114.2,5.868165506259862e-05,0.006701445008148763,6.701445008148763e-06
2024-07-23,123198,buy,rebalance,83.57,0.002854646946259318,0.23856284529889119,0.00023856284529889118
2024-07-23,123147,buy,rebalance,107.621,0.0022166941888561824,0.23856284529889119,0.00023856284529889118
2024-07-23,123168,buy,rebalance,96.515,0.002471769624399225,0.23856284529889119,0.00023856284529889118
2024-07-26,113602,sell,risk_exit_next_open,111.19,0.0019474517983582955,0.21653716545945886,0.00021653716545945887
2024-07-31,127055,sell,rebalance,105.48,0.0021878798228949325,0.2307775637189575,0.0002307775637189575
2024-07-31,113629,sell,rebalance,100.99,0.0024798243267807048,0.25043745876158335,0.00025043745876158336
2024-07-31,128090,sell,rebalance,113.299,0.002091070243620541,0.23691616753196368,0.0002369161675319637
2024-07-31,123050,sell,rebalance,117.399,0.0019771908054162647,0.23212022336506405,0.00023212022336506404
2024-07-31,123198,sell,rebalance,86.4,0.002854646946259318,0.24664149615680508,0.00024664149615680507
2024-07-31,113573,sell,rebalance_resize,124.259,8.752251588821411e-05,0.010875460301753598,1.0875460301753599e-05
2024-07-31,123163,sell,rebalance_resize,97.902,3.1133992788670557e-07,3.048080161996425e-05,3.048080161996425e-08
2024-07-31,113039,sell,rebalance_resize,114.4,4.540035705499544e-05,0.005193800847091479,5.193800847091479e-06
2024-07-31,127077,sell,rebalance_resize,84.1,0.0001063085505742087,0.008940549103290951,8.940549103290951e-06
2024-07-31,123048,sell,rebalance_resize,117.0,3.845365728535176e-05,0.004499077902386156,4.499077902386156e-06
2024-07-31,113546,sell,rebalance_resize,125.488,3.334980432731046e-05,0.004185000245425535,4.1850002454255355e-06
2024-07-31,123147,sell,rebalance_resize,106.644,2.5954711685332254e-06,0.0002767914272970573,2.7679142729705733e-07
2024-07-31,123156,buy,rebalance,69.6,6.646171015781493e-05,0.004625735026983919,4.62573502698392e-06
2024-07-31,123141,buy,rebalance,103.544,2.815696265536381e-06,0.000291548454118699,2.91548454118699e-07
2024-07-31,123160,buy,rebalance,101.694,0.002319496850203712,0.2358789126846163,0.0002358789126846163
2024-07-31,113628,buy,rebalance,102.2,9.753686929980293e-06,0.000996826804243986,9.968268042439861e-07
2024-07-31,113668,buy,rebalance,108.511,0.002173778812144541,0.2358789126846163,0.0002358789126846163
2024-07-31,113573,buy,rebalance,124.259,2.231403422277309e-19,2.7727195784875613e-17,2.772719578487561e-20
2024-07-31,127087,buy,rebalance,112.84,0.0020903838415864615,0.2358789126846163,0.0002358789126846163
2024-07-31,127077,buy,rebalance,84.1,3.2969317223395497e-19,2.7727195784875613e-17,2.772719578487561e-20
2024-07-31,123048,buy,rebalance,117.0,2.369845793579112e-19,2.7727195784875613e-17,2.772719578487561e-20
2024-07-31,123157,buy,rebalance,88.661,3.7391178095919924e-05,0.0033151392411623565,3.3151392411623565e-06
2024-07-31,127081,buy,rebalance,113.2,0.002083735977779296,0.2358789126846163,0.0002358789126846163
2024-07-31,118021,buy,rebalance,124.994,8.773355524153296e-05,0.010966168003860171,1.096616800386017e-05
2024-07-31,123168,buy,rebalance,94.089,3.773424644408802e-05,0.0035503775136777973,3.5503775136777974e-06
2024-07-31,123087,buy,rebalance,117.806,4.685664541880744e-05,0.005519993970208029,5.519993970208029e-06
2024-07-31,118016,buy,rebalance,76.2,0.003095523788512025,0.2358789126846163,0.0002358789126846163
2024-07-31,123185,buy,rebalance,99.598,0.002368309731968677,0.2358789126846163,0.0002358789126846163
2024-08-13,113546,sell,rebalance,125.03,0.0018816169167496625,0.23525856310121032,0.00023525856310121032
2024-08-13,123087,sell,rebalance,116.06,0.002004267131784794,0.2326152433149432,0.0002326152433149432
2024-08-13,118021,sell,rebalance,123.0,0.0018889636251539015,0.2323425258939299,0.0002323425258939299
2024-08-13,123157,sell,rebalance,85.09,0.002663143326592544,0.22660686565975957,0.00022660686565975958
2024-08-13,127077,sell,rebalance,83.618,0.002807614074305371,0.23476707366526647,0.00023476707366526647
2024-08-13,127081,sell,rebalance,112.327,0.002083735977779296,0.234059811176015,0.00023405981117601498
2024-08-13,123185,sell,rebalance,98.695,0.002368309731968677,0.23374032899664857,0.00023374032899664858
2024-08-13,123156,sell,rebalance_resize,76.0,0.0002787412675517075,0.02118433633392977,2.118433633392977e-05
2024-08-13,123141,sell,rebalance_resize,105.8,4.368183292377862e-05,0.004621537923335778,4.621537923335778e-06
2024-08-13,113668,sell,rebalance_resize,111.75,5.616760103044349e-05,0.00627672941515206,6.27672941515206e-06
2024-08-13,118016,sell,rebalance_resize,78.3,7.326257724765177e-05,0.005736459798491134,5.7364597984911335e-06
2024-08-13,113573,sell,rebalance_resize,124.749,3.2737912321434694e-06,0.00040840218241866566,4.084021824186657e-07
2024-08-13,113039,sell,rebalance_resize,115.8,2.043933879237834e-05,0.0023668754321574115,2.3668754321574117e-06
2024-08-13,123160,buy,rebalance,101.478,1.2454491382149793e-05,0.0012638568764777966,1.2638568764777966e-06
2024-08-13,113600,buy,rebalance,107.998,0.002188937771275268,0.2364009014221864,0.0002364009014221864
2024-08-13,113628,buy,rebalance,102.002,9.609397573826734e-06,0.0009801777713254745,9.801777713254744e-07
2024-08-13,123103,buy,rebalance,116.75,0.0020248471213891767,0.2364009014221864,0.0002364009014221864
2024-08-13,123163,buy,rebalance,97.232,2.1972486920432474e-05,0.00213642884824749,2.1364288482474904e-06
2024-08-13,123171,buy,rebalance,90.62,0.002608705599450302,0.2364009014221864,0.0002364009014221864
2024-08-13,128118,buy,rebalance,117.5,0.002011922565295203,0.2364009014221864,0.0002364009014221864
2024-08-13,127087,buy,rebalance,113.155,9.328895617702911e-07,0.00010556111836211728,1.0556111836211728e-07
2024-08-13,123089,buy,rebalance,117.4,0.002013636298315046,0.2364009014221864,0.0002364009014221864
2024-08-13,123048,buy,rebalance,116.59,1.1568383996767076e-05,0.0013487578901830734,1.3487578901830735e-06
2024-08-13,123198,buy,rebalance,83.998,0.0028143634541558894,0.2364009014221864,0.0002364009014221864
2024-08-13,123147,buy,rebalance,104.449,5.148108578998616e-05,0.005377147929678265,5.3771479296782644e-06
2024-08-13,128120,buy,rebalance,108.5,0.002178810151356557,0.2364009014221864,0.0002364009014221864
2024-08-13,123168,buy,rebalance,93.184,2.9989929395322336e-05,0.0027945815807737164,2.7945815807737163e-06
2024-08-21,113573,sell,rebalance,118.4,0.0018969535053747959,0.22459929503637585,0.00022459929503637586
2024-08-21,123171,sell,rebalance,85.5,0.002608705599450302,0.22304432875300084,0.00022304432875300086
2024-08-21,123089,sell,rebalance,112.103,0.002013636298315046,0.22573466995001157,0.00022573466995001157
2024-08-21,123198,sell,rebalance,87.88,0.0028143634541558894,0.24732626035121955,0.00024732626035121956
2024-08-21,128120,sell,rebalance,104.027,0.002178810151356557,0.22665508361516853,0.00022665508361516853
2024-08-21,113628,sell,rebalance_resize,99.0,2.8050551759813766e-05,0.002777004624221563,2.777004624221563e-06
2024-08-21,128118,sell,rebalance_resize,118.1,9.066532179509272e-05,0.01070757450400045,1.070757450400045e-05
2024-08-21,118016,sell,rebalance_resize,77.0,7.55017248051133e-05,0.005813632809993724,5.813632809993724e-06
2024-08-21,123160,buy,rebalance,96.154,2.778163818292506e-05,0.0026713156378409763,2.6713156378409763e-06
2024-08-21,123141,buy,rebalance,99.5,4.366063293342866e-05,0.004344232976876152,4.344232976876152e-06
2024-08-21,123156,buy,rebalance,71.6,5.522060980353491e-05,0.003953795661933099,3.953795661933099e-06
2024-08-21,123168,buy,rebalance,88.0,3.888122577936969e-05,0.003421547868584533,3.421547868584533e-06
2024-08-21,123202,buy,rebalance,104.85,0.002161850829306288,0.2266700594527643,0.00022667005945276432
2024-08-21,123163,buy,rebalance,91.857,3.633655142002586e-05,0.0033377666037893152,3.3377666037893154e-06
2024-08-21,123099,buy,rebalance,78.8,0.0028765235971162984,0.2266700594527643,0.00022667005945276432
2024-08-21,113600,buy,rebalance,102.2,3.119177770561067e-05,0.003187799681513411,3.187799681513411e-06
2024-08-21,113668,buy,rebalance,105.305,3.704919845722138e-05,0.0039014658435376974,3.901465843537697e-06
2024-08-21,123147,buy,rebalance,99.003,2.624810894330223e-05,0.0025986415297137504,2.5986415297137504e-06
2024-08-21,123048,buy,rebalance,111.271,9.46935320541754e-06,0.001053664400520015,1.0536644005200151e-06
2024-08-21,127087,buy,rebalance,106.6,3.716781672502993e-05,0.003962089262888191,3.962089262888191e-06
2024-08-21,127051,buy,rebalance,110.504,0.002051238502251179,0.2266700594527643,0.00022667005945276432
2024-08-21,118016,buy,rebalance,77.0,3.6009596613371133e-19,2.772738939229577e-17,2.7727389392295774e-20
2024-08-21,123050,buy,rebalance,117.76,0.0019248476516029577,0.2266700594527643,0.00022667005945276432
2024-08-21,123157,buy,rebalance,83.769,0.0027058942980430025,0.2266700594527643,0.00022667005945276432
2024-08-21,113039,buy,rebalance,110.882,2.7713475552532636e-06,0.00030729255962159236,3.072925596215924e-07
2024-08-21,123103,buy,rebalance,112.007,9.224771507076096e-07,0.00010332389821930723,1.0332389821930723e-07
2024-09-02,113628,sell,rebalance,104.446,0.002291924045023869,0.23938229880656303,0.00023938229880656305
2024-09-02,123147,sell,rebalance,105.778,0.0022918279124209376,0.24242497292006196,0.00024242497292006196
2024-09-02,118016,sell,rebalance,79.198,0.00294675948645926,0.23337745780860047,0.0002333774578086005
2024-09-02,123099,sell,rebalance,78.4,0.0028765235971162984,0.22551945001391782,0.00022551945001391782
2024-09-02,128118,sell,rebalance_resize,127.1,4.260203088052066e-05,0.005414718124914175,5.414718124914176e-06
2024-09-02,123103,sell,rebalance_resize,120.5,4.421708796768654e-05,0.005328159100106228,5.328159100106228e-06
2024-09-02,113600,sell,rebalance_resize,107.745,3.99815054986213e-06,0.00043078073099489517,4.307807309948952e-07
2024-09-02,123202,sell,rebalance_resize,113.339,5.50996004799365e-05,0.006244933618795523,6.244933618795523e-06
2024-09-02,123163,sell,rebalance_resize,97.232,1.436628360665108e-05,0.0013968624876418978,1.3968624876418978e-06
2024-09-02,123141,sell,rebalance_resize,105.999,2.7727265456080004e-05,0.0029390624110790242,2.9390624110790244e-06
2024-09-02,113668,sell,rebalance_resize,116.2,9.978022433939256e-05,0.011594462068237416,1.1594462068237416e-05
2024-09-02,123157,sell,rebalance_resize,91.0,8.197036920838872e-05,0.007459303597963374,7.459303597963374e-06
2024-09-02,123168,sell,rebalance_resize,94.65,5.5637809705803636e-05,0.005266118688654314,5.266118688654315e-06
2024-09-02,123156,buy,rebalance,74.599,3.182972202093047e-05,0.002374465433039392,2.3744654330393923e-06
2024-09-02,123160,buy,rebalance,98.735,5.8568797126091445e-05,0.005782790184244639,5.782790184244639e-06
2024-09-02,123163,buy,rebalance,97.232,2.851587984063347e-19,2.7726560286644732e-17,2.7726560286644735e-20
2024-09-02,118039,buy,rebalance,98.666,0.0024175244053278463,0.23852746297607727,0.00023852746297607728
2024-09-02,123207,buy,rebalance,94.4,0.002526773972204208,0.23852746297607727,0.00023852746297607728
2024-09-02,123048,buy,rebalance,113.01,7.364709877268095e-05,0.008322858632300674,8.322858632300674e-06
2024-09-02,123206,buy,rebalance,114.999,0.002074169888225787,0.23852746297607727,0.00023852746297607728
2024-09-02,127051,buy,rebalance,116.341,1.150058152088932e-06,0.00013379891547217842,1.337989154721784e-07
2024-09-02,113039,buy,rebalance,111.666,9.189775687548792e-05,0.010261854919258235,1.0261854919258235e-05
2024-09-02,113573,buy,rebalance,121.064,0.0019702592263272094,0.23852746297607727,0.00023852746297607728
2024-09-02,127087,buy,rebalance,109.0,6.206589145517336e-05,0.006765182168613897,6.765182168613897e-06
2024-09-02,123050,buy,rebalance,122.233,2.8580813883210444e-05,0.0034935186233864624,3.4935186233864626e-06
2024-09-02,123157,buy,rebalance,91.0,3.0468747567741464e-19,2.7726560286644732e-17,2.7726560286644735e-20
2024-09-11,123156,sell,rebalance,78.8,0.0032007747113244707,0.25222104725236827,0.00025222104725236826
2024-09-11,123048,sell,rebalance,117.194,0.002112807431266162,0.2476083540998066,0.0002476083540998066
2024-09-11,123168,sell,rebalance,94.1,0.0025227372163122014,0.23738957205497813,0.00023738957205497814
2024-09-11,123050,sell,rebalance,122.055,0.001953428465486168,0.23842571135491425,0.00023842571135491425
2024-09-11,123206,sell,rebalance,113.817,0.002074169888225787,0.23607579416819438,0.00023607579416819437
2024-09-11,113600,sell,rebalance_resize,113.21,0.00011788463410551518,0.013345719427085373,1.3345719427085373e-05
2024-09-11,118039,sell,rebalance_resize,98.5,5.92525619799877e-06,0.0005836377355028788,5.836377355028788e-07
2024-09-11,123163,sell,rebalance_resize,97.47,1.8662448340069868e-05,0.0018190288397066101,1.81902883970661e-06
2024-09-11,123207,sell,rebalance_resize,95.1,2.895571574479692e-05,0.002753688567330187,2.753688567330187e-06
2024-09-11,123157,sell,rebalance_resize,91.288,2.1801895387830483e-05,0.001990251426164269,1.990251426164269e-06
2024-09-11,113573,sell,rebalance_resize,120.826,4.2708116706786005e-06,0.0005160250909214126,5.160250909214126e-07
2024-09-11,128118,buy,rebalance,123.1,5.096408372122998e-05,0.006273678706083411,6.273678706083411e-06
2024-09-11,123141,buy,rebalance,105.06,8.373960759958215e-06,0.00087976831744121,8.7976831744121e-07
2024-09-11,123198,buy,rebalance,98.8,0.002401833631658392,0.23730116280784916,0.00023730116280784916
2024-09-11,123103,buy,rebalance,117.749,3.57744463602364e-05,0.004212405284471476,4.212405284471476e-06
2024-09-11,123202,buy,rebalance,108.5,8.249681206884441e-05,0.008950904109469618,8.950904109469618e-06
2024-09-11,118039,buy,rebalance,98.5,2.814961904643797e-19,2.7727374760741403e-17,2.7727374760741406e-20
2024-09-11,123160,buy,rebalance,97.461,1.8987334284429923e-05,0.0018505245866948248,1.8505245866948249e-06
2024-09-11,123163,buy,rebalance,97.47,2.8447086037489897e-19,2.7727374760741403e-17,2.7727374760741406e-20
2024-09-11,128106,buy,rebalance,133.0,0.0017842192692319487,0.23730116280784916,0.00023730116280784916
2024-09-11,113039,buy,rebalance,107.7,6.730715352817838e-05,0.007248980434984812,7.2489804349848125e-06
2024-09-11,113628,buy,rebalance,101.94,0.0023278513126137844,0.23730116280784916,0.00023730116280784916
2024-09-11,113668,buy,rebalance,114.271,2.3860204726012573e-05,0.002726529454246183,2.726529454246183e-06
2024-09-11,127028,buy,rebalance,114.7,0.002068885464758929,0.23730116280784916,0.00023730116280784916
2024-09-11,128090,buy,rebalance,112.001,0.002118741464878431,0.23730116280784916,0.00023730116280784916
2024-09-11,127051,buy,rebalance,111.499,7.797739193825067e-05,0.008694401223723012,8.694401223723011e-06
2024-09-11,127087,buy,rebalance,107.104,2.7289636196993086e-05,0.0029228291952427474,2.9228291952427473e-06
2024-09-11,113573,buy,rebalance,120.826,2.294818562291345e-19,2.7727374760741403e-17,2.7727374760741406e-20
2024-09-23,123160,sell,rebalance,94.585,0.002437289111179308,0.23053099058089482,0.00023053099058089482
2024-09-23,127087,sell,rebalance,106.1,0.0022178400755254275,0.23531283201324785,0.00023531283201324785
2024-09-23,127051,sell,rebalance,107.563,0.0021303659523415185,0.22914855293171077,0.00022914855293171076
2024-09-23,113573,sell,rebalance,116.5,0.001965988414656531,0.22903765030748585,0.00022903765030748586
2024-09-23,127028,sell,rebalance,113.501,0.002068885464758929,0.23482056913560323,0.00023482056913560323
2024-09-23,128118,sell,rebalance_resize,121.5,2.2715177176952433e-05,0.0027598940269997208,2.759894026999721e-06
2024-09-23,113039,sell,rebalance_resize,105.735,1.4304009822125454e-05,0.0015124344785424348,1.5124344785424349e-06
2024-09-23,123157,sell,rebalance_resize,91.2,6.167411153439476e-05,0.005624678971936803,5.624678971936803e-06
2024-09-23,123207,sell,rebalance_resize,95.0,5.898825142351785e-05,0.0056038838852341954,5.603883885234196e-06
2024-09-23,128090,sell,rebalance_resize,111.002,3.149213172758778e-05,0.003495689606025698,3.495689606025698e-06
2024-09-23,118039,sell,rebalance_resize,98.38,5.655899382988971e-05,0.005564273812984549,5.564273812984549e-06
2024-09-23,123220,buy,rebalance,93.168,0.0024842497922538363,0.23145258464470544,0.00023145258464470544
2024-09-23,123141,buy,rebalance,102.089,8.461298464963079e-06,0.0008638054989896157,8.638054989896157e-07
2024-09-23,110060,buy,rebalance,130.001,0.0017803908019531037,0.23145258464470544,0.00023145258464470544
2024-09-23,123198,buy,rebalance,96.008,1.13791763073166e-05,0.001092491958912852,1.092491958912852e-06
2024-09-23,113600,buy,rebalance,109.221,2.301457305256798e-05,0.0025136746833745276,2.513674683374528e-06
2024-09-23,123202,buy,rebalance,103.01,5.9878782655513794e-05,0.006168113401344476,6.1681134013444765e-06
2024-09-23,113628,buy,rebalance,99.0,1.2427420501002979e-05,0.001230314629599295,1.230314629599295e-06
2024-09-23,128106,buy,rebalance,127.1,3.862761361724706e-05,0.004909569690752101,4.909569690752101e-06
2024-09-23,128076,buy,rebalance,116.66,0.001983992667964216,0.23145258464470544,0.00023145258464470544
2024-09-23,123103,buy,rebalance,113.22,2.9003183059709704e-05,0.0032837403860203327,3.2837403860203328e-06
2024-09-23,123163,buy,rebalance,94.099,2.5072890627248055e-05,0.0023593339351334146,2.359333935133415e-06
2024-09-23,113668,buy,rebalance,110.8,1.2301659764911401e-05,0.0013630239019521832,1.3630239019521833e-06
2024-09-23,113588,buy,rebalance,123.0,0.0018817283304447597,0.23145258464470544,0.00023145258464470544
2024-09-23,118039,buy,rebalance,98.38,2.818385010389583e-19,2.772727173221272e-17,2.772727173221272e-20
2024-09-23,111011,buy,rebalance,115.674,0.002000904132689329,0.23145258464470544,0.00023145258464470544
2024-10-08,113668,sell,rebalance,141.2,0.002091042049722851,0.2952551374208665,0.00029525513742086653
2024-10-08,113600,sell,rebalance,138.004,0.0021212613373780696,0.2927425496035231,0.0002927425496035231
2024-10-08,123202,sell,rebalance,130.0,0.00224912682355071,0.2923864870615923,0.00029238648706159234
2024-10-08,123157,sell,rebalance,148.0,0.002540447921912389,0.37598629244303355,0.0003759862924430336
2024-10-08,118039,sell,rebalance,118.05,0.0023550401552999583,0.27801249033316006,0.00027801249033316004
2024-10-08,123207,sell,rebalance,122.0,0.0024388300050358935,0.297537260614379,0.00029753726061437904
2024-10-08,128106,sell,rebalance,158.0,0.0018228468828491958,0.28800980749017296,0.00028800980749017297
2024-10-08,113628,sell,rebalance,117.3,0.0023402787331147875,0.27451469539436457,0.0002745146953943646
2024-10-08,110060,sell,rebalance,159.99,0.0017803908019531037,0.28484472440447706,0.0002848447244044771
2024-10-08,113588,sell,rebalance,162.0,0.0018817283304447597,0.30483998953205105,0.0003048399895320511
2024-10-08,111011,sell,rebalance,142.1,0.002000904132689329,0.28432847725515364,0.00028432847725515367
2024-10-08,123220,sell,rebalance_resize,118.5,8.239367563297092e-06,0.0009763650562507055,9.763650562507054e-07
2024-10-08,123163,sell,rebalance_resize,120.0,1.709596742919169e-05,0.002051516091503003,2.051516091503003e-06
2024-10-08,123198,sell,rebalance_resize,129.9,0.000154496600684501,0.020069108428916682,2.0069108428916684e-05
2024-10-08,123103,sell,rebalance_resize,152.999,0.0001286232574254025,0.019679229762829157,1.9679229762829157e-05
2024-10-08,128076,buy,rebalance,133.5,0.00021359797535405007,0.028515329709765683,2.8515329709765682e-05
2024-10-08,123050,buy,rebalance,149.1,0.001965864056772813,0.2931103308648264,0.00029311033086482644
2024-10-08,123173,buy,rebalance,126.0,0.002326272467181162,0.2931103308648264,0.00029311033086482644
2024-10-08,123141,buy,rebalance,127.558,3.0685326794918615e-05,0.003914158915306229,3.914158915306229e-06
2024-10-08,113039,buy,rebalance,129.599,7.266665133260103e-05,0.00941752534605376,9.41752534605376e-06
2024-10-08,123185,buy,rebalance,109.0,0.0026890856042644626,0.2931103308648264,0.00029311033086482644
2024-10-08,123177,buy,rebalance,136.0,0.0021552230210649,0.2931103308648264,0.00029311033086482644
2024-10-08,123112,buy,rebalance,131.208,0.0022339364281509237,0.2931103308648264,0.00029311033086482644
2024-10-08,123099,buy,rebalance,91.0,0.0032209926468662244,0.2931103308648264,0.00029311033086482644
2024-10-08,123196,buy,rebalance,106.89,0.0027421679377381083,0.2931103308648264,0.00029311033086482644
2024-10-08,123059,buy,rebalance,152.3,0.0019245589682523071,0.2931103308648264,0.00029311033086482644
2024-10-08,128118,buy,rebalance,148.48,6.909832426949328e-05,0.010259719187534362,1.0259719187534361e-05
2024-10-08,123048,buy,rebalance,140.0,0.0020936452204630457,0.2931103308648264,0.00029311033086482644
2024-10-08,128090,buy,rebalance,127.0,0.00022281815599328072,0.02829790581114665,2.829790581114665e-05
2024-10-08,127028,buy,rebalance,129.004,0.0022721026546837805,0.2931103308648264,0.00029311033086482644
2024-10-08,123206,buy,rebalance,139.0,0.0021087074162937152,0.2931103308648264,0.00029311033086482644
2024-10-11,123103,sell,rebalance,133.5,0.0019177068825667416,0.25601386882266003,0.00025601386882266006
2024-10-11,128118,sell,rebalance,137.0,0.0019760024434333605,0.2707123347503704,0.0002707123347503704
2024-10-11,128090,sell,rebalance,118.184,0.002310067489144124,0.2730130161370091,0.0002730130161370091
2024-10-11,123099,sell,rebalance,80.0,0.0032209926468662244,0.257679411749298,0.000257679411749298
2024-10-11,123196,sell,rebalance,102.3,0.0027421679377381083,0.28052378003060846,0.0002805237800306085
2024-10-11,123220,sell,rebalance_resize,109.5,3.8416093533372595e-05,0.004206562241904299,4.206562241904299e-06
2024-10-11,123177,sell,rebalance_resize,124.84,1.7153658186738157e-05,0.0021414626880323917,2.1414626880323917e-06
2024-10-11,127028,sell,rebalance_resize,119.544,3.931322768025227e-05,0.004699660489808077,4.699660489808077e-06
2024-10-11,123163,sell,rebalance_resize,110.11,2.0970027723931126e-05,0.0023090097526820563,2.3090097526820564e-06
2024-10-11,123112,sell,rebalance_resize,121.55,3.799583364899234e-05,0.004618393580035018,4.618393580035019e-06
2024-10-11,123048,sell,rebalance_resize,139.9,0.00018573543303123923,0.02598438708107037,2.598438708107037e-05
2024-10-11,123185,sell,rebalance_resize,102.896,9.504327743242118e-05,0.00977957307468641,9.77957307468641e-06
2024-10-11,128076,buy,rebalance,120.476,1.790736773551044e-05,0.0021574080353033557,2.157408035303356e-06
2024-10-11,123220,buy,rebalance,109.5,5.0642513317324505e-19,5.5453552082470333e-17,5.545355208247034e-20
2024-10-11,123050,buy,rebalance,131.117,6.977645053307262e-05,0.009148878864544881,9.148878864544882e-06
2024-10-11,123141,buy,rebalance,115.196,1.6891327530265392e-05,0.0019458133661764522,1.9458133661764523e-06
2024-10-11,113039,buy,rebalance,116.7,2.329013726417484e-05,0.002717959018729204,2.717959018729204e-06
2024-10-11,123198,buy,rebalance,111.777,0.00012908800919329835,0.014429070403599309,1.4429070403599309e-05
2024-10-11,123173,buy,rebalance,114.6,2.839585648243234e-06,0.0003254165152886746,3.254165152886746e-07
2024-10-11,123206,buy,rebalance,123.797,4.732620108773862e-05,0.005858841716058777,5.858841716058777e-06
2024-10-11,123038,buy,rebalance,138.4,0.001926586870497688,0.26663962287688003,0.00026663962287688006
2024-10-11,123202,buy,rebalance,117.44,0.0022704327561042237,0.26663962287688003,0.00026663962287688006
2024-10-11,113664,buy,rebalance,118.3,0.002253927496845985,0.26663962287688003,0.00026663962287688006
2024-10-11,123142,buy,rebalance,91.625,0.0029101186671419378,0.26663962287688003,0.00026663962287688006
2024-10-11,123059,buy,rebalance,128.745,0.00014850577308328142,0.019119375755607067,1.9119375755607067e-05
2024-10-11,123089,buy,rebalance,125.016,0.00213284397898573,0.26663962287688003,0.00026663962287688006
2024-10-22,113039,sell,rebalance,116.8,0.0022871787158527447,0.2671424740116006,0.0002671424740116006
2024-10-22,123198,sell,rebalance,117.0,0.002387804216474506,0.2793730933275172,0.0002793730933275172
2024-10-22,128076,sell,rebalance,119.2,0.0022154980110537766,0.2640873629176102,0.0002640873629176102
2024-10-22,123050,sell,rebalance,147.0,0.0020356405073058857,0.2992391545739652,0.0002992391545739652
2024-10-22,123185,sell,rebalance,106.131,0.0025940423268320414,0.27530830618901136,0.00027530830618901136
2024-10-22,123048,sell,rebalance,143.11,0.0019079097874318066,0.27304096967936586,0.0002730409696793659
2024-10-22,127028,sell,rebalance,121.412,0.0022327894270035282,0.2710874299113524,0.0002710874299113524
2024-10-22,123206,sell,rebalance,128.88,0.002156033617381454,0.27786961260812176,0.00027786961260812176
2024-10-22,123202,sell,rebalance,123.267,0.0022704327561042237,0.2798694345466993,0.0002798694345466993
2024-10-22,113664,sell,rebalance,118.153,0.002253927496845985,0.2663082955348437,0.0002663082955348437
2024-10-22,123142,sell,rebalance,96.205,0.0029101186671419378,0.27996796637239013,0.00027996796637239015
2024-10-22,123089,sell,rebalance,127.0,0.00213284397898573,0.2708711853311877,0.0002708711853311877
2024-10-22,123177,sell,rebalance_resize,138.678,0.00014089571467412726,0.01953913591957862,1.9539135919578622e-05
2024-10-22,123059,sell,rebalance_resize,137.268,5.537637124467781e-05,0.007601403728014433,7.601403728014433e-06
2024-10-22,123141,sell,rebalance_resize,119.6,1.2942008407125789e-06,0.00015478642054922442,1.5478642054922443e-07
2024-10-22,123177,buy,rebalance,138.678,3.998849240723983e-19,5.545524150051205e-17,5.545524150051205e-20
2024-10-22,123220,buy,rebalance,112.428,2.5858866429243674e-05,0.0029072606349070077,2.9072606349070078e-06
2024-10-22,123130,buy,rebalance,121.0,0.002286653673466546,0.27668509448945205,0.00027668509448945205
2024-10-22,128118,buy,rebalance,136.327,0.002029569303875623,0.27668509448945205,0.00027668509448945205
2024-10-22,123209,buy,rebalance,136.1,0.002032954404771874,0.27668509448945205,0.00027668509448945205
2024-10-22,128106,buy,rebalance,137.662,0.0020098872200712764,0.27668509448945205,0.00027668509448945205
2024-10-22,123054,buy,rebalance,147.0,0.0018822115271391296,0.27668509448945205,0.00027668509448945205
2024-10-22,123103,buy,rebalance,134.398,0.002058699493217548,0.27668509448945205,0.00027668509448945205
2024-10-22,123038,buy,rebalance,142.0,2.384013050610264e-05,0.003385298531866575,3.385298531866575e-06
2024-10-22,123141,buy,rebalance,119.6,4.636725877969235e-19,5.545524150051205e-17,5.545524150051205e-20
2024-10-22,113577,buy,rebalance,130.99,0.002112261199247668,0.27668509448945205,0.00027668509448945205
2024-10-22,113646,buy,rebalance,139.48,0.0019836900952785496,0.27668509448945205,0.00027668509448945205
2024-10-22,123163,buy,rebalance,113.2,2.2565844620608054e-05,0.002554453611052832,2.5544536110528322e-06
2024-10-22,123112,buy,rebalance,125.492,1.1073765994503514e-05,0.001389669042182235,1.389669042182235e-06
2024-10-22,113668,buy,rebalance,128.758,0.002148876920187111,0.27668509448945205,0.00027668509448945205
2024-10-22,123061,buy,rebalance,130.1,0.0021267109491887167,0.27668509448945205,0.00027668509448945205
2024-10-22,111008,buy,rebalance,124.799,0.002217045765506551,0.27668509448945205,0.00027668509448945205
2024-10-22,123211,buy,rebalance,124.99,0.0022136578485435,0.27668509448945205,0.00027668509448945205
2024-10-22,123173,buy,rebalance,118.903,2.1539361681339103e-07,2.5610947219962636e-05,2.5610947219962637e-08
2024-10-31,123173,sell,rebalance,119.69,0.0023293274464462185,0.2787972020651479,0.00027879720206514793
2024-10-31,123112,sell,rebalance,123.018,0.002207014360496435,0.27150249259955045,0.00027150249259955047
2024-10-31,123130,sell,rebalance,117.8,0.002286653673466546,0.2693678027343591,0.00026936780273435914
2024-10-31,123054,sell,rebalance,144.701,0.0018822115271391296,0.27235789018855916,0.0002723578901885592
2024-10-31,113646,sell,rebalance,136.72,0.0019836900952785496,0.2712101098264833,0.00027121010982648333
2024-10-31,113668,sell,rebalance,124.6,0.002148876920187111,0.267750064255314,0.000267750064255314
2024-10-31,123061,sell,rebalance,147.5,0.0021267109491887167,0.31368986500533574,0.0003136898650053358
2024-10-31,111008,sell,rebalance_resize,127.0,5.740359216676187e-05,0.007290256205178758,7.2902562051787576e-06
2024-10-31,113577,sell,rebalance_resize,130.605,1.2230143666693234e-05,0.0015973179135884696,1.5973179135884696e-06
2024-10-31,123220,sell,rebalance_resize,112.698,2.974047851284004e-05,0.0033516924474400467,3.3516924474400466e-06
2024-10-31,123141,sell,rebalance_resize,119.831,2.6908146406635907e-05,0.0032244300920535873,3.2244300920535874e-06
2024-10-31,123163,sell,rebalance_resize,114.358,4.827072491162132e-05,0.005520143559443191,5.520143559443191e-06
2024-10-31,118016,buy,rebalance,108.5,0.002205149744465528,0.23925874727450977,0.00023925874727450977
2024-10-31,118045,buy,rebalance,137.55,0.0017394310961432915,0.23925874727450977,0.00023925874727450977
2024-10-31,128106,buy,rebalance,131.759,6.259067117152182e-05,0.008246884242888544,8.246884242888544e-06
2024-10-31,123038,buy,rebalance,139.3,1.6157102494950828e-05,0.0022506843775466504,2.2506843775466504e-06
2024-10-31,123177,buy,rebalance,130.192,9.553721752354889e-05,0.012438181423825877,1.2438181423825876e-05
2024-10-31,123059,buy,rebalance,134.11,2.395236559349437e-05,0.00321225174974353,3.21225174974353e-06
2024-10-31,128118,buy,rebalance,131.0,5.5942363970636014e-05,0.007328449680153318,7.328449680153319e-06
2024-10-31,123209,buy,rebalance,132.0,3.9153045018805926e-05,0.005168201942482382,5.168201942482382e-06
2024-10-31,113674,buy,rebalance,120.6,0.001983903377068904,0.23925874727450977,0.00023925874727450977
2024-10-31,113030,buy,rebalance,121.666,0.0019665210270289955,0.23925874727450977,0.00023925874727450977
2024-10-31,123103,buy,rebalance,128.206,7.03340259979561e-05,0.009017244137093958,9.017244137093959e-06
2024-10-31,123143,buy,rebalance,138.4,0.0017287481739487699,0.23925874727450977,0.00023925874727450977
2024-10-31,127028,buy,rebalance,123.12,0.001943297167596733,0.23925874727450977,0.00023925874727450977
2024-10-31,123206,buy,rebalance,128.0,0.0018692089630821076,0.23925874727450977,0.00023925874727450977
2024-10-31,123052,buy,rebalance,130.292,0.0018363272286441973,0.23925874727450977,0.00023925874727450977
2024-11-07,123143,sell,risk_exit_next_open,130.999,0.0017287481739487699,0.2264642820391149,0.0002264642820391149
2024-11-08,128106,sell,risk_exit_next_open,139.207,0.0020724778912427984,0.2885034298062362,0.00028850342980623624
2024-11-12,123163,sell,rebalance,119.093,0.0023983853863669634,0.28563091081860076,0.00028563091081860076
2024-11-12,123141,sell,rebalance,128.781,0.002288844756483324,0.2947597165846789,0.0002947597165846789
2024-11-12,123038,sell,rebalance,161.703,0.001966584103498741,0.31800254928805693,0.00031800254928805694
2024-11-12,123211,sell,rebalance,179.737,0.0022136578485435,0.3978762207236631,0.00039787622072366306
2024-11-12,118045,sell,rebalance,190.0,0.0017394310961432915,0.3304919082672254,0.0003304919082672254
2024-11-12,113674,sell,rebalance,128.0,0.001983903377068904,0.2539396322648197,0.0002539396322648197
2024-11-12,127028,sell,rebalance,125.2,0.001943297167596733,0.24330080538311097,0.00024330080538311098
2024-11-12,123088,buy,rebalance,131.0,0.002247729949215647,0.29445262334724975,0.00029445262334724975
2024-11-12,123209,buy,rebalance,133.925,0.00012860080563364298,0.017222862894485637,1.7222862894485637e-05
2024-11-12,123220,buy,rebalance,117.999,6.410092447942011e-05,0.0075638449876470944,7.563844987647094e-06
2024-11-12,128118,buy,rebalance,131.736,0.00015174379649016012,0.019990120774427734,1.9990120774427734e-05
2024-11-12,118016,buy,rebalance,111.4,0.0004402544891117603,0.049044350087050104,4.90443500870501e-05
2024-11-12,113030,buy,rebalance,131.32,0.0002776962201760265,0.0364670676335158,3.64670676335158e-05
2024-11-12,113577,buy,rebalance,131.75,0.00013700140010125398,0.01804993446334021,1.804993446334021e-05
2024-11-12,128091,buy,rebalance,143.15,0.002056951612624867,0.29445262334724975,0.00029445262334724975
2024-11-12,123112,buy,rebalance,130.0,0.0022650201795942288,0.29445262334724975,0.00029445262334724975
2024-11-12,111008,buy,rebalance,129.1,0.00012332571682717154,0.015921350042387844,1.5921350042387846e-05
2024-11-12,123177,buy,rebalance,135.08,8.921854151263954e-05,0.01205164058752735,1.205164058752735e-05
2024-11-12,111003,buy,rebalance,122.963,0.0023946441071480834,0.29445262334724975,0.00029445262334724975
2024-11-12,113646,buy,rebalance,141.56,0.0020800552652391197,0.29445262334724975,0.00029445262334724975
2024-11-12,123052,buy,rebalance,135.457,0.0003392791868956247,0.04595774081932063,4.595774081932063e-05
2024-11-12,123103,buy,rebalance,137.39,1.6281562280640216e-05,0.002236923841737159,2.2369238417371593e-06
2024-11-12,123206,buy,rebalance,133.086,0.00034515723902993583,0.045935596313538045,4.5935596313538045e-05
2024-11-12,123059,buy,rebalance,139.99,6.378213102089763e-05,0.00892886052161546,8.92886052161546e-06
2024-11-12,113610,buy,rebalance,112.16,0.002625290864365636,0.29445262334724975,0.00029445262334724975
2024-11-12,118041,buy,rebalance,124.534,0.002364435602704882,0.29445262334724975,0.00029445262334724975
2024-11-12,123160,buy,rebalance,123.96,0.002375384183182073,0.29445262334724975,0.00029445262334724975
2024-11-13,128118,sell,risk_exit_next_open,133.0,0.002237255464336419,0.29755497675674375,0.00029755497675674374
2024-11-15,128091,sell,risk_exit_next_open,129.3,0.002056951612624867,0.2659638435123953,0.0002659638435123953
2024-11-21,123059,sell,rebalance,148.79,0.002105422866705303,0.31326586833708203,0.00031326586833708205
2024-11-21,111008,sell,rebalance,124.449,0.0022829678901669604,0.28411307096338806,0.00028411307096338806
2024-11-21,113610,sell,rebalance,111.999,0.002625290864365636,0.29402995151808686,0.0002940299515180869
2024-11-21,118041,sell,rebalance,121.9,0.002364435602704882,0.2882246999697251,0.0002882246999697251
2024-11-21,123160,sell,rebalance,119.4,0.002375384183182073,0.28362087147193954,0.00028362087147193953
2024-11-21,123209,sell,rebalance_resize,133.1,3.146029285332563e-05,0.004187364978777641,4.187364978777641e-06
2024-11-21,123177,sell,rebalance_resize,134.699,3.843239673383723e-05,0.005176805407651142,5.176805407651142e-06
2024-11-21,111003,sell,rebalance_resize,121.158,1.1583113914456583e-05,0.0014033869156477308,1.4033869156477308e-06
2024-11-21,113030,sell,rebalance_resize,133.77,8.583417313609948e-05,0.01148203734041603,1.148203734041603e-05
2024-11-21,113646,sell,rebalance_resize,140.685,2.7761816625551937e-05,0.0039056711719657744,3.9056711719657745e-06
2024-11-21,123099,buy,rebalance,103.78,0.0027792906810643427,0.2884347868808575,0.0002884347868808575
2024-11-21,123220,buy,rebalance,114.97,1.3496544422634903e-05,0.0015516977122703348,1.5516977122703349e-06
2024-11-21,118016,buy,rebalance,108.427,1.7447158835755025e-05,0.0018917430910844102,1.8917430910844102e-06
2024-11-21,123112,buy,rebalance,126.5,1.7388327239549037e-05,0.0021996233958029533,2.1996233958029533e-06
2024-11-21,123088,buy,rebalance,124.51,7.110337917776076e-05,0.008853081741422993,8.853081741422994e-06
2024-11-21,127028,buy,rebalance,123.502,0.0023354665258931637,0.2884347868808575,0.0002884347868808575
2024-11-21,113577,buy,rebalance,126.888,3.837555971386212e-05,0.0048693980209725376,4.869398020972537e-06
2024-11-21,123206,buy,rebalance,127.402,5.184793864786797e-05,0.006605531079615675,6.605531079615675e-06
2024-11-21,123103,buy,rebalance,133.233,2.1745403722850723e-05,0.0028972053742065706,2.8972053742065708e-06
2024-11-21,123166,buy,rebalance,118.103,0.0024422308229330118,0.2884347868808575,0.0002884347868808575
2024-11-21,113039,buy,rebalance,118.8,0.0024279022464718646,0.2884347868808575,0.0002884347868808575
2024-11-21,113674,buy,rebalance,124.96,0.0023082169244626883,0.2884347868808575,0.0002884347868808575
2024-11-21,123052,buy,rebalance,132.29,6.916655991341799e-06,0.0009150044210946065,9.150044210946066e-07
2024-11-21,123100,buy,rebalance,119.8,0.002407635950591465,0.2884347868808575,0.0002884347868808575
2024-11-21,113593,buy,rebalance,122.6,0.002352649158897696,0.2884347868808575,0.0002884347868808575
2024-12-05,123103,sell,risk_exit_next_open,126.85,0.0021670604852189954,0.2748916225500295,0.0002748916225500295
2024-12-11,123177,sell,rebalance,140.6,0.0021434970105063864,0.3013756796771979,0.0003013756796771979
2024-12-11,123209,sell,rebalance,150.375,0.0021692479625709978,0.32620066237161377,0.0003262006623716138
2024-12-11,113577,sell,rebalance,129.3,0.002275408015396091,0.29421025639071463,0.00029421025639071464
2024-12-11,118016,sell,rebalance,107.965,0.0026628513924130434,0.28749475058187424,0.0002874947505818742
2024-12-11,127028,sell,rebalance,128.434,0.0023354665258931637,0.2999533077865626,0.0002999533077865626
2024-12-11,123166,sell,rebalance,119.28,0.0024422308229330118,0.29130929255944965,0.00029130929255944966
2024-12-11,113039,sell,rebalance,121.737,0.0024279022464718646,0.2955655357787454,0.0002955655357787454
2024-12-11,113674,sell,rebalance,125.7,0.0023082169244626883,0.2901428674049599,0.00029014286740495994
2024-12-11,113593,sell,rebalance,121.787,0.002352649158897696,0.2865220831146737,0.0002865220831146737
2024-12-11,123112,sell,rebalance_resize,135.0,9.785125435251954e-05,0.013209919337590137,1.3209919337590137e-05
2024-12-11,123052,sell,rebalance_resize,135.2,1.1974126186650282e-06,0.0001618901860435118,1.618901860435118e-07
2024-12-11,123220,sell,rebalance_resize,123.4,0.00012139747253826858,0.014980448111222344,1.4980448111222344e-05
2024-12-11,123100,sell,rebalance_resize,124.15,3.2160887482565455e-05,0.003992774180960501,3.9927741809605015e-06
2024-12-11,123206,sell,rebalance_resize,130.9,1.3233017116138681e-05,0.0017322019405025535,1.7322019405025535e-06
2024-12-11,111003,sell,rebalance_resize,128.15,8.173263517689734e-05,0.010474037197919395,1.0474037197919395e-05
2024-12-11,123088,sell,rebalance_resize,127.379,3.5754830266685995e-06,0.00045544145245401957,4.554414524540196e-07
2024-12-11,113610,buy,rebalance,122.49,0.002405226331275191,0.29461617331789813,0.00029461617331789816
2024-12-11,113646,buy,rebalance,140.51,4.655068834019014e-05,0.0065408372186801155,6.540837218680116e-06
2024-12-11,113030,buy,rebalance,132.607,6.552975432640103e-05,0.008689704131961061,8.689704131961062e-06
2024-12-11,123099,buy,rebalance,96.999,0.00026083907996805135,0.025301129917821012,2.5301129917821012e-05
2024-12-11,111008,buy,rebalance,129.399,0.002276804096769667,0.29461617331789813,0.00029461617331789816
2024-12-11,127093,buy,rebalance,127.411,0.002312329181294379,0.29461617331789813,0.00029461617331789816
2024-12-11,123185,buy,rebalance,117.927,0.0024982927855189915,0.29461617331789813,0.00029461617331789816
2024-12-11,128143,buy,rebalance,133.7,0.0022035615057434416,0.29461617331789813,0.00029461617331789816
2024-12-11,123160,buy,rebalance,127.318,0.002314018232440803,0.29461617331789813,0.00029461617331789816
2024-12-11,113668,buy,rebalance,129.9,0.0022680228892832804,0.29461617331789813,0.00029461617331789816
2024-12-11,128120,buy,rebalance,125.78,0.0023423133512315004,0.29461617331789813,0.00029461617331789816
2024-12-11,113609,buy,rebalance,135.0,0.002182342024577023,0.29461617331789813,0.00029461617331789816
2024-12-11,127053,buy,rebalance,128.114,0.0022996407365151205,0.29461617331789813,0.00029461617331789816
2024-12-23,113646,sell,rebalance,137.0,0.002098844136953758,0.28754164676266486,0.00028754164676266484
2024-12-23,111008,sell,rebalance,130.899,0.002276804096769667,0.29803137946305264,0.00029803137946305265
2024-12-23,127093,sell,rebalance,122.398,0.002312329181294379,0.28302446713206936,0.00028302446713206935
2024-12-23,128143,sell,rebalance,140.2,0.0022035615057434416,0.3089393231052305,0.0003089393231052305
2024-12-23,123160,sell,rebalance,132.0,0.002314018232440803,0.305450406682186,0.000305450406682186
2024-12-23,128120,sell,rebalance,122.748,0.0023423133512315004,0.2875142792369642,0.0002875142792369642
2024-12-23,113609,sell,rebalance,123.601,0.002182342024577023,0.26973965657974464,0.00026973965657974463
2024-12-23,127053,sell,rebalance,129.52,0.0022996407365151205,0.29784946819343844,0.00029784946819343843
2024-12-23,113030,sell,rebalance_resize,138.1,0.0001269522973491531,0.017532112263918043,1.7532112263918042e-05
2024-12-23,123052,sell,rebalance_resize,133.45,1.1297563464944776e-05,0.0015076598443968803,1.5076598443968803e-06
2024-12-23,123206,sell,rebalance_resize,131.629,5.293212731715664e-05,0.006967402986630011,6.967402986630011e-06
2024-12-23,123112,sell,rebalance_resize,133.6,1.6965565823502846e-05,0.00226659959401998,2.2665995940199803e-06
2024-12-23,123220,sell,rebalance_resize,124.0,5.4507478844807676e-05,0.006758927376756152,6.758927376756152e-06
2024-12-23,113668,sell,rebalance_resize,128.894,2.1291083788252503e-05,0.002744292953803018,2.744292953803018e-06
2024-12-23,123100,sell,rebalance_resize,125.357,6.535078335207594e-05,0.008192178148666185,8.192178148666186e-06
2024-12-23,123185,sell,rebalance_resize,117.0,2.3162449301246852e-05,0.002710006568245882,2.710006568245882e-06
2024-12-23,123088,sell,rebalance_resize,127.34,4.110793695244572e-05,0.005234684691524438,5.2346846915244384e-06
2024-12-23,123099,buy,rebalance,78.5,0.0006482551311828163,0.05088802779785108,5.088802779785108e-05
2024-12-23,113608,buy,rebalance,119.21,0.0024267631302793886,0.2892944327606059,0.0002892944327606059
2024-12-23,123166,buy,rebalance,122.87,0.0023544757284984607,0.2892944327606059,0.0002892944327606059
2024-12-23,111003,buy,rebalance,125.25,1.0758440055747993e-05,0.0013474946169824361,1.3474946169824362e-06
2024-12-23,123152,buy,rebalance,127.998,0.002260148070755839,0.2892944327606059,0.0002892944327606059
2024-12-23,111012,buy,rebalance,137.8,0.0020993790476096217,0.2892944327606059,0.0002892944327606059
2024-12-23,113577,buy,rebalance,131.9,0.002193286070967444,0.2892944327606059,0.0002892944327606059
2024-12-23,123067,buy,rebalance,143.0,0.0020230379913329082,0.2892944327606059,0.0002892944327606059
2024-12-23,113598,buy,rebalance,128.294,0.0022549334556612615,0.2892944327606059,0.0002892944327606059
2024-12-23,113610,buy,rebalance,110.08,0.00022526869686642753,0.02479757815105634,2.4797578151056343e-05
2024-12-23,113597,buy,rebalance,124.7,0.0023199232779519316,0.2892944327606059,0.0002892944327606059
2024-12-31,113030,sell,rebalance,134.185,0.0020969605310461703,0.28138064885843034,0.00028138064885843033
2024-12-31,113610,sell,rebalance,106.305,0.002630495028141619,0.2796347739665948,0.0002796347739665948
2024-12-31,111012,sell,rebalance,166.988,0.0020993790476096217,0.3505711084022355,0.00035057110840223547
2024-12-31,113597,sell,rebalance,122.998,0.0023199232779519316,0.2853459233415317,0.0002853459233415317
2024-12-31,123166,sell,rebalance_resize,126.99,6.671843032099786e-05,0.008472573466463518,8.472573466463518e-06
2024-12-31,123152,sell,rebalance_resize,132.999,7.575345654403305e-05,0.010075133966899852,1.0075133966899852e-05
2024-12-31,123100,sell,rebalance_resize,128.247,4.479020336083768e-05,0.00574420921041735,5.74420921041735e-06
2024-12-31,111003,sell,rebalance_resize,125.899,4.504535381589944e-06,0.0005671165000067924,5.671165000067924e-07
2024-12-31,113577,sell,rebalance_resize,133.42,1.5784202465300476e-05,0.0021059282929203893,2.105928292920389e-06
2024-12-31,123099,sell,rebalance_resize,85.082,0.0002737695882078292,0.023292864103898525,2.3292864103898525e-05
2024-12-31,123220,buy,rebalance,118.967,0.00010652501446022147,0.012672961395289168,1.2672961395289167e-05
2024-12-31,113668,buy,rebalance,124.573,8.532443697517359e-05,0.010629121087308298,1.0629121087308298e-05
2024-12-31,111003,buy,rebalance,125.899,4.404599357855257e-19,5.5453465455461895e-17,5.545346545546189e-20
2024-12-31,123088,buy,rebalance,127.4,6.238415975658591e-06,0.0007947741952989046,7.947741952989046e-07
2024-12-31,123185,buy,rebalance,115.217,4.634431328794639e-05,0.005339652744097319,5.3396527440973186e-06
2024-12-31,123206,buy,rebalance,129.342,4.6059012778424193e-05,0.005957364830786942,5.957364830786942e-06
2024-12-31,113608,buy,rebalance,115.261,9.369968558446225e-05,0.010799919460150702,1.0799919460150703e-05
2024-12-31,123112,buy,rebalance,129.72,7.194416756055324e-05,0.009332597415954966,9.332597415954966e-06
2024-12-31,118037,buy,rebalance,130.5,0.0022239110798076547,0.29022039591489895,0.00029022039591489895
2024-12-31,113577,buy,rebalance,133.42,4.1563083087589493e-19,5.5453465455461895e-17,5.545346545546189e-20
2024-12-31,113598,buy,rebalance,126.646,3.899735636451251e-05,0.0049388591941400516,4.938859194140052e-06
2024-12-31,123198,buy,rebalance,116.578,0.0024894954100679284,0.29022039591489895,0.00029022039591489895
2024-12-31,123147,buy,rebalance,129.999,0.0022324817568973527,0.29022039591489895,0.00029022039591489895
2024-12-31,123099,buy,rebalance,85.082,6.517649497597835e-19,5.5453465455461895e-17,5.545346545546189e-20
2024-12-31,127081,buy,rebalance,126.3,0.0022978653674972207,0.29022039591489895,0.00029022039591489895
2024-12-31,123067,buy,rebalance,133.275,0.0001566699701116554,0.020880190266630877,2.0880190266630877e-05
2024-12-31,123052,buy,rebalance,131.0,4.764981210903208e-05,0.006242125386283202,6.242125386283202e-06
2025-01-08,123099,sell,risk_exit_next_open,56.32,0.003414615304007382,0.19231113392169574,0.00019231113392169575
2025-01-13,123206,sell,rebalance,125.338,0.00224610800910504,0.2815226856452075,0.00028152268564520747
2025-01-13,123052,sell,rebalance,130.111,0.0022176779075565867,0.28854429023009504,0.00028854429023009506
2025-01-13,123088,sell,rebalance,124.01,0.002280388324389952,0.28279095610759797,0.000282790956107598
2025-01-13,123112,sell,rebalance,128.88,0.0022395358542183085,0.2886313808916556,0.0002886313808916556
2025-01-13,111003,sell,rebalance,125.0,0.0023075822627308877,0.28844778284136097,0.00028844778284136096
2025-01-13,123152,sell,rebalance,125.4,0.002184394614211806,0.2739230846221605,0.0002739230846221605
2025-01-13,113598,sell,rebalance,125.851,0.002293930812025774,0.28869348662425565,0.00028869348662425567
2025-01-13,123147,sell,rebalance,119.6,0.0022324817568973527,0.2670048181249234,0.0002670048181249234
2025-01-13,123166,sell,rebalance_resize,129.277,0.00013247137517365828,0.01712550196832502,1.712550196832502e-05
2025-01-13,113577,sell,rebalance_resize,131.0,5.056371378334379e-05,0.006623846505618036,6.623846505618036e-06
2025-01-13,113668,sell,rebalance_resize,123.0,6.678064679408061e-05,0.008214019555671914,8.214019555671914e-06
2025-01-13,123198,sell,rebalance_resize,113.198,2.8065894810036532e-05,0.0031770031607065152,3.177003160706515e-06
2025-01-13,123220,sell,rebalance_resize,114.62,1.1037751766757533e-05,0.0012651471075057485,1.2651471075057486e-06
2025-01-13,113608,sell,rebalance_resize,114.1,7.84917530403376e-05,0.00895590902190252,8.95590902190252e-06
2025-01-13,123067,sell,rebalance_resize,132.931,8.366641907925507e-05,0.011121860754624457,1.1121860754624458e-05
2025-01-13,123185,sell,rebalance_resize,113.467,6.58805272660716e-05,0.0074752657872993455,7.475265787299346e-06
2025-01-13,118037,sell,rebalance_resize,127.947,4.62211123354762e-05,0.005913852659987173,5.9138526599871734e-06
2025-01-13,128143,buy,rebalance,139.5,0.0019952890873097336,0.27834282767970786,0.00027834282767970786
2025-01-13,111008,buy,rebalance,129.45,0.0021501956560811735,0.27834282767970786,0.00027834282767970786
2025-01-13,123198,buy,rebalance,113.198,4.898863714406501e-19,5.5454157474338703e-17,5.545415747433871e-20
2025-01-13,127087,buy,rebalance,126.365,0.0022026892547755143,0.27834282767970786,0.00027834282767970786
2025-01-13,123227,buy,rebalance,130.309,0.0021360215156259956,0.27834282767970786,0.00027834282767970786
2025-01-13,123100,buy,rebalance,120.658,4.3865964568733006e-05,0.005292779552934187,5.2927795529341875e-06
2025-01-13,118037,buy,rebalance,127.947,4.3341506619411713e-19,5.5454157474338703e-17,5.545415747433871e-20
2025-01-13,118016,buy,rebalance,105.899,0.0026283801327652563,0.27834282767970786,0.00027834282767970786
2025-01-13,127081,buy,rebalance,118.5,5.337849160196072e-05,0.006325351254832345,6.325351254832345e-06
2025-01-13,127035,buy,rebalance,133.332,0.0020875920835186444,0.27834282767970786,0.00027834282767970786
2025-01-13,113629,buy,rebalance,112.99,0.0024634288669767935,0.27834282767970786,0.00027834282767970786
2025-01-13,127053,buy,rebalance,129.532,0.002148834478582187,0.27834282767970786,0.00027834282767970786
2025-01-13,118041,buy,rebalance,125.0,0.002226742621437663,0.27834282767970786,0.00027834282767970786
2025-01-21,123185,sell,rebalance,116.501,0.002455594122239619,0.28607917083503787,0.00028607917083503786
2025-01-21,118037,sell,rebalance,134.1,0.0021776899674721788,0.29202822463801914,0.0002920282246380191
2025-01-21,127081,sell,rebalance,124.6,0.0023512438590991814,0.292964984843758,0.000292964984843758
2025-01-21,111008,sell,rebalance,134.1,0.0021501956560811735,0.28834123748048535,0.0002883412374804854
2025-01-21,127087,sell,rebalance,131.9,0.0022026892547755143,0.29053471270489034,0.00029053471270489034
2025-01-21,127035,sell,rebalance,134.892,0.0020875920835186444,0.28159947132999696,0.00028159947132999695
2025-01-21,113629,sell,rebalance,117.199,0.0024634288669767935,0.2887113997808132,0.00028871139978081325
2025-01-21,127053,sell,rebalance,129.6,0.002148834478582187,0.2784889484242514,0.00027848894842425143
2025-01-21,118041,sell,rebalance,128.431,0.002226742621437663,0.28598278161386054,0.00028598278161386055
2025-01-21,128143,sell,rebalance_resize,146.0,2.5292947864173575e-05,0.003692770388169342,3.692770388169342e-06
2025-01-21,113608,sell,rebalance_resize,117.806,5.04275401380445e-07,5.94066679350247e-05,5.94066679350247e-08
2025-01-21,113577,sell,rebalance_resize,136.281,1.6449998930013202e-05,0.002241822304181129,2.2418223041811294e-06
2025-01-21,118016,sell,rebalance_resize,109.929,1.1969209723550228e-05,0.001315763255700153,1.3157632557001532e-06
2025-01-21,123100,sell,rebalance_resize,126.0,2.6506101607165576e-05,0.0033397688025028627,3.3397688025028626e-06
2025-01-21,123220,sell,rebalance_resize,119.7,2.8056773646483096e-05,0.003358395805484027,3.358395805484027e-06
2025-01-21,113668,sell,rebalance_resize,127.5,9.436879134538292e-06,0.0012032020896536322,1.2032020896536323e-06
2025-01-21,123198,sell,rebalance_resize,117.38,1.1102062889074907e-05,0.0013031601419196126,1.3031601419196127e-06
2025-01-21,123227,sell,rebalance_resize,137.198,3.963937915861468e-05,0.005438443541803617,5.438443541803617e-06
2025-01-21,123166,buy,rebalance,128.578,8.155756001793309e-05,0.0104865079519858,1.04865079519858e-05
2025-01-21,123067,buy,rebalance,134.822,3.724807003061494e-05,0.005021859297667568,5.021859297667568e-06
2025-01-21,113646,buy,rebalance,138.32,0.002077282258714641,0.28732968202540915,0.00028732968202540914
2025-01-21,113577,buy,rebalance,136.281,4.069182647646932e-19,5.545522804039716e-17,5.545522804039717e-20
2025-01-21,118016,buy,rebalance,109.929,5.044640453419677e-19,5.545522804039716e-17,5.545522804039717e-20
2025-01-21,123231,buy,rebalance,132.497,0.002168575001889923,0.28732968202540915,0.00028732968202540914
2025-01-21,123100,buy,rebalance,126.0,4.401208574634695e-19,5.545522804039716e-17,5.545522804039717e-20
2025-01-21,123052,buy,rebalance,132.458,0.0021692135018300833,0.28732968202540915,0.00028732968202540914
2025-01-21,111003,buy,rebalance,127.35,0.0022562205106039196,0.28732968202540915,0.00028732968202540914
2025-01-21,123088,buy,rebalance,126.88,0.002264578200074158,0.28732968202540915,0.00028732968202540914
2025-01-21,127093,buy,rebalance,122.851,0.0023388469123198767,0.28732968202540915,0.00028732968202540914
2025-01-21,123230,buy,rebalance,118.5,0.002424723055066744,0.28732968202540915,0.00028732968202540914
2025-01-21,128120,buy,rebalance,123.6,0.0023246738027945723,0.28732968202540915,0.00028732968202540914
2025-01-21,113598,buy,rebalance,129.7,0.002215340647844327,0.28732968202540915,0.00028732968202540914
2025-02-11,123198,sell,rebalance,120.5,0.0024503274523688173,0.2952644580104425,0.0002952644580104425
2025-02-11,123227,sell,rebalance,141.56,0.0020963821364673807,0.29676385523832244,0.00029676385523832245
2025-02-11,123088,sell,rebalance,129.5,0.002264578200074158,0.29326287690960345,0.00029326287690960344
2025-02-11,127093,sell,rebalance,126.0,0.0023388469123198767,0.2946947109523045,0.0002946947109523045
2025-02-11,123230,sell,rebalance,122.49,0.002424723055066744,0.29700432701512547,0.0002970043270151255
2025-02-11,128120,sell,rebalance,127.199,0.0023246738027945723,0.2956961830416668,0.0002956961830416668
2025-02-11,123052,sell,rebalance_resize,136.0,2.5982594954993326e-06,0.00035336329138790923,3.5336329138790923e-07
2025-02-11,113577,sell,rebalance_resize,141.13,2.2628218443762117e-05,0.0031935204689681473,3.1935204689681474e-06
2025-02-11,123067,sell,rebalance_resize,146.002,0.00011510032075948426,0.016804877031526222,1.6804877031526223e-05
2025-02-11,123100,sell,rebalance_resize,130.718,2.8530985843091758e-05,0.0037295134074372682,3.729513407437268e-06
2025-02-11,123166,sell,rebalance_resize,132.8,1.8020644486320936e-05,0.0023931415877834206,2.3931415877834205e-06
2025-02-11,118016,sell,rebalance_resize,114.0,3.167694973027296e-05,0.0036111722692511177,3.6111722692511177e-06
2025-02-11,123231,sell,rebalance_resize,137.389,2.3864195657230608e-05,0.0032786779771512564,3.2786779771512565e-06
2025-02-11,123220,sell,rebalance_resize,123.322,1.3483680120454897e-05,0.0016628343998147388,1.662834399814739e-06
2025-02-11,128143,buy,rebalance,138.5,0.00015735012517041852,0.021792992336102966,2.1792992336102966e-05
2025-02-11,113608,buy,rebalance,120.236,9.201441508196185e-06,0.0011063445211794765,1.1063445211794765e-06
2025-02-11,113668,buy,rebalance,130.337,4.908583071869583e-06,0.0006397699918382657,6.397699918382657e-07
2025-02-11,127096,buy,rebalance,128.1,0.00229788922010901,0.29435960909596415,0.00029435960909596415
2025-02-11,128117,buy,rebalance,128.0,0.00229968444606222,0.29435960909596415,0.00029435960909596415
2025-02-11,113646,buy,rebalance,138.197,5.483311527678909e-05,0.007577772031906422,7.577772031906422e-06
2025-02-11,127081,buy,rebalance,127.599,0.0023069115674571442,0.29435960909596415,0.00029435960909596415
2025-02-11,123186,buy,rebalance,129.944,0.0022652804984913824,0.29435960909596415,0.00029435960909596415
2025-02-11,113598,buy,rebalance,130.2,4.774181388214243e-05,0.006215984167454944,6.215984167454944e-06
2025-02-11,111003,buy,rebalance,128.81,3.130035755975477e-05,0.004031799057272012,4.0317990572720115e-06
2025-02-11,127087,buy,rebalance,132.864,0.002215495612776705,0.29435960909596415,0.00029435960909596415
2025-02-11,113569,buy,rebalance,136.214,0.002161008480009134,0.29435960909596415,0.00029435960909596415
2025-02-13,128143,sell,risk_exit_next_open,126.633,0.0021273462646159784,0.26939223952711516,0.0002693922395271152
2025-02-21,123067,sell,rebalance,168.888,0.002018189291636439,0.34084795308589494,0.00034084795308589495
2025-02-21,123231,sell,rebalance,134.05,0.0021447108062326923,0.28749848357549246,0.00028749848357549244
2025-02-21,127096,sell,rebalance,125.103,0.00229788922010901,0.28747283510329746,0.0002874728351032975
2025-02-21,127087,sell,rebalance,136.002,0.002215495612776705,0.30131183432885744,0.00030131183432885743
2025-02-21,113608,sell,rebalance_resize,152.645,0.00045912643793720643,0.07008335511892488,7.008335511892488e-05
2025-02-21,128117,sell,rebalance_resize,135.0,4.784076690558906e-05,0.0064585035322545226,6.458503532254523e-06
2025-02-21,123100,sell,rebalance_resize,145.9,0.0001705515985717262,0.024883478231614853,2.4883478231614854e-05
2025-02-21,123186,sell,rebalance_resize,139.5,8.607693801722347e-05,0.012007732853402675,1.2007732853402675e-05
2025-02-21,123052,buy,rebalance,137.001,5.2282612980349786e-05,0.007162770260920901,7.162770260920901e-06
2025-02-21,123166,buy,rebalance,133.16,6.406811457127228e-05,0.008531310136310616,8.531310136310617e-06
2025-02-21,111003,buy,rebalance,130.345,4.4694844583875956e-05,0.005825749517285312,5.825749517285312e-06
2025-02-21,113577,buy,rebalance,140.744,7.200508331585603e-05,0.010134283446206841,1.0134283446206842e-05
2025-02-21,113668,buy,rebalance,129.0,9.573076342025946e-05,0.01234926848121347,1.2349268481213471e-05
2025-02-21,127055,buy,rebalance,132.35,0.00229447412316158,0.3036736502004351,0.00030367365020043507
2025-02-21,127093,buy,rebalance,129.4,0.002346782459045093,0.3036736502004351,0.00030367365020043507
2025-02-21,118016,buy,rebalance,116.75,1.9090519483308016e-05,0.0022288181496762107,2.2288181496762108e-06
2025-02-21,123088,buy,rebalance,129.406,0.002346673648829537,0.3036736502004351,0.00030367365020043507
2025-02-21,123220,buy,rebalance,123.839,6.536921631571589e-05,0.00809525837932194,8.09525837932194e-06
2025-02-21,128120,buy,rebalance,129.8,0.0023395504637937986,0.3036736502004351,0.00030367365020043507
2025-02-21,127081,buy,rebalance,128.559,5.76910904484253e-05,0.007416708896959108,7.416708896959108e-06
2025-02-21,123173,buy,rebalance,127.988,0.0023726728302687367,0.3036736502004351,0.00030367365020043507
2025-02-21,113569,buy,rebalance,138.446,3.474830724036085e-05,0.004810764144198999,4.810764144198999e-06
2025-02-21,113646,buy,rebalance,138.7,5.9593666075739266e-05,0.008265641484705035,8.265641484705036e-06
2025-02-21,113598,buy,rebalance,132.75,2.689924929025988e-05,0.003570875343281999,3.5708753432819993e-06
2025-03-03,123220,sell,rebalance,119.08,0.002454721261834791,0.2923082078592869,0.00029230820785928693
2025-03-03,113608,sell,rebalance,172.0,0.0019915417909931224,0.3425451880508171,0.0003425451880508171
2025-03-03,113646,sell,rebalance,136.394,0.0021917090400671697,0.29893596281092155,0.00029893596281092155
2025-03-03,127081,sell,rebalance,124.801,0.0023646026579055694,0.29510477630927295,0.00029510477630927297
2025-03-03,123186,sell,rebalance,137.41,0.002179203560474159,0.2994443612447542,0.0002994443612447542
2025-03-03,113569,sell,rebalance,155.0,0.002195756787249495,0.3403423020236717,0.00034034230202367174
2025-03-03,127055,sell,rebalance,145.0,0.00229447412316158,0.33269874785842907,0.0003326987478584291
2025-03-03,123088,sell,rebalance,126.954,0.002346673648829537,0.297919606413505,0.00029791960641350503
2025-03-03,118016,sell,rebalance_resize,118.215,2.941308474420688e-05,0.0034770678130364163,3.4770678130364162e-06
2025-03-03,127093,sell,rebalance_resize,130.0,5.751346716678011e-06,0.0007476750731681414,7.476750731681414e-07
2025-03-03,113668,sell,rebalance_resize,130.0,1.544695070529584e-05,0.0020081035916884593,2.0081035916884594e-06
2025-03-03,111003,sell,rebalance_resize,133.01,4.41618476043732e-05,0.005873967349857678,5.8739673498576785e-06
2025-03-03,123052,buy,rebalance,132.258,8.208307659384801e-05,0.010856143544149151,1.0856143544149151e-05
2025-03-03,128117,buy,rebalance,134.0,1.9286527870380702e-05,0.002584394734631014,2.584394734631014e-06
2025-03-03,123100,buy,rebalance,134.968,0.00017107748417239543,0.023089985883779866,2.3089985883779865e-05
2025-03-03,123166,buy,rebalance,125.5,0.00014193889028641724,0.017813330730945365,1.7813330730945367e-05
2025-03-03,123152,buy,rebalance,140.718,0.0021605519515006614,0.30402854951127006,0.00030402854951127006
2025-03-03,123185,buy,rebalance,119.651,0.0025409612081074965,0.30402854951127006,0.00030402854951127006
2025-03-03,127051,buy,rebalance,144.584,0.0021027814247169124,0.30402854951127006,0.00030402854951127006
2025-03-03,123223,buy,rebalance,136.7,0.0022240566899141925,0.30402854951127006,0.00030402854951127006
2025-03-03,127079,buy,rebalance,128.0,0.0023752230430567974,0.30402854951127006,0.00030402854951127006
2025-03-03,128120,buy,rebalance,128.5,2.8778942199448918e-05,0.003698094072629186,3.698094072629186e-06
2025-03-03,113577,buy,rebalance,137.853,4.7757804297655594e-05,0.006583556595844717,6.583556595844717e-06
2025-03-03,113598,buy,rebalance,130.7,3.847270340531378e-05,0.00502838233507451,5.02838233507451e-06
2025-03-03,123198,buy,rebalance,117.86,0.002579573642552775,0.30402854951127006,0.00030402854951127006
2025-03-03,123112,buy,rebalance,134.684,0.002257347194256705,0.30402854951127006,0.00030402854951127006
2025-03-03,123173,buy,rebalance,124.9,6.388463108487766e-05,0.00797919042250122,7.97919042250122e-06
2025-03-03,123227,buy,rebalance,140.298,0.002167019839992516,0.30402854951127006,0.00030402854951127006
2025-03-11,118016,sell,rebalance,144.0,0.0025744114080505347,0.37071524275927703,0.000370715242759277
2025-03-11,127051,sell,rebalance,152.0,0.0021027814247169124,0.3196227765569707,0.0003196227765569707
2025-03-11,123198,sell,rebalance,120.9,0.002579573642552775,0.3118704533846305,0.0003118704533846305
2025-03-11,123112,sell,rebalance,135.0,0.002257347194256705,0.3047418712246552,0.00030474187122465516
2025-03-11,123227,sell,rebalance,145.681,0.002167019839992516,0.31569361730994977,0.00031569361730994977
2025-03-11,123173,sell,rebalance_resize,138.79,0.00016566859148557222,0.022993143812282568,2.299314381228257e-05
2025-03-11,123152,sell,rebalance_resize,146.6,1.0642904781796625e-05,0.0015602498410113852,1.5602498410113851e-06
2025-03-11,128120,sell,rebalance_resize,146.2,0.00021253825517939266,0.031073092907227203,3.1073092907227205e-05
2025-03-11,123100,sell,rebalance_resize,143.9,6.44409847093943e-05,0.009273057699681841,9.273057699681842e-06
2025-03-11,123052,buy,rebalance,132.734,7.344116773171101e-05,0.00974813995770093,9.74813995770093e-06
2025-03-11,128117,buy,rebalance,134.9,6.517472873955175e-05,0.008792070906965531,8.792070906965532e-06
2025-03-11,111003,buy,rebalance,133.089,8.002768608864828e-05,0.010650804713852111,1.0650804713852111e-05
2025-03-11,111008,buy,rebalance,138.529,0.002272807139752327,0.31484970026275005,0.00031484970026275004
2025-03-11,113668,buy,rebalance,130.01,8.313197005259347e-05,0.010807987426537677,1.0807987426537677e-05
2025-03-11,127079,buy,rebalance,129.0,6.793637710905394e-05,0.008763792647067958,8.763792647067957e-06
2025-03-11,113577,buy,rebalance,138.13,7.403970727186153e-05,0.010227104765462234,1.0227104765462234e-05
2025-03-11,123166,buy,rebalance,127.289,5.11885067527605e-05,0.006515733836052131,6.515733836052131e-06
2025-03-11,127093,buy,rebalance,128.01,0.00012096861537692638,0.015485192454400344,1.5485192454400345e-05
2025-03-11,123186,buy,rebalance,142.5,0.0022094715807912287,0.31484970026275005,0.00031484970026275004
2025-03-11,123223,buy,rebalance,135.0,0.00011047056052773659,0.014913525671244439,1.491352567124444e-05
2025-03-11,123200,buy,rebalance,126.5,0.002488930436859684,0.31484970026275005,0.00031484970026275004
2025-03-11,127087,buy,rebalance,135.838,0.0023178322727274406,0.31484970026275005,0.00031484970026275004
2025-03-11,113598,buy,rebalance,131.01,7.721050912294157e-05,0.010115348800196575,1.0115348800196576e-05
2025-03-11,123088,buy,rebalance,129.0,0.0024406953508740313,0.31484970026275005,0.00031484970026275004
2025-03-11,123185,buy,rebalance,121.6,5.089930759708867e-05,0.006189355803805982,6.189355803805983e-06
2025-03-13,111008,sell,risk_exit_next_open,133.99,0.002272807139752327,0.3045334286554143,0.0003045334286554143
2025-03-17,123152,sell,risk_exit_next_open,140.009,0.0021499090467188646,0.3010066157220615,0.0003010066157220615
2025-03-19,123100,sell,risk_exit_next_open,138.272,0.002190247854405737,0.30284995132439,0.00030284995132439003
2025-03-20,127087,sell,risk_exit_next_open,127.0,0.0023178322727274406,0.294364698636385,0.000294364698636385
2025-03-21,123186,sell,rebalance,165.4,0.0022094715807912287,0.3654465994628692,0.0003654465994628692
2025-03-21,123200,sell,rebalance,126.3,0.002488930436859684,0.3143519141753781,0.0003143519141753781
2025-03-21,128117,sell,rebalance_resize,140.481,9.800206101644042e-05,0.013767427533650567,1.3767427533650567e-05
2025-03-21,123052,sell,rebalance_resize,133.233,1.4353451874759509e-05,0.0019123534536298337,1.9123534536298335e-06
2025-03-21,123166,sell,rebalance_resize,129.871,5.4854070608696055e-05,0.007123953004021966,7.123953004021966e-06
2025-03-21,113598,sell,rebalance_resize,135.0,7.64869520800069e-05,0.010325738530800932,1.0325738530800932e-05
2025-03-21,127079,sell,rebalance_resize,129.661,1.807380345942468e-05,0.002343467430352464,2.343467430352464e-06
2025-03-21,123088,sell,rebalance_resize,130.172,2.5129590589392884e-05,0.0032711690662024506,3.2711690662024505e-06
2025-03-21,123223,sell,rebalance_resize,135.261,9.843667237812753e-06,0.0013314642742537908,1.3314642742537908e-06
2025-03-21,123185,sell,rebalance_resize,121.45,2.819542894605809e-06,0.00034243348454987554,3.4243348454987554e-07
2025-03-21,123173,buy,rebalance,131.68,0.00011689446325896378,0.015392662921940352,1.5392662921940352e-05
2025-03-21,123129,buy,rebalance,130.0,0.0024162945564335254,0.3141182923363583,0.0003141182923363583
2025-03-21,111003,buy,rebalance,131.01,3.200046901293673e-05,0.00419238144538484,4.19238144538484e-06
2025-03-21,113577,buy,rebalance,137.3,8.489223267115614e-06,0.0011655703545749739,1.165570354574974e-06
2025-03-21,127093,buy,rebalance,127.2,9.994989350232589e-06,0.0012713626453495855,1.2713626453495855e-06
2025-03-21,123201,buy,rebalance,135.9,0.0023113928795905686,0.3141182923363583,0.0003141182923363583
2025-03-21,113039,buy,rebalance,132.324,0.002373857292224829,0.3141182923363583,0.0003141182923363583
2025-03-21,123088,buy,rebalance,130.172,4.2600965489447036e-19,5.545452879692299e-17,5.545452879692299e-20
2025-03-21,113663,buy,rebalance,129.801,0.002419999016466424,0.3141182923363583,0.0003141182923363583
2025-03-21,113668,buy,rebalance,129.0,1.3335132243771511e-05,0.0017202320594465249,1.7202320594465249e-06
2025-03-21,123112,buy,rebalance,134.549,0.0023346014636776067,0.3141182923363583,0.0003141182923363583
2025-03-21,128120,buy,rebalance,140.9,7.577821845234484e-05,0.010677150979935388,1.0677150979935388e-05
2025-03-21,118004,buy,rebalance,131.81,0.002383114273092772,0.3141182923363583,0.0003141182923363583
2025-04-01,128120,sell,rebalance,131.496,0.0022315693692661993,0.2934424457810282,0.0002934424457810282
2025-04-01,123185,sell,rebalance,116.399,0.002589040972809979,0.30136178019410875,0.00030136178019410874
2025-04-01,123129,sell,rebalance,126.662,0.0024162945564335254,0.3060527011069832,0.0003060527011069832
2025-04-01,123201,sell,rebalance,129.723,0.0023113928795905686,0.29984081851912736,0.00029984081851912737
2025-04-01,113039,sell,rebalance,127.501,0.002373857292224829,0.30266917861595793,0.00030266917861595795
2025-04-01,123112,sell,rebalance,128.096,0.0023346014636776067,0.2990531090912467,0.00029905310909124675
2025-04-01,118004,sell,rebalance,131.8,0.002383114273092772,0.3140944611936274,0.0003140944611936274
2025-04-01,128117,sell,rebalance_resize,143.13,9.63941242708053e-05,0.013796891006880363,1.3796891006880363e-05
2025-04-01,113598,sell,rebalance_resize,134.12,4.337869129718237e-05,0.0058179500767781,5.8179500767781e-06
2025-04-01,111003,sell,rebalance_resize,130.892,5.791137989925148e-05,0.007580136337772825,7.580136337772825e-06
2025-04-01,123166,sell,rebalance_resize,129.268,4.95688386229103e-05,0.006407664631106369,6.407664631106369e-06
2025-04-01,123223,sell,rebalance_resize,133.444,2.7304911580778562e-05,0.0036436766209854143,3.6436766209854143e-06
2025-04-01,127093,sell,rebalance_resize,124.7,1.3523189741182094e-05,0.0016863417607254072,1.6863417607254072e-06
2025-04-01,113663,sell,rebalance_resize,128.5,3.422937089362491e-05,0.004398474159830801,4.398474159830801e-06
2025-04-01,123209,buy,rebalance,137.0,0.0022354670881157895,0.30625899107186316,0.00030625899107186315
2025-04-01,127079,buy,rebalance,126.19,4.352842298282851e-06,0.000549285169620313,5.49285169620313e-07
2025-04-01,123088,buy,rebalance,126.896,3.6029583995983853e-07,4.572010090754367e-05,4.572010090754367e-08
2025-04-01,123052,buy,rebalance,129.116,1.4304129274228662e-05,0.0018468919553713081,1.846891955371308e-06
2025-04-01,118036,buy,rebalance,127.09,0.002409780400282187,0.30625899107186316,0.00030625899107186315
2025-04-01,113606,buy,rebalance,127.905,0.002394425480410173,0.30625899107186316,0.00030625899107186315
2025-04-01,113577,buy,rebalance,132.814,1.8106006787887946e-05,0.0024047311855265496,2.4047311855265495e-06
2025-04-01,113668,buy,rebalance,125.053,1.4019230839832825e-05,0.0017531468742136142,1.7531468742136143e-06
2025-04-01,123173,buy,rebalance,125.2,6.080798820581852e-05,0.007613160123368479,7.613160123368479e-06
2025-04-01,123220,buy,rebalance,119.848,0.0025553950927163,0.30625899107186316,0.00030625899107186315
2025-04-01,123221,buy,rebalance,130.849,0.002340552782763821,0.30625899107186316,0.00030625899107186315
2025-04-01,123206,buy,rebalance,132.01,0.002319968116596191,0.30625899107186316,0.00030625899107186315
2025-04-01,113574,buy,rebalance,125.58,0.002438756100269654,0.30625899107186316,0.00030625899107186315
2025-04-11,113577,sell,rebalance,128.549,0.002308257762285402,0.2967242270840262,0.00029672422708402617
2025-04-11,111003,sell,rebalance,126.4,0.0023421706403455116,0.2960503689396727,0.00029605036893967266
2025-04-11,127093,sell,rebalance,121.0,0.002458471527314392,0.29747505480504144,0.0002974750548050414
2025-04-11,123173,sell,rebalance,124.1,0.0024485913213328245,0.3038701829774035,0.0003038701829774035
2025-04-11,123088,sell,rebalance,121.85,0.0024159260561245986,0.2943805899387823,0.0002943805899387823
2025-04-11,123209,sell,rebalance,134.595,0.0022354670881157895,0.30088269272494467,0.00030088269272494466
2025-04-11,118036,sell,rebalance,123.5,0.002409780400282187,0.2976078794348501,0.0002976078794348501
2025-04-11,113606,sell,rebalance,119.01,0.002394425480410173,0.2849605764236147,0.00028496057642361474
2025-04-11,123220,sell,rebalance,120.989,0.0025553950927163,0.3091746968726525,0.00030917469687265247
2025-04-11,123206,sell,rebalance,125.999,0.002319968116596191,0.29231366272300346,0.0002923136627230035
2025-04-11,113574,sell,rebalance,124.041,0.002438756100269654,0.30250574543354813,0.0003025057454335481
2025-04-11,127079,sell,rebalance_resize,131.61,0.00014382822468186088,0.018929232650379713,1.8929232650379713e-05
2025-04-11,123223,sell,rebalance_resize,132.611,2.9021122557045454e-05,0.0038485200834123545,3.848520083412355e-06
2025-04-11,123166,sell,rebalance_resize,126.99,2.832838038207072e-06,0.00035974210247191607,3.5974210247191606e-07
2025-04-11,123052,sell,rebalance_resize,131.5,8.68506254108363e-05,0.011420857241524973,1.1420857241524974e-05
2025-04-11,113663,sell,rebalance_resize,129.947,7.090925680483911e-05,0.009214445194018428,9.214445194018429e-06
2025-04-11,123221,sell,rebalance_resize,130.762,4.012021872204973e-05,0.005246200040532667,5.246200040532667e-06
2025-04-11,113668,sell,rebalance_resize,125.01,4.5236644414856545e-05,0.005655032918301217,5.655032918301217e-06
2025-04-11,128117,buy,rebalance,134.0,0.0001028312264278195,0.013779384341327814,1.3779384341327813e-05
2025-04-11,123189,buy,rebalance,135.0,0.002225953454862503,0.30050371640643786,0.00030050371640643784
2025-04-11,127078,buy,rebalance,110.999,0.0027072650781217655,0.30050371640643786,0.00030050371640643784
2025-04-11,123056,buy,rebalance,135.0,0.002225953454862503,0.30050371640643786,0.00030050371640643784
2025-04-11,118004,buy,rebalance,129.055,0.002328493405187229,0.30050371640643786,0.00030050371640643784
2025-04-11,123063,buy,rebalance,131.472,0.00228568605031062,0.30050371640643786,0.00030050371640643784
2025-04-11,123221,buy,rebalance,130.762,4.240894472586901e-19,5.5454784302440834e-17,5.545478430244083e-20
2025-04-11,127060,buy,rebalance,109.5,0.002744326177227743,0.30050371640643786,0.00030050371640643784
2025-04-11,113039,buy,rebalance,128.79,0.00233328454388103,0.30050371640643786,0.00030050371640643784
2025-04-11,113598,buy,rebalance,129.565,3.5849634899021617e-05,0.0046448579456917355,4.644857945691736e-06
2025-04-11,127053,buy,rebalance,142.526,0.0021084133169136706,0.30050371640643786,0.00030050371640643784
2025-04-11,123078,buy,rebalance,130.455,0.0023035047825413963,0.30050371640643786,0.00030050371640643784
2025-04-11,118006,buy,rebalance,123.2,0.0024391535422600475,0.30050371640643786,0.00030050371640643784
2025-04-11,127097,buy,rebalance,137.5,0.002185481573865003,0.30050371640643786,0.00030050371640643784
2025-04-17,128117,sell,risk_exit_next_open,131.655,0.002244739976907137,0.2955312416597091,0.00029553124165970914
2025-04-22,127078,sell,rebalance,116.852,0.0027072650781217655,0.31634933890868455,0.00031634933890868454
2025-04-22,123056,sell,rebalance,124.7,0.002225953454862503,0.2775763958213541,0.00027757639582135413
2025-04-22,123063,sell,rebalance,126.9,0.00228568605031062,0.2900535597844177,0.00029005355978441774
2025-04-22,127060,sell,rebalance,105.674,0.002744326177227743,0.2900039244523645,0.00029000392445236453
2025-04-22,127053,sell,rebalance,151.71,0.0021084133169136706,0.319867384308973,0.000319867384308973
2025-04-22,127079,sell,rebalance_resize,135.01,7.835574737509045e-05,0.01057880945311096,1.057880945311096e-05
2025-04-22,118006,sell,rebalance_resize,126.43,8.210673151246592e-05,0.010380754065121067,1.0380754065121067e-05
2025-04-22,113598,sell,rebalance_resize,129.907,2.7689172460053757e-05,0.0035970173267682037,3.597017326768204e-06
2025-04-22,118004,sell,rebalance_resize,133.004,8.794854726704007e-05,0.011697508580705396,1.1697508580705397e-05
2025-04-22,123052,sell,rebalance_resize,135.0,8.010416434900167e-05,0.010814062187115225,1.0814062187115226e-05
2025-04-22,113039,sell,rebalance_resize,127.871,2.7996936584090633e-06,0.0003579996277944253,3.579996277944253e-07
2025-04-22,113668,sell,rebalance_resize,124.262,8.110577789091486e-06,0.0010078366172280862,1.0078366172280861e-06
2025-04-22,123221,sell,rebalance_resize,130.342,1.4128623003451119e-05,0.0018415529795158259,1.841552979515826e-06
2025-04-22,127094,buy,rebalance,115.0,0.002588657308542827,0.2976955904824251,0.0002976955904824251
2025-04-22,123189,buy,rebalance,125.15,0.00015504130474325339,0.019403419288618162,1.9403419288618162e-05
2025-04-22,123223,buy,rebalance,129.66,2.994138585182826e-05,0.0038822000895480523,3.882200089548052e-06
2025-04-22,123078,buy,rebalance,128.469,1.6115525173527998e-05,0.002070345403517968,2.0703454035179682e-06
2025-04-22,127097,buy,rebalance,131.83,7.493926232368206e-05,0.009879242952131006,9.879242952131007e-06
2025-04-22,123173,buy,rebalance,136.32,0.0021837998128112174,0.2976955904824251,0.0002976955904824251
2025-04-22,113606,buy,rebalance,121.5,0.002450169468991153,0.2976955904824251,0.0002976955904824251
2025-04-22,113663,buy,rebalance,126.606,3.88698651465588e-05,0.004921158146745223,4.921158146745223e-06
2025-04-22,113637,buy,rebalance,132.87,0.0022405026754152564,0.2976955904824251,0.0002976955904824251
2025-04-22,113649,buy,rebalance,119.524,0.002490676269890776,0.2976955904824251,0.0002976955904824251
2025-04-22,123166,buy,rebalance,120.799,9.805632115700943e-05,0.011845105539445584,1.1845105539445584e-05
2025-04-22,123221,buy,rebalance,130.342,4.254513536329054e-19,5.545418033522016e-17,5.545418033522016e-20
2025-04-22,111017,buy,rebalance,130.8,0.0022759601718839837,0.2976955904824251,0.0002976955904824251
2025-04-28,123078,sell,risk_exit_next_open,118.996,0.0023196203077149244,0.2760255381368451,0.0002760255381368451
2025-04-28,113637,sell,risk_exit_next_open,128.05,0.0022405026754152564,0.2868963675869236,0.0002868963675869236
2025-05-06,123221,sell,rebalance,131.267,0.0022863039410383206,0.30011625942827724,0.00030011625942827727
2025-05-06,113606,sell,rebalance,121.268,0.002450169468991153,0.29712715116561916,0.0002971271511656192
2025-05-06,111017,sell,rebalance,131.583,0.0022759601718839837,0.2994776672970102,0.0002994776672970102
2025-05-06,127094,sell,rebalance_resize,122.0,0.0001403351487654859,0.01712088814938928,1.712088814938928e-05
2025-05-06,113598,sell,rebalance_resize,134.76,7.74614976317285e-05,0.010438711420851732,1.0438711420851732e-05
2025-05-06,118004,sell,rebalance_resize,141.004,0.00012219854510044168,0.017230483653342676,1.7230483653342676e-05
2025-05-06,118006,sell,rebalance_resize,127.99,2.330742882059036e-05,0.0029831178147473603,2.9831178147473604e-06
2025-05-06,113649,sell,rebalance_resize,125.125,0.00010350101720078089,0.012950564777247708,1.295056477724771e-05
2025-05-06,113668,sell,rebalance_resize,127.199,4.991824413476334e-05,0.006349550735697762,6.349550735697762e-06
2025-05-06,113663,sell,rebalance_resize,128.009,2.033726207147918e-05,0.0026033525805079782,2.6033525805079782e-06
2025-05-06,113039,sell,rebalance_resize,128.888,1.300530602272972e-05,0.0016762278826575883,1.6762278826575884e-06
2025-05-06,127079,buy,rebalance,132.888,4.0425368104154465e-05,0.005372046316624878,5.3720463166248785e-06
2025-05-06,123052,buy,rebalance,134.45,1.4175977216372333e-05,0.00190596013674126,1.90596013674126e-06
2025-05-06,123189,buy,rebalance,119.226,0.00012416190812454208,0.014803327658056654,1.4803327658056654e-05
2025-05-06,123173,buy,rebalance,133.0,6.196467840140561e-05,0.008241302227386947,8.241302227386947e-06
2025-05-06,127096,buy,rebalance,122.185,0.002442059060968257,0.29838298636440647,0.00029838298636440647
2025-05-06,118029,buy,rebalance,109.24,0.00273144440099237,0.29838298636440647,0.00029838298636440647
2025-05-06,123223,buy,rebalance,129.65,5.554129273683189e-06,0.0007200928603330255,7.200928603330255e-07
2025-05-06,113668,buy,rebalance,127.199,4.359555383798795e-19,5.545310852638229e-17,5.545310852638229e-20
2025-05-06,127097,buy,rebalance,130.85,2.2286470847275967e-05,0.0029161847103660603,2.9161847103660605e-06
2025-05-06,111003,buy,rebalance,125.267,0.002381975990200184,0.29838298636440647,0.00029838298636440647
2025-05-06,123166,buy,rebalance,120.248,1.7157059320291153e-05,0.0020631020691463707,2.0631020691463707e-06
2025-05-06,123089,buy,rebalance,138.5,0.002154389793244812,0.29838298636440647,0.00029838298636440647
2025-05-06,123063,buy,rebalance,128.545,0.0023212337030954645,0.29838298636440647,0.00029838298636440647
2025-05-13,123166,sell,rebalance,123.501,0.0024839759833533547,0.3067735179201227,0.0003067735179201227
2025-05-13,123223,sell,rebalance,130.78,0.0023038530641918045,0.3012979037350042,0.0003012979037350042
2025-05-13,127094,sell,rebalance,147.0,0.0024483221597773413,0.35990335748726915,0.00035990335748726913
2025-05-13,118029,sell,rebalance,113.11,0.00273144440099237,0.308953676196247,0.000308953676196247
2025-05-13,123063,sell,rebalance,132.0,0.0023212337030954645,0.3064028488086013,0.0003064028488086013
2025-05-13,127096,sell,rebalance_resize,129.432,6.079512423558821e-05,0.007868834520060652,7.868834520060653e-06
2025-05-13,127097,sell,rebalance_resize,135.503,8.13217689727166e-06,0.0011019343661110017,1.1019343661110017e-06
2025-05-13,113598,sell,rebalance_resize,145.542,9.881569382703093e-05,0.014381833710973735,1.4381833710973735e-05
2025-05-13,127079,buy,rebalance,135.1,3.3646140985191847e-05,0.004545593647099418,4.5455936470994185e-06
2025-05-13,123052,buy,rebalance,137.001,2.8081954459126126e-05,0.0038472558428547386,3.8472558428547385e-06
2025-05-13,127093,buy,rebalance,130.2,0.0023648185124204965,0.30789937031714865,0.0003078993703171487
2025-05-13,123189,buy,rebalance,120.4,5.468613756346667e-05,0.006584210962641388,6.584210962641388e-06
2025-05-13,123173,buy,rebalance,134.938,3.82956775923835e-05,0.005167542142961044,5.167542142961044e-06
2025-05-13,123056,buy,rebalance,127.17,0.002421163563082084,0.30789937031714865,0.0003078993703171487
2025-05-13,113649,buy,rebalance,124.65,8.53555081849165e-05,0.010639564095249842,1.0639564095249841e-05
2025-05-13,113606,buy,rebalance,129.67,0.0023744842316430065,0.30789937031714865,0.0003078993703171487
2025-05-13,118004,buy,rebalance,143.642,2.731980458099317e-05,0.003924271369623021,3.92427136962302e-06
2025-05-13,113668,buy,rebalance,130.89,6.4801876901794205e-06,0.0008481917667675843,8.481917667675843e-07
2025-05-13,123220,buy,rebalance,128.671,0.00239291969687924,0.30789937031714865,0.0003078993703171487
2025-05-13,113039,buy,rebalance,132.394,1.0498639549398143e-05,0.0013899568845030178,1.3899568845030178e-06
2025-05-13,118006,buy,rebalance,125.43,0.000123376566096333,0.01547512268546305,1.547512268546305e-05
2025-05-13,113663,buy,rebalance,130.359,3.0906107522148505e-05,0.004028889270479757,4.028889270479758e-06
2025-05-13,123200,buy,rebalance,127.4,0.0024167925456605073,0.30789937031714865,0.0003078993703171487
2025-05-13,123089,buy,rebalance,142.501,8.475930084486932e-06,0.0012078285129694724,1.2078285129694724e-06
2025-05-13,111003,buy,rebalance,126.738,4.985458443561551e-05,0.006318470322201039,6.318470322201039e-06
2025-05-21,123089,sell,rebalance,152.4,0.0021628657233292987,0.3296207362353851,0.00032962073623538514
2025-05-21,123056,sell,rebalance,172.97,0.002421163563082084,0.41878866150630806,0.0004187886615063081
2025-05-21,127097,sell,rebalance_resize,138.8,3.7807726026391433e-06,0.0005247712372463131,5.247712372463132e-07
2025-05-21,127096,sell,rebalance_resize,132.855,8.855997054043473e-06,0.0011765634886149456,1.1765634886149457e-06
2025-05-21,123189,sell,rebalance_resize,127.19,8.176861057716987e-05,0.010400149579310236,1.0400149579310237e-05
2025-05-21,113649,sell,rebalance_resize,128.58,2.12455156890065e-05,0.002731748407292456,2.731748407292456e-06
2025-05-21,111003,sell,rebalance_resize,133.237,6.622449805043905e-05,0.008823553446746348,8.823553446746348e-06
2025-05-21,113598,buy,rebalance,137.9,0.00016775916438777744,0.02313398876907451,2.313398876907451e-05
2025-05-21,123052,buy,rebalance,139.98,1.974116799330109e-06,0.0002763368695702286,2.7633686957022864e-07
2025-05-21,127079,buy,rebalance,131.07,0.00012326395275583,0.016156206287706636,1.6156206287706636e-05
2025-05-21,111003,buy,rebalance,133.237,4.1620566866371385e-19,5.545399467574724e-17,5.545399467574724e-20
2025-05-21,118029,buy,rebalance,115.0,0.0027379280708113036,0.31486172814329993,0.00031486172814329993
2025-05-21,118004,buy,rebalance,142.6,6.454965705703056e-05,0.009204781096332559,9.204781096332559e-06
2025-05-21,113606,buy,rebalance,126.757,0.00011193965069685806,0.014189134303381638,1.4189134303381639e-05
2025-05-21,113668,buy,rebalance,129.7,7.5307844878596e-05,0.0097674274807539,9.767427480753901e-06
2025-05-21,118006,buy,rebalance,124.6,7.239416088458565e-05,0.009020312446219371,9.02031244621937e-06
2025-05-21,123200,buy,rebalance,129.5,1.7060579043879457e-05,0.00220934498618239,2.20934498618239e-06
2025-05-21,113663,buy,rebalance,128.97,7.949162739732885e-05,0.010252035185433502,1.0252035185433502e-05
2025-05-21,127093,buy,rebalance,128.099,9.557257724264965e-05,0.012242751572206176,1.2242751572206177e-05
2025-05-21,123173,buy,rebalance,132.594,9.292187912975787e-05,0.012320883641331114,1.2320883641331114e-05
2025-05-21,113683,buy,rebalance,132.754,0.002371768294313542,0.31486172814329993,0.00031486172814329993
2025-05-21,113039,buy,rebalance,130.777,8.204191321415014e-05,0.010729195284406912,1.0729195284406911e-05
2025-05-21,123220,buy,rebalance,126.99,8.896558716182835e-05,0.011297739913680582,1.1297739913680581e-05
2025-05-29,113598,sell,risk_exit_next_open,134.765,0.002285441715535781,0.30799755279417945,0.0003079975527941795
2025-06-03,113663,sell,rebalance,128.2,0.002443790726762517,0.31329397117095464,0.00031329397117095466
2025-06-03,118004,sell,rebalance,150.861,0.0022102157744577707,0.33343536195047374,0.00033343536195047375
2025-06-03,113039,sell,rebalance,128.15,0.00241002009696344,0.30884407542586484,0.00030884407542586484
2025-06-03,123173,sell,rebalance,129.8,0.0023769820479347644,0.30853226982193244,0.00030853226982193246
2025-06-03,127093,sell,rebalance,125.93,0.002460391089663146,0.30983704992127997,0.00030983704992128
2025-06-03,123200,sell,rebalance,123.799,0.0024338531247043867,0.3013085829852784,0.0003013085829852784
2025-06-03,127079,sell,rebalance_resize,132.3,6.68195265708237e-05,0.008840223365319977,8.840223365319977e-06
2025-06-03,127097,sell,rebalance_resize,141.5,8.502031612272619e-05,0.012030374731365756,1.2030374731365756e-05
2025-06-03,118029,sell,rebalance_resize,114.508,3.692004639392393e-05,0.004227640672475441,4.227640672475441e-06
2025-06-03,123220,sell,rebalance_resize,125.223,1.1995352798522555e-05,0.0015020940634893898,1.5020940634893897e-06
2025-06-03,113683,sell,rebalance_resize,130.981,1.0456143238307713e-05,0.0013695560974967824,1.3695560974967824e-06
2025-06-03,118006,sell,rebalance_resize,123.041,1.581933217507059e-05,0.0019464264501528605,1.9464264501528604e-06
2025-06-03,113649,buy,rebalance,125.203,1.8979990644933207e-05,0.0023763517687175723,2.376351768717572e-06
2025-06-03,123052,buy,rebalance,135.3,3.425040780400379e-05,0.004634080175881713,4.634080175881713e-06
2025-06-03,123189,buy,rebalance,121.68,6.366787318704727e-05,0.007747106809399913,7.747106809399913e-06
2025-06-03,127096,buy,rebalance,124.2,0.00011770647020420398,0.014619143599362136,1.4619143599362136e-05
2025-06-03,123186,buy,rebalance,147.121,0.0021001343662456835,0.30897386809643124,0.00030897386809643126
2025-06-03,127094,buy,rebalance,131.528,0.00234911097330174,0.30897386809643124,0.00030897386809643126
2025-06-03,113668,buy,rebalance,126.094,2.2765968973367438e-05,0.0028706520917277938,2.870652091727794e-06
2025-06-03,127028,buy,rebalance,126.329,0.0024457873338380835,0.30897386809643124,0.00030897386809643126
2025-06-03,123063,buy,rebalance,130.46,0.0023683417759959467,0.30897386809643124,0.00030897386809643126
2025-06-03,111003,buy,rebalance,126.945,7.070830537428975e-05,0.008976065825739211,8.976065825739211e-06
2025-06-03,123174,buy,rebalance,147.001,0.002101848749984226,0.30897386809643124,0.00030897386809643126
2025-06-03,128120,buy,rebalance,130.9,0.0023603809633035234,0.30897386809643124,0.00030897386809643126
2025-06-03,113606,buy,rebalance,122.497,3.8391095732692e-05,0.004702794053967572,4.702794053967572e-06
2025-06-03,123223,buy,rebalance,131.0,0.002358579145774284,0.30897386809643124,0.00030897386809643126
2025-06-11,123052,sell,rebalance,135.799,0.002285900443558957,0.3104229943348628,0.0003104229943348628
2025-06-11,118006,sell,rebalance,123.337,0.0025136907767328394,0.3100310793298982,0.00031003107932989823
2025-06-11,127096,sell,rebalance,125.048,0.0024901144098828294,0.3113838267270281,0.0003113838267270281
2025-06-11,113606,sell,rebalance,123.0,0.0025248149780725568,0.3105522423029245,0.0003105522423029245
2025-06-11,123186,sell,rebalance,171.5,0.0021001343662456835,0.36017304381113474,0.00036017304381113477
2025-06-11,127028,sell,rebalance,127.906,0.0024457873338380835,0.3128308747218939,0.00031283087472189393
2025-06-11,123174,sell,rebalance,148.997,0.002101848749984226,0.3131691582013998,0.0003131691582013998
2025-06-11,128120,sell,rebalance,134.105,0.0023603809633035234,0.316538889083819,0.000316538889083819
2025-06-11,123223,sell,rebalance,136.655,0.002358579145774284,0.3223116331657848,0.0003223116331657848
2025-06-11,113649,sell,rebalance_resize,128.927,1.8137872649858e-05,0.002338461507128242,2.3384615071282424e-06
2025-06-11,127079,sell,rebalance_resize,138.499,5.51154965343134e-05,0.007633441154505871,7.633441154505871e-06
2025-06-11,123189,sell,rebalance_resize,124.7,6.494076301122674e-06,0.0008098113147499975,8.098113147499975e-07
2025-06-11,113668,sell,rebalance_resize,129.645,1.4258990403598356e-05,0.001848606810874509,1.8486068108745091e-06
2025-06-11,111003,sell,rebalance_resize,129.999,4.407793810247843e-06,0.0005730087875384093,5.730087875384094e-07
2025-06-11,123129,buy,rebalance,137.045,0.0023045579829988005,0.3158281487800706,0.0003158281487800706
2025-06-11,127097,buy,rebalance,136.972,0.00012220575783231333,0.016738767061807623,1.6738767061807624e-05
2025-06-11,123082,buy,rebalance,130.551,0.002419193639114757,0.3158281487800706,0.0003158281487800706
2025-06-11,127078,buy,rebalance,131.4,0.002403562776104038,0.3158281487800706,0.0003158281487800706
2025-06-11,127094,buy,rebalance,133.8,1.3696079148702746e-05,0.0018325353900964275,1.8325353900964276e-06
2025-06-11,123166,buy,rebalance,126.06,0.0025053795714744614,0.3158281487800706,0.0003158281487800706
2025-06-11,118029,buy,rebalance,114.507,5.985846342109899e-05,0.006854213070959782,6.854213070959782e-06
2025-06-11,123220,buy,rebalance,127.145,1.6588544001819094e-05,0.002109150427111289,2.109150427111289e-06
2025-06-11,113683,buy,rebalance,132.296,2.834179054921761e-05,0.0037495055224992927,3.7495055224992926e-06
2025-06-11,113609,buy,rebalance,132.3,0.0023872120089196568,0.3158281487800706,0.0003158281487800706
2025-06-11,123201,buy,rebalance,135.33,0.0023337630147053172,0.3158281487800706,0.0003158281487800706
2025-06-11,123063,buy,rebalance,130.6,5.2321011971059034e-05,0.00683312416342031,6.83312416342031e-06
2025-06-11,123187,buy,rebalance,137.473,0.002297383113630099,0.3158281487800706,0.0003158281487800706
2025-06-11,127043,buy,rebalance,129.899,0.0024313362595560443,0.3158281487800706,0.0003158281487800706
2025-06-11,127093,buy,rebalance,128.6,0.002455895402644406,0.3158281487800706,0.0003158281487800706
2025-06-23,123189,sell,rebalance,121.295,0.0025352479916025197,0.30751290514142765,0.00030751290514142765
2025-06-23,111003,sell,rebalance,126.364,0.002431906588149403,0.3073054441049112,0.00030730544410491117
2025-06-23,123220,sell,rebalance,122.0,0.0024864784752443646,0.30335037397981246,0.0003033503739798125
2025-06-23,118029,sell,rebalance,114.25,0.0027608664878384787,0.3154289962355462,0.00031542899623554624
2025-06-23,123063,sell,rebalance,130.265,0.0024206627879670055,0.31532763807452197,0.000315327638074522
2025-06-23,127078,sell,rebalance,124.082,0.002403562776104038,0.2982388763845412,0.0002982388763845412
2025-06-23,123201,sell,rebalance,129.94,0.0023337630147053172,0.30324916613080893,0.00030324916613080893
2025-06-23,123187,sell,rebalance,138.5,0.002297383113630099,0.3181875612377687,0.0003181875612377687
2025-06-23,127093,sell,rebalance,126.236,0.002455895402644406,0.3100224120482193,0.0003100224120482193
2025-06-23,123082,sell,rebalance_resize,129.5,2.1298591595138097e-05,0.0027581676115703835,2.7581676115703836e-06
2025-06-23,123129,sell,rebalance_resize,139.0,7.054784879886766e-05,0.009806150983042605,9.806150983042606e-06
2025-06-23,123166,sell,rebalance_resize,125.796,3.6879709366042994e-05,0.004639319919410745,4.639319919410745e-06
2025-06-23,127097,sell,rebalance_resize,136.0,2.4690029732470577e-05,0.0033578440436159984,3.3578440436159984e-06
2025-06-23,113668,sell,rebalance_resize,128.731,2.632764407906305e-05,0.0033891839499418652,3.3891839499418653e-06
2025-06-23,113683,sell,rebalance_resize,130.768,1.5010231742901163e-05,0.0019628579845556993,1.9628579845556993e-06
2025-06-23,127043,sell,rebalance_resize,129.701,3.715727362848281e-05,0.0048193355468878485,4.819335546887849e-06
2025-06-23,127079,buy,rebalance,135.179,1.4487594735311313e-05,0.001958418568724648,1.9584185687246483e-06
2025-06-23,113649,buy,rebalance,126.201,8.442137609605261e-06,0.0010654062084697936,1.0654062084697936e-06
2025-06-23,123082,buy,rebalance,129.5,4.2822461991778314e-19,5.5455088279352915e-17,5.545508827935292e-20
2025-06-23,127096,buy,rebalance,126.989,0.0024428398876419543,0.31021379449176417,0.0003102137944917642
2025-06-23,123186,buy,rebalance,148.501,0.002088967713966668,0.31021379449176417,0.0003102137944917642
2025-06-23,123085,buy,rebalance,120.55,0.002573320568160632,0.31021379449176417,0.0003102137944917642
2025-06-23,123155,buy,rebalance,117.988,0.002629197837845918,0.31021379449176417,0.0003102137944917642
2025-06-23,113606,buy,rebalance,125.32,0.0024753734000300368,0.31021379449176417,0.0003102137944917642
2025-06-23,113609,buy,rebalance,128.0,3.874420229633018e-05,0.004959257893930263,4.959257893930263e-06
2025-06-23,127094,buy,rebalance,129.798,2.955285067716461e-05,0.003835900912194612,3.8359009121946125e-06
2025-06-23,123174,buy,rebalance,139.208,0.002228419304147493,0.31021379449176417,0.0003102137944917642
2025-06-23,123209,buy,rebalance,142.033,0.002184096614813207,0.31021379449176417,0.0003102137944917642
2025-06-23,113628,buy,rebalance,121.944,0.002543903713932331,0.31021379449176417,0.0003102137944917642
2025-06-23,113663,buy,rebalance,131.889,0.0023520823911908056,0.31021379449176417,0.0003102137944917642
2025-06-25,127043,sell,risk_exit_next_open,128.5,0.0023941789859275617,0.30765199969169166,0.00030765199969169166
2025-07-01,127079,sell,rebalance,148.59,0.002297142520423109,0.3413324071096698,0.0003413324071096698
2025-07-01,127094,sell,rebalance,138.45,0.0023923599031276076,0.33122222858801725,0.00033122222858801727
2025-07-01,123129,sell,rebalance,151.001,0.0022340101341999327,0.33733776427432405,0.00033733776427432406
2025-07-01,113609,sell,rebalance,144.999,0.002425956211215987,0.3517612246701069,0.0003517612246701069
2025-07-01,123174,sell,rebalance,152.451,0.002228419304147493,0.3397247513365894,0.0003397247513365894
2025-07-01,123209,sell,rebalance,151.4,0.002184096614813207,0.3306722274827195,0.0003306722274827195
2025-07-01,113628,sell,rebalance,126.16,0.002543903713932331,0.32093889254970287,0.00032093889254970287
2025-07-01,113663,sell,rebalance,135.835,0.0023520823911908056,0.31949511160740307,0.00031949511160740305
2025-07-01,123082,sell,rebalance_resize,138.0,3.792554238926257e-05,0.005233724849718235,5.233724849718236e-06
2025-07-01,113668,sell,rebalance_resize,136.014,1.7790892438055175e-05,0.0024198104440696366,2.4198104440696366e-06
2025-07-01,123085,sell,rebalance_resize,127.011,9.166347597143451e-06,0.001164226974660787,1.164226974660787e-06
2025-07-01,127097,sell,rebalance_resize,146.46,5.9639682745521986e-05,0.00873482793490915,8.734827934909151e-06
2025-07-01,113649,buy,rebalance,129.8,4.844026271124394e-05,0.006287546099919464,6.287546099919464e-06
2025-07-01,123082,buy,rebalance,138.0,4.0185051279432067e-19,5.545537076561625e-17,5.545537076561625e-20
2025-07-01,118044,buy,rebalance,128.89,0.0025242341212513876,0.3253485358880913,0.0003253485358880913
2025-07-01,123186,buy,rebalance,148.28,0.00010728121235303261,0.015907658167707676,1.5907658167707677e-05
2025-07-01,127096,buy,rebalance,128.984,8.200933246049726e-05,0.01057789173808478,1.057789173808478e-05
2025-07-01,123183,buy,rebalance,126.871,0.002564404283785036,0.3253485358880913,0.0003253485358880913
2025-07-01,113606,buy,rebalance,131.29,5.204742794491882e-06,0.0006833306814888391,6.833306814888391e-07
2025-07-01,123166,buy,rebalance,128.159,7.261259348579485e-05,0.009305957368545982,9.305957368545983e-06
2025-07-01,113683,buy,rebalance,132.8,7.765612835652595e-05,0.010312733845746647,1.0312733845746647e-05
2025-07-01,118014,buy,rebalance,125.3,0.002596556551381415,0.3253485358880913,0.0003253485358880913
2025-07-01,118028,buy,rebalance,137.755,0.002361791121106975,0.3253485358880913,0.0003253485358880913
2025-07-01,123156,buy,rebalance,135.0,0.002409989154726602,0.3253485358880913,0.0003253485358880913
2025-07-01,123155,buy,rebalance,118.94,0.00010884461915795744,0.012945979002647457,1.2945979002647458e-05
2025-07-01,127093,buy,rebalance,130.5,0.0024930922290275197,0.3253485358880913,0.0003253485358880913
2025-07-01,123126,buy,rebalance,126.215,0.00257773272501756,0.3253485358880913,0.0003253485358880913
2025-07-01,123189,buy,rebalance,124.0,0.002623778515226543,0.3253485358880913,0.0003253485358880913
2025-07-01,123220,buy,rebalance,128.18,0.0025382160702768866,0.3253485358880913,0.0003253485358880913
2025-07-07,118028,sell,risk_exit_next_open,124.0,0.002361791121106975,0.2928620990172649,0.0002928620990172649
2025-07-11,123186,sell,risk_exit_next_open,149.8,0.0021962489263197007,0.3289980891626912,0.00032899808916269117
2025-07-11,123155,sell,rebalance,118.249,0.0027380424570038753,0.32377078249825125,0.0003237707824982513
2025-07-11,118044,sell,rebalance,126.67,0.0025242341212513876,0.3197447361389133,0.0003197447361389133
2025-07-11,123183,sell,rebalance,122.758,0.002564404283785036,0.31480114106888346,0.0003148011410688835
2025-07-11,118014,sell,rebalance,128.46,0.002596556551381415,0.3335536545904566,0.0003335536545904566
2025-07-11,127093,sell,rebalance,130.168,0.0024930922290275197,0.3245208292680542,0.0003245208292680542
2025-07-11,123126,sell,rebalance,127.496,0.00257773272501756,0.32865061150883884,0.00032865061150883884
2025-07-11,123220,sell,rebalance,129.08,0.0025382160702768866,0.32763293035134056,0.0003276329303513406
2025-07-11,113649,sell,rebalance_resize,131.5,4.4275886267010395e-05,0.005822279044111867,5.822279044111867e-06
2025-07-11,127096,sell,rebalance_resize,134.834,0.00012106008044643915,0.016323014886915177,1.6323014886915176e-05
2025-07-11,123189,sell,rebalance_resize,127.2,7.572423176444597e-05,0.009632122280437527,9.632122280437527e-06
2025-07-11,113606,sell,rebalance_resize,132.011,2.538497819143887e-05,0.0033510963560300366,3.3510963560300365e-06
2025-07-11,113668,sell,rebalance_resize,136.8,2.5184997194852576e-05,0.0034453076162558327,3.4453076162558327e-06
2025-07-11,123085,sell,rebalance_resize,127.598,2.4047754503058368e-05,0.0030684453790812416,3.0684453790812416e-06
2025-07-11,113683,sell,rebalance_resize,133.888,3.1526469031137133e-05,0.004221015885640889,4.221015885640889e-06
2025-07-11,123166,sell,rebalance_resize,127.59,8.46722728167519e-07,0.00010803335288689375,1.0803335288689375e-07
2025-07-11,123082,buy,rebalance,132.8,8.05548893470997e-05,0.010697689305294841,1.0697689305294841e-05
2025-07-11,111013,buy,rebalance,129.9,0.002492560809092964,0.3237836491011761,0.0003237836491011761
2025-07-11,123129,buy,rebalance,133.63,0.0024229862239106194,0.3237836491011761,0.0003237836491011761
2025-07-11,113649,buy,rebalance,131.5,4.217097163319314e-19,5.545482769764898e-17,5.545482769764898e-20
2025-07-11,113657,buy,rebalance,132.796,0.002438203327669328,0.3237836491011761,0.0003237836491011761
2025-07-11,123141,buy,rebalance,134.791,0.002402116232546506,0.3237836491011761,0.0003237836491011761
2025-07-11,123156,buy,rebalance,131.9,4.722220748243018e-05,0.006228609166932541,6.228609166932541e-06
2025-07-11,123200,buy,rebalance,134.781,0.002402294456200622,0.3237836491011761,0.0003237836491011761
2025-07-11,127097,buy,rebalance,144.113,2.5340606216439048e-05,0.0036519107836696808,3.6519107836696807e-06
2025-07-11,123232,buy,rebalance,134.0,0.002416295888814747,0.3237836491011761,0.0003237836491011761
2025-07-11,113656,buy,rebalance,128.139,0.0025268157945760156,0.3237836491011761,0.0003237836491011761
2025-07-11,113683,buy,rebalance,133.888,4.14188184883253e-19,5.545482769764898e-17,5.545482769764898e-20
2025-07-11,127079,buy,rebalance,144.21,0.0022452232792536998,0.3237836491011761,0.0003237836491011761
2025-07-11,118023,buy,rebalance,129.45,0.0025012255627746317,0.3237836491011761,0.0003237836491011761
2025-07-16,123082,sell,risk_exit_next_open,120.4,0.0024405243944774562,0.29383913709508575,0.0002938391370950858
2025-07-16,118023,sell,risk_exit_next_open,116.517,0.0025012255627746317,0.2914352988978118,0.00029143529889781177
2025-07-22,123085,sell,rebalance,130.89,0.00254010646606043,0.33247453534264965,0.00033247453534264963
2025-07-22,123156,sell,rebalance,185.64,0.0024572113622090322,0.45615671728048474,0.0004561567172804847
2025-07-22,123129,sell,rebalance,139.7,0.0024229862239106194,0.3384911754803135,0.0003384911754803135
2025-07-22,123141,sell,rebalance,149.501,0.002402116232546506,0.3591187788819352,0.00035911877888193525
2025-07-22,123200,sell,rebalance,138.0,0.002402294456200622,0.33151663495568584,0.00033151663495568586
2025-07-22,123232,sell,rebalance,142.263,0.002416295888814747,0.34374950203045235,0.00034374950203045233
2025-07-22,113656,sell,rebalance,129.0,0.0025268157945760156,0.32595923750030603,0.00032595923750030606
2025-07-22,127079,sell,rebalance,146.506,0.0022452232792536998,0.3289386817503425,0.0003289386817503425
2025-07-22,127096,sell,rebalance_resize,141.0,3.183495843532292e-05,0.004488729139380532,4.488729139380532e-06
2025-07-22,123177,buy,rebalance,145.532,0.0022957905298072526,0.3341109873839091,0.0003341109873839091
2025-07-22,127077,buy,rebalance,140.001,0.0023864900063850195,0.3341109873839091,0.0003341109873839091
2025-07-22,113649,buy,rebalance,133.199,4.609122010804715e-05,0.006139304427171773,6.139304427171773e-06
2025-07-22,118014,buy,rebalance,133.978,0.002493775003238659,0.3341109873839091,0.0003341109873839091
2025-07-22,113657,buy,rebalance,130.079,0.00013275929928743555,0.01726919689201033,1.7269196892010332e-05
2025-07-22,113681,buy,rebalance,135.18,0.002471600735196842,0.3341109873839091,0.0003341109873839091
2025-07-22,123160,buy,rebalance,139.0,0.0024036761682295618,0.3341109873839091,0.0003341109873839091
2025-07-22,127097,buy,rebalance,147.0,2.6122874491499686e-05,0.0038400625502504537,3.840062550250454e-06
2025-07-22,118029,buy,rebalance,127.91,0.0026120787067774928,0.3341109873839091,0.0003341109873839091
2025-07-22,113606,buy,rebalance,135.38,1.5212193661671185e-05,0.002059426777917045,2.059426777917045e-06
2025-07-22,123166,buy,rebalance,131.2,8.852990503088564e-06,0.0011615123540052194,1.1615123540052194e-06
2025-07-22,118006,buy,rebalance,130.0,0.0025700845183377623,0.3341109873839091,0.0003341109873839091
2025-07-22,118007,buy,rebalance,136.15,0.002453991828012553,0.3341109873839091,0.0003341109873839091
2025-07-22,123189,buy,rebalance,128.346,5.769988280886428e-05,0.007405549158986495,7.4055491589864955e-06
2025-07-22,111013,buy,rebalance,133.326,1.5902780141973603e-05,0.0021202540652087726,2.120254065208773e-06
2025-07-22,123220,buy,rebalance,136.258,0.002452046759705185,0.3341109873839091,0.0003341109873839091
2025-07-22,113683,buy,rebalance,134.66,6.27931884634043e-05,0.008455730758482024,8.455730758482024e-06
2025-07-22,113646,buy,rebalance,138.522,0.002411970570623505,0.3341109873839091,0.0003341109873839091
2025-07-22,113668,buy,rebalance,137.02,7.1536901225673e-05,0.009801986205941715,9.801986205941716e-06
2025-07-31,113668,sell,rebalance,138.494,0.0024407803577781496,0.33803343487012705,0.00033803343487012706
2025-07-31,113683,sell,rebalance,137.15,0.0024835665576703444,0.34062115338448773,0.0003406211533844877
2025-07-31,123189,sell,rebalance,128.428,0.0026057541662709615,0.33465179606584705,0.0003346517960658471
2025-07-31,111013,sell,rebalance,130.0,0.0025084635892349376,0.32610026660054187,0.0003261002666005419
2025-07-31,123177,sell,rebalance,155.189,0.0022957905298072526,0.3562814365302577,0.0003562814365302577
2025-07-31,123160,sell,rebalance,147.0,0.0024036761682295618,0.3533403967297456,0.00035334039672974563
2025-07-31,127096,sell,rebalance_resize,145.061,2.0903698051908787e-05,0.0030323113431079407,3.0323113431079407e-06
2025-07-31,113606,sell,rebalance_resize,141.117,5.364668188478502e-05,0.0075704588075352075,7.570458807535208e-06
2025-07-31,123166,sell,rebalance_resize,135.5,3.2176035996835685e-05,0.004359852877571235,4.359852877571235e-06
2025-07-31,118006,sell,rebalance_resize,134.9,4.1947126648018e-05,0.005658667384817628,5.658667384817628e-06
2025-07-31,118014,sell,rebalance_resize,147.623,0.00018352704635560868,0.027092813164154017,2.7092813164154018e-05
2025-07-31,113657,sell,rebalance_resize,133.49,1.612155916931562e-05,0.0021520669335119424,2.1520669335119424e-06
2025-07-31,123087,buy,rebalance,135.8,0.0025088138926899614,0.3406969266272968,0.0003406969266272968
2025-07-31,123141,buy,rebalance,136.0,0.0025051244604948294,0.3406969266272968,0.0003406969266272968
2025-07-31,127077,buy,rebalance,136.0,0.00012107525766598302,0.01646623504257369,1.646623504257369e-05
2025-07-31,123203,buy,rebalance,149.213,0.0022832925189313047,0.3406969266272968,0.0003406969266272968
2025-07-31,123166,buy,rebalance,135.5,4.0925739273166055e-19,5.545437671514001e-17,5.545437671514001e-20
2025-07-31,118007,buy,rebalance,136.4,4.629606807522887e-05,0.006314783685461218,6.314783685461218e-06
2025-07-31,113646,buy,rebalance,140.6,1.3660778661072201e-05,0.0019207054797467514,1.9207054797467516e-06
2025-07-31,127097,buy,rebalance,146.301,5.595288662756079e-05,0.00818596326649877,8.18596326649877e-06
2025-07-31,118029,buy,rebalance,129.55,2.0441732197575584e-05,0.0026482264061959172,2.6482264061959172e-06
2025-07-31,113597,buy,rebalance,134.999,0.002523699632051325,0.3406969266272968,0.0003406969266272968
2025-07-31,113649,buy,rebalance,134.334,2.7935693587904195e-05,0.0037527134624375223,3.752713462437522e-06
2025-07-31,113681,buy,rebalance,133.6,8.105381241477063e-05,0.010828789338613354,1.0828789338613354e-05
2025-07-31,123130,buy,rebalance,144.069,0.0023648177375236645,0.3406969266272968,0.0003406969266272968
2025-07-31,123220,buy,rebalance,138.922,2.894304233509465e-06,0.0004020825327276019,4.020825327276019e-07
2025-07-31,113656,buy,rebalance,128.69,0.002647423472121352,0.3406969266272968,0.0003406969266272968
2025-08-01,123087,sell,risk_exit_next_open,131.4,0.0025088138926899614,0.32965814549946093,0.00032965814549946093
2025-08-04,123141,sell,risk_exit_next_open,129.01,0.0025051244604948294,0.32318610664843794,0.00032318610664843796
2025-08-12,113606,sell,rebalance,182.4,0.002416758676409976,0.44081678257717966,0.00044081678257717967
2025-08-12,113681,sell,rebalance,139.0,0.0025526545476116124,0.3548189821180141,0.0003548189821180141
2025-08-12,123203,sell,rebalance,153.0,0.0022832925189313047,0.34934375539648965,0.00034934375539648967
2025-08-12,113597,sell,rebalance,140.35,0.002523699632051325,0.3542012433584034,0.0003542012433584034
2025-08-12,123130,sell,rebalance,151.771,0.0023648177375236645,0.35891075284170404,0.00035891075284170406
2025-08-12,118007,sell,rebalance_resize,146.018,4.7576058732103667e-05,0.006946960943944314,6.946960943944314e-06
2025-08-12,113646,sell,rebalance_resize,148.944,2.1102955613120236e-05,0.0031431586208405804,3.1431586208405803e-06
2025-08-12,123220,sell,rebalance_resize,148.37,4.1110255372262756e-05,0.006099528589582626,6.099528589582626e-06
2025-08-12,127096,sell,rebalance_resize,154.0,2.5465567149290504e-05,0.003921697340990737,3.921697340990737e-06
2025-08-12,118014,sell,rebalance_resize,165.0,0.0001397020352648595,0.02305083581870182,2.305083581870182e-05
2025-08-12,118029,sell,rebalance_resize,139.65,6.796564436710966e-05,0.009491402235866864,9.491402235866864e-06
2025-08-12,113656,sell,rebalance_resize,135.704,8.296570430897423e-06,0.001125877793754504,1.125877793754504e-06
2025-08-12,123206,buy,rebalance,129.998,0.0027521560723270827,0.3577747850903761,0.0003577747850903761
2025-08-12,113686,buy,rebalance,141.951,0.002520410459175181,0.3577747850903761,0.0003577747850903761
2025-08-12,123242,buy,rebalance,157.0,0.0022788202871998476,0.3577747850903761,0.0003577747850903761
2025-08-12,127097,buy,rebalance,149.95,5.727171684163101e-05,0.00858789394040257,8.58789394040257e-06
2025-08-12,118006,buy,rebalance,138.0,6.701213794387288e-05,0.009247675036254456,9.247675036254456e-06
2025-08-12,123189,buy,rebalance,138.7,0.002579486554364644,0.3577747850903761,0.0003577747850903761
2025-08-12,123220,buy,rebalance,148.37,3.7375838475966996e-19,5.5454531546792236e-17,5.545453154679223e-20
2025-08-12,127077,buy,rebalance,138.33,8.137844638383016e-05,0.011257080488275227,1.1257080488275227e-05
2025-08-12,128130,buy,rebalance,131.0,0.0027311052296975272,0.3577747850903761,0.0003577747850903761
2025-08-12,123126,buy,rebalance,132.358,0.0027030839472519685,0.3577747850903761,0.0003577747850903761
2025-08-12,118029,buy,rebalance,139.65,3.9709653810807186e-19,5.5454531546792236e-17,5.545453154679223e-20
2025-08-12,113657,buy,rebalance,133.795,0.00012181677551695206,0.0162984754802906,1.62984754802906e-05
2025-08-12,123166,buy,rebalance,139.986,4.141427574447807e-05,0.005797418804366507,5.797418804366507e-06
2025-08-12,123207,buy,rebalance,127.972,0.0027957270738159603,0.3577747850903761,0.0003577747850903761
2025-08-12,113649,buy,rebalance,139.5,2.8522467725700258e-05,0.003978884247735186,3.978884247735186e-06
2025-08-13,123206,sell,risk_exit_next_open,129.4,0.0027521560723270827,0.3561289957591245,0.0003561289957591245
2025-08-18,118014,sell,risk_exit_next_open,156.0,0.002170545921618191,0.33860516377243777,0.0003386051637724378
2025-08-21,113649,sell,rebalance,137.35,0.0025672832586564713,0.3526163555764663,0.0003526163555764663
2025-08-21,118029,sell,rebalance,146.4,0.002564554794607959,0.3754508219306052,0.0003754508219306052
2025-08-21,113656,sell,rebalance,136.585,0.0026391269016904544,0.36046514786739076,0.0003604651478673908
2025-08-21,123207,sell,rebalance,131.3,0.0027957270738159603,0.3670789647920356,0.0003670789647920356
2025-08-21,127077,sell,rebalance_resize,150.404,0.0001754735512754549,0.026391924006033518,2.639192400603352e-05
2025-08-21,113657,sell,rebalance_resize,146.941,0.00020630875204867834,0.030315214334784846,3.0315214334784845e-05
2025-08-21,123166,sell,rebalance_resize,142.66,1.3876619515157423e-05,0.001979638540032358,1.979638540032358e-06
2025-08-21,113686,sell,rebalance_resize,146.45,4.177907769203208e-05,0.006118545927998098,6.118545927998098e-06
2025-08-21,123220,sell,rebalance_resize,153.9,5.518515672622972e-05,0.008492995620166754,8.492995620166754e-06
2025-08-21,123130,buy,rebalance,136.301,0.002290090668845952,0.3121416482543721,0.0003121416482543721
2025-08-21,123242,buy,rebalance,156.8,3.113066583362148e-05,0.004881288402711848,4.8812884027118484e-06
2025-08-21,118007,buy,rebalance,147.555,6.3269524289280825e-06,0.0009335734656504833,9.335734656504833e-07
2025-08-21,123232,buy,rebalance,154.0,0.002026893819833585,0.3121416482543721,0.0003121416482543721
2025-08-21,123159,buy,rebalance,138.832,0.0022483407878181694,0.3121416482543721,0.0003121416482543721
2025-08-21,118006,buy,rebalance,139.555,5.111017433531682e-06,0.0007132680379365138,7.132680379365138e-07
2025-08-21,127097,buy,rebalance,149.3,3.6957344915495124e-05,0.005517731595883422,5.517731595883422e-06
2025-08-21,123198,buy,rebalance,135.105,0.0023103634081223646,0.3121416482543721,0.0003121416482543721
2025-08-21,128130,buy,rebalance,131.199,3.065591232747447e-05,0.004022025041452324,4.0220250414523235e-06
2025-08-21,123189,buy,rebalance,138.246,3.975809775305742e-05,0.005496397981969176,5.4963979819691766e-06
2025-08-21,127096,buy,rebalance,150.781,7.038390644292249e-05,0.010612555797370296,1.0612555797370295e-05
2025-08-21,123155,buy,rebalance,128.931,0.002420997651878695,0.3121416482543721,0.0003121416482543721
2025-08-21,123126,buy,rebalance,133.0,2.2534684869220216e-05,0.0029971130876062886,2.9971130876062886e-06
2025-08-21,118009,buy,rebalance,137.141,0.0022760636735503757,0.3121416482543721,0.0003121416482543721
2025-08-21,128127,buy,rebalance,125.0,0.0024971331860349764,0.3121416482543721,0.0003121416482543721
2025-08-25,123130,sell,risk_exit_next_open,125.9,0.002290090668845952,0.28832241520770535,0.0002883224152077054
2025-08-26,123232,sell,risk_exit_next_open,148.05,0.002026893819833585,0.30008163002636223,0.00030008163002636225
2025-08-28,127077,sell,risk_exit_next_open,144.37,0.002413470159159378,0.3484326868778394,0.0003484326868778394
2025-09-11,127096,sell,rebalance,163.0,0.0023959688224624125,0.39054291806137326,0.00039054291806137325
2025-09-11,118006,sell,rebalance,127.854,0.0026002605470671486,0.33245371198472323,0.00033245371198472326
2025-09-11,123220,sell,rebalance,142.904,0.002358645651840202,0.3370598982305722,0.0003370598982305722
2025-09-11,128130,sell,rebalance,154.253,0.0027617611420250017,0.4260099414407826,0.00042600994144078257
2025-09-11,123155,sell,rebalance,120.874,0.002420997651878695,0.29263567017318537,0.00029263567017318536
2025-09-11,128127,sell,rebalance,119.018,0.0024971331860349764,0.2972037975355108,0.0002972037975355108
2025-09-11,123189,sell,rebalance_resize,140.916,0.00010182455227599025,0.014348708608523442,1.4348708608523442e-05
2025-09-11,123126,sell,rebalance_resize,131.158,2.0905455728634955e-05,0.0027419177624563034,2.7419177624563032e-06
2025-09-11,127097,buy,rebalance,139.387,0.00011961902868403629,0.016673337551181767,1.6673337551181767e-05
2025-09-11,123166,buy,rebalance,133.649,0.00010971104952967988,0.014662772058592188,1.4662772058592188e-05
2025-09-11,123089,buy,rebalance,139.44,0.0025415116755245363,0.35438838803514133,0.0003543883880351413
2025-09-11,118007,buy,rebalance,139.513,8.361343603521819e-05,0.011665161301581396,1.1665161301581396e-05
2025-09-11,123159,buy,rebalance,149.058,0.0001314380140303654,0.019591887495338207,1.9591887495338205e-05
2025-09-11,118029,buy,rebalance,137.001,0.0025867576735581588,0.35438838803514133,0.0003543883880351413
2025-09-11,113657,buy,rebalance,136.415,0.0001300023123436054,0.01773426543835293,1.7734265438352928e-05
2025-09-11,113686,buy,rebalance,141.09,3.564824764189278e-05,0.005029611259794653,5.029611259794653e-06
2025-09-11,113681,buy,rebalance,134.222,0.002640315209392956,0.35438838803514133,0.0003543883880351413
2025-09-11,128137,buy,rebalance,135.6,0.0026134836875747885,0.35438838803514133,0.0003543883880351413
2025-09-11,123242,buy,rebalance,149.77,5.858711745173018e-05,0.00877459258074563,8.77459258074563e-06
2025-09-11,118009,buy,rebalance,139.7,0.0002630044888935274,0.036741727098425776,3.674172709842578e-05
2025-09-11,123185,buy,rebalance,136.305,0.002599966164375051,0.35438838803514133,0.0003543883880351413
2025-09-11,111004,buy,rebalance,133.158,0.0026614126679218777,0.35438838803514133,0.0003543883880351413
2025-09-11,123198,buy,rebalance,129.259,0.0004336497917680322,0.05605313843414407,5.605313843414407e-05
2025-09-11,113646,buy,rebalance,141.337,0.00010528719650095664,0.014880976491855708,1.4880976491855708e-05
2025-09-11,123085,buy,rebalance,136.337,0.0025993559197807006,0.35438838803514133,0.0003543883880351413
2025-09-11,127069,buy,rebalance,131.599,0.002692941344806126,0.35438838803514133,0.0003543883880351413
2025-09-17,123089,sell,risk_exit_next_open,131.426,0.0025415116755245363,0.3340207134674877,0.0003340207134674877
2025-09-18,127097,sell,risk_exit_next_open,129.9,0.002544914544544306,0.33058439933630535,0.0003305843993363054
2025-09-23,113646,sell,rebalance,144.2,0.0025098155901724134,0.361915408102862,0.000361915408102862
2025-09-23,123126,sell,rebalance,126.299,0.002704713176392554,0.3416025694652032,0.00034160256946520317
2025-09-23,123159,sell,rebalance,186.48,0.0023797788018485345,0.4437811509687147,0.00044378115096871466
2025-09-23,123198,sell,rebalance,127.56,0.0027440131998903968,0.350026323778019,0.000350026323778019
2025-09-23,123185,sell,rebalance,138.398,0.002599966164375051,0.3598301172171783,0.0003598301172171783
2025-09-23,123085,sell,rebalance,138.337,0.0025993559197807006,0.3595870998747028,0.00035958709987470277
2025-09-23,127069,sell,rebalance,125.905,0.002692941344806126,0.33905478001781525,0.00033905478001781524
2025-09-23,111004,sell,rebalance_resize,141.9,0.00015869704408276057,0.022519110555343724,2.2519110555343725e-05
2025-09-23,118029,sell,rebalance_resize,137.324,6.44925438597146e-07,8.856374092991448e-05,8.856374092991448e-08
2025-09-23,118009,sell,rebalance_resize,144.648,8.38987371993734e-05,0.012135784538414962,1.2135784538414963e-05
2025-09-23,123166,buy,rebalance,127.5,0.00013105142464695153,0.01670905664248632,1.670905664248632e-05
2025-09-23,118007,buy,rebalance,139.568,1.8786266855888959e-06,0.00026219616925427105,2.6219616925427106e-07
2025-09-23,113657,buy,rebalance,133.98,5.025720626416753e-05,0.0067334604952731655,6.733460495273166e-06
2025-09-23,113686,buy,rebalance,138.304,5.345431213326371e-05,0.007392945185278904,7.392945185278904e-06
2025-09-23,123189,buy,rebalance,137.825,5.923214788884238e-05,0.0081636707827797,8.1636707827797e-06
2025-09-23,113671,buy,rebalance,128.262,0.0027660318410225268,0.3547767759932313,0.0003547767759932313
2025-09-23,113681,buy,rebalance,131.088,6.8752272278165e-05,0.009012597868400094,9.012597868400095e-06
2025-09-23,128137,buy,rebalance,135.814,1.3804467094863194e-06,0.00018748398940217497,1.8748398940217498e-07
2025-09-23,113656,buy,rebalance,131.396,0.0027000576577158463,0.3547767759932313,0.0003547767759932313
2025-09-23,123242,buy,rebalance,146.9,4.8943755868937545e-05,0.007189837737146926,7.1898377371469265e-06
2025-09-23,123080,buy,rebalance,138.4,0.002563416011511787,0.3547767759932313,0.0003547767759932313
2025-09-23,127044,buy,rebalance,122.18,0.00290372218033419,0.3547767759932313,0.0003547767759932313
2025-09-23,118040,buy,rebalance,126.985,0.002793847903242362,0.3547767759932313,0.0003547767759932313
2025-09-23,111013,buy,rebalance,128.478,0.002761381528302365,0.3547767759932313,0.0003547767759932313
2025-09-23,113628,buy,rebalance,142.45,0.0024905354580079422,0.3547767759932313,0.0003547767759932313
2025-09-23,123223,buy,rebalance,139.3,0.0025468540990181716,0.3547767759932313,0.0003547767759932313
2025-09-23,127026,buy,rebalance,133.5,0.0026575039400242046,0.3547767759932313,0.0003547767759932313
2025-10-09,123166,sell,risk_exit_next_open,121.15,0.002785242817778251,0.33743216737383513,0.00033743216737383515
2025-10-09,113656,sell,rebalance,132.901,0.0027000576577158463,0.3588403627680937,0.00035884036276809375
2025-10-09,118040,sell,rebalance,131.516,0.002793847903242362,0.36743570084282245,0.00036743570084282246
2025-10-09,111013,sell,rebalance,131.567,0.002761381528302365,0.3633066835341573,0.0003633066835341573
2025-10-09,123223,sell,rebalance,139.288,0.0025468540990181716,0.35474621374404314,0.00035474621374404316
2025-10-09,127026,sell,rebalance,136.362,0.0026575039400242046,0.36238255226958055,0.00036238255226958056
2025-10-09,113671,sell,rebalance_resize,145.957,0.0002846102937268369,0.04154086464148793,4.154086464148793e-05
2025-10-09,118029,sell,rebalance_resize,140.299,4.620044831320343e-06,0.0006481876697894129,6.481876697894129e-07
2025-10-09,128137,sell,rebalance_resize,142.79,7.840608555091127e-05,0.01119560495581462,1.119560495581462e-05
2025-10-09,123080,sell,rebalance_resize,142.299,1.820596239944623e-05,0.0025906902434787993,2.5906902434787992e-06
2025-10-09,113657,sell,rebalance_resize,138.833,4.1856765715223555e-05,0.005811100354541632,5.811100354541632e-06
2025-10-09,123242,sell,rebalance_resize,151.052,1.975889134740403e-05,0.0029846200558080738,2.984620055808074e-06
2025-10-09,113681,sell,rebalance_resize,135.979,4.556175815030568e-05,0.006195442311520416,6.195442311520416e-06
2025-10-09,127044,sell,rebalance_resize,126.865,4.886981933125771e-05,0.006199869629460009,6.199869629460009e-06
2025-10-09,113686,buy,rebalance,141.007,7.961927536290172e-07,0.00011226875161096684,1.1226875161096684e-07
2025-10-09,113628,buy,rebalance,138.393,0.00012637975176173563,0.01749007298556188,1.7490072985561883e-05
2025-10-09,118007,buy,rebalance,142.251,1.536441359639738e-06,0.00021856031985011237,2.1856031985011237e-07
2025-10-09,123243,buy,rebalance,142.465,0.0025396164625679455,0.36180645933974237,0.0003618064593397424
2025-10-09,111004,buy,rebalance,139.881,8.640183034920193e-05,0.012085974431076715,1.2085974431076715e-05
2025-10-09,123189,buy,rebalance,135.5,9.616960280358482e-05,0.013030981179885744,1.3030981179885745e-05
2025-10-09,113649,buy,rebalance,140.14,0.002581750102324407,0.36180645933974237,0.0003618064593397424
2025-10-09,128137,buy,rebalance,142.79,3.883589151356988e-19,5.5453769492226425e-17,5.545376949222643e-20
2025-10-09,123246,buy,rebalance,168.488,0.0021473722718516595,0.36180645933974237,0.0003618064593397424
2025-10-09,118009,buy,rebalance,145.176,3.956043284260548e-05,0.005743225398358092,5.743225398358093e-06
2025-10-09,123092,buy,rebalance,137.2,0.0026370733188027873,0.36180645933974237,0.0003618064593397424
2025-10-09,118006,buy,rebalance,130.62,0.00276991624054312,0.36180645933974237,0.0003618064593397424
2025-10-09,123201,buy,rebalance,153.31,0.0023599664688522754,0.36180645933974237,0.0003618064593397424
2025-10-13,111004,sell,rebalance,129.343,0.002589117454188319,0.3348842188770797,0.0003348842188770797
2025-10-13,123092,sell,rebalance,134.53,0.0026370733188027873,0.354765473578539,0.000354765473578539
2025-10-13,118006,sell,rebalance,129.0,0.00276991624054312,0.3573191950300625,0.0003573191950300625
2025-10-13,123201,sell,rebalance,152.903,0.0023599664688522754,0.36084595298691946,0.00036084595298691946
2025-10-13,123243,sell,rebalance_resize,140.0,1.934705420633517e-05,0.0027085875888869237,2.7085875888869236e-06
2025-10-13,123189,sell,rebalance_resize,137.6,0.00010859425481738358,0.01494256946287198,1.494256946287198e-05
2025-10-13,113657,sell,rebalance_resize,137.512,4.288328598152664e-05,0.005896966421891692,5.896966421891692e-06
2025-10-13,123080,sell,rebalance_resize,139.598,1.7683027445659162e-05,0.002468515265359128,2.468515265359128e-06
2025-10-13,113681,sell,rebalance_resize,135.728,6.391155598997829e-05,0.008674587671407774,8.674587671407775e-06
2025-10-13,123242,sell,rebalance_resize,150.0,4.5471487202563e-05,0.00682072308038445,6.82072308038445e-06
2025-10-13,123246,sell,rebalance_resize,166.566,2.906651214904647e-05,0.004841492662618074,4.841492662618074e-06
2025-10-13,113686,buy,rebalance,136.9,8.799844029077552e-06,0.001204698647580717,1.204698647580717e-06
2025-10-13,113628,buy,rebalance,133.81,1.9920351778322332e-05,0.0026655422714573114,2.6655422714573112e-06
2025-10-13,118007,buy,rebalance,137.001,2.9341418291457677e-05,0.0040198036473479935,4.0198036473479936e-06
2025-10-13,113671,buy,rebalance,140.88,2.3081303479755772e-05,0.003251694034227993,3.251694034227993e-06
2025-10-13,113657,buy,rebalance,137.512,4.0326608661556243e-19,5.5453926102679223e-17,5.545392610267922e-20
2025-10-13,128137,buy,rebalance,137.11,3.689544014780728e-05,0.005058733798665857,5.058733798665857e-06
2025-10-13,118029,buy,rebalance,133.8,5.550321332728885e-05,0.007426329943191249,7.426329943191249e-06
2025-10-13,113649,buy,rebalance,134.0,5.13142367764222e-05,0.006876107728040575,6.876107728040576e-06
2025-10-13,123246,buy,rebalance,166.566,3.3292464310050803e-19,5.5453926102679223e-17,5.545392610267922e-20
2025-10-13,118009,buy,rebalance,137.294,7.513533673342537e-05,0.010315630921478903,1.0315630921478904e-05
2025-10-13,127044,buy,rebalance,123.4,4.443840664096491e-06,0.0005483699379495071,5.483699379495071e-07
2025-10-13,118035,buy,rebalance,139.0,0.002535784065758925,0.35247398514049055,0.00035247398514049057
2025-10-13,113680,buy,rebalance,128.33,0.00274662187439017,0.35247398514049055,0.00035247398514049057
2025-10-13,123223,buy,rebalance,138.7,0.0025412688186048347,0.35247398514049055,0.00035247398514049057
2025-10-13,123177,buy,rebalance,149.761,0.0023535765996520494,0.35247398514049055,0.00035247398514049057
2025-10-15,113628,sell,risk_exit_next_open,132.242,0.002636835561548,0.3487004083302306,0.0003487004083302306
2025-10-21,123243,sell,rebalance,149.748,0.0025202694083616105,0.37740530336333444,0.00037740530336333444
2025-10-21,118035,sell,rebalance,138.3,0.002535784065758925,0.35069893629445936,0.00035069893629445937
2025-10-21,113680,sell,rebalance,127.2,0.00274662187439017,0.3493703024224296,0.0003493703024224296
2025-10-21,123223,sell,rebalance,138.255,0.0025412688186048347,0.3513431205162114,0.00035134312051621143
2025-10-21,123177,sell,rebalance,149.5,0.0023535765996520494,0.35185970164798136,0.00035185970164798135
2025-10-21,113671,sell,rebalance_resize,142.668,2.3182437365626483e-05,0.003307391974079199,3.307391974079199e-06
2025-10-21,118007,sell,rebalance_resize,137.799,6.413140778255623e-06,0.0008837243861028465,8.837243861028466e-07
2025-10-21,113681,sell,rebalance_resize,136.7,9.945149678956001e-06,0.0013595019611132853,1.3595019611132852e-06
2025-10-21,113686,sell,rebalance_resize,143.0,0.00010177039244414387,0.014553166119512573,1.4553166119512573e-05
2025-10-21,118029,sell,rebalance_resize,134.689,8.68164640525225e-06,0.0011693222726770203,1.1693222726770204e-06
2025-10-21,113649,sell,rebalance_resize,137.991,6.764325554935048e-05,0.009334160476510424,9.334160476510424e-06
2025-10-21,118009,sell,rebalance_resize,146.828,0.0001588467191868119,0.023323146084761215,2.3323146084761214e-05
2025-10-21,127078,buy,rebalance,131.404,0.002691262253938039,0.35364262521647405,0.00035364262521647407
2025-10-21,123092,buy,rebalance,142.443,0.0024826957113826165,0.35364262521647405,0.00035364262521647407
2025-10-21,113621,buy,rebalance,142.852,0.002475587497665234,0.35364262521647405,0.00035364262521647407
2025-10-21,113681,buy,rebalance,136.7,4.056644065409148e-19,5.545432437414305e-17,5.545432437414304e-20
2025-10-21,113665,buy,rebalance,128.483,0.0027524468234433664,0.35364262521647405,0.00035364262521647407
2025-10-21,113624,buy,rebalance,129.12,0.002738867915245307,0.35364262521647405,0.00035364262521647407
2025-10-21,123242,buy,rebalance,146.519,6.378635964006376e-05,0.009345913628102501,9.345913628102502e-06
2025-10-21,123246,buy,rebalance,158.959,0.00010860388297630034,0.017263564634029727,1.7263564634029728e-05
2025-10-21,128137,buy,rebalance,137.0,1.0613888108887955e-05,0.0014541026709176499,1.4541026709176498e-06
2025-10-21,123189,buy,rebalance,131.526,0.00012716331935203818,0.016725282741096175,1.6725282741096174e-05
2025-10-21,111013,buy,rebalance,132.3,0.0026730357159219504,0.35364262521647405,0.00035364262521647407
2025-10-21,113657,buy,rebalance,134.401,6.800808081823529e-05,0.009140354070051641,9.140354070051641e-06
2025-10-21,123080,buy,rebalance,139.27,1.4319586300191432e-05,0.001994288784027661,1.994288784027661e-06
2025-10-21,127044,buy,rebalance,123.4,9.45440765602097e-06,0.0011666739047529876,1.1666739047529877e-06
2025-10-31,123242,sell,rebalance,152.5,0.0024160378074442337,0.3684457656352456,0.00036844576563524565
2025-10-31,118009,sell,rebalance,151.0,0.002411018475633749,0.3640637898206961,0.0003640637898206961
2025-10-31,127044,sell,rebalance,122.48,0.0028687506093230493,0.35136457462988707,0.0003513645746298871
2025-10-31,111013,sell,rebalance,131.53,0.0026730357159219504,0.35158438771521416,0.00035158438771521416
2025-10-31,118007,sell,rebalance_resize,138.243,1.612929017924285e-05,0.002229761462249069,2.229761462249069e-06
2025-10-31,118029,sell,rebalance_resize,135.89,3.124389481992518e-05,0.004245732867079632,4.245732867079633e-06
2025-10-31,113686,sell,rebalance_resize,146.0,5.8327439625669153e-05,0.008515806185347696,8.515806185347696e-06
2025-10-31,123080,sell,rebalance_resize,141.409,4.613633979585842e-05,0.006524093674192544,6.524093674192544e-06
2025-10-31,128137,sell,rebalance_resize,137.823,2.3321524615673327e-05,0.003214242487105945,3.214242487105945e-06
2025-10-31,113649,sell,rebalance_resize,138.093,9.781816450358157e-06,0.0013508003790793088,1.3508003790793088e-06
2025-10-31,123189,sell,rebalance_resize,133.12,4.0279937666487124e-05,0.005362065302162766,5.362065302162766e-06
2025-10-31,113665,sell,rebalance_resize,128.3,1.7383798596177175e-06,0.00022303413598895316,2.2303413598895316e-07
2025-10-31,113657,sell,rebalance_resize,135.467,2.8696829054924095e-05,0.003887473341583403,3.887473341583403e-06
2025-10-31,113671,buy,rebalance,133.92,0.0001537960602411746,0.0205963683874981,2.05963683874981e-05
2025-10-31,113621,buy,rebalance,137.1,9.846113383084756e-05,0.013499021448209199,1.34990214482092e-05
2025-10-31,127078,buy,rebalance,129.9,2.55390966467841e-05,0.0033175286544172545,3.3175286544172543e-06
2025-10-31,123246,buy,rebalance,157.6,1.2391709372351479e-05,0.001952933397082593,1.952933397082593e-06
2025-10-31,113624,buy,rebalance,128.843,2.4760237986244e-07,3.1901833428616354e-05,3.190183342861635e-08
2025-10-31,123239,buy,rebalance,148.9,0.0023677286804814745,0.3525548005236916,0.0003525548005236916
2025-10-31,123092,buy,rebalance,135.933,0.00011343694263553221,0.0154198239232758,1.54198239232758e-05
2025-10-31,113681,buy,rebalance,135.106,2.246875731539114e-05,0.003035663925853235,3.035663925853235e-06
2025-10-31,123177,buy,rebalance,148.715,0.002370674111714969,0.3525548005236916,0.0003525548005236916
2025-10-31,113653,buy,rebalance,131.392,0.0026832288154810917,0.3525548005236916,0.0003525548005236916
2025-10-31,127055,buy,rebalance,156.0,0.002259966670023664,0.3525548005236916,0.0003525548005236916
2025-11-04,113621,sell,risk_exit_next_open,128.0,0.0025740486314960818,0.32947822483149847,0.0003294782248314985
2025-11-11,113681,sell,rebalance,138.923,0.0026121177751672726,0.362883237679563,0.000362883237679563
2025-11-11,128137,sell,rebalance,136.122,0.002560645852374386,0.3485602347169062,0.0003485602347169062
2025-11-11,123239,sell,rebalance,154.999,0.0023677286804814745,0.36699557774594804,0.00036699557774594804
2025-11-11,127055,sell,rebalance,156.902,0.002259966670023664,0.35459329046005295,0.0003545932904600529
2025-11-11,113624,sell,rebalance_resize,131.9,3.257062498380031e-05,0.004296065435363261,4.2960654353632614e-06
2025-11-11,118029,sell,rebalance_resize,140.482,5.58674359433306e-05,0.007848369136190969,7.84836913619097e-06
2025-11-11,123092,sell,rebalance_resize,138.542,1.93453163198583e-05,0.0026801388135858084,2.6801388135858085e-06
2025-11-11,113665,sell,rebalance_resize,131.06,2.681655178307324e-05,0.003514577276689579,3.5145772766895788e-06
2025-11-11,113649,sell,rebalance_resize,144.078,7.78614568913968e-05,0.011218122985998669,1.1218122985998669e-05
2025-11-11,113657,sell,rebalance_resize,137.977,1.7840823436680355e-05,0.002461623295322845,2.461623295322845e-06
2025-11-11,113653,sell,rebalance_resize,137.949,9.53646675757314e-05,0.013155460527404572,1.3155460527404572e-05
2025-11-11,123189,sell,rebalance_resize,137.114,4.7487194714932527e-05,0.0065111592161432585,6.5111592161432586e-06
2025-11-11,113671,buy,rebalance,133.8,3.296077308161378e-05,0.004410151438319924,4.410151438319924e-06
2025-11-11,123177,buy,rebalance,144.4,0.00010147409640655416,0.014652859521106423,1.4652859521106424e-05
2025-11-11,127078,buy,rebalance,129.844,3.256652445670487e-05,0.004228567801556387,4.228567801556387e-06
2025-11-11,118007,buy,rebalance,138.288,2.8624522043368555e-05,0.003958427904333351,3.958427904333351e-06
2025-11-11,113631,buy,rebalance,129.601,0.0027517263773227914,0.3566264902274111,0.0003566264902274111
2025-11-11,123080,buy,rebalance,141.73,2.3092421858252614e-05,0.0032728889499701428,3.272888949970143e-06
2025-11-11,123246,buy,rebalance,158.867,7.810981526298946e-06,0.0012409072021385345,1.2409072021385345e-06
2025-11-11,123203,buy,rebalance,152.5,0.002338534362146958,0.3566264902274111,0.0003566264902274111
2025-11-11,113686,buy,rebalance,147.571,1.8948082322430238e-06,0.00027961874564033526,2.7961874564033527e-07
2025-11-11,118009,buy,rebalance,146.864,0.0024282771150684382,0.3566264902274111,0.0003566264902274111
2025-11-11,123242,buy,rebalance,151.8,0.0023493181174401257,0.3566264902274111,0.0003566264902274111
2025-11-11,123189,buy,rebalance,137.114,4.0443804503199e-19,5.545411810651628e-17,5.545411810651629e-20
2025-11-11,118016,buy,rebalance,145.86,0.0024449917059331623,0.3566264902274111,0.0003566264902274111
2025-11-17,123177,sell,risk_exit_next_open,135.2,0.002472148208121523,0.3342344377380299,0.0003342344377380299
2025-11-21,123189,sell,rebalance,132.6,0.002603623782687374,0.34524051358434577,0.00034524051358434575
2025-11-21,118029,sell,rebalance,138.64,0.002541202939447022,0.3523123755249351,0.0003523123755249351
2025-11-21,127078,sell,rebalance,134.977,0.002749367875041528,0.37110142766948034,0.0003711014276694803
2025-11-21,123092,sell,rebalance,138.055,0.0025767873376982904,0.3557383759059375,0.0003557383759059375
2025-11-21,113653,sell,rebalance,135.549,0.0025878641479053603,0.3507823973844237,0.0003507823973844237
2025-11-21,113671,sell,rebalance_resize,134.654,6.110966536021487e-05,0.008228660879414373,8.228660879414373e-06
2025-11-21,118007,sell,rebalance_resize,136.65,1.2602309264201178e-05,0.001722105560953091,1.722105560953091e-06
2025-11-21,123080,sell,rebalance_resize,144.0,8.10345462645574e-05,0.011668974662096265,1.1668974662096266e-05
2025-11-21,113624,sell,rebalance_resize,135.6,0.00011776456297972991,0.015968874740051375,1.5968874740051376e-05
2025-11-21,123246,sell,rebalance_resize,157.409,1.7007239827408317e-05,0.0026770926139925155,2.6770926139925155e-06
2025-11-21,123242,sell,rebalance_resize,149.8,5.936190189670383e-06,0.0008892412904126235,8.892412904126235e-07
2025-11-21,113631,sell,rebalance_resize,130.094,5.3380468194635934e-05,0.006944478629312967,6.944478629312967e-06
2025-11-21,113665,sell,rebalance_resize,129.571,1.465438725013425e-05,0.0018987836103871447,1.8987836103871449e-06
2025-11-21,118009,sell,rebalance_resize,144.882,5.3494035368595395e-06,0.0007750322832272838,7.750322832272838e-07
2025-11-21,123203,buy,rebalance,133.51,0.0002904740878794679,0.03878119547278776,3.878119547278776e-05
2025-11-21,113671,buy,rebalance,134.654,4.118287672337298e-19,5.545439082309065e-17,5.545439082309066e-20
2025-11-21,113683,buy,rebalance,143.24,0.0024481965519515523,0.3506796741015404,0.0003506796741015404
2025-11-21,123185,buy,rebalance,141.945,0.0024705320659518856,0.3506796741015404,0.0003506796741015404
2025-11-21,123225,buy,rebalance,132.545,0.002645740496446795,0.3506796741015404,0.0003506796741015404
2025-11-21,113654,buy,rebalance,134.389,0.0026094373356564922,0.3506796741015404,0.0003506796741015404
2025-11-21,123173,buy,rebalance,144.36,0.002429202508323222,0.3506796741015404,0.0003506796741015404
2025-11-21,113649,buy,rebalance,137.843,6.880710705762652e-05,0.009484578058144412,9.484578058144411e-06
2025-11-21,113686,buy,rebalance,144.2,1.5244492916392165e-05,0.00219825587854375,2.19825587854375e-06
2025-11-21,118009,buy,rebalance,144.882,3.827555584757986e-19,5.545439082309065e-17,5.545439082309066e-20
2025-11-21,118016,buy,rebalance,143.4,2.973261256738534e-06,0.0004263656642163058,4.263656642163058e-07
2025-11-21,127055,buy,rebalance,151.45,0.0023154815061177973,0.3506796741015404,0.0003506796741015404
2025-11-21,113657,buy,rebalance,135.328,6.637819958949241e-06,0.0008982828994046829,8.98282899404683e-07
2025-11-24,123203,sell,risk_exit_next_open,135.572,0.002629008450026426,0.3564199335869826,0.0003564199335869826
2025-11-28,113683,sell,risk_exit_next_open,130.339,0.0024481965519515523,0.3190954903848134,0.0003190954903848134
2025-12-04,123185,sell,risk_exit_next_open,132.033,0.0024705320659518856,0.3261917602638253,0.0003261917602638253
2025-12-11,113657,sell,rebalance,190.0,0.0025939768064523255,0.49285559322594186,0.0004928555932259418
2025-12-11,123080,sell,rebalance,136.28,0.00243776814376471,0.3322190426322547,0.00033221904263225474
2025-12-11,113649,sell,rebalance,137.365,0.00254658491726735,0.34981163716042957,0.00034981163716042956
2025-12-11,113665,sell,rebalance,126.565,0.0027092375045505417,0.3428946447634393,0.0003428946447634393
2025-12-11,113631,sell,rebalance,133.59,0.0026983459091281556,0.3604720300004303,0.00036047203000043034
2025-12-11,123225,sell,rebalance,136.5,0.002645740496446795,0.3611435777649875,0.0003611435777649875
2025-12-11,113654,sell,rebalance,162.0,0.0026094373356564922,0.4227288483763517,0.00042272884837635174
2025-12-11,113671,sell,rebalance_resize,138.829,3.297365322798505e-05,0.0045776993039879366,4.577699303987937e-06
2025-12-11,118009,sell,rebalance_resize,153.05,8.810247108492701e-05,0.01348408319954808,1.3484083199548081e-05
2025-12-11,123173,buy,rebalance,134.402,0.00022934444339922286,0.03082435188174235,3.082435188174235e-05
2025-12-11,113671,buy,rebalance,138.829,3.9945129345841996e-19,5.545542361953899e-17,5.545542361953899e-20
2025-12-11,123230,buy,rebalance,138.831,0.002571372853427872,0.3569862646142449,0.0003569862646142449
2025-12-11,127028,buy,rebalance,134.83,0.0026476768123877836,0.3569862646142449,0.0003569862646142449
2025-12-11,118007,buy,rebalance,138.099,1.8692943274076466e-05,0.002581476773206686,2.581476773206686e-06
2025-12-11,123242,buy,rebalance,145.028,0.0001204695072636919,0.017471451699438707,1.7471451699438706e-05
2025-12-11,123246,buy,rebalance,154.5,8.27244169049419e-05,0.012780922411813524,1.2780922411813524e-05
2025-12-11,123233,buy,rebalance,140.55,0.0025399236187424036,0.3569862646142449,0.0003569862646142449
2025-12-11,123249,buy,rebalance,152.0,0.002348593846146348,0.3569862646142449,0.0003569862646142449
2025-12-11,113624,buy,rebalance,131.619,0.0001260885414536931,0.016595647737593634,1.6595647737593634e-05
2025-12-11,118029,buy,rebalance,139.797,0.0025536046167961035,0.3569862646142449,0.0003569862646142449
2025-12-11,113686,buy,rebalance,144.561,3.75231305668106e-05,0.005424381277868707,5.4243812778687075e-06
2025-12-11,123187,buy,rebalance,153.5,0.002325643417682377,0.3569862646142449,0.0003569862646142449
2025-12-11,127055,buy,rebalance,150.8,5.4125926234730334e-05,0.008162189676197334,8.162189676197335e-06
2025-12-11,118016,buy,rebalance,139.355,0.00011619656989490587,0.016192572997704605,1.6192572997704606e-05
2025-12-11,113653,buy,rebalance,142.77,0.00250042911405929,0.3569862646142449,0.0003569862646142449
2025-12-11,113681,buy,rebalance,136.854,0.002608519039372213,0.3569862646142449,0.0003569862646142449
2025-12-11,127071,buy,rebalance,142.416,0.0025066443701146283,0.3569862646142449,0.0003569862646142449
2025-12-11,123128,buy,rebalance,129.86,0.002749008660205181,0.3569862646142449,0.0003569862646142449
2025-12-15,123249,sell,risk_exit_next_open,139.935,0.002348593846146348,0.3286504798604892,0.0003286504798604892
2025-12-23,127055,sell,rebalance,174.554,0.0023696074323525276,0.41362445574686313,0.0004136244557468631
2025-12-23,113653,sell,rebalance,136.347,0.00250042911405929,0.34092600841464205,0.00034092600841464205
2025-12-23,113681,sell,rebalance,136.2,0.002608519039372213,0.3552802931624954,0.0003552802931624954
2025-12-23,127071,sell,rebalance,145.73,0.0025066443701146283,0.3652932840568048,0.0003652932840568048
2025-12-23,123128,sell,rebalance,133.5,0.002749008660205181,0.3669926561373917,0.00036699265613739166
2025-12-23,123173,sell,rebalance_resize,134.6,2.1027683564653232e-05,0.002830326207802325,2.830326207802325e-06
2025-12-23,113671,sell,rebalance_resize,138.89,1.7941703405127117e-05,0.002491923185938105,2.491923185938105e-06
2025-12-23,127028,sell,rebalance_resize,135.802,3.350254769331068e-05,0.004549712981846976,4.549712981846976e-06
2025-12-23,123246,sell,rebalance_resize,154.7,1.8000205586973312e-05,0.0027846318043047713,2.7846318043047715e-06
2025-12-23,123242,sell,rebalance_resize,144.54,7.714078114266245e-06,0.001114992850636043,1.114992850636043e-06
2025-12-23,118007,sell,rebalance_resize,138.3,2.062486824257607e-05,0.0028524192779482704,2.8524192779482707e-06
2025-12-23,123187,sell,rebalance_resize,153.403,1.1411665408700326e-05,0.001750583708690856,1.750583708690856e-06
2025-12-23,113624,sell,rebalance_resize,131.8,2.1317327154491532e-05,0.0028096237189619844,2.8096237189619842e-06
2025-12-23,118029,sell,rebalance_resize,140.1,1.962821783793932e-05,0.0027499133190952985,2.7499133190952987e-06
2025-12-23,118016,sell,rebalance_resize,139.868,2.5982014291610033e-05,0.003634052374938912,3.634052374938912e-06
2025-12-23,123230,buy,rebalance,126.5,0.00023479330614614453,0.029701353227487282,2.9701353227487284e-05
2025-12-23,118009,buy,rebalance,139.476,0.00021027496971052763,0.029328311675345553,2.9328311675345554e-05
2025-12-23,123233,buy,rebalance,137.374,4.42912445289912e-05,0.006084465425925637,6.084465425925637e-06
2025-12-23,123246,buy,rebalance,154.7,3.5846800189159483e-19,5.5454999892629713e-17,5.545499989262972e-20
2025-12-23,118007,buy,rebalance,138.3,4.0097613805227556e-19,5.5454999892629713e-17,5.545499989262972e-20
2025-12-23,118004,buy,rebalance,150.698,0.0023533888254281773,0.3546509892143755,0.0003546509892143755
2025-12-23,113686,buy,rebalance,142.625,1.7203469914773964e-05,0.0024536448965946367,2.453644896594637e-06
2025-12-23,123155,buy,rebalance,134.6,0.0026348513314589563,0.3546509892143755,0.0003546509892143755
2025-12-23,111004,buy,rebalance,138.914,0.0025530255353267165,0.3546509892143755,0.0003546509892143755
2025-12-23,123172,buy,rebalance,134.457,0.0026376535934490245,0.3546509892143755,0.0003546509892143755
2025-12-23,123189,buy,rebalance,133.599,0.00265459314227184,0.3546509892143755,0.0003546509892143755
2025-12-23,123243,buy,rebalance,150.27,0.0023600917629225757,0.3546509892143755,0.0003546509892143755
2025-12-24,123230,sell,risk_exit_next_open,120.0,0.0028061661595740165,0.33673993914888195,0.00033673993914888194
2025-12-24,123233,sell,risk_exit_next_open,142.714,0.002584214863271395,0.36880363999691385,0.0003688036399969139
2025-12-31,123155,sell,rebalance,131.0,0.0026348513314589563,0.3451655244211233,0.0003451655244211233
2025-12-31,123172,sell,rebalance,131.7,0.0026376535934490245,0.3473789782572365,0.0003473789782572365
2025-12-31,123189,sell,rebalance,132.905,0.00265459314227184,0.3528087015736389,0.00035280870157363895
2025-12-31,127028,sell,rebalance_resize,137.5,1.3174700668356303e-05,0.0018115213418989917,1.8115213418989918e-06
2025-12-31,123246,sell,rebalance_resize,158.8,4.270436770294153e-05,0.006781453591227116,6.781453591227116e-06
2025-12-31,123242,sell,rebalance_resize,148.793,5.254686455153454e-05,0.007818605617216479,7.818605617216478e-06
2025-12-31,123187,sell,rebalance_resize,154.69,2.2695048524406285e-06,0.00035106970562404083,3.5106970562404085e-07
2025-12-31,118029,sell,rebalance_resize,148.678,0.0001285267691972645,0.019109102990710895,1.9109102990710896e-05
2025-12-31,123173,sell,rebalance_resize,138.002,4.598117411864028e-05,0.0063454939907205965,6.345493990720596e-06
2025-12-31,113686,sell,rebalance_resize,144.41,1.2555979506473487e-05,0.0018132090005298362,1.8132090005298364e-06
2025-12-31,118016,sell,rebalance_resize,144.1,5.630970979117654e-05,0.008114229180908539,8.114229180908538e-06
2025-12-31,118004,sell,rebalance_resize,157.0,7.544334737982684e-05,0.011844605538632813,1.1844605538632814e-05
2025-12-31,118009,buy,rebalance,137.975,4.689646497047356e-05,0.0064705397543010894,6.47053975430109e-06
2025-12-31,113671,buy,rebalance,139.1,1.5013756328436888e-05,0.002088413505285571,2.088413505285571e-06
2025-12-31,118007,buy,rebalance,138.377,1.7540328966335165e-05,0.0024271781013745614,2.4271781013745613e-06
2025-12-31,123187,buy,rebalance,154.69,3.5848303854410246e-19,5.545374123238721e-17,5.545374123238721e-20
2025-12-31,123160,buy,rebalance,146.86,0.002432708491443318,0.3572675690533657,0.0003572675690533657
2025-12-31,113624,buy,rebalance,130.877,3.90305876872008e-05,0.005108206224737779,5.1082062247377794e-06
2025-12-31,127071,buy,rebalance,152.5,0.002342738157726988,0.3572675690533657,0.0003572675690533657
2025-12-31,123159,buy,rebalance,157.959,0.002261774061961431,0.3572675690533657,0.0003572675690533657
2025-12-31,118004,buy,rebalance,157.0,3.532085428814472e-19,5.545374123238721e-17,5.545374123238721e-20
2025-12-31,111004,buy,rebalance,136.87,5.988419331406139e-05,0.008196349538895583,8.196349538895584e-06
2025-12-31,123243,buy,rebalance,150.15,2.1753448850527492e-05,0.0032662803449067033,3.2662803449067033e-06
2025-12-31,113649,buy,rebalance,138.499,0.002579567860081053,0.3572675690533657,0.0003572675690533657
2025-12-31,113653,buy,rebalance,140.91,0.0025354309066309396,0.3572675690533657,0.0003572675690533657
2026-01-05,127028,sell,risk_exit_next_open,135.208,0.0026009995640261167,0.35167594905284316,0.00035167594905284317
2026-01-12,118009,sell,risk_exit_next_open,131.0,0.0025919966751276526,0.3395515644417225,0.00033955156444172253
2026-01-13,123187,sell,rebalance,177.11,0.0023119622474212366,0.40947163364077527,0.0004094716336407753
2026-01-13,118004,sell,rebalance,202.0,0.002277945478048351,0.46014498656576686,0.00046014498656576686
2026-01-13,111004,sell,rebalance,141.718,0.002612909728640778,0.37029634092351377,0.00037029634092351375
2026-01-13,127071,sell,rebalance,209.55,0.002342738157726988,0.4909207809516904,0.0004909207809516904
2026-01-13,123159,sell,rebalance,182.01,0.002261774061961431,0.4116654970176,0.0004116654970176
2026-01-13,113649,sell,rebalance,143.564,0.002579567860081053,0.37033308026467626,0.0003703330802646763
2026-01-13,113653,sell,rebalance,149.236,0.0025354309066309396,0.3783775667819749,0.00037837756678197487
2026-01-13,123160,sell,rebalance_resize,170.0,0.00014123828568877173,0.024010508567091193,2.4010508567091193e-05
2026-01-13,123173,sell,rebalance_resize,152.5,3.7112290902936695e-05,0.005659624362697846,5.659624362697846e-06
2026-01-13,123242,buy,rebalance,148.399,0.00022120373851142647,0.03282641359135718,3.282641359135718e-05
2026-01-13,118029,buy,rebalance,154.128,0.00012187179702196318,0.01878385633140114,1.878385633140114e-05
2026-01-13,118007,buy,rebalance,149.338,2.3990712890101185e-05,0.0035827250815819306,3.5827250815819305e-06
2026-01-13,113624,buy,rebalance,139.258,6.467801915788744e-05,0.00900693159188909,9.006931591889092e-06
2026-01-13,118016,buy,rebalance,153.639,5.3564795099742255e-05,0.0082296415543293,8.229641554329302e-06
2026-01-13,123246,buy,rebalance,169.261,4.9300209885531175e-05,0.008344602825434892,8.344602825434891e-06
2026-01-13,123155,buy,rebalance,140.32,0.002773357907631794,0.38915758159889335,0.00038915758159889334
2026-01-13,123189,buy,rebalance,137.888,0.002822273015772898,0.38915758159889335,0.00038915758159889334
2026-01-13,118006,buy,rebalance,140.3,0.002773753254446852,0.38915758159889335,0.00038915758159889334
2026-01-13,118043,buy,rebalance,174.61,0.0022287244808366835,0.38915758159889335,0.00038915758159889334
2026-01-13,127044,buy,rebalance,132.057,0.002946890975858102,0.38915758159889335,0.00038915758159889334
2026-01-13,123243,buy,rebalance,158.38,7.766693037751408e-05,0.01230088843319068,1.230088843319068e-05
2026-01-13,113665,buy,rebalance,131.333,0.0029631363145507478,0.38915758159889335,0.00038915758159889334
2026-01-13,118008,buy,rebalance,137.1,0.0028384943953238028,0.38915758159889335,0.00038915758159889334
2026-01-13,118000,buy,rebalance,149.571,0.002601825097103672,0.38915758159889335,0.00038915758159889334
2026-01-13,113686,buy,rebalance,152.964,7.006451657666232e-05,0.010717348713632575,1.0717348713632574e-05
2026-01-13,123173,buy,rebalance,152.5,3.636409218829166e-19,5.5455240587144783e-17,5.545524058714479e-20
2026-01-13,113671,buy,rebalance,148.877,4.5477265097606415e-05,0.00677051879593635,6.77051879593635e-06
2026-01-13,123172,buy,rebalance,143.99,0.002702670891026414,0.38915758159889335,0.00038915758159889334
2026-01-19,118029,sell,risk_exit_next_open,138.69,0.002527321426782863,0.35051420868051525,0.00035051420868051526
2026-01-21,123242,sell,risk_exit_next_open,135.999,0.002624794230359773,0.3569693905346988,0.00035696939053469877
2026-01-21,118043,sell,risk_exit_next_open,158.72,0.0022287244808366835,0.3537431495983984,0.00035374314959839845
2026-01-21,113686,sell,rebalance,154.458,0.002546606584671608,0.3933437598552072,0.00039334375985520723
2026-01-21,113671,sell,rebalance,142.98,0.002616543246165325,0.37411335333671814,0.00037411335333671815
2026-01-21,123243,sell,rebalance,171.7,0.0024595121421506173,0.422298234807261,0.00042229823480726097
2026-01-21,123160,sell,rebalance,188.356,0.002291470205754546,0.4316121620751033,0.0004316121620751033
2026-01-21,123155,sell,rebalance,135.605,0.002773357907631794,0.3760811990644094,0.0003760811990644094
2026-01-21,118006,sell,rebalance,159.28,0.002773753254446852,0.44180341836829456,0.0004418034183682946
2026-01-21,123172,sell,rebalance,139.8,0.002702670891026414,0.3778333905654927,0.0003778333905654927
2026-01-21,118008,sell,rebalance_resize,140.3,9.389746428942158e-05,0.013173814239805848,1.3173814239805848e-05
2026-01-21,123189,sell,rebalance_resize,139.005,5.210683884312029e-05,0.007243111133387935,7.243111133387936e-06
2026-01-21,113665,sell,rebalance_resize,130.81,1.9424446772108996e-05,0.0025409118822595778,2.5409118822595777e-06
2026-01-21,127044,sell,rebalance_resize,131.56,1.9960682272485486e-05,0.0026260273597681905,2.6260273597681905e-06
2026-01-21,118016,buy,rebalance,150.775,1.8464560519079093e-05,0.0027839941122641504,2.7839941122641504e-06
2026-01-21,111016,buy,rebalance,131.0,0.002936486592871589,0.38467974366617813,0.00038467974366617814
2026-01-21,123246,buy,rebalance,165.6,2.383437288232078e-05,0.003946972149312321,3.9469721493123215e-06
2026-01-21,118007,buy,rebalance,147.362,4.575937924042746e-06,0.0006743193643627872,6.743193643627872e-07
2026-01-21,113624,buy,rebalance,136.739,1.8793518903564432e-05,0.0025698069813544972,2.5698069813544974e-06
2026-01-21,127039,buy,rebalance,134.131,0.002867940622720908,0.38467974366617813,0.00038467974366617814
2026-01-21,123221,buy,rebalance,147.653,0.0026052958197000952,0.38467974366617813,0.00038467974366617814
2026-01-21,118000,buy,rebalance,137.328,0.0002019660576681897,0.027735594767457156,2.7735594767457156e-05
2026-01-21,113681,buy,rebalance,140.381,0.0027402550463821894,0.38467974366617813,0.00038467974366617814
2026-01-21,110094,buy,rebalance,141.284,0.002722741029884333,0.38467974366617813,0.00038467974366617814
2026-01-21,123173,buy,rebalance,146.204,7.925922132128078e-05,0.011588015194056537,1.1588015194056537e-05
2026-01-21,123128,buy,rebalance,135.6,0.002836871265974765,0.38467974366617813,0.00038467974366617814
2026-01-21,123229,buy,rebalance,137.749,0.0027926136935017905,0.38467974366617813,0.00038467974366617814
2026-01-21,113646,buy,rebalance,154.914,0.002483182563655823,0.38467974366617813,0.00038467974366617814
2026-01-21,113653,buy,rebalance,148.05,0.002598309649889754,0.38467974366617813,0.00038467974366617814
2026-01-21,118011,buy,rebalance,138.998,0.002767519990691795,0.38467974366617813,0.00038467974366617814
2026-01-22,111016,sell,risk_exit_next_open,136.0,0.002936486592871589,0.3993621766305361,0.0003993621766305361
2026-01-26,127039,sell,risk_exit_next_open,132.222,0.002867940622720908,0.3792048450174039,0.00037920484501740393
2026-02-02,123173,sell,rebalance,146.1,0.002633685024457496,0.38478138207324014,0.0003847813820732401
2026-02-02,127044,sell,rebalance,131.71,0.0029269302935856167,0.3855059889681616,0.00038550598896816156
2026-02-02,113681,sell,rebalance,140.973,0.0027402550463821894,0.3863019746536364,0.0003863019746536364
2026-02-02,113653,sell,rebalance,145.126,0.002598309649889754,0.3770822862499005,0.0003770822862499005
2026-02-02,118011,sell,rebalance,144.5,0.002767519990691795,0.3999066386549644,0.0003999066386549644
2026-02-02,123246,sell,rebalance_resize,164.999,6.630865701992046e-06,0.0010940862099629856,1.0940862099629855e-06
2026-02-02,113624,sell,rebalance_resize,138.0,4.379708019885763e-05,0.006043997067442353,6.0439970674423525e-06
2026-02-02,118008,sell,rebalance_resize,139.796,7.956330784963326e-06,0.001112263218414733,1.112263218414733e-06
2026-02-02,123229,sell,rebalance_resize,140.48,6.929785243923577e-05,0.00973496231066384,9.73496231066384e-06
2026-02-02,123128,sell,rebalance_resize,137.001,4.4399609910447043e-05,0.006082790957341155,6.082790957341156e-06
2026-02-02,113665,sell,rebalance_resize,133.44,7.671989121638117e-05,0.010237502283913902,1.0237502283913903e-05
2026-02-02,123189,sell,rebalance_resize,144.01,0.00011360476208033926,0.016360221787189655,1.6360221787189657e-05
2026-02-02,113646,buy,rebalance,149.478,7.612262914030496e-05,0.011378658358634506,1.1378658358634506e-05
2026-02-02,123221,buy,rebalance,135.888,0.00020983407749174295,0.028513933122197965,2.8513933122197966e-05
2026-02-02,118016,buy,rebalance,145.0,8.443835422739195e-05,0.012243561362971833,1.2243561362971833e-05
2026-02-02,127094,buy,rebalance,148.3,0.0025770883645760464,0.3821822044666277,0.0003821822044666277
2026-02-02,118039,buy,rebalance,137.971,0.0027700183695604707,0.3821822044666277,0.0003821822044666277
2026-02-02,113676,buy,rebalance,139.508,0.0027395002757306225,0.3821822044666277,0.0003821822044666277
2026-02-02,127078,buy,rebalance,140.605,0.0027181266986709414,0.3821822044666277,0.0003821822044666277
2026-02-02,118000,buy,rebalance,132.102,9.21454176073729e-05,0.012172593956769175,1.2172593956769176e-05
2026-02-02,110094,buy,rebalance,136.0,9.019218939326414e-05,0.012266137757483923,1.2266137757483923e-05
2026-02-02,123129,buy,rebalance,149.665,0.002553584368199831,0.3821822044666277,0.0003821822044666277
2026-02-02,118007,buy,rebalance,144.323,3.769806703215883e-05,0.00544069812828226,5.44069812828226e-06
2026-02-02,123155,buy,rebalance,141.701,0.0026971030865458093,0.3821822044666277,0.0003821822044666277
2026-02-02,123243,buy,rebalance,164.5,0.002323296075784971,0.3821822044666277,0.0003821822044666277
2026-02-06,123128,sell,risk_exit_next_open,124.916,0.0027924716560643183,0.34882438938893034,0.00034882438938893035
2026-02-09,113676,sell,risk_exit_next_open,136.008,0.0027395002757306225,0.37259395350157054,0.00037259395350157056
2026-02-11,110094,sell,risk_exit_next_open,129.1,0.0028129332192775975,0.3631496786087378,0.00036314967860873784
2026-02-11,123189,sell,rebalance,143.5,0.0026565614148494386,0.38121656303089446,0.00038121656303089445
2026-02-11,113646,sell,rebalance,208.158,0.002559305192796128,0.5327398503220564,0.0005327398503220564
2026-02-11,118039,sell,rebalance,152.0,0.0027700183695604707,0.42104279217319157,0.00042104279217319157
2026-02-11,123129,sell,rebalance,158.542,0.002553584368199831,0.40485037290313763,0.0004048503729031376
2026-02-11,123243,sell,rebalance,202.208,0.002323296075784971,0.4697890528923274,0.0004697890528923274
2026-02-11,118016,sell,rebalance_resize,161.8,0.00018181661537532856,0.029417928367728163,2.9417928367728165e-05
2026-02-11,123155,sell,rebalance_resize,148.9,2.77606901111816e-05,0.004133566757554941,4.1335667575549405e-06
2026-02-11,123221,buy,rebalance,132.332,0.0001882247187823403,0.024908153485904656,2.4908153485904656e-05
2026-02-11,127094,buy,rebalance,142.165,0.00021849217273088616,0.031061939736286428,3.106193973628643e-05
2026-02-11,127078,buy,rebalance,134.172,0.00024398176358230177,0.03273552118336459,3.273552118336459e-05
2026-02-11,118008,buy,rebalance,140.001,0.0001022721216615107,0.01431819930473316,1.431819930473316e-05
2026-02-11,113624,buy,rebalance,141.474,3.7162612401905073e-05,0.005257543426947118,5.257543426947118e-06
2026-02-11,118007,buy,rebalance,145.699,7.714817669989103e-05,0.011240412196997425,1.1240412196997425e-05
2026-02-11,123246,buy,rebalance,168.35,4.2273597852130215e-05,0.007116760198406122,7.116760198406122e-06
2026-02-11,123198,buy,rebalance,141.77,0.0028007618500660043,0.39706400748385745,0.0003970640074838575
2026-02-11,123146,buy,rebalance,145.085,0.002736768153040338,0.39706400748385745,0.0003970640074838575
2026-02-11,123197,buy,rebalance,159.5,0.002489429514005376,0.39706400748385745,0.0003970640074838575
2026-02-11,123229,buy,rebalance,142.34,6.897842091894704e-05,0.009818388433602922,9.818388433602921e-06
2026-02-11,118000,buy,rebalance,137.044,4.332560740711283e-06,0.0005937514541500371,5.937514541500372e-07
2026-02-11,127047,buy,rebalance,134.068,0.0029616613023529656,0.39706400748385745,0.0003970640074838575
2026-02-11,127044,buy,rebalance,135.125,0.002938494042433728,0.39706400748385745,0.0003970640074838575
2026-02-11,113665,buy,rebalance,136.0,5.5489347253049446e-05,0.007546551226414725,7.546551226414725e-06
2026-02-11,123178,buy,rebalance,134.65,0.0029488600630067393,0.39706400748385745,0.0003970640074838575
2026-02-11,123239,buy,rebalance,157.299,0.0025242627574482827,0.39706400748385745,0.0003970640074838575
2026-02-11,123210,buy,rebalance,139.321,0.0028499939526981394,0.39706400748385745,0.0003970640074838575
2026-02-13,123221,sell,risk_exit_next_open,124.0,0.0030033546159741785,0.37241597238079815,0.0003724159723807982
2026-02-13,123210,sell,risk_exit_next_open,146.804,0.0028499939526981394,0.41839051223189766,0.00041839051223189767
2026-02-25,118000,sell,rebalance,129.001,0.002900269133119946,0.3741376184416062,0.0003741376184416062
2026-02-25,127044,sell,rebalance,134.52,0.002938494042433728,0.3952862185881851,0.0003952862185881851
2026-02-25,123178,sell,rebalance,133.004,0.0029488600630067393,0.39221018382014833,0.0003922101838201483
2026-02-25,127078,sell,rebalance_resize,155.077,0.00039739391485015506,0.061626656133217494,6.16266561332175e-05
2026-02-25,127094,sell,rebalance_resize,149.0,0.0001262635046382835,0.01881326219110424,1.881326219110424e-05
2026-02-25,123155,sell,rebalance_resize,150.075,1.9145908894206056e-05,0.002873322277297974,2.873322277297974e-06
2026-02-25,118007,sell,rebalance_resize,146.586,1.4634050857734693e-05,0.0021451469790318978,2.145146979031898e-06
2026-02-25,118016,sell,rebalance_resize,163.1,1.796641410914832e-05,0.0029303221412020908,2.930322141202091e-06
2026-02-25,113665,sell,rebalance_resize,137.21,2.3798736047442263e-05,0.003265424573069553,3.265424573069553e-06
2026-02-25,123229,sell,rebalance_resize,143.084,1.2610734349979532e-05,0.0018043943137324714,1.8043943137324714e-06
2026-02-25,127078,buy,rebalance,155.077,3.575847405645484e-19,5.545316881252847e-17,5.545316881252847e-20
2026-02-25,123246,buy,rebalance,164.8,5.244241499803129e-05,0.008642509991675557,8.642509991675558e-06
2026-02-25,123197,buy,rebalance,155.414,6.965087402364357e-05,0.01082472093551054,1.082472093551054e-05
2026-02-25,123198,buy,rebalance,140.62,2.7599548045226366e-05,0.0038810484461197317,3.881048446119732e-06
2026-02-25,118008,buy,rebalance,134.8,0.00011147693226705868,0.01502709046959951,1.5027090469599511e-05
2026-02-25,113624,buy,rebalance,141.002,1.1296620352177e-05,0.0015928460628976614,1.5928460628976614e-06
2026-02-25,123146,buy,rebalance,142.0,6.406794041964436e-05,0.009097647539589498,9.097647539589499e-06
2026-02-25,123224,buy,rebalance,154.049,0.0025791326357584732,0.3973128034059571,0.0003973128034059571
2026-02-25,123239,buy,rebalance,156.9,1.064158957437771e-05,0.0016696654042198627,1.6696654042198628e-06
2026-02-25,127047,buy,rebalance,130.319,9.020332597323062e-05,0.011755207237505439,1.175520723750544e-05
2026-02-25,123114,buy,rebalance,149.9,0.002650519035396645,0.3973128034059571,0.0003973128034059571
2026-02-25,113665,buy,rebalance,137.21,4.0414815838880887e-19,5.545316881252847e-17,5.545316881252847e-20
2026-02-25,113644,buy,rebalance,141.361,0.002810625302636209,0.3973128034059571,0.0003973128034059571
2026-02-25,113653,buy,rebalance,150.858,0.0026336873311720763,0.3973128034059571,0.0003973128034059571
2026-02-25,127034,buy,rebalance,138.275,0.0028733524021403514,0.3973128034059571,0.0003973128034059571
2026-03-02,118008,sell,risk_exit_next_open,125.45,0.0029503896541779877,0.37012638211662857,0.00037012638211662857
2026-03-04,123146,sell,risk_exit_next_open,123.0,0.002800836093459982,0.3445028394955778,0.0003445028394955778
2026-03-11,123239,sell,risk_exit_next_open,151.0,0.0025349043470226603,0.38277055640042174,0.0003827705564004217
2026-03-11,113665,sell,rebalance,136.2,0.002898682587767865,0.39480056845398315,0.00039480056845398316
2026-03-11,123229,sell,rebalance,138.1,0.0027796835276315225,0.38387429516591326,0.0003838742951659133
2026-03-11,127078,sell,rebalance,157.84,0.0025647145474030886,0.4048145441621035,0.0004048145441621035
2026-03-11,127047,sell,rebalance,137.199,0.0030518646283261962,0.41871277514172583,0.00041871277514172583
2026-03-11,113644,sell,rebalance,143.867,0.002810625302636209,0.4043562304143634,0.0004043562304143634
2026-03-11,123197,sell,rebalance_resize,162.97,0.00018039318897994114,0.029398678008061008,2.939867800806101e-05
2026-03-11,123155,sell,rebalance_resize,147.73,2.6121128242863126e-05,0.0038588742753181693,3.85887427531817e-06
2026-03-11,113624,sell,rebalance_resize,139.169,3.522010964891712e-05,0.004901547439730147,4.901547439730148e-06
2026-03-11,127034,sell,rebalance_resize,138.649,7.740974962191806e-05,0.010732784375329318,1.073278437532932e-05
2026-03-11,123198,sell,rebalance_resize,139.851,5.64494859402183e-05,0.00789451705822547,7.89451705822547e-06
2026-03-11,118007,sell,rebalance_resize,145.1,4.163788619219183e-05,0.006041657286487034,6.041657286487034e-06
2026-03-11,123224,sell,rebalance_resize,156.7,0.0001052675889873928,0.01649543119432445,1.649543119432445e-05
2026-03-11,127094,buy,rebalance,139.544,0.00010858185627384607,0.015151946551877578,1.5151946551877578e-05
2026-03-11,118006,buy,rebalance,146.0,0.002652450176675504,0.3872577257946236,0.0003872577257946236
2026-03-11,123246,buy,rebalance,154.1,0.00010215512288914886,0.015742104437217838,1.574210443721784e-05
2026-03-11,118044,buy,rebalance,142.69,0.0027139794365030737,0.3872577257946236,0.0003872577257946236
2026-03-11,113653,buy,rebalance,133.7,0.00026547700920332134,0.03549427613048406,3.549427613048406e-05
2026-03-11,113654,buy,rebalance,147.577,0.00262410623467494,0.3872577257946236,0.0003872577257946236
2026-03-11,123129,buy,rebalance,151.5,0.002556156605905106,0.3872577257946236,0.0003872577257946236
2026-03-11,118016,buy,rebalance,157.98,1.5250946099767094e-05,0.0024093444648412054,2.4093444648412052e-06
2026-03-11,118007,buy,rebalance,145.1,3.821799607083791e-19,5.545431229878581e-17,5.545431229878581e-20
2026-03-11,123114,buy,rebalance,142.456,7.063233481191818e-05,0.010061999887966615,1.0061999887966616e-05
2026-03-11,123188,buy,rebalance,162.788,0.0023789083089332357,0.3872577257946236,0.0003872577257946236
2026-03-11,113671,buy,rebalance,152.25,0.0025435647014425194,0.3872577257946236,0.0003872577257946236
2026-03-11,111013,buy,rebalance,145.083,0.002669215041008413,0.3872577257946236,0.0003872577257946236
2026-03-11,111000,buy,rebalance,143.194,0.0027044270415982766,0.3872577257946236,0.0003872577257946236
2026-03-13,127094,sell,risk_exit_next_open,132.0,0.002777898888942495,0.36668265334040934,0.00036668265334040934
2026-03-16,123197,sell,risk_exit_next_open,143.964,0.0023786871990490784,0.34244532392390153,0.0003424453239239015
2026-03-16,113653,sell,risk_exit_next_open,110.518,0.0028991643403753977,0.3204098445696082,0.0003204098445696082
2026-03-18,123246,sell,risk_exit_next_open,155.7,0.0025154997901703532,0.391663317329524,0.000391663317329524
2026-03-23,123198,sell,rebalance,132.501,0.0027719119121710125,0.36728110027457134,0.00036728110027457137
2026-03-23,123224,sell,rebalance,162.5,0.0024738650467710805,0.40200307010030056,0.00040200307010030057
2026-03-23,123114,sell,rebalance,140.385,0.0027211513702085632,0.3820088351067291,0.00038200883510672914
2026-03-23,113671,sell,rebalance,136.8,0.0025435647014425194,0.3479596511573367,0.00034795965115733666
2026-03-23,118044,sell,rebalance_resize,135.296,1.3466922002399119e-05,0.0018220206792365912,1.8220206792365912e-06
2026-03-23,123155,sell,rebalance_resize,143.71,8.167370901655341e-05,0.011737328722768892,1.1737328722768893e-05
2026-03-23,111013,sell,rebalance_resize,144.593,0.00014233931976407016,0.020581269262646196,2.0581269262646195e-05
2026-03-23,123188,sell,rebalance_resize,165.0,0.000164553514012731,0.027151329812100614,2.7151329812100615e-05
2026-03-23,111000,sell,rebalance_resize,135.39,5.78946746515504e-06,0.0007838360001073408,7.838360001073408e-07
2026-03-23,123129,buy,rebalance,133.4,0.00018255165897161296,0.02435239130681317,2.435239130681317e-05
2026-03-23,118006,buy,rebalance,130.988,0.00013673858651479088,0.017911113970399427,1.7911113970399428e-05
2026-03-23,123126,buy,rebalance,138.0,0.002644898244134286,0.36499595769053145,0.00036499595769053144
2026-03-23,113654,buy,rebalance,135.6,7.028029220591682e-05,0.009530007623122321,9.530007623122321e-06
2026-03-23,127034,buy,rebalance,128.929,3.789266877674263e-05,0.004885463892716651,4.885463892716651e-06
2026-03-23,127088,buy,rebalance,141.488,0.0025796955055589978,0.36499595769053145,0.00036499595769053144
2026-03-23,113624,buy,rebalance,130.965,4.3180841088722565e-06,0.0005655178853184551,5.655178853184552e-07
2026-03-23,118011,buy,rebalance,140.0,0.002607113983503796,0.36499595769053145,0.00036499595769053144
2026-03-23,118004,buy,rebalance,152.8,0.002388717000592483,0.36499595769053145,0.00036499595769053144
2026-03-23,118016,buy,rebalance,148.0,1.4885724570287032e-05,0.0022030872364024808,2.203087236402481e-06
2026-03-23,118007,buy,rebalance,134.237,5.0127918926307826e-05,0.0067290214529107835,6.729021452910784e-06
2026-03-23,118003,buy,rebalance,136.301,0.0026778670566652593,0.36499595769053145,0.00036499595769053144
2026-03-23,113681,buy,rebalance,136.56,0.0026727882080443133,0.36499595769053145,0.00036499595769053144
2026-03-23,123215,buy,rebalance,136.24,0.002679066042942832,0.36499595769053145,0.00036499595769053144
2026-03-23,127090,buy,rebalance,136.05,0.002682807480268515,0.36499595769053145,0.00036499595769053144
2026-03-31,118007,sell,rebalance,134.45,0.0027217657743985914,0.3659414083678906,0.0003659414083678906
2026-03-31,123155,sell,rebalance,134.23,0.0025424016502810054,0.34126657351721934,0.00034126657351721935
2026-03-31,123188,sell,rebalance,168.401,0.002214354794920505,0.372899561819408,0.000372899561819408
2026-03-31,127088,sell,rebalance,159.0,0.0025796955055589978,0.41017158538388065,0.00041017158538388067
2026-03-31,118004,sell,rebalance,162.08,0.002388717000592483,0.38716325145602964,0.00038716325145602966
2026-03-31,118003,sell,rebalance,142.71,0.0026778670566652593,0.3821584076566992,0.0003821584076566992
2026-03-31,123215,sell,rebalance,137.362,0.002679066042942832,0.36800186979071325,0.00036800186979071327
2026-03-31,123129,sell,rebalance_resize,143.135,0.00011814768801328158,0.01691106932378106,1.6911069323781058e-05
2026-03-31,127034,sell,rebalance_resize,134.33,4.1503465646042855e-05,0.005575160540232937,5.5751605402329375e-06
2026-03-31,113624,sell,rebalance_resize,135.0,1.1340180655426845e-05,0.001530924388482624,1.5309243884826241e-06
2026-03-31,113654,sell,rebalance_resize,139.447,4.519135188327654e-06,0.0006301798446067264,6.301798446067264e-07
2026-03-31,118044,sell,rebalance_resize,144.888,0.00011165810164834653,0.01617791903162563,1.6177919031625634e-05
2026-03-31,111000,sell,rebalance_resize,139.98,1.9012355035049415e-05,0.002661349457806217,2.661349457806217e-06
2026-03-31,127090,sell,rebalance_resize,141.0,2.2566784032003295e-05,0.0031819165485124645,3.1819165485124645e-06
2026-03-31,118016,sell,rebalance_resize,155.583,5.77983404647314e-05,0.008992439204524305,8.992439204524305e-06
2026-03-31,118006,buy,rebalance,130.501,8.498551096831214e-05,0.011090694166875702,1.1090694166875703e-05
2026-03-31,123129,buy,rebalance,143.135,3.8742826037557114e-19,5.5454544048857373e-17,5.545454404885738e-20
2026-03-31,123126,buy,rebalance,138.977,5.4010754456462513e-05,0.007506252622095791,7.506252622095792e-06
2026-03-31,113680,buy,rebalance,141.1,0.002655644495025398,0.3747114382480836,0.0003747114382480836
2026-03-31,127034,buy,rebalance,134.33,4.128232267465002e-19,5.5454544048857373e-17,5.545454404885738e-20
2026-03-31,111013,buy,rebalance,143.751,8.237117869217206e-05,0.011840939308178427,1.1840939308178427e-05
2026-03-31,118033,buy,rebalance,141.173,0.0026542712717593565,0.3747114382480836,0.0003747114382480836
2026-03-31,123149,buy,rebalance,133.5,0.0028068272527946338,0.3747114382480836,0.0003747114382480836
2026-03-31,118011,buy,rebalance,135.64,0.0001580883857062085,0.02144310863719012,2.144310863719012e-05
2026-03-31,118038,buy,rebalance,147.0,0.0025490574030481877,0.3747114382480836,0.0003747114382480836
2026-03-31,123236,buy,rebalance,149.29,0.002509956716779983,0.3747114382480836,0.0003747114382480836
2026-03-31,113681,buy,rebalance,139.199,2.18492072061581e-05,0.0030413877938900015,3.0413877938900015e-06
2026-03-31,113640,buy,rebalance,141.0,0.0026575279308374724,0.3747114382480836,0.0003747114382480836
2026-03-31,113665,buy,rebalance,133.0,0.0028173792349479973,0.3747114382480836,0.0003747114382480836
2026-04-01,118038,sell,risk_exit_next_open,138.72,0.0025490574030481877,0.3536052429508446,0.0003536052429508446
2026-04-03,118006,sell,risk_exit_next_open,124.995,0.0028741742741586066,0.359257413398455,0.00035925741339845504
2026-04-13,123149,sell,rebalance,135.602,0.0028068272527946338,0.38061138913345793,0.0003806113891334579
2026-04-13,113665,sell,rebalance,133.25,0.0028173792349479973,0.37541578305682066,0.00037541578305682065
2026-04-13,111013,sell,rebalance_resize,162.0,0.0002603813319124802,0.042181775769821794,4.2181775769821796e-05
2026-04-13,118044,sell,rebalance_resize,147.68,1.2227774039397109e-05,0.001805797670138165,1.805797670138165e-06
2026-04-13,123126,sell,rebalance_resize,145.5,8.367723213099791e-05,0.012175037275060197,1.2175037275060196e-05
2026-04-13,127034,sell,rebalance_resize,137.195,1.8788927554861254e-05,0.0025777469158891897,2.5777469158891897e-06
2026-04-13,118033,sell,rebalance_resize,151.0,0.00013429629149516015,0.020278740015769185,2.0278740015769184e-05
2026-04-13,118011,sell,rebalance_resize,144.011,0.0001229304453993673,0.017703336372408285,1.7703336372408287e-05
2026-04-13,127090,sell,rebalance_resize,152.2,0.00016013411266296574,0.024372411947303385,2.4372411947303387e-05
2026-04-13,123236,sell,rebalance_resize,152.4,1.313111297490633e-05,0.0020011816173757246,2.001181617375725e-06
2026-04-13,123129,buy,rebalance,138.502,0.00012667280814394736,0.017544437273553,1.7544437273553e-05
2026-04-13,113654,buy,rebalance,134.7,0.00013490352619309568,0.018171504978209987,1.8171504978209987e-05
2026-04-13,127088,buy,rebalance,147.0,0.0025857596312073776,0.3801066657874845,0.0003801066657874845
2026-04-13,113624,buy,rebalance,136.6,7.1425680642155066e-06,0.0009756747975718382,9.756747975718383e-07
2026-04-13,113680,buy,rebalance,143.0,5.3023933048967204e-06,0.000758242242600231,7.582422426002311e-07
2026-04-13,118003,buy,rebalance,154.48,0.0024605558375678698,0.3801066657874845,0.0003801066657874845
2026-04-13,113640,buy,rebalance,138.944,8.101488759097825e-05,0.011256532541440881,1.1256532541440882e-05
2026-04-13,111000,buy,rebalance,141.0,1.905086410206664e-05,0.002686171838391396,2.686171838391396e-06
2026-04-13,127090,buy,rebalance,152.2,3.6433248103186874e-19,5.545140361305042e-17,5.545140361305042e-20
2026-04-13,118016,buy,rebalance,152.0,9.240381093889582e-05,0.014045379262712165,1.4045379262712165e-05
2026-04-13,118007,buy,rebalance,137.6,0.0027624030943857883,0.3801066657874845,0.0003801066657874845
2026-04-13,113671,buy,rebalance,141.627,0.002683857356206687,0.3801066657874845,0.0003801066657874845
2026-04-13,113681,buy,rebalance,140.12,2.098529201827253e-05,0.002940459117600347,2.9404591176003468e-06
2026-04-16,113654,sell,risk_exit_next_open,123.051,0.0028247709178856246,0.347590886216744,0.00034759088621674403
2026-04-16,123129,sell,risk_exit_next_open,143.672,0.0027472333850073853,0.39470051489078106,0.00039470051489078105
2026-04-21,118044,sell,rebalance,180.41,0.0025766266388129308,0.46484921190824086,0.0004648492119082409
2026-04-21,111013,sell,rebalance,172.999,0.002348865568024035,0.40635139440259,0.00040635139440259
2026-04-21,111000,sell,rebalance,218.58,0.0026986760832001387,0.5898766182658863,0.0005898766182658863
2026-04-21,113681,sell,rebalance,142.383,0.002715622707268744,0.3866585079290456,0.0003866585079290456
2026-04-21,113680,sell,rebalance,142.394,0.0026609468883302947,0.378902871216904,0.00037890287121690404
2026-04-21,127088,sell,rebalance_resize,190.0,0.0004495206050813488,0.08540891496545627,8.540891496545627e-05
2026-04-21,118003,sell,rebalance_resize,167.885,4.2916292856040234e-05,0.007205001826136315,7.205001826136315e-06
2026-04-21,123126,buy,rebalance,153.991,2.052070722981597e-05,0.003160004227026591,3.1600042270265913e-06
2026-04-21,123236,buy,rebalance,141.423,0.00037280023039040094,0.05272252698250167,5.272252698250167e-05
2026-04-21,113640,buy,rebalance,136.787,0.0002285023788113404,0.03125615489046682,3.125615489046682e-05
2026-04-21,113624,buy,rebalance,138.339,0.00014822234659127187,0.02050493120508996,2.050493120508996e-05
2026-04-21,118018,buy,rebalance,146.0,0.0027771757332959853,0.40546765706121385,0.0004054676570612139
2026-04-21,127034,buy,rebalance,140.1,0.00012344205778187374,0.01729423229524051,1.729423229524051e-05
2026-04-21,118007,buy,rebalance,139.996,0.00013672041261187732,0.019140310884012378,1.9140310884012377e-05
2026-04-21,123155,buy,rebalance,146.307,0.0027713483091117573,0.40546765706121385,0.0004054676570612139
2026-04-21,118011,buy,rebalance,149.008,8.156098009484576e-05,0.012153238521972778,1.2153238521972778e-05
2026-04-21,127047,buy,rebalance,140.05,0.002895163563450295,0.40546765706121385,0.0004054676570612139
2026-04-21,123121,buy,rebalance,155.0,0.0026159203681368638,0.40546765706121385,0.0004054676570612139
2026-04-21,113671,buy,rebalance,149.4,3.287861439541088e-05,0.004912064990674386,4.912064990674386e-06
2026-04-21,127090,buy,rebalance,156.0,0.00010161830104634818,0.015852454963230317,1.5852454963230318e-05
2026-04-21,118033,buy,rebalance,153.0,0.00013273411172015927,0.020308319093184368,2.030831909318437e-05
2026-04-21,127066,buy,rebalance,147.5,0.0027489332682116194,0.40546765706121385,0.0004054676570612139
2026-04-21,123183,buy,rebalance,144.54,0.0028052280134302885,0.40546765706121385,0.0004054676570612139
2026-04-21,118016,buy,rebalance,154.203,0.000128720668647934,0.019849113267517367,1.9849113267517367e-05
2026-04-21,113048,buy,rebalance,147.0,0.002758283381368802,0.40546765706121385,0.0004054676570612139
2026-04-22,123236,sell,risk_exit_next_open,137.0,0.0028696258341954772,0.3931387392847804,0.0003931387392847804
2026-04-24,118003,sell,risk_exit_next_open,197.212,0.0024176395447118295,0.4767875298917093,0.00047678752989170934
2026-05-06,113624,sell,rebalance,137.506,0.0029338385307247326,0.4034204010058351,0.00040342040100583513
2026-05-06,118033,sell,rebalance,233.009,0.002652709091984356,0.6181050928141828,0.0006181050928141829
2026-05-06,113640,sell,rebalance,137.666,0.002967045197239791,0.40846124412321305,0.00040846124412321306
2026-05-06,127088,sell,rebalance,196.1,0.0021362390261260287,0.4189164730233142,0.00041891647302331423
2026-05-06,113671,sell,rebalance,145.549,0.002716735970602098,0.3954182037851648,0.0003954182037851648
2026-05-06,127047,sell,rebalance,154.101,0.002895163563450295,0.44614760029125394,0.00044614760029125397
2026-05-06,113048,sell,rebalance,157.411,0.002758283381368802,0.43418414534464445,0.00043418414534464447
2026-05-06,123126,buy,rebalance,151.0,0.0001681129940714293,0.025385062104785826,2.5385062104785827e-05
2026-05-06,127034,buy,rebalance,145.1,2.1044078205642642e-05,0.003053495747638747,3.053495747638747e-06
2026-05-06,118018,buy,rebalance,149.166,6.127224384685869e-05,0.009139735525660523,9.139735525660523e-06
2026-05-06,123225,buy,rebalance,151.422,0.0027934255564541857,0.4229860846094057,0.00042298608460940567
2026-05-06,118011,buy,rebalance,150.48,8.98005192197363e-05,0.013513182132185917,1.3513182132185917e-05
2026-05-06,123198,buy,rebalance,141.68,0.002985503138123981,0.4229860846094057,0.00042298608460940567
2026-05-06,123121,buy,rebalance,149.0,0.00022552572153767316,0.0336033325091133,3.36033325091133e-05
2026-05-06,118016,buy,rebalance,153.7,0.0001226360574945667,0.0188491620369149,1.88491620369149e-05
2026-05-06,118007,buy,rebalance,142.801,6.58394047548904e-05,0.009401932838403104,9.401932838403104e-06
2026-05-06,123171,buy,rebalance,139.0,0.003043065356902199,0.4229860846094057,0.00042298608460940567
2026-05-06,123222,buy,rebalance,172.32,0.0024546546228493833,0.4229860846094057,0.00042298608460940567
2026-05-06,118041,buy,rebalance,157.87,0.002679331631148449,0.4229860846094057,0.00042298608460940567
2026-05-06,123142,buy,rebalance,132.3,0.0031971737309856815,0.4229860846094057,0.00042298608460940567
2026-05-06,127090,buy,rebalance,161.001,2.8100684511403338e-05,0.004524238307020449,4.524238307020449e-06
2026-05-06,123155,buy,rebalance,143.0,0.00018936491823584676,0.027079183307726087,2.7079183307726087e-05
2026-05-06,123183,buy,rebalance,143.7,0.0001411101436078375,0.020277527636446246,2.0277527636446246e-05
2026-05-06,113680,buy,rebalance,152.678,0.0027704455429688997,0.4229860846094057,0.00042298608460940567
2026-05-06,113665,buy,rebalance,136.259,0.0031042799713002864,0.4229860846094057,0.00042298608460940567
2026-05-06,127066,buy,rebalance,141.6,0.00024100278193028588,0.03412599392132848,3.412599392132848e-05
2026-05-06,111002,buy,rebalance,144.642,0.002924365568848645,0.4229860846094057,0.00042298608460940567
2026-05-11,123126,sell,risk_exit_next_open,153.5,0.0028038654677609953,0.4303933493013128,0.0004303933493013128
2026-05-12,127034,sell,rebalance,144.37,0.0029180290640817884,0.4212758559814878,0.0004212758559814878
2026-05-12,123121,sell,rebalance,170.51,0.002841446089674537,0.48449497275040526,0.00048449497275040526
2026-05-12,118041,sell,rebalance,173.68,0.002679331631148449,0.46534631769786267,0.0004653463176978627
2026-05-12,113665,sell,rebalance,138.9,0.0031042799713002864,0.4311844880136098,0.0004311844880136098
2026-05-12,111002,sell,rebalance,146.396,0.002924365568848645,0.42811542181716616,0.0004281154218171662
2026-05-12,113680,sell,rebalance_resize,157.716,5.500641770951566e-06,0.0008675392175473973,8.675392175473973e-07
2026-05-12,118016,sell,rebalance_resize,172.99,0.0002338368392484551,0.04045143482159025,4.045143482159025e-05
2026-05-12,123142,sell,rebalance_resize,139.073,6.158271017405314e-05,0.008564492252036093,8.564492252036094e-06
2026-05-12,123171,sell,rebalance_resize,144.573,2.6761828322618988e-05,0.0038690378060859953,3.869037806085996e-06
2026-05-12,113680,buy,rebalance,157.716,3.5161046660184996e-19,5.545459635057737e-17,5.545459635057737e-20
2026-05-12,118018,buy,rebalance,147.17,0.00012450210448573159,0.018322974717165118,1.8322974717165117e-05
2026-05-12,123198,buy,rebalance,144.0,4.275915736380007e-05,0.00615731866038721,6.157318660387211e-06
2026-05-12,123225,buy,rebalance,152.69,6.246757744032247e-05,0.009538174399362838,9.538174399362838e-06
2026-05-12,118011,buy,rebalance,151.247,6.95003233764954e-05,0.010511715409724802,1.0511715409724803e-05
2026-05-12,113646,buy,rebalance,174.28,0.0024996085311935015,0.43563177481640347,0.0004356317748164035
2026-05-12,123183,buy,rebalance,145.806,4.441288124549254e-05,0.006475664562880286,6.4756645628802854e-06
2026-05-12,118007,buy,rebalance,146.998,1.5795802213352698e-06,0.00023219513337584198,2.32195133375842e-07
2026-05-12,123222,buy,rebalance,173.602,5.721689929568672e-05,0.009932968151529806,9.932968151529807e-06
2026-05-12,127090,buy,rebalance,163.7,3.401298699071697e-05,0.005567925970380368,5.567925970380367e-06
2026-05-12,113644,buy,rebalance,147.201,0.002959434887102693,0.43563177481640347,0.0004356317748164035
2026-05-12,123155,buy,rebalance,145.338,3.967324832944235e-05,0.005766030565704492,5.766030565704492e-06
2026-05-12,123160,buy,rebalance,178.0,0.002447369521440469,0.43563177481640347,0.0004356317748164035
2026-05-12,127066,buy,rebalance,138.2,0.0001652937125395938,0.02284359107297186,2.2843591072971863e-05
2026-05-12,111004,buy,rebalance,144.94,0.0030056007645674313,0.43563177481640347,0.0004356317748164035
2026-05-12,123253,buy,rebalance,158.45,0.0027493327536535408,0.43563177481640347,0.0004356317748164035
2026-05-12,113686,buy,rebalance,170.5,0.0025550250722369706,0.43563177481640347,0.0004356317748164035
2026-05-20,127066,sell,risk_exit_next_open,137.734,0.003155229762681499,0.4345824161331736,0.00043458241613317364
2026-05-21,123225,sell,rebalance,161.0,0.0028558931338945083,0.45979879455701583,0.00045979879455701586
2026-05-21,118011,sell,rebalance_resize,150.0,3.7181093410216806e-05,0.0055771640115325205,5.577164011532521e-06
2026-05-21,118018,sell,rebalance_resize,177.0,0.0005511257993476453,0.09754926648453323,9.754926648453324e-05
2026-05-21,123142,sell,rebalance_resize,136.872,1.667043834242665e-05,0.0022817162368046207,2.281716236804621e-06
2026-05-21,118007,sell,rebalance_resize,145.782,3.8246145623006796e-05,0.005575599601213177,5.575599601213177e-06
2026-05-21,123155,sell,rebalance_resize,143.798,3.1688037842551716e-05,0.0045566764656832515,4.556676465683252e-06
2026-05-21,118016,sell,rebalance_resize,180.0,0.00014918931049243936,0.026854075888639084,2.6854075888639086e-05
2026-05-21,123198,buy,rebalance,139.1,4.065549406591431e-05,0.00565517922456868,5.655179224568681e-06
2026-05-21,113646,buy,rebalance,157.9,0.00020372460951790695,0.03216811584287751,3.216811584287751e-05
2026-05-21,127090,buy,rebalance,148.0,0.00022032227389945936,0.032607696537119986,3.260769653711999e-05
2026-05-21,113686,buy,rebalance,156.0,0.00018126165680422922,0.028276818461459758,2.8276818461459758e-05
2026-05-21,123183,buy,rebalance,140.509,4.7384055047565714e-05,0.006657886190678411,6.657886190678411e-06
2026-05-21,123222,buy,rebalance,161.555,0.00013037994453192757,0.02106353193885556,2.1063531938855558e-05
2026-05-21,123160,buy,rebalance,170.5,5.6337051028906963e-05,0.009605467200428637,9.605467200428637e-06
2026-05-21,113680,buy,rebalance,151.025,6.162229435704681e-05,0.009306507005272994,9.306507005272994e-06
2026-05-21,110084,buy,rebalance,138.0,0.0030899116560120215,0.426407808529659,0.000426407808529659
2026-05-21,123171,buy,rebalance,139.35,4.710107253382786e-05,0.006563534457588911,6.563534457588911e-06
2026-05-21,113644,buy,rebalance,140.382,8.141006937736593e-05,0.011428508359333385,1.1428508359333385e-05
2026-05-21,118040,buy,rebalance,156.919,0.0027173752606737167,0.426407808529659,0.000426407808529659
2026-05-21,123253,buy,rebalance,150.6,8.518453514513447e-05,0.012828790992857251,1.2828790992857251e-05
2026-05-21,111004,buy,rebalance,140.125,4.086762654357643e-05,0.005726576169418647,5.7265761694186475e-06
2026-05-25,127090,sell,risk_exit_next_open,132.998,0.002884160830021474,0.38358762207119595,0.00038358762207119595
2026-05-29,118018,sell,risk_exit_next_open,162.0,0.0024118242822809303,0.39071553372951073,0.00039071553372951076
2026-05-29,113644,sell,risk_exit_next_open,123.9,0.003040844956480059,0.3767606901078793,0.00037676069010787933
2026-06-02,123198,sell,risk_exit_next_open,125.907,0.0030689177895536954,0.3863982321293371,0.0003863982321293371
2026-06-11,118016,sell,rebalance,223.885,0.0023716272109095817,0.5309717581144917,0.0005309717581144917
2026-06-11,123155,sell,rebalance,136.933,0.0029686984378344944,0.4065127831879908,0.0004065127831879908
2026-06-11,111004,sell,rebalance,126.273,0.003046468391111008,0.38468670315076026,0.00038468670315076024
2026-06-11,123253,sell,rebalance,136.05,0.0028345172887986755,0.38563607714105985,0.00038563607714105984
2026-06-11,113686,sell,rebalance,154.149,0.0027362867290412,0.4217958629949719,0.0004217958629949719
2026-06-11,123142,sell,rebalance_resize,134.74,9.783366463922541e-05,0.013182107973489232,1.3182107973489233e-05
2026-06-11,123171,sell,rebalance_resize,132.95,1.6426506928654729e-06,0.0002183904096164646,2.183904096164646e-07
2026-06-11,110084,sell,rebalance_resize,132.498,1.7704895846500987e-05,0.0023458632898696874,2.3458632898696873e-06
2026-06-11,123183,sell,rebalance_resize,137.52,7.812017689422217e-05,0.010743086726493434,1.0743086726493434e-05
2026-06-11,118040,sell,rebalance_resize,153.901,7.242005370033083e-05,0.011145518684534617,1.1145518684534617e-05
2026-06-11,118011,buy,rebalance,137.3,0.00011868529261275269,0.016295490675730946,1.6295490675730948e-05
2026-06-11,113681,buy,rebalance,136.605,0.0029768343877113546,0.4066504615333096,0.0004066504615333096
2026-06-11,123222,buy,rebalance,150.33,6.546694936334945e-05,0.009841646497792324,9.841646497792323e-06
2026-06-11,113646,buy,rebalance,148.988,2.8812501190775474e-05,0.0042927169274112565,4.292716927411257e-06
2026-06-11,123171,buy,rebalance,132.95,4.1711268611754895e-19,5.545513161932813e-17,5.545513161932813e-20
2026-06-11,118007,buy,rebalance,138.87,2.940341391904278e-06,0.0004083252090937471,4.083252090937471e-07
2026-06-11,127078,buy,rebalance,140.06,0.0029034018387356104,0.4066504615333096,0.0004066504615333096
2026-06-11,123138,buy,rebalance,134.5,0.003023423505823863,0.4066504615333096,0.0004066504615333096
2026-06-11,123144,buy,rebalance,130.265,0.0031217169733490165,0.4066504615333096,0.0004066504615333096
2026-06-11,118039,buy,rebalance,144.23,0.002819458237074878,0.4066504615333096,0.0004066504615333096
2026-06-11,123160,buy,rebalance,161.3,1.9901663698708213e-05,0.003210138354601635,3.2101383546016348e-06
2026-06-11,127053,buy,rebalance,186.298,0.0021827956367395764,0.4066504615333096,0.0004066504615333096
2026-06-11,113643,buy,rebalance,140.1,0.002902572887461168,0.4066504615333096,0.0004066504615333096
2026-06-11,123209,buy,rebalance,180.26,0.002255910693072837,0.4066504615333096,0.0004066504615333096
2026-06-11,123188,buy,rebalance,170.302,0.0023878196470582236,0.4066504615333096,0.0004066504615333096
2026-06-11,113680,buy,rebalance,142.81,2.3778165295307564e-05,0.0033957597858228733,3.3957597858228733e-06
2026-06-23,123138,sell,rebalance,132.552,0.003023423505823863,0.40076083254396466,0.00040076083254396465
2026-06-23,127053,sell,rebalance,201.0,0.0021827956367395764,0.43874192298465486,0.0004387419229846549
2026-06-23,113643,sell,rebalance,133.388,0.002902572887461168,0.38716839231267025,0.00038716839231267027
2026-06-23,123171,sell,rebalance_resize,136.25,5.0378127505986764e-05,0.0068640198726906965,6.864019872690697e-06
2026-06-23,123222,sell,rebalance_resize,153.79,3.978782320525805e-05,0.006118969330736634,6.118969330736635e-06
2026-06-23,123183,sell,rebalance_resize,142.0,7.057093142211534e-05,0.010021072261940378,1.0021072261940378e-05
2026-06-23,123144,sell,rebalance_resize,132.059,1.4764430378766357e-05,0.0019497759113895063,1.9497759113895063e-06
2026-06-23,113646,sell,rebalance_resize,157.39,0.00012523893962053755,0.019711356706876404,1.9711356706876403e-05
2026-06-23,127078,sell,rebalance_resize,144.04,5.488027616890482e-05,0.00790495497936905,7.90495497936905e-06
2026-06-23,123209,sell,rebalance_resize,187.39,6.635390844127558e-05,0.01243405890281063,1.243405890281063e-05
2026-06-23,123160,sell,rebalance_resize,163.578,1.5318332439536905e-05,0.002505742183794568,2.5057421837945684e-06
2026-06-23,118040,buy,rebalance,151.002,5.383492699025847e-05,0.00812918164538301,8.12918164538301e-06
2026-06-23,113681,buy,rebalance,130.992,0.00011583621171335642,0.015173617044755982,1.5173617044755982e-05
2026-06-23,118007,buy,rebalance,139.648,5.121814136646109e-06,0.0007152511005543558,7.152511005543559e-07
2026-06-23,123142,buy,rebalance,131.0,8.271302329802023e-05,0.01083540605204065,1.083540605204065e-05
2026-06-23,123188,buy,rebalance,167.0,5.1478769150232285e-05,0.008596954448088792,8.596954448088793e-06
2026-06-23,123157,buy,rebalance,132.888,0.0023011115924726966,0.3057901173005117,0.0003057901173005117
2026-06-23,110084,buy,rebalance,129.477,7.207170927666115e-05,0.009331628702014256,9.331628702014256e-06
2026-06-23,113680,buy,rebalance,142.44,2.248745879746382e-05,0.0032031136311107466,3.203113631110747e-06
2026-06-23,113632,buy,rebalance,141.821,0.0021561695186221486,0.3057901173005117,0.0003057901173005117
2026-06-23,118039,buy,rebalance,139.6,8.918123026748876e-05,0.01244969974534143,1.244969974534143e-05
2026-06-23,123209,buy,rebalance,187.39,2.2077741521549256e-19,4.137147983723114e-17,4.137147983723114e-20
2026-06-23,113631,buy,rebalance,135.73,0.002252929472485904,0.3057901173005117,0.0003057901173005117
2026-06-23,123216,buy,rebalance,138.4,0.002209466165466125,0.3057901173005117,0.0003057901173005117
2026-06-26,113632,sell,risk_exit_next_open,138.2,0.0021561695186221486,0.2979826274735809,0.00029798262747358093
2026-06-29,123142,sell,risk_exit_next_open,119.001,0.0031037999411279967,0.3693552967941727,0.0003693552967941727
2026-07-01,118011,sell,rebalance,197.2,0.00296463794570425,0.584626602892878,0.0005846266028928781
2026-07-01,113646,sell,rebalance,151.734,0.0026069067022816464,0.39555638156400336,0.00039555638156400335
2026-07-01,110084,sell,rebalance,127.305,0.0031442784694421817,0.40028237055233695,0.000400282370552337
2026-07-01,127078,sell,rebalance,139.362,0.0028485215625667056,0.3969756620024212,0.0003969756620024212
2026-07-01,123144,sell,rebalance,118.518,0.00310695254297025,0.3682298014877481,0.0003682298014877481
2026-07-01,118039,sell,rebalance,132.2,0.002908639467342367,0.38452213758266085,0.00038452213758266086
2026-07-01,113631,sell,rebalance,131.299,0.002252929472485904,0.29580738680792673,0.00029580738680792676
2026-07-01,123216,sell,rebalance,127.954,0.002209466165466125,0.2827100337360525,0.0002827100337360525
2026-07-01,113681,sell,rebalance_resize,130.736,1.8069029109005804e-05,0.0023622725895949825,2.3622725895949824e-06
2026-07-01,118040,sell,rebalance_resize,171.715,0.00035792817725168564,0.0614616369567732,6.14616369567732e-05
2026-07-01,113680,sell,rebalance_resize,143.145,6.476330344535695e-05,0.009270543071685622,9.270543071685623e-06
2026-07-01,123160,sell,rebalance_resize,161.0,1.1637041015540675e-05,0.0018735636035020486,1.8735636035020487e-06
2026-07-01,123171,buy,rebalance,132.366,2.533023231255392e-05,0.0033528615302835124,3.3528615302835126e-06
2026-07-01,118007,buy,rebalance,133.3,7.902313083615882e-05,0.010533783340459972,1.0533783340459973e-05
2026-07-01,123188,buy,rebalance,138.688,0.00045854621026079906,0.0635948568086497,6.359485680864969e-05
2026-07-01,123222,buy,rebalance,147.994,4.808394797955818e-05,0.007116135797286733,7.116135797286733e-06
2026-07-01,123183,buy,rebalance,135.56,7.566853478804361e-05,0.010257626575867191,1.0257626575867192e-05
2026-07-01,123157,buy,rebalance,124.458,0.0009276355128215266,0.11545166065474155,0.00011545166065474156
2026-07-01,113658,buy,rebalance,140.51,0.0028578160023042284,0.4015517264837671,0.00040155172648376707
2026-07-01,123122,buy,rebalance,132.66,0.0030269239143959526,0.4015517264837671,0.00040155172648376707
2026-07-01,123209,buy,rebalance,174.872,0.00010893405324014215,0.01904951575821014,1.904951575821014e-05
2026-07-01,118036,buy,rebalance,137.0,0.0029310344998815115,0.4015517264837671,0.00040155172648376707
2026-07-01,123124,buy,rebalance,160.6,0.0025003220827133693,0.4015517264837671,0.00040155172648376707
2026-07-01,123235,buy,rebalance,146.76,0.002736111518695606,0.4015517264837671,0.00040155172648376707
2026-07-01,118012,buy,rebalance,144.4,0.00278082913077401,0.4015517264837671,0.00040155172648376707
2026-07-01,127053,buy,rebalance,185.08,0.002169611662436606,0.4015517264837671,0.00040155172648376707
2026-07-01,111012,buy,rebalance,293.0,0.001370483708135724,0.4015517264837671,0.00040155172648376707
2026-07-01,118015,buy,rebalance,133.9,0.002998892654845161,0.4015517264837671,0.00040155172648376707
2026-07-06,118040,sell,risk_exit_next_open,133.88,0.002340861956711959,0.313394598764597,0.00031339459876459703
2026-07-13,113680,sell,rebalance,134.998,0.00280806951620241,0.37908376854829295,0.000379083768548293
2026-07-13,123122,sell,rebalance,129.6,0.0030269239143959526,0.3922893393057154,0.0003922893393057154
2026-07-13,118036,sell,rebalance,139.056,0.0029310344998815115,0.4075779334155235,0.00040757793341552354
2026-07-13,118012,sell,rebalance,156.711,0.00278082913077401,0.43578651391272594,0.0004357865139127259
2026-07-13,111012,sell,rebalance,336.369,0.001370483708135724,0.46098823442190534,0.00046098823442190535
2026-07-13,118015,sell,rebalance,133.778,0.002998892654845161,0.40118586157987596,0.00040118586157987594
2026-07-13,123171,sell,rebalance_resize,139.2,0.0001466907274823129,0.020419349265537956,2.0419349265537958e-05
2026-07-13,113681,sell,rebalance_resize,136.75,0.00013280085936816807,0.018160517518596982,1.8160517518596982e-05
2026-07-13,123188,sell,rebalance_resize,149.0,0.0001979033699452575,0.02948760212184337,2.948760212184337e-05
2026-07-13,123222,sell,rebalance_resize,149.599,2.688395022195747e-05,0.0040218120692546155,4.021812069254615e-06
2026-07-13,118007,sell,rebalance_resize,134.596,2.6501968965737378e-05,0.003567059014912388,3.567059014912388e-06
2026-07-13,123235,sell,rebalance_resize,150.864,6.952938364631894e-05,0.01048948093441826,1.048948093441826e-05
2026-07-13,123157,sell,rebalance_resize,127.668,7.767363957003512e-05,0.009916438216627244,9.916438216627244e-06
2026-07-13,123173,buy,rebalance,131.625,0.0030531889283839757,0.4018759926985408,0.0004018759926985408
2026-07-13,123188,buy,rebalance,149.0,3.7217349872705325e-19,5.545385131033093e-17,5.545385131033094e-20
2026-07-13,113658,buy,rebalance,135.0,0.00012199310802115925,0.0164690695828565,1.64690695828565e-05
2026-07-13,123211,buy,rebalance,166.088,0.002419657005313694,0.4018759926985408,0.0004018759926985408
2026-07-13,123160,buy,rebalance,160.741,6.070393815334297e-06,0.0009757611722706503,9.757611722706503e-07
2026-07-13,123124,buy,rebalance,147.0,0.00023610909923962292,0.03470803758822457,3.470803758822457e-05
2026-07-13,123209,buy,rebalance,173.455,2.0770783229309903e-05,0.003602796205039949,3.602796205039949e-06
2026-07-13,123183,buy,rebalance,135.35,7.109518722762557e-06,0.000962273359125912,9.62273359125912e-07
2026-07-13,118016,buy,rebalance,163.61,0.0024563045822293306,0.4018759926985408,0.0004018759926985408
2026-07-13,118039,buy,rebalance,135.76,0.0029601944070310904,0.4018759926985408,0.0004018759926985408
2026-07-13,127053,buy,rebalance,178.153,8.841919130096629e-05,0.015752144187841047,1.5752144187841047e-05
2026-07-13,113631,buy,rebalance,133.48,0.003010758111316608,0.4018759926985408,0.0004018759926985408
2026-07-13,123178,buy,rebalance,135.46,0.0029667502783001683,0.4018759926985408,0.0004018759926985408
2026-07-13,111002,buy,rebalance,143.834,0.002794026396391262,0.4018759926985408,0.0004018759926985408
2026-07-15,123188,sell,risk_exit_next_open,136.8,0.0026999412565239978,0.3693519638924829,0.00036935196389248294
2026-07-17,113658,sell,risk_exit_next_open,118.989,0.0029798091103253876,0.35456450622850755,0.00035456450622850755
