execution_date,signal_date,ranked_codes
2018-01-11,2018-01-10,110041|128026|128023|128025|128019|128018|113503|123002|113016|128022|128014|128021|113009|128015|113012|113011|110039|110033|110040|110034|113014|113013|127004|110038|128016|113015|128017|128010|110032|128020|110030|128012|127003|113008|123001|113010|128013|110031
2018-01-23,2018-01-22,113017|110041|128026|128025|128023|128018|128019|113503|113016|128014|128027|110042|128022|123002|128015|113009|113012|128021|113011|110034|110039|110033|128028|127004|110032|128010|110040|128024|113014|128016|110038|123003|128029|128012|113013|110030|128017|128020|113015|127003|123001|113008|113010|128013|110031
2018-01-31,2018-01-30,113017|110041|128026|123005|128023|128025|123007|113016|128033|128032|128018|128030|113503|128019|128014|128022|123002|123004|113009|128015|110042|128027|128021|113012|123006|110039|110034|113011|128024|110032|128010|110033|113014|110030|110038|127004|113013|128016|110040|128017|123003|123001|128028|113015|128012|128029|128020|113008|127003|113010|128013|110031
2018-02-13,2018-02-12,113017|123005|110041|128030|113503|113018|128026|128025|128032|123002|113009|128015|128027|128018|128022|128014|113016|110033|110039|123007|128010|110032|113011|110034|123004|128024|128033|123006|110038|110042|128019|110040|128017|128021|128016|123001|128023|113015|113013|113014|113012|128029|128028|128020|123003|127004|128012|110030|127003|113008|113010|128013|110031
2018-02-23,2018-02-22,113017|110041|123005|128030|128034|113503|128032|113018|128025|128026|128015|128027|123002|113016|128018|128014|123007|113009|123004|128022|128033|110039|128010|110034|113011|110042|110033|128024|128023|110032|110040|128019|110038|128021|113013|128028|123006|113012|128016|113014|113015|123001|128017|123003|128029|128020|128012|127004|110030|127003|113008|113010|128013|110031
2018-03-01,2018-02-28,113017|110041|128030|123005|128034|128026|128025|128032|113503|113018|128033|128027|128015|123007|128022|123002|128014|128018|110042|123004|113009|128023|113016|128028|128019|128010|110039|110034|128024|113011|128021|113015|110033|110038|110040|113014|123003|123006|113012|110032|128016|113013|123001|128017|128020|128012|128029|127004|110030|127003|113008|113010|128013|110031
2018-03-13,2018-03-12,113017|128026|128034|123005|128025|110041|128032|128030|113018|128033|113503|128014|110042|128015|113009|128018|128027|123004|128023|128019|123002|113016|123001|128022|123003|123006|110038|128021|110033|128016|113014|128035|113011|113015|110040|110034|128028|128024|113013|110032|128010|110039|128020|128017|113012|128029|127004|128012|110030|127003|113008|128013|113010|110031
2018-03-21,2018-03-20,113017|128032|110043|128026|128025|110041|128034|113018|128030|113503|128014|128018|128015|113016|123005|110042|128033|128023|113009|128027|123004|128019|123002|123008|128022|110033|128016|128028|113011|113014|123006|128024|110034|110039|110038|128021|128010|113015|128035|110032|110040|123001|113013|123003|128020|113012|128029|128017|127004|110030|128012|127003|113008|113010|128013|110031
2018-04-02,2018-03-30,113505|113017|128026|110043|128030|113503|110041|128034|128032|113009|113018|113012|128025|128014|123002|128018|113019|110042|128015|113016|128019|128033|128022|113014|123005|113504|128023|123004|123006|113011|110034|110033|110040|123001|128027|110032|123008|113015|128024|128016|128028|128010|110038|128021|128035|128017|128029|110039|113013|123003|128020|127004|110030|127003|128012|113008|110031|128013|113010
2018-04-11,2018-04-10,128036|113017|128026|113505|110043|128034|128030|110041|113503|128032|113012|113018|110042|123002|128025|128023|128015|128014|113019|123009|123005|113009|128019|113016|128022|128018|128033|110034|128027|113014|123004|123006|110033|110038|113504|110040|128010|113011|113015|123008|128016|110032|123001|128024|128035|128021|128017|113013|110039|128028|128029|127004|128020|110030|123003|127003|128012|110031|113008|128013|113010
2018-04-23,2018-04-20,128038|128036|113017|113505|128026|128030|110041|110042|113503|113018|128025|110043|127005|128032|123002|113012|123009|128014|123005|128015|110034|128022|128019|128033|128027|113016|113019|128018|128023|123006|113011|123001|128010|123004|113014|110032|128034|110038|113504|128017|110033|128021|113015|113009|123008|113013|128024|128016|128035|110040|128028|128029|110039|128020|110030|123003|127004|127003|113008|110031|128012|128013|113010
2018-05-11,2018-05-10,128038|128037|128034|113017|113507|128026|128036|113505|128025|110041|128032|128014|113018|128019|113503|113012|128030|128015|110042|123002|113502|127005|128033|113019|110033|113016|128027|123009|113010|128023|113011|128010|110043|123004|113504|110034|113015|110038|113009|128018|123001|123006|110032|128017|110040|128024|113013|128035|110030|128016|128028|113014|128029|128020|123005|123003|110039|128021|127004|127003|113008|123008|110031|128012|128013
2018-05-22,2018-05-21,128038|128034|110043|128026|128037|113017|113506|113505|113508|113507|128025|128014|110041|127006|113018|113503|128032|128019|113502|128033|113012|110042|123002|127005|128030|113016|128015|113019|128027|123009|113009|110033|110034|128017|113504|128023|110038|123007|113011|128018|123004|113010|123001|113015|128010|110040|123006|110032|128016|128035|113013|128024|128028|113014|110030|128020|128029|123005|128021|110039|127004|123003|127003|113008|123008|110031|128012|128013
2018-05-31,2018-05-30,128038|110043|128037|128034|128026|113017|113506|113507|128025|113503|128014|113505|113016|128015|113508|127006|128030|123009|110041|113018|113012|127005|128032|123002|128033|113019|128019|110042|123006|113011|113502|110034|128017|128027|128010|110038|110032|123007|113015|113504|110033|128024|128018|128016|128029|113009|128035|113010|128023|110040|123001|128028|110039|113013|123005|113014|110030|128020|123003|128021|127004|127003|110031|113008|123008|128012|128013
2018-06-12,2018-06-11,128038|110043|128037|113017|128026|128034|128025|128036|113506|113016|113503|113505|113507|128015|113508|128030|110041|128014|113012|127006|128019|128032|113018|127005|110034|128010|123007|113019|113011|110042|123009|128017|128027|110038|113502|128024|110033|128018|123006|113504|113009|123002|128035|128016|128023|110032|113010|128020|113013|110040|128028|128029|113015|128033|123001|110039|110030|113014|123003|128021|127004|123005|127003|110031|123008|128012|128013
2018-06-21,2018-06-20,128036|128038|128037|110043|128025|113503|113505|113506|113507|128026|128030|123002|128014|128034|113017|128032|128019|113016|128015|128022|110034|123007|113508|127006|128024|128027|113011|123006|110041|123009|128017|113012|110038|113018|123005|110032|110042|128035|127005|113019|128016|113504|110033|128029|128018|113009|113502|110040|128023|113015|128010|113013|113010|128028|123001|113014|110030|127003|128020|128033|127004|123003|123008|128021|110031|128012|128013
2018-07-11,2018-07-10,128039|113506|128036|128038|128026|110043|128025|113016|113505|128014|113503|128034|113017|128033|128030|113012|128032|113507|113509|113508|127006|113511|128019|123007|110042|123002|128015|128037|110040|128022|123009|110041|110034|128017|128027|128024|113011|110032|113502|113019|113504|113018|123006|127005|110033|128035|110038|128029|128018|128028|113013|128016|113009|128023|123001|128010|113010|113015|123005|128021|113014|123003|127003|128020|127004|110030|110031|123008|128012|128013
2018-07-23,2018-07-20,128039|128040|110043|113506|128036|113503|128038|113505|128034|128014|113511|113017|113507|113510|128033|113508|128030|113016|113012|128025|127006|128032|113509|128022|128019|110040|113019|123007|123002|110034|128017|110038|128026|113018|110042|110041|110032|128027|128015|113504|113011|128037|110033|128035|123006|128024|123009|128029|127005|113502|128028|128010|113013|128016|128023|113009|128018|113010|113015|123001|113014|128020|123003|110031|110030|127003|128021|127004|123008|128012|128013
2018-07-31,2018-07-30,128025|110044|128038|128036|110043|113505|113506|113017|128014|128040|128034|128039|128033|113503|113507|113508|113012|110041|113016|128030|123007|128022|127006|113509|113511|128032|110040|110042|123002|113510|128019|113512|128017|128037|128027|113019|113011|128026|128024|110038|110034|128015|123006|113018|123009|110032|110033|127005|128035|113502|128028|128029|113015|113504|128016|123008|113013|113009|113010|128023|123001|128010|128018|113014|110031|110030|128020|127004|128021|127003|123003|128012|128013
2018-08-13,2018-08-10,128036|127003|128038|128025|110044|127007|128014|113505|113017|110043|113507|128040|113506|113508|128034|113503|113012|113513|128033|113016|128030|128026|110041|128039|110045|128037|127006|110040|128019|113510|128022|128015|123002|110042|128027|113512|113011|113509|128032|128017|110034|123007|123009|113511|110032|113019|128024|113018|110033|123006|110038|127005|128035|128029|123008|128023|128016|113502|113504|113010|123001|128018|113013|113009|113015|128028|128010|113014|110030|110031|127004|128020|123003|128021|113008|128012|128013
2018-08-21,2018-08-20,128041|113514|128039|123013|123011|123010|128036|113516|128025|127003|128038|113505|110044|113507|127007|113506|113503|113016|128014|110043|113017|113508|128040|113513|128030|113012|113504|128033|128034|128015|128026|128019|110041|123009|110045|110040|113512|127006|113509|128027|128022|128032|113019|113011|123003|110042|110038|128037|110032|123007|123006|123008|128035|110034|110033|113018|113511|128017|113510|127005|128024|123002|113502|128029|113013|128023|113009|128018|113010|123001|128028|128016|113014|128010|110031|127004|113015|110030|128021|128020|113008|128013
2018-08-31,2018-08-30,123014|123012|128041|123013|113514|128043|128039|123011|128025|113515|128036|128034|123010|113516|128038|127003|113505|110044|113506|113513|113508|113503|110043|113018|128014|113507|128033|113017|127007|113504|128040|113517|113012|128015|110045|123009|128019|128027|113512|113019|127006|110040|128022|128030|110041|128026|113011|110042|128032|113016|110032|128037|110034|110038|113509|110033|123003|128024|123006|128035|123002|123007|113510|127005|128029|128017|113502|113009|113013|128018|113511|123008|128016|113010|128023|128028|110031|113014|123001|113015|110030|127004|128020|128010|128021|113008|128013
2018-09-11,2018-09-10,123012|113514|113016|128043|128041|128036|123013|123014|128039|128025|123011|128034|128044|127003|113515|128042|113516|113507|113509|123010|113018|128038|110044|110043|128014|113513|113508|113506|113017|113504|113505|113503|128033|127007|128040|110042|113012|123009|113011|128019|113512|110041|127006|128015|110040|113517|110045|113019|128032|110032|128027|110038|110034|123006|128026|110033|128024|128030|128022|128037|113510|123003|128029|127005|123002|123008|123007|113013|128035|128017|113511|113009|113010|128018|128016|113502|110031|128023|113014|113015|128028|123001|110030|127004|128010|128020|128021|113008|128013
2018-09-21,2018-09-20,123012|123014|123013|113514|128041|123015|128043|123001|128039|128044|128036|123011|113016|113515|128025|128034|123010|128042|113507|113509|113516|127003|113513|128033|110044|128038|113017|113506|113505|110043|128014|113508|113018|113503|128045|113012|110042|127007|128040|128019|113504|127006|113011|123009|110041|110045|128027|113512|113019|128015|110040|128026|123008|113517|128024|110032|128022|123006|110034|128032|110038|123007|127005|128035|128029|128030|113013|123002|113511|113510|128037|113009|123003|128018|113502|113010|128017|128016|128028|128023|110031|113014|110030|113015|128010|127004|128020|128021|113008|128013
2018-10-11,2018-10-10,123012|123014|128039|113514|113016|123013|128021|128044|128041|128043|123011|123015|123001|128034|113515|123010|128036|123002|128025|128042|113509|127003|113516|113513|128038|128014|113506|113505|113508|110043|110044|113017|128033|113507|113018|113518|113012|123009|113503|128027|128019|128040|128045|110042|127007|113504|110041|113512|127006|113011|110045|113019|128024|128026|123008|110040|110032|128015|110038|128032|123006|113517|110033|110034|113511|128029|127005|113009|128035|128022|113013|123007|128037|128017|113502|123003|128028|113010|128018|113510|128016|128030|113015|113014|128023|110030|110031|127004|128010|113008|128020|128013
2018-10-23,2018-10-22,123012|113016|123013|128039|123011|113514|128044|123014|128041|113515|123001|113509|128043|113513|123010|128034|128025|113516|123002|128021|127003|113518|128036|123015|113506|128033|113508|113507|128042|113018|128038|128014|113011|123009|113504|110043|128045|113503|113505|110044|110042|127006|110045|128027|113017|113012|113512|123006|128040|128024|110041|127007|128019|113511|110034|110040|123008|110038|110032|128029|128026|113517|113019|113013|110033|113009|128037|128015|128035|127005|128032|128017|113015|128028|113510|113502|128030|128016|123003|110030|113010|113014|128018|110031|113008|128023|127004|128020|128010|128013
2018-10-31,2018-10-30,123012|113016|128039|123013|113514|123011|113515|123014|113509|128041|123001|128034|123010|128044|128043|113516|113513|123002|127003|113518|110043|128025|113508|113018|113504|128033|128021|110044|128042|113506|113011|123015|128045|113507|128014|128036|113017|127006|113505|110042|110034|113503|123006|123009|113512|128027|128024|113012|128040|110041|127007|128019|110032|128038|128026|110040|123008|127005|113019|110038|113013|113511|113517|110033|113009|128037|128015|128029|113510|110045|128032|123007|128017|128022|113015|128016|128035|128028|128030|113502|113010|113014|128018|123003|110030|128023|113008|110031|127004|128020|128010|128013
2018-11-13,2018-11-12,123012|113016|123013|128039|113514|128041|123014|123011|123001|113515|128021|128044|123010|128034|113513|110044|128033|123002|113508|128025|113518|128042|113516|127003|128043|113509|123015|110043|113506|128014|128046|113507|128019|113504|128036|123009|113018|113017|113505|127007|113512|113011|128040|123008|128027|110042|110034|128045|113503|127006|110041|113012|128024|123006|128038|128026|113019|113510|110040|110038|110032|113517|110033|127005|113511|113015|128020|113013|113009|128029|110045|123007|128037|128032|128015|128022|113014|128030|128016|128035|128017|113502|123003|128018|128028|113010|110031|128023|110030|127004|128010|113008|128013
2018-11-21,2018-11-20,123012|113016|128039|128041|113514|123013|128038|123014|123001|113515|123011|128044|128021|128025|128034|113516|127003|113508|110044|123010|123015|113509|113513|113518|128033|123002|110043|128014|128042|113512|128040|113506|113503|110042|128043|113018|113017|113504|113507|113505|128019|123009|128027|113011|127007|128046|128036|128045|127006|113012|123006|110041|123008|127005|110034|128024|110033|113510|128037|128026|110032|110038|113517|128020|113019|113013|110040|128022|128029|128015|113511|128032|113015|123007|110045|113009|113502|128016|128017|128030|128028|128035|113014|128018|113010|123003|110031|128023|110030|128010|127004|113008|128013
2018-12-03,2018-11-30,110044|123012|128039|113016|128041|123011|128038|113514|113519|113520|128021|123013|113506|128043|123001|123014|113515|128036|113513|128048|128034|128044|113516|128033|128025|123002|127003|113017|113509|123010|113018|110043|113508|123009|128040|113518|127007|128019|113512|110042|113503|128042|128027|113505|113011|113504|128014|113507|128045|123006|128024|127006|113510|110041|110038|127005|113015|123008|110032|113012|128026|110033|113013|123015|110040|128037|128046|110034|128020|113019|128032|113517|113511|123007|113009|128017|110045|128029|128015|128022|128035|128016|128030|128028|128018|113502|113014|113010|123003|128023|110031|110030|127004|128010|113008|128013
2018-12-11,2018-12-10,123012|113521|123014|128041|128038|113520|128036|128039|113506|110044|113016|113519|113514|123011|123013|128021|110047|128043|128044|113513|113515|123016|128025|123001|128034|128048|113516|128033|123009|123002|113518|123010|113509|110043|127003|113512|128042|113508|128027|113018|128019|113017|127007|113505|113011|113504|128047|128040|110042|128014|113507|113503|123015|113510|123006|110032|110041|128045|127005|123008|113015|110034|128024|113012|127006|128026|113013|110040|110033|128046|113019|128037|110038|128032|110045|128020|128017|113517|113511|128030|128029|113009|123007|113014|128022|128016|128015|128028|128035|128018|113010|113502|123003|128023|110030|127004|110031|128010|113008|128013
2018-12-21,2018-12-20,128049|123012|123011|123015|123013|123014|128039|128041|128038|113016|110044|113521|113520|113506|113514|113522|113519|128043|110047|113516|123001|128034|123016|128025|128048|113513|113515|128036|110046|128044|128033|123002|128021|123009|128027|127003|113509|113508|110043|113018|113008|128042|113518|123010|128019|113011|113020|113504|113512|128024|113017|113505|110042|110032|113507|110040|113503|128014|110034|123006|128045|127007|128040|113510|113015|113012|110041|128047|113019|127006|110038|127005|123008|128046|110033|113013|110045|128032|128020|128026|113517|113511|113009|128037|128022|128029|128017|128016|128015|128030|123007|113014|113502|128028|113010|128018|128035|110030|128023|123003|110031|127004|128010|128013
2019-01-11,2019-01-10,128038|123012|128050|128049|123013|113524|128039|123015|113521|128041|123011|123014|113016|113514|113520|128043|113506|127008|128034|113516|113523|113519|123016|128048|110047|128025|123017|113522|128044|128036|128051|123007|123002|113515|113505|110044|113509|113513|110048|123001|128019|128042|128033|113018|110046|128021|110043|113008|113508|128027|123010|113017|113011|127007|127003|110042|128045|110041|113503|113512|113015|113020|113518|128024|113504|123009|110040|128014|123008|128040|113507|123006|110032|110033|110034|113510|128047|127006|127005|113013|113019|110038|128020|128026|128046|113012|110045|128032|128029|113009|128037|113511|128017|128015|113517|128030|128022|128016|113014|113010|113502|128018|128035|128028|110031|128023|123004|127004|123003|128010|128013
2019-01-22,2019-01-21,128038|123012|123004|128052|128049|128050|123015|113524|123011|128039|113521|113016|128043|113514|110050|113520|113523|123013|128034|113519|113515|128048|127008|123014|128025|128051|128041|123017|110044|113516|113513|110047|123002|113525|123007|128044|113509|128036|113506|110046|128042|128033|128021|113522|113020|123016|110043|113008|113018|113505|110048|123001|113017|113508|113011|127003|128019|113518|123010|128027|127007|110049|128024|110041|110042|113512|128014|113015|128045|110040|123009|128040|113503|110032|123006|113504|110033|128047|123008|110034|127006|113511|113019|128046|110038|113013|110045|127005|128026|113510|113012|113507|128029|128032|128020|128017|113517|128030|128015|128016|128037|113009|113502|113014|128022|113010|128018|128035|128028|110031|128023|127004|123003|128010|128013
2019-01-31,2019-01-30,113524|123018|128038|123012|128049|113016|128039|123013|128041|123011|123004|128043|123015|128052|113520|127008|128050|128025|113514|113506|123014|113515|113521|113523|128034|113513|110047|113516|128036|113519|110050|110044|113525|123007|110046|128019|113509|128048|123002|123016|123017|110043|128042|113018|110048|128033|127003|113008|113522|113518|128021|113512|113011|128051|128027|113020|123009|110049|113505|113015|110041|110032|128024|113511|110034|113502|128044|113017|123006|110040|128045|128040|110042|128014|128047|128046|123001|123008|113019|113508|113503|123010|110033|127006|127007|110045|113504|110038|113507|128026|113013|128029|128017|113510|113012|128030|127005|128016|113517|128020|113009|128032|128037|113014|128035|128015|128018|110031|128022|128028|128023|127004|128010|123003|128013
2019-02-12,2019-02-11,123018|128038|113507|123012|128049|123004|113016|123001|123015|128039|113524|123013|128052|123011|128043|128025|113514|113521|113520|127008|128036|128050|113523|113515|128041|123014|123007|128034|113525|110047|113509|113519|110050|113513|113516|128019|123002|113506|128048|123017|110044|110043|127003|128042|128051|128021|113518|113008|128033|113018|110046|113502|110041|110048|123016|113011|113505|113522|113512|128027|113017|110032|113020|113511|110049|123009|110034|110040|128046|128040|110042|113503|128044|128024|128047|128014|113015|113504|128045|123006|127006|113019|123010|110033|113508|123008|110045|113013|127007|110038|113510|128026|128020|128030|113517|128017|128029|127005|113012|128016|128032|113009|113014|128037|128035|128015|128022|128018|110031|128028|128023|127004|123003|128010|128012|128013
2019-02-21,2019-02-20,128038|123018|123001|128049|123013|113016|128039|123011|113524|128052|123004|113521|113514|128043|128050|113527|113507|128025|113526|128036|123014|128034|113515|123015|123007|123002|113519|128048|113520|113509|113523|113525|113513|128042|128033|110047|113516|128051|127008|110046|123017|123016|127003|110043|113506|110044|128021|113017|123012|128041|110050|113505|113018|113503|128019|110049|113522|128040|128046|113518|128044|113008|110041|113011|113504|123010|110048|113512|123006|113015|110042|128047|127010|113020|128027|110032|128024|128030|113510|128014|110033|113511|110040|127006|110034|113502|127005|113508|123009|128045|123008|127007|113019|128026|113012|110045|128029|128020|113013|128016|113517|128017|110038|128032|113009|128035|128037|128015|113014|128018|128028|128022|110031|128023|123003|127004|128010|128012|128013
2019-03-01,2019-02-28,128038|128049|123013|128039|113514|113526|128050|123001|123004|113524|123011|113507|123018|113527|123014|113016|123015|128036|127003|127007|113515|128040|128025|128043|128033|113521|128034|113523|128051|110047|113017|128052|113519|127009|123007|128048|113506|113505|113509|113513|128042|123017|113503|110043|110044|123012|110046|113520|110041|123010|128021|128044|113525|113516|113011|113008|128019|113522|110042|123002|127010|123016|110049|110033|113504|110050|110048|113518|123009|113020|128024|113015|113512|113508|128014|128027|113018|113510|128047|110040|128045|127006|128046|113502|110034|113019|113511|128041|110045|128030|128029|127005|128016|113012|128032|128020|128026|113517|113013|110032|123008|113009|110038|128035|128017|128037|113014|128015|128028|128022|128018|127008|123006|128023|110031|123003|127004|128010|128012|128013
2019-03-12,2019-03-11,123018|128053|113012|113527|113526|128049|113521|113514|113524|113016|110047|128052|127007|113523|128050|128034|128025|128036|128048|128043|123012|123011|123004|113519|113017|113513|128040|113505|113508|128051|127003|128042|127009|113503|110043|110046|110048|123002|113515|128021|123017|113520|113525|113008|113522|113507|113509|113020|123007|110033|128039|128033|123009|128027|113516|128024|110042|110041|113011|113504|113518|128019|127010|110044|123010|127006|110049|113512|127005|110050|128038|123013|110040|128045|128014|113510|110034|123014|123016|113019|128047|113517|113015|123015|128030|113013|128016|113506|113018|110045|128044|128046|110038|128041|123008|128026|113511|128029|123001|128032|128020|113009|128037|113502|128035|128017|128015|127008|113014|128022|128023|128018|128028|123006|128010|110031|123003|127004|128012|128013
2019-03-21,2019-03-20,123018|128053|128036|113521|113528|113526|113527|128033|113514|113524|128052|110047|113012|113016|113523|128034|123012|113515|123011|128039|113507|128025|123004|113522|128043|110043|128048|113525|128040|128050|113519|113509|128042|123009|113513|123017|128021|128051|128054|110033|123014|123015|113017|113008|110046|127007|110050|113516|128024|127010|128027|127009|110042|113508|113505|123002|113504|113506|128038|113503|128047|113011|113019|113512|110041|128049|123010|110048|113518|113020|110040|128045|127005|113015|113021|123001|127006|123016|127003|110049|128014|113520|128019|128041|113517|113018|113511|113510|128046|110034|128030|113013|128020|123013|128044|128026|110045|128016|110038|123007|128032|123008|113502|128037|113009|128029|128017|128035|128015|128028|113014|127008|110044|128022|128023|128018|123006|110031|127004|128010|123003|128012|128013
2019-04-11,2019-04-10,113521|128049|128057|128056|123018|113514|113528|128053|113527|123011|128050|128033|113524|113526|128043|123019|128039|113519|128044|110052|128025|123004|113513|128034|123014|113016|128058|113523|113017|123010|127003|113525|128036|110043|127007|110046|113505|128048|110048|128042|110041|113012|113008|128027|113522|110033|123013|123020|110051|128051|110047|123002|113516|110042|113509|123015|110050|123017|123001|110053|113515|127011|113011|113503|123009|128055|127006|128024|127010|113504|123012|123021|110040|128054|128030|113020|123007|127009|128019|123022|128021|127005|113508|128045|128038|128014|113510|110055|113529|110054|113517|113506|113021|110049|113511|113013|128047|113518|113520|113022|128052|110045|113019|123003|128059|110038|110034|128029|128046|128020|113009|128026|113507|128016|123016|113018|128017|128035|128037|128032|128015|128041|113502|128028|113014|128023|128022|110044|127008|128010|110031|128018|128012|127004|128013
2019-04-23,2019-04-22,128060|128050|123023|128053|123019|123018|113524|113528|113514|113527|110047|128056|128057|128044|128049|123011|128033|123024|113521|113505|128034|113526|128025|123014|110052|113016|113017|123004|127007|128018|128048|113503|123010|128021|113523|128042|113525|110043|127003|110041|128055|113519|110051|113530|123013|113513|128039|123020|123025|113522|113509|128058|128027|123001|123021|110042|113012|128051|110050|113020|110040|110048|110033|110046|123009|110056|123012|128019|113504|123017|110053|113516|127010|113011|123022|113515|127006|113531|128038|128045|113508|128022|123003|123007|127011|113517|128054|113518|123002|128024|113008|127005|113507|110049|110055|113511|110054|128014|113529|113019|128046|128047|123016|113510|113021|113013|128059|113015|128029|113520|113022|113009|110038|128017|128020|110034|128016|128026|123015|127009|110045|128030|128035|128037|128032|113502|128036|113014|110044|128015|128028|127004|128023|128041|128010|110031|128040|128052|128012|127008|128013
2019-05-06,2019-04-30,128062|128057|123018|113524|128053|123023|128049|128063|123004|113526|113521|123020|113527|113514|123011|123013|127007|128060|128055|113532|128039|128025|127012|123014|123009|123019|110047|128056|113523|113519|128034|110057|128033|113016|113528|128044|128018|123010|127009|123024|113012|110052|128027|123007|123012|110051|128048|128021|110050|123001|113017|110043|113534|128050|113516|113515|128058|113505|110046|127003|113525|123015|123021|128042|123002|110048|113503|113024|110041|113507|113530|113008|113520|113533|123025|110053|113020|128019|113509|113522|123017|128040|110033|113511|127010|128051|110055|127006|110054|128038|113518|128047|113011|110040|127011|127005|110056|113531|110049|128015|113517|128061|113529|128054|113504|123016|128022|128045|113513|128020|110042|113015|123022|110034|128059|128024|113510|123003|113508|113019|113021|113013|110038|128046|128016|128030|128014|128029|128017|128026|110045|113009|113022|128035|110044|128037|128036|128032|128041|128052|113014|113502|128028|127004|127008|128023|128010|110031|128012|128043|128013
2019-05-13,2019-05-10,128053|123018|113514|128064|128049|128050|128062|113521|113527|113526|123013|113025|128057|128056|110047|128060|113532|123023|110058|128055|123011|123001|123004|113523|128025|128034|127007|113528|113524|128018|127012|123020|128033|128048|128044|123015|128063|127003|127009|123019|123024|113519|110050|113515|123014|110052|123012|113516|113534|128039|113026|123010|110046|113016|128015|128058|113505|110057|113533|110033|128027|123009|128021|110053|128054|128040|113520|110043|110040|110041|113525|128042|128065|123021|127005|123016|113510|123025|113017|113507|123007|123002|113011|128019|113012|110051|128061|113529|128047|128026|128038|113020|110054|113531|113530|113511|110055|128051|123017|113008|110042|113504|128045|128059|113517|113024|128022|113019|127006|113015|127010|110048|113509|113508|128024|110049|127011|113513|128016|110056|113522|113503|128020|110034|113518|110045|113021|123022|110038|128029|128014|128046|123003|128017|128041|113013|113009|128030|128035|128052|128037|113022|128036|110044|128043|128032|113502|113014|128028|127004|128023|127008|128010|110031|128012|128013
2019-05-21,2019-05-20,123018|127013|128053|128049|128057|128064|113527|113526|113514|128063|113025|128062|128056|123013|113523|110052|127007|123012|113533|123011|127009|110047|128050|113521|128060|113528|123014|128025|113532|123023|113519|128066|123015|128034|110050|123020|113017|123001|127012|123004|127003|128055|113524|128058|128067|113016|113525|113511|123016|128033|110046|110058|113515|123021|113520|110051|113531|113026|123002|128038|113534|113516|128039|128027|110041|128054|128021|123024|128044|110057|110053|128019|123019|128048|128026|113505|110043|123007|128018|128065|128015|113529|110049|128040|113020|113503|123009|110040|128024|128047|110042|123025|113504|113513|128016|110033|128042|110055|113012|113011|123010|127010|110054|127006|128059|113510|110056|113517|113008|113015|127005|128045|110048|113507|113019|113518|128051|113530|128030|128022|128061|113024|123022|123017|110045|113508|110038|127011|113021|113509|128036|113522|128046|128029|128020|110034|113009|128014|123003|128017|128041|128052|113013|128043|128037|113022|128032|110044|128035|113014|128028|113502|127004|128023|128010|110031|128012|127008|128013
2019-05-31,2019-05-30,128060|123018|128063|113514|128053|113527|128062|128057|128049|128056|128034|113523|128039|113025|113526|123012|128064|123014|123013|113528|128048|110047|128066|127007|123023|113519|113532|128065|113505|128025|123015|128050|113521|123020|113534|113533|113516|128033|123024|127012|113524|128054|110050|110046|128038|113012|123001|127003|110043|123004|110052|123011|113529|128044|110051|113520|128021|113525|113515|128026|110053|128027|113503|113020|128058|113017|127013|123019|113510|128055|113511|110041|110040|113026|128067|110058|123021|128018|113011|128019|110049|113522|110055|110057|128015|113016|128047|110048|123007|128059|128040|113504|110033|123009|113531|113008|123010|110042|123016|123017|128042|127010|110054|113019|128030|127006|128024|128022|123025|127005|127009|128016|113530|123002|110056|113015|113513|128045|128061|123022|113024|113517|128051|113518|110038|113508|113021|110045|128041|127011|113509|128014|128020|128046|128043|123003|128017|128029|128037|113013|113009|110034|128036|113022|113507|128032|128028|128052|110044|128035|113502|127004|113014|128023|128010|110031|127008|128012|128013
2019-06-11,2019-06-10,128060|113535|128057|113526|123018|113523|128034|113505|113025|128049|128053|123012|123015|127007|128063|128062|128038|128025|113525|110052|128048|113527|113521|127003|110047|128056|113514|128039|113516|123013|123014|128055|123023|128065|113519|110041|110046|128066|128050|128026|123001|113511|113528|113533|113520|127012|113020|110050|123011|128064|110051|113017|128033|113515|128044|110043|128027|128054|113529|123004|128058|113534|128067|113524|113008|123016|110049|110053|110058|110040|123007|123021|113510|113011|113504|110055|128019|123024|113532|113026|128018|110042|128015|110033|128021|127009|123019|127013|128047|123009|113503|123025|110048|128059|127010|113016|123002|110057|128024|128016|127005|128042|123010|113522|113531|113507|110054|113517|113015|128040|128061|113530|113508|128022|113513|127006|128045|113024|123017|123022|128017|128051|127011|113021|113019|128020|113012|110045|128036|113518|113509|128030|113013|123020|128014|128046|128043|110038|113022|123003|128029|128041|113009|110034|128035|128052|128037|128032|128028|110044|113502|113014|128023|127004|128010|110031|127008|128012|128013
2019-06-21,2019-06-20,128060|128062|123018|113527|127003|128057|113025|128053|123023|128049|113505|128056|128066|113521|113514|123012|110052|113535|128064|128044|128063|128034|123020|127007|123014|113515|128048|128039|123004|128050|128025|113511|128065|113526|128033|113528|123001|113017|123015|123011|113020|127012|110047|113525|113519|123013|113534|128038|110043|113503|123010|128055|113524|128067|113516|128026|110041|123019|113507|113533|128058|113016|110051|113529|113520|110058|128027|123024|113008|113510|123007|110042|127013|123016|110056|123025|110046|113026|113504|128015|110050|128054|110053|110048|110033|113523|110057|110055|113530|128019|110049|128021|128018|128042|127010|110040|113517|113522|123009|128047|113011|113532|113531|127006|123022|123002|110054|128040|113012|128061|128045|128016|113024|128022|128030|127005|128059|123017|113015|113019|128024|113021|113508|128020|110045|127011|128017|128051|113013|123003|127009|113509|113518|128014|113022|110038|128046|128029|128036|128043|128041|113009|110034|128035|128037|128032|113502|128028|113014|128023|127004|128052|110031|128010|110044|127008|128012|128013
2019-07-11,2019-07-10,113027|128060|113536|113537|128049|123026|113505|128053|128050|113532|113521|123018|123012|123027|123024|123014|128057|113514|113025|128038|113028|128025|128039|123001|123020|128062|128056|128034|113516|113535|110047|128021|110052|128048|113533|128068|113527|128058|128033|123023|127007|113519|123015|110041|128064|128063|128066|128055|113507|113020|123004|123013|110055|123002|110046|127012|113524|113528|123019|128044|123016|113515|127003|123009|110049|113531|128047|110042|123010|123025|127010|110043|110057|113523|113026|113011|113520|110053|113529|128019|113511|113510|113525|128065|113008|110050|128016|128027|110051|110033|113017|113517|123011|113504|113019|128061|110048|113518|127013|110056|127006|128030|128067|128015|128059|123021|128054|123017|128024|127005|113015|113016|128026|123007|113534|128040|128041|113503|110054|110058|113522|128018|113509|123022|110040|113013|128042|128020|113526|113530|128022|128045|113012|113508|113021|127011|127009|110038|110045|128017|113024|128029|128036|113009|123003|128046|128043|128014|113022|128035|128051|110034|128032|128037|128052|110044|128028|113502|128023|113014|127004|127008|110031|128010|128012|128013
2019-07-23,2019-07-22,113027|128060|123028|123026|123024|128053|123027|113505|113537|113025|128038|123012|113536|128069|113514|128025|128034|123020|128064|128039|113521|123019|110047|128049|128057|113533|123010|128044|128066|113507|113532|113503|123014|113516|123015|128048|128050|123018|113028|123001|128056|113538|113527|113519|123013|123004|128068|123023|127003|123025|113524|110052|128041|127012|123011|128019|110043|110046|113526|110041|128033|113523|127007|113520|113528|127010|110055|113535|113026|113515|110050|110049|128055|128058|123016|113525|123009|123002|113016|113020|113511|110053|113008|110033|113510|110051|128047|110042|128027|113011|110057|128063|127013|113529|113531|127006|128030|128065|128016|113017|110040|113509|113522|110048|128021|128020|128061|113019|113517|128062|110054|127005|127009|128040|123021|123022|110056|128024|123017|128026|113015|113504|128059|113534|128045|113518|113012|128067|128018|128015|110058|113021|128036|128017|113508|128043|123007|127011|128022|113013|128014|113024|110038|113530|128042|110045|128029|128051|128046|113009|123003|113022|110034|128052|110044|128032|113502|128037|128035|127004|128028|128023|113014|127008|110031|128010|128012|128013
2019-07-31,2019-07-30,113539|128060|123024|128070|113027|123028|123026|123027|113536|113537|113524|113025|128049|113514|128025|128053|128038|128069|128064|123020|123012|128066|128057|123019|128056|128068|128039|123018|113521|113503|128044|128050|123010|113505|128051|113532|127003|113535|113507|123013|123014|123015|113527|123023|128034|110047|113519|123004|128055|113528|128048|128062|128021|110052|113516|123001|113533|113028|123011|127012|110046|113026|128033|128019|113525|128063|127010|127007|110043|113515|113520|113523|123002|113016|127013|128058|110041|123016|113531|113538|110055|110042|128041|110050|113008|113011|110033|113020|110057|128042|113511|110051|123009|113510|110049|110053|128040|128065|113504|113517|113017|127006|110056|128026|128061|113529|128047|123022|123007|123025|128027|123021|113012|128045|110054|128016|127009|128020|128059|123017|113522|128015|113534|113518|127011|127005|128036|113019|113021|128067|123003|128022|113015|128018|113526|110045|128043|128030|113024|128017|113013|128014|113530|110058|113509|113508|128029|110038|113009|128046|113022|110034|110044|113502|128052|128032|128037|128035|128028|127004|128023|113014|127008|110031|128010|128012|128013
2019-08-13,2019-08-12,113539|128060|123026|113027|123024|113514|113536|123012|128070|123027|128053|128039|123028|128038|113507|128025|128057|123020|128049|113540|127003|113025|123019|123001|128066|128051|128064|113537|110047|128021|128044|128069|113521|123018|123011|128034|123010|123015|113520|123023|113535|113016|128062|113532|128056|123014|113523|123013|128041|128048|123017|128068|128055|123004|128036|128033|113504|110052|128027|113527|113528|113531|127007|110046|113515|128058|113516|127010|127012|113538|113026|123016|113505|113519|113524|113028|113526|110048|113020|123009|110053|128050|113533|113011|110041|113529|110049|128040|110051|123002|110050|128019|110043|127009|113525|128047|128063|113510|113008|123025|128065|123022|113015|110044|128016|110057|110042|110033|113511|128043|113517|127006|123003|110055|128059|113019|128020|113017|128042|128026|128061|110054|128054|128067|127005|123007|113522|123021|113021|128030|127013|110045|110056|113012|128018|110058|128045|113518|128017|113534|127011|128015|128029|113024|128052|113013|113530|128022|113503|110038|110034|113009|113508|128014|113509|128046|113022|128032|113502|127008|128035|128028|113014|128037|128023|127004|110031|128010|128012|128013
2019-08-21,2019-08-20,113539|113027|113541|123026|128070|113514|113536|123028|123027|128049|128060|113527|128069|128053|113540|123019|128057|128025|123012|123024|128064|113521|113537|128039|123020|128068|113507|128066|128063|127003|128038|113025|123018|128056|128034|123010|113535|123011|123023|128051|128044|123015|110047|128036|113532|127007|123014|113524|113523|123004|128021|123013|128055|128027|113019|113538|128048|113016|128054|123009|113520|113516|128050|128058|113528|110052|127010|113505|128033|123017|123022|128040|123016|113026|127012|113015|113526|113531|123021|113028|113504|110050|113525|113511|127009|128042|110049|110041|123003|113529|110057|110043|113008|128026|113011|123002|110033|110051|123001|110053|128019|113519|113515|110046|128065|113020|128047|110055|110054|123025|113533|110042|113518|113510|113017|110048|128067|127013|127006|128016|128020|128061|128030|128043|128041|113517|123007|113503|128015|110045|110056|128059|128018|113522|128029|127005|113021|110058|113534|113530|113012|128017|128045|113024|127011|128022|113013|110038|128052|110044|110034|113509|113508|128014|128062|113009|128046|113022|128035|128032|113502|113014|128023|128037|128028|127004|110031|128010|127008|128012|128013
2019-09-02,2019-08-30,113539|113541|123024|113027|123026|113536|113514|128070|128039|128068|128056|128049|113025|128053|128025|128057|128038|123018|123021|123027|123028|123012|128060|113507|113537|127003|113521|110052|128034|128069|113523|113016|113540|128064|113535|123020|123004|110047|123023|123014|128051|113532|123011|128048|128044|113516|113527|123013|113524|128055|123015|123019|113503|128036|128015|113538|113520|113542|113505|127007|128040|123017|128019|110049|123002|110050|113528|123009|128033|113519|113531|123010|128066|128050|113028|113515|113026|127012|113525|113511|113526|128063|113011|128021|110051|110057|128030|110042|110053|128058|113008|128059|110041|113017|128027|110043|110048|110033|110046|128041|113518|123016|123003|128054|110055|128065|128018|110054|113504|128026|113517|113533|113510|113020|113019|123022|127006|127013|128020|128047|123007|128061|123001|113529|123025|128042|128045|128067|113021|127005|128016|110045|113012|113522|128029|110058|128017|113530|113009|128022|113024|127011|113534|113013|110056|110034|128043|110038|110044|113509|128062|113508|128046|128014|113022|128035|128032|128052|113502|128037|113014|128023|128028|127004|127008|110031|128010|128012|128013
2019-09-11,2019-09-10,113027|113541|113539|113536|113514|123026|123028|128053|123024|128049|128056|128069|113537|128025|113521|123012|128070|128051|123023|113535|128034|128064|123014|123018|123027|123011|127003|113540|113524|123013|113532|123004|113542|110047|128060|113523|128057|128063|113507|123020|113505|128044|113527|123021|113528|123019|128048|128038|123015|113016|123010|113025|128055|128033|128040|128019|113516|128068|113538|123009|128058|127013|113525|128050|123029|113503|128021|128015|113028|113543|123003|113519|113011|113504|110041|123002|128030|110046|110049|113520|110042|127007|110033|110043|123022|110057|113515|110055|123007|128054|110053|128066|110052|128065|123016|113511|123017|128026|113026|110051|113008|127012|128036|113517|113531|128061|110050|113020|110048|113510|113518|128047|128039|110058|128018|110054|128020|123025|113019|128059|113017|113529|127005|128022|113012|127006|128042|113021|113530|128029|128016|128045|113533|128067|110056|113013|128062|127011|128017|113024|110034|113509|110045|113522|113009|113534|128041|110038|113022|113526|113508|128014|128046|128035|110044|128032|113502|128023|128043|113014|128028|128037|127004|110031|128052|127008|128010|128012|128013
2019-09-23,2019-09-20,113539|113541|113027|123021|123011|123030|113536|123028|128073|123026|123024|128025|128049|128066|113537|128039|123012|128053|128057|113521|128070|128056|128038|128072|128040|123018|113514|128069|123027|128034|128071|123023|128051|113540|123013|123015|113535|128055|113505|128068|113528|128048|113025|123020|113542|123019|113523|110047|128064|113516|123004|113532|128063|123003|113524|128030|113507|128033|127003|113538|123010|128036|110046|128060|128058|113527|127007|123016|110052|113515|113504|113011|128019|123022|128054|123007|113543|128021|110055|110050|113520|128020|123017|110049|128050|110048|127012|110041|113525|113511|113016|127013|128044|110053|113008|113026|110042|113510|113020|123029|110051|113519|113522|110043|113531|113028|128061|123009|110033|128015|123014|110057|128059|113518|128042|113530|113517|123025|110054|128065|113019|110058|128026|128029|128018|127005|127006|113017|128022|128016|113503|110056|113021|128067|128017|113509|113529|113533|110034|110045|113012|113024|113009|128035|128045|113013|113534|110038|127011|113526|128041|128062|113022|113508|123002|128014|110044|128046|128023|128032|113014|113502|128037|128043|128028|127004|128052|110031|127008|128010|128012|128013
2019-10-08,2019-09-30,113539|123031|128070|123011|128057|123012|113541|128039|128025|123030|128066|113536|113537|128073|113534|123026|128038|128053|113514|123028|123018|113521|123027|128049|113523|128051|113027|113540|128034|123021|128036|113025|127003|123019|128069|128068|123014|128055|123024|113530|123015|128054|128071|128030|113516|123009|128048|113520|128060|123020|113535|128056|110047|127007|128072|113507|123023|113538|110050|110049|128064|113542|123022|123017|113515|113011|128019|110046|128020|113525|123003|123004|123016|113504|128021|113528|113543|113503|113532|110041|110053|113511|128058|110055|128059|128040|127012|110052|113505|128044|123013|113531|110048|113524|128033|123002|110042|113019|113026|128063|110051|113527|113028|113016|110043|113522|113008|113519|113517|123010|113020|113510|123029|123007|110033|110057|113509|128016|128061|127013|128041|128029|113518|113526|128018|128050|127005|123025|110054|128042|113017|113529|113021|128065|128015|110034|110044|113533|110056|127006|128017|113013|128045|128067|113009|110045|128022|128026|113012|113024|110058|110038|127011|113508|113022|128035|128014|128046|128043|128032|128062|113014|113502|128052|127004|128028|128037|128023|127008|110031|128012|128010|128013
2019-10-11,2019-10-10,123011|123031|113539|123030|123026|113534|113536|128066|113541|128057|128073|128025|123028|128053|123012|113537|113027|113521|128039|128038|113514|128049|113530|123021|128034|113525|123024|123003|113523|123019|113025|128055|128069|128051|123027|113540|123014|128019|127003|128048|128071|113535|128036|128056|123018|113520|113516|128070|127013|123015|123023|123020|113011|113507|123009|128072|128054|128040|128064|113528|110049|123004|128068|110047|113515|113542|110046|113538|113511|128020|123022|128030|127007|123016|110052|128033|123013|113532|113505|128021|113519|128063|110051|113504|128044|123017|113026|128058|110053|128050|113510|110050|110043|123010|113008|113522|113524|123007|127012|113028|128059|123002|113527|110041|113016|113531|113020|110055|113543|113019|110042|110048|113503|123029|110033|110057|128061|128060|113517|113509|123025|128041|128016|113021|113518|113017|128029|128018|128042|110054|128015|127005|128065|127006|110056|113526|110034|128017|128045|110044|113009|110045|128067|113013|113529|128026|113024|113012|127011|110058|128022|110038|113508|113533|113022|127004|128035|128014|128046|128062|128032|113502|113014|128043|128052|128037|128028|128023|127008|110031|128012|128010|128013
2019-10-22,2019-10-21,123011|113539|113530|123026|123030|123031|113536|113027|128066|128025|113514|113534|123021|123028|128053|128073|113507|128057|128038|113521|113541|123015|128071|123027|128049|128055|123024|113540|128069|128039|123014|110046|128070|123019|128034|123012|113025|128048|113515|127013|123023|128036|123016|113516|113011|113523|128051|123020|128074|128056|113520|127012|123013|127003|110047|123003|128059|110050|113532|113537|128019|113511|128021|110053|110049|123010|128064|128030|128041|128068|113543|113028|123018|113535|123004|128040|127007|128044|110041|110052|113505|110043|128020|110048|128050|113519|128063|128033|113524|123002|128058|113528|113019|113503|123022|113008|113020|128061|113542|113016|113021|113026|113504|123009|113518|113538|113525|123017|113531|128060|110055|110051|110033|110042|113522|123029|128072|113009|110057|113527|128016|128054|123007|110054|113517|128018|110044|113510|113017|113544|110034|127005|128065|128015|128029|127006|113509|128067|128042|128045|123025|113526|113013|113012|110058|110045|110056|113529|128026|113024|128017|127011|113508|110038|128022|113533|113022|128035|128014|128046|128032|128052|127004|113502|128043|128037|113014|128062|128023|128028|127008|110031|128010|128012|128013
2019-10-31,2019-10-30,113539|123011|123031|128039|123026|128066|128025|128057|113536|123030|113540|128053|113025|128073|113530|113534|128038|113027|123012|123015|128071|128049|113541|113521|123028|128054|128055|113514|123021|128050|128051|123019|123020|123027|128048|113519|123018|113520|128068|128070|128069|128056|123010|128034|113523|123013|113516|123024|127013|113524|110047|113011|110046|123003|127003|123004|110052|110050|113507|128036|110053|128063|128064|113532|123023|128020|128044|113522|113511|128040|123002|127007|113505|113537|113528|110043|123014|128019|110049|128021|113535|123016|127012|110048|113028|123009|113543|123022|128033|113518|128059|113525|113020|113016|113542|113008|128058|113019|113021|110057|128041|128061|113503|128018|110055|123029|113504|128016|128074|113531|113026|110041|110044|110054|128015|128072|110051|110042|113517|113538|113527|128029|123007|113544|127006|123017|128065|110033|113017|128045|128067|113510|127005|113526|113509|110034|113024|123025|128042|110058|128017|127011|113012|113013|128026|128060|128035|128022|113009|113533|113508|110056|110045|113022|113529|128052|128014|128046|128032|128030|110038|113502|113014|128043|127004|127008|128028|128023|128062|110031|128012|128010|128013
2019-11-12,2019-11-11,113539|128076|123011|128050|113534|113536|123031|128025|123026|128066|123030|128039|128073|113541|123019|128057|128053|113530|128077|128075|128049|123020|113540|113537|128038|123012|113545|113521|123027|123018|113514|113025|128070|128055|128051|113027|123015|128034|123028|128019|110047|113524|113520|113523|128071|113522|128068|127003|113515|128048|123016|123002|110049|123021|110052|123022|123010|110053|128069|127013|128056|128044|110048|110046|113542|113516|113511|113016|113518|128040|128054|113011|128059|123023|123004|123032|113020|110050|113519|123003|123024|128036|127012|128021|128078|123014|127007|113028|128020|113008|110044|128063|113543|110043|128064|113531|123029|113526|113532|113525|113504|123009|128074|113021|113535|113528|128061|113503|110055|128033|123007|110042|110057|128029|110051|113505|128016|123017|113019|113517|110041|113026|128041|128058|113509|123013|110054|128072|127006|128067|128022|128065|113527|113510|110033|128018|113533|128045|113017|113012|113544|128015|113538|127005|128042|113024|128060|113508|110034|113013|128017|113009|110045|110056|128052|123025|128026|113022|127011|110058|128014|128035|128046|128030|128032|110038|128037|128043|113014|127004|128028|113502|127008|128023|128062|110031|128012|128010|128013
2019-11-21,2019-11-20,128076|123011|128066|113521|113536|128025|113541|113530|128050|123026|123030|123027|128039|128057|128053|123019|113027|113539|128073|128077|123020|113534|123031|113545|123012|113514|128071|128049|123028|113025|127003|128070|128075|123018|128051|128034|128040|128056|113524|113515|123032|110047|113540|113523|128055|113520|128054|128068|113016|128019|123002|113542|123010|123014|110049|113537|128048|113511|123016|127013|128038|113522|123015|128069|110046|113516|123023|128074|110048|113526|128064|123024|123021|127012|110053|110052|128044|110043|128036|123029|128059|110033|113532|113525|113531|113028|128021|113504|113020|123004|110050|113509|113519|110044|128020|110057|113518|123022|128063|110055|113011|123003|128061|127007|110059|123009|110051|113008|123013|113503|113505|113019|113021|113528|123017|110054|113543|113544|128016|113517|110042|128033|113510|128058|128067|113026|128018|128029|128072|113527|128078|110041|113017|127006|123007|128065|113535|128041|128022|128045|128015|113012|113533|127005|113024|113508|128060|128042|110045|113009|110034|128026|113013|128017|113538|110056|128052|123025|127011|113022|128014|128046|110058|128035|128030|128032|127004|110038|128043|128028|113014|113502|127008|128037|128023|128062|110031|128012|128010|128013
2019-12-11,2019-12-10,128069|123034|128066|128076|128079|113546|128025|123033|113536|123026|113521|113539|123030|128039|123019|128053|123027|123011|128049|113534|113541|113027|128056|128034|113537|128077|123028|128070|113530|123020|128057|128051|128073|123012|128044|128071|113524|128055|110056|123018|113514|127003|123014|123031|110060|113547|128063|123023|128075|128040|123032|127013|113545|113025|113523|123015|127007|113548|127012|110046|123024|113515|123004|123009|123010|128064|113526|110033|113516|128068|123002|113016|123021|110047|113511|113542|113540|113028|110053|127014|128036|113532|128054|128019|123016|110043|110052|110058|128048|110061|123013|110050|113504|113525|113528|113509|113522|110048|113518|113008|128038|113503|123003|113510|113505|110041|128033|113020|113011|110051|110057|113527|128021|123035|113519|123029|113017|128074|110044|110055|113531|110042|123017|113517|128058|128020|110059|128059|128078|113026|128018|123007|123025|113535|110054|113021|128065|128029|128022|128045|113019|128050|113538|128061|128016|113533|128080|113520|127006|123022|113543|128072|128041|128060|113508|113024|128017|127005|113544|128067|128015|128042|110034|113013|113012|128026|113009|110045|113022|128035|128030|128046|127011|128014|128028|128052|128043|128032|127004|113014|127008|113502|110038|128023|128062|128037|110031|128013|128010|128012
2019-12-23,2019-12-20,123034|128019|128069|128076|123026|128079|110058|128049|128025|128066|113546|113536|113514|113549|128081|128053|123030|113541|128039|113534|128073|113027|128070|123023|128057|128056|123028|123019|123018|113521|113537|128077|127003|113524|113550|123027|113539|128034|123014|123033|123032|113530|128055|128040|128044|123021|123012|128051|128071|128075|123011|123010|128063|113545|128036|128054|113542|113511|123024|123015|110033|128064|113552|113548|113516|113540|123004|113025|123020|113525|113523|127013|110050|123009|113522|127007|127014|110047|110048|113515|110046|123002|113504|127012|113503|113527|110056|123013|113519|113028|113008|113547|113528|128048|113518|128059|110043|123016|113532|123029|113509|128033|128061|128021|110057|110060|110053|113011|128050|113020|110052|113535|110055|113510|113019|113526|113505|113551|128074|110042|113017|123035|128078|128018|110061|128022|113026|128058|110041|123003|110059|123017|113543|113520|110051|113533|123025|113517|113531|128020|113016|128068|128065|110054|113021|128080|123007|128041|128016|127006|128017|128045|113538|127005|128072|113022|128067|128029|113544|128026|113508|128042|113024|128015|113012|123031|128038|128060|110034|110044|113013|110045|113009|128030|128023|127011|128035|128014|128046|128028|123022|127004|128032|110038|113014|113502|128052|128037|128062|127008|128043|110031|128013|128010|128012
2019-12-31,2019-12-30,128025|123034|113534|128049|113536|128079|113546|123026|128076|113550|123030|113514|128066|113541|113521|128039|128053|110058|113549|128073|128070|128081|123028|128056|128057|123018|123019|128069|113027|113537|123032|123014|113530|123033|113524|128077|123027|128034|128036|123023|128063|128054|128051|123021|123024|128040|113542|110047|123015|113539|123011|123010|128075|113528|113535|113025|113511|128055|113532|123020|113527|110056|127007|113547|127003|123029|113515|123012|128071|113504|113552|128033|128064|128044|123013|110050|113523|113545|113522|110046|113540|113525|113020|123025|127012|123004|128048|127013|113548|110033|113516|128019|123002|113008|110048|127014|110052|113518|123009|113510|128059|123016|113019|113526|110057|128058|110055|110043|113519|110060|128050|113028|128074|113551|110041|123007|128041|128065|128022|113543|128021|110042|113505|113017|113011|128029|110054|113503|128061|128018|110031|128016|113531|110053|113026|123017|128020|128068|113509|128072|110059|123035|128078|128042|113538|110051|113517|110061|113021|113533|128017|110044|127005|128080|113022|110062|128026|113520|113016|127006|113508|128067|128030|123031|113544|128015|128045|113024|113013|128060|110034|113012|128046|127011|110045|113009|113502|128014|128028|128035|123022|128038|128052|127004|128032|128023|113014|110038|127008|128037|128043|128062|128013|128010|128012
2020-01-13,2020-01-10,123034|128076|128082|123030|113549|113559|123032|128025|128049|128066|128070|113546|113536|128053|128085|123026|113541|128039|128073|113514|113557|128069|113027|110058|128056|113554|128081|123028|123010|123019|123018|128044|123011|113524|128063|113534|123014|128051|113528|128055|128057|113511|113539|128034|113552|128079|123020|123029|128086|113532|113545|123023|113547|113542|110047|128054|128065|128040|128077|113510|113025|123015|123009|127003|128036|127013|113530|113540|123024|110063|113550|123012|128019|110060|128071|113504|110033|123021|110050|128033|113527|128064|113518|113543|113516|128061|113537|128075|123033|123013|128084|113019|123027|113548|110055|113020|128058|110046|113553|128048|113515|127004|110056|123002|113008|110057|127012|123004|128021|127014|110048|113519|127007|113551|113029|128018|110052|128016|113526|110041|113525|128041|113509|110043|113535|110042|123007|113028|110054|110061|113531|113505|128042|110053|110031|113011|113017|128022|128059|128083|128050|113517|113523|110051|110059|128029|123035|113521|113556|128067|123016|113026|128017|128078|113503|127006|113021|110062|127005|128080|128026|123025|110034|128015|128072|128045|123031|123036|110044|113012|113016|113013|113508|113022|113544|123017|127011|128074|113024|113009|128028|113522|113538|128046|110045|128035|113520|128014|113502|128030|113014|128038|128032|128023|110038|128060|128052|123022|127008|128037|128062|128043|128010|128013|128012
2020-01-21,2020-01-20,128091|123034|113536|128082|128049|128076|113559|128066|128087|113557|113549|123026|128025|113541|128085|113546|123030|128079|128039|128053|113514|123011|128073|128070|128069|128081|113534|110058|123028|123032|128051|128044|113524|128065|123014|128056|123019|110064|113547|113553|113027|113554|128055|113555|123012|113527|113545|123015|128057|128034|128036|128054|123010|123018|128040|113528|128075|123024|113539|128063|113542|113552|123023|113510|127013|113532|113511|110050|128077|127004|113537|113030|128071|123033|110046|113025|127007|113540|110052|110065|123020|127014|110060|123027|110033|128064|128019|123013|110047|128058|113008|127003|123009|110063|113515|128021|110057|113504|113543|113020|128033|128042|128048|113516|113518|110055|113521|110042|113019|127012|128041|128084|113509|113558|123021|110056|110043|128083|123007|123004|110031|110048|113526|113029|113028|110034|113517|113530|113531|113525|128050|128018|113551|110054|113505|113519|123002|128059|110041|113017|113535|128088|113026|128029|113550|128017|113011|110051|128015|110053|128022|128016|123035|128080|123029|128045|127006|110062|110059|123017|113508|128078|110061|128028|110044|128061|113012|113021|128067|113556|128072|127005|128026|113022|113016|113013|123025|127011|123036|113024|123016|128074|113503|113544|128086|113009|113548|128035|128046|128014|110045|123031|113538|128030|113014|113502|113522|113520|128032|128038|128052|110038|128023|128060|123022|127008|128010|128037|128062|128043|128013|128012
2020-02-11,2020-02-10,128079|128085|113536|128087|128025|128049|128082|123026|128039|128076|128091|123030|128069|123034|128066|113554|113541|123037|113546|113514|113561|123028|128055|113549|113521|128081|123010|128040|113559|123027|123038|123012|128090|113534|123039|123014|128057|113557|113539|128054|113515|113511|128073|128034|113547|113537|128070|127007|113020|123019|123011|128044|123020|128051|113504|110063|128093|128063|113542|128077|128019|113518|113025|110047|113030|113545|113019|113027|110050|110058|113553|110052|123015|123007|110041|113526|110033|113532|113540|123032|110064|128048|128071|123021|110056|128064|110048|128056|113543|128075|110060|127014|127013|128089|113028|113524|128021|128065|113510|113509|128092|123029|110046|110044|128042|123025|128016|113527|128041|110057|113552|128033|113555|113516|110042|110065|128058|110031|128018|123023|110054|123002|113556|110034|123013|113011|128080|128084|123033|123018|123009|110053|127006|113551|110043|110061|113525|113029|113528|113548|113531|113550|128053|127011|113026|127012|127015|113558|110055|128059|128067|128015|128036|113017|123035|123040|128045|128078|113530|113505|128083|110051|128088|128029|113517|113021|113022|127005|113519|128026|123017|123024|127003|113544|110062|123004|110059|113508|113013|113562|128017|113535|128052|128086|128046|128072|128022|113520|123036|128050|113012|113503|128030|123031|110038|113024|113009|113502|128035|127008|128028|128074|110045|128062|113016|113014|128038|113538|128014|128032|123022|128023|127004|128043|113522|128037|128010|128013|128012
2020-02-21,2020-02-20,128082|128025|113536|128091|123034|128087|128039|113546|128049|113561|123042|113541|123026|123030|128076|127007|128079|113555|128066|113514|128085|110052|123037|128053|123028|123014|128063|113549|128069|128073|128034|128081|113554|113557|128040|128055|123039|128051|113524|113510|128070|113559|128094|123018|128054|113526|113537|128077|110058|110057|123027|123010|128075|128048|113025|113543|113027|123032|128041|110033|128056|128090|123015|123011|113020|128019|110063|113553|128057|113534|113547|110041|113511|128064|110064|113542|123019|110046|113518|110050|128042|110047|123007|113532|128021|128071|128065|113516|110048|110060|113030|110056|123002|128036|113552|113028|113515|123020|110042|113019|113011|128083|110065|110053|123009|127014|113558|128058|123023|110043|127012|113528|128092|113545|128017|128044|110061|113504|128018|123013|113026|113527|128084|123024|128033|110031|123012|127003|110051|113550|110034|113531|113022|123033|113021|113017|113525|113029|113530|128015|110059|113509|127005|110044|113540|110055|113551|123021|128045|128089|127013|128022|113505|128029|123038|123004|128067|127006|113544|128080|128016|113013|113556|113521|127011|113012|113535|113031|128059|123040|128072|113519|110062|128026|123025|113508|128028|128093|113009|113517|123017|128050|110054|123035|113562|127015|113024|128086|128030|128046|128078|110045|128088|128035|123036|113539|113016|123041|113014|128074|113548|128014|128052|113502|128032|127004|123029|127008|113520|128062|110038|128023|113503|128010|128043|128037|123022|128038|123031|128013|128012
2020-03-11,2020-03-10,128087|128025|113536|113517|128091|123030|128085|128082|128094|128066|113546|113541|128075|128049|123037|128090|128069|128039|123012|123027|113559|123042|123014|128076|123026|128057|127007|110058|128081|128077|128073|113549|113557|113527|113561|123018|113554|123028|113547|128070|113537|113526|128019|128034|128021|113511|128040|127013|113020|123038|113540|113025|113534|113504|128048|123032|110052|110057|110063|128055|128054|128058|127003|128028|113515|128051|123039|128063|113518|113030|128071|113545|113027|113552|110050|110047|113509|110048|128093|110033|113542|113505|128064|123034|128036|113524|113019|123002|110041|128092|128033|128079|123013|128089|113550|113555|113031|128065|110064|113516|128083|123025|113543|123015|113532|110038|113528|128074|128056|110044|127014|128018|110042|113551|110034|113553|113521|128044|123010|110065|110062|110051|110043|113525|113028|110061|128045|123023|127012|123017|128022|113556|113531|128084|113558|128059|128041|128042|113022|113026|113544|128086|113011|123011|128029|113530|128015|123004|113029|113563|113514|127005|110053|113017|127015|110056|127006|123033|110055|110060|123024|128080|123035|113535|113012|113021|127011|123007|128067|113009|110059|128017|113013|113519|110031|113508|123040|128046|113548|113024|128026|113562|128072|128078|127004|128095|113014|128088|123041|113016|123022|128050|128052|123036|128035|113520|113503|123020|128014|110045|128030|128053|128032|113502|128037|128023|127008|128062|128010|123031|128043|128013|128012|123029
2020-03-23,2020-03-20,128087|128066|110051|113550|110056|128085|128097|128075|113549|128081|113554|110063|128057|128021|113515|128034|128058|110047|110050|123002|128025|113509|128050|128082|128077|110048|113020|127007|113504|110041|110057|128048|128019|110058|113505|127013|110034|128049|110052|123026|113028|113547|113535|113545|123027|128086|128090|113536|113025|113032|113557|123025|113541|113019|110033|113518|110062|110043|128051|113031|113516|113551|128096|123010|110060|113511|123018|113556|113534|113546|113542|128080|110065|113537|110064|113553|123028|128092|128054|128083|128074|128094|110042|113561|123004|127015|113011|128073|123017|128076|127003|128063|113558|113027|128069|113531|113563|128045|110061|113565|113030|128093|128089|127014|123035|113552|110031|128040|128070|128064|110053|113543|128059|113532|113029|128029|113520|128018|113527|113026|127012|128042|123030|128071|128084|113559|128015|127005|127006|128088|128022|113524|113521|113564|128017|128039|123040|128065|128044|110038|113022|113526|123039|123038|113544|113021|113017|113528|113013|128033|110055|123023|113525|128028|113530|123042|128026|123036|113519|128078|128056|123011|110059|123032|113562|123041|113009|123022|123037|128036|113012|113508|123007|113024|113014|127011|113548|123033|128046|128030|128095|123024|123012|113514|113555|128072|123015|123034|110044|128067|123020|128035|110045|128014|128032|113016|113502|128079|128091|128037|128023|128010|128041|128043|128062|128013|123029|128052|127004|127008|113503|123014|128012|128053|123031|123013
2020-03-31,2020-03-30,128087|128097|128085|128077|128081|128066|113550|128057|110063|128025|128090|128039|113554|128082|110057|123002|128034|113549|113515|110047|128075|128069|110056|113028|123026|123027|110048|123018|113504|110058|113025|113536|113031|128086|110041|128019|113509|128050|113531|113541|113526|113552|128074|110052|128080|128049|113547|127007|110051|110065|113020|127013|110034|128021|113545|123030|128048|110060|113557|113511|128094|128051|128058|113011|110033|128067|110061|128089|113551|128084|110062|113553|113537|113542|113521|123025|128092|128096|128059|113027|113019|113030|113535|113534|127003|128054|113548|110043|128064|113518|113563|123010|127012|110042|110064|113516|127015|110031|123038|113544|127006|113505|113558|128083|128076|123042|128063|123028|123039|128040|113032|113029|113543|127014|128045|110053|123035|113561|110038|127005|123004|128029|128071|128042|113026|123040|128093|113527|113532|113021|128044|123022|113546|128088|113013|110055|113559|113022|128070|128017|123023|128026|113528|128028|128078|128046|128065|113564|110059|113017|123017|113556|113514|113524|128073|113525|123041|128018|128033|113520|113519|123011|123036|128015|127011|113009|123012|123007|113530|113562|113024|113508|123033|113012|128056|128079|113565|128036|123015|128022|128072|113014|123024|110044|123032|123037|128095|110045|128030|113555|128014|113502|128035|128032|123034|113016|128037|128023|128091|123020|123014|128043|128041|128010|128013|128062|123029|127008|128012|127004|128052|123013|128053|123031|113503
2020-04-13,2020-04-10,113570|113546|113567|128087|128094|113566|128069|128082|128085|123037|128025|128081|128050|123034|128066|113536|123026|113509|128090|128097|113568|123012|128039|128092|123030|113541|113554|128057|123027|128051|113565|123038|128077|123004|128049|123002|110066|110057|113515|123014|113572|128073|113526|113520|113514|113521|128076|123043|128034|113550|113504|128100|128063|113557|128075|110058|128021|127007|128054|110063|127003|113025|113549|113571|128099|128070|113552|128040|128019|128086|123032|110034|128093|113028|123018|110052|110047|123042|113030|110056|128089|113019|113534|113027|113547|127013|128048|128058|110048|113518|128096|110041|113561|110051|123025|113551|110060|113031|113505|113544|128067|113537|110033|128098|128084|128064|110065|123010|113564|128074|123028|113542|113553|113545|110061|113558|128056|113020|128080|113559|128071|128029|110042|113543|113531|127014|128059|113556|128042|113011|128045|113532|123015|113563|113516|110067|128091|110044|123039|127012|110064|128044|113032|110038|113524|110043|113017|110062|113535|127006|110031|113548|113569|123017|128083|113525|110053|123040|113026|128015|127005|128017|128065|123023|128018|110055|128036|113029|127011|113528|123033|123007|123035|128033|113022|128026|113527|113013|123011|128078|128028|128041|128088|123022|127015|113519|113021|128046|110059|113530|123024|113562|123041|113508|128072|123036|113012|113555|128030|113024|113009|128095|128022|128079|113014|128014|123013|123020|113502|110045|113016|128035|128032|128053|123031|128023|127008|128037|127004|128062|128043|128010|128013|128052|123029|128012|113503
2020-04-21,2020-04-20,128087|113567|113570|128085|123045|128066|113557|128081|128049|128077|128025|128094|127003|113541|128082|113554|113536|128090|128069|113571|113568|110066|123026|123002|128057|113515|113566|123027|128034|128097|113509|110058|123044|110057|128054|128050|128021|127007|113550|113025|113547|110063|113504|110051|123047|128019|113572|113028|110048|128075|113020|110041|128096|128099|128092|110047|123046|128039|128089|123030|110056|110065|110052|113518|113521|128059|110068|113545|123025|128080|128051|128048|110034|110042|128040|113564|113544|113553|123038|113552|128076|123004|127013|113558|128064|113542|113032|113549|113531|113563|128058|113551|123028|113534|113027|110060|113561|113526|128063|110033|113031|113019|128029|113030|113011|113543|113525|123010|113516|110038|113565|110064|128093|113546|123039|123043|128083|123018|128098|128084|113505|128067|113537|128074|127012|127006|113532|127014|128045|128071|110061|113559|110067|128065|110043|123011|128015|128042|113556|110031|128102|128028|113017|113524|113026|128100|123042|123035|113029|127005|128018|113528|110062|113013|128086|123033|113520|110053|113548|123007|128044|110055|113022|113535|128017|113569|128046|123023|123017|123040|128033|128078|113562|113527|128073|113519|123041|113021|128088|123037|128070|128101|128026|127015|110059|128095|113508|123036|127011|113530|128056|123022|113024|123032|113012|113514|128072|113009|113555|128022|113014|123034|123024|128032|123012|128079|110044|128030|110045|128014|128035|113502|123020|113016|128023|128037|123014|128036|128010|128062|128013|128091|128043|127008|128053|123015|127004|128012|123031|123029|128041|128052|113503|123013
2020-05-06,2020-04-30,113557|128087|113034|113570|113575|123045|128066|128085|123002|128074|128081|113566|127003|113536|113033|113567|113541|128092|128094|128069|128034|123026|113028|128090|128025|128049|123030|113509|128077|113572|128054|113549|128057|113554|110043|113515|113568|128082|113564|123044|128064|110063|113518|113031|110065|113551|110066|123028|110047|128050|113504|113545|123027|123047|123046|113558|128039|113547|128051|110060|128075|110056|113534|128097|113574|128021|110034|128040|113571|113550|113505|110057|110033|113019|123018|113521|123038|110042|128019|128096|110048|128080|110068|113029|113543|113563|128071|110051|113020|110041|128048|113553|113011|113027|128089|113552|128045|113030|123025|123010|127012|110058|127007|128099|127014|128058|113532|128084|128104|113544|113561|110061|128067|123043|128063|128059|110052|113516|113546|128093|113025|113528|110064|113537|110038|113032|128098|113565|113542|127013|128083|128065|128029|128076|113556|110067|110062|127006|128042|113525|128017|110053|113017|113559|128028|113519|113562|128026|123040|113524|127005|113013|113026|128086|123039|128102|123041|110055|110059|128015|110031|123007|123036|128044|123004|123033|128018|113548|123035|113022|113021|128078|127015|123017|128033|128103|128095|123023|128046|113527|128073|128022|128088|123042|113012|128070|128079|113530|113024|113555|128101|113520|123011|123032|113508|128056|123034|113535|113526|123022|113569|128100|113009|127011|123024|128072|113014|110045|123037|123012|128014|128035|128032|123020|113514|113502|113016|123014|128023|128030|128037|128036|128062|128091|128010|128013|110044|128043|128053|123029|123015|128041|127004|123031|127008|113503|128052|123013
2020-05-12,2020-05-11,113034|113570|123045|113575|127003|128085|113567|128066|128025|113566|128094|128092|128081|128049|128069|123030|113536|113541|113554|113557|128077|128034|128074|128090|110066|113033|123026|113505|123002|128075|128087|113028|110043|113568|113545|123048|110063|128039|113572|110065|123047|113558|113549|128054|128057|113550|110038|123028|128064|128050|128106|110051|110047|113509|113019|128082|113521|128021|110060|113031|113565|113546|128051|113518|113576|113551|128048|113504|110058|110033|128019|113547|123044|123046|113515|110048|113534|113029|123038|113020|128080|110042|110041|113552|113571|113553|113564|110057|113543|128097|110068|110034|110056|128040|123027|113027|113561|128099|123018|123025|113525|127007|113011|128096|113563|128089|123010|110052|123043|113532|110055|113030|128076|128104|127014|110061|113528|128093|113544|113574|128084|128058|127013|128063|113524|113542|128029|113537|128045|127012|113025|128059|128071|113516|123033|113032|110067|123039|110064|128067|128044|128098|128065|128079|113556|110062|128042|113559|128028|127006|123017|113526|113519|123007|128103|128026|110053|127005|128083|113017|123035|110069|110031|128073|127015|113562|113026|123041|128017|113022|128102|128056|113013|123040|128018|123004|128095|128015|128033|113548|110059|123042|113520|123034|123036|123037|113530|123011|128078|128101|113021|128046|123023|113527|128070|128086|113009|113012|128022|113024|128088|113555|113535|113569|113508|128100|127011|128072|113014|123022|123032|123024|128035|128014|113514|123020|110045|128032|128023|123012|113502|128030|113016|128036|128037|113503|128091|123014|128053|110044|128043|128010|128013|128062|123015|123029|123031|127004|128041|127008|128052|123013
2020-05-21,2020-05-20,113580|113578|128066|113570|113575|113566|123045|113034|127003|113567|128025|128049|113549|113536|128081|113581|128092|113554|113577|123047|128094|128075|128106|113541|128069|128085|128082|123026|123030|128090|128074|113572|113550|123002|128105|113568|113505|127016|123048|113565|113576|128057|113553|128039|113557|113546|128084|113534|128021|113551|110060|110063|128019|128034|128089|123050|128050|128044|127013|113509|128077|110065|128026|128064|128087|110047|110057|113518|113031|110058|123046|123010|113564|110070|128097|113558|113547|128071|110056|128051|110043|113033|110066|123049|113030|113537|110038|113029|113019|123028|110051|113028|110041|113545|113521|128076|113504|113571|113542|128040|128065|123038|127007|113525|128045|113552|123027|113027|128058|113561|128059|128048|113528|128099|128067|110052|110048|113020|123043|110034|110042|128079|113544|128104|128063|113011|113532|113025|110033|128096|128042|128083|110062|110061|128093|128080|123039|110055|123007|110064|113543|113563|128103|110068|127005|128054|123044|113524|123025|128102|113562|123018|110069|127012|113516|110067|123033|128098|113574|128078|127015|128017|128073|113519|113527|123011|123040|127006|128029|127014|123035|113032|123041|123036|113556|113013|113022|113559|113017|128028|113526|128033|110053|128046|128018|123042|123017|110031|128088|128015|128056|128070|128022|128101|128095|113026|123032|113530|113012|123023|123024|113548|110059|123004|113021|123037|113024|128100|113569|113535|128072|113520|113009|113555|127011|128014|123034|113514|113014|113508|123022|123012|123020|128035|113502|128030|128032|110045|128023|113016|123014|128037|128036|128043|128053|128010|110044|128062|128013|128091|123015|123031|128041|127004|123029|127008|128052|123013
2020-06-11,2020-06-10,113581|113566|113570|128025|127003|128107|113034|113536|113580|128081|123026|128066|113575|128094|128049|123043|128039|123030|123045|113565|113567|128082|123047|123002|110066|113568|127007|113554|128085|128092|128019|113557|123048|113546|128057|128075|128087|110058|128050|128069|113549|110070|128034|113525|128103|113572|128021|110038|127016|113033|113573|113550|110063|113545|128022|110060|113541|113518|113561|123049|110056|128051|128042|113577|113558|128089|128084|110043|128076|113031|128071|128064|128090|123027|113534|110052|110034|110047|128102|110057|123038|123028|128105|113519|128078|113552|123050|128026|128044|113019|128080|128097|113578|128074|110062|128106|113528|113564|113028|113537|128040|123046|123010|128073|113504|113576|128059|110041|110051|113029|110065|113547|113030|127013|128079|128015|113542|113027|128058|128093|113011|123039|110064|110061|113544|110048|113563|113543|123032|128104|113553|113532|110055|128045|128083|113020|128096|113516|113505|110033|123042|113032|128017|128048|110042|113025|128070|110068|113521|113524|128088|128046|128063|113562|113527|128099|127012|127015|123033|128098|127014|128029|110069|128067|113017|123011|128095|128028|123041|123044|127005|113548|113551|127006|113556|128056|113574|128065|128077|113526|123036|128033|110067|123007|123012|123040|110053|123037|128018|123025|113559|123035|123017|113571|113022|113013|113530|128101|110059|113509|113026|123023|113579|110031|113514|113012|123024|123004|128014|113021|113508|123018|113569|127011|113024|113535|123034|128072|113009|113016|123014|113014|128035|123022|128100|113520|110045|128032|128030|128036|113502|128023|128086|128043|128091|128037|128053|123020|123015|128010|128062|128013|113555|123031|110044|128041|127004|128052|127008|123029|123013
2020-06-23,2020-06-22,113566|127003|113570|113561|113565|123026|128108|128066|113536|128081|128087|113525|110066|123045|113034|128025|123030|128107|113568|128092|113580|128049|128094|128085|113546|113567|128034|123048|128039|113033|110057|128057|113549|113557|113575|113554|123002|123043|123047|123027|128103|113572|128069|128084|128050|127016|110038|123028|128071|110070|110055|110043|128082|113573|113547|110058|110063|128076|113545|128075|128073|128022|128059|128019|128064|128079|113558|113550|110060|127007|128040|128106|113537|113576|113578|128090|113031|113028|113583|113029|123050|128104|123038|113504|113563|128048|128051|110065|123032|110033|128098|110034|110041|113011|128026|113581|128089|110052|113518|123049|128021|110047|128097|113541|113027|113019|113528|128058|128096|128015|128065|113505|128074|128080|113543|110064|113564|113516|113025|113532|110048|110056|123010|128093|110068|113534|127013|113030|110061|110062|123046|110042|128045|110051|128063|128067|123042|127014|113542|113519|113020|128046|128083|113577|128105|113552|128042|113017|127012|113544|128099|113032|128102|123044|123012|128017|123039|113527|113574|123033|113524|127005|127006|128044|113526|113553|123041|128070|110069|128056|127015|113521|110053|113562|123040|123011|128078|128095|123017|113556|113559|128033|113571|113013|128029|128018|123036|113022|110067|110059|113035|128028|123007|123035|113530|113514|113026|113551|128101|128088|123023|113579|128014|123025|123004|123024|113012|113021|127011|123034|113024|113548|113508|123014|113535|123037|113569|113509|128100|128072|113014|113520|113009|128035|123018|113016|128036|123022|128032|128030|110045|113502|128023|123020|128043|123015|128091|128053|128037|128086|128010|128062|128013|110044|123031|128041|127004|113555|128052|127008|123013|123029
2020-07-01,2020-06-30,128013|113566|113570|127003|113565|123045|123051|123026|128066|123043|113536|113561|128087|128025|113576|128094|128085|128107|128081|123048|128097|110066|113034|113575|113557|128049|128069|113567|113033|128092|128039|113546|128034|113554|128103|128050|128022|123002|113525|113568|123027|113572|113549|128106|128071|128109|123047|128084|110043|123028|128019|110057|110070|128048|113578|110038|113545|128057|128076|110063|123030|113547|110058|127007|123010|128075|110060|110055|113528|113573|128064|110048|128096|128079|127016|110034|128040|110041|113030|113027|113537|128021|113564|128082|110052|127013|113029|110047|128063|128089|110033|113028|113534|113550|128073|123032|128083|113532|123049|110065|128058|113518|110056|128026|113553|110068|113542|113031|128015|128093|110061|113505|128059|113541|128042|113558|113020|113516|113543|123046|110064|128046|128098|123038|123042|110042|110051|128090|128045|113011|113563|113032|127014|113025|123050|113019|128104|128080|128051|123044|128070|128017|113017|113580|128065|128044|113504|127012|110062|128056|113527|113583|128105|123012|113526|128099|113556|113571|127006|123040|113544|113524|128014|123011|113552|113574|128067|110069|113582|113519|110053|128029|113562|123017|128078|127005|113013|113514|113581|123033|113521|128095|128033|123039|110067|123007|128102|123023|113559|123036|110059|113584|123034|113035|128018|123014|113579|123041|123035|128101|113022|123004|127015|128028|128108|113577|113530|113026|128074|113021|123025|123024|113012|128036|113548|128088|127011|113509|113024|113014|113508|113535|128035|113520|113569|128072|113009|128100|113551|113016|123037|123018|123022|113502|123015|128032|128023|110045|128030|123020|128043|128053|128091|128086|128037|110044|128062|123031|128010|128041|127004|113555|128052|127008|123013|123029
2020-07-13,2020-07-10,128087|123045|128085|128013|110058|113525|128082|123052|113570|127003|113561|113034|123051|113557|128025|113541|123030|113567|128049|128066|128103|128039|123054|128050|113566|113568|128069|113565|113536|113546|128094|113576|113572|110070|113033|123026|113585|128076|113580|123028|128021|128064|123047|127016|113527|113575|113573|113537|123027|113027|113549|127007|110033|123002|128107|128073|128092|110057|128096|113528|110064|128071|123048|128040|128044|110043|128026|128081|128051|110060|123032|123042|128034|128015|110068|127014|110065|113545|128063|128075|110063|113030|123012|110041|128057|128090|113524|113505|128042|110052|123011|113017|128106|128111|113554|113029|110067|127013|128093|128056|123046|123010|110048|113516|113025|113532|113563|128097|113574|128070|123007|110034|110056|113542|113028|110047|110038|113534|128048|113550|128058|123033|110055|128109|123044|113564|113011|113547|128110|128065|127012|128083|113530|127006|123049|113559|128036|110053|113020|113019|110059|128019|128046|128033|128098|113519|123050|110051|110066|110061|128018|123023|128084|113032|128059|123004|123024|127005|113026|113553|128099|113543|128067|123039|128014|113021|113514|128045|113558|110042|113031|123038|113526|113544|128089|123014|110062|123035|113508|128079|127011|113583|113504|113535|128101|128029|110069|113022|113013|113571|128017|113024|127017|128104|128100|113012|123034|123017|128072|113014|128105|128035|113569|113584|128022|113518|113577|113582|113521|128074|127015|128078|113586|128095|113579|123015|113009|128102|113578|123053|128023|113562|113016|123040|128108|123036|128028|113509|113520|113548|128088|123025|128032|113581|128091|113035|110045|113502|123018|123041|113556|113552|123022|128037|110044|128041|128030|123037|128062|128043|123020|128010|128053|127004|128086|123031|128052|127008|123013|113555|123029
2020-07-21,2020-07-20,113570|128013|123045|128085|128087|113567|128066|113561|123051|128050|113034|128082|113536|113576|123052|113568|110058|113541|128025|113546|128064|127003|128094|113557|128049|113566|128073|110043|113525|128034|128117|123028|128076|123054|128026|110070|113549|113027|128069|128057|113033|113565|128107|128039|113585|113572|110033|128022|128071|113532|113527|123026|128096|113575|127016|113528|127007|128097|128056|123047|113505|110057|113029|128081|110064|128048|128090|123042|113564|113545|123048|113542|128051|123046|127014|128084|128063|110063|123030|128075|123032|113516|113030|113025|110068|113524|110038|128021|128042|128093|113550|110065|123002|110052|128040|110060|110056|113537|128074|128019|128070|123027|110041|113573|123011|128092|123038|110048|110051|113589|127005|113534|123049|127013|113519|110067|128106|113022|123012|110047|128059|113017|110042|110066|128015|128079|113032|128111|128058|113563|113011|113020|113553|113580|110034|128113|110055|110061|113547|123004|113504|128065|123023|113554|127012|128114|113019|113014|127006|123035|128098|113028|128083|128110|123050|123033|113031|128033|128099|110053|113514|113574|128018|128046|113558|113543|110062|123039|128115|123044|113026|110059|128109|123007|123024|128067|128017|128029|113530|128105|113559|113577|113583|113013|128044|123055|128104|113021|113588|113012|113024|113544|123014|113535|128072|127011|128045|123017|123034|128078|127017|113571|113582|113578|113584|113586|123053|113521|128101|113587|123025|128095|110069|113562|128014|123036|113508|123040|128088|113509|128089|128036|113548|127015|128028|128035|128102|113579|113556|128112|113035|113569|113518|113009|113520|128091|113016|128108|128100|128103|113502|128032|128023|123018|110045|123022|123041|123037|113526|123020|113581|123015|110044|128053|113552|128037|128043|128086|128030|128010|127004|128041|128062|123031|128052|123013|127008|113555|123029
2020-07-31,2020-07-30,123045|110058|128013|128085|128025|113570|113568|128082|113576|113591|128050|113561|128066|123051|113546|113566|123052|128069|113567|113541|113557|113033|128116|128076|128094|128039|128056|128049|128073|128087|128071|128090|110057|127016|128064|113034|113585|123047|128117|123054|123043|123028|128081|128034|110070|128057|128107|123057|110043|113549|123032|113525|128097|128042|127003|110033|110041|123002|128051|123030|110048|123027|113537|113542|110064|127007|113572|110038|113536|123042|128022|113565|128026|123012|123026|123010|113532|113027|123046|128096|128040|113534|128019|113030|127013|128079|113505|128074|128048|123044|110052|110065|110056|128075|123014|113528|123039|113029|113527|113575|128093|123048|110063|113516|113025|128070|110066|113550|113524|128111|128063|113545|110068|110051|113519|113573|123011|127006|113578|110061|113514|127012|110042|128084|110047|113028|123038|123049|113563|110034|127014|113011|123024|113020|113558|128106|123056|128058|113019|113559|128021|123023|128092|127005|128018|113553|110053|113032|123033|113564|110055|113543|113017|123053|128065|128046|113589|110067|110062|113547|128110|113024|110060|123004|123034|113014|128015|128083|113026|123007|113577|123035|113544|113031|128044|128114|128105|128109|113535|113580|128033|128098|128067|110059|128045|128078|113009|128099|113022|123025|113012|123050|113584|128113|128072|113574|113590|113021|113530|113013|127011|128095|113579|113582|128104|113583|113588|128029|128017|113562|113548|128028|113571|128103|113554|128115|128091|123055|113508|127017|123036|113526|110069|128035|113509|128108|113504|123017|113518|128036|128101|128014|127015|128112|113556|113035|113016|113569|113521|113586|113587|113520|123015|113502|128032|128041|123018|128102|110045|128023|110044|128100|123022|123037|128053|123041|127004|128010|128086|123020|113581|123031|128037|128062|128030|128043|128052|123013|127008|113555|123029
2020-08-11,2020-08-10,113527|128013|110058|128085|113591|127019|113570|110071|128066|113576|123045|113561|113541|113568|128025|128056|113033|128050|127007|113557|113566|128022|128116|128082|128087|128069|128094|110057|128049|123054|123028|123051|128039|128034|113546|127003|128081|128064|128090|123052|110043|113567|128051|128071|113572|110048|110070|113549|123047|113575|128076|123030|113525|127016|110064|113545|113029|113036|128117|123002|110033|113536|110052|128107|128097|113505|113565|113031|113030|128021|113528|110041|113022|128063|113585|128074|113532|128084|123057|123048|128096|128057|113017|128111|123026|110065|128042|110038|110056|113034|110051|113559|110063|113025|128040|113534|113516|128093|113524|128092|123010|113537|110047|123039|123033|128075|113028|128058|123004|110068|123011|113519|123038|128026|110034|123049|128109|123043|113589|128019|128048|123027|128015|113032|113019|123032|110061|113578|123042|127013|127012|127014|113573|128073|128083|113593|110053|128118|128106|128098|123023|128067|113020|113542|128033|113024|127006|113580|127005|128079|110067|123046|113027|127018|128110|113011|110066|110055|113563|110060|113564|113543|128105|110062|113026|128121|113562|113574|113544|128018|123056|123050|123007|113535|128070|113014|123044|128065|110042|128044|127011|113013|123024|113530|110059|113553|113588|113577|113583|128046|113012|128113|113021|113504|128072|128017|113508|128028|128095|128078|123035|128029|113584|113514|128104|123053|113009|128119|123025|113579|128099|113550|113590|113547|113592|123036|123017|128035|113587|128101|128014|110069|128108|123055|113569|123034|127017|128114|128115|113016|113502|113556|113582|123058|113571|113548|128032|128036|127015|113035|123012|128112|110045|113518|128023|113554|113586|128091|128100|123018|123022|113521|128102|113520|113526|113509|128010|128037|128053|123014|128062|128030|128103|113581|127004|123031|128041|128043|110044|128052|123015|127008|113555|123013|123029
2020-08-21,2020-08-20,123063|127019|113595|128013|113576|128085|113033|128066|113591|113566|128056|123045|128050|110058|113541|128120|128082|127003|123051|113561|113570|110071|128025|113568|128049|123052|128094|113572|113034|128087|128039|128116|113557|113527|110064|110070|128064|123062|123054|110052|123010|128069|128057|113585|128081|123028|123030|113546|128090|127007|128051|123059|128034|123002|128107|110057|127016|123048|113567|113024|113536|128022|110068|123026|113029|113037|113542|113025|110066|123057|113549|113565|113528|128076|128071|113525|128096|113559|110041|110043|110033|113036|113027|113596|123047|110063|113532|127020|128097|110065|113593|128019|113545|128073|113516|110051|128075|113030|123038|128063|113580|128074|123049|128042|127013|128058|113505|128117|123011|123043|113575|128093|113589|113537|113017|128111|110073|113524|113032|110048|110038|113519|128040|113534|128113|128083|127012|113573|110056|128048|110047|128026|110034|110067|128110|128021|127014|123023|110053|110055|110042|113563|128124|123056|128118|128109|123027|128098|110062|127006|113578|127005|127018|113544|110061|113012|113011|123061|123050|113543|113574|113564|123004|128123|128033|113020|128015|113504|128105|123042|123039|128106|128067|113026|128065|113530|113013|123033|128018|128095|128108|128070|128078|123053|123007|128104|110059|113583|113508|123032|113535|113584|113579|113021|128044|127011|128046|128079|113553|113562|123046|113592|123024|110060|123055|123025|113588|128121|123035|128101|113547|128099|113577|113014|128029|128028|128122|113587|113009|113035|113590|113569|110069|128119|123044|123036|128072|128017|123058|123017|113586|113550|113548|128014|113556|128032|123060|128035|128114|127017|113582|128115|110045|128112|127015|113571|113016|113502|123034|113521|113526|128102|128023|123022|113509|128062|128091|128100|128036|123012|128010|113520|128037|123018|123014|128053|128030|113581|128103|123031|128043|127004|123015|128041|110044|127008|128052|113555|123013|123029
2020-09-01,2020-08-31,127019|113595|128085|128013|128050|110058|113591|123045|113541|128049|113570|128066|110071|123048|113566|128082|128073|123063|123062|113568|123028|128056|127003|113546|113576|113557|113567|128025|123051|128120|113033|113561|128076|127007|128039|128069|128071|128057|123054|123047|113537|110057|128087|128116|110064|128051|113527|113536|128022|123049|128081|110070|128096|113505|110052|128090|128094|128064|128021|123002|113025|123043|110056|113528|123059|113565|123010|113549|113024|128117|113585|110065|113034|110033|128034|113036|123057|113525|110066|113578|123052|113029|110068|128075|113545|113037|110041|113532|127013|113542|127016|128019|128107|123061|127020|128093|113596|123038|113580|123030|113516|128074|128026|110038|110048|123011|113593|123042|110047|110043|128063|110051|113519|113030|123032|123023|110067|128070|110063|128018|128058|128040|113017|128042|113534|128124|128111|127014|113544|128118|123004|113027|123033|110034|128083|113559|113573|127012|128110|113572|110073|110062|113524|113575|127006|113026|128048|128079|113553|110053|128065|113589|113020|110055|128108|128098|128113|123050|113563|128033|113543|113564|128109|128121|113032|127018|128046|113011|123026|113574|128106|127005|113598|110061|123017|113594|113535|123035|128123|128078|128097|113588|113530|123039|123056|123007|128028|113012|110059|113014|128125|128015|123025|113021|113504|128105|123053|113013|127011|128095|123024|128044|123055|123046|113597|113577|128099|128101|110060|113587|128119|128122|113584|113590|128014|123044|113508|113579|113592|128104|113562|128067|113556|113009|123036|113583|128072|123027|123034|128017|113550|123058|128029|127017|128032|110045|123060|113548|123012|113569|128035|113582|113571|113035|110069|113502|128115|128091|128112|128114|113016|113586|128036|123014|128023|113521|127015|113526|123022|128010|128102|128037|128062|128053|123018|128100|128103|113509|113520|128030|123031|113581|128043|127004|123015|128052|128041|127008|110044|113555|123013|123029
2020-09-11,2020-09-10,128056|128085|127019|113595|128013|113576|113566|128064|128100|123045|127003|128050|128066|113541|123062|128049|113565|128082|128073|113561|128039|123063|110058|113570|113585|113034|113525|128096|128057|113557|113568|113567|113033|128094|110064|113536|123047|113546|113572|128025|128071|128051|128075|110070|123054|113549|123028|113599|110066|123051|113527|123048|128107|113036|113578|113537|128076|113591|110071|123043|110065|128034|110033|128058|128106|128087|123010|113564|128069|128108|123049|113025|113027|123038|123056|110041|113577|128120|113504|113545|123030|123059|127007|128116|113516|128019|123002|127020|128022|113575|123032|128021|113020|128081|128117|127016|110057|113017|123004|128090|128070|113580|128098|128079|113029|110043|123042|110060|113598|128110|128074|128111|123050|113037|110063|110056|123023|110052|128093|110038|123011|123026|123035|113532|123061|127012|123057|110051|113553|113524|128078|128063|113519|113587|110047|127006|113030|128048|110068|123055|128040|110048|110073|113505|123017|128046|113528|113559|128104|128067|110053|128097|113026|128095|113592|123012|123046|128118|113534|128018|113542|110061|113590|113583|123007|113548|110055|113011|113556|127018|128017|128109|123044|128113|113032|127014|128065|127013|113593|128042|110034|128105|127005|128099|113562|128026|123053|128083|123033|123039|113563|113024|113035|128028|113550|113573|113013|110069|128125|110067|110062|113543|128123|128115|128124|113594|128103|113012|113596|123024|128033|113530|128119|113535|128121|127017|128044|128114|123025|113021|113588|123014|113582|113589|110059|113584|128014|128015|113014|113579|113574|128072|113571|128029|113597|113038|123036|123058|127011|127021|128122|113009|123034|128032|113586|113508|123060|127015|128126|128112|128101|123027|128036|113521|128102|113569|110045|128035|123022|128091|113502|113016|128053|128023|113526|113520|123018|128010|128037|128062|128030|113509|113581|123031|127004|128041|123015|128043|128052|127008|110044|113555|123013|123029
2020-09-22,2020-09-21,127019|123004|128085|128130|128013|128082|128100|127003|113595|123062|110058|113033|113599|113567|113601|128066|128056|128049|113525|123045|128127|113570|113034|128050|128128|123063|123048|123054|128039|123057|128025|110071|113039|123043|128064|123028|128076|113568|123051|113557|113536|123052|110072|113541|113600|113566|113546|113585|113565|113549|128057|128051|113591|128129|128107|113578|123047|128094|128116|113025|128073|110070|113527|128096|110074|113027|123010|128034|128117|128120|110064|113572|128106|113029|128069|128090|110033|123061|110057|110065|123023|123049|110056|128108|113561|113037|113036|123056|123042|123002|113534|127007|123059|113545|128022|128021|127013|113528|128111|128074|128099|127020|128093|110047|110041|127016|113020|113532|128087|123011|123007|110063|128098|113593|128042|110066|110043|123024|123038|128019|113516|113524|113504|128081|123032|110034|113537|123050|128058|110068|113575|110051|123055|128070|113030|113505|113564|128065|113542|110052|110048|128075|110038|127014|128063|113017|128018|123035|113577|110060|113519|128079|113598|128110|128109|128040|128046|110055|127006|128071|113587|128114|127018|128026|123017|128048|127012|113553|128095|110061|128078|128105|110073|110053|113011|113563|113024|113559|123033|128113|128118|113026|113583|113596|113032|113592|123026|110062|113562|123025|128119|128124|123039|128033|113589|113535|128123|113590|127011|113588|128125|127005|128083|113594|128014|110067|128121|123030|123053|113012|128044|113580|113014|113597|123012|113013|123046|113530|113021|123036|128017|127021|113573|113584|128097|113548|128015|127015|128028|128032|128126|110059|123044|113556|128104|123060|113579|128101|123058|113009|128115|127017|110069|128072|128122|113574|113550|113038|113543|113508|128102|113571|113035|123034|123014|113569|128029|128112|113582|110045|113016|128035|123022|128036|128091|113502|128010|128053|128023|113526|113586|123027|128103|113576|113521|128030|128062|113520|128037|113509|123018|113581|123015|123031|128043|127004|128041|127008|128052|110044|113555|123013|123029
2020-10-09,2020-09-30,127019|113599|128056|113595|113561|123062|128013|110071|110058|123051|113576|123045|123052|123028|123048|113567|128085|128051|128022|123004|128049|128127|128066|128128|128050|113601|123054|113039|123043|113541|113565|128039|128082|113536|128064|128100|128130|113578|113525|113033|128057|128117|113025|128111|128116|113568|113585|113027|123047|128021|113572|128025|123063|113570|113549|113575|128076|113557|113546|128094|113600|128034|113034|113036|128079|128120|128069|123010|110064|110033|113527|128073|128107|128098|127007|128106|123042|123026|113566|110070|113524|123061|123057|123023|128087|113537|128090|110056|123033|113542|113545|110052|128096|110043|123065|113564|123002|110060|128026|128108|110074|110041|113591|110057|113577|123056|110072|110063|113037|113593|123049|110065|127003|128078|113516|123038|123059|113504|110047|128105|123011|128058|128129|128075|123032|128099|113029|128040|113532|123055|128093|113519|113528|110068|128109|123050|127013|128125|110051|128070|113534|123035|128071|110038|127020|110048|113580|128019|128048|127016|127014|127018|113017|113505|128124|123039|128042|128074|110066|128113|128081|110073|128065|127006|123007|110055|113587|128131|110061|128119|113596|113550|113598|113553|123012|123024|113030|128083|113011|113588|110034|128046|128033|113020|128063|113024|128118|128114|123044|123053|128095|113548|113563|113026|128110|128018|113592|113562|113014|123017|128123|127012|123030|123025|113559|110053|113032|128104|113571|128121|113594|113602|110067|123064|110062|128097|127011|123060|110069|128017|127005|127015|113590|113583|113535|128044|113556|113012|113543|123036|128014|113579|113013|113021|128028|127021|127017|113584|123046|113574|113589|113530|113597|123014|128101|128126|128115|123034|128122|113573|128036|113526|128015|123058|128010|110059|113038|123022|128103|128072|113508|128032|128091|128053|113009|128029|113569|113035|113582|128102|128035|128112|110045|113016|123027|113502|113520|113586|113521|128030|128023|123018|113509|128062|128037|113581|123031|123015|127004|128041|127008|128052|110044|113555|123013|123029
2020-10-13,2020-10-12,128128|128013|128127|113599|113595|128085|113561|128050|123062|110071|128082|113567|113601|128066|113039|123054|123028|128100|123004|123045|123043|113536|128130|128056|128064|128051|128039|123023|128073|123052|110058|113557|128117|128025|113570|113578|123051|128049|113568|123057|128111|113033|113565|123047|113541|128076|113566|113546|113025|113572|113549|128057|113525|123063|113027|128069|123010|110064|123042|128120|113527|128094|110074|128116|127003|110033|128107|127007|128087|113600|113564|110052|123065|127020|110070|128034|123033|113575|128022|110057|113593|113524|113528|113537|128090|128026|128096|113034|128106|128021|110056|110041|128129|128079|123024|128070|113591|110063|113037|123049|110072|123032|113585|113542|123059|123011|113036|110065|128113|128071|113532|110038|113516|113017|110043|123002|128098|127013|123007|128124|128075|128093|110060|110047|128081|110068|128109|128019|128105|113505|127006|128074|110034|113519|113576|110066|113534|128058|123039|123038|128040|127016|110073|110051|110048|127018|113545|110055|127014|123050|123026|123035|128042|113020|113024|123012|128083|113504|123056|113030|128123|128063|128078|128018|123055|128048|128108|113596|113553|113026|127012|113032|113577|128118|123048|113011|128110|128065|123053|128033|113580|128114|128099|113588|128131|113014|113559|110061|127019|113563|128046|110053|113573|128125|113594|113012|127011|128121|110062|123064|113029|123017|113598|127021|127005|113592|113535|113587|128014|110067|128044|113013|113583|113602|113530|113579|123025|128119|113589|113597|113021|123060|128122|128104|113562|113556|123014|113550|113590|113548|123061|113571|128095|123044|128015|128017|113574|123036|113584|113543|110069|127017|128101|127015|110059|113508|113526|128028|123046|128097|128126|113009|128010|128032|128036|128103|113038|128072|123058|128029|123030|128115|128091|113569|128035|110045|113016|123034|113582|123022|128053|128102|113502|123027|128112|128023|128030|113521|113520|113035|128037|128062|113586|123018|113509|123015|113581|123031|127004|128041|127008|128052|110044|113555|123013|123029
2020-10-21,2020-10-20,128127|128128|123023|123067|128013|113593|113595|113039|128066|128085|113034|123004|113568|123054|110071|128082|113025|123028|113601|113567|128120|113578|128057|113033|128130|128056|128111|113565|123063|128100|113599|123062|128050|113561|123066|113557|128049|113562|128051|113572|128039|113541|113536|113570|123057|128117|128064|113549|113527|110056|113027|128025|110033|113546|113585|110064|113528|128069|110057|128107|110047|110063|128094|123059|110041|128113|128076|128087|128096|123042|128116|110052|110074|128132|128026|123043|123052|110072|110070|113036|123010|113524|127007|113537|123047|113525|128108|128075|128021|110058|110051|127020|128124|123002|113600|128019|128034|123051|113591|113545|123024|128106|113532|123049|128090|110034|128125|113553|110066|113566|113575|127003|123045|123039|123065|128093|128081|128099|127016|110038|128105|113564|123056|123007|110055|110043|113504|128042|113542|113534|113032|113020|113017|128078|128114|128065|127006|123050|113577|110048|128074|113037|110069|128071|127013|128040|113014|113505|128083|128073|123053|113024|113516|123033|110068|123011|110065|128123|127018|123035|127014|128118|128109|128070|123061|110061|110060|128018|123025|127012|128110|113519|123055|113012|128048|128063|128022|128104|113588|113030|128119|113598|123038|128046|113026|128129|113559|128131|113011|128121|113596|113576|113594|110073|127021|110062|128097|123017|113587|113563|110053|127005|128044|123060|128033|113602|127017|128058|127011|123036|110067|127015|113583|113573|123064|123048|128079|113571|113592|128122|123026|113597|128095|123044|113589|113013|113029|128126|113550|113508|113535|113021|113556|113548|113590|128017|113530|128028|113009|113574|110059|113584|110045|128014|113579|128015|113580|123058|128101|128029|127019|128072|113543|113016|128032|113569|128010|128115|113038|128035|113582|123046|123022|113526|123027|128102|128023|128112|113502|123012|128053|128091|128036|123030|123014|113035|128103|113586|123034|123032|128030|128037|113521|113509|128062|113581|113520|123018|123031|127008|128052|127004|123015|110044|113555|128041|123013|123029
2020-11-02,2020-10-30,128128|128127|113025|113595|128013|128066|113561|113568|113567|113034|113033|123023|113593|110058|128057|128064|128085|123028|127007|128105|128056|113601|113536|123067|110057|113039|113599|123063|128120|128082|113524|123004|128108|113570|128130|110034|128116|110033|113546|113549|113565|123054|128111|113527|110071|110068|128107|113557|110072|123066|113541|113504|128025|110064|110070|123010|110041|113572|110065|128021|113537|113578|128124|110063|127018|113562|110056|113564|110055|128096|113036|113528|113009|113525|110047|113020|128106|128019|128121|128034|123002|128042|113577|128087|123059|128051|110048|123049|113545|113594|113542|128071|110060|128114|113516|113575|128100|123055|127020|110038|128075|128081|123007|110043|113548|123056|128113|113037|128090|110074|128026|110051|127015|128093|113027|128050|127006|127014|113505|127012|113585|128078|113532|128049|110052|123050|128040|110061|113519|128118|113588|128048|127016|128104|123053|113032|110066|123051|128069|113600|128117|113012|128109|113030|128119|113566|128076|113029|128110|128018|128074|128046|113553|128129|113026|113534|123033|123035|113011|128065|113559|123039|128125|113563|128133|113014|113587|113017|128063|128123|123025|128132|128017|113598|110069|123048|113024|123011|113583|123017|113590|127003|123044|110053|113576|128083|127005|110073|110062|113597|113592|127013|113579|113013|128131|123036|128097|127021|113556|113596|113591|127011|127017|113603|128044|110067|113602|113589|128095|113021|128035|128033|123060|128094|113530|128028|123062|128058|128039|128010|128126|123046|123057|128029|123024|113535|128122|113550|113526|110059|123064|123047|128022|113508|113580|123058|123022|113584|113038|110045|128014|128072|128101|128032|113573|113543|123038|127019|123052|113016|113569|113582|128102|123061|128015|113574|128073|128023|128079|123012|128036|128112|123045|123014|128115|128103|128091|113502|128053|113521|128030|123027|123030|113509|113581|113586|113035|128037|113520|128070|128062|123042|123065|123043|123018|123034|123031|127008|127004|128052|123032|128041|110044|113555|123015|123013|123029
2020-11-11,2020-11-10,128128|128127|128108|128013|128066|123057|128050|123028|128082|128056|113561|113034|113601|123054|113027|128051|113541|113549|128085|110057|113570|123067|128117|128039|113567|113039|128064|113565|110058|113536|123002|113568|128116|113033|113577|123069|113025|110033|128105|110071|110070|123023|128025|128120|128057|127007|128069|123063|113557|123066|123004|128042|128130|113546|123056|113599|113578|128073|110041|128111|128094|123007|128090|128107|123010|123068|123049|123045|110064|113572|110034|123024|113564|128114|128100|128106|127018|113528|110056|128021|123048|113525|110063|128049|110072|110065|113036|127020|128076|127006|128040|128034|123059|123038|128113|113542|128087|123050|128071|113534|113020|113037|110055|113593|128096|127015|110068|110038|110066|123053|123051|128110|128093|128075|113516|113600|110048|128132|128074|127003|110061|110047|113524|113545|113532|110074|113576|113562|113575|110060|113026|113566|123070|128026|113563|128121|128118|113505|113030|113559|128124|110043|123047|128018|123039|127012|113553|113032|128081|113588|123011|123012|127014|123033|123035|110051|123052|113504|113024|123055|128079|128063|128133|113595|128129|123061|110052|113009|128048|128019|113011|113012|128078|113017|123062|128046|127005|128104|113526|128119|127013|113014|128109|128010|113591|113594|128125|113029|110073|113585|123044|113556|110062|113548|127021|113592|110069|127016|113598|128083|127011|113597|123042|128033|113583|113527|128134|110053|113590|113603|123025|128123|113013|128044|128097|113602|113519|123060|123017|110075|110067|128122|127017|128126|128131|113589|113587|113021|113579|113596|123046|128101|128032|128065|128035|113535|123014|128017|113530|128091|113508|123064|128036|110059|113016|113573|113574|128014|128072|128103|128095|128022|123065|123058|128053|113038|113537|113550|123022|128102|110045|123027|127019|128029|123030|113584|113580|128015|128023|128030|128070|113582|113569|128028|113543|128112|113521|128115|123072|113502|123043|123034|113586|113509|128037|113035|128062|113520|123018|127004|113581|123031|127008|128052|128041|110044|123015|113555|123013|123029
2020-11-23,2020-11-20,127018|128128|128085|127023|128013|128127|128066|110070|123023|113039|128108|113595|113601|128082|113568|110033|123010|110057|113567|128107|113565|113033|113541|128056|128120|123028|123049|128042|123074|123063|113604|128057|128051|113593|113549|128039|113557|110064|128116|113561|123054|128025|127007|113546|113534|113036|123002|128130|128064|128106|128105|113572|113570|113578|110071|110072|113027|128093|123067|123068|110041|128090|113599|113562|128018|113536|128069|123056|113577|128094|128087|128100|128050|113528|123066|110068|113034|128049|128111|110034|123051|110056|128113|128114|123004|113606|128034|110063|123069|110065|127020|123053|113516|113505|128021|128081|110060|110047|113025|113037|123007|110043|128076|128117|127003|110038|113525|113576|127015|123048|123055|110051|123050|110061|123059|110074|128132|128026|113532|128071|110052|127014|128074|113030|113545|128124|127006|128048|113566|128040|113559|128110|128118|113600|127012|113504|113026|113564|128075|113524|113009|123035|123024|123039|110058|113029|113542|113563|113011|113017|128121|128096|113575|110048|128022|123057|128129|123070|110069|128078|113598|113548|123033|128063|128109|127011|113012|128104|123073|128073|123045|113591|110062|127005|110073|113588|128032|128010|128123|128083|128046|113508|113024|127013|128119|113556|128019|127017|128133|113603|123044|113014|110053|123047|123038|127016|113519|123017|128126|110055|123025|110066|123052|128044|127022|123011|113527|113526|110067|128033|128125|113013|113583|123061|128101|113579|128097|128131|127021|123062|128135|113594|113535|113592|113602|113021|113605|123060|113585|113040|110075|113587|113590|113032|128035|128134|123012|113597|128079|128072|110059|113530|113596|113589|128017|128122|123014|128014|123046|128036|113038|128095|113016|123058|128053|123022|128091|123064|127019|113574|128023|110045|128065|128112|113584|128103|113573|113550|128015|128030|113569|128028|128070|123030|113537|113582|113580|113502|113543|123027|128029|123042|123043|113586|113509|123065|128115|128037|113035|123034|128062|113520|123031|123018|127008|127004|123072|128052|128041|123015|110044|123013|123029
2020-12-01,2020-11-30,127018|128128|128127|110058|128085|113601|128013|113039|113016|128066|128108|113033|128082|113595|110057|113608|123074|128010|113562|127007|113593|123010|110071|113568|113549|113541|113567|128057|113557|110033|123049|128114|123004|110056|113536|113561|123002|128064|128116|123054|123063|113036|110070|128051|110064|123023|113577|128107|113572|128025|113546|123051|123071|113570|123067|127020|128040|123056|123028|127023|128050|128105|113578|128094|128130|110038|113534|128042|128106|113505|113606|110063|110072|128100|113524|128039|110047|113034|110041|128034|128049|128087|128096|128120|127015|123057|113026|110034|128113|113037|128075|128069|123007|128081|128021|123066|113599|123069|110060|113025|113030|127014|110065|128076|128111|128026|123059|110068|110061|110043|113564|113528|128018|128093|113604|123055|110051|110048|123050|113516|113600|113504|113576|113542|110074|123024|113587|123068|113027|123075|127006|113017|110052|127012|113532|128074|113592|113011|123035|113024|123053|128129|123033|110069|113598|123070|128124|128078|113556|128118|128132|113527|123048|128071|128109|123039|113588|113566|128097|127003|110066|110055|113012|113029|128048|113575|128056|128063|128133|113583|128073|128119|113014|110053|113563|123061|123047|123038|127011|128046|113525|128123|123046|127005|128117|113607|128033|127016|123052|113032|113605|128125|110073|123017|123062|113519|110062|113526|113009|128053|127013|127021|113545|113559|123025|128083|113594|113590|113603|113573|123045|128044|128032|128022|113591|113013|128131|128095|128126|113548|123044|127017|110067|113040|123073|113530|113508|128101|113535|128079|110059|128121|128017|113602|113021|113579|113565|123060|123058|110075|127022|113585|110076|123012|128135|113574|123011|128122|128091|128134|128023|113038|128072|113597|113589|128014|128035|128112|113596|123014|113041|128036|123022|113550|128110|123030|123064|113537|110045|127019|113580|128103|128015|128029|113584|128070|113569|113543|128030|128065|128028|123027|113582|113502|123042|128090|123043|123065|128115|123034|113509|128037|113035|128062|113586|113520|123031|127008|127004|128052|123018|123072|128041|123015|110044|123013|123029
2020-12-11,2020-12-10,127018|128128|113601|128127|128085|110070|113557|113016|123010|128013|113039|110071|128130|113567|113541|128108|113593|113578|113570|128057|113595|128093|113524|128066|128113|127023|128025|128107|113033|113034|123049|123004|128049|113561|128082|113546|128114|128116|113549|128064|128105|127003|113576|128034|110065|123074|110057|113568|123023|123028|123002|123063|113534|128096|110033|128040|128026|127007|110038|128051|128100|113608|113542|110041|110056|128063|123076|123007|128075|113562|127015|110072|123054|128120|110063|113565|110034|113536|110064|128021|128106|113036|123067|113025|128087|113577|113037|128069|127020|110047|110060|128081|113505|128018|128094|123071|123056|128137|123051|123069|128071|128129|110051|113599|127014|128111|128039|110048|128042|113572|128133|113606|113030|113516|128118|123070|113545|110043|123050|127012|128010|113504|123055|123066|113528|113525|113575|110068|123059|128124|113604|127024|128048|113026|113598|113591|113563|128117|113600|113564|128078|113012|127006|113532|110061|110066|113027|123075|113029|128109|113017|123053|128050|113583|113011|113559|128132|113587|110074|128076|113024|110069|113556|123062|128097|123035|128123|127016|128119|123017|127025|128083|127011|113566|113527|128022|128121|128090|110058|113603|123068|113014|123024|127005|113530|123048|128074|123033|113607|113009|110062|128044|123011|113594|128033|123039|128072|113588|110073|110052|128032|127017|128125|128131|123047|127021|128126|123057|113040|113508|123073|113013|127022|110067|128134|128046|127013|113579|128073|123044|123025|110055|123060|113519|113535|110076|113526|113590|128135|110075|113548|113605|113021|128017|113585|123038|113573|110059|128101|123061|113592|123058|113537|113041|113602|113550|128136|113589|113597|128122|128056|128035|113038|113574|123064|128014|128053|123045|128079|123052|123022|128036|113596|123046|128112|128091|128095|123012|128023|110045|127019|113584|128015|128029|128110|113580|123014|128030|123030|113543|128065|128103|113569|128028|123027|113502|128070|123043|128115|113509|113582|123065|123042|128062|128037|113035|113520|123034|123031|127008|113586|127004|123018|128052|123072|110044|128041|123015|123013|123029
2020-12-22,2020-12-21,128085|110072|127018|128128|128127|113595|128066|110070|123004|113601|128013|113033|113016|113557|113541|128026|128100|113546|123010|113549|128064|113567|128130|128082|113561|123023|110071|113578|128093|113568|123049|110056|127003|113599|123078|113534|127023|123002|128116|113570|128107|128094|113565|128039|113536|123054|128040|123077|123028|128087|128025|127015|123007|123051|113575|110060|128051|110063|110077|128114|128049|128081|110057|113572|128075|110047|128096|128021|128057|113036|123067|113034|123069|123063|128120|128063|110041|113505|127007|128071|123059|128108|123056|123071|110064|113606|113576|128105|110033|128034|128129|113598|128113|128133|113027|128010|110034|128106|123062|113577|128018|110048|113025|128076|110065|113593|113030|110074|113564|113039|123076|128042|127020|113528|113608|123047|113026|128124|128117|127014|113516|123066|113600|113524|113542|110051|123068|113037|110038|113012|113014|110061|128050|113017|123050|128069|123048|110043|123057|128090|127006|128118|128083|113532|113525|113588|110068|113559|113563|128072|113527|123024|123052|128044|123075|123045|127016|110058|113604|113024|123033|113535|128022|127024|113566|113009|128032|128137|128048|123038|123053|128097|123035|128123|127013|128056|113526|127012|113508|123061|110053|128109|123070|127011|128125|110062|128033|127025|110069|123055|127005|113594|113519|128119|113504|127017|128078|113011|128074|113603|113530|128046|123011|128073|113583|113607|128132|123044|123073|110067|110073|127021|110052|113589|123039|123064|113596|123025|128121|128035|113579|128131|113021|113587|113013|123060|128079|123022|127022|123046|128023|128101|110059|128036|113574|113605|113040|128122|113590|128135|123012|110075|113591|113585|113550|128134|128053|123074|128091|110076|123017|128017|113592|113545|113556|128014|113602|128136|113597|128112|123014|127019|123058|123030|128126|113041|113029|128103|113573|113548|113584|128030|113537|110066|113038|110045|128029|128111|123027|110055|128070|113543|113580|113569|128015|123043|113502|123065|113509|128095|128065|128115|123042|113520|128028|113582|123034|128037|128062|113035|123031|127008|128110|127004|123072|128052|123018|128041|113586|110044|123015|123013|123029
2020-12-31,2020-12-30,128085|128100|110072|127018|128127|128128|113609|113610|128140|110070|113039|113601|113567|128094|113033|128093|123085|113595|128026|113541|128066|113557|113016|113578|113570|128040|113568|128139|128074|128057|128082|127003|123051|123023|128130|128117|128107|123002|113561|128039|113534|113549|123063|123007|113565|113536|123049|128013|123069|110060|123082|123054|113034|123028|128049|128105|128087|113599|113572|113577|128051|110063|128075|113505|128108|128034|123080|128116|128096|128071|128113|123004|128090|110047|110071|113036|110041|110057|113524|110074|128106|128025|110056|113585|127023|123056|123078|127015|127014|128050|123067|128021|128120|123077|128076|128018|113598|113542|113516|110033|128064|123059|128114|128063|113532|123079|127007|110048|110068|110064|123047|127020|110034|123074|113030|110038|113606|113012|128081|113025|110043|113600|123057|113546|113037|113563|110065|113576|128124|128042|128138|113026|113014|127016|113575|110051|128083|110077|128032|113528|110061|128123|123066|113604|110062|113559|128133|113564|128069|113027|113519|123071|113608|128118|127006|123053|128119|123068|123038|123045|123052|127012|113526|128056|128097|123076|123050|128129|128010|123035|113024|113017|113043|113593|128125|128048|123075|127017|113537|113566|113588|113596|127025|128137|123062|128073|128044|128046|123046|123039|127024|113550|113525|110067|127013|113527|113009|110053|123081|128035|128109|123033|113583|127011|113011|127005|128033|110073|128072|110069|123048|123070|113508|123022|113594|113535|128079|127022|113504|128121|128022|123024|127021|123060|123044|123061|113579|113605|128030|113013|128101|128132|123011|128131|113021|110052|128078|113573|123064|113603|113589|113574|113530|113580|113607|113040|123025|113587|128023|113029|128122|113602|113556|110059|113545|128036|128014|123055|110075|128053|128134|113597|123012|128136|113592|128135|123030|123073|123058|113548|128112|110076|127019|113590|113591|123017|128091|128017|113611|128126|128103|113041|128111|113038|123027|110055|113543|110066|113569|110058|128070|110045|113584|128029|123014|123043|128015|128095|123065|113502|128028|113509|128037|123034|128115|123042|128062|113035|113582|123031|127008|128110|128065|127004|123072|123018|113586|128052|110044|123015|128041|123013|123029
2021-01-12,2021-01-11,128085|110072|128127|113610|123089|128100|127018|113609|128128|123084|113612|128140|113601|113033|113039|113541|113570|113557|128074|128082|128066|128040|123028|128057|113534|128051|110070|128094|128039|123051|113578|113505|113568|113536|123069|128105|113591|113016|123085|128117|127003|128026|128107|128130|123002|113549|128064|128049|128093|110074|127007|123073|128087|123078|128139|123067|113565|113595|113577|110063|110060|110071|113567|128076|113572|110057|128075|113014|110047|123049|123088|123010|110034|110041|128034|128021|123068|113561|128063|110056|123082|113598|113599|128120|113034|113012|113585|127014|123079|110038|128071|128096|123080|128025|128114|128081|113542|123050|128050|127023|123066|128124|123083|113588|128083|123059|128042|110065|128133|110068|113036|123004|123007|113524|123074|113532|128032|123077|113600|113559|128090|123023|113026|123054|128113|123056|113606|128108|123063|128018|110051|128010|113546|110064|110043|110048|123053|123075|113537|113550|123057|123047|113564|123087|128106|128138|123052|128069|113030|128118|127006|128097|128013|127012|113575|113576|113027|113528|113037|110077|123076|113025|113024|128116|127015|113516|113525|113604|127016|113563|127020|110061|123081|123039|128109|113017|128137|128119|113519|128121|128129|128056|113593|113526|113504|110062|123062|128123|113508|123055|127013|113608|113566|128125|128048|127025|127005|123033|123022|123060|113011|128035|123024|123048|110073|113029|110058|128134|123011|127024|113594|127017|123071|110053|128132|123070|110067|113009|110069|128044|113043|128101|123035|128078|113583|127011|113548|123038|113587|128131|113535|113603|128046|128079|113573|113607|127022|127021|113021|123064|113530|128014|128073|113527|113013|128122|128033|113596|113602|128072|110052|128135|110059|123044|113545|113589|110076|113605|123058|123046|113592|113579|123025|113040|128136|110075|128022|123045|113574|128023|128103|123012|113597|113590|113611|123027|128091|110045|128112|128070|128036|113569|127019|128053|110055|123030|113584|113041|113543|128017|128030|110066|113038|128126|128095|128029|123065|128111|128015|123043|123014|113502|128037|128115|123042|128065|113509|128028|123034|113582|128062|127008|123031|123018|127004|123072|113586|110044|113580|128052|123015|128041|123013|123029
2021-01-21,2021-01-20,128085|110072|128127|128100|113033|113609|113610|128140|123089|123092|123080|128128|127018|113595|128066|113601|113505|123073|113557|128040|113578|113534|128082|123069|110070|123084|113612|113591|113549|128094|113016|113039|123051|113541|113568|123085|128130|113570|128051|128039|128105|123067|113565|127026|123088|110074|113536|128120|128049|123028|128107|110071|113572|128141|113567|113600|128139|128057|110047|123007|128093|113044|128026|110063|128087|113034|128071|123002|110057|128034|113599|128021|128133|123059|113524|123023|128116|128117|123082|128074|113036|128081|127007|113030|113577|128096|127023|113542|128138|128063|123004|128064|127014|110060|128076|113026|128090|123049|123010|128075|110041|128108|123052|128124|123077|128025|113546|113532|123063|113615|110056|110048|113559|113585|113561|123057|110064|128010|128042|128114|110065|128013|123087|123047|128106|113608|123056|110068|113588|110077|123068|128113|123062|113598|128050|110038|113606|127003|123054|128018|128032|113024|127020|123074|127006|113012|113037|128118|113528|123083|123078|113576|113564|113563|128083|123053|113550|113014|113516|113593|127012|113525|128056|123071|110061|123076|128069|110043|128121|110051|128079|127015|127016|123050|123079|123066|113017|113027|128129|110058|128123|110062|128048|123033|113526|123075|113009|113504|113537|113508|113583|110053|128033|123039|127024|128125|128073|113011|110073|123070|123045|128119|123048|113594|127025|128078|128046|113025|128109|127013|128132|123061|123038|123044|110067|127005|113604|113527|123090|123081|128137|113535|123024|110069|128142|110059|113530|128014|128022|113021|127021|113614|127017|123064|123035|113596|128035|128134|113573|128097|128122|113603|113605|123060|128131|128070|127011|113013|113043|110052|113607|113519|128101|113566|113579|127022|128072|113548|123091|128044|113592|113602|113040|128103|113029|128135|113574|123025|123058|123011|113589|110075|113597|128091|123022|110076|128023|113611|128136|110045|110066|123012|128036|127019|128053|113590|113569|113545|123065|110055|113041|123043|123027|113584|128111|128029|128017|113543|113038|128015|113575|123014|128126|123030|128095|128062|123046|113502|128115|128037|128030|123042|113509|128065|123034|123031|128028|127008|113582|123018|123072|127004|110044|128052|113580|123015|128041|123013|123029
2021-02-18,2021-02-10,110072|113609|128127|127027|128140|113610|113033|113601|128093|113039|123069|128128|113534|127018|113549|113557|113568|123082|128051|113595|113541|123063|123007|110070|128039|128100|128143|113565|123068|113572|123089|128066|128040|113591|113612|123051|128139|113600|110074|123092|123080|128081|128107|128064|128087|128090|128105|123049|123024|123052|128130|123002|113536|128117|113578|123004|123056|128094|113524|123073|113505|128083|110063|123074|123061|128057|128141|123062|113593|128082|123059|128075|110047|123067|128049|128021|123077|123057|113570|123044|128114|127026|123010|113599|113016|128091|123047|127023|113044|113561|113567|123084|128071|128022|113563|113027|128120|113588|123085|113604|128034|113528|123088|113014|113034|113036|110048|110060|123045|113550|110057|110077|128116|128026|128079|113559|113542|123048|113526|128078|113564|123079|123066|110068|113577|128113|113037|110051|113030|113537|123054|123070|128124|110041|110071|113516|128138|128109|128025|128048|110064|123075|128032|128096|123043|127020|128042|128129|113608|110056|127014|110065|128053|113026|128076|123083|123078|113618|113606|110038|123022|123028|113042|128050|113615|113546|113566|128056|128133|123050|128106|113576|123038|113598|113530|128073|113532|123035|110061|127006|113012|128123|128108|128119|123023|113585|123071|127016|123053|128070|123012|113594|127025|113614|123046|110058|110053|128118|110043|113011|123086|123033|127003|128072|127012|127005|113548|123076|128121|110059|128018|113504|110073|127017|113607|127011|123060|127015|127024|127013|128074|128069|128063|113535|113043|123081|123064|123025|113596|128097|128125|110062|113525|113508|128036|113579|123030|127007|110069|113021|128101|110055|110067|128137|113519|123087|113602|113024|113013|113603|128035|123090|128013|110075|113527|123027|113017|113575|113025|113605|123065|128142|128131|128132|128044|123058|128134|128046|123039|128136|110066|128135|127021|110045|110076|123014|127022|113569|110052|113029|123042|128014|113573|113611|128033|123091|113589|113597|127019|113040|123011|128122|113584|128103|113574|128023|113616|113041|128111|128015|123031|123034|113545|128095|128126|113509|113038|123072|123018|128029|128017|113543|113502|128037|113582|128062|110044|128030|127004|113580|123015|128041|123013|123029
2021-02-23,2021-02-22,128127|110072|127027|113609|113033|113039|127018|128140|113601|113610|113595|113557|128100|113591|123089|128066|113534|123069|110074|123080|128128|113549|128051|123082|113612|128105|128143|123087|110070|128093|113541|128039|128139|128040|128081|113600|123085|123068|113568|113016|123062|128090|113565|123049|113505|123073|123007|123063|123051|127023|128094|128141|128087|123084|128107|123052|128082|113014|123092|123024|113578|123004|123061|123044|113570|128130|113599|113567|113593|113536|110068|123002|123093|110060|128022|128049|113044|113027|128071|123077|128026|128057|113604|113588|128117|123059|128032|128034|113576|128120|123074|110057|113572|127026|123067|128106|113036|113037|113026|123010|113542|123088|128083|128064|128091|123056|110048|113528|123045|128138|123057|113563|123048|123047|110065|127020|128075|123028|128096|128042|128021|110071|128116|123054|113564|110041|113034|113561|110064|110056|128025|113559|128129|123079|110051|113608|113030|110038|127014|113606|113516|113618|123083|128113|128050|128056|128076|123053|113526|113566|113042|123078|128124|128114|128073|113577|123050|113546|123038|128048|110063|123043|123086|128053|128133|127006|113504|110077|113525|128108|113550|128079|113012|123075|127012|113594|123022|113621|123035|128018|113537|128109|128078|110053|110061|123033|113585|113530|113532|123023|110047|123076|123012|127007|113615|128072|113619|113011|113598|123070|123066|127024|123060|110073|123081|128123|127011|128063|127016|113596|123071|128013|127005|110058|127003|127025|110059|110043|113043|128119|127017|128125|127013|110067|113614|113024|128070|110069|113021|128118|128069|113548|128121|113535|113017|113527|113508|128132|113607|128097|123025|123030|110062|128142|113575|113602|128035|113603|128036|128134|113519|128074|113579|128137|113013|110055|113605|128101|128044|123039|123058|110075|128131|110052|123046|123027|128033|123090|113025|127019|110076|123064|127015|128122|113040|113589|128014|127021|128135|123014|113611|123065|113569|110045|128136|113573|113597|123091|123042|128046|123011|113584|127022|128023|113029|113574|113616|128095|128103|110066|128015|128111|113041|113038|123034|123031|113509|128126|123072|113502|113543|123018|113545|128017|128037|113582|128029|128062|110044|127004|128030|113580|123015|128041|123013|123029
2021-03-11,2021-03-10,128127|127027|113609|123089|110072|123086|113033|127018|113039|128013|128140|128139|113601|123097|113610|128066|123063|123082|128081|113505|113612|123087|113591|123085|113541|128051|123073|128093|113600|113549|123007|128040|123069|128128|110074|113568|128106|127023|128107|128100|123080|128141|123049|128130|123096|113565|113027|123004|113044|113567|113593|128090|123074|110068|128105|113561|113036|128075|113542|123051|113578|128034|123068|128021|113599|123002|110070|113595|128071|128094|110064|110060|128039|128057|113608|113534|128087|113585|113524|110063|123077|128114|128120|113570|128096|128143|123056|123083|110057|128064|113572|113016|113576|113014|127026|110041|113026|128108|110071|113030|113034|110047|127020|123092|128125|110048|128022|128138|128049|110056|123084|113577|110065|113550|113598|123010|110077|113536|128026|123048|128123|113037|123050|113588|128083|127014|123088|113564|113528|128113|113525|110038|113563|110051|113516|110043|110061|123024|113559|123028|113537|128109|123035|123067|123062|113621|123059|128048|127016|128133|113024|113606|127015|128032|128116|123066|113594|123061|123079|128033|128042|123075|113043|113615|128117|127006|123053|113618|123023|110053|128129|128078|128119|113504|127028|127005|128082|113012|123052|128018|128025|113042|123099|113532|123070|127025|127012|128050|113604|113508|128053|123054|113011|123057|113546|110073|127024|127011|123033|110069|123044|128076|128121|123045|127013|113607|128137|128124|110059|110067|123039|113530|123047|113527|110058|128097|128046|123071|127007|128091|113013|128072|123078|123060|128079|128101|127017|128063|113535|128134|113021|128118|113017|128056|123025|128074|110062|113566|110055|113614|123098|113596|123091|127003|113603|113040|113548|128142|123022|128073|128132|123081|110066|110075|123093|123038|123076|113605|128035|127022|123058|113579|128044|110052|128069|113611|123090|113025|128131|113619|113573|128036|123064|113602|113584|113519|113589|128135|127019|113038|128111|128126|113557|123012|113616|110045|123011|127021|128122|110076|123046|123027|113569|113597|128136|128014|113041|123030|123014|128095|128103|113574|123043|128017|128070|128023|128015|113575|113543|123042|123065|113509|128029|113545|113502|113582|123031|123034|128037|123072|123018|128030|127004|113526|110044|123015|113580|128041|123013|123029
2021-03-23,2021-03-22,127027|113609|128127|128013|113033|113039|123097|128140|123086|127018|110072|128093|128081|113610|123089|123085|113561|113505|123100|123082|113601|113591|123080|123087|123073|128051|128139|128040|128066|123004|110074|123051|123063|113612|123096|128107|110041|128039|113014|128105|113044|128094|113565|113600|113568|128100|128128|113541|110070|123007|128034|110068|123049|128090|128120|110077|113549|113593|123024|113534|128130|123092|127020|123052|110057|113567|113027|110060|113578|128141|123067|113572|128022|123074|113026|113576|123069|128057|128075|110071|113036|128143|113595|113599|128108|128064|123062|110064|110048|128026|123084|128021|123061|123002|113550|128049|128071|110063|123010|113030|123047|123059|110047|123045|127014|123068|127026|113585|123023|110051|113608|128033|113598|113034|128114|128106|110065|110038|128113|113536|128053|113532|113570|123048|113606|128042|110056|113516|128096|113542|128138|113559|113621|123057|113037|128083|128056|113588|113524|123056|128091|128018|123028|123077|113577|123066|127023|127006|128032|128123|123083|113563|128119|110053|113528|127016|128048|123035|123050|113615|127015|113042|113024|110061|128087|128117|128025|113537|123071|113525|127012|123079|127005|128133|113546|123075|113607|113508|113564|123088|113012|113618|123039|113011|127028|123053|110069|113594|128124|110043|128116|128109|127024|127011|123044|113043|113604|128121|128125|110073|123093|123038|113602|123033|128134|128078|113527|127017|128050|123025|123022|128129|128073|118000|128137|123060|113504|110059|113614|123054|127007|123070|123099|128082|123078|128046|113566|113535|113021|128076|113013|110055|113548|123012|113579|113603|113530|127003|113017|110075|128070|123058|128063|113519|128074|110066|128101|128132|128072|113040|128079|123090|127013|128118|123043|113611|128111|128097|110052|128036|123046|110058|123064|127022|123091|123081|113605|128044|110067|128035|128142|123014|128069|123076|110062|113589|128135|128131|113619|123027|128126|128122|110076|113573|113597|110045|123098|127019|113596|128014|113616|128103|113584|113569|113016|113557|123030|127021|113041|123065|128095|113574|113025|123042|128023|113575|123011|128017|128136|128015|113545|113509|128029|113543|123034|113502|113582|123031|128037|123072|123018|127004|128030|110044|113580|123015|113526|128041|123013|123029
2021-03-31,2021-03-30,128127|127027|113609|113033|113610|128100|128013|113039|123086|123080|110072|123097|128140|113601|128066|113595|110041|128128|128051|123049|128081|128139|127018|113561|123100|123063|128093|128107|128040|113549|113044|123073|113541|123089|128141|113568|110070|123051|123087|128039|110074|123085|128082|123082|113505|113565|123096|110064|128075|113600|113570|128090|113598|113612|113591|110068|128130|123004|128143|128094|128120|113572|123024|128105|128034|110077|113567|123069|113578|128108|128064|113550|110057|113599|123007|123068|113034|123061|123062|128021|113576|123084|127020|110071|128026|128096|123052|113026|123002|128057|113027|113036|113014|123047|113534|123045|113608|113593|110047|113615|123078|128106|113536|113585|128071|128042|110065|110048|128144|113532|110063|123067|128048|123074|128049|123057|127026|110060|113542|113606|113030|110051|123048|113563|128114|113621|128083|110056|127012|110069|128053|110038|128050|113037|128025|128119|127023|113042|113516|123059|113604|128113|123093|123023|113577|113537|127006|123050|123056|123010|113527|127015|110053|110061|123066|113559|128133|127005|113524|128018|128125|123092|113024|128022|123088|113594|128069|128138|113528|113525|128074|123077|128087|110043|127017|128116|128132|127016|113588|123035|128032|128117|123101|128123|123071|128078|123083|123038|113618|123079|113011|110073|113602|128124|128056|113546|123075|123022|113508|110066|128109|113564|128134|123060|113607|128137|113530|123099|128046|110059|127024|128076|127013|123054|113012|128033|123039|123028|113043|123053|113021|113504|118000|123025|123044|113603|113566|127011|113013|123070|127007|128091|110055|128129|128121|123033|113614|113579|113548|123091|113535|113605|123064|113519|110075|113040|128118|128101|123090|113611|128073|123098|113016|127022|128072|123012|128111|113017|128063|128070|128035|127003|123076|123081|123058|127028|113573|123014|110062|128036|113597|110058|110052|128142|128135|128044|128122|110067|127014|123027|110045|128103|113589|128131|123043|128097|113557|123046|113596|113619|113616|113569|110076|123030|113041|113575|128126|123065|113025|128014|128095|127021|113584|128079|127019|113574|128023|128017|123011|113545|123042|113509|128015|128136|128029|123034|113543|113502|113582|123031|128037|123072|127004|123018|128030|113580|123015|110044|113526|128041|123013|123029
2021-04-13,2021-04-12,127027|113609|123102|113033|113610|128127|123089|123086|128013|110072|127018|123080|113039|113046|127028|123085|128081|128082|128143|123097|128128|113549|128040|128051|128139|113620|110071|110074|123082|128100|128140|113601|113568|128090|128066|128039|123063|113600|113591|128093|113565|123073|123087|113541|128107|113044|113505|123062|113593|128075|123052|113570|113576|113567|128141|123051|123100|123049|110041|128064|123074|113534|128094|110068|128130|128034|123069|110070|110060|123004|123096|110057|128105|128114|110077|123045|123078|113612|127020|128021|113578|113027|113599|128120|127014|113536|128053|123024|110047|128108|123088|128057|113030|123002|113608|123068|123047|110065|128106|123007|128096|110064|113615|113595|113026|110063|128026|123067|127026|113572|128048|113598|128071|123061|128049|128144|113542|123084|110048|113550|128091|113585|128032|123057|113034|113036|128042|113563|128119|113561|113546|110056|123092|123093|113024|113012|113606|113014|128083|128113|113525|123083|113532|113604|128050|113588|128124|128025|113594|128022|128033|113524|128116|113577|113037|123048|113516|123103|113528|128133|110061|113559|110051|128132|113537|123056|123039|110067|127006|113042|128078|128069|113508|123066|123070|110038|113602|128018|110066|127005|128076|123059|127015|110043|128074|127012|110053|127025|123010|123075|123035|113011|113566|118000|123050|128056|123079|110073|128134|123077|123038|113621|113618|127023|123099|123054|123023|127016|110062|113607|113535|110055|123022|128125|123060|113504|127007|113548|113527|127017|128109|128046|123012|128070|127024|123094|123101|123025|123033|123028|113045|110059|113614|128117|113021|123053|128073|128138|128123|128137|113530|128121|127011|127013|113579|128142|113603|128118|113043|113575|123043|113013|110075|128087|127022|113605|113017|123091|123027|128129|123058|123104|128063|128111|113040|127003|123090|128079|128036|113611|113519|123014|110058|123071|128122|123081|128101|123044|110052|128072|123098|128103|123064|128035|113589|128135|123076|113596|113041|113025|128131|113573|123030|128044|113616|113619|128097|128014|128017|113597|123046|113569|128095|127021|113016|110045|128023|123011|123042|123065|113574|113545|113584|113509|128015|127019|128029|110076|128136|128037|123034|113543|123031|113582|113502|123072|127004|123018|113580|128030|113526|110044|123015|128041|123013|123029
2021-04-21,2021-04-20,128127|123102|113033|113610|127028|127027|123106|113609|123089|128013|123080|123097|113039|110072|123086|123087|128128|127018|113046|128081|128140|128145|123085|113568|128040|127014|123063|113549|113601|110071|128143|113565|128082|128066|123100|128051|128093|128107|123082|128120|123051|113570|113541|113591|113567|128039|123073|128090|110074|113620|110070|128034|113595|113600|113578|128130|113534|123062|123069|113044|110057|128141|123049|110077|128064|123004|123028|113612|123024|123074|128105|113505|128139|127026|123078|128129|113599|113572|113608|123061|128021|113576|128108|123068|110068|123054|128106|113030|113536|113542|123109|113027|127020|113532|128075|128053|123002|123093|123084|128094|123007|128032|123088|128022|128026|113026|110041|113606|113593|128096|128049|110060|123057|128144|128071|128100|123047|110063|128114|128091|113559|113598|123048|128124|110064|113036|128057|128048|123096|123052|113014|110047|113037|113546|110065|128033|123092|128116|123045|113604|113577|128083|127012|128076|113024|123067|128025|128042|128119|113525|113524|128018|123083|110056|113527|110067|123059|128133|123079|128123|113563|110061|113615|113561|123056|128074|110048|113588|113585|113516|123066|123077|127005|113528|110073|113012|127006|110051|128078|113607|113602|123070|128113|128046|123038|113508|123039|113594|113621|110043|128050|110038|127007|113011|110053|128109|127013|123060|113535|113034|123103|123108|123023|127025|128056|123010|110062|123101|123050|128125|128121|113042|113566|128073|127015|128134|127022|127024|127017|123043|123053|123012|128138|123075|113043|123022|127011|128118|113618|123033|123025|113548|123094|127003|113021|127016|118000|128137|128070|123035|113045|113530|128069|113614|123099|128132|113537|128142|127023|123091|128087|113013|128117|113040|110066|113017|110059|113622|113579|110058|123064|113504|113603|123104|110075|128036|113611|128063|128072|128122|113519|123071|123027|123098|123014|113619|128135|123081|128079|123044|110052|123058|123090|123076|128101|128035|113605|123030|128017|110055|128131|128103|113575|128014|113597|128097|113573|113545|113025|113616|128023|113596|113574|127021|113589|113041|128044|123046|113569|123011|123042|123065|110045|113584|128111|113550|128095|128015|127019|128136|110076|113509|128029|113543|123034|123031|113502|128037|113582|123072|123018|127004|113016|128030|113580|123015|110044|113526|128041|123013|123029
2021-05-06,2021-04-30,128127|113033|113610|128087|127028|127027|110072|123102|123089|128081|113039|128013|128145|123097|113549|123086|128051|123080|123063|128140|110057|110071|113599|113568|128040|127018|123082|128090|123100|123085|113601|128082|113565|113541|110074|113534|110070|128066|128130|128120|128128|128107|123112|128106|113567|123052|113044|128143|128064|113046|128057|128093|113591|123073|128141|113572|110077|128094|128139|128129|128039|128075|128034|113505|113606|123007|110045|127026|123087|113570|113536|123105|123109|113612|113620|123092|128105|113030|127020|123106|128025|110068|128021|110060|110063|113593|123078|123051|123049|113542|127014|128048|123068|128114|123047|128091|113600|113578|110047|113525|113546|128032|128076|113588|113577|113598|110064|123110|113026|123062|128049|123045|123002|123057|128133|128071|110041|113528|123084|113609|123067|123096|128033|113561|128096|110065|127029|110048|128050|128074|113037|128144|123088|123083|123061|128083|113604|123093|113615|123048|123004|123079|128124|123024|128018|113559|113532|113036|113607|127012|113563|123074|113585|128119|110067|123050|110043|113012|123069|123066|110051|113524|113014|123107|110053|113608|123038|128108|113011|110056|128053|110061|113602|128042|128078|113508|113034|127005|110073|123059|113024|128073|128134|113516|123060|110038|123090|113594|127017|127006|113614|113537|110079|123028|123103|127025|123075|128116|128046|123053|123056|113621|127011|128121|113535|123043|123035|113579|123099|127015|127013|123054|127024|123022|127022|123108|118000|113042|113548|123010|128137|128056|123025|113618|128100|113504|128026|113040|123064|123012|128022|110058|113013|123101|113530|123077|128079|113603|110062|123023|128113|128109|128036|123070|128125|123094|123091|127016|128123|123039|123098|127007|123033|113043|128135|113021|113566|128069|113045|128118|128072|128070|127031|123111|128117|113611|127003|123058|113519|110059|113622|113017|128101|128142|110075|127023|113605|128132|110066|128063|128014|128138|128035|123071|123014|113527|123104|128122|128103|123076|110055|123044|113575|113619|128097|113041|128131|128017|123011|128023|123081|113025|123030|113550|127021|113616|110052|123046|113597|113574|113589|113573|110076|128044|123042|113545|128136|113569|113596|113509|127019|113584|128095|128111|128029|123065|128015|113543|123034|113502|123027|123031|113582|128037|123018|123072|127004|128030|113526|110044|123015|113016|113580|128041|123013|123029
2021-05-11,2021-05-10,127018|127027|128127|113610|127028|113033|128087|123080|113039|123089|128013|110072|123102|128081|113046|123086|128051|128145|123097|110071|123063|128066|110057|113549|113044|123082|128140|123100|128106|113568|113534|128057|113599|123106|123085|113601|128040|128064|128034|128090|113600|128130|113570|110045|128075|127020|123112|123073|128143|128129|128107|110074|110077|113565|113505|113567|113541|113606|123007|128141|113598|113612|123051|123092|113578|128094|110060|123087|128120|110063|128105|128093|128032|128025|113026|113604|127012|110047|110041|128139|128048|113542|127026|113030|128039|123049|110068|123105|113572|128071|128096|110064|113609|123096|113561|128114|123002|123068|123004|128021|110070|123050|128108|113577|123048|128049|113623|123078|113528|110053|123109|127014|113559|113014|123110|128076|113585|113536|110067|123067|128119|123079|113593|128144|110048|113524|113037|113546|113012|110043|113608|113036|128083|128082|113588|127005|128074|113011|128128|113508|113024|110051|128042|113620|113591|128091|128133|110061|110056|123093|113532|113525|128046|123062|123069|127017|123035|113607|123066|128050|123074|113516|128124|110073|128134|113615|123024|113535|123061|123088|123083|110079|128100|127011|123059|123075|123107|127025|127006|113563|123070|113618|123023|128109|113504|128078|123056|127024|123054|113602|123057|123060|113034|128113|123084|123053|128026|113042|123108|123077|123028|123064|113621|128073|113614|123052|110058|127013|113013|127022|123099|110038|113579|123010|127015|123103|113537|113530|128072|127016|128125|123091|123090|123022|127007|128123|128121|110065|113043|123101|113021|123094|128137|128118|118000|123045|113040|110062|123033|128022|113519|123039|128101|123058|113548|113017|113611|113594|128116|128014|123038|128018|113047|127003|113603|128056|123025|110059|110075|123111|128097|128063|113566|123098|128135|113045|128053|128069|128132|113622|113550|128142|110055|128117|113605|127031|128017|123044|123071|123076|123104|113616|127023|128023|128138|123012|123011|110052|127021|128035|113619|128079|123081|113041|128036|110066|128131|128122|113025|113574|128033|127019|113589|113597|113573|113575|127029|128070|128044|113545|123046|113569|110076|123014|128095|113596|128136|113509|128015|128029|113584|113543|128103|113502|113582|123047|123030|123065|128111|128037|123042|123034|123043|123031|128030|127004|123072|123018|113016|113526|110044|113580|123027|123015|128041|123013|123029
2021-05-21,2021-05-20,110080|127027|128127|113610|128087|113039|113033|128081|128013|127028|123089|123080|123071|113591|113549|123097|127018|123086|110071|113568|128145|128066|123082|123102|128130|128034|123063|128057|110072|128106|123087|113609|123106|113044|113534|110057|128051|123051|128140|113612|110070|110045|123073|128129|128107|110077|123100|123092|123085|128040|113601|113541|113565|113505|123049|123109|128094|128090|128093|128141|128064|113599|128018|123112|128082|128075|113606|128074|110060|123007|123096|113026|113046|110063|128048|127020|110041|127026|110068|127032|110047|113570|128108|113577|123002|123105|113030|128120|123083|113578|110064|123068|128143|127012|113536|110067|127014|128096|113607|128124|113572|128021|123004|113037|128133|123062|123052|128128|123078|128119|113598|113508|113567|113604|128144|123050|110074|128071|113623|110048|123066|128114|128105|128050|110053|113585|113593|128083|113532|128046|113559|113528|123048|113014|128049|113036|128032|123067|127007|123110|123035|113011|128134|113588|113618|110061|110038|123074|128076|127005|110056|113012|110051|110073|113516|110043|110065|127025|128039|123075|123094|113561|113608|113602|113542|113524|113615|128078|127006|127017|123053|123024|127013|110079|123028|123079|113525|113600|127011|113537|113042|123088|127024|123107|127023|123061|123077|128113|113621|113546|123099|128042|123060|113043|123045|113563|123069|113620|123056|113614|113024|123091|123070|123090|123108|123057|123059|127022|123064|123033|123023|128137|128026|128116|123054|127015|128109|113504|128091|113013|113594|110062|123038|113530|128139|128073|128025|128125|113040|127016|113579|123025|123010|113034|128100|128069|113021|110075|113535|128142|110058|113548|113519|128101|123101|128063|128123|123022|113017|123111|113603|123113|110059|118000|123058|127003|123012|123098|128118|128121|127030|128056|128097|128022|113622|123044|113611|113045|128135|123039|113566|123104|123084|113047|128138|128132|113605|128014|113550|113589|128036|127029|110066|128117|128023|128017|113025|123076|128053|113041|128072|113616|123011|127021|128035|123047|128079|110052|113619|128070|128131|128122|127031|110055|113545|123081|128044|123014|113597|128033|113573|123093|110076|128136|113574|113527|123043|123046|113569|123103|128029|113509|127019|113584|128103|128015|128111|113543|113596|123042|123030|128095|113575|113502|123065|123034|113582|123031|128037|127004|123072|123018|128030|113016|113526|123027|110044|113580|123015|128041|123013|123029
2021-06-01,2021-05-31,128127|127027|127033|128013|110080|113033|128087|127028|127034|128081|113039|113610|113591|123089|110071|123080|123097|123105|128130|113609|123063|113568|113549|123087|128064|128145|127018|128106|128082|123073|128066|110057|123082|110045|123085|128034|123092|128107|123071|113505|123106|123102|128057|128140|128051|113044|128090|123051|113565|128129|113612|113599|123086|128040|113046|113570|128075|123007|110068|110072|123112|113561|113534|110077|128094|113536|128143|128093|123062|110060|128141|110041|110070|110064|113623|123049|123002|127014|123100|113030|127020|113572|128048|113577|113578|127026|113604|123004|128105|113601|128108|128120|113037|123024|113567|123052|128021|113606|110047|113026|128071|128096|128124|128100|123048|123061|113508|128076|113036|123074|123079|110063|128133|128144|113585|128050|128074|123028|128083|123078|113532|123088|128032|110043|123109|128039|110061|123096|110048|110053|113607|128119|128018|127012|113593|110065|110051|113598|110067|127032|128114|113011|113516|123059|123054|113012|123050|123045|123067|128046|113546|123110|123057|113014|128049|113588|128091|113602|123069|110073|128134|128073|113042|113048|127005|113542|127006|113528|113524|113615|123083|113600|113608|128078|123077|123053|113618|123035|127025|127013|113541|127011|128015|123066|113525|123107|128128|127024|123060|113563|123056|113024|110056|128042|127016|123099|123033|127007|127017|123023|128026|110079|123075|113614|123070|113043|123038|128116|110038|123108|113620|113535|123101|128022|128023|110062|123094|123012|127023|128139|113013|113504|123010|128123|128109|128025|127015|123091|113021|113594|113519|128069|123064|113579|118000|110059|127022|128118|123058|128137|128056|127003|128142|113017|113548|123113|113040|123098|113621|110058|128063|110075|113566|128121|128125|113034|123039|123025|113045|113603|128101|123044|128117|113530|113611|123090|127030|128132|128014|123076|123104|123084|128122|128036|113622|123047|123111|128113|128053|128135|123011|128138|113605|127029|113047|123022|113559|128035|128131|113550|113619|128072|113597|128070|128044|110074|128079|113589|128097|113616|123014|123081|127021|110052|127031|123093|128017|113025|113545|128103|123103|110066|113573|123043|113574|113537|110076|128136|113584|128033|123046|110055|113569|123042|128029|127019|113509|113596|113575|113543|123030|123065|113527|113502|123034|128037|128095|113582|128111|127004|123072|123031|128030|123027|113016|123018|113526|110044|113580|123015|128041|123013|123029
2021-06-11,2021-06-10,127027|128127|110080|128013|128087|113033|127033|128081|113039|127028|113568|123080|123097|110071|113549|128130|113610|123087|113505|127018|128141|123086|113591|128107|123063|128082|128066|128034|127034|123106|123071|128145|128090|128106|110045|128129|123085|128064|123084|128140|113601|113609|123082|128075|128143|113578|123092|113565|113044|123102|113599|123112|128040|123089|123051|110060|113600|110070|123073|113570|128057|128105|123024|113624|128048|128093|128094|128051|113536|110057|110072|123002|123048|110041|123069|113030|110068|127020|113046|110064|128108|123052|123062|113534|113606|123007|128120|123004|123049|123061|113577|123068|127026|113572|123088|113612|127014|110077|113037|113567|123100|128050|113014|128015|128049|128071|113508|128032|128119|113608|123078|123105|128021|113598|113541|128091|110043|128018|123079|110073|113026|128076|113623|113585|123045|113012|110047|128100|128039|113011|128096|110053|123074|123050|110058|110063|127012|123070|128083|113561|113604|113036|128133|113532|128144|113546|113607|123096|110048|110061|123028|113524|128134|110051|128074|128124|123077|113588|113528|123057|127032|110065|113593|123059|128114|123109|127006|113618|128073|127011|110056|113542|113516|128118|128128|123035|113602|128025|123107|127017|113042|128116|123110|127005|127013|113614|123053|123083|123067|113043|127007|110062|127024|113579|123075|123038|123060|113048|123033|110067|127025|128022|128042|113621|128109|113563|113615|123091|127016|110038|123023|127022|113040|128137|113024|113525|123012|128026|127023|123010|110079|128078|123099|113535|118000|128053|113504|128023|123094|113013|123044|123056|123108|113620|123025|127029|113021|128046|128069|123064|128139|128123|123081|128101|123101|128056|110059|113017|128063|113594|123098|123113|110074|128014|110075|113034|113566|128121|123022|123039|113611|123066|113603|123076|113530|127015|128125|113045|113519|128138|123104|128132|128117|128142|128036|127030|113548|123090|128122|113622|113047|123111|123058|113605|113597|128113|113559|113619|123011|128135|123047|113589|127031|128072|128131|128035|128070|127021|113550|110052|123093|113573|113616|110066|113537|123103|128033|128029|128044|128017|128079|123043|113025|128097|128103|128136|113574|123042|113545|110076|113596|110055|113502|123054|113575|113569|113584|113527|123030|123046|123014|127019|113543|113509|123065|123034|113582|128095|128037|128111|127004|123072|123031|128030|123018|123027|113016|113526|110044|113580|123015|128041|123013|123029
2021-06-22,2021-06-21,128127|127027|128013|110080|128087|113033|128081|127035|127033|111000|127018|110071|113610|123086|123087|113505|128107|127028|123097|123080|123085|128130|113609|128143|128082|123063|113048|123092|128129|113549|128140|113568|127034|128141|128066|128075|123102|123106|123089|113591|123084|113624|123062|113601|128034|123071|123082|128094|123069|113565|128051|128040|110045|123024|113570|128145|123073|110041|128090|123051|110070|110060|113528|123061|128057|128064|123112|110057|110072|128108|113608|128105|113612|113541|113578|123007|113536|113044|123004|113030|127020|123048|128048|128018|128093|123002|113039|110064|128076|113567|123074|128106|123079|123078|128023|113572|127026|123088|110068|123068|113599|128071|123052|113014|113036|113508|110067|128120|113600|123077|123049|113585|127014|123096|113606|123059|128074|110043|123045|128091|113046|128015|110051|123100|110077|128119|113623|128100|113542|128050|113037|113011|128124|110058|123105|113604|110063|128096|128032|110053|110047|113524|113026|128049|128025|128134|113561|113546|110061|128039|113577|127005|128116|123110|123057|128083|113607|123050|127032|113618|128128|128021|123083|128118|127012|128144|110073|128133|110048|113012|123028|110062|113593|123023|128042|123035|127022|113532|113516|123070|127011|123067|127006|128109|113598|128073|123038|110056|128114|128046|123091|113588|127025|123044|123109|127013|113602|113024|123060|128137|123033|113525|128053|113043|123075|113563|127017|113042|127024|123012|113579|113615|123107|127007|113621|128121|128069|128078|113614|123053|123010|113034|113013|123099|113504|127016|123076|123066|127029|113040|123101|110038|123108|128139|110079|118000|113535|123098|123064|128063|123039|113530|123025|128123|128056|110075|113021|110059|123081|123111|113519|128122|123113|113017|113620|113047|123047|123056|128014|127030|113045|113566|123022|113603|128101|128125|123103|127021|113619|113594|128138|110066|123104|128131|123054|128035|123094|127015|123090|128132|123114|128117|128017|128142|113597|123011|128113|113534|128070|113622|128036|113611|113616|113548|128033|128029|128135|113545|113550|128072|123093|128079|113573|127031|128103|113605|113025|113589|128136|110052|123042|128044|113537|123043|110074|113575|123014|123030|113502|113574|110076|113569|113596|110055|113527|127019|113543|128097|113584|113509|128026|123034|123046|123065|128030|128037|113582|128111|127004|123031|123018|123072|123027|113526|123015|113580|110044|128041|113016|123013|123029
2021-07-01,2021-06-30,128013|128127|127018|128087|127027|113033|110080|113610|123106|110071|127035|127033|111000|113609|128081|123087|127028|128082|128130|128107|123063|128129|123082|113039|113568|123097|123086|113549|113048|128037|123089|127034|128094|128066|110072|128141|128075|123080|128143|113601|113591|128034|110045|123071|128145|113505|113014|123084|127020|110041|123069|113565|128064|123073|128090|123085|113044|123062|128057|110057|113536|113578|123092|110060|128040|128140|113030|127014|128051|113541|123112|113606|110043|123061|113577|123048|123051|113608|113046|128018|128048|113570|113572|123096|123078|113528|123068|113567|110070|123052|110067|128105|128106|110068|113607|128108|110077|113026|128071|113612|123024|113624|128091|128076|127026|113599|123074|110051|113508|128050|123049|123100|110047|128096|128120|123004|110064|110053|113598|123002|110063|113618|113011|123088|123045|128124|128119|123050|128100|128025|128074|123028|113036|110061|128133|123105|128083|128144|113623|110073|113604|123060|128109|128093|127005|123059|113524|123102|123035|123057|123023|113012|127012|113561|113600|113037|127006|123077|123098|128039|123033|113546|128042|128049|123083|128134|127011|128026|113588|128114|128021|127032|113614|123038|113532|123070|113563|113542|113516|110048|110062|123079|128015|113525|123109|110056|123091|123099|113585|113593|127025|128046|113042|113040|127007|113013|113043|110058|123107|127029|128137|113579|127022|123101|123012|123075|113024|128116|128073|123081|128121|128022|123076|128023|110079|127024|113602|128053|127017|110038|123108|118000|123047|113621|128078|123110|127013|127016|123053|123010|113620|128069|123064|128118|113619|113603|123113|128139|127036|128014|123056|113615|123011|128101|110075|123111|113021|113535|110059|128123|128063|123104|123090|128035|113045|123044|123114|123093|128056|113017|128128|123039|127030|123115|123025|128125|128033|113519|127015|113530|128122|128032|123022|123066|110052|113504|128079|128142|113622|113594|110066|123103|113566|127021|113616|127031|128036|128131|128132|128070|123007|128136|128103|128138|128117|128029|123067|128017|113597|113047|128072|128113|113605|113611|113034|123042|113589|128135|113548|113545|110074|113550|123014|113575|113573|123043|110076|113537|123094|128044|123030|113025|113502|110055|113534|113543|123054|113569|113574|113584|127019|113596|123046|113509|123034|123065|128097|113527|128030|113582|127004|128111|123018|123072|123027|123031|128095|113526|113580|110044|123015|128041|113016|123013
2021-07-13,2021-07-12,128127|128013|128087|127027|113033|127018|110080|128129|127034|128081|110071|128107|128130|113609|110072|127028|128037|128034|113610|113549|128066|123082|123080|127035|127033|123087|128082|113591|111000|113039|128057|123097|110057|110060|123063|123084|123086|110041|123092|128145|128094|128040|128100|128140|128075|128090|127020|113044|127026|113505|113570|113048|128141|123106|123096|128143|123074|110043|123068|123071|128106|123073|123112|113541|113572|110068|110070|128048|113601|128105|127014|123049|113578|123062|110064|128108|123024|113600|123048|113577|113014|123051|113608|113565|113567|123085|110045|128133|113607|128026|113030|113536|110051|123052|123061|128071|123023|113026|123045|113568|128120|123002|113561|110067|110063|123004|110047|128096|113011|113606|123028|128076|113036|113046|113599|123057|128119|123078|113528|127032|110061|128134|128083|113624|128018|110053|113598|110077|123050|128046|113546|128124|123105|128091|127005|123116|128039|113612|128025|113508|123089|113604|113524|123059|123088|128042|113516|113050|128015|127012|123010|123083|113037|113563|110073|127006|128049|128073|113585|128144|113532|128023|123075|113525|123077|113012|110056|123098|123038|127022|110062|113542|128109|127029|113614|113625|113593|113623|113588|110058|113013|113024|123070|127025|113618|123107|127011|123079|128021|123091|123012|128139|128137|127013|127024|128053|123025|113535|123076|127016|128121|127007|128014|123053|128074|123011|113579|113043|113603|113602|128064|128078|123099|128116|110048|127017|123035|128114|128051|113042|123109|128022|123081|123113|110075|128069|123060|123108|123104|123044|128050|123100|110038|123033|113021|123101|110079|110059|128063|113615|123103|123022|128118|113594|113620|128093|127031|110052|128123|123064|128072|128056|113045|123117|113530|128101|123056|128033|127037|113619|113017|123102|128128|123110|113504|113597|128035|128125|123111|118000|128122|128079|123039|127036|113566|128142|113621|128132|113622|127015|123115|128131|123093|128036|127021|113545|123090|128138|128070|128103|123066|128113|113616|113519|128017|123069|128117|123114|123042|128029|110066|128136|113589|113537|123014|113550|113049|128135|113034|113605|128044|113573|113548|127030|113047|110055|113534|113502|110076|123067|123043|113569|113575|123007|123054|127019|113025|113596|128097|123030|113509|113584|123034|113574|123065|123046|123094|128030|110074|113527|123047|127004|123018|113582|123072|123027|113526|123031|113580|128095|110044|128111|113016|128041|123015|123013
2021-07-21,2021-07-20,128127|128013|127018|113033|128087|110080|127027|110071|128107|113609|127034|128129|128081|123087|127035|113039|127028|113549|128066|113610|123097|110060|123082|128075|128130|123063|128141|127020|127033|128034|123080|128037|110072|113591|110057|111000|110041|113048|123096|128048|123071|123112|113568|113044|128090|113505|128106|123086|123051|110045|123106|128057|123092|110043|110070|123084|128040|123073|123105|128145|113541|123068|127026|113572|128071|110068|128105|113528|113606|113536|113607|128143|113567|123024|113599|110064|113570|113578|128108|113014|128133|123085|128100|127012|110051|113030|113565|128134|113011|123062|113577|127014|123061|123052|110047|123023|123048|123002|110067|128018|113026|110063|123004|113601|113600|127005|123110|110061|128096|123049|123083|128026|123078|127032|113588|128094|113608|113508|113046|128140|123070|110077|128120|113598|123100|128119|113546|113561|128039|123088|110053|127011|113012|123057|113516|113036|128073|123089|113624|128109|128082|123045|113524|128083|127006|128076|113563|110073|128042|110056|128144|128091|127022|123091|128064|113614|123060|113013|123116|113050|128025|113532|113603|113612|123059|123028|113037|123050|123035|123075|128137|113604|128049|113625|127025|128121|113535|113618|123010|128074|113593|113602|123077|123025|128078|123056|123012|110062|113525|113024|113043|123099|128015|128014|128021|113585|128114|113542|128139|123113|127013|128116|127024|127016|113579|128125|127017|110075|113623|123038|128046|110058|113042|123053|123066|127007|123109|110048|123098|128051|123107|128063|123108|110059|113621|128124|127031|128023|113021|128053|113594|110079|123022|123076|128033|123081|123011|123033|123101|128056|127029|110038|123079|128069|128123|128022|113616|123044|113615|123111|123064|113597|118000|128122|127037|113017|123115|128072|128035|123103|113045|123093|128101|113530|123117|128128|128131|123114|128142|113550|113566|127036|113622|123069|113620|128132|113619|123074|128079|123090|110052|128113|113545|110076|123102|128017|127021|128103|123054|113519|127038|128093|113537|128036|127015|128118|123039|113049|128138|113504|128029|128070|113589|127030|128136|123014|113502|113034|123042|128050|110066|128135|113527|113605|128117|113534|128044|113548|123094|113575|127019|128097|123067|113573|110055|123043|113569|113047|113596|113509|113025|110074|113584|123034|123047|123030|113574|123046|123065|127004|128030|123018|123027|113582|123072|113526|128095|123031|113580|128111|113016|110044|123015|128041|123013
2021-08-02,2021-07-30,128127|113033|128087|110080|128100|128130|113609|113610|128107|127027|127034|127028|128129|127035|123097|123082|123118|123063|110072|110071|123080|128075|110041|128081|128034|128066|128141|113039|128037|128057|127020|127018|110057|123084|113549|110043|113541|113591|128090|123106|113044|128048|128145|123086|123112|128040|111000|123073|110060|128143|113030|128026|123024|113599|113607|123062|127033|123052|128133|113536|128039|113570|113567|110070|123087|113011|128108|110045|128106|127039|110068|128119|123068|113048|113572|123096|123098|113565|113577|123002|113014|123023|113505|110063|128096|110077|128071|113525|113528|127026|123061|123048|123085|123028|110047|113026|128105|128120|110067|123051|113563|113606|113546|127005|127032|113578|127014|128042|113561|110061|113524|123057|128018|113624|113608|123059|110056|128134|123049|113036|123100|110064|110053|123004|113568|128073|128083|128094|128140|123078|127012|113600|113598|127006|113516|128076|123110|123092|113614|123038|123088|113012|127022|113601|113050|128074|127025|113046|123113|123091|110051|123105|113588|113024|113593|127024|128082|113013|128109|128033|123071|123116|123109|110062|110073|128014|113602|128049|123075|123045|113604|113535|128025|128131|113612|128091|123011|113618|113502|113579|123076|127029|123050|128121|113043|113532|127013|123083|113037|128144|127011|113585|128078|123010|128116|123077|123012|123107|128023|113051|128015|128137|123060|113542|128124|113042|113623|113603|110058|123108|128063|127017|128021|110075|123035|123053|127016|123090|123102|127007|128128|128139|128072|128051|128122|123099|128056|113619|113527|123069|128123|128069|113625|128017|123056|123089|128114|110059|113021|113530|128035|123064|123104|113626|113597|128097|113017|113045|128101|123044|113550|123093|128125|123054|110038|118000|128079|123022|127031|110048|123014|128029|123111|113566|113504|110079|128113|123070|113594|128142|127036|113615|127037|123115|128103|123101|113616|123025|128117|128132|128046|113622|113545|123081|128036|127021|123103|123117|110052|113620|123114|128070|113519|128118|128138|128050|127015|123042|123043|113034|113537|110055|128022|113605|110076|127038|113573|128135|128053|123039|127019|128044|128136|123074|113047|113589|113575|110066|127030|113621|123094|113569|113049|113534|113574|123030|113596|123034|110074|113584|113548|113509|123065|123067|113025|128030|123018|123047|127004|123046|123027|128093|113526|123072|113582|113016|113580|128111|128095|110044|123015|128041|123031|123013
2021-08-11,2021-08-10,128127|128087|113033|110080|127027|128130|127020|128129|113609|127028|127034|128107|123082|123063|128066|128081|110072|113039|128034|128037|110041|123118|123097|128141|113591|113044|110057|128057|128106|113549|113037|113570|113565|128075|128145|110071|123080|127018|123106|113599|113541|110070|113011|111000|113014|113610|128040|113567|123062|128048|123112|128143|128108|110043|113607|123024|113048|127033|123087|113505|113578|128090|113536|123068|127039|113030|110068|128026|110047|113012|110053|123023|110063|123028|110045|128076|123085|128119|123096|123051|127032|128071|123086|110060|127005|113608|113577|127035|123088|123057|123084|113026|128120|128096|110067|113561|113516|123098|123002|128140|123071|123052|128105|113563|128133|113546|128042|123073|128039|113524|127006|113535|113624|113036|123004|113604|110064|123049|123109|123050|127014|113601|128073|113600|123110|128091|128094|123077|128049|123059|110056|127012|110051|127026|113013|113568|113614|123045|123105|128134|110061|113024|113050|110073|128033|127029|123011|113532|113606|128078|128109|123075|128083|113598|110062|128014|123038|123061|128025|113602|127022|113612|113525|113046|123107|123116|113593|123083|113579|128023|113618|127011|123091|123010|113588|128116|128018|113051|123078|123099|123089|127013|128121|128144|113043|123035|128137|123092|128015|123100|123076|127024|113042|128063|128074|127025|123044|123108|128082|123048|113585|113530|113623|113542|118000|128021|123012|113594|110058|123060|127031|127016|113603|110075|127041|123113|113550|123090|128124|127007|113502|128139|113626|123102|110059|113021|128056|128069|128131|113627|123115|128072|128125|123054|123070|127040|123053|113017|127017|113619|110079|123025|128128|113625|113572|113615|113597|123104|128114|123064|127036|128123|123069|128100|113045|128142|128079|128017|127037|110038|128122|113527|123101|113622|128135|123119|123111|123022|128035|113519|113620|113566|113528|123074|113616|128036|128053|110052|128050|128070|123014|128132|128138|113504|128022|127021|123056|113605|123043|128136|128117|127015|110048|128103|128029|123081|128118|113545|128097|113621|123103|123039|113573|110076|123093|110055|113047|113034|127019|123117|128046|127030|113589|123042|110066|123114|128044|127038|128101|128113|113569|113575|113049|113537|123030|113596|113584|123094|113574|110074|113548|123034|127004|123065|123067|123018|113534|123046|113025|123072|113526|128030|123027|123047|128111|113016|113582|128093|113580|110044|123015|128095|128041|123031|123013
2021-08-23,2021-08-20,128100|128127|128087|110080|113033|127020|128130|128129|128081|127027|113609|113610|123097|127018|127034|123082|113549|128037|123118|128107|123106|123024|113048|128141|128034|128066|128075|113570|113044|113591|123063|123080|127028|128057|113567|110041|113039|113505|123087|123068|113011|113037|113541|110070|128145|110047|110057|113014|110063|113599|123062|113536|110043|111000|128106|128048|128090|128108|128076|128026|128094|113577|110060|123112|110045|110073|128040|113565|128140|113607|123023|113561|113030|110068|110067|127035|113578|128119|123002|127033|127012|110072|128143|128042|123059|127032|128105|123045|110071|123071|127039|113516|113026|123110|123052|127011|110053|113593|128120|113524|123085|128039|113024|113046|127005|128071|110077|123028|128091|128018|110061|128014|128096|123100|113525|113546|128133|123096|128073|123051|113050|127022|123091|123004|123049|123088|123098|113614|123109|123061|123083|127026|128033|127006|123086|110064|128025|127014|113036|113608|113532|113013|113604|113585|110062|110056|123075|113051|113527|113606|123010|113602|128134|113043|123105|123073|123077|113598|113623|128049|123050|123044|123038|123057|128116|128109|123078|128137|128083|113535|113601|123048|113588|113600|128144|118000|123099|123092|110051|123116|123076|128121|113624|110081|113530|127025|113550|123035|110075|128132|123011|113603|113042|128078|127029|113579|123107|123113|128063|113572|128021|113502|113504|127024|127041|128023|127040|123108|113528|113618|113563|123084|127017|128056|127036|123101|113626|110058|128053|128122|128128|127007|127037|113627|123025|127013|110059|123089|128035|123054|127016|113568|128015|113622|113625|123074|113021|128074|128072|123115|128082|128079|123102|113542|110079|128123|123022|118001|123090|128069|128101|113017|123070|128029|128124|123060|110055|123119|128097|113045|113597|123111|123053|128114|128142|123104|128139|128131|113615|128125|113619|127031|123069|113566|128036|113594|128022|113605|113519|123014|123056|110048|128070|110038|123012|113616|110052|123043|128046|127019|128118|113621|128017|127021|113620|128113|128050|128138|127015|128135|127030|128136|123081|128103|113573|110066|123064|113545|128117|123042|127038|123114|113589|123039|128044|113047|113049|113575|110076|113569|113537|123117|123093|123103|113034|110074|113596|113584|123030|113548|113574|127004|113534|123067|123018|123065|113025|123034|113526|123027|113016|123046|123072|128030|123047|113582|128093|128111|110044|113580|128095|123015|128041|123031|123013
2021-08-31,2021-08-30,128100|128127|128087|110080|113033|128129|128130|113044|127018|110043|128037|128034|113609|128066|127020|128107|128048|123024|127034|123080|127028|113011|110041|113505|128075|123063|127027|128108|123073|123097|113516|113037|113549|113591|123062|128063|123118|128081|128057|110057|113570|113610|128143|127012|110047|110068|113541|113014|110063|128026|110045|128071|110072|127039|113536|128141|128076|123082|110079|127032|110053|123071|113567|110073|128090|113546|127033|123106|123002|113577|110060|113578|123068|123105|113607|128040|110070|127005|110077|123045|128119|128133|110067|128096|123098|113036|123023|123028|128106|128145|123049|113050|128042|123109|113524|113026|113598|128091|110061|128120|113030|123059|113565|113013|123100|128049|128039|113561|127035|113600|123110|113599|128073|123088|123051|128105|127026|128014|110064|113039|127006|123010|128140|113585|111000|123004|110071|113051|113502|113024|128116|113608|123087|113532|123061|110056|123053|123083|113535|123052|127014|123085|123096|128094|110051|123050|123112|127022|128023|113606|128033|123084|123075|128083|113043|113603|128121|110062|113602|113614|113588|128025|123107|123086|110075|123116|123077|128074|128078|128134|113604|123091|113046|113593|113530|123057|127024|113601|123099|123022|128015|123038|123108|128018|127025|113042|123078|128053|127007|113525|113624|127016|123044|110058|128035|123048|127036|113597|127041|127017|113048|128056|128137|123101|128021|127011|113618|113017|113542|123054|113563|123011|127013|113579|110038|128072|128079|113021|113504|123076|110059|113627|128022|128123|128144|113623|123092|118000|123104|110081|128097|123035|113622|128029|127037|123060|128109|123113|128069|128124|123111|128132|128122|123012|123115|113594|123014|113045|113566|123089|128125|128142|123090|128070|113550|110055|123025|113616|123070|128036|127029|123074|123119|128131|127031|113519|123043|127040|113568|113605|128101|113625|113527|128139|127021|113619|127019|113626|128138|123122|110048|128114|110052|123056|118001|123069|128113|128128|128118|123064|113620|113621|128135|128044|128103|123039|113528|123121|113615|128046|113573|123120|128082|128136|127015|128017|128117|113589|113575|123081|123042|123114|113545|113569|113537|123093|123117|110076|123103|113049|113047|127038|110074|128050|127030|113574|113584|123102|110066|113596|123018|127004|113034|123067|113534|123065|123034|113526|123047|123072|113548|128093|113025|128030|123027|113582|110044|123046|113580|113016|128111|123015|128095|128041|123031|123013
2021-09-13,2021-09-10,128127|128100|128087|113033|113044|127042|110080|128066|128130|127034|123097|128143|113570|128129|113591|128107|128037|113610|123118|128063|113609|128034|113505|123028|110057|113607|128026|113037|123080|127028|128108|128141|110043|123082|123063|127027|113011|128048|113026|128075|110072|128057|123098|123024|128133|123051|128119|113549|113546|113541|113567|123062|113577|123073|128090|110079|123112|128106|123002|113536|127020|128145|128040|110077|128091|113516|113600|113598|123106|110047|110045|127035|110063|128081|128073|110068|128071|127005|113036|123061|128096|110053|123023|113599|113565|127014|127018|110067|113524|123087|123045|128049|110064|113050|123004|113024|113561|110073|127006|128076|123078|123049|128039|127012|110041|113532|123100|127032|127026|123110|110060|123105|111000|113535|113606|128033|127039|113039|123050|123059|113593|123057|128025|123096|123085|128120|113608|128144|113013|110071|128014|113043|110061|123052|123083|127022|128042|113046|123109|123088|127041|113585|128121|113030|113578|113588|113042|123038|128078|128105|110058|128094|113502|128134|113602|123071|128083|110051|127033|127025|123107|110075|128015|123010|113604|128018|113051|128021|110056|123077|127024|113017|128074|128056|113542|123075|127007|110062|113603|123108|127016|123068|128053|128140|127013|113614|127017|128023|113530|110038|123086|113624|113563|123048|123116|123123|123091|128109|113021|123044|110059|123053|128132|113618|113579|123099|113623|123054|128079|123060|128137|128035|128022|128122|127019|113619|127036|110070|113601|128116|127045|128123|128072|127011|127040|128124|113622|128069|123076|113504|123115|128142|123014|128082|127037|123035|123104|113597|118000|123124|113048|127031|110081|113045|110052|128036|123012|113627|113527|123113|113566|128125|113550|128101|123011|113616|123090|123022|123084|113594|123025|123089|123039|123101|113519|123111|118002|128097|123070|128131|123074|128070|113626|123043|123056|127021|123122|113625|128114|127029|113568|123092|128138|123081|128113|123119|128135|128139|127015|128118|113621|128044|113605|118001|123121|113620|128103|128029|128050|128136|123042|113589|110055|113573|123103|113537|110048|123064|123114|113575|128128|128117|123093|128046|113545|113049|127038|110076|113525|113047|123120|113615|113528|128017|113569|123117|110074|113584|123069|113574|123102|127030|113596|127004|123018|113034|123065|123034|110066|123047|123067|123072|128093|113534|123046|113548|123027|113582|128030|113025|110044|113526|113580|113016|128111|123015|128095|128041|123031|123013
2021-09-23,2021-09-22,128100|128127|128087|113033|113628|110080|113591|127018|127042|128037|128066|127028|113044|128107|127034|128129|128130|110072|128034|127020|113609|123082|127027|128075|113610|123080|123097|128143|128040|123063|128063|113607|110063|128026|110047|110057|123112|113505|113570|113567|113535|123024|110043|128133|123073|113037|113516|128108|113541|128141|128048|113599|113600|123118|113598|123062|123023|110079|123002|128120|128057|110064|128071|113036|123098|113546|110077|113565|113577|128145|128039|113026|113536|128090|128073|110068|128106|127033|113011|123049|128076|123106|128091|128049|128144|123100|128081|128025|111000|128119|110045|123096|123061|128096|113024|127026|113561|123004|113532|123087|123110|123045|128033|113524|127014|123010|127032|128014|123078|110067|128042|123059|127022|127039|110051|113608|113549|127012|113578|123109|113030|113050|128105|110060|110070|123105|113585|128094|128078|110073|113606|113502|128109|127006|113588|123099|123085|127005|110053|123050|113013|128116|123048|113593|123088|110058|110071|128140|113618|110056|113043|128083|128056|128021|128123|113614|113602|123075|113017|127016|127025|128121|123057|127019|123077|128134|123044|110062|123060|113046|123086|123038|113504|110075|128137|123116|113604|123083|127007|127035|123091|128023|113563|127024|123107|123054|128015|113579|113542|128132|113042|123053|123025|128053|128079|113530|123043|123014|127041|110038|128074|123035|127013|113623|113624|127044|123108|128101|123022|123123|113527|128124|113601|127017|113603|127036|113627|127037|113039|110061|127045|127011|128069|128035|127031|128036|123115|128122|113550|123074|123122|123113|128097|128072|110059|113021|123076|110081|127040|113619|123070|123011|113045|113566|128139|127029|113597|123084|118000|113519|123052|128142|123071|128131|113622|123111|110041|128029|128070|113594|127015|123090|123101|118002|128022|123012|113616|123104|128125|113048|128135|113626|123124|123039|110052|123119|113621|128138|113051|118001|113047|127021|123056|128118|128082|113625|128114|123121|128113|113620|123114|128044|123081|123120|110055|113537|128117|128050|113605|113589|128103|123089|113573|123092|113528|113615|113049|127038|113575|123064|113545|128046|123117|110076|123093|128136|123103|113525|113569|110074|128017|123102|110048|113568|123042|127030|113584|113574|123069|123065|113596|123018|128128|127004|123034|110066|123067|113034|128030|128093|123072|113548|123027|113534|113582|113025|110044|123046|113526|113016|113580|128111|123015|123031|128041|128095|123013
2021-10-08,2021-09-30,128100|128127|128087|113033|110080|127042|128130|127027|113591|113044|128037|113628|128107|127020|128129|113610|127018|128075|113607|128133|128066|113609|113505|128108|127028|123082|128034|113549|128081|127034|113024|110070|128106|128143|128057|113565|123118|113037|128026|128040|123080|123063|110043|128025|123098|113570|110077|113536|123023|110047|123112|110079|110063|113567|113541|123125|128145|110072|113011|128090|127035|128033|123097|128048|110057|113577|113026|113030|113516|123087|128141|110045|128039|123073|128073|123002|111000|128091|113600|113585|128071|123062|123106|110064|127014|113546|128076|128094|123100|113036|127012|123050|123024|127033|123045|127032|123061|113532|123049|123085|128144|110060|123052|127026|128096|123084|113599|127039|128078|127029|110067|113013|113598|128116|123110|110056|127005|110068|123004|127022|113050|110071|110073|113606|128120|113614|128105|123059|128049|128063|128119|110053|128140|113593|113527|113502|123010|128097|123096|123038|113579|113046|113524|113535|113561|128014|128109|123053|110062|128121|113588|127011|110051|127024|123057|113048|123105|123116|113578|128137|113602|113043|113618|123107|123109|123108|123048|123078|128082|127006|128021|123074|123014|123099|123060|128134|113608|127025|113603|110075|128042|113042|123086|127017|123088|113017|127045|128053|110058|123035|128083|123054|123091|127016|123071|123077|123012|113623|128079|123075|110038|113047|128056|113604|127040|113563|127007|123115|123043|127044|123111|127041|113542|113601|127031|123123|113550|128142|123022|128015|113537|128036|128074|110061|127036|123028|113626|127037|128123|113504|113624|123104|128132|110081|113021|110059|128122|127015|128135|128103|123025|123044|113627|113530|113519|128023|123122|113621|123083|128101|128124|128035|113051|113039|123113|118002|128069|127043|123070|123039|113616|123120|113622|123011|123124|128029|113045|113619|128114|123119|113566|128046|118001|128131|123090|128070|118000|127013|113615|123101|110052|128138|113625|128022|128139|123076|113594|123114|128125|113545|123121|128072|128113|113597|123092|110074|123056|113620|127021|123103|113605|123117|123064|128118|128044|110055|128136|127019|123069|113575|127038|113568|113049|128017|128117|123089|113589|113525|128050|127030|113573|110076|123042|128128|123081|113528|123102|113034|110048|113569|123093|123018|113574|113584|110066|123067|123065|128030|113596|123034|128093|113548|127004|123072|123027|113580|113534|113025|113582|113016|110044|123046|128111|113526|123015|123031|128095|128041|123013
2021-10-12,2021-10-11,128100|128087|128127|110080|113033|127027|113549|127042|128037|113505|128107|113044|128130|113591|128066|113607|127028|127018|128141|128075|113610|128129|127020|113026|113570|123082|110072|128106|123073|113628|128133|128034|113609|110063|110057|123063|128108|127034|128081|113565|110047|123112|113541|113037|123118|110077|128040|110079|123097|123080|128143|128026|113536|127035|123125|128025|123023|128090|113516|113567|110043|113577|128144|110070|113024|110045|123106|123100|128091|113011|123087|123098|128057|113030|128145|128039|113600|123062|128071|123002|110064|111000|128073|127033|113532|128076|110071|123081|128033|128094|128048|123024|123045|113546|127029|113048|113036|127039|127032|127012|113599|128078|128120|113050|113585|127014|123085|113013|123061|127026|113588|113606|128121|123096|123049|128116|128049|113598|110051|123071|128063|113614|127005|123004|110073|110068|123052|110060|128119|123110|128082|127022|123050|123078|113579|110053|127011|110067|128105|113524|113535|123105|123059|113561|127006|128109|113608|113602|110062|127024|123109|113046|113578|123084|123038|123099|128021|123107|123057|123053|128042|128140|113593|123010|128014|123116|110056|113603|123108|110075|113043|113042|128134|113527|123060|113623|128097|110061|123086|123077|123075|113502|127016|113017|113601|128137|127025|128053|127040|123091|128083|123074|113618|123012|127045|127017|123111|128056|128074|123048|113542|113563|128079|128096|123014|123035|113604|128036|113051|127007|123083|128142|128015|113504|110038|127036|123054|123043|123088|128123|113621|113619|123115|123123|127041|127037|127044|113021|128122|110059|110081|128114|113550|127015|123025|128023|128132|113624|113626|123039|113519|113045|123022|128103|113047|123028|113627|128135|123104|128069|113530|128124|128035|128022|128101|110058|127031|113620|123122|113566|123113|123044|118001|127043|123056|113616|118002|128029|127013|113622|128131|113039|128139|123090|123101|123070|123011|123120|128138|123119|128070|128046|113615|123076|110052|123124|113594|110074|128125|113568|110048|123103|113545|113605|113597|127021|128072|123114|118000|128113|123092|113537|113625|127038|128136|128118|123121|128044|128050|127030|123117|123064|128128|113525|113575|113589|127019|110076|123089|110055|128117|113573|113049|128017|113528|123069|113034|123102|123093|123018|113569|123042|123067|113584|123065|113574|110066|113596|128030|123034|128093|127004|113548|113580|123072|123027|113025|113582|113534|128111|110044|113016|123046|113526|128095|123031|123015|128041|123013
2021-10-21,2021-10-20,128100|113033|128087|110080|113044|127042|128127|128130|113591|127028|113609|127027|113610|128066|128129|128107|128037|113628|128075|127018|128106|128034|113607|123082|128081|128143|123063|123080|113505|110072|113037|127020|110057|110070|127035|127034|123100|128145|110045|113549|110043|123118|123073|110063|128040|123112|123097|113011|110077|113026|113546|113570|113541|113516|128091|110047|123106|128133|128144|110079|113577|127029|110064|123062|113565|123087|128090|128094|128057|113567|123125|111000|128048|110068|128039|113536|123023|127039|127026|110060|128141|128073|128071|128033|123098|128025|128120|113050|127033|127012|123002|123024|123085|128108|127032|123107|127005|123061|113036|128116|123045|113030|128119|123105|110071|113532|128076|123057|113013|113598|128078|123110|128105|110053|113588|128140|128063|123081|127014|113524|110073|123050|113599|113535|123109|123086|128121|123126|123049|113585|127006|123004|128021|123078|113614|123096|128026|123059|113024|113602|123111|113579|110058|113606|127022|110056|110067|113600|113608|123099|113593|110062|128049|113561|127024|110051|110075|123052|127017|113578|128074|128134|128096|123074|127045|113042|128097|123048|128109|113601|113043|123038|113048|113619|110061|113046|123091|128137|123010|127016|113502|128053|123012|128083|123077|123108|123060|113604|128042|128056|123116|123053|113623|128079|118002|123123|123035|128014|128036|123075|113563|113017|113620|123039|123084|127036|128114|113618|128142|127011|127040|123014|123043|113527|128122|113039|123088|128046|123115|113542|123071|128023|110038|123054|128035|113021|127015|127037|128124|128015|113051|128123|110081|128082|113603|127044|123025|110059|113624|123124|127041|123122|127007|128069|123101|128022|113530|113626|123076|113622|113047|113550|113627|128132|123022|113045|123044|128139|123103|127013|113616|123090|128135|113566|123011|113621|128029|128101|123092|123104|128138|123119|123056|128070|127031|113504|123070|113519|113615|128072|113597|128131|127043|113594|113545|128113|123120|110052|123121|118001|123113|123083|128118|123028|123114|128136|128125|123089|113605|113625|118000|110055|127019|128044|128128|113537|113575|128117|127038|127021|128103|113589|110048|123064|113049|123117|113573|110074|127030|113568|113525|113528|110076|123018|123093|113569|113034|128017|123042|128050|113584|123065|113574|110066|113596|113580|128030|123034|127004|123072|123067|128093|113025|113548|123027|113582|123046|110044|113526|113534|128111|113016|123031|123015|128041|128095|123013
2021-11-11,2021-11-10,128100|113033|128087|113044|128129|113591|128107|128034|128066|113609|128127|128130|127028|110063|110080|110047|127042|128037|110057|127020|113505|123080|113607|128106|113011|128145|128075|113610|127027|123118|123073|113037|123063|110070|128081|123097|128121|128048|113570|110043|110079|128143|113549|128040|127034|128091|110068|113628|127018|127005|128090|113026|113601|123098|110077|110053|110045|113516|110058|123082|127032|113565|110060|111000|113536|128073|123099|127039|127006|110071|128119|128071|128141|128133|113598|113527|113050|128076|123024|123002|113030|127033|123125|123004|127014|123107|113024|123106|113567|128025|113577|128039|113013|113532|123112|123045|113602|123062|127012|128108|113600|113599|113036|128097|123100|127035|110067|128144|123087|110064|123096|123023|110072|113524|128120|113546|123052|128049|127026|123059|128021|110075|113614|123105|123085|123010|113593|113541|123109|110073|128078|113608|123061|123057|128083|110061|113606|110056|128063|113561|127016|113502|127024|127022|123111|113619|113624|128105|113043|113588|128116|113042|123078|128137|128135|123110|123049|110062|127045|113585|123048|128114|128134|127029|113017|128056|128094|128082|123091|110038|128053|128042|123075|113046|123081|123077|113618|123126|123038|123088|113579|113620|123116|128109|128096|127025|128124|128033|128035|113535|127013|127040|127017|113578|123039|128074|110051|127036|128131|123050|128026|128079|128036|123043|128142|123115|113563|123014|123123|113039|113047|123056|113623|127015|128046|113545|113021|123076|127041|128015|128140|113051|128122|113048|110081|123103|123071|123104|127007|113542|113045|128023|118002|123113|113604|113622|123124|113629|123044|128022|128132|123035|123054|123090|123025|110059|113566|113550|128128|128069|123053|128014|123122|123108|127031|113615|127043|123060|127011|128139|123012|127044|113530|127037|128070|128123|113034|123011|113616|113627|127046|128029|123121|123119|128113|128103|118001|110052|127030|128044|128101|113594|110076|128138|113519|128136|123070|128125|113626|123101|128072|110055|128118|113597|123086|123089|123114|123120|113528|113504|128117|123074|127038|123092|127019|118000|110048|113625|113589|127021|113621|113605|123084|113575|113049|123083|113568|123072|123117|110066|113573|123064|123018|123093|128017|113525|113569|113584|123022|123034|113534|113537|128030|113574|110074|123065|113596|128093|123042|128050|113025|123027|123067|123046|127004|128111|113582|113526|110044|113016|113548|128095|123031|123015|128041|123013
2021-11-23,2021-11-22,128100|113044|128087|113033|128129|128066|128034|128107|113591|127042|128127|113011|113609|128130|110080|113505|127028|128037|113037|110057|128106|110047|113607|113610|123063|128075|127020|110063|110071|123118|128081|128048|110043|113567|127034|110079|110058|113601|110077|123080|123073|128119|113026|113628|110070|110068|128141|128143|113570|127039|123127|128145|128121|128073|127005|128091|113565|128133|113549|128144|110053|113598|113516|128040|113599|113546|127027|123062|123082|110045|127032|127014|127012|113524|123087|128049|113532|113614|127018|123024|127026|123002|110060|110064|128076|113588|113050|127033|123099|110067|123106|128021|123023|128120|123107|128039|128108|127035|128083|123096|128074|123098|113024|123109|127006|123059|123061|110072|123128|113579|113602|127024|113535|123010|123004|110061|123110|113013|123097|110073|128071|113608|113036|128042|128105|128033|113527|128025|113561|128063|123049|123105|110075|128023|123125|128056|123052|113606|128134|128053|113042|113046|127016|123077|127022|127029|113030|113502|123112|127045|127013|123078|110062|127025|123100|123038|127040|123091|113619|128078|113043|113618|128090|111000|113536|123048|128116|128131|127019|128135|123113|123045|113541|110056|128114|113624|123116|113593|127007|128137|123126|113600|123075|123111|127036|128079|113578|113585|113620|128097|113530|123050|123085|128022|128035|128026|110081|123123|113563|128124|128139|123088|128036|123043|113623|123014|123076|113021|127017|128015|123057|127041|123039|128109|113622|123121|127037|113039|128123|128142|113017|110059|113604|113045|127044|123011|113542|123104|128132|128014|127015|113051|128096|123124|123115|128128|123044|113566|123103|123108|123053|128046|128069|113616|128140|123090|123056|128122|127031|123122|113545|128070|123074|110052|118002|123025|127043|113047|123035|110051|128103|113048|128029|113550|113577|128136|123119|123054|128082|113615|127046|128113|118001|128072|128125|113519|113627|113629|127011|110076|123101|128138|128118|123012|128044|123071|113597|113625|123060|123114|127038|123089|123072|128094|110055|128101|128117|113504|118000|123120|127030|113049|113034|113575|123117|127021|113573|113621|123093|113626|113589|113594|110048|113605|123018|123064|113568|128017|113528|113569|123092|123084|128030|123022|123083|113525|110066|113584|123070|113537|123065|123086|123034|110074|113574|113534|113596|128093|127004|123067|113526|113025|123027|110044|113582|128050|113016|123046|128111|123042|113548|128041|128095|123015|123031|123013
2021-12-01,2021-11-30,128100|113044|128087|128129|128066|113033|113011|128034|128130|127042|128127|113591|110057|128107|128037|127028|110080|113609|127020|113505|113610|128106|113026|110071|128048|113037|110047|123129|110070|110063|110043|113601|123080|127027|128081|128075|110079|127047|110058|113024|127034|128119|123063|110068|123082|128073|113567|128121|128141|113565|127018|110045|127039|128040|127024|113570|127012|113549|110077|128133|113628|110053|127005|113599|128108|123002|113532|123118|127032|113535|123073|128143|123127|113579|128076|123062|113516|123106|127035|127014|110064|113050|127033|113598|110060|123110|123077|123087|128049|123097|128083|110067|113546|128039|123061|113013|128071|123105|127006|127049|123024|127026|123023|128033|123096|113588|113606|123059|128090|113608|128120|123010|110073|123004|123100|113524|123107|128074|127022|113036|113624|123045|110072|123098|113602|128021|128025|127029|110075|123099|123125|123049|110061|128063|113600|128042|128145|128134|113502|123078|113042|128091|113536|128137|113618|113619|127016|123091|128135|110062|128105|123053|113043|127048|123052|113623|123128|123085|113561|127019|128035|111000|123111|128116|127040|113593|110056|128144|128056|113607|127045|123048|113527|128139|123126|123123|123014|123112|128124|128079|128023|123075|127013|113030|123124|128078|123116|123090|128069|113046|123088|113566|127036|128097|128096|113563|123050|113039|127041|128036|128026|113021|128131|113045|123038|113604|127007|127017|128015|113578|123109|123039|128014|123011|128140|123044|128114|113530|123076|113620|123025|128123|128142|123104|128122|113017|127044|113542|110059|113051|128132|123057|127015|110081|113585|123121|123108|128022|110082|123113|128109|118002|113622|123115|123122|128046|128113|127037|113047|128070|123056|128082|128029|113545|113616|123054|113577|123103|128128|123119|113541|123043|110052|113048|128072|113597|128094|127046|123035|128117|127031|123012|118001|113519|110076|128103|128125|113630|123101|123089|128118|128136|113615|127043|128053|123114|113621|113627|128138|128101|123060|123120|127038|113575|113049|110055|113629|123071|113034|113573|113550|113625|113504|123072|127030|127011|113589|123064|128044|118000|123117|123093|110048|113605|113594|113626|127021|113569|123018|113568|123022|123086|123092|123083|128017|113525|123065|128030|123084|110066|123067|113584|123034|113574|113528|113596|110074|123070|128093|113534|127004|113537|113025|113526|110044|123027|113582|113548|123046|113016|128050|128111|128041|128095|123042|123031|123015|123013
2021-12-13,2021-12-10,128100|113591|113017|128066|113044|128087|128127|128129|113033|128037|128107|110080|127042|113011|128130|128034|113610|127028|128081|113609|127027|128075|110057|127020|123063|113567|123080|113037|113549|110083|113601|110063|110071|123129|110047|110045|127034|113505|128143|128040|128141|113565|110043|128044|110079|113599|128073|110064|128121|128048|123118|123087|128106|127018|113628|123002|113535|110070|113516|113631|110068|113588|128133|128108|123097|128025|113570|113532|113026|128033|123073|128076|123082|123127|123106|128119|113579|123061|123023|127014|127032|110077|128071|110053|113050|123024|128120|123130|123110|123062|113598|110060|113608|123105|128049|127039|113546|127024|110072|127035|123096|127005|123100|128105|113036|128090|128039|123077|127033|123125|128145|113024|127012|110058|127006|113561|127026|128042|123010|113524|123004|113602|128091|128026|110067|127049|110073|113536|123107|113606|111001|123059|123045|123112|113527|110075|127022|113013|128083|128063|128074|128021|123049|113043|123099|127045|127047|128035|123052|111000|113542|123050|113042|123091|128023|128134|110061|113619|128078|128135|123098|127016|123053|113578|110062|110056|113046|123126|127040|127013|123014|127017|123088|113502|123116|113577|123085|113623|128097|113624|113593|128079|128096|128140|123075|113566|127036|113600|113563|123048|123109|128014|123025|127041|128144|128116|128124|128142|128069|127007|128053|113618|113021|113530|113620|123128|123057|127029|128036|127015|128114|127019|123111|123121|128056|123124|123123|110059|123090|127044|128109|128123|128122|128131|113604|127048|113039|123115|113030|128132|110082|128015|123038|123076|113045|110081|128082|123078|123113|113632|127031|127037|128137|127046|123108|113622|128022|123044|123054|123035|113594|123039|128139|123011|123056|123104|128070|118002|127050|128029|123122|128136|113616|113541|123114|128046|127043|113630|113597|123103|128117|128103|113051|113621|113615|128072|123119|128128|110052|128094|128125|113625|113519|123012|128113|118001|123060|123120|113629|113047|113048|123089|128101|123101|113627|113545|113585|128118|128138|110076|113589|113034|127030|127038|113504|113550|113626|113575|113573|113049|123072|113605|127011|118000|123071|113568|123117|123084|123064|123092|127021|123093|110055|123086|113569|123083|113525|123043|123022|110048|110074|123018|128030|113528|113584|128017|123065|113534|123067|123034|110066|113596|113574|128093|113537|123070|127004|123046|113526|110044|123027|113025|113582|113016|128050|113548|128041|123042|128095|128111|123031|123015|123013
2021-12-21,2021-12-20,128100|127007|113591|113017|110064|113044|128087|128066|127028|128129|128037|128034|113033|128130|113610|128081|110080|113011|113567|127042|123063|128107|113609|123080|128075|127027|128044|110063|127034|110057|113570|110047|127020|113601|113599|123129|113037|110058|110083|113505|110043|123097|128040|113565|128106|128076|110068|128025|128048|123118|123100|123087|123024|110071|110077|128121|128120|110045|113628|128143|123082|123002|110079|113532|123023|128108|127018|113561|113535|128141|113516|128049|127032|127024|113631|127014|113026|128119|123062|123106|128071|123061|127005|113598|110070|113524|128133|128033|128073|127012|113546|128039|123110|123130|113579|128105|127006|128090|113608|113050|110053|127039|110067|113013|123059|123010|123004|123077|113527|127025|128145|113588|123127|127033|123125|127035|113036|113606|123107|110072|113549|123105|110073|128091|123049|127026|113600|128026|123085|110060|123088|128074|128042|128096|127049|123109|113024|113043|113566|111000|127021|113578|123096|127022|123045|113602|123116|123050|113577|128021|123099|128135|123052|123112|113530|110062|128142|111001|113593|110075|127047|128083|123073|123091|123098|127013|123014|113042|127016|110056|128035|113594|127045|113623|110061|128116|123078|128056|128079|113542|127036|113619|127029|128097|128123|113046|123075|127048|123048|128063|123123|127040|127051|113502|127041|113563|128023|128078|128144|127017|128124|128069|128014|123128|128134|123126|128053|128036|113620|123054|123038|113030|113632|113045|113021|123090|123115|128015|113618|123111|128132|123057|110081|113624|128131|118003|113519|128137|123025|128140|113039|128122|110059|123011|123044|113604|113622|110082|128109|127019|127044|127015|123108|128029|127031|123056|128070|123104|110052|113616|113541|123076|127037|123039|128136|128114|123124|123113|123121|123035|123012|113047|128139|128094|118002|127043|128046|128103|113621|123114|123089|127050|118001|113051|127046|123122|113630|123120|128113|113597|128128|128022|128072|128118|128082|128101|123103|113048|113049|128117|113625|123060|128125|113589|113615|113629|113545|128138|123101|127038|113504|127011|118000|113034|113626|113575|127030|113550|123071|110076|123119|113585|113568|113573|123043|123117|113627|123092|123064|110055|113569|113525|123093|123072|113605|110074|123022|123084|128017|110066|123065|110048|123083|123067|128030|123034|123086|128093|113596|113584|113534|123070|113574|123018|127004|113537|123046|113526|110044|123027|113582|113025|123042|128050|128111|113548|128095|113016|123031|128041|123015|123013
2021-12-31,2021-12-30,128100|113017|113044|128129|113011|127042|113591|127007|128087|128127|113033|113610|110080|128066|128130|128037|128034|127028|128107|128081|113567|110063|110057|128044|110047|113570|110043|123080|123063|127020|113601|128075|113535|110064|123097|113037|128121|113609|127034|110083|128040|128076|128048|123118|123129|113628|110071|128108|128143|110058|128120|110045|123002|127014|113565|123082|123024|127018|123087|128073|127032|127027|123061|123062|128133|123106|123023|113505|128141|123100|113631|110068|128025|113546|113532|113599|128039|113026|128145|113598|110067|113516|128049|123116|110077|110053|110060|128090|127005|127039|128071|128033|110079|113524|127012|113050|123105|113561|127035|113588|128069|127006|113606|113566|113608|110070|113579|123130|123059|113013|128119|127033|123110|111000|113527|123045|113549|123010|110073|123004|113600|128042|123077|128105|128074|113024|128079|128116|123052|127047|113635|111001|113043|127026|128056|123088|110072|123096|113578|113602|128021|123049|127024|113036|123091|123107|127025|128083|113594|127022|123014|123125|113577|128063|123085|123123|127013|123048|123050|128135|113542|127049|127045|110062|113042|128142|127036|123099|123075|128026|113530|127021|123098|127016|113502|128023|128014|113039|110056|127048|110075|123112|113619|128123|113563|128097|123054|123115|113620|127019|127031|128144|110061|127041|111002|128035|113618|127017|113623|127044|128036|127040|123057|123109|123128|128106|128096|113021|113604|113632|113045|128015|113046|128131|123025|118003|123131|128091|128022|123038|128053|113593|127029|123108|113030|123111|110082|128134|123104|113624|110081|128124|128125|123039|113049|128070|128078|123078|123090|128122|128137|113541|128136|127043|113633|123056|123126|123122|123011|128132|110052|128094|123113|113622|123073|127015|110059|128140|128114|113519|123044|123089|127051|128082|123076|123124|127037|118002|123035|127046|128139|113621|113051|113630|123121|113616|128113|127050|123012|118001|113545|113048|128109|128103|123127|127030|113625|128118|123120|128128|128072|128046|113047|113597|113589|123101|123084|113629|113615|128117|118000|113575|128138|110076|123103|123114|127038|123117|123018|123060|113585|123043|123092|128101|113605|113573|113504|123119|110055|127011|123072|123071|123064|123065|113626|113627|123093|113525|113569|128030|113568|123086|113550|128093|123067|123083|113584|113534|110074|110066|110048|123034|123022|128017|123070|113596|113574|127004|113526|110044|113537|123046|123027|113016|113582|123042|113025|113548|128111|128050|128041|123031|128095|123015|123013
2022-01-11,2022-01-10,128100|113026|113044|113011|127042|128081|128130|113017|128129|110080|113591|110057|128066|113609|127028|128037|113033|128087|128044|113567|113610|113037|128034|110063|127020|128127|128075|128107|123097|110047|128048|113570|128121|123080|110064|127034|110083|110043|110045|110058|113565|128040|127027|128033|123082|127018|128073|123129|110071|113601|127035|113628|123118|123024|127005|113505|127013|127007|123063|128108|110053|127012|123062|110079|128143|113516|128090|113631|123002|123106|123087|113050|113546|123111|110068|113524|127032|113549|113532|127014|113588|128076|128120|123045|128049|123100|128133|113535|128071|110067|123023|110070|123061|113598|128069|123085|113561|113600|113599|127033|128039|123109|127039|113013|123107|127006|128025|113608|110060|113602|110077|128145|113527|123049|123004|110073|128021|113579|128119|123059|128141|123010|113024|123052|128079|110072|123127|113606|123110|111001|127025|127026|128042|123105|113039|111000|123125|113623|123091|113036|113502|113566|123014|110075|123077|113578|113563|113577|127047|127022|123048|123130|127045|113042|128063|123096|127036|128056|123057|128083|128026|113043|123116|128125|128105|123054|123099|127040|127024|128124|123075|113530|123132|113542|128023|127017|123073|128074|127016|127031|110062|127048|113021|127021|113618|110052|128014|113619|123123|110056|123088|128114|128053|127029|113541|123038|123050|127049|113046|128123|128137|128135|128116|128082|113030|123115|128142|128035|113632|128022|128144|110061|113593|123090|113634|123108|123128|128015|128131|110081|123131|128036|128097|118003|128122|113624|128134|123039|128136|110059|123089|127051|113604|123104|127041|127015|113045|128078|113594|113048|123126|128132|113620|118002|128070|123112|113622|123012|113051|128094|127043|123121|113635|113519|113049|123025|113636|123113|128140|113633|123098|123011|123119|123056|127019|128096|110082|127037|123076|111002|128046|113621|113625|127044|128109|123120|118001|123044|123035|123084|123122|110076|123124|113616|113545|128106|128103|127030|127050|113047|113630|113615|123103|128072|113575|123114|128118|123101|128113|118000|113605|123071|113589|123064|128138|128117|123092|127046|128128|123043|113597|128139|123078|113629|113504|113568|123117|123060|128101|127038|123093|113585|113573|123086|110055|123018|128091|128030|113626|127011|123072|113569|113627|110048|113525|123083|110066|113550|123065|123070|128093|113584|110074|113534|123022|128017|123067|123034|113574|113596|127004|113537|123046|113526|110044|123027|113582|123042|113016|113548|128095|113025|128111|123031|128041|123015|123013
2022-01-21,2022-01-20,128100|113044|113011|113609|113549|127042|128130|113567|113033|128034|128066|113591|128081|110079|113610|110053|128044|128129|110043|110045|128121|128048|110063|128040|128075|113050|110080|113037|128087|110047|123111|110057|128037|123097|128033|110084|128107|127012|127028|128143|128120|123080|127020|113601|123082|113516|127027|123109|110083|110064|110052|127034|128145|113570|123127|128108|113588|128076|113052|128090|113013|123129|113628|127005|123118|123100|123002|123087|123085|113598|123062|128096|113599|113535|128039|127018|123063|113565|123061|111000|127040|113608|128073|127032|128127|113546|113524|110071|113606|123059|110060|127035|123107|113579|128071|127039|113532|113600|123110|128133|128049|123105|113036|128025|113631|127014|113505|123045|113502|110077|110068|127033|123004|123010|113637|110067|123052|123106|113561|110058|123054|128021|128094|110070|123014|113017|123023|113602|110072|123096|128069|123125|123057|127025|110073|123050|113527|128079|127006|127047|123073|113024|128053|123112|110075|128097|123099|128042|128082|127026|128083|123077|128141|113618|111001|127022|127045|127024|127029|127013|113578|113563|113042|113541|113039|128023|123049|128119|127036|110061|127016|128135|127031|128015|123048|123098|123108|110062|123130|127017|123091|113021|113625|128056|128116|128022|113566|113530|113604|128123|128026|128063|113619|127021|113623|113593|127048|123116|127049|128137|123024|113594|128144|113043|123038|113632|123123|113051|123089|123075|128035|113049|118003|113542|113620|128124|128113|128105|123088|123113|123132|128036|128070|128074|127041|110081|113046|113636|123012|128046|110056|113577|128134|127019|110059|127015|113635|127051|113634|128136|113048|128132|123115|128014|113045|118002|110082|123104|127043|123025|128142|127044|113030|113624|123121|127030|128125|128114|128131|113545|127037|128128|128122|113629|123131|123126|123119|123090|123039|123076|113616|128103|123084|128109|113568|113622|128140|123011|123120|113519|127050|113573|123103|123114|118001|123135|123035|123056|113621|113047|111002|123128|110076|113633|128078|123122|123044|113585|113630|123134|128072|128118|123124|123071|128106|127011|123086|123093|118000|127007|113597|123092|123078|128138|113504|123064|113605|123060|123101|113575|113615|127038|128091|123018|128101|128139|127046|113589|128017|123117|128117|110055|128030|113626|128093|113569|123022|110074|110048|123065|113596|123070|123083|113525|113534|110066|123072|123034|113627|113550|113584|123067|113574|123046|127004|110044|113526|123042|113537|113582|113016|113548|123027|128111|123031|113025|128041|128095|123015|123013
2022-02-11,2022-02-10,128100|113044|113011|113591|128130|110043|110053|128048|127042|113033|110079|128034|128129|128107|128087|113567|128066|128075|110064|113017|123080|110080|113516|128081|113037|110063|127040|110047|113570|127012|123097|127028|127034|113050|110071|128121|113609|113052|127020|110083|128143|128021|113610|110057|128040|128044|128037|110045|110084|123063|123129|128120|127039|123100|128076|128073|128127|110070|128090|127033|127032|127014|127027|113549|128039|123061|113565|113598|127005|113505|123082|113527|128071|123087|123052|123085|128022|128145|123118|123073|127018|123045|123062|113013|110068|123002|127025|123110|110067|113524|123106|128049|127013|113036|127035|113579|113546|113602|127031|128033|111000|123105|113628|128097|113631|123127|128025|127006|110052|123107|113030|127047|110077|123112|128133|128053|128141|113561|113541|110058|113578|128139|110060|113601|123014|123059|123125|123057|113535|113024|113599|110072|113606|110075|127022|110073|123004|127048|113637|128144|127026|113042|123050|113039|127017|127045|123054|128079|128135|123048|128108|113021|123091|128056|111001|113600|123049|127016|110061|128119|123023|113502|123098|123099|113623|128069|113594|128042|123077|123035|113532|127049|123123|128082|128015|127015|123109|113619|127021|123133|128083|113046|127029|113530|128063|128023|127019|123096|113043|110056|113608|113618|128036|123132|113638|110062|128105|113577|128035|123088|127036|128137|123089|127024|123024|118003|113588|123012|127051|128074|113049|128109|113636|123075|128026|118004|128125|123010|128116|123038|128014|110081|110059|113634|128134|128132|113566|113563|127052|113620|123115|123116|128070|128124|128122|128142|123120|123044|113045|128140|113542|127043|118002|113621|127007|128046|113593|113625|128123|123121|128131|123025|113519|123108|127041|113622|128106|113048|127050|113573|127037|113635|113545|128078|128136|123126|110082|113629|123119|113632|113051|113616|113568|113604|127030|123131|127044|123128|113624|128072|123011|118001|123135|123039|111002|123134|113630|123090|113597|123056|123114|123113|123084|123078|123076|123103|113047|123130|113633|123124|128101|113504|123104|123060|118000|110076|128128|123093|128118|128114|127038|128091|110055|127046|128138|113585|123122|123018|113589|113575|123071|113605|123086|113615|123092|123083|110074|128030|113525|123101|123022|123070|110066|128117|113627|123117|110048|113569|123067|123034|128017|113626|123065|113534|123064|123072|113550|113537|113584|113596|127004|113574|110044|113526|113016|123046|113582|123027|113548|123031|128041|128095|113025|128111|123015|123013
2022-02-22,2022-02-21,113044|113011|113591|128129|128130|113033|110079|128107|127042|128034|113567|128066|110080|128044|128048|110043|110053|127040|128081|113549|128087|113017|113609|128075|113516|128037|110047|113050|110063|127028|123097|110083|127034|113037|127012|128127|127014|113532|127027|110071|110057|128143|127020|113570|128021|123080|127039|113505|110064|127005|110068|110045|113610|123063|123100|127032|128120|128090|113052|110084|123129|128145|128076|113628|113599|127018|128121|110077|128033|113013|113546|128073|127033|123107|123061|113565|111000|127019|123082|123002|128139|123110|113527|123052|123105|128119|128039|113598|110070|123127|127035|110060|113631|128025|113524|127006|127047|127048|123045|113606|113024|110075|123073|123087|110067|123062|127025|123048|113030|123098|128053|128071|113602|128133|128049|113579|123106|123085|113541|123112|123118|123096|123050|128022|128097|123132|113600|127049|113637|123091|127026|113619|113502|111001|123109|128141|128144|127029|123057|123059|123125|128123|123099|123077|127045|127022|110058|127051|113594|123014|128082|127017|113578|113601|123004|110073|123136|110061|113561|128140|110056|113588|110072|113039|128036|128023|113634|127031|123049|113623|128108|113048|113530|123054|113577|128137|113593|127016|127013|128109|113608|123023|118002|128134|123075|128035|123035|113043|113046|113535|123120|128079|123088|123123|113618|127007|128078|113636|110081|123133|123115|123121|128056|113621|113629|110062|128135|113620|127036|113042|123025|128015|127021|123131|118003|128132|118004|128106|113021|123089|128069|113638|113049|128105|128063|127024|118001|128083|113047|123010|128125|128122|127043|128116|110082|113051|123116|128026|127052|127037|128014|123038|113519|113616|123044|128131|127050|123024|113045|113635|128142|128042|113542|127044|113568|128074|113566|113563|113053|127015|123012|128070|128124|113632|123064|123108|123119|113633|127030|123130|127041|111002|123114|113630|110059|128101|113622|123084|113545|128128|123103|128136|128040|123126|113504|113625|113604|113624|123011|113573|118000|110052|123128|123078|123135|123090|127038|128046|123124|128072|123060|123113|110076|110055|123056|127046|123134|110048|123076|123122|113585|123104|128118|123039|123093|128138|123092|113589|123022|110074|128114|113615|128117|113525|123067|113575|123071|128091|123018|113627|123101|113626|113605|123086|123065|128017|123117|113569|123083|128030|110066|123034|123070|113574|113534|113550|113596|123072|113537|113582|113036|113584|127004|113016|113526|110044|123046|113597|123027|123031|113548|128041|128095|113025|123015|123013|128111
2022-03-01,2022-02-28,128066|127040|113044|113011|110052|128130|127042|128081|113591|110064|110079|128048|128129|113033|110053|128034|110043|113516|113017|128107|128044|128087|123080|127027|110063|110047|110083|128037|113050|110071|110080|127032|113567|127020|127028|113037|128075|127005|113609|127012|110057|123063|123097|113549|113610|113570|127034|127039|128143|110077|128127|127047|113052|110070|110045|127018|113505|128033|113532|128121|128145|127049|127014|127019|113628|128073|113546|123100|128021|123110|128090|123061|110060|113565|123107|128025|128076|123129|128139|113030|127033|128120|110084|113524|123098|128141|111000|123048|113013|127006|128039|110068|123082|123002|123045|128133|123127|113598|123087|110075|128071|113527|118002|110067|127035|113631|127007|123118|113024|128049|128119|128135|127045|123085|123105|113600|123106|110081|123062|113606|127025|127029|127017|128097|113602|113620|123112|123109|128134|127022|128053|127026|123054|127013|128023|123096|123099|113588|123123|113619|113579|113561|113636|123057|110061|113634|111001|128123|113639|123023|123091|123120|113599|123035|113608|110073|123128|110056|113601|123125|113036|123050|110072|128144|123059|110058|113568|123077|113046|128035|113623|127031|123075|127016|128022|128083|123064|123115|128108|123004|113593|113535|127036|123131|127052|128137|113594|113530|113618|113635|127021|128040|123014|113637|113053|113042|123049|118001|123024|123073|113039|123052|113043|128109|113545|123025|128132|113577|113047|128056|127024|128079|110082|113049|110062|127043|128082|113502|113021|128069|123130|127048|123121|128015|128124|123088|128036|123132|113621|123133|128105|128122|123089|113048|113629|113563|128063|128078|123010|113632|128131|128014|113519|127037|113578|123103|128142|123038|128042|128140|118003|113616|123119|127030|128026|113541|123126|128106|113045|123044|113633|113542|123108|118004|127015|113638|127050|128074|127041|123116|113051|110059|128116|113622|113566|123012|128136|110076|113630|128070|113625|123084|123124|128125|127044|128072|113604|113624|118000|128101|123122|123114|128128|123011|127051|123090|123076|113573|127046|128046|123113|113597|123078|113504|123056|123060|110055|111002|123104|127038|128118|113585|123093|123022|128138|123039|113615|113525|123136|128117|123092|110048|123067|110074|128114|123086|113589|123101|113605|128017|113575|128030|113627|123083|123071|123065|123117|113626|113569|123018|113596|113550|128091|123034|123135|123070|113574|113534|123134|123072|113537|113016|113582|113584|127004|123046|113526|110044|123031|123027|113548|113025|128095|128041|123015|128111|123013
2022-03-11,2022-03-10,113044|113011|128081|113033|128087|113591|128034|128130|128044|128107|127040|127042|110080|110043|128066|113017|110053|127027|127028|113570|110052|113609|128037|110064|128048|113050|123080|123097|127033|110057|127020|110079|128075|127029|123063|128145|128121|113532|110071|128129|110047|123085|113516|110063|113567|128143|127032|113549|127012|111000|110070|113546|127007|113628|123100|110077|123107|123127|128141|128021|127039|113030|123129|113610|113505|128120|113527|128073|110083|113037|128025|127034|128109|128119|123002|110060|123118|123098|113620|110084|123112|113640|128082|128049|113631|110075|128076|128132|127049|128134|128033|123105|113024|128127|128090|127035|128071|127045|123082|128144|123050|128042|113524|110045|128078|113599|123120|110068|128097|123035|113039|123048|110061|113052|127005|118002|113565|123061|127017|113600|113602|123054|123091|113637|127031|113048|128039|128133|123059|127014|110081|123087|127013|123073|127048|128137|127006|113598|127025|123045|127026|127018|113013|123099|113051|113036|123115|128139|113047|123062|113588|123106|113502|110067|127043|113629|123123|128053|123110|113634|113639|123132|113579|123121|123052|123103|111001|118000|127022|123130|127047|113606|113046|127019|113519|113568|113561|113577|123023|123057|113636|127030|123137|128022|123089|123125|123077|113608|110056|128135|110058|123096|113545|127016|113616|128108|113541|128035|113601|123131|127053|113053|113619|128140|127050|123075|113594|113623|110073|111002|113593|127021|113563|128023|113621|127052|123109|123128|113504|110074|118004|128036|123084|128083|123012|127015|128101|128040|123133|123004|123049|118005|113525|123025|128105|123088|128079|118001|113578|113573|123022|113635|113535|128056|128015|113043|127037|123014|110072|118003|127036|123064|113530|110048|128123|127024|113021|123114|128122|123067|123044|110062|113042|128124|128116|110082|113049|123116|113632|128014|110076|123038|128070|113604|128131|113638|128026|128106|128074|123136|128069|123010|128063|113566|123060|123126|123122|113045|123124|128072|127038|128046|127041|123119|123086|113615|128142|113630|123108|113542|127044|128017|113633|113550|128125|113625|123076|110059|113585|128136|123092|110055|123011|113624|113622|127051|123090|113618|123078|128118|123056|123083|123071|123093|128117|127046|128091|113626|113596|123104|123039|113537|113597|123113|128030|113582|123070|128138|123135|123101|113589|123065|123117|113575|128114|113534|113627|113605|113569|123034|123134|113016|123046|123018|113574|127004|113584|123072|113526|113025|110044|123027|128095|123031|113548|128041|123015|128111|123013
2022-03-22,2022-03-21,113044|113591|128066|128081|113033|128034|127042|128130|127027|110080|127029|113017|127040|128087|110071|123063|113050|128044|110064|110053|127033|128048|110043|127028|123097|113570|128037|110052|128127|128129|110063|113609|110057|110079|110047|123080|123107|127020|128075|128025|128049|113567|113546|127039|127007|128145|123100|113039|128141|127045|113628|128132|123052|127012|128107|110083|123085|128073|128022|128021|127049|128042|113549|110070|111000|127032|123129|123082|113545|128121|113516|128082|127054|113637|113037|128076|123059|113527|113610|127005|123112|123127|128109|128143|127014|123105|127019|113532|113565|110081|128139|123002|110085|113631|128119|110077|128090|128144|128053|110061|128071|113640|127013|123045|110068|113601|128120|113013|128039|128097|123098|113505|110060|127034|123118|113524|113048|113052|123062|113030|110075|123054|123120|127025|127035|123048|127006|113598|128033|128015|110045|128133|128134|123091|113600|127026|110067|123061|127018|113602|123050|123035|123110|113588|127048|123115|123087|113606|113502|110084|113047|113629|123123|123099|123106|127030|113599|123057|113024|123103|128078|123096|128108|128069|123089|113051|113634|113578|123137|127031|113053|113620|127017|128137|123125|111001|113579|113561|127037|110073|128124|123130|110056|123121|113541|127047|113519|113619|113046|123023|113636|128135|123132|113616|128140|123075|127022|113577|110058|113504|127052|118004|123077|113535|123119|127050|127043|113608|118000|113563|118001|128079|128046|128036|113594|128083|127021|113043|113593|123004|127015|123049|128101|113621|128035|123025|113639|128128|128026|128056|113568|128023|118005|123084|123088|113623|123131|123133|128105|123044|127036|113021|123116|127016|123114|123136|127053|110072|110076|113635|123109|113618|123064|123056|123014|128014|113042|113638|110074|111002|128122|110048|128070|123108|113525|128116|113049|123038|127024|128123|123067|110062|113550|113566|113615|113530|128131|128063|123010|123128|128106|128074|123022|128125|127038|113604|113585|118003|113632|123012|123124|113045|113624|123092|123071|128142|128072|110055|113542|123093|127044|123122|110082|123126|123083|127041|110059|113633|128118|123086|113573|123076|123060|128040|123078|123011|113625|113622|128117|127051|128136|113630|113597|128091|128017|123090|123073|128030|123113|113596|123135|127046|123134|123104|128114|113626|123039|123117|113569|113537|113589|123101|123065|113605|113582|128138|113575|123034|113627|123070|113016|113534|113574|127004|113584|123018|123046|113526|123072|110044|123027|113025|123031|128095|113548|128041|123015|128111|123013
2022-03-31,2022-03-30,113044|110080|113033|113591|128034|127042|128127|110064|110057|128081|110053|123107|128130|110043|128087|113050|127027|128066|127040|113017|128048|128107|128037|128129|113570|123063|128075|127033|127028|127039|123080|110068|128145|110063|113609|127032|123097|110071|128133|110079|110047|123082|110052|113039|113516|128044|113628|128025|127045|111000|128076|127018|113054|128073|127029|113637|127020|127055|128082|110077|123129|123085|127013|127049|128042|113598|127012|128141|123052|128119|110083|123098|113588|127006|127035|113601|110061|123105|128071|113037|113640|113051|123118|110070|128021|128090|123002|113610|113048|113546|113527|113549|123112|113567|128049|110060|127019|113013|113030|113545|113504|128143|113631|128109|123035|123120|113565|128097|128121|123100|127025|128022|110084|128120|113532|113505|110085|127005|127026|128053|123045|123061|128144|128139|113599|123099|128069|113550|113052|110075|123087|127034|123062|127054|123048|113629|123110|123059|128039|128078|123091|113568|123050|127017|123089|110067|113524|127022|127031|110045|123106|113602|128033|113577|113578|113634|123084|113619|113024|127048|113021|128132|123057|113502|128137|127030|113600|113636|111001|128140|128079|127047|123054|127015|110058|113606|113579|128124|123103|123127|123115|113047|113046|123023|127043|123123|128108|128134|113563|110073|123130|113561|123075|123116|123125|113641|113535|127016|118001|123119|110081|123137|128083|123096|128015|110056|128128|113623|127050|127052|123044|127037|128026|113053|118000|123132|128023|113594|113525|123025|123004|128135|123014|127021|118005|123131|123140|128046|127007|123077|123138|123049|113616|110074|110072|113621|128105|113608|123056|123121|123114|123109|123064|113573|127036|123136|128123|118004|113639|123067|128056|113541|110048|128101|113049|123133|113519|113620|113530|128036|128116|111002|127053|113593|127038|128035|113043|110062|127014|123071|127024|123012|128014|113042|123088|123108|128122|123022|128070|123092|113566|128063|128074|113615|123038|113542|128040|128131|113635|110076|128125|113638|113604|123010|123128|113632|118003|123126|123083|128106|113045|110082|123124|128142|113633|123073|128072|113624|123060|110059|123093|123122|128117|127044|127041|128118|123076|113622|123086|128114|128091|110055|123078|123011|113597|127051|113625|123135|128017|123090|113585|113526|128136|123113|128030|127046|113618|113537|113630|113626|123134|123104|123117|123039|113569|113582|113596|113589|123101|128138|123065|113575|113605|123034|113627|113016|123070|123018|123046|113534|127004|113574|113584|123027|123072|110044|128095|113025|123031|113548|128041|123015|128111|123013
2022-04-12,2022-04-11,127039|113044|110080|128037|113033|128130|128127|110052|123107|127040|110053|128034|128066|128107|110057|113567|113017|110064|128081|110079|113570|128048|113591|123085|128087|110043|113050|128075|128132|127042|128044|110077|128129|113055|110063|113039|127028|127029|127055|113568|110071|123080|110047|111000|128082|123127|113516|113051|127032|128141|110083|127033|123089|123098|127018|127012|128119|113048|128042|123097|127020|127013|113628|113599|127045|128145|128073|113609|110061|113598|123063|113030|113637|113545|113504|128021|128025|110060|127049|123112|128133|123084|113037|113052|123052|110074|128071|113054|113631|123082|123129|128076|110070|113532|127035|123002|113525|123035|113549|127006|110068|113546|127005|110075|113640|113527|128053|127025|123057|123048|113024|128097|123105|111001|123091|110085|123045|113013|128049|127017|128144|128022|128039|123100|123110|128079|113588|127043|127054|110084|123120|128139|128121|128135|123118|128143|113629|128090|110067|128134|113578|127031|123071|128137|127030|128120|127034|123022|128128|127047|110048|128140|123114|113524|113642|128109|113610|127016|113602|113047|123099|123142|113626|123062|123121|123067|127022|113601|123012|113634|123087|123050|128078|123061|127026|113021|113541|113505|110045|123059|123123|113636|123106|110073|113502|127050|123054|113526|113535|123083|123119|118000|113579|128033|127019|123103|113606|127037|113577|127007|123141|113561|123130|128069|127048|123004|128108|123092|123073|110058|113046|123023|123014|123075|113565|127038|110056|113620|123137|113519|123131|123125|118001|118005|113600|123044|128026|127015|113563|128123|123064|113619|123056|123049|123060|128056|123115|128070|110072|128083|113621|113641|113053|123109|123139|110081|113623|111002|113537|113566|128101|128105|123078|113615|113594|113530|128036|113042|127021|128124|128046|123086|127036|123133|128040|128023|123077|123096|123025|123116|113625|113639|128118|113608|127024|123132|113616|128015|113618|128125|123138|128035|128014|110062|123136|128116|128122|128106|128063|128091|128117|113542|128074|113604|113049|123010|123122|127044|113573|110059|127053|123108|128131|113638|113582|118003|118004|123088|128072|127052|123038|113593|123093|113622|113597|113635|113585|128142|113624|113045|110082|127041|110055|113632|128017|123128|123126|128114|127057|123076|127051|113633|123124|110076|128030|123011|123070|123140|123113|123117|113596|128136|123090|113630|127046|113589|113569|113534|123104|123039|128138|123134|123034|113016|113575|123101|123065|113605|123018|127004|113627|113584|123046|123027|123135|113574|110044|128095|113548|113025|123072|123031|128041|123015|128111|123013
2022-04-21,2022-04-20,113044|113050|110053|128130|110079|110043|128034|113033|113591|123107|128107|128081|110052|127042|110057|110080|113017|128127|128048|128044|128087|123085|110071|127032|128129|113567|127058|113055|127040|128066|123063|123089|110077|123080|128141|127045|110063|127039|113516|113568|128037|127018|110083|113570|128119|113545|123097|110075|113056|127020|110047|127029|127033|113039|110061|127013|113631|128075|127049|127028|111000|128144|123127|127035|123098|113628|113637|123071|113598|113609|110070|127012|113519|113052|110064|128021|113024|128128|128121|128073|128071|113030|128140|123112|113051|113037|123105|110060|123082|113048|123035|113525|123002|128076|110068|113504|127005|113532|111001|113549|113565|128097|113054|128145|128135|113013|128133|123091|113599|123118|123129|123057|113640|127006|128042|110084|128143|113546|123052|128025|128078|123100|128139|110067|123048|127014|123067|110085|127016|128109|128049|128090|113629|127025|123120|127026|127054|123045|128120|110045|123110|128134|127017|123084|123114|123087|113527|110074|127043|128053|128132|127022|113601|113642|113021|128039|127056|113588|113505|123073|113602|127034|113606|128022|123059|123023|128026|113524|127030|123022|127038|123123|113561|123106|128137|110073|127047|128033|113610|113634|123078|113577|123050|123130|123125|113046|128123|127031|123075|113579|110048|113541|113636|113047|127019|123061|123062|127037|127007|127050|123083|123121|113619|127015|123133|113578|118000|113535|123142|127048|123044|113600|113043|113502|123092|123054|113530|123060|123012|110072|110058|123115|128105|110056|123056|123004|123141|128108|123131|128056|123064|123103|127055|123137|113053|128118|113626|118001|113526|123049|128082|113620|128023|113042|128063|118005|123119|123128|128069|113563|128124|113618|123077|128036|127021|128040|110062|128046|123086|128079|123132|128101|113621|128091|128015|110081|113623|123096|113615|123025|113608|113594|127024|127036|113641|111002|128106|123139|113573|128116|123108|128142|128122|113566|123014|113616|110059|123116|128083|113604|113585|123109|123088|113593|128035|123010|123122|128074|113542|113537|113639|127053|113049|128131|113625|128072|113635|123099|113622|123093|118004|118003|110082|128117|113582|113045|127041|113597|113624|113638|123038|123138|127052|128125|127044|128017|113633|127046|123126|113632|128114|123076|113534|123124|123011|127051|123136|123070|110055|118006|110076|128136|128070|128030|123117|128138|123113|123090|113569|113589|113630|123039|123104|123101|113016|113575|123034|113627|113605|113596|123065|113584|123046|123018|123027|127004|113025|123140|128095|113574|110044|113548|123072|127057|123134|123031|128041|111003|128111|123015|123135|123013
2022-05-11,2022-05-10,113033|113044|127027|128130|110079|110053|113050|113057|128048|110080|110043|113055|127040|128087|128081|123107|128034|110064|110071|128119|113516|127045|127058|127032|110083|110057|110063|113017|128021|110077|113591|128037|113570|128129|128141|128066|128107|113567|110047|127028|128127|110052|110061|127012|113631|123080|127039|127029|113058|111000|127020|127013|127049|123089|123085|113039|123063|127018|128075|128044|127042|128132|113052|113541|123105|123097|123098|128145|113640|128128|113599|113051|127043|113532|128073|113588|128121|127035|113598|113609|128025|128133|113056|123127|123057|123091|123112|113545|113037|127016|128042|113549|113630|113601|123125|128076|110085|127033|113637|128071|113634|110075|123082|128144|123087|123077|113024|113054|123144|110070|113030|113013|113048|123002|128135|113505|110045|127030|111001|127005|113628|128139|113568|128040|113525|113620|123120|127006|123110|123129|127014|123100|127034|123071|127025|128140|113636|123035|123044|128090|127056|123086|127019|113610|128109|123123|128033|128097|113618|123118|127026|128049|110060|113504|127054|128123|127031|123137|110072|123062|118001|123114|123121|113524|123142|123045|113546|128120|113642|127017|123052|127047|113565|123133|113579|113021|110067|113606|123078|113519|113502|127022|123050|110074|123084|128134|128082|123064|113046|113053|127007|128143|123048|113527|113602|123059|127037|123106|113526|127021|123012|128137|123067|123083|127055|128039|118005|123131|128105|110073|113047|113600|118000|113643|128078|128106|127036|113641|113619|127038|127015|113563|123092|123022|128101|113043|113629|123049|113615|113535|113577|128046|113045|127048|123004|128069|113578|123103|113621|113561|113042|127050|110058|111004|123061|113622|123130|110084|123115|113530|110056|123060|123054|110081|128142|123070|123014|128036|123108|123056|113635|127024|128026|128056|123023|111002|128122|110082|123025|110062|128091|123132|123122|113623|128079|113585|123139|123075|128023|128116|113542|123096|110059|123109|128015|128117|128022|128131|123088|113626|110048|123119|113594|113608|123099|123128|118006|113049|113616|113582|113566|128063|127053|128053|113593|113638|118004|123116|128108|128035|128125|110055|123141|113639|113604|128017|128070|128083|128074|123126|128072|113597|113625|127041|123073|118003|128118|110076|113624|113534|128030|123038|123010|113633|123090|123124|113632|127052|128136|113573|127044|123076|127051|113537|118007|123117|123093|123011|123104|113589|123039|127046|123113|123034|128138|128114|113605|123046|113016|123101|113596|123018|113584|113569|123065|113627|127004|123138|113575|113025|128095|123143|123027|110044|113574|111003|123031|123072|128041|123140|113548|123134|127057|128111|123136|123135|123013
2022-05-23,2022-05-20,128066|113044|113033|128127|113050|127040|110053|128087|128034|128130|110043|123023|128048|128107|110080|127013|127034|110071|127027|110083|128037|110084|128081|110079|110057|123080|128119|113591|113570|110077|113601|128083|113057|113516|128021|128129|128141|110052|127049|113017|110063|127058|123063|123107|127029|113567|113631|110085|123097|127045|128044|127042|127032|127020|127018|113532|127012|113055|110047|128075|127035|113541|127016|113640|128073|113599|110061|123085|110064|128145|113630|127039|128139|127033|113056|128025|113609|123098|128042|123082|113039|113037|123089|111000|113024|123105|113647|113051|113058|113013|113052|113637|113505|123091|128132|113549|123087|123144|123112|123127|113598|128133|113545|110070|123125|113054|128121|128128|128071|113048|113634|110045|111001|127005|123057|113628|113620|127014|113030|123137|113519|128144|113049|127006|110075|128135|123077|113568|128033|123044|123002|127043|123123|128090|127022|123010|128076|123118|123086|128049|127047|118000|127031|127025|128140|113504|113053|127019|128097|113636|123103|128109|113524|128134|113579|123120|113606|123100|127056|123133|110072|113546|128123|113644|113588|128137|123035|127030|113046|113610|110067|127054|123110|113641|123050|113619|110060|127026|123142|113602|118001|123045|123121|123062|113527|128106|113021|127017|123145|113629|128120|123084|123078|127021|123106|127036|113600|113642|128040|113565|127037|128078|113618|123048|123114|123071|127050|123067|113525|123130|113615|113502|110074|118005|128039|123059|128143|128056|127055|113047|127015|128082|113561|123132|123052|127038|110073|123064|123004|113535|128022|113526|123131|123083|123129|113043|113623|113621|110081|123049|110056|127048|113563|128101|123096|128046|113042|110082|123122|123075|128069|123060|113578|127007|123012|123092|113577|123061|128142|128023|113635|110058|123115|128105|113045|113530|113643|128091|111002|128026|123025|123054|111004|113542|113622|113648|123088|128053|110059|123056|128122|110062|113616|128131|123022|123014|110076|128116|123128|128117|128015|127053|113594|123099|113593|123108|127024|113566|128035|113639|128036|113608|113638|123126|113585|128063|118004|110048|113626|113604|128079|123109|113582|128125|123119|123116|128072|128108|128074|113633|127041|128017|123070|113597|123038|110055|113625|123090|113534|128118|113624|128136|113632|123124|127044|123073|128070|123076|127051|123011|118003|113573|123117|123093|127052|127046|123104|127062|113537|123113|113589|128030|128114|113605|127059|123101|128138|123039|113569|113627|123139|113584|123034|113596|118007|123065|118006|123046|127004|123141|113575|123138|113025|123018|113574|128095|111003|110044|123072|113016|123140|123143|123031|123027|128041|127057|113548|123136|128111|123135|123134|123013
2022-05-31,2022-05-30,128114|113044|127040|113033|128087|110053|123146|127013|128034|127063|128130|110080|110084|113050|128048|110083|123023|110043|128081|113017|128083|110057|128066|110064|110079|128037|127058|128044|127061|128119|127028|110071|128127|113631|113591|113055|113570|127039|127018|123080|110063|127027|128141|127029|113567|110077|127049|127012|123097|128129|113640|113516|113057|127020|113599|127045|123085|128145|127042|113532|128139|110047|110052|127035|128022|128025|127032|113630|123063|123107|128075|110085|128021|127033|123098|113058|110086|128073|113545|113056|110075|113039|123089|128042|110061|113634|111000|113549|127014|113013|127034|127016|113054|113052|128121|110072|128071|113647|113051|123105|113598|127022|113037|113609|123112|123082|123091|123127|113620|110070|128132|128144|127005|113519|127047|128076|123010|113628|127054|127019|113505|123087|123125|113636|113048|123137|110045|113024|127021|123002|128128|113637|128106|128049|127025|123077|127043|123144|128082|128033|111001|123103|113601|128097|113606|127006|123118|123057|113546|128109|127031|123123|128134|123044|113568|113644|113053|113618|123120|113049|113030|123100|128090|113602|127056|113047|113524|113502|128120|123045|123086|128135|128133|123067|110060|123035|127026|127037|113610|128140|111004|123114|123071|110067|113641|123050|123078|113565|127017|118000|123110|113619|127030|113504|128137|123130|113021|113648|123052|110074|123048|113046|113588|123062|128078|110056|118001|123132|113561|113579|113600|123084|127055|123142|123145|128039|123133|123059|128056|113643|123106|113623|113642|118005|123121|127048|128143|128123|113593|123075|123129|123004|128105|127038|127050|127036|127015|113527|113526|113563|113621|123131|110073|110082|123083|128053|123092|123012|113635|123061|123115|113535|128101|113629|123064|113615|128046|113577|113043|123049|128091|111002|113042|123025|127007|110058|113045|123122|128023|128026|128040|128069|123014|110062|113578|113525|123096|113542|123054|113530|128142|110081|128117|127024|123128|128015|110059|123088|113622|123022|123060|127053|113616|123056|128063|113608|113566|123108|128122|128036|123109|128116|123093|128131|123073|123099|113585|113638|128035|113639|113027|113604|113594|113633|123119|123126|113626|128079|110076|110048|113582|128017|118004|128072|123116|118003|128074|128108|127062|127041|123139|128125|123090|113624|110055|113597|113625|127059|128070|128136|123124|127044|123038|113534|127051|123076|123070|123011|113632|113573|128118|113605|118007|123117|128138|127052|127046|123104|113589|123113|123141|113537|123039|118006|123101|113569|123034|113627|113596|113584|123065|128030|123046|127004|111003|123138|113575|123018|113025|123143|123140|128095|113574|110044|113016|123072|123031|123027|127057|128041|123136|113548|123135|113646|128111|123134|123013
2022-06-13,2022-06-10,113044|127040|128034|128081|128048|110053|113033|127018|128130|128087|110080|113050|113599|128129|113591|110084|110043|123023|113631|110083|113516|128083|110079|127012|113055|110057|110077|127049|113017|123146|123063|110071|127020|113570|128037|128141|128066|127058|127045|128119|110063|127029|113532|123129|113037|113640|113056|127061|127042|113567|127032|113058|110047|123144|113057|128127|110064|127035|128139|127039|127063|113609|128044|128145|123107|113052|123080|123105|128025|127005|123098|127028|128075|128022|110052|127033|128073|128121|110070|113054|110061|110072|123091|110075|128042|127016|123085|127022|113013|113598|113545|113620|113634|128023|127019|123125|110060|113024|111000|123087|127025|127031|128071|123127|110045|123089|113549|113053|128144|123137|110085|113039|113630|113051|123082|113628|113048|123112|113637|113641|128109|127006|127036|123097|113636|123010|123077|110086|127034|127047|128076|111001|113602|128134|123123|113505|123120|128097|127027|127056|127014|128021|123100|128033|123110|110067|123002|113647|127021|128049|113644|128135|127030|113030|123057|123035|128132|127054|113524|128140|113502|123103|123121|128137|113046|113606|118001|128120|113504|123044|113049|123118|113021|113648|113519|113601|118000|118003|128133|113546|118005|127017|113579|113047|113588|123142|113618|113642|127026|113565|113619|128090|123114|123106|113610|110056|123078|123145|128128|128106|128078|113629|127050|113527|127037|127060|128039|110073|113623|123075|123084|113621|127048|123050|113563|123071|123059|113043|127015|128143|127055|123048|123045|111002|128123|123131|113635|113643|113600|127038|111004|113561|113638|123128|123133|113577|123132|110082|113042|113045|123064|123052|123004|123115|123086|128105|110058|123062|110062|128101|113615|123061|123130|123025|128142|110081|113604|113526|127043|123049|123096|128026|113535|127007|127024|113593|128053|113542|128117|128069|128040|113616|128116|128056|113530|110074|123122|128063|127053|113608|123088|113566|113027|113525|128046|123056|110059|128131|113578|123022|123083|113594|123014|128122|123099|113633|123012|123054|123060|128035|123067|123108|123109|113639|128082|127041|128036|128072|123119|123092|113585|110076|123126|128108|128136|110048|123124|123116|113622|128074|127044|123090|113582|113632|128079|118004|113625|113597|113626|127046|110055|123038|128125|127059|123117|123073|113624|123011|113573|128017|123076|128070|113605|128118|127052|127062|123139|123070|123113|123104|128138|123101|123039|127051|113534|128091|113589|113627|113569|123141|113584|118006|113596|123034|118007|123065|123018|123046|123093|123138|113575|113537|113025|128030|111003|113574|128095|110044|123031|123027|123072|123140|123143|128041|127057|113016|123136|113646|113548|123135|128111|123134|123013
2022-06-21,2022-06-20,113044|113033|127040|110084|113599|110053|113591|110080|128048|128087|128130|123023|128034|110043|128081|113631|128129|113050|113017|128066|127020|123146|110079|128083|110057|127049|123129|127061|110077|127012|113516|110083|127018|128119|128037|113055|123063|127028|127045|127058|127029|110063|113057|123107|113609|113570|123080|128127|123105|128042|127042|110047|127027|113056|128044|127063|113640|113532|127039|128075|128133|127032|127035|128073|128141|113037|123127|127047|128139|123097|127019|128121|128025|110075|113630|110072|113054|113549|110052|123144|123098|113598|123082|128134|110064|113052|113545|110070|128021|113013|113505|128145|110061|113567|123091|127036|127005|113641|127016|113058|113039|110045|113024|113644|123112|127021|127031|128144|113628|123087|127025|127034|123123|111000|127022|128097|123125|128071|110060|110085|113634|113053|127033|127060|123010|128076|123085|123100|123137|123089|110086|111001|128033|113601|128109|113636|111004|127014|127037|113030|127006|113502|113049|128049|113606|113648|113618|110067|113524|113629|113048|113620|123077|113602|127054|123118|123002|113647|123035|113504|123110|128135|118001|118003|113610|113051|113579|123120|123044|128128|123142|113059|113637|110056|128132|128143|113546|128137|113642|118005|127050|127056|113021|111002|113588|123145|123075|127015|127017|128090|127026|113619|113519|127043|113047|128120|127055|123132|128023|123106|123045|127048|127053|113527|123048|118000|113635|123050|123052|110073|123103|123131|113046|128078|123057|113565|123115|113643|128123|123133|128039|113638|127030|128140|123059|123025|110058|113563|113043|113045|123121|123114|113561|123130|113621|123090|113577|113600|128105|123064|128040|113623|123088|113042|123061|128056|113526|123004|110082|123062|127007|123122|113542|128026|110062|110074|123078|123096|113615|128117|113535|128053|123084|113639|128101|123049|128142|123086|128069|110076|128122|110081|123022|113593|123071|123014|127038|128063|113530|113616|123119|127024|113027|123054|123099|123056|113566|113578|123128|113604|113608|128131|128116|113594|128046|123108|110059|118004|113525|127044|128035|113633|127041|113625|128036|123083|123109|123073|113632|123124|128108|128106|123012|123060|123116|123038|127059|128072|113597|128082|113585|127046|128136|123067|128079|128074|123126|127062|123139|123117|127051|123011|128070|113624|128125|110048|113622|127052|123092|128017|113582|123076|113573|110055|113626|123113|118006|113605|128118|123141|123039|113589|123104|123101|118007|128091|128138|123070|113627|113569|123065|123093|123138|113584|113534|113596|111003|128030|113537|123018|123046|113025|123027|113574|123140|123031|110044|123072|123143|128095|113575|128041|123034|113016|123136|113646|127057|123135|123134|128111|113548|123013
2022-07-01,2022-06-30,113044|113599|110053|113033|128130|110079|110080|127040|128081|128034|128048|110043|113591|113050|128087|123023|127020|110084|128119|128066|127049|123146|123107|113017|110077|127045|113609|110057|110083|113631|123063|128037|113516|128129|110063|113055|128083|110047|127012|128127|123105|123129|123127|113056|127029|127061|123097|127028|128042|127032|113570|127035|113037|127058|113057|128133|127018|128075|113549|128044|113532|128141|128121|110061|113052|113054|128073|123121|113598|113620|110052|127042|113640|113013|123080|110070|127036|127039|128144|110072|123125|128109|123098|128025|113505|123082|127027|110064|113628|113641|123144|128021|113039|128071|123106|111001|127005|110060|127047|127021|123100|127033|128139|113545|123112|111000|123123|113524|127054|123091|123089|113058|128128|113644|127063|123120|127034|128049|113048|127016|123087|127031|123110|127019|128097|113634|128134|123010|110085|110086|113024|110067|127026|113636|123137|110075|110045|123133|127025|113051|113053|127060|127014|123035|113601|128132|113629|128135|128033|113618|123077|127056|113647|113606|127006|128076|127022|110081|113602|123044|113588|113030|118001|123118|127017|123115|123002|113021|123142|113637|123131|128023|123085|113049|127037|123103|113643|113546|123122|123045|123075|128137|127050|110056|113635|113563|127059|128120|113610|127015|113047|123050|128123|128105|111002|118000|113502|123145|128078|110073|113619|123090|123025|113579|128090|118005|123048|127055|113527|113648|123059|113043|128143|113046|118003|113567|113565|113639|113519|123132|123130|113059|111004|113625|113045|127053|128063|123147|113042|123099|110082|113600|128069|113577|113623|128142|128040|123004|127007|123064|123096|128122|128140|113535|123088|113504|127043|110062|123062|128026|113638|123049|113621|128039|110058|127030|127024|123052|128101|113615|123061|110076|113542|123109|113642|128131|113530|123078|127048|127044|123056|113578|113561|123119|123086|123114|128046|123057|113526|113604|113027|127038|113632|128035|128056|128116|110059|113633|113594|113616|123124|123108|123022|110074|123073|123128|113525|113593|123054|113566|113608|123084|118004|128108|123071|123083|127041|128106|128053|123060|123116|128074|127051|113622|127046|123067|113597|123113|113585|128072|123117|128136|127062|123012|128036|113605|123014|127052|128082|123126|113624|128125|123139|128117|123076|123011|110048|128145|128079|123038|123101|113573|128118|128070|123141|128017|110055|123092|118006|113626|128091|123104|118007|128138|113589|123039|113582|113569|123138|113627|113584|123093|111003|113596|123065|113537|128030|113534|113025|113574|123140|123027|123018|123143|123046|123072|113575|110044|123031|128095|123136|128041|127057|113646|113016|123034|123135|123134|128111|113548|123013
2022-07-12,2022-07-11,113044|110043|128048|110053|127040|128081|128130|128034|128119|128087|110084|113050|113591|110079|110080|113516|113055|113033|113631|128083|113017|110083|123023|127049|128037|127020|123146|110077|127012|123063|128066|127027|127035|123105|128133|110057|128127|113057|113532|128129|127029|128042|127032|110063|123127|127028|123097|123107|113060|110047|123129|128075|113570|127045|127039|113056|128141|128044|113054|128073|113609|113037|127042|113549|113024|128121|123091|113545|127018|128128|128025|127061|113505|113048|123080|111000|123098|127031|127005|110070|128071|110061|113051|113628|113640|123112|110064|113039|123010|123100|123082|110052|113052|128049|123133|127055|123147|113601|128109|127058|113634|127036|127019|123120|127016|128134|111001|110086|113636|113598|110085|123087|123123|113058|113641|123125|128076|128144|127033|110060|127054|110072|127063|128097|123144|127021|113053|123121|113567|113622|127034|123110|127014|128033|113635|113030|123137|113600|127006|127060|128021|123077|113647|118001|123002|123089|127022|113504|128090|110067|113610|127025|123050|123118|110075|128105|123035|128139|111002|110045|113524|113563|113546|128132|113606|113637|123045|123044|127056|127026|113588|113021|113046|128140|128023|113648|123130|127017|113615|113047|110056|113602|113618|127015|123142|113629|123131|128135|127037|127050|113502|113049|128120|123106|113642|118005|128137|123025|118000|113565|128145|128143|113644|128123|127043|113527|123090|123075|123078|128040|123103|110082|127047|118003|123115|113043|113643|128039|123086|128122|128078|128069|123059|123132|123085|123048|113519|110073|123052|123088|113059|123064|110081|127007|111004|113577|113526|113027|127030|110058|113579|113621|123122|113619|113561|113623|123004|123062|113542|123049|127024|113525|123061|113045|123109|113620|128046|128056|123096|128026|128131|127053|113042|123145|127059|110062|113535|123099|110076|110074|113578|128101|128117|113638|127064|127048|113530|123139|123119|123022|123114|123056|113604|113632|123073|128142|127038|128063|123014|113639|123124|123128|128036|123054|113625|110059|113566|123108|128053|113616|113594|128035|128116|118004|127062|127052|123083|123057|113608|128108|127044|113593|123071|113633|123060|127041|128079|123113|113597|113605|127051|123116|128136|128072|123067|128074|127046|128125|113585|123117|123038|123012|128070|113624|123126|123141|123011|118006|110048|123101|123076|128082|128091|118007|128118|110055|128106|113626|113573|128138|123148|123039|128017|123104|123092|113589|113582|123138|111003|113627|128030|123093|113569|123065|113584|113596|113025|123140|113537|113534|123027|113574|123143|113575|128095|110044|123018|123046|123031|123072|123134|128041|113646|123136|123135|123034|127057|113016|128111|113548|123013
2022-07-21,2022-07-20,113044|110053|110043|128048|128034|110084|113050|110080|110079|123107|128081|128119|113033|128130|127020|127040|113516|127049|123023|123146|127045|113591|128087|110083|110052|113055|113017|127012|110077|127029|113631|128127|127032|128066|128129|123105|113532|127035|110057|123063|127019|127063|110063|113056|128042|123129|128075|127028|128037|110047|128083|123127|127061|128121|128133|127018|113609|127027|123080|113037|123097|110087|113505|113057|113060|113054|127039|128044|127042|110061|113549|128141|113570|113628|128049|113640|123010|128071|113024|113545|110072|128073|111000|127005|128144|128105|123147|123098|110070|113635|127034|127054|128025|110085|123044|113039|123082|113567|123133|128128|127036|123087|110086|127058|123091|123125|127016|123150|127055|113634|123002|123112|110064|113601|128076|128033|113048|128090|123118|113610|110060|128109|113622|127022|123120|123100|113641|128021|123110|123089|110075|111001|113052|110067|127033|128023|127014|127050|128132|113647|127026|128134|127031|127021|123077|123123|113598|113058|113636|113588|113546|113600|123144|113030|128097|123050|118003|127006|111002|113051|123149|127056|113053|113618|127060|113524|123035|113606|123075|113021|113502|110045|118000|123106|113046|128123|128120|127015|128078|113049|123131|127017|113629|123115|123130|123059|113620|113565|110056|113643|128137|118001|128143|123142|123109|123048|113648|113644|127025|113602|123049|123137|123088|127059|127037|113059|110073|128135|128040|113526|113504|113542|127007|123025|113045|123103|113563|110058|123052|123096|127047|128039|111004|123004|123078|113527|123090|113047|113519|123045|113577|113619|113561|113043|113027|113638|128145|113637|113615|128069|123062|110062|128140|127048|118005|123061|110082|110081|127024|128026|123132|123064|113604|113535|127052|123121|113530|113042|113579|127043|123145|123122|123151|127053|128131|128101|128117|113621|123139|113642|123022|123128|113639|113623|123056|127030|128063|128046|123054|123085|113593|123014|128053|123114|113594|123099|127062|128142|113566|123086|128036|128116|110059|123108|110074|128035|127064|113578|118004|123124|123011|110076|123116|113608|123119|128072|123141|113597|127051|127038|127041|113632|128079|128108|113616|113625|128074|113585|113605|128125|128139|128091|127046|123126|113624|118007|128136|110048|128070|118006|113633|123057|123038|123113|123101|128056|123076|123060|128118|123083|123117|123071|128082|113525|127044|128138|113573|123138|111003|110055|123148|123012|128122|128106|113589|123067|123104|123039|113626|123092|128030|128017|123093|113582|113627|123065|113569|113596|113584|123140|123143|113575|113025|113574|123134|123027|110044|113534|123031|113537|128095|123135|123046|123018|123072|123136|128041|127057|113646|113016|123034|128111|113548|123013
2022-08-11,2022-08-10,113044|113050|113033|110053|128081|128034|110043|110084|128048|110080|128130|110052|110079|110083|113631|128119|113516|123023|127020|127040|113017|123146|113591|128083|127049|127045|123105|123129|113609|110077|123063|123107|128087|127029|128121|127012|127042|128037|128066|127028|110057|110063|113055|127032|128133|128127|128129|113057|110047|113532|123125|113505|128073|113604|127035|113640|128075|127018|113635|113649|127039|127016|128049|123127|113570|113060|127063|110061|113056|110087|113545|113549|128128|123080|128044|113628|113037|127061|123010|127027|127019|110072|123150|123091|128042|113647|113598|123151|113024|127054|123098|128021|113054|113039|113048|123147|123077|110064|123082|127056|113632|110085|128023|111000|123088|123118|123133|123044|113600|127005|128025|123110|113622|128071|111001|113052|110070|128144|113634|123087|110086|113601|127006|123100|113546|123089|127034|110067|113051|127060|127058|128076|127014|113524|128090|123130|118000|127050|113602|128123|127007|113588|127033|123050|123144|128135|123149|118012|113618|113637|127026|128141|127031|128097|127022|113045|123075|123106|113535|123002|113648|128105|127036|110075|128109|113644|113650|127021|113046|113606|113030|127043|113610|128033|128145|127017|128040|110056|123090|123059|127052|113502|113565|113641|113629|123035|110058|113594|110045|113058|127055|113643|118010|113638|128078|113049|113053|123120|123115|123132|113542|128132|113636|128143|127047|113567|113021|123131|123096|113577|118001|111002|113047|123142|127015|118003|123048|113639|128137|113619|127025|110073|113027|113519|128039|110062|128134|123103|113563|113059|110060|113527|128026|111005|127059|123139|123049|123128|113561|113593|123137|127053|111004|118011|113579|113043|118008|128063|127066|123004|127037|110081|113526|123145|118005|118009|113504|127051|123061|128131|127024|113530|123122|128117|118013|128035|113642|123112|110082|128120|123052|123109|113615|123141|128046|123056|123064|123022|128140|113042|118007|123025|123124|128069|113566|118006|113623|127041|123054|113578|113621|113597|128101|118004|123099|128116|128036|128053|113585|127062|113608|128142|110076|123108|123116|123121|128072|123114|123123|128136|123071|110059|113616|123076|110048|128091|123126|123101|128082|123085|127030|111003|123011|123148|123038|123062|128122|128070|113605|123078|128074|127038|123138|128108|113525|113573|110074|123113|128118|128056|113624|113625|127064|123136|128125|128079|123119|127065|127046|123117|127044|123083|113633|110055|128138|128106|123140|123134|128030|113589|128017|113626|123057|123012|113569|123104|123143|123093|123039|123067|123060|123065|113627|113582|113596|113575|123092|113574|113584|123135|123018|113646|110044|128095|127057|128041|113025|113534|123046|123027|113537|123072|123031|123034|113016|123013|128111
2022-08-23,2022-08-22,113044|113033|113050|110053|128087|128081|110084|128130|128034|110080|110083|113516|110052|110043|113631|127040|110079|128048|127012|113017|123146|127020|128127|128119|128066|110077|127029|113609|128129|113591|110060|127035|113532|128083|123129|110057|110063|127028|128044|113505|123063|128073|127049|127045|127032|123125|110047|127042|113635|113055|127016|123127|128133|113570|113057|113549|127039|128075|128121|127018|127019|128037|123107|110087|113037|113640|113649|123150|128042|127054|110061|127061|127063|113056|113629|113545|123002|113628|123080|128049|113054|113598|127067|123133|110064|123087|123098|123088|110070|128071|128023|113546|123077|127005|123023|113024|113600|127058|123147|123044|113588|123110|127034|128090|123082|123151|113622|113060|118003|123010|111000|128025|127026|123144|128033|127060|123091|110072|128021|128144|113647|127021|127022|113524|113052|110067|127027|113046|123100|113634|111001|128076|123050|123105|110086|118012|123120|127033|113030|128145|127050|127036|113039|113045|128105|123130|123089|123106|113048|123118|128097|123149|127007|113565|110085|113632|128123|113643|127031|113602|110075|128109|127017|127055|113641|123142|113618|113636|110045|128141|113606|123035|110056|113567|123059|123112|128039|113601|110073|113619|113637|113650|113519|110058|123128|128128|113058|127056|123115|113027|113526|113542|123048|113577|128040|118011|118000|113021|113644|113594|128132|128137|127025|111004|113563|113561|113051|123004|127043|123132|127014|127015|113639|113502|123052|113049|113610|113604|127052|111005|128026|128120|123131|113053|123049|111002|123075|123090|123141|113530|113043|128143|123103|113059|123061|113535|128078|128135|113061|118014|128117|127062|113608|113527|113047|118013|110082|113648|118006|127059|127047|128134|123056|118015|110062|123096|128063|127024|113579|118005|123109|127006|123153|118009|123114|118008|113638|128131|123025|118007|123145|127053|113566|127066|113651|127051|113652|118010|123139|113621|123122|128072|127037|113593|113578|110081|123054|113623|123078|123064|113642|128091|118004|128101|113504|128036|111003|113042|128056|128140|128046|128053|128069|123137|128116|123022|128136|127041|128035|123152|113585|123099|123136|123124|123134|113597|123011|113615|123123|128122|128082|110076|128142|123085|123038|128070|123071|123108|110074|123121|123116|110059|127064|113624|123138|128118|123126|123076|123062|123140|127030|110048|113616|123113|128079|128108|123101|113605|128074|127044|127038|113625|113525|113573|127065|123143|128125|110055|123148|123117|113633|127046|123012|128030|123083|123119|128138|123057|128017|113589|123060|123093|113626|123104|123039|113582|128106|123065|113569|123135|113627|123067|113646|113596|113575|127057|113574|123018|123092|113584|110044|128041|128095|113025|123046|123031|113534|123034|123072|123027|113016|113537|123013|128111
2022-08-31,2022-08-30,113044|128087|113033|110053|128130|128081|113050|110084|128034|113591|113635|128066|110043|110083|110079|110080|128048|110052|127012|127020|113516|113631|113017|110077|128119|127035|127040|127029|128083|123146|128127|123063|113505|113609|123080|113055|128042|123129|127028|127049|127019|113532|110060|128044|110057|127032|113570|128121|110063|127042|127016|123105|113057|127027|128129|113598|113640|110067|113549|128133|127045|123150|128037|127039|123107|128033|110047|123089|113545|128145|127063|113649|127061|128075|113037|110061|127034|113039|113600|123023|123147|123112|110064|128128|111000|127018|128049|123125|110085|123133|128021|123044|113567|128141|128144|110087|123087|113502|127005|127054|128071|113588|110070|113628|127036|123010|113632|128040|113024|123088|113056|128090|127060|123130|113647|123110|127067|113054|123120|123149|113048|128073|118003|113030|123098|123002|113629|123144|113653|113636|127033|128109|127007|127021|113027|127058|113060|113622|113524|128076|123091|113565|118016|113519|123100|113546|113634|123050|127022|127026|110056|113051|123127|128025|123118|113643|113618|113637|127031|110075|113045|113577|110086|123082|111001|127043|113619|113561|110073|118012|123132|127056|128123|127059|123151|113602|113046|123035|128105|123077|123103|128120|113648|113052|123052|111005|127055|113049|128101|113641|110072|118017|123106|111004|127015|128039|123059|123075|118014|128134|113526|110045|123142|128026|127050|113601|128137|127017|111002|113021|113059|128132|113606|123137|128143|110058|113563|113542|128023|113504|113061|118000|128097|123154|113053|123004|113047|113043|113527|113530|123131|128078|113642|113597|113610|123114|128140|123128|118011|127014|123048|110074|127037|113604|128063|123139|123090|113650|127025|118013|123145|127062|128135|123025|113644|118009|110062|123078|128117|123061|113058|123085|123056|113535|123115|113621|128056|123141|123022|127052|127006|118008|123049|113579|123121|127047|113594|128091|110082|127024|128036|123096|113652|128046|118005|123123|113566|123153|123152|128072|128082|113639|118006|118007|127065|118010|123108|118015|127030|110081|123109|128131|113623|113042|113578|128053|128142|113585|128069|123054|123122|127066|113615|123071|113638|127064|127051|113651|128136|123038|127053|128079|113593|128070|123064|113525|123136|128122|128116|128035|110048|128125|123099|123124|123148|110076|127038|113605|123011|113608|127041|110059|118004|110055|123113|123116|123057|111003|123138|113624|128118|123012|113573|123126|123076|123134|123140|123083|127044|123067|128108|123060|128074|123101|123117|113616|113625|113582|128030|123143|127046|128138|113626|128017|113633|123119|113589|123093|123039|128106|113646|113569|123104|113627|127057|123092|123065|113596|113575|113025|113584|110044|123031|113574|128095|123018|123046|123034|128041|123135|123072|113534|113016|123027|113537|123013|128111
2022-09-14,2022-09-13,113044|113033|110053|128081|128087|127027|110084|113050|128130|110080|110079|110083|110043|127012|113631|128034|128048|113055|113017|110077|113516|113591|128127|127040|128042|127049|128066|127020|128119|123063|127028|113649|113640|123146|128083|110057|128073|127063|113609|123133|110060|128129|113570|128075|123129|110085|127035|127032|110063|127029|128121|127016|123107|113057|128133|123089|128044|127019|127045|127039|128141|127042|128037|113505|110061|113039|113549|113532|110047|123105|113037|128145|128049|113024|113545|123147|123150|127018|113056|113600|127005|110052|110064|111000|113637|113567|128071|127060|128033|127061|110070|113598|123112|113588|123010|123044|127034|113629|113647|113519|110056|127007|128105|123098|113054|110067|127067|128128|113628|113642|113632|127033|123132|123127|128021|113636|123002|118016|113030|110087|127036|123149|127022|113048|128090|123088|128144|123087|128025|128040|127058|128076|123091|127043|123125|123156|128134|113060|113654|113622|127054|123130|110075|113052|113618|123110|110086|111001|127056|123082|113027|123100|113546|113565|128120|123144|127021|127059|128109|113051|128132|127026|118003|123151|111005|123080|113524|127055|123118|113526|123120|113634|127050|123142|113021|123035|113561|123106|123052|110073|128039|113577|123050|113602|113045|127031|128123|110045|128097|110074|128023|113619|113053|128137|113653|113601|127015|128078|113046|113563|110072|118017|113542|113641|127017|127069|123048|113061|128026|127014|113655|113504|123059|123077|123154|123061|127062|127025|123139|123103|118011|113043|127068|113049|118014|113527|113648|113059|118012|123022|123004|111004|113643|123128|123078|113644|123075|127047|110082|128143|111002|113621|123108|118013|118000|110062|128082|113610|113606|113604|123153|127037|123131|118009|110058|128140|128101|128135|113530|123056|127006|113650|123085|128046|128117|118008|123025|123141|113047|113566|123090|123114|123152|127065|113058|123115|123155|127053|113535|128091|118007|113594|127030|127024|118006|128056|128053|113597|113579|128036|113623|127052|123121|123049|128072|128070|113042|118005|123054|113652|128079|123145|123136|113651|128063|113593|128069|127066|123096|128142|113639|127064|123148|113578|113638|118015|128035|123071|123064|118010|113585|111003|127051|128136|110076|113625|123123|128122|110081|127044|123122|123057|128131|110059|123109|128116|113615|123124|118004|123038|123099|123140|123113|113525|128125|123138|113624|113608|113605|110048|123116|123083|113573|123012|123011|127041|127038|123134|110055|123126|128108|123117|123076|128074|113616|128118|123067|123101|128030|123060|127046|128017|113582|113589|128138|128106|123039|113626|123119|123093|113633|113646|113569|113627|127057|123104|123092|123065|113575|113596|123018|113025|110044|113584|123034|128095|123031|123046|113574|123072|123143|128041|123135|123027|113016|113534|113537|123013|128111
2022-09-21,2022-09-20,113044|113033|110053|128081|128087|113591|110084|127027|113050|110080|128130|110083|110079|113055|113631|110077|128034|110043|128037|110085|113649|128119|113516|128073|127049|127012|123063|123133|113640|127040|127020|128066|110061|128083|127029|128048|128042|123146|113519|128127|127028|113017|113637|110060|110057|127019|127032|123089|128145|113570|127063|113039|127035|127045|123147|128128|128121|123107|128133|113609|128075|113057|127016|113567|128129|110063|123130|113545|127055|127042|123105|123129|127058|128141|113505|113598|110064|123112|113532|128033|127039|110070|123150|123157|127007|111000|127043|128105|128049|113549|113647|128021|127036|128040|113600|113037|110047|123010|113027|123098|123044|128071|113629|113642|118016|127018|127060|110067|113024|127061|123127|127059|113030|113636|128134|127033|113056|110052|127067|113628|113588|110056|123149|123110|113060|127014|113051|128090|127005|128076|110087|113618|123002|127034|113622|127022|123087|113048|113632|113634|123125|113654|123088|123119|128025|113054|123091|123132|113561|113653|113565|113546|110075|128109|111005|123156|127069|113526|128144|110074|113052|123080|127054|123052|128120|113577|113648|123120|113045|127056|127050|110086|123151|123100|128039|123061|123103|127015|113641|118003|118014|123082|111004|118017|123144|111001|127071|113021|123078|123050|123118|128137|127021|128046|123035|113524|123154|123142|128091|123022|127062|127026|113504|123114|113602|128123|118018|118013|113643|113655|118009|128132|118012|128143|123025|123085|123071|128101|118011|127031|123048|127017|110073|123075|128082|128023|123153|128078|113046|113053|110045|127025|127037|123139|113650|113049|128135|110072|123106|128026|123141|113061|128097|113578|113621|113563|113047|127068|113542|111002|113619|123077|127053|123059|128140|113610|113601|123090|123152|128079|128053|113604|118007|127047|113585|123148|123004|110082|123056|113059|123128|113638|128036|113043|127006|113644|123131|113527|127030|123155|128056|123136|127064|110058|113606|123054|118006|123108|113594|118000|128117|127024|118005|123121|113530|118008|123145|127065|110062|113579|118015|128070|113623|113651|113042|113652|113535|128072|123123|123115|128142|128069|113058|113566|127044|127066|113593|128063|123049|123083|113525|118010|111003|113615|123064|110048|123122|128035|113639|123096|123012|127051|113597|128122|113625|127038|110076|123057|128131|127052|123038|128136|128125|110059|123124|123138|123134|123109|110055|123099|118004|110081|123011|123116|127046|113605|123067|113608|128116|127041|113573|123117|113624|123126|113616|123113|128118|128017|128108|128074|123076|123060|127057|123101|113626|128030|113582|128106|123140|123039|113589|128138|123093|113633|123092|113646|113569|123104|113627|113575|113025|123065|128095|123018|123031|123034|110044|113596|113584|123072|123046|113574|113534|123135|123027|123143|128041|113016|113537|123013|128111
2022-10-10,2022-09-30,113044|110053|128081|113033|110084|113050|110079|110085|113055|128087|113591|110043|128034|127028|128130|110061|113631|128048|110080|128119|128037|110083|110077|113640|127012|128083|127042|128066|123063|127049|113649|127027|123133|113516|127020|127045|123107|113570|127006|128121|127032|128042|113058|113567|127040|113057|110057|123147|123080|123130|127007|127029|128133|113637|123146|128145|113598|113039|128141|113532|123089|113017|127016|128044|128040|128033|127035|128075|127063|110056|128129|128127|127039|123110|127055|123139|110060|127058|111000|110064|123044|127043|113030|113609|128128|128021|123129|110070|123150|113545|118016|128071|128134|127036|113628|123156|113647|123127|127019|123157|123112|110063|113037|113027|110067|113549|123132|123078|128109|113634|113588|127005|110087|113024|111005|110074|113505|128046|123098|123002|123119|128049|128076|113504|127060|113618|123052|128090|113051|113048|113060|128025|127018|113056|127059|113654|123149|110075|128137|110052|123087|113636|127034|113526|113600|128144|113632|128082|110086|123120|118003|128053|123091|110047|123010|127061|127033|113629|127069|113052|113648|123151|123105|123082|113054|123100|113565|127067|127014|127022|113021|123088|111001|113546|113045|113578|123118|128140|127056|123125|123085|113561|123022|128039|123025|123061|123050|113524|128101|111004|113622|127030|123152|128097|128120|118017|118012|127062|127054|111006|118014|113577|123144|123114|118007|123035|123154|110073|113061|118013|127071|127021|127015|123103|113519|113653|123090|123048|128143|123142|113641|113053|123153|127037|128135|118006|111002|123108|110045|113563|113651|123106|123141|113621|118018|127065|118011|128078|123071|123121|127031|127050|123134|128123|113049|128056|113655|127026|123148|127064|123136|123075|110072|123077|127017|128091|127038|113585|113602|113046|111003|128036|113650|127025|128132|113047|113610|118005|128105|110082|128069|128026|123059|118009|113619|110048|113579|113043|127068|128023|113606|123145|128079|123155|113525|127024|113643|113604|110058|123123|127047|113601|123128|113594|113542|118000|113527|128070|123057|123004|123131|118008|113042|113615|123083|113652|123054|113644|128142|113535|128122|123115|113638|128063|113530|113059|123049|127053|110062|118010|128117|127044|123056|123012|123109|110076|127066|123064|118015|123138|113566|113623|123122|128072|123096|113593|123038|127051|110059|127046|123067|123099|128131|113605|113639|127057|118004|123117|113597|128035|128125|110055|123124|113608|113625|128136|123140|110081|123116|128017|128108|113582|123011|127052|127041|113624|128116|113573|123113|128106|113616|128118|113626|123126|123060|128074|123101|128030|123076|123039|113025|123092|113646|128138|123093|123104|113589|113633|128095|123065|123135|113627|110044|123143|123034|113575|113569|123018|123046|123031|113016|128041|113584|113596|123072|113574|113537|113534|123013|128111
2022-10-11,2022-10-10,113044|110053|113033|128081|113050|110084|113591|110085|110079|128087|128130|110043|113055|127028|128034|128119|128037|113631|110080|127049|110077|110083|110061|128083|113640|127042|123063|113649|128066|127012|127045|127027|113570|128048|123133|127032|113637|127006|123107|128141|128121|127020|113567|113516|113057|128145|123130|127016|110057|113609|123147|123146|113039|123089|127007|128042|113058|113598|127040|128040|128133|113532|123080|111000|128033|127029|127035|123139|110056|123044|127036|123110|128129|127058|113017|113647|128044|110060|128075|113030|110070|128021|123150|128134|127043|127039|128046|127019|127063|110074|128127|123112|123156|128097|128128|110064|113628|127060|128071|128109|111005|123129|110067|123078|113545|113027|118016|110063|110075|110087|123105|113037|123132|123052|128076|113051|113024|113634|123120|123127|123157|113048|128090|123002|127005|127014|128082|128049|113629|113549|127018|113636|123119|128144|127059|113505|110052|113504|113654|128025|113588|113526|113648|123098|113056|123149|128053|113578|123022|113060|127055|110047|113600|113546|123087|127069|123010|127034|127033|110086|113052|113021|113565|128140|123114|127061|113045|127056|111004|123025|123085|123071|113618|128137|127067|113622|113632|118003|113054|127015|123082|123125|127022|123091|128120|128101|127037|123151|123103|128039|111001|123121|113061|113561|127054|113524|127021|118012|123100|118017|118014|127030|123050|113577|123118|111006|113651|123088|123048|118013|113519|127071|127062|123144|127064|110073|113585|123083|123061|128091|118007|123154|123153|123152|123142|113621|123035|118006|113053|113655|128078|127031|127050|123108|110045|123090|113653|128143|127038|123106|113525|123123|113563|113046|127065|113641|127017|123136|128135|127025|128036|128123|113602|118011|110048|128069|123148|128132|118009|110072|123077|123075|127026|128056|128026|123141|111003|113049|113047|113610|128105|113579|110082|111002|113043|113619|113650|123059|113606|123128|118018|123155|123145|128079|113615|128023|110058|127068|127047|113542|118005|128070|113604|113527|123134|113042|113643|113530|127024|118008|123004|123131|128122|113059|113594|113652|128142|123054|123057|113535|127044|113601|118000|113644|123012|127053|123115|128063|113638|127046|110062|123049|118010|110055|128117|113566|123109|127066|128072|123056|110076|123138|118015|123064|123067|113623|113593|110059|113605|123096|123122|113625|123117|123038|123099|128131|127051|128125|127057|128017|113639|113597|118004|113608|127052|123140|128035|128108|123124|127041|123116|110081|113582|128136|113624|123011|123060|123113|113626|128116|113573|128118|123126|128106|123039|113616|128030|128074|123101|123076|123092|113025|113646|128138|123093|123104|113589|128095|113633|113016|123065|123135|113627|110044|113575|123031|113569|123046|123034|123018|113574|113596|113584|128041|113534|123072|113537|123143|123013|128111
2022-10-21,2022-10-20,113044|110053|128081|113050|110061|110043|128087|128034|113033|110084|113591|110079|110085|123107|128130|128066|127012|113640|113055|110080|127006|128037|127045|127028|110083|128048|113570|128119|127032|113057|113631|113062|128083|110056|127020|110077|113516|113609|127049|113647|113637|128042|110057|123063|127027|113017|127029|123133|127040|113649|123146|123130|128121|123147|128128|113058|128141|113039|110067|127016|123089|113532|128033|127042|128127|128145|113567|127035|128129|128049|128075|123151|128044|110060|127060|127039|113505|127063|127005|128021|110064|123044|123080|113545|113060|113549|128133|123112|118016|113024|110088|123125|110070|128090|128134|113598|111002|123129|113048|123105|113027|123002|113037|123156|128040|113051|127033|113030|111000|113628|113504|127043|127014|127007|113045|128076|123100|128109|113622|128069|123139|113600|111005|123132|127058|113056|113629|110087|123157|123110|128025|128097|123119|110086|113648|127019|113656|127052|123087|113634|113546|128071|127018|110075|128026|123149|123127|113654|123098|123010|123082|110074|127036|113588|127061|123091|123150|123120|128144|113524|128137|127021|127059|113054|123052|127034|110052|110063|111001|127055|113519|113526|113052|113021|123025|113618|123144|113565|128082|113632|123103|113577|127069|118003|123061|127054|110047|113561|123050|128120|110073|127015|123035|118013|128039|123088|118017|123108|111004|123118|123152|118012|113542|113563|128053|127030|123077|113653|128078|123153|113651|123075|113619|127071|113602|127026|111003|123048|127062|123106|123154|110045|118011|128143|123085|128023|128140|110072|118014|123145|127056|118018|113604|127067|123090|128132|118019|113046|123136|113053|127017|113594|113636|123022|128105|113525|128123|113043|123078|113579|113610|123071|110058|128101|113621|123131|127022|128122|113578|111006|113061|123142|123123|123114|113047|118009|118006|127070|113655|128056|127037|110082|113601|127025|127068|110062|113615|123109|128036|127065|113650|123054|123059|127024|123141|113530|128063|113049|128070|113643|113605|123004|113641|123121|113585|123155|127053|118008|113606|128135|127031|128079|113042|127064|113535|127047|123128|118000|127050|113059|123115|113644|110048|123134|113527|123096|118015|127046|113566|123056|123049|123064|128142|128117|127051|118007|110076|113652|127038|127044|123083|110055|123099|118005|118010|113639|123122|128091|113593|113597|123117|128131|128035|113573|123138|113638|113623|128072|118004|123038|127041|123116|110059|123012|127066|128108|113625|113608|123057|123124|128125|110081|123011|123140|128136|128116|123113|113624|123101|128017|128118|113582|123148|123126|123067|128074|123076|128106|123039|113616|123060|123104|113626|128138|123092|127057|113025|113569|113589|123093|113633|123065|128030|123135|128095|113646|113627|113016|113596|110044|113575|113574|123046|128041|123018|123072|123034|123031|113584|113537|123143|113534|128111|123013
2022-11-01,2022-10-31,113044|128081|113050|110053|110061|113591|127032|128130|128087|110043|110084|110083|110080|128048|110077|110085|128034|110079|113055|113033|128119|127012|127006|113631|127027|113570|128037|123107|127040|113062|113057|128066|123146|123089|128128|128141|128121|110057|127045|113640|113516|113647|113649|113039|127016|113637|128083|127020|127028|113567|127049|128075|113058|128134|123110|128069|123063|128133|113532|113609|127039|128145|123080|113017|128021|113545|128049|113622|128127|127070|113060|113549|127063|118016|128042|123125|110060|127035|111000|127029|113504|128033|123112|123147|128025|123133|123156|123044|128090|127042|127005|123150|128076|127007|113024|123129|123130|127014|113657|128044|110052|127034|113045|113546|113027|128097|123091|127059|113628|110090|128040|110064|123149|127043|110074|118013|123157|128129|111004|113634|128109|127069|123098|127058|123127|128071|110070|123052|110075|123105|110067|113632|113561|127052|123087|128082|113505|123160|123100|127060|128144|113600|111005|127073|123082|113051|113526|113048|123120|110086|113524|111003|113598|127036|113654|123151|123010|127021|123139|123050|127019|123071|123119|113618|113629|113030|123158|113588|128120|111002|123090|110087|113056|123118|113619|123159|128078|123061|113577|127054|123144|113037|110089|113565|113563|123022|113656|128026|123145|123075|123077|123002|123035|113054|113604|123088|127030|127026|113658|118006|111001|118012|128137|110063|127033|128039|110088|123085|127061|123132|118014|111006|123048|113651|113052|118003|123025|113049|128143|127071|123153|113525|118007|113653|123152|127018|113519|113602|113043|123108|128122|110047|128132|113053|110045|127062|110058|123059|113021|118018|118011|128070|123136|118019|127056|123103|128023|118017|118009|127067|113621|123054|123131|128101|113542|113530|127055|123106|128135|110073|127015|113648|127022|123161|113594|118000|110062|113046|127064|113643|123123|110072|113061|128056|123141|123109|128053|128105|123114|113601|123155|123078|127024|127065|127037|110082|113610|128079|110055|128123|123140|123121|128140|113059|123154|113597|110048|113025|123142|127025|127050|123134|128036|127053|127068|113615|113605|113606|113636|113047|127031|113650|127017|113641|113579|113566|127047|123049|127046|123115|118015|113644|118010|113527|113585|118004|123138|128106|128117|123012|127051|123096|123004|127041|113042|123038|113535|123116|128142|123057|118005|123064|123056|123101|113593|113578|110076|128125|128063|128017|123099|128131|127038|123128|113573|113655|123124|128091|113639|123083|113625|113652|123122|127066|128072|118008|128108|110059|123104|113623|128035|123011|110081|123113|113608|123067|128136|128116|113638|128118|127044|123148|113624|123092|128074|113626|123076|123126|113582|113646|127057|123039|113616|128095|123093|123060|123143|113569|113589|123135|128138|123065|123117|113016|128041|113596|123018|113633|110044|113627|113575|113574|128030|123046|123034|123031|113537|113534|113584|123072|128111|123013
2022-11-11,2022-11-10,113044|110053|128081|110061|128087|110080|128130|110063|110083|128034|110047|113033|113591|110084|113050|110043|128048|127032|128119|127006|110077|113631|127012|113058|128037|110057|110085|127040|127027|128127|110079|113570|127049|113640|113017|128066|127045|123107|127016|128083|113062|113516|123162|113055|127005|128044|113057|123146|113649|123063|127020|123089|113609|128141|127028|127034|110060|127039|128042|118016|127029|123156|113647|127035|128049|110067|127042|113545|123147|128133|128075|123133|113549|123141|113532|123129|113622|113567|128121|113039|123125|128090|123080|113637|128033|128145|127063|123044|128129|123112|128097|113060|113600|128021|113598|113045|110075|111004|113632|127060|128069|113546|123082|118022|111000|113628|123151|113505|127007|128071|127069|123130|110074|113024|128076|110052|110070|123119|113519|123157|123090|123127|127043|111005|113051|113634|128144|113657|127059|113056|113530|110064|127019|128137|113054|127014|128128|123010|123100|123098|128078|110086|123149|118013|118023|113629|123087|113524|118021|127070|113654|123105|128134|113048|123150|123071|113565|127073|127021|113037|113526|127052|127058|113504|123077|128109|113563|113588|111002|127054|110090|113561|123158|123025|127018|113577|110087|110088|123002|127033|127036|113027|127061|128039|123120|127074|113052|113618|110089|111001|123050|123061|123091|123118|128082|128023|113030|123035|123059|128120|113656|113525|118009|128026|123103|113651|123160|123088|118012|123132|113643|123022|123052|123159|128079|123075|113021|128143|113049|110073|111003|127055|118003|127026|127062|110045|127030|113653|113619|123136|127056|113043|128123|113610|123048|123153|118020|111007|113542|128135|113658|123108|123121|123106|123152|128132|123144|123145|111006|127072|110072|123109|123078|113053|113604|113602|113648|127071|123123|118011|127015|113606|110058|118007|118014|127067|118006|128056|127046|127022|113046|113601|128122|113594|118000|123134|128105|123085|123114|123054|123131|118017|113636|128101|127053|113641|127037|113059|127047|128070|123163|118018|123161|113566|128140|123140|123154|123096|123155|127064|127025|113061|128040|113621|110062|123049|127024|113644|113527|118019|128063|123064|127050|127068|123004|123099|128142|113579|128053|113047|127031|127017|123142|113650|123115|110082|128036|113605|118008|118015|123128|118004|113652|123138|113578|110048|113655|113615|113597|110076|123116|128117|113042|127065|127051|113625|123057|128106|113535|127066|113623|118005|128125|123056|127041|123038|127038|118010|110055|113593|128108|128131|123012|113585|113646|128072|123113|128091|128025|113639|113025|113638|123101|113573|123122|123148|110059|127044|123124|128118|110081|128035|123011|128136|128116|113582|123083|113608|123104|113624|128074|123039|123135|127057|123126|123143|113616|123076|128138|113626|113569|123093|123067|123092|123060|113589|123065|113596|128095|113633|123117|113627|113575|128041|113574|110044|123018|123034|128030|123031|123072|113584|113534|123046|113537|128111|123013
2022-11-22,2022-11-21,113044|110053|128081|128048|110047|128034|110084|128087|110043|110063|128130|113033|110061|127012|113050|110083|113631|110080|110079|110085|113591|127032|110077|127040|113570|127027|110057|127049|127045|113058|128044|127028|128037|128083|123164|113640|127006|113062|128127|113017|113647|113516|113055|113622|128119|128075|128066|127060|113057|123146|128133|123162|123107|127020|113609|123063|127029|113532|127063|128049|127016|128141|123089|127005|127042|123147|113549|123141|127039|113545|113039|111002|110060|128033|118016|127075|127035|123080|128042|128145|128121|118021|127034|128144|111004|128021|128090|110067|123133|123129|127050|113567|113045|118022|113060|113637|123130|127043|110074|128129|113048|113024|123156|123044|113505|123105|123112|128078|113634|127019|123098|123127|110086|113632|127007|123150|123119|113546|123157|123125|123118|110070|123082|118013|111000|113628|123158|128128|127014|110052|110064|123120|123071|113649|123087|118024|110075|128071|128134|113588|127021|128097|113054|113600|127069|118003|113524|113654|128137|113610|113659|123149|128076|113530|123100|113657|127054|113563|110087|123090|127058|113629|127030|127036|128109|127033|113526|123010|123077|113519|127052|113056|123160|113618|127026|113594|127061|123144|127059|123052|113565|118012|110090|113037|127018|113504|123121|113577|123025|113052|118020|127073|123050|113561|123103|128082|113027|123022|127055|113643|111007|123091|123059|127074|113619|123132|123002|128140|118023|113602|127070|113525|128143|118025|127062|113653|128122|118018|110089|118011|123075|113598|123109|128120|128039|111005|123035|118009|123151|113651|127072|111003|123061|123048|113601|123165|113604|123145|110088|123159|113648|127071|113030|128023|113021|113656|113636|113621|123136|113542|127037|118007|127056|123152|127076|128132|123078|118019|123115|110045|123153|123123|123088|118017|110073|123140|111001|113043|123064|127067|123106|123114|128101|113049|128105|123163|118026|123131|123054|123108|127015|128135|113046|118006|113053|113605|110058|123155|128070|127022|113658|113061|127047|128123|113641|110072|118014|111006|118000|128026|127053|113566|113606|127025|127017|110062|128117|123096|128056|113047|123134|127024|113579|123085|123161|123154|127031|113655|113644|127046|113059|110048|123116|127064|118015|123049|113527|118004|128036|113625|128063|110082|127068|123142|128079|113650|127038|128142|123128|127044|123148|123004|110055|127051|123113|123099|113646|110076|113578|118010|123138|113623|128125|128106|128040|113615|118005|118008|123101|113042|123056|127065|128131|123124|113639|113593|123038|123143|123122|113535|113597|127066|128108|110081|113638|113585|113652|127041|113573|123083|127057|128035|113025|128136|123012|128072|113582|110059|128091|128053|128118|113626|123011|128116|123104|113624|128074|123039|123135|113608|123057|113616|123126|123076|128025|123067|123060|128138|113569|123093|123065|123092|113633|113589|128095|113596|113627|123117|113575|128041|113574|110044|123034|113534|123031|113584|128030|123046|123072|113537|123018|128111|123013
2022-12-01,2022-11-30,113044|110053|128081|113050|110084|110047|113033|128087|128130|110063|127032|113647|113631|110080|110061|110043|128034|127012|110083|110085|110079|113591|128048|127049|110077|113017|113055|113058|128083|127006|127040|127027|128127|128037|113570|127028|113640|128133|110057|128141|113057|113622|113516|127045|113062|128078|127016|113609|128044|123107|127020|128119|123089|113039|123146|113532|123162|128049|128129|127029|111004|128066|123063|127050|127060|128075|113545|127034|127035|123141|127005|123147|128121|123125|127042|113567|118016|118022|113549|113637|127058|123080|128090|110060|113632|113051|113045|127063|123129|127039|110074|111002|113024|123123|123044|113054|128042|123112|113048|110064|127075|123133|110067|123164|113063|110070|123130|113056|113563|123098|123105|113037|123156|113060|128033|127043|110075|113628|113634|113052|128144|113505|128145|127019|113021|128071|110052|128134|110086|113657|113629|113546|127018|127014|123082|127055|123157|128109|113654|128128|127033|127054|127007|123119|118024|127069|113600|128097|123071|118021|123150|123010|123087|128076|127061|113504|113519|123151|123127|123052|113565|123120|118012|113526|123158|127021|123149|110087|123075|127026|113601|127036|123166|123090|127070|123144|123025|123035|128137|127059|113588|110045|127073|111000|113598|113524|123077|127052|123050|127056|113577|127071|113659|110073|118013|113618|128082|113561|128143|123118|113030|113027|110090|110089|128132|123160|123100|118003|123091|113656|123132|110088|118025|113649|113049|123121|113602|118023|111007|113653|118026|128105|118018|118009|118020|123048|128039|123103|113525|110072|123064|128023|123159|123136|123059|127047|127076|113594|123022|111003|123165|123078|127037|111001|128026|113043|113530|113636|113619|128122|113648|113542|113658|127030|123106|128120|127074|113625|111005|127015|123061|123145|128135|128140|123109|113610|113604|118014|127062|113046|127022|123153|127067|113651|113643|123108|123114|127072|128123|123115|111006|123152|113047|118019|123142|113566|123140|113053|113621|118011|110058|118007|128101|123054|123131|118000|113641|113650|113644|123128|127024|123088|113655|128070|118006|111008|127017|127046|123163|127031|127064|123134|128056|123049|113605|113579|113061|127053|127038|128117|123154|113527|110082|127025|118017|123085|110062|128036|128040|123161|113606|123155|128063|123004|127044|113059|113042|113623|127068|110048|128142|113578|123096|113585|113535|113646|118015|123148|118004|123138|113615|128125|118005|127065|128108|123056|128106|123116|110055|118010|113582|123083|127051|110059|127057|110081|110076|113593|113652|123122|113639|128131|113597|123101|123113|127066|123099|118008|128079|128035|128072|113638|123060|113573|123038|128136|123143|127041|128091|123124|123011|128074|123135|128095|128116|123012|123067|123057|128118|113626|113624|113025|128053|113608|123039|113616|123076|123104|123126|123065|128138|113589|113633|113569|123093|113574|123092|128025|113596|113575|113627|123117|110044|128041|113534|123034|128030|113584|123031|113537|123072|123046|123018|128111|123013
2022-12-13,2022-12-12,113044|110053|110047|128081|113033|113631|110043|110084|110063|128087|113647|127032|128034|128048|123125|113050|128130|110079|128127|127006|110080|110077|127012|110083|127049|128141|127027|110057|128083|113058|123107|127020|113622|113570|128133|113055|113640|127045|113591|113062|113516|127040|128119|110061|127060|128037|110085|113632|111004|123146|113017|123063|128129|127016|127035|123162|128075|128121|128049|123089|127029|118022|113532|113057|113609|113051|123147|113657|128044|110045|127063|128066|113549|113567|113064|127034|123133|118016|111002|128042|113637|127042|113063|113545|110060|110075|123150|123105|127039|123141|113660|111010|110074|128145|111009|123082|127075|123080|123169|113628|123044|127028|113039|127050|111000|123112|123130|123119|113052|128097|123144|128090|110067|123120|113037|123129|113519|110070|113056|128137|123166|127005|128144|128128|113060|113021|127058|127036|128071|113634|118024|127043|110064|113546|113588|113054|113024|128109|113659|113629|123164|127073|113048|123151|113654|127019|123149|110086|127054|123167|113505|113563|113045|128076|123158|110052|113504|123127|118021|110087|123052|123156|113526|113656|127026|123098|123071|123087|113565|127055|127061|123091|113625|123103|127018|128135|127033|127070|128078|128082|113618|123010|127007|118009|127059|113598|118013|118020|110073|127047|123025|113524|113030|127014|123159|123160|113577|123075|123050|123157|118012|128039|127052|127056|113648|110089|123035|113027|123165|113542|128134|110090|118003|127076|113658|113600|127030|110088|118023|113561|123022|123132|123077|113651|113601|123121|113610|123090|128143|111008|127021|128132|123100|123048|113649|113049|123059|113602|113047|127072|111007|113594|113653|123078|127071|123108|127069|118018|123140|123131|111001|128026|118025|127074|113604|127062|123153|113636|127044|113046|113530|128105|123106|128120|123061|113619|123114|118014|123142|123134|123109|110058|113641|123136|123163|123064|110072|111003|128140|128101|128142|127015|127037|123115|111005|113043|123152|113655|128123|113605|118007|123154|123096|118026|123085|110048|113527|127017|127022|128033|123145|128040|118011|113053|127031|123113|127067|127046|127066|113525|113059|113621|110062|128122|118006|111006|128117|128056|118000|127025|113643|123088|113579|113061|118019|127068|113650|113623|113566|128070|113606|128036|118017|123054|123128|113644|113042|127024|118004|123049|113638|127053|110082|118008|127064|118015|127038|128079|128063|123161|123155|113646|123004|110081|123138|113578|123056|113639|113573|123116|113535|128125|110059|118010|127065|128106|123143|128131|110076|123122|113593|118005|127051|123083|128108|128136|128035|123118|113582|110055|113585|123012|123148|113597|123101|113652|123104|123124|128072|123038|123099|113615|123067|123060|127041|128074|128116|123011|123039|128118|113624|113616|128053|123126|113626|113608|128091|123076|113633|123057|128095|123065|123135|123092|127057|113025|113589|123093|113569|128138|113574|113627|113575|123117|113596|113584|110044|123034|113534|123031|128030|123072|113537|123018|123046|128041|128111|123013
2022-12-21,2022-12-20,113044|110053|128034|128087|113033|110084|113631|110043|128081|113050|128048|110080|113647|128130|110063|110047|110083|127027|110077|127006|128141|127032|110079|128037|110057|113065|113570|127028|128127|123107|127060|113055|127012|128119|128083|113632|110061|123162|127049|111004|123063|128133|110085|113058|113516|113622|128075|113051|123089|127045|113062|113640|113057|113663|113591|127040|113567|123098|127063|113017|128145|111002|127029|128121|128033|127058|127020|127035|123105|123080|123146|123144|127016|110045|113039|128049|118022|127054|123147|113549|110075|113545|128129|113648|123169|123168|128042|123156|110074|118016|123141|123150|123151|113637|123133|110060|113525|128128|113532|128044|128090|113060|127075|127039|127050|113629|111000|128066|127070|111010|113657|123044|127042|113634|111009|128078|123130|123166|113063|113660|113609|113504|127043|123078|127036|113563|123112|113045|113649|113618|128109|110070|123149|123119|113654|128144|127034|113064|123164|127019|110064|113048|128137|128097|127030|127005|110067|110048|128076|110086|113052|113024|113628|123167|123022|127073|123085|110087|118009|123120|127007|118024|113598|113625|113054|127014|113030|123035|113056|118021|123082|128071|113546|123087|123170|127021|118020|123158|123071|127055|123121|128082|123052|113651|111007|113037|128134|113021|113656|113524|127069|113526|123129|113565|113643|110090|127059|128140|113659|123127|123103|113655|127018|110088|113027|118023|123025|123091|123159|123114|118003|123157|113610|113505|113588|127056|110073|113047|127047|113519|123090|123075|110089|110052|123010|128101|123160|123171|111008|127026|127052|123165|118013|113561|118012|123134|127061|128135|113658|123050|113653|113602|118014|113621|128039|128143|128079|113577|127037|127062|113619|123140|113542|113049|123048|127064|127074|127072|118011|123059|111005|128132|123115|127038|113600|123154|123152|127076|123100|118026|118025|118019|118018|128120|123077|123061|128040|127044|123136|123132|113059|127066|113530|113053|123153|113046|111003|123108|113043|113636|111001|127033|123131|123096|118017|111006|113601|127071|128123|127067|113527|127046|123106|110072|127022|128142|127031|128105|113639|113623|123145|123109|128056|113594|127015|123142|113650|113604|110058|128117|127025|123163|113641|127017|118007|123088|123054|118006|113061|113579|123148|113605|123012|110082|123064|128122|123083|113644|113566|123113|113582|127024|113606|110062|118000|127068|123118|118008|113638|128036|123049|113042|123161|128070|123056|113585|113646|118004|123143|123128|127065|113597|118015|127053|110055|123155|128106|128063|113573|113535|128091|113578|123138|110059|128125|110081|123122|110076|123116|128053|128131|113615|123067|123101|123038|127051|123124|113652|127057|113593|128136|123057|128072|128035|118010|118005|128108|113626|127041|123039|128116|123011|128118|123099|123104|113616|128074|123126|113608|113624|113025|123135|123092|128095|123076|113589|113633|123065|123093|128138|113574|113627|113569|113575|113596|113534|113584|123117|110044|123031|123034|128041|113537|123046|123072|128030|123018|128111|123013
2023-01-03,2022-12-30,113044|113033|128081|110053|110043|110047|110063|113050|128048|128087|128130|110084|128034|127032|110079|113631|113055|110080|127027|127006|113647|128141|127012|113058|113065|110077|110083|110057|128037|123151|127028|113062|128127|127040|128119|127060|123107|113570|128083|128145|127049|127029|113632|113591|128133|123129|123162|127020|127042|110085|127045|123089|128128|128097|113567|123063|110074|111002|113622|123080|113640|128075|123146|113663|127016|127063|113516|111004|113532|123144|127035|113637|113048|113063|128044|127033|113057|123147|113545|123156|113039|127039|128109|113051|113052|127070|127055|110075|113549|128129|123105|123133|127050|123141|123098|110045|128090|118022|118016|123130|128042|111000|123158|110061|128121|128066|123119|110086|128049|113060|113629|123085|127043|123168|113565|113648|111005|128076|110087|127007|123078|110070|123112|123044|123150|123166|113618|127054|113660|127005|123169|110060|110064|123099|113661|128071|128144|127075|118027|113657|123022|113609|113504|127021|113054|111009|123120|118012|113625|123071|118021|123164|113045|113649|113047|113662|127034|113021|127036|110067|128137|123149|113598|128082|113064|123035|127014|113030|113654|113634|118009|113655|113526|123167|113056|113563|113628|113651|111010|123121|123171|123103|127056|113643|127059|123075|123010|111007|113037|127030|127069|113524|128135|123025|123082|113027|127074|123170|123127|128078|123090|123087|110088|123091|127019|113602|128101|127072|113546|113656|128134|111008|127073|123134|127026|113658|113588|123159|118003|123052|123114|127058|111006|113505|127061|118025|113519|123165|113659|110048|113542|118006|118014|123100|118024|123160|128040|127052|127037|113600|113619|123131|113024|127076|110090|118008|113577|123157|123077|118018|118020|113561|123050|123108|123152|118013|118023|110073|113530|128142|123059|127047|113621|128079|113636|128039|111003|123048|128132|113579|127064|118019|123145|113610|113046|128143|127062|123140|123132|113049|127067|113059|127071|110089|127022|128140|123113|123061|128105|111001|118017|123136|128120|113653|123115|127038|123154|127066|127015|127046|128123|110072|127031|127018|128056|118026|113604|118007|113623|118011|113053|127025|113594|110058|123088|113601|123106|113597|113605|123153|123012|127044|110082|113644|128036|127017|118004|123142|113639|123054|113641|113061|123109|123148|113527|113650|113606|127065|110076|123096|127024|113043|123083|118015|113566|110062|118000|128070|123163|113042|128122|127068|110052|113646|123049|113638|123064|123056|110055|123067|123143|113582|123155|128063|123128|127053|123138|128117|128091|113573|113578|113585|128106|110059|123057|123116|113535|113652|113615|128125|128053|110081|128136|123118|128074|128131|123101|123104|123122|118005|128072|118010|127051|127057|123038|123124|128035|113593|123039|128116|113626|128108|127041|113616|128118|123092|123011|113624|113025|123135|128095|113608|123126|113589|113633|123065|123076|123093|128138|113534|113627|113569|113575|113574|113584|123117|110044|113596|113537|123046|123031|123034|128041|123072|123018|128111|123013
2023-01-11,2023-01-10,113044|110053|113033|113050|110043|128081|127032|128034|128087|128048|110047|110063|113631|110084|110079|110083|128130|113647|110077|127027|113065|123105|110080|113516|128037|127012|128141|127040|128127|113055|128119|110057|113058|113570|128083|113062|113591|123107|123146|127042|127006|127045|127060|127028|113632|127049|123063|127020|128075|118028|127029|127035|123151|127033|110075|128128|123129|123089|111004|128145|113622|128133|113549|127077|113545|110085|123141|113609|127016|128049|127055|113567|113640|127063|123162|111002|110045|110061|123144|123147|128144|127078|113663|118016|128066|128129|110074|111005|113048|113532|118022|123044|113051|113057|128042|113052|113039|123168|123158|123133|128121|127005|127039|123130|127075|113637|113618|128090|123166|113063|127034|123112|110060|113060|113629|128097|110087|123156|127054|127050|113021|110070|123127|113657|118021|110064|113054|123120|113628|111010|128076|128071|113546|118029|110067|128134|123099|110086|113651|113648|123119|123090|128109|113056|113598|123087|113634|127014|123169|123149|123035|127047|113024|128137|123150|127043|113662|123167|127070|123078|113045|127056|127021|113030|123022|110091|113526|123091|118013|127026|111009|110088|123085|113660|113565|118009|113563|123077|113530|113625|113047|113654|113037|123075|127059|128082|113027|123154|113656|123160|127007|123164|123170|113588|123098|113505|113643|113600|111006|123103|113649|113655|127036|123100|123171|118027|113064|118012|123134|111007|127069|123121|118006|127073|123052|123165|123010|113542|113659|118023|123059|118025|123152|127061|113524|111000|127052|123071|127019|123172|118024|118003|113519|123025|123131|123159|113577|127018|123082|128143|110073|127074|118008|118020|113664|111008|113602|123050|128044|127076|128135|113661|123153|128105|110090|123140|118014|123157|113561|113504|113658|113619|113605|123132|113059|110089|127072|128101|113566|118019|113610|123136|128039|123108|127062|123114|123080|123048|127044|113604|111001|128040|127071|113636|113046|127067|127030|118026|113621|113579|118018|123115|113043|127058|127022|111003|123145|110072|123142|118011|127066|113594|123109|113653|118017|128123|123061|113049|128132|113061|127046|123106|128142|128074|118007|113639|123113|127064|110048|127031|123054|128078|110058|127015|127017|113641|128120|128079|123088|113053|127025|128056|123155|113644|127037|110082|127024|113623|110076|118015|113606|118000|118004|113601|127053|110062|123163|128122|113527|127038|127068|123096|128140|128070|128036|113042|127065|123161|123143|123012|123049|113650|128063|113646|128125|123056|123128|113597|123138|113573|128091|110081|113638|123118|123064|110055|123083|110059|128117|128053|123116|113535|113652|123038|113582|128106|127051|123148|127041|128131|110052|113585|123122|123067|123101|118010|128072|118005|123104|128035|128116|128136|123124|113593|127057|113616|113615|123057|123039|123011|128118|128108|113624|113626|113608|123092|123126|123135|113633|113025|123076|113589|128095|113574|128138|123093|123065|113569|113627|123117|113575|113596|113584|110044|113534|123031|123046|123034|113537|123072|128041|123018|128111|123013
2023-01-30,2023-01-20,113044|110053|113033|128081|113050|110043|128034|110047|128048|110063|128087|113058|113065|113631|110084|123105|127006|110080|128037|127032|110079|110083|110057|123107|128127|128141|128130|110077|127012|113647|123146|113570|127040|113516|123063|127060|128129|128075|111002|127033|113591|113055|113632|113062|127027|127063|127020|113549|113609|128083|128133|127042|127078|127049|123089|123162|128119|128066|123151|127028|128042|113622|123141|113532|110085|110075|111005|128128|113567|123147|128044|123044|113052|128144|113056|127005|110060|123168|111004|127035|127029|113640|127034|123129|127016|118016|127045|128145|123119|113649|113057|113060|127054|113545|128090|113021|118028|128121|110045|113628|118022|113051|110064|127039|110070|113024|128109|128076|113039|123112|123130|127075|113037|123156|113637|113665|113546|110067|128071|128097|123127|110087|110061|113048|113054|128134|111010|113588|127050|123099|123158|123150|113618|110074|110073|123087|128049|113045|110086|127059|127055|123133|113524|123090|113526|123144|123166|128082|113030|113063|123091|123120|118012|113663|113657|113662|123167|123160|127014|118021|113565|113505|123075|118027|127026|123085|127043|113654|127018|123149|123100|123077|123169|113653|113659|123052|127073|113563|113629|110088|113648|118029|127019|123082|127036|123171|113634|123010|113530|127021|127072|111009|123131|113600|123134|123035|113602|127061|118024|113566|113660|123059|127056|118006|127007|127052|118009|113027|113047|110090|113519|113561|113664|113651|127070|128143|123103|123048|123022|123050|113577|113542|113656|113604|123080|123145|128040|123159|128137|111006|123140|127047|128132|118020|127069|110058|118003|118013|111007|113619|110091|113655|123164|113643|123121|123154|113598|128105|113059|118008|123170|118018|113594|113043|128039|118025|123136|123142|123165|110089|123098|127067|127076|118014|113504|123172|127058|123153|128079|123152|118011|127077|111000|127071|128135|113625|123071|128123|113636|123157|127030|123109|111001|113623|127062|123025|127074|127022|113644|127044|118023|113641|113658|123106|127066|113046|123078|128120|113049|111003|111008|118007|113064|128056|113661|110072|127015|113053|127025|123132|123061|123108|128101|118000|113610|127017|123115|110082|123054|118017|127031|123088|127037|113621|113579|123012|113527|118004|118026|113606|128142|123114|127053|113639|127064|118015|127024|113638|110062|113605|123096|113061|123163|123143|127068|127046|127079|113042|128070|113601|128036|123155|128122|118019|113650|128074|127038|127065|123118|123049|123113|113646|128091|128063|110048|110076|123128|113597|110081|128078|123138|113573|128053|128125|123064|123116|123056|123161|113535|128140|110059|110052|128116|123038|123101|127051|128131|128117|113652|123104|123122|110055|127041|128072|113616|118010|128035|118005|123148|128136|113593|123124|127057|123067|128118|123083|123057|113582|123039|128108|128106|113585|123011|113633|113608|113626|123135|113624|123126|113615|123092|123076|128095|128138|123093|113589|113574|113569|113627|113575|113025|123065|123117|113596|113584|110044|123031|113537|123046|113534|123034|128041|123072|123018|123013|128111
2023-01-31,2023-01-30,113044|110053|110043|113033|113050|128081|128087|110080|110083|113058|128048|113065|128037|110047|127006|110084|127032|110079|113631|128127|110063|110057|110077|123107|127012|113647|113055|128130|113516|113632|123146|113570|128141|128075|127020|113591|123063|128129|111002|127060|113062|127033|127078|113549|127042|110085|128083|128133|127049|127027|127040|127045|123089|123162|128066|127063|128119|127028|128049|123044|113532|113609|127016|128128|111005|113052|127034|128042|123141|113056|127029|110060|127075|128044|113640|113622|110075|113057|123168|113567|123151|118016|128144|113060|123147|127005|127035|113628|128109|113021|113545|118028|113649|110064|127054|110070|128090|128145|123129|127039|128121|113546|118022|111004|113665|123119|128076|113024|113051|123130|128097|110045|127055|113048|113037|127050|123112|128071|111010|123127|110067|123150|113637|113039|123156|123087|110087|113054|113618|123133|110073|127043|113063|113526|123099|128134|123167|113588|113662|127059|113648|110061|113524|110086|127018|123144|113566|123160|123077|113045|123166|113600|113505|113030|123091|123075|113657|113565|127036|123120|123090|123149|113653|118021|111009|127026|123100|127019|127014|113654|113629|118012|123082|110074|127061|123010|123171|113577|110088|123158|128082|123052|113659|127021|123085|128137|113563|118027|127056|118029|113530|113542|113660|113561|123048|113656|127052|113519|113663|118024|113602|128143|123131|113619|118006|123105|118020|113604|123080|127007|123035|128132|113651|123103|128040|128105|113643|123059|113634|118003|127047|113594|127069|113047|123140|123169|123050|123154|110091|123153|113027|123145|127073|123134|127058|128039|123142|123022|118009|127066|123165|110090|123136|113504|123109|123152|113664|127071|113625|123159|113043|110089|127076|113641|118025|113655|113598|127074|113059|127070|111001|127067|118011|123121|113636|128123|118013|123172|123170|118014|123132|123157|118018|113064|123071|127044|123061|123106|123088|123025|128079|111007|127062|128135|123164|110058|113049|118023|113053|113658|118008|127030|127022|127072|113644|110082|128120|128101|111000|113623|127015|113610|113046|113661|110072|123078|111003|123054|118015|113527|111008|118007|127031|127053|123115|123098|118026|127025|118017|128142|118000|113639|127017|127077|123096|113621|123108|113606|123163|113061|127024|127064|113579|123116|113638|127068|123155|113650|127037|113042|110062|118004|123143|123012|128122|123114|127046|113601|127079|113605|128063|128036|128056|113646|128070|118019|123113|123128|127038|123049|110081|128091|123118|113573|123138|123161|128053|113597|123056|128125|128078|110048|110076|123064|128074|110059|127065|113535|128140|127051|123038|123104|123101|110052|111006|128131|123122|128117|128116|110055|128136|127041|128072|113616|113652|128035|118010|113593|118005|123148|123124|127057|123039|128118|123067|123083|128108|123011|128106|123057|113585|113582|113633|113608|123135|123126|113624|113615|123092|113626|123076|113574|123093|128138|113589|113569|113575|128095|113627|123065|123117|113025|113596|113584|110044|123031|123034|123046|123072|113537|128041|113534|123018|123013|128111
2023-02-13,2023-02-10,113044|110053|128081|110080|113033|128127|128048|113065|113058|113050|110084|110047|128087|110063|113631|127032|127012|110057|127006|110077|113516|110083|113647|110079|113062|123146|127040|128130|128037|113649|123107|127063|127060|113549|123063|127020|127033|128044|113591|113055|110092|128141|127027|123089|127049|113570|127028|128066|128133|128083|123162|111004|128129|127016|127042|113628|113609|128049|128121|110085|128075|123141|127034|127045|113567|123150|113532|128042|110060|113632|113622|113048|111002|127078|111005|128119|113640|113024|113056|127005|123129|118016|123119|123075|113648|113057|127035|118022|127075|123151|113054|113060|127039|127050|118028|123147|110064|128128|113039|113051|123044|128144|123120|128109|127055|110075|113052|127054|123130|123133|123131|113545|118021|110087|113660|127059|110067|113665|111009|110070|123127|113505|127029|110061|128090|113546|113037|123149|113651|113524|110086|123091|123166|123087|113657|113565|123167|113629|123156|123144|110073|113618|123010|113602|128105|113530|113021|128071|111010|113637|123158|127036|113063|123088|123112|113563|127018|128097|113519|128134|127056|113526|113654|127026|110045|118012|118024|113594|123168|123100|113045|118013|123050|110074|123103|127021|113653|123099|127061|118011|123077|128143|113662|123052|128076|118003|123035|123090|113663|123059|127047|123159|123048|113634|113030|113542|113600|113604|123082|110088|127019|127073|123080|123160|113561|127052|127070|123157|113064|127069|123169|113658|113625|113504|123152|113636|123165|110090|113656|113659|128142|118029|113644|123171|113619|127067|128132|118006|118020|128137|113643|123164|123140|127014|127076|127007|123172|123170|118023|110089|127022|118017|110058|123153|123071|111001|113639|113566|127043|113588|111012|113577|127053|111011|123108|118018|123022|123136|113043|123154|123085|128039|113047|118030|123106|123142|123109|127072|118007|113527|113623|118009|113655|118014|123025|127074|123155|111006|127062|113046|113598|127071|127066|123115|118026|110072|123061|118027|123054|128082|118008|118025|127024|113664|127015|123145|128135|113610|127046|127030|123132|113059|113053|113661|128123|127064|111000|110062|123096|113579|118000|123121|113061|123078|110082|127077|111008|127031|113049|113641|110091|123056|128079|113606|127025|123116|127068|127017|128074|128120|111003|123163|128101|128063|127044|128056|118019|113650|118015|113621|123114|127058|113573|113601|113027|123122|128122|127079|127037|113638|123049|118004|127051|123064|113646|113042|110081|123138|123143|128125|123128|127038|128078|123113|113597|128036|128053|111007|128131|123011|127065|110076|113605|123038|123161|110052|113535|123098|123012|110048|128140|127057|128070|123101|128072|118010|128091|128117|128116|127080|113652|110059|127041|123148|128136|123104|113593|128118|113616|123124|110055|123067|113633|118005|128106|113608|128108|123083|113582|113585|113626|123057|123039|123135|123118|113624|123126|123076|123092|113569|113615|113589|128138|123173|123093|128095|113575|113574|113627|113596|123065|123117|113025|113534|110044|113584|123046|123072|113537|128041|123031|123034|123018|123013|128111
2023-02-21,2023-02-20,113044|110053|128048|128081|113065|110080|110047|110057|113050|110063|128087|113033|113631|113647|127032|113609|128127|110084|110083|127012|113062|128130|113567|113516|123146|110077|113058|127060|127027|113055|127006|113591|127033|127028|128037|127040|111004|127020|123107|110079|128083|128049|113640|128133|127049|127045|127042|113549|128075|127063|127005|127016|111002|128119|123162|123089|128141|128129|128044|110092|128042|128066|123063|128144|127078|113649|110085|123141|113056|113570|127035|123147|123129|123151|127029|111005|113057|127034|113051|113532|118016|127075|110075|123119|123150|118028|110067|128121|118022|113632|123130|110064|113024|113060|123153|113054|123075|113048|113039|128128|110074|127050|123127|123133|128109|113651|118021|123149|127039|123131|113052|110087|113637|113524|113628|110060|110073|127055|113545|113648|113622|110086|128090|123044|113634|123077|113665|123168|127056|113546|123087|128071|123112|113657|110070|123085|113600|127021|127059|128134|111010|123120|113655|110045|127054|113037|118013|110061|113563|123157|113618|123167|123158|113653|113629|127018|111009|123035|113505|113594|123010|123144|128097|123090|123099|127026|118012|113660|127036|113565|113663|123088|113021|113519|123169|128076|113064|113662|118003|113526|113530|118023|127069|127074|113602|113636|127070|123156|123091|113063|128137|127052|123116|113527|128142|128105|118011|123166|113658|123048|127047|110090|113625|123159|113542|113030|127073|127067|123152|123080|113644|118006|113045|123059|123022|127022|113561|127061|113619|123052|110088|123160|113588|113643|123155|123164|113504|113654|123100|123082|118024|113659|111006|127072|128143|123050|123071|113604|113623|111011|123103|113577|127071|113639|127007|127019|111008|113664|127043|123140|118029|118027|111012|110058|123165|123078|123170|127076|110089|118009|123121|110062|123172|113047|113656|127046|128039|113566|128132|113650|123136|123108|123171|127062|127030|113043|118018|123154|111001|118020|127077|123106|127014|123132|127066|113049|118030|123054|118007|123163|127064|118017|113610|123061|123142|113606|118014|110072|127053|127025|123025|127024|123109|127017|113046|127015|110091|128135|123145|111000|128079|113059|118008|123114|113061|128082|127044|127031|128123|128101|123115|113053|111003|127038|128120|113579|123096|128122|110082|118025|118026|113573|128074|128056|113638|113661|113601|127037|118019|113641|127058|113598|123113|128078|118004|118000|113621|128063|123056|113646|123064|127068|123049|113597|123012|113605|127065|128036|113042|111007|123138|118015|110052|123122|127051|123128|128125|128131|113027|110076|113535|123143|128140|123038|110048|128072|110081|123067|123161|127041|123098|128117|128053|123148|128116|113652|127057|110059|123101|128118|123011|118010|123057|113593|123104|128136|123124|128070|128091|113633|113616|123039|128106|128108|123083|113608|127079|110055|113624|113626|113585|118005|123126|113582|123092|123076|113569|123135|128095|123118|113575|113589|113615|128138|123093|113627|113574|123173|127080|113596|123065|113025|123117|113534|113584|110044|123046|113537|123072|123034|128041|123018|123031|123013|128111
2023-03-01,2023-02-28,113044|128048|110053|110047|110063|110080|113033|128081|113050|110057|113631|113065|110083|128087|113516|128130|127012|127032|110077|123146|113062|113058|127006|123107|127033|127020|128127|111004|113647|113055|113591|110079|128037|110084|128049|127040|127060|128083|127016|127063|113549|113609|127049|128141|113570|127045|113622|127035|111002|128133|127028|113649|113640|123063|110092|128075|128066|113604|123089|113632|127018|123162|127029|127005|128042|128119|127027|128129|113651|128121|113057|127042|128144|123141|128044|110085|110045|110075|113051|113532|127034|123147|118022|128128|113056|110074|127078|110060|113054|113060|113653|111005|123151|118016|123129|123133|128109|127039|127075|113024|123130|110064|123119|127050|113545|123150|127056|123149|113039|110073|113048|110087|110067|123075|127054|118028|111009|110070|110086|123112|113563|128090|123099|113637|123044|113524|128071|118021|123087|113052|113628|127026|113505|113546|128134|113648|127021|113665|113634|123120|123169|123091|113063|113504|113565|123168|127059|128076|127036|111010|113663|113602|123010|127055|123167|123035|128097|113526|113657|123090|113600|113588|123158|113037|110089|113629|123080|123127|113618|123157|113625|127069|113594|128142|113519|113542|113655|118023|123144|118003|123077|113064|123085|127052|123052|118029|123153|123131|110061|118013|110088|118011|123156|113527|113561|123048|127047|113045|127074|113030|113021|128137|113662|113619|123100|113530|123166|113636|118006|128105|113654|127071|127073|123025|113658|113566|123152|128143|123164|113577|123160|127067|111012|123082|127070|110090|110062|123159|123022|123171|123121|113660|118024|127076|123170|123155|127007|123088|113623|127019|127022|111011|113606|110091|113656|118012|123136|127061|110058|123140|113664|123050|118009|123071|113659|123172|111006|123142|123103|123165|113049|127072|113644|128039|111001|123059|128132|127046|118027|113643|113639|123061|113043|127053|123108|127062|127043|123132|127030|127037|123154|127025|113598|123054|113046|123106|113047|113610|118030|127014|128082|123116|118020|127024|118007|128101|118017|111000|123114|118008|111008|118025|113059|113650|127064|118018|110072|127015|127017|127077|123115|123113|118014|128123|123145|123163|127031|128079|111003|113061|113661|128135|113053|123056|127066|110082|128122|127058|123109|127044|123078|127038|128120|127068|113573|128056|113601|118019|123096|113621|113641|113646|113579|118026|118004|118000|128074|113638|127041|128063|113593|113605|128036|123143|110052|127065|113597|123012|123049|113535|127051|118015|113042|128125|123064|113027|128131|123138|123128|128078|110076|123038|123067|123122|123161|110048|128072|128053|128117|113652|123098|123083|128140|127057|128116|110081|123101|111007|110059|123148|123057|118010|123124|113608|128118|123011|128091|128106|113626|123104|113616|128136|110055|127079|113633|128108|123039|113582|113624|118005|113585|128070|123126|128095|123076|123092|113589|123135|113569|113627|123118|113574|128138|113575|123093|113615|123065|113025|113596|127080|113534|113584|123117|123173|110044|123046|113537|123072|123031|128041|123034|123018|128111|123013
2023-03-13,2023-03-10,113044|110053|128048|128081|110063|110047|110080|127018|128130|113631|128127|113050|123146|113065|127012|127006|128087|110083|110084|113516|113033|110077|113058|110057|127063|113062|128141|127032|127040|113647|111002|128049|127033|113055|110079|123107|127020|123063|128083|128037|127045|127049|123136|128121|110075|113591|127016|127060|127028|128133|128066|123162|113609|128119|111004|110045|127027|113549|123089|128042|111005|123141|127050|128075|113640|123156|110060|123147|113649|128129|110085|128044|110092|113057|118016|128128|127035|123150|123129|118028|113654|113628|123130|113532|110074|113632|113048|113651|113588|123168|127005|113056|127039|113060|113051|127075|127078|127034|110064|127042|113021|113054|113024|111006|123133|123149|123085|110058|127054|123151|110067|128109|113655|123077|123112|127059|113663|123167|118022|123010|123119|113563|113653|113063|113545|113648|128144|123075|110070|128134|110086|113594|127026|110087|127036|123091|127069|118021|123158|113524|123044|123090|127056|113052|123087|113546|110061|113665|118029|128076|113604|110090|110073|113602|128071|123131|123127|111010|127029|128142|128090|113037|113637|123071|127055|113565|123099|123120|123048|127071|123157|127070|123059|123035|123022|113657|123080|123100|113519|123160|111000|127067|123169|123144|111012|123152|123170|113526|118011|113619|113618|113030|118023|113634|123153|111009|118012|123142|127043|123114|128097|123166|127007|127074|113064|113658|111011|113629|123121|118006|113600|123050|123145|127021|110062|128137|113045|123116|113530|127073|113542|123159|128082|127022|110091|118013|118009|127037|118024|123164|113643|110089|113625|113561|123052|128143|118018|118017|118003|127052|113527|127030|113039|123171|110088|128132|128105|113659|123082|127053|113662|123025|123174|127066|123115|127077|113566|123061|128039|127072|113644|127058|127019|113636|127061|127062|113656|127014|127046|113664|123103|113043|123078|118027|111001|123155|113577|123106|110072|127047|127076|118025|123165|118030|123172|123054|123108|113046|128101|113047|113621|113660|127025|127044|127064|113606|127024|123154|118020|123132|113049|113661|118014|113639|118007|113610|123096|127015|123163|118019|123113|113650|128135|113059|113027|110052|127017|113623|113053|128079|123012|128123|123056|123088|127031|128120|118015|110082|127065|128056|128125|127068|123109|113641|113579|111008|113535|123083|118004|118008|113593|127051|111007|128074|113061|118026|113601|123049|123140|113598|111003|113042|128122|127038|118000|113638|123138|123098|128131|113573|123122|123067|127041|113605|128036|128063|113597|128078|128053|123064|113646|110048|110076|123143|123038|123128|128140|123057|123124|128117|113652|128106|113626|128116|128072|110059|128091|123148|123161|110081|118010|123011|123101|110055|123104|128095|128118|113608|128136|123076|113582|113616|128070|128108|113569|123092|123118|118005|113624|127079|123039|123126|113585|127080|113633|123135|128138|113025|113589|113534|113627|113615|123093|113575|113596|113574|123173|123065|113537|113584|123117|110044|123072|123046|123031|123034|123018|128041|128111|123013
2023-03-21,2023-03-20,113044|110053|128081|128048|128127|110080|127018|110047|110084|127012|110063|110083|128087|113631|128130|110077|113065|113516|128141|113050|113058|113033|110057|127063|127027|110045|127016|127020|110079|127032|123107|128119|113021|127033|123146|123063|113062|113055|113647|127040|128049|113654|111004|127045|113057|110075|128066|127049|128083|123162|127060|113549|113640|127050|110092|113591|128044|113649|128133|110085|127035|113609|111002|127028|128042|128075|123089|123136|113056|128121|123150|118028|128129|123156|113651|110074|111005|123141|128128|123147|127078|118016|113060|110060|113532|123130|113051|123085|127059|113024|127075|113628|113048|110064|123077|127034|110067|110087|118022|127042|123091|113632|113054|123158|123168|123129|113545|123169|123075|111006|113655|127039|127054|113052|110070|113563|113648|113524|113663|127069|123167|110073|128090|127026|113653|128109|118021|113063|127071|123149|127070|123151|113546|118013|123133|110090|113588|113602|110061|111010|127043|128071|123087|113619|113530|123099|111012|123152|113665|123127|113637|127036|123144|127053|110086|123157|113618|110091|113037|128134|127056|123071|128144|128132|123100|123119|123010|111009|111011|113634|128097|113519|123120|128076|123050|113526|118011|118029|113594|127007|113542|123048|113565|113045|113666|123170|123153|123131|123175|113604|110062|118012|123112|127074|123090|118018|123114|113643|113039|113030|127021|123160|118003|123035|123080|123025|113600|113658|110088|123166|127077|113639|113625|128142|123164|127055|128105|123174|118023|123121|113064|113561|118009|127073|123159|127064|118006|111001|127030|113629|111000|113656|123171|128082|113664|123082|128137|113566|127025|110058|113043|123059|128143|118030|127058|128039|113527|127072|113657|118031|123115|123022|123052|123142|127029|113659|127067|113662|118024|113621|123116|113661|123061|123172|123108|118017|127061|127062|118027|127052|127037|127046|128101|123078|127047|127066|127022|110089|113047|123113|110072|110052|123106|113636|127015|127076|113577|127017|113046|113606|123155|113644|118014|123145|123154|123103|127044|118007|127019|127024|111008|123163|118015|128074|118019|123096|123138|113059|123044|127065|113598|123054|123057|118020|113610|123122|123132|123088|118025|127068|128125|113650|113660|110082|123140|128123|111003|128079|128120|113053|113061|128135|123165|127031|123012|128122|118008|128056|113623|113042|128131|127038|113535|123109|123056|113573|123124|127051|113641|123083|123143|118000|113579|127041|113605|113027|118004|113601|123049|111007|113049|123067|113638|113593|128053|128117|113646|123064|123128|110076|128116|113597|123038|128063|113652|123148|110048|128072|128091|118026|110081|110059|113626|128140|123098|128078|128106|123161|123076|123104|128095|123101|110055|128070|113616|128118|123092|123011|127079|113582|118010|113608|127080|128136|123118|128108|113569|123039|113624|127014|123173|123126|123135|118005|113633|113585|128138|113025|113575|113615|113589|113534|123093|113574|113627|113596|113537|123065|113584|123117|110044|123072|123034|123046|123018|123031|128041|128111|123013
2023-03-31,2023-03-30,113044|110053|128048|128081|127012|110083|127032|110080|110047|113065|110084|113050|113631|110077|110063|128127|128087|113062|110079|113033|113516|127020|128141|110057|113055|123107|128130|113021|127027|128121|128049|113057|127040|127060|128083|113058|118016|113647|110075|128042|127063|127018|113640|127016|128119|123077|113591|113056|113648|123146|110045|128044|127049|128128|128133|123063|127045|110085|127033|113549|123141|113649|123136|123162|113609|123089|111002|127028|118028|113060|113651|127035|127078|123130|113051|127050|110067|110092|113024|128129|111004|113052|110073|111005|123147|123085|127039|113524|113545|128066|110060|113054|128075|123156|111010|118021|123091|113563|123129|123087|113048|110087|127026|127054|123112|128134|118022|127075|110074|127059|123167|123150|113532|127036|127042|123099|113602|127034|113637|123116|110090|113619|127070|113063|110088|127029|123157|128109|123133|123151|123149|113618|123168|113546|110064|113655|110070|113588|113654|128090|111009|113628|111012|123178|113653|123100|123158|110061|118029|123175|111011|113526|123131|113045|123075|123169|113632|128071|128142|123144|127007|128076|123127|123035|113594|123071|123152|123120|127043|123166|113665|127074|110086|123050|113037|123010|118011|127069|128144|113530|128097|118003|128143|123090|110062|123119|113663|127055|123048|127053|113643|123153|127071|118023|118027|123142|113600|113043|123170|128132|127077|113666|118012|113604|113561|113625|113030|113634|127019|123179|123059|113064|123080|123160|113659|123159|110052|127073|113039|128137|118009|113542|123082|113662|113565|127067|127076|127056|123052|123176|127062|123174|123108|113629|113657|113664|127046|127021|123114|128082|118013|111001|113527|110058|113566|123164|110091|127022|113644|123172|123124|127052|110089|127030|123140|113636|113519|123025|118006|123171|123061|127061|118018|127064|111000|128105|123155|113577|113059|127066|123154|128039|113621|123078|113656|123106|128101|127025|127047|110072|113047|118024|123121|127058|118030|123165|123096|113661|123054|113606|113660|127072|113658|127015|123163|123022|123145|118007|113046|113061|118017|118014|123115|123103|113639|127037|123143|118031|127051|123109|118015|127017|127024|123088|123132|127044|127038|113535|123138|111008|123113|118008|110082|128135|118020|113650|128123|127065|128120|118019|113027|113053|127068|123122|113610|113049|123012|128079|113646|113623|128131|113573|111007|128074|113042|123067|113605|128070|128122|127041|113638|123038|118004|123177|123180|111003|123098|113597|118000|118025|113641|128056|113598|113601|127031|113593|123056|123064|123049|110076|128125|128053|128063|128116|113579|123128|123104|128091|110048|123101|123044|123148|113652|128117|110059|118026|113582|110081|128072|123161|127014|113616|127079|123118|113626|113608|123076|128136|128118|123011|123173|128140|128106|128095|110055|118010|128108|113633|123092|113569|123039|113624|113585|123126|118005|123135|113025|127080|113575|113627|123093|128138|113589|113574|113615|113596|123065|113534|113537|113584|110044|123117|123072|123046|123034|123018|123031|128041|128111|123013
2023-04-11,2023-04-10,113044|110053|128081|128048|110083|123107|110077|127012|110057|110084|110047|113065|110075|110063|113516|113050|110080|113631|113033|127032|128087|127049|128141|113062|110079|123112|128130|113055|113647|127063|127027|113021|113057|127040|113058|127016|113056|128121|118016|113648|127060|128042|127045|128083|128049|113640|110085|128127|123146|123141|113651|127018|123063|127020|128128|128133|118028|110073|113649|113052|113591|128119|127035|110045|113060|123162|128129|110060|127028|128044|113609|127033|127050|111002|113024|110092|123099|110067|123050|127021|113051|123130|110087|123136|123089|128109|123147|113532|110074|127054|123087|123085|118022|127075|111005|113054|113563|123091|127039|110058|113545|113524|111010|113549|128075|113045|111004|110088|123157|127070|113066|123127|123119|113619|127034|127026|113048|123149|123156|123150|127059|127043|113637|127067|123151|110086|113628|127078|128132|118021|128066|113602|123169|127019|113655|113530|127042|123152|110061|123035|123133|128090|110064|127036|113643|123129|128097|123010|123175|127022|123153|128076|127069|110090|113632|110062|123168|113527|113037|113625|128144|113063|113546|123075|123048|123100|113657|113665|127007|128134|111011|113064|127074|128071|113654|123166|123178|113618|123167|113653|113526|111009|127053|113594|113659|113030|118011|127052|110070|113663|123158|118023|123144|123071|113634|113600|118012|123160|123142|123059|123082|123120|118029|111012|118003|113666|113561|127077|113604|123176|123159|127071|127073|118006|113043|123171|123170|113664|113565|118018|128143|128137|127015|127055|127046|123096|118009|123172|127025|127066|111001|123108|111000|118013|113519|123109|113577|118015|123114|127076|128142|113656|123080|113588|128082|123154|113566|123054|123090|127061|123052|123163|127056|123061|118027|118017|110052|127062|113639|113662|113542|123131|110089|123174|128039|123121|128074|123115|128105|127072|128124|123138|110072|123164|128101|113629|123145|127044|123143|110091|127029|113636|118024|128131|127017|113047|123122|127030|113059|113623|123165|127051|123106|113046|127037|123179|123155|128070|118032|113660|113661|127024|118031|113039|123103|123140|127047|123124|113658|113027|113053|113606|118020|123078|118007|123022|118014|127058|111008|118019|128135|113621|113644|123056|123104|123132|123088|113597|123012|128123|118004|123177|128122|127065|113573|127031|113042|118030|127041|123180|113646|113650|123113|128120|113061|113535|113605|113610|110082|128079|123067|113638|113601|118000|113049|113579|118025|113641|118008|123044|111003|127038|123038|110076|113598|127068|128056|123049|113593|127064|113616|128063|123064|128053|110048|128116|123128|111007|110081|118026|123098|113652|128125|128091|110059|127079|123148|128117|113582|123101|123173|128118|123076|128072|128140|113608|123025|128136|127080|113626|123161|110055|123011|118010|123118|128108|127014|128106|123135|128095|113569|123092|113633|123039|123126|118005|113025|113585|113627|113624|113575|113574|123065|113615|123093|128138|113596|113534|113589|113537|113584|110044|123117|123072|123046|123034|123018|123031|128041|128111|123013
2023-04-21,2023-04-20,113044|110053|110080|128048|110083|128081|113021|113065|127032|110075|110057|123107|110084|127012|110047|110063|128130|113056|113050|128087|113631|128141|110079|113055|113062|113058|128083|128049|123146|123136|110077|127063|113516|127020|113033|127018|123063|127027|127028|128128|113640|128042|113647|127040|113057|113651|110085|118016|113648|127049|123162|110045|127033|128133|110093|127016|123141|113649|128119|128121|127060|127045|128127|127035|113609|111005|113591|113060|113052|113051|110092|123089|111002|123147|128075|118028|128044|123130|127039|113532|113628|113545|127054|128129|113024|123150|113619|123085|111004|110073|127050|113054|123152|110088|110067|123184|113549|113563|127078|118022|113048|123156|123087|127019|113602|123175|128066|123075|123133|113045|127074|123010|113665|123149|113524|110064|127043|123148|123169|128144|127070|127067|113066|127084|127052|127034|127022|127069|111009|128109|118023|113063|113530|110086|111012|123120|113643|113632|110090|123127|113594|118029|123050|128071|128090|113637|123071|123112|128076|123142|127036|123158|118021|128132|111010|113526|113654|113655|113037|127026|123091|128097|113663|128134|110074|110062|123183|123157|113030|110070|127042|113527|127007|128074|123119|123168|127075|113653|118012|110087|113639|123129|123151|110060|123059|123100|113546|128082|123178|128142|123099|113657|111011|113618|110058|127059|118009|113565|111000|123166|123140|118003|113047|113064|123035|127077|118011|113656|123080|123082|123144|118027|113588|118017|113577|123182|123170|110061|127030|113667|113604|123054|123052|123090|123108|127055|113659|123114|118006|123022|127071|127073|113561|123056|127066|127065|128137|123164|123160|113043|123153|118024|123048|113634|127025|113519|123174|111007|123096|123171|127053|110052|128143|123124|127015|123172|118033|127046|113636|123121|128039|123109|113606|123180|123167|123165|113662|123067|127061|123159|127062|128131|111001|113625|123179|127072|123061|113666|118013|123012|123145|113660|118018|128105|128056|123163|123177|118007|127076|113566|110072|123154|123131|123143|113542|123138|113664|118019|113039|113629|127051|128101|127056|113646|127024|127017|128070|127064|113600|118015|113046|113597|113623|118032|123103|118014|128079|113059|113658|127037|113042|113621|123106|113644|111008|128123|123185|128124|123122|127044|127058|128120|123155|128122|118020|113027|118030|110091|113049|118031|123038|118004|123115|123078|127031|110089|127079|110081|123113|127029|113535|113573|113598|123088|127047|123104|113610|113641|118025|113061|113661|113053|127041|113650|128135|127038|111003|123132|123173|110082|128053|123098|110048|110059|113638|113605|123044|123128|123049|128091|118000|113601|128063|127068|113579|127080|113593|113616|113582|123118|110076|118008|123176|113652|123181|128117|128072|123064|128116|128125|118026|128140|110055|123076|128095|123101|113626|113025|128118|113608|128136|128106|123039|123161|123135|123011|118010|128108|113585|113569|113633|123092|123126|113627|113575|123025|113534|113574|113624|127014|113537|113596|123065|123093|128138|118005|113589|113615|110044|113584|123072|123034|123117|123018|123031|128041|123046|128111|123013
2023-05-11,2023-05-10,113044|113021|110053|113057|128081|128130|110080|128048|128087|110047|110063|113065|127032|110083|110084|123146|113631|128128|113058|110079|118016|110077|113033|127063|127028|128127|113050|128083|110045|113056|128141|127012|123150|113516|111002|123136|128121|128049|123141|113649|123063|127027|127018|123130|128075|110092|113060|113062|127020|113532|123147|111005|128042|113647|128132|127040|123162|113628|127054|127033|128066|113549|113055|113054|123089|123085|127078|123107|128119|118023|128133|111012|113651|123156|128044|110075|127035|113591|113024|123190|113648|123010|127060|123075|127083|128129|118021|110085|127049|118028|110093|110067|127039|113609|123151|113051|127045|123127|110073|127074|110060|113563|127043|123048|127016|128109|110074|123184|127084|123112|113665|113052|123175|113527|127034|127042|113524|123149|123050|127050|110088|113526|113546|127070|113640|113048|127059|113545|113030|111007|123169|110070|127055|113663|123120|113637|123129|128076|113654|123166|128144|127007|113037|128090|128071|111004|118003|127019|123067|113632|127082|123080|110064|110052|128082|123140|123158|123142|127036|123035|113064|123119|123087|110086|113066|123189|113565|123071|113664|111011|127069|111009|123152|123183|123177|110058|113594|123164|113063|110087|123167|127081|113669|127073|123052|123193|110090|123168|123114|128142|113598|113588|127065|113643|110072|128074|127071|123091|123144|123178|118012|113646|113530|127075|113566|128097|123082|118013|123022|128134|113602|123059|123061|128137|127062|123170|127066|113655|123194|128039|123188|123157|111013|123185|111000|113619|113618|113027|123163|127030|128056|123187|128123|127052|123182|123165|110091|118030|113043|118029|127077|128105|123100|113561|128143|127072|127053|123160|123054|123153|113519|123133|113657|123078|127026|113660|123159|113604|123179|123012|118027|123138|113666|127025|110062|123099|113668|123180|113656|127024|113629|123172|113662|113667|123131|128070|127067|127022|113634|123108|110061|111010|113597|118009|128125|123171|123186|128079|113039|113644|123096|118007|123195|123090|128120|123038|113625|123174|127046|113046|127056|123143|118006|113621|118022|118024|113653|127017|113535|127076|118014|111001|111008|118011|113636|123056|118017|123154|113600|123176|127015|123106|123121|128131|113659|118019|127047|113059|113042|118032|128135|127031|113047|118033|127041|128053|113045|113049|118025|128124|113623|128122|113582|113577|118018|127061|113658|123181|127064|123124|118031|127038|113661|123173|113542|113639|113610|128140|110089|127058|127037|113606|123115|123103|111003|113025|123088|113650|113061|123049|127044|123155|123132|128091|127068|110082|128095|113641|123191|113601|128101|118004|127029|113573|110059|123145|118020|123113|113652|110048|118015|128117|123104|123109|113053|113638|113605|113579|127079|128063|123098|118000|123128|123064|128116|113593|110081|123118|118008|110076|113616|113585|110055|127080|128072|127051|123135|113627|128106|113626|123011|123025|123092|113537|123039|113534|128118|123117|128108|123126|123076|128136|113608|123161|113575|123101|128138|118010|113624|127014|113589|118026|113569|123065|113596|113584|113615|113574|123093|113633|110044|118005|123034|123072|123046|123031|123018|128041|128111|123013
2023-05-23,2023-05-22,113044|128081|110053|113021|128048|118016|128130|110083|110080|113058|110077|123146|110084|128087|110079|110047|110063|127028|123162|128127|113056|113033|113631|128128|113050|123141|127032|110045|128075|128119|113057|123063|113065|113516|123136|127027|127012|128141|128083|123150|127078|127063|123160|113649|128121|113628|113549|128042|127060|128066|111005|118028|128049|127018|123156|123190|113651|110092|123089|118023|127020|113647|127033|123147|113060|111002|113055|113532|111012|127054|123085|113062|113591|127040|110075|128133|113524|128044|113648|113646|123130|123107|127042|110067|113051|123010|123151|110085|123127|113609|123129|127035|123075|127034|123168|113546|123169|118021|127059|110060|123175|123112|127049|113048|118034|110093|128076|127045|113519|113024|113527|128129|123149|113526|123164|123166|110088|113640|128090|128144|127070|113054|123193|110074|127081|127055|113663|127039|123087|110070|113545|127043|127074|127053|111004|113063|128071|113052|128109|123158|123120|113030|110073|127050|123177|127016|113665|127082|123100|118029|123153|127036|127083|110090|123080|123184|127084|113632|123048|123167|113565|123194|113637|127071|127052|123159|123163|123140|127075|113563|128082|123142|123144|123061|123183|123067|110052|123185|128097|127007|123119|123152|128142|123052|113066|113037|110086|123035|128039|123178|111011|113619|128143|123050|113566|113064|111007|113654|113561|127073|123182|118003|110064|128123|113594|113530|123022|110087|123114|118012|123171|123082|123071|111009|113655|123091|128056|127019|113027|118022|113670|127062|123189|113657|113618|123108|128120|118017|111000|123059|127069|127030|123165|113644|118013|113667|113656|128137|123157|127026|123188|128105|127077|113588|127072|128134|110058|113668|127024|113664|123180|113669|128132|113604|113634|118006|123090|123133|127076|111008|113602|118011|110072|113043|118007|113666|128079|113629|118024|123170|123038|123172|123096|123143|127047|127066|123131|123056|123195|113660|118030|113625|123186|123174|123012|127065|110062|111010|123054|127067|123121|118019|113659|123154|113600|113598|118009|111001|113643|118027|128053|123106|110061|128070|113662|118014|127056|127022|113639|113577|113653|113601|128074|113046|118033|127041|123078|113636|118032|128131|123155|127038|123173|123179|128135|113059|113597|110091|113582|123138|123049|113045|113606|113658|118018|118025|123124|127046|113542|113061|127015|127017|127068|113042|127037|118031|123088|123099|113621|113039|128124|113610|113025|128122|113047|123176|127064|123132|127025|123115|123181|123187|113661|113049|113623|127031|127061|113650|118004|113573|111003|118020|110089|123192|110082|128091|128140|111013|128125|127080|123113|123109|123196|127029|113652|113641|123145|127079|127058|128063|127044|118015|128101|123103|113638|128095|123064|127051|113605|110059|113593|128117|123098|110048|123128|123076|113616|113053|123122|118000|128072|123135|128116|110076|113579|110081|128118|123011|123039|113626|113534|113569|128106|123104|118008|123126|113627|123191|110055|123101|128136|123092|128108|113537|123025|123117|113608|127014|123065|118010|113575|113624|128138|123093|123161|113589|113633|113615|113584|118026|113574|123118|113596|123072|123034|110044|118005|123046|123018|123031|128041|128111|123013
2023-05-31,2023-05-30,113044|110053|128081|110084|127028|128048|110083|113021|118016|113631|128130|128087|113058|110080|128127|128128|113056|110077|127027|127012|123146|127032|113057|113549|123190|110079|123160|123150|113065|123156|128066|128083|123162|110063|110047|113628|113516|123141|128119|110045|127018|111005|113532|110092|128042|113033|113050|128075|128141|127063|123063|127060|128121|128133|127020|123075|127033|128049|113649|123089|127054|123010|118028|127078|113591|123147|123085|113062|113651|113060|123129|110060|113647|110085|127040|123151|113524|111002|118023|127034|127070|110088|113527|113051|123082|110093|128044|110067|123130|111012|123149|123169|123175|113048|113054|123161|123107|127035|127042|113663|113546|113648|113055|113609|123087|123168|123112|123100|123120|127045|113526|110074|123166|127055|113063|123158|113619|128090|113646|123163|123153|113640|128076|127059|128144|127050|110075|123167|118034|127081|110090|113030|128109|113052|110070|127075|127043|127084|123159|123080|128123|113545|110073|127053|113530|113563|123127|127082|128071|127039|110052|113665|127083|127052|111004|128143|128082|123067|123050|127049|128129|127071|127085|113024|113064|127036|111011|123048|128120|123183|123185|118029|123035|111000|123052|123061|113565|123194|123144|128097|113027|111009|123071|123140|113654|127074|113561|123193|123142|123119|111007|127007|113594|110086|113566|128039|123143|123164|118017|113637|123091|123178|123171|123184|113037|110064|127016|127069|128105|127019|123096|113632|118012|127073|127026|123177|123090|118024|110087|123182|123152|118003|123165|113602|123108|113519|123022|123188|118022|127030|128056|113066|113670|127076|113059|128137|113618|113667|113657|128142|113669|127047|110072|127062|118011|118006|113644|123114|127072|113604|123054|123038|123170|127066|123131|113588|123059|123121|118021|128134|118013|118019|113666|123157|113043|123133|113655|113668|110062|113061|113643|118027|128079|127077|123012|128074|113629|118014|113664|110061|123172|123174|113582|110058|118030|113639|113634|123189|123106|118025|123195|111010|127067|128131|113598|128070|127024|123138|123078|123186|118007|128132|111008|128053|113659|113600|123180|127065|113656|113653|110091|127022|111001|113045|118018|113046|123155|123049|118033|127056|113601|113660|113577|118009|118032|123154|123056|123124|127046|113039|113636|118004|113662|127068|127041|128135|127038|113606|123099|123173|123179|113042|113542|113573|127017|127037|113625|113661|113621|123176|127025|113623|123088|113610|113025|127064|128124|123197|123115|127051|128122|123192|113047|127029|113658|123181|128095|127058|127031|118020|127015|113597|123109|118015|123132|127044|123196|110082|123098|127061|123113|113652|111003|128101|123064|110089|123145|128125|110048|113650|123128|113593|113638|128091|123076|123191|123187|123122|113641|118031|113049|113605|110059|128117|128140|127079|128063|113616|123135|128072|128118|110076|123103|113579|128116|118000|123025|113053|123011|128106|113626|110055|110081|113534|113569|123039|123126|128108|118008|123104|123092|128136|123101|113608|123117|127014|123065|113537|113627|127080|128138|113624|113589|113574|123093|113575|118010|113633|113615|118026|123034|123118|113584|113596|110044|123072|111013|123046|118005|123018|123031|128041|128111|123013
2023-06-13,2023-06-12,113044|110053|128081|128087|128048|110083|113056|110084|113628|128130|113021|113631|118016|110047|113033|110080|127028|110063|110079|127012|113058|123156|110045|127032|113549|128083|128127|127063|128128|113065|128042|127027|123160|123146|113516|123150|127070|123141|113050|128119|123162|127020|128121|113057|128066|123063|127033|128075|123075|123129|113648|127018|123190|113649|113609|113062|128049|128141|111005|113527|127060|123089|113591|123164|113060|111012|110092|127040|128133|127078|113532|128044|127054|113651|123167|113524|113519|123085|113055|113051|123099|123107|118023|111002|113048|127042|113647|127053|118028|127034|127049|123147|127055|113546|123149|113052|123130|110093|110067|110085|127050|123120|118034|123169|110090|127035|123168|113063|127043|113565|127059|123166|113054|110088|128144|123151|113526|110073|123153|123087|113619|123100|123010|127071|113530|128109|127084|113640|128090|127039|127045|123112|110075|127082|113663|113594|110074|123096|123158|123163|123185|127074|113637|128076|113030|110077|127036|127083|123175|113665|113602|110070|123080|113545|128129|110060|110062|127007|123127|128071|113061|113024|118022|123082|111009|128097|123052|110052|123071|128123|123050|123159|123067|111007|123142|111004|127081|127075|127052|110064|123035|110072|113588|113654|123061|128143|118024|113037|123184|113561|113657|118029|123183|127016|123131|113563|123048|113566|111011|123193|113582|123161|128142|123059|110086|123140|123143|123091|128137|113643|128056|123152|127019|127047|113646|123178|123144|118011|128134|127069|127076|113064|111000|113632|113604|123182|123133|123157|118017|123188|118013|113667|127085|123171|123108|113601|113668|110087|123165|128082|123054|127030|123114|128120|127073|118003|127062|113059|123170|123194|110091|118030|127072|113639|113043|118012|110061|123119|113664|128105|123174|123078|127026|113669|123022|113662|118007|113666|123172|113660|123056|128074|123138|127066|113644|128070|113670|123090|113045|128132|113618|118025|110058|113659|127067|113634|128131|113600|123121|123106|128079|118006|123154|123195|113597|127077|118027|123186|123038|113655|113027|123189|118009|111010|111008|113066|128135|113598|118019|127056|113623|113653|123098|113625|127022|111001|113039|113046|123012|118018|118033|123179|113656|127041|127017|128053|127024|113542|127065|118004|113047|113577|127038|113042|127046|113573|113636|113606|118014|123180|127015|123049|123155|127058|127025|118020|127064|113661|113629|127037|127044|123176|113621|118032|123177|128101|123088|123109|127061|123124|123132|123192|110089|128095|123115|127051|123122|128125|113638|128122|127031|113610|127029|128140|113605|123145|110059|128117|118015|128063|113650|128091|113049|127068|113641|113658|111003|128124|110048|110082|123128|118031|123113|123064|127079|123197|128106|113593|118021|123076|113652|128072|123196|113616|110076|128118|123103|118000|123011|128116|123135|123092|113025|118026|113574|123104|110081|123093|123025|110055|123039|113626|113053|123173|113579|123126|113569|127080|128136|118008|127014|113589|113534|123101|123065|113627|113608|128108|123191|113575|128138|113624|113633|123117|113596|118010|113584|113537|123187|110044|123072|113615|123181|123034|111013|123118|118005|123031|123018|123046|128041|128111|123013
2023-06-21,2023-06-20,113044|110053|128081|128048|110083|128087|110080|113628|127033|113058|110047|128130|110063|110079|110045|113021|113056|128083|110084|113057|127063|118016|127032|113631|127028|128128|113050|113033|128127|123160|127027|128042|127012|113065|123141|123156|113549|123146|123162|127020|128119|127060|128141|128044|128121|127070|128075|123063|113516|127018|123190|123089|113532|127055|123129|113651|123149|127078|113524|113062|123150|113591|127040|128049|113648|127049|113060|113609|123107|113055|111005|113519|110092|123099|128133|123167|113527|118028|123147|113051|113649|127050|127045|110085|127053|127034|110067|127054|123130|118023|111002|113546|113063|113647|110075|113054|123163|111012|113663|110077|113052|128066|123175|123169|123100|127074|113048|113619|127035|118034|110093|127084|127042|113061|110060|123153|128144|113024|123166|123085|123080|123168|111004|110070|110090|110073|113640|128090|127071|123127|123151|123010|123120|113665|128109|113526|111009|127043|127036|127059|128129|127082|123158|123087|113565|110062|123159|127083|128071|127039|113064|110088|123112|123059|113637|110074|128123|113030|128076|123185|113602|118017|123075|123048|113530|111000|113059|123161|128097|123071|123184|128143|111007|123050|123061|123096|111011|118029|127007|127052|113545|123082|123140|127075|123142|113563|118011|128142|127019|127016|123193|123052|110052|113561|128082|127072|123131|110064|127081|123157|113594|118022|123183|118013|123035|113037|123143|123165|128134|113657|128120|127069|123152|123091|113566|123182|128056|113667|118024|123178|127076|113604|110086|110072|113644|128137|127085|113632|113601|113664|127026|123119|123170|127030|110087|123144|113670|123188|123164|113643|110091|123133|118003|113662|127041|123171|113654|123022|123174|127073|118009|113629|118027|127047|113660|118019|113646|113043|123114|113588|128131|123108|113639|110061|123172|113045|123194|123078|123090|118007|118012|111010|113668|123121|113027|123067|128132|128105|118014|127067|127066|123189|123054|118018|118030|113582|113634|123106|123154|127077|113618|123186|113655|113669|123038|123195|127062|127061|113666|128074|127022|127056|113656|118033|113625|111008|113039|118006|118025|113598|127046|127024|113659|113597|113577|113046|113661|123138|128135|123056|113653|113066|123179|111001|127065|123155|118032|118004|113623|118020|128079|127015|123177|127051|127038|113047|127064|123180|113600|113042|128053|113606|123088|127044|123049|113621|127025|127058|113636|123115|127017|123124|113638|127037|110082|128101|113573|113542|118031|127031|123132|113658|113049|123122|123196|123109|123192|128122|110089|113605|113610|123012|123145|128091|113616|123197|128125|128070|127029|123176|118015|113593|113641|128117|123173|110059|128124|110048|127079|128140|123104|123128|123113|128106|113650|128063|113652|111003|128095|127068|128072|110076|123011|110081|118026|128136|123076|118000|123064|123101|128116|113025|123093|123191|123103|123092|128118|113053|123135|118008|110055|113579|123039|123126|113569|127080|110058|113596|123025|118021|113626|127014|128108|113608|113574|113627|113633|113624|123065|113589|113534|128138|123117|113537|123072|118010|113584|111013|113615|110044|123034|123118|118005|123181|123187|113575|123046|123031|123018|128041|128111|123013
2023-07-03,2023-06-30,127033|113044|110053|128081|110047|110063|128127|128048|110084|127012|110083|128087|128130|113058|110080|113628|127063|113631|123162|110045|118016|128083|128075|110079|113021|113033|123160|123146|127018|113056|127027|127028|113050|127078|123129|113057|123156|113549|113065|128128|128119|123141|127032|128121|128141|127036|123107|113609|113648|118028|128066|123190|113063|123063|128049|118017|128042|127070|113519|113062|127020|123149|113532|123089|111012|128044|113516|127060|110093|110092|113051|127034|113060|111002|113591|123147|127040|127055|113651|127071|127049|127050|123167|113647|113524|123150|123099|113055|113649|128133|113527|113663|113588|110060|123130|111009|113048|110085|127045|113563|123174|128144|127059|123085|113546|118034|110067|110090|123100|127035|127042|123158|111005|123166|123168|123163|127053|123175|118023|127075|113054|113619|127084|113052|123120|110075|127047|123153|110077|113024|113640|128109|113664|123010|123169|123080|111004|113665|113061|111000|127054|127082|128097|110073|110070|127074|113059|123184|127039|127043|128090|113064|113530|123075|123151|123127|118024|123087|111011|128123|113030|123059|127016|110088|111007|113545|127083|128129|113602|128071|113526|123159|123183|118029|113565|127052|110074|113637|123164|123112|123071|123091|113594|110064|123082|123048|110052|123140|128076|113654|123144|123193|127081|123165|123061|113644|127061|123161|123182|127072|123050|123171|123131|118003|118011|113657|123142|113566|110062|118014|110086|123052|118022|128105|113667|123178|113037|123143|113660|128137|110087|110091|127069|123152|113045|118018|118012|123188|128134|113561|127026|123035|127066|118009|127073|113639|123106|113601|123133|123172|123114|127085|127076|128082|110072|113662|123119|123185|118013|127030|113668|123189|123022|123121|123157|128056|127019|113632|127067|123194|113661|123049|127077|128143|113604|113646|113634|113670|118007|128142|113656|113629|118019|118027|128131|128132|127056|118030|127022|123056|113618|123078|123067|123108|123195|113043|113643|127041|113669|127062|113046|113659|123154|110061|111010|118025|127024|113598|113027|123038|123180|111001|123054|127064|113623|123090|113655|113666|123155|113606|113577|111008|113653|118020|113636|118006|118033|128135|127051|113600|113066|127046|127065|123088|113039|123177|123186|123138|118032|128074|127015|123179|113582|113638|127038|113597|113658|118004|127017|127058|128120|127037|113047|113573|123109|113042|128070|123115|113621|127044|113542|127025|113625|123192|110082|118031|127031|123176|128101|128091|128053|123124|123197|113049|123132|110089|128122|113610|110048|123076|123173|113593|128124|127029|123196|110058|127079|113605|128063|128106|128125|118026|128140|111003|113652|113650|128117|127068|113641|118000|123012|123145|110059|123011|118021|118015|128136|128095|123122|113616|110076|128072|123113|118008|128116|123104|128118|113579|123128|123135|127080|113053|123064|123191|123039|123101|110055|123092|113025|123103|110081|123126|127014|123025|123065|113627|123093|128108|113569|113574|113626|113608|113589|113624|113534|113633|113596|128138|113537|118010|123072|113575|123117|113615|113584|128079|123118|123034|123181|118005|111013|123187|123031|123018|128041|123046|128111|123013
2023-07-11,2023-07-10,127033|113044|128127|110053|128048|110080|110063|110047|128081|128130|110084|128087|110083|110045|113631|113058|127012|113628|113033|128083|127063|110079|113050|113021|127032|127078|127018|118016|127027|123141|113056|113063|118028|123162|127020|127028|113057|123129|128128|123146|123156|123160|128066|128141|113549|123198|128121|113065|123190|123063|128042|128075|113600|113532|128044|123107|128119|113516|127060|113609|127040|113060|127034|113062|111012|123089|128049|113051|123147|123149|127070|113527|111002|110092|113591|113648|110093|127050|127049|123169|128105|127055|113651|123130|128133|123150|113524|111005|113649|127045|110067|113055|113588|127047|110085|110090|110088|113546|123099|110060|113519|113054|123120|110075|127059|113664|127042|127035|127075|123168|128144|113665|123163|113647|123167|111009|110070|123175|127054|113640|127084|123174|127068|113563|123153|110073|123166|113048|127039|118034|123151|127053|113663|113052|111004|111000|128109|123100|113024|113565|127086|118024|111011|123158|127071|128123|127074|128097|123087|113064|118023|113545|127082|110077|123085|123183|128090|113619|113526|111007|128071|118029|118017|118003|123159|127043|123171|127083|123080|113637|110074|128076|128129|123140|127016|123091|113059|123184|113061|113602|127072|123182|123112|123127|113604|110064|113654|113594|113566|118011|123050|123082|113030|127081|123164|123172|123059|127061|123161|110087|113668|123144|123165|123035|110052|123061|113657|113561|123178|113662|110086|127069|118013|123071|123052|123048|113667|123170|123142|127026|128134|128137|113530|127030|113037|127077|127073|128143|123131|113632|123119|118018|113045|127052|123143|118027|127019|123193|128056|123114|118022|123185|113639|113598|123022|127066|110072|127085|118009|110062|123152|127076|123078|123188|123049|113643|118012|113659|113660|123106|123133|123189|118030|118014|113043|113601|127056|123157|128131|111008|113661|127067|113046|123194|128132|113644|110061|113629|118019|113618|110091|113623|128142|127024|111010|123121|127022|123088|127062|123067|123108|113646|113656|111001|118007|118025|113670|113634|113027|123056|113666|123180|113653|113066|123054|113577|123177|113039|113636|113669|128140|113606|123155|118033|127079|127064|123038|118006|118020|123154|118032|127015|127037|128082|127046|127041|128070|123197|123138|113582|127038|123179|113658|127058|113638|118004|128135|118035|113655|123186|128120|123176|127031|127017|110082|113542|113049|123195|123192|123132|127065|113597|113621|123199|113573|113042|123115|123090|123109|110089|113047|127051|127025|110048|113625|123173|128091|128053|113616|123124|113593|128074|123196|123011|113610|128124|127044|123076|128122|128063|123122|118015|113652|111003|123145|128101|118031|113650|128095|113605|113641|128125|123012|118026|110059|110076|128072|127029|128136|128116|113025|118000|110058|113579|128118|113053|123126|123128|128117|123113|128106|123135|118008|123064|123191|123092|123039|127080|123101|110055|123093|110081|118021|127014|123103|123025|128138|128108|113589|113608|113534|113626|123065|113574|113569|113596|113624|113633|113627|113537|123104|118010|113615|128079|123072|123118|123117|113575|113584|123034|123181|118005|111013|123187|123031|128041|123018|128111|123013|123046
2023-07-21,2023-07-20,127033|113044|128127|110053|128048|110047|110083|128130|128087|110063|113033|113631|128081|113628|110084|110080|113056|113058|113050|127012|128083|113065|123162|118028|110079|127032|118016|113057|127027|113063|123141|128044|113021|127028|128121|111012|127078|123146|123198|128066|123156|123190|123107|113549|127018|128075|127034|127040|123129|113516|113600|128082|113532|110092|123160|127020|111005|127060|128141|123063|128042|128119|113062|113609|128128|113060|113591|127049|123089|113524|128095|110090|128049|111002|113648|113051|113055|127047|110093|128133|127042|128140|123150|127075|123147|127035|123130|127055|127045|113519|113546|123099|110067|113527|127053|110085|113665|127054|113664|123167|113649|123169|110088|127039|113052|123158|127059|127063|110060|113064|110073|123149|113651|113647|123163|110075|113054|123059|123168|110070|128144|123120|127068|127070|128105|113640|123080|123151|113563|123166|110077|123127|127050|113545|128071|113663|111000|113565|118029|111011|123100|127084|113637|123085|111009|127069|113048|123171|127082|127074|123050|128091|127043|127071|110074|128109|123159|123153|127083|113024|123175|128129|111007|128090|127081|111004|123164|123172|128097|127086|127016|118034|123174|110064|118017|128123|123112|113030|113619|123087|110052|113657|123144|123184|128076|123091|118027|123140|118024|123048|127088|113654|123178|113526|113037|113588|113566|113045|123052|127077|113530|118003|113061|110087|123183|127061|123082|110086|128134|127076|128143|127072|123035|118009|123188|113059|113561|127026|123161|123131|113662|123061|128137|113039|113623|127030|123142|127087|118022|113604|123152|118023|113659|123067|128056|123194|113602|123189|113027|113582|110072|113660|123106|118012|111008|123165|123049|118011|123182|123071|118018|118013|113594|127085|113644|123143|123078|123128|127052|123133|113043|113646|113598|123157|118019|113656|123170|123193|113667|128142|128070|123203|127056|127067|113639|113632|123119|118030|123114|127024|113046|113634|127022|123088|113668|110062|113601|123180|110091|123173|123121|127064|110048|113643|111001|123185|110061|127062|127066|113066|128132|118006|123108|113655|111014|123177|127079|123054|127019|113661|128120|111010|123195|113670|113653|123022|128131|127044|123176|127073|113629|113606|123155|118025|113542|123199|127015|118014|113610|123056|127058|113666|110068|118035|118007|113577|123154|113618|123186|113669|110082|123192|113636|123109|113042|127046|118033|127017|123038|128101|128135|127041|127031|123197|118032|123138|113638|113621|128074|113047|118036|113625|113593|128053|113025|127037|110089|113641|127025|123012|123124|123115|123132|118020|123196|127038|113049|127065|113597|123090|113573|113658|123179|118004|113652|110058|123076|128063|127051|111003|113650|110059|127029|128122|123122|113616|123092|128125|118015|123145|113605|123126|128116|128072|128117|128124|128118|128136|110076|118031|123113|127014|113053|128106|113579|123135|110055|123025|123191|123064|123039|118021|118000|113589|113534|127080|110081|123101|118026|113626|123103|123065|128138|123093|113574|128108|113608|123200|113569|113624|123201|118008|113633|113627|113615|113596|123104|113575|113584|118010|113537|123072|123118|123034|123117|123181|111013|118005|123187|123031|123046|128111|123018|123013
2023-08-01,2023-07-31,113044|127033|128127|110080|110053|128048|113033|110047|113065|110063|113056|128130|128081|110084|110079|110083|113631|113050|127012|128087|111012|128083|113037|127032|113021|113628|127018|118016|110092|113057|113058|113516|118028|113055|123162|113063|128066|123107|123146|123141|128044|127027|127028|128042|113609|110067|127049|113060|127020|123063|128119|127060|128141|127078|113532|123190|113600|111005|123160|128121|123156|113591|127040|110075|123198|113052|128129|123089|113062|127034|128049|128133|123129|123080|128128|128075|110090|113051|127045|110085|113549|113546|127042|110093|113665|111002|113054|127055|113664|123149|123150|127047|127070|123099|113527|113524|127039|127059|113663|113519|123147|113649|110073|127053|123168|128071|123169|110070|113648|127054|123130|123120|113647|123151|113066|127050|127075|110088|123171|113640|113048|111011|123166|113637|113064|118029|123127|123163|113565|110060|123158|123164|110064|110074|113601|111009|127084|128105|127035|111004|118034|127043|128134|127016|128109|123202|118024|128144|113651|127086|127082|110077|123184|127068|128097|111000|127074|123050|127083|128090|128123|110086|113563|123112|113043|113545|123100|123153|113024|123048|113030|123167|123091|110087|113526|127081|123159|123082|110052|123140|123087|123178|113619|127071|110072|123175|123119|128076|123183|111008|127088|113654|127076|123144|111007|123085|113602|123172|113657|127061|113566|113061|123131|113039|123059|118022|123035|128137|123188|118012|118003|113530|123071|113059|123061|123174|113588|127087|127085|128082|127030|127026|113594|118009|113561|123189|127069|113662|113632|127077|128143|128056|123128|123106|127044|127079|123203|127072|123157|118023|128142|113027|113655|113659|123161|123049|127022|123170|127067|123133|118013|123078|123052|123114|123193|113670|123165|127052|123152|113656|113604|123182|113660|123185|113634|118019|113045|123067|118027|113623|113644|111010|113639|127066|127064|123142|127062|128095|118011|127056|118017|128132|127063|113582|113667|113668|113643|118018|123143|123056|127024|118030|113046|111001|127019|127015|123173|123022|123186|127073|128091|111014|113625|123054|123194|113646|113598|118033|113606|113049|113661|110091|123179|123121|128120|128131|128070|113669|123154|113653|110062|123108|118006|113542|123155|113042|123199|127017|110061|113666|113658|123197|127025|118007|123195|113629|118014|123088|110082|123180|113047|123192|118035|113618|127031|127038|113638|118032|113621|118036|127046|123196|128125|128135|127058|128116|123138|123176|128053|110068|127041|113577|113636|118025|113597|123090|110048|123177|128101|123115|123132|113610|113593|118020|128074|113641|113573|128063|110059|123038|110089|113650|113652|128122|127037|110058|123109|123124|127065|123145|111003|118004|113605|113616|128124|123113|123126|128072|127051|118015|123076|118031|128136|123122|128106|128118|110076|127029|118021|110055|128117|113053|123092|113579|123039|123064|123135|113025|118000|123025|123191|123103|110081|113589|127014|127080|123101|128108|118026|123093|113624|113534|128138|113608|123065|113633|123201|113574|118008|123181|113569|113626|113596|123104|113627|113575|113584|123117|123200|118010|123118|113615|123072|111013|123187|113537|123034|118005|123046|123031|128111|123018
2023-08-11,2023-08-10,113044|128127|127033|110053|128048|110080|113033|128081|113065|128087|113058|118028|110047|113056|113057|110063|127032|113631|127012|128066|113050|110084|113063|113628|113060|128130|127078|127028|113055|127027|128049|123141|110083|127020|110079|128083|127018|118016|110092|113021|123063|113532|128141|111012|123146|123107|113591|128044|127040|128119|128128|123156|123162|113062|113600|127060|113609|113519|127049|123089|128121|123190|110067|128075|123128|110075|123160|113549|127070|113037|128129|111005|127034|110085|123129|113051|113052|127045|127042|127039|110090|113546|127053|110093|123198|113054|123166|128133|113601|123168|123147|113066|111002|113647|113527|113665|110073|123099|127054|113524|127050|113565|123127|113649|113627|110064|113663|113064|123204|123169|113048|110088|123150|110060|123080|111009|113637|127059|113648|123151|113664|118029|123130|123149|123158|128071|127047|110070|123171|113640|127083|123163|118024|123167|127043|113526|127084|123120|127075|123164|110074|123085|127055|128105|113030|123208|128090|111015|123184|128109|113651|128097|127035|113545|111011|113043|127082|123059|113024|118034|127016|127076|111000|111007|110077|123082|127088|113654|127086|113619|113657|113563|123119|123035|123140|123175|123087|110086|113059|118009|128144|111004|110052|127069|123172|123091|127074|123159|128137|123048|127085|123153|127068|127089|127071|128134|123100|123112|127081|123183|127072|123157|127067|123050|127030|113061|128076|113623|123174|123202|127022|123189|123178|110087|128082|123188|113561|118022|118003|128142|113602|123061|127087|123052|111008|123131|127026|113566|128132|110091|123203|127079|123144|123071|113659|128123|118038|113027|113660|123161|113594|113039|118018|123067|113639|127066|113588|123193|113667|123195|111010|118014|113632|127061|118027|128056|123133|127052|123185|113045|113530|123106|128143|123078|123114|127044|113644|113656|110072|127019|123182|123022|118023|113662|118012|113634|113598|118013|118030|127064|118019|123170|118011|123054|113604|127077|113643|127073|123197|123173|113655|128091|127058|123121|123152|113606|123143|123165|123142|127056|127062|113049|127063|113046|123049|118017|113666|111014|128120|113646|111001|113661|113582|110062|123056|118007|127024|128095|127017|113671|113669|113042|113625|113542|123192|113668|128131|110082|113618|127015|113670|127025|110068|110061|123179|123108|123186|127031|123180|128070|123196|127041|128135|118036|113658|127046|118006|123194|118032|123154|127038|113621|118033|118025|113577|123176|113629|128116|123090|123199|113673|110048|123155|123138|113638|118035|113641|113047|113653|113597|128125|113610|123115|113636|123088|113573|123038|123145|128101|128053|123177|128074|128063|123132|123207|113593|127037|110059|118020|123124|128106|110089|113650|113652|113605|128122|113616|128136|111003|123109|113672|118031|118015|118004|110055|127051|127029|110058|123113|123122|128072|110076|113053|128118|123076|127065|128124|113579|118021|123092|123126|113025|123064|123191|118000|123135|128117|110081|113534|123039|123206|127014|127080|123101|123025|123103|118026|123065|123201|128108|113574|113624|113626|113569|128138|118008|113608|113589|113633|123093|123104|113575|113596|113537|123117|123205|118010|113615|113584|123200|118037|123181|123072|123118|111013|123034|123187|118005|123046|123031|128111|123018
2023-08-22,2023-08-21,113044|128127|127033|110053|113063|110080|128048|110084|127012|113519|113057|113033|128049|128081|128087|113065|113058|128066|128130|110047|118028|110063|127078|113628|127032|113631|118016|127034|113056|113532|113050|123141|113055|110079|128083|123063|123146|110092|128141|111012|123213|127020|127027|128121|113021|128128|123198|123160|113591|127028|110083|113060|113062|127018|123129|111005|123162|128075|113600|128119|123156|123089|123107|113609|110090|111009|127053|127060|123128|127042|113549|113649|113546|110075|128133|127040|113665|123166|123168|113051|127049|111007|113054|110094|110067|127070|123150|123147|127039|113037|113648|123158|128071|113664|123214|123204|127050|123190|123130|110093|113524|113647|123149|128129|113048|123164|123080|110085|113627|123127|113066|113601|123169|113067|118039|111002|127054|111011|113637|127059|128105|123099|113527|113663|110064|127045|113052|123167|123163|110073|123211|111015|118029|113640|128097|123202|128090|110074|123140|110070|123153|127047|123171|127016|110088|127088|127082|127055|123112|113526|127069|110060|127035|111004|128109|113030|110077|123059|127084|123091|113565|127083|123184|127086|111000|110086|123151|113024|113064|113651|127087|123120|113563|123050|123159|127074|118024|113654|123175|113657|118009|123172|123049|113545|123087|118038|123085|113674|123100|123174|128076|123052|127072|123048|123208|128137|127043|123157|113660|113619|110052|127081|113561|123188|123119|118034|123071|123067|123082|127075|123193|123203|123207|123035|123183|113566|118012|128132|127068|113530|128144|123178|127071|118003|113027|111008|113061|123061|127076|113039|123212|118030|128082|118027|113588|127085|123144|123210|127063|128134|123131|128123|128095|113043|123173|127067|113602|123078|123189|110087|123114|128143|113598|118019|123106|113059|128056|118040|123142|123197|127066|110089|113662|113659|113623|127030|127022|113045|127089|113634|123195|113673|127026|123182|113594|110091|123022|123054|113644|128142|110068|113667|123161|118017|118014|113606|123143|123185|113656|127064|128091|123152|110072|113671|118013|127058|127052|123170|118018|118011|113639|127079|113636|127061|127077|113670|113604|113655|111001|123176|118023|127073|118036|123133|127024|113669|127044|128120|118022|111014|110061|123165|110062|127017|127062|113046|128070|123177|113542|113621|113582|123196|110048|111010|123138|113643|113666|113625|123199|127025|127031|113646|123108|123192|113042|123180|127038|127019|123121|127056|113632|113618|123155|123056|118035|118007|123088|128131|127015|123090|110082|113658|118025|113577|118033|113049|127046|128053|113638|113047|123186|127037|118032|123038|113573|127041|113653|123179|113610|128135|113629|113652|128106|128125|128122|113597|113661|118006|128063|128074|128116|113025|113641|123115|113668|111003|113593|123132|127090|128101|123124|123154|113605|123194|110055|127029|118021|113650|110059|128118|118004|123092|128072|127065|123145|127051|110058|118020|123126|113534|123206|123109|123101|123113|128136|123076|113616|110076|118031|113579|123025|127080|128124|118015|123191|123122|113053|123064|123039|123135|128117|127014|113626|118000|123201|110081|128138|123065|113589|113574|113624|113608|123103|118026|113569|128108|118037|123093|113633|123104|113596|118008|123205|113672|113615|113537|118010|123200|123209|113575|123118|123117|111013|123072|113584|123187|123034|118005|123181|111016|123031|123046|128111|123018
2023-08-31,2023-08-30,113044|110053|128127|127033|128048|127012|113063|110084|118028|128087|110080|128081|113631|128066|123141|113057|127078|128049|127032|113050|118016|128130|123129|113628|113033|113058|110063|110047|113065|113055|127027|113056|113068|110079|123063|123160|113591|110083|128083|123146|113519|128141|127034|111012|127020|113062|113021|123213|113532|128128|123156|128121|123162|110092|123198|128075|111011|110090|113549|127028|127049|113060|113600|127018|113609|111005|113066|123107|127040|127042|118029|123211|113649|123214|123204|123089|123202|123149|127054|123147|123164|113546|113665|128119|123158|123166|110094|110085|128133|113061|128071|127045|127070|123168|118039|113647|123163|128090|127039|123127|127050|113637|123100|123190|111002|110093|111004|127060|123099|127088|110067|113527|113648|123153|111015|113052|123169|127059|113524|123171|113051|113037|110060|123150|123120|128129|123059|127035|127069|111007|113664|113054|110075|123167|123130|127053|123085|110070|113651|113640|123080|123140|113660|113663|111009|110088|127086|128109|127083|113627|110077|127055|123172|113067|123050|123174|110074|123112|123071|110073|113545|113064|123151|123128|113526|123052|123184|118012|127087|127029|123159|118024|127067|113563|113619|113565|127082|123087|118034|127016|128097|127074|113561|127047|128105|127081|128076|123091|110052|113024|118030|111000|127022|128095|113566|123048|123203|110064|123208|110086|123119|113657|128143|127071|123183|113030|127076|118003|123193|127068|123217|123035|123178|111008|128082|127084|113634|123189|113588|113601|127043|118013|118009|113623|113662|118040|128144|128123|127075|128137|123144|113659|123157|118038|123215|123067|113027|123182|118017|113039|113671|113654|128056|113059|123219|113655|123143|123152|123061|123082|113598|113045|123131|113530|127089|113674|123212|123106|127030|113644|113594|128132|118011|110068|123207|123188|127026|118027|123175|113636|123216|127066|113667|113048|127072|127041|118019|128142|123197|123054|113043|118018|123114|118014|113643|127085|113673|113602|113656|110089|110087|123078|123195|123049|113606|127079|113542|128091|123142|123173|123210|110072|128120|113582|123161|127052|128134|113639|113046|123022|123165|128070|118022|110091|127064|127077|123170|127044|123177|118036|123196|127024|127038|113621|123199|113646|118023|118032|123133|123138|111014|123185|110062|127062|113604|113669|118007|127017|127058|118033|127073|123176|111001|113047|111010|127063|113670|113049|110061|110082|123192|123179|123088|118035|127015|123155|123180|118025|127061|110048|113042|113625|113661|128125|113632|113666|123090|113577|128131|113597|113573|123038|118006|128106|127025|127031|127056|113593|128074|113653|127019|123186|123121|127046|128122|113618|113610|128053|113629|127037|123191|123092|128063|113638|113658|123056|123206|123115|113652|118021|123101|113668|123132|128116|118041|113025|128101|123194|123154|123218|111003|123025|123124|127065|128136|110059|127051|118004|128072|123108|113605|128118|110055|110058|118020|113650|113534|113616|118031|123126|128135|123076|127014|113641|123209|118015|123145|110076|123109|128124|123135|127090|123039|123122|110081|123113|113053|123064|113626|113579|111016|113608|128117|113589|123205|128138|118000|123065|113624|113569|123093|118026|113574|128108|123103|118037|123200|113596|111013|127080|123104|113537|118010|118008|113615|113575|123117|123187|123072|113584|113672|123034|123181|123046|113633|123118|128111|123201|118005|123031|123018
2023-09-12,2023-09-11,113044|127012|127033|128127|111012|128048|128081|118028|128087|110084|113628|113631|128049|127032|123141|127078|113065|128130|123129|113056|110079|118016|128083|113021|110080|110063|113591|123063|110047|128141|113066|123160|123156|113055|113058|113033|113050|123213|127020|123146|128066|113057|127027|113062|111011|128121|128075|110093|113532|123164|123168|113609|127075|123202|123162|113068|123089|113519|123204|127040|110090|123198|111005|113649|127049|113060|123140|113600|123214|127042|113549|127053|110083|111017|110095|127060|123059|127028|127039|123107|123158|113637|128119|123127|113546|110092|123166|118029|127018|110094|123150|113663|123099|110060|111009|123163|123169|123130|127054|128133|128128|113665|113664|113524|123167|113648|127070|111002|113063|123190|123100|127086|123120|118039|127088|111004|123211|128090|113052|123147|127035|113051|128071|110075|113640|110085|113632|127045|110067|123085|110074|127059|127050|127082|110088|113627|111007|113527|127029|127016|111015|113054|123087|123035|123153|128109|113651|127074|113545|127069|123091|127087|123171|113037|123071|113061|111000|113563|123172|128144|123149|128129|127034|110070|113526|123203|123050|123184|123220|113647|113064|110077|123112|127043|127055|113561|123080|127068|123174|123219|118012|123159|113588|113619|128137|127084|113565|128076|127083|113039|113654|113623|110052|123151|110073|128132|123170|123177|118030|127085|123048|123078|113657|127081|123193|110064|118034|113024|128123|128097|123128|127067|113598|113662|123052|123217|123144|128095|113067|113667|113659|113566|128143|118003|127071|113674|123212|113660|123178|118011|123157|127022|123207|123208|113582|118009|110086|118042|128082|127026|110062|113594|111008|113656|113030|110087|110068|123183|123143|127076|118024|113027|123131|118038|113634|128105|118017|123188|123121|123067|113644|128142|113045|127030|113675|113602|118013|113530|128134|118040|123061|123082|123114|113606|128056|123175|123119|123152|113601|123189|123106|123197|123173|113671|113643|123215|113639|113048|118019|123182|118041|127064|127079|123022|113043|127077|110089|123176|123161|123054|113673|123133|118036|113059|118023|113025|113636|113655|123195|127041|128091|118027|128120|127072|111010|123196|127063|113669|127052|113046|123165|113621|123138|128131|110091|113542|111014|123210|127047|123192|123199|123216|118018|127038|111001|127058|123185|110072|118022|113604|123142|127024|127089|118033|110048|123090|118035|127044|113573|127061|118007|113049|127062|118014|113666|123049|110061|123124|113646|113577|113625|123088|123179|113042|113670|128070|127019|123038|123155|123180|113610|110082|113597|127056|123076|113653|113618|113593|123186|113047|127025|127031|118021|127015|118006|128074|123206|127066|123115|127046|127017|128106|113534|113638|128122|113629|128125|113661|127051|127037|113658|128101|127073|128063|123191|110058|128116|123092|123132|118025|113652|111003|113668|118032|123056|123154|128053|128135|128072|113672|123108|110055|113616|110059|123025|118004|113650|123101|127014|128118|127065|118015|123126|123109|123145|113605|118020|123209|128136|113626|123122|123039|113641|111016|128124|110076|110081|123187|113053|123064|123200|118031|113579|128117|127080|123205|111013|123135|123113|113624|118000|113569|113608|123065|113589|123093|118026|128108|113574|123103|128138|113537|123201|118037|123104|113596|118010|123181|127090|118008|123117|113584|123072|113615|123118|113575|123034|123194|113633|128111|118005|123218|123031|123018
2023-09-21,2023-09-20,113044|127012|127033|128048|128081|128127|128087|113056|118028|110084|113628|113065|127078|128075|128130|127032|113631|113021|111012|113062|113058|123063|128049|123141|113066|128066|110063|128141|113519|113050|113027|123129|110080|113591|118016|110047|110079|128083|123160|123213|113055|123146|123156|113033|113609|127020|127018|128121|128063|127027|113068|111011|111005|123168|110060|123204|123198|123107|113649|123089|127040|110090|110093|123202|123140|123214|123166|127053|128128|123099|123162|123175|128119|128133|123164|113057|110092|113532|123059|113600|123211|111004|113664|110088|127049|127029|118029|113637|127028|113549|127054|111017|123150|113546|127070|127042|113060|113524|123172|127039|113063|123221|127060|123130|110083|113051|123127|128090|123149|110094|113054|113665|127086|123085|110075|110085|113648|113052|111009|127088|110052|111008|123158|128071|111002|123120|127050|113640|123163|123190|127059|113527|113627|118039|123174|110074|127045|110087|111015|123147|111007|123169|111000|127035|110095|113037|123171|123100|128144|128109|113588|127082|113563|113632|123220|113651|123153|127016|123167|113526|113039|128129|123087|127087|123050|110067|128132|113660|123219|127069|123177|113565|113663|110070|113647|123035|123080|113061|128076|123203|123112|127081|127034|123207|110068|123151|113545|127055|123082|128097|127043|127074|123144|113561|113024|123217|127083|123184|123071|113067|118030|127068|123143|127084|123067|127067|128082|123052|118012|123048|123128|113659|110064|113657|123188|128137|113654|113619|118009|123078|128143|123208|123159|113598|113667|113566|127075|127022|127030|123131|110077|118003|128105|123119|113623|123091|123189|127091|123197|118034|128123|123193|110062|123157|110073|113634|123212|118040|113025|128134|113674|113030|123178|113582|127085|113662|127076|113601|113606|123183|113064|113675|128095|123152|123121|113673|113676|118043|118011|128056|118042|118024|128142|113602|118021|110086|113671|113656|127072|123192|123114|123106|118019|123170|127079|118013|123206|118038|127064|113644|113045|113594|127026|123176|127063|123161|127071|127047|113542|123022|113655|128091|123195|123061|113048|118017|128120|110089|118041|123133|111010|113636|123196|110091|113043|118023|113666|118036|123173|123199|113046|123182|123054|113669|113530|113059|123216|118033|113643|113639|123215|127077|111014|110048|123210|110072|123090|127041|123165|127058|113621|127044|127056|123142|127052|127024|110061|123209|113049|113577|128131|113042|118027|127089|127062|123138|123049|111001|113646|113625|113573|113618|113610|123088|123185|123194|113670|127025|128070|127061|118007|127017|118035|110082|127038|113604|118018|123038|127066|118014|123191|127015|123179|127031|118022|127019|113638|128122|113653|123155|113672|127037|113597|118006|118025|113534|123186|110058|113629|128074|123025|123180|127014|128106|113047|118004|128125|113593|123124|123092|123115|113661|127073|127046|123200|127090|111003|123076|128116|113652|113668|128101|123132|113658|123056|111016|118032|123108|128053|110055|113616|110059|128135|128072|123154|111013|113605|127065|123101|128118|127051|123145|113650|113626|123187|118015|123126|123039|123109|128136|113579|128124|113641|123122|110076|118020|123201|123064|113053|123113|123135|110081|118031|123065|128117|123205|113624|113589|127080|118000|128108|113608|118037|128138|113574|113569|123103|123093|113537|118026|118010|123104|123181|123117|113596|123118|118008|113584|113615|123072|113575|128111|123034|113633|123031|118005|123218|123018
2023-10-11,2023-10-10,113044|128048|127012|123129|128087|127033|128081|123140|128127|118028|111012|113065|113628|110084|123141|113056|127078|113631|113066|110063|123063|127032|113591|110047|113062|113021|128049|128130|128066|128083|113050|128075|110080|123162|123146|113055|123107|110079|127053|123156|113058|123160|127020|127040|123198|123213|128121|113027|113609|118016|127027|128141|123089|113519|113033|123202|111004|111011|113068|110093|128133|123166|128128|111008|127018|113549|113649|123147|113532|110092|113648|123099|123204|110060|128119|123214|111005|123168|111017|110085|123211|113637|110088|123175|113600|113546|127070|113057|113051|118029|123164|123120|110090|127086|110075|113052|123167|123190|110095|128090|128063|123174|123085|123100|113524|113060|113664|123169|123163|127050|113063|123153|127054|110094|118004|110074|127049|128071|127028|123130|110052|111002|127042|113665|123149|123059|110083|127082|123203|128109|118039|123158|127035|123220|123087|127088|128132|123150|113054|123127|113640|113526|113627|127039|123172|111015|127087|113647|128076|127060|123221|113663|123050|127016|113527|113061|127059|113651|123080|113561|123207|111000|123159|123171|123128|127034|123143|113024|123177|113039|123219|118043|113662|128129|113565|123035|110070|127083|111007|123112|113563|127074|113632|111009|113654|123151|127043|113037|123048|113598|113588|123144|110077|128144|113619|110067|123184|127069|113064|123188|127081|127091|127063|110068|128097|123157|113657|127045|123217|113667|123082|128137|127055|113067|128143|123131|118012|127068|113659|123193|128082|128123|123119|123067|113545|113025|113594|113623|118003|118019|127084|118009|123121|123208|128105|110062|113660|123071|123052|113566|127075|118041|118013|123091|123061|110087|123114|118030|123152|113045|113676|113030|128056|123178|123197|123189|127079|127026|113644|118040|123078|118011|110064|128134|127064|127076|118042|113674|113671|127085|127030|123170|113656|113601|113634|127067|118017|118036|111014|127022|113673|123022|123183|113048|113602|123212|123215|123054|110073|110086|127071|113577|113675|128142|113606|111010|123106|118038|128095|113639|118024|123192|123196|123199|123195|127072|118034|123182|123161|113669|123173|113043|113530|123133|113655|127047|127041|113046|113666|123194|128131|113636|123176|127077|113643|110091|123165|128091|123038|113573|123138|118027|123206|118023|113621|127052|128070|110048|113582|110072|113604|118033|123209|123142|127089|123216|123090|123049|110061|128120|113672|113618|110089|113542|127058|118007|127024|123088|113059|113042|113593|127056|113646|118014|110082|127061|123185|127044|123191|118021|127038|118018|113049|123155|113610|111016|113670|111001|127062|110058|128122|113638|128074|127031|123179|127017|113047|113653|113629|123210|118006|118035|128106|111013|123180|123076|123115|118022|127066|127025|113661|123124|113534|128101|127015|127014|127090|123186|113668|111003|127037|123092|113652|128125|127046|113616|128118|123101|127073|123025|127019|113597|128116|118025|123108|118015|123132|113625|123056|123200|118032|110059|113658|110055|123145|128136|127051|128072|123154|128135|113650|123126|123201|123187|113605|123122|123109|113579|110076|128124|118020|110081|123064|113641|127065|113053|123039|123222|123135|123113|118031|128053|118037|113569|123065|128117|127080|123205|113608|113624|113574|118000|128108|113589|123218|113537|123104|128138|113596|123103|118026|118010|123093|123117|123118|123181|113615|118008|113584|123072|128111|113575|123031|123034|113633|118005|123018
2023-10-23,2023-10-20,113044|123129|128048|127012|110063|127033|110080|128087|113628|127078|113519|113549|128081|128127|123141|118028|111012|110084|128130|123063|113066|127027|113631|113056|110047|113591|123107|110052|128049|113062|110093|128066|113021|123160|127053|128083|128121|127032|113604|113065|127092|128141|113068|123213|123156|123146|118016|113058|128063|123198|123202|123204|113050|123166|127020|110060|110068|123162|123089|127040|110088|113609|111005|123177|113055|118004|128119|123214|111011|113593|123059|128133|110079|128090|113588|113649|113063|123147|123164|111004|110090|123187|123211|127018|113524|123127|113648|113033|113546|128128|113039|111008|110094|127088|113637|127082|123168|111017|113057|110074|127070|123220|118029|113664|127063|110095|113027|123120|113600|111015|110083|123169|123100|123175|123167|127054|127050|127042|111007|111000|111002|123224|128071|123099|123207|118041|123190|127087|123163|123149|110085|123188|123130|113676|113526|113051|113060|123153|123157|113647|127035|127086|113024|123221|110092|123150|113627|110077|127049|127039|118039|113632|123158|123050|113639|113532|110075|127028|127069|123087|113561|123203|128076|123172|123194|128144|123174|127083|123128|127043|123143|127071|123085|110070|113064|113052|128109|123184|113545|113640|113665|123192|123035|127081|110067|110091|113527|113651|128137|128123|127060|113663|127091|118044|118030|113657|113598|127016|123151|123144|127059|123067|123080|113619|123112|127064|113054|127075|113662|128143|111009|127045|118019|123161|118003|123071|113563|123215|127034|113654|113067|113582|123082|123159|123197|113594|110062|123171|128082|127074|123121|127079|113565|113659|113667|128095|127055|123223|113030|113660|127068|118013|113675|113674|113623|128132|113672|113677|123119|118012|123048|128134|123199|113037|110073|128129|123114|123206|123208|113601|127084|123217|128056|123054|118009|113634|123131|123219|113673|123193|110058|111013|118034|123022|127030|110087|127076|123052|118038|123178|123183|118043|113671|123222|113048|128105|123091|127022|127067|123061|118011|123152|123078|113566|127072|110064|128097|123195|128091|113656|123212|113644|118017|113061|113577|118036|118040|128142|118024|123182|113049|127085|118033|113043|127026|118021|123106|123209|113045|127058|110086|113655|113666|123189|123173|123170|113602|113606|118042|111014|113636|111010|123133|110048|123165|123196|113618|113643|128070|123191|123138|111016|127052|118045|113573|123038|127090|113046|128120|123176|127056|123090|118023|113669|123201|127077|118014|113629|110061|113621|128122|113047|123142|127047|127041|127014|123210|127038|118035|113542|123216|118007|113530|118027|123200|113670|110089|118032|113059|118022|118018|113646|123088|123049|127089|123181|113638|123155|123092|127031|113042|111001|113653|123179|127044|127024|110082|128106|113610|113597|123180|127037|127017|127061|127062|110072|123115|123185|128131|123109|110055|118006|127025|113652|123186|113668|113534|113661|127073|128101|123076|113616|123025|113625|123124|128074|118015|127019|111003|127066|128116|127015|128125|123108|127046|128136|128118|123145|113658|123132|123056|128072|110059|123154|113650|128135|118025|123101|123126|123113|118020|113579|127051|123064|123039|113605|113641|123122|110081|113053|127080|128124|127065|123135|113537|110076|118031|118037|113608|123205|113569|118000|128117|113574|123065|113624|113589|128053|128108|123104|123118|123103|128138|123218|118026|113596|118010|118008|123031|123093|113615|123117|113584|123072|123034|118005|113575|113633|123018
2023-10-31,2023-10-30,113044|128048|127012|128087|113519|127033|110063|128127|110047|113549|128066|128081|113631|113628|123129|110080|123099|113066|110084|113591|123225|127027|118028|123141|123107|113050|127078|111012|128049|123213|113058|128083|128130|110052|123187|113065|128063|128121|123063|110092|113068|113033|113604|113062|118016|113021|113649|123147|123146|123198|113057|127053|123166|127040|113056|128141|127092|110060|110079|123160|110088|123177|118004|127018|110093|123164|123214|127020|123089|123168|113648|113609|113055|113637|127042|123175|127032|128133|128090|123204|113664|123202|123156|128119|111005|123059|118029|123220|113063|127059|111004|123221|113524|123190|128128|113600|113546|110074|123127|123149|123207|111011|123120|110068|123169|127070|113060|123163|127063|110083|113532|127028|110094|127050|113561|127049|127087|127082|123203|127054|111017|110090|123211|110075|127045|113526|127035|127039|113640|128109|123188|113051|127088|123162|113651|123100|123153|113527|113632|113647|128071|123087|118039|128076|123085|113027|113667|111002|111007|113039|123158|123167|127016|113639|113024|123050|123157|123224|127043|111008|128143|110070|123151|113676|127060|111000|123219|123076|113054|123143|113052|127068|123171|123035|128144|123172|127086|113665|127069|113663|118044|113598|113064|110077|127081|110067|127055|123130|123184|123150|123183|113657|110095|123159|113619|113067|123119|123152|111015|123082|127076|123194|113593|127074|123067|127075|123078|118003|123193|123080|113545|123054|113654|127064|127067|128137|118024|113662|118030|113565|113594|127083|111009|123197|123071|118041|110085|111013|127091|127071|127034|128082|128123|113601|123182|123048|127079|123112|128129|113588|118043|127022|113037|123223|113566|118017|118011|113563|113677|128132|128095|123215|110087|123121|118009|118012|113627|123161|123199|123131|113634|113048|110073|113582|127026|128056|123217|123192|118019|123208|118040|123174|113030|113577|118036|123144|113673|110064|123114|128097|113660|113643|123133|118034|123052|128105|127030|113573|123170|113674|123212|123022|123061|123206|118013|113623|113656|123106|113061|123178|110058|110091|123128|113045|123173|113671|127077|127014|113636|111014|113666|123189|113675|127084|111010|128142|113644|123090|118042|118038|118045|123091|113659|123191|118006|113672|113610|123038|110062|123142|128120|123209|113049|110086|113043|113046|128134|127058|127047|123195|113542|113629|127085|128091|113653|118035|118014|113597|113618|127041|113621|127090|127056|128122|128070|118033|113669|127052|110061|113602|123138|127072|118023|123165|110089|118032|113655|123185|118007|123176|113646|111016|118027|123196|123222|118015|113670|127024|113606|113638|123049|123210|123088|118022|123216|123201|127038|118021|110048|113616|127031|123109|111001|127061|113047|110072|113042|113668|127089|118018|123115|123200|127062|113059|127044|110082|113530|123155|127066|123113|123092|111003|128101|128135|128053|113652|123124|127037|113534|127017|128131|128074|123180|127025|113625|127019|128118|123186|128125|128136|123108|110055|127015|123179|113661|123132|128116|123145|128072|110081|127073|123101|113650|128106|110059|127046|123126|123154|118025|113658|123039|123056|123025|123064|113605|113574|127051|113579|118020|113641|128124|123122|123135|118031|127080|110076|113053|128117|127065|113608|113624|113537|128108|118000|123218|113569|113589|123205|123065|123104|118010|128138|113596|118026|123117|123103|123118|123093|118008|113615|123072|113584|118005|118037|123031|123034|113575|113633|123018
2023-11-13,2023-11-10,113044|128048|127012|128087|128081|127033|128127|128066|113066|123129|110060|110084|113628|110063|113631|127078|110092|113050|110047|123141|128130|118016|111012|113591|127027|113021|128063|113057|123160|128083|123099|113549|123107|123146|128049|118028|110079|113062|110088|113604|123198|113033|113649|123063|123228|127095|123225|123213|113065|110093|123166|127040|127032|128143|111011|127018|123204|113058|113063|113068|128121|113055|128119|113609|123164|111005|113637|123089|123202|128128|127020|123156|113600|123059|123187|123147|113524|127088|118029|123214|123168|123221|113651|113664|123190|113060|123169|127042|113056|110052|110083|123127|123085|123162|127054|127092|128141|111004|113561|123163|127059|123175|128133|127070|111017|113640|123149|111002|128090|127049|123194|113532|113667|123120|128109|127045|113526|113051|113546|123130|123220|123100|110075|110094|110090|113647|127043|123188|123177|123211|118039|127035|113648|110068|113632|111007|123087|123207|127087|111008|127016|110074|127028|111009|127060|123167|127039|113024|127050|118044|123197|123203|128071|127082|123050|113663|113039|127063|113545|123219|127075|123171|128144|127081|113598|123153|111000|113665|113064|118009|123150|123076|123151|123172|128076|123143|127069|111013|118041|113527|110095|123152|110067|110077|113619|113027|113657|113054|127034|123158|111015|127071|127086|113067|113677|110091|123174|128082|123119|123184|113563|110070|123159|118030|123080|128123|113654|123224|110073|113061|123035|118034|123157|113601|123183|127055|118024|113662|123193|113594|113530|127068|123078|123082|118011|113565|118017|118012|128137|123128|113634|113674|123048|113030|113627|113673|123144|113052|113639|113566|127076|127014|123217|123182|123067|128097|110085|123215|123071|118004|113577|113675|118036|123112|123173|118019|113656|118003|127083|127026|123161|123135|127064|123061|118040|127067|118042|123189|113037|110064|128132|123208|127091|110087|123052|113660|128129|127022|128056|111010|113045|110062|123191|123106|127074|123212|113582|123121|123133|123178|127079|123170|123131|128105|118043|123114|128095|123054|127084|123201|113048|123038|127047|127030|113643|123022|127072|113669|113593|110058|113636|127077|113542|118038|118013|127094|123192|113573|113602|123199|123195|118033|113621|123091|128120|128091|113043|123090|128122|128070|113666|113623|113610|111014|123209|113671|123088|128134|127052|110086|113676|123138|127085|118014|113046|113659|127058|118035|113638|123165|113672|123142|110089|113655|118007|113644|123222|113653|110061|127090|110048|127041|113629|113597|113049|123176|123223|113606|118023|113618|123049|128142|118045|113059|113646|113047|123200|127061|118006|127031|118032|127038|127089|123185|123210|118022|118021|118027|118015|113668|113534|127056|127024|123206|123109|118018|123155|113670|111001|113042|127062|127066|123216|123124|113616|127037|123115|123092|127044|113588|111003|110072|123113|127053|128101|128053|113652|128125|128074|128131|127019|128135|127017|127025|110055|123180|118037|123108|110082|113625|128118|123132|123186|113661|127093|123179|128116|123196|128136|123145|127015|111016|110081|127046|127051|128106|123101|110059|113650|123126|123227|128072|123025|123056|123154|113605|127073|123064|118025|123122|113579|113658|127080|118020|113641|128124|118031|113574|110076|123218|123039|128117|127065|113624|113569|113537|118000|123205|113589|113053|128108|113608|123065|118010|123104|113596|128138|123118|118026|123103|123117|123226|123093|113615|118008|123072|118005|113584|123034|123031|113633|113575|123018
2023-11-21,2023-11-20,113044|127033|128127|127012|128087|110063|128081|110084|113591|113066|113057|128066|113631|113532|113628|128130|127078|113050|110092|123141|123187|111012|110047|113033|113549|123160|118016|118028|128083|123228|113068|113021|123107|127018|123146|123225|123063|123198|127027|113062|123099|127032|127040|113609|113058|110088|128063|110093|113649|123213|110079|128121|113065|127020|111011|123166|123190|123168|123147|128119|123204|128128|123156|128141|123059|113651|111002|127092|113060|111005|113600|113063|123221|123214|127042|118029|123164|113055|123089|123127|113546|123175|123162|127054|113664|127049|123169|128133|123163|128049|113524|123078|123167|113632|123194|123129|110075|123085|128109|110060|113056|127070|123149|127059|113637|128090|113024|127039|127095|128071|127045|127073|110090|110083|123088|113647|113640|127075|110094|127035|123202|113051|111017|118039|127028|127016|127088|123153|113526|123211|113064|123174|113545|127087|127060|113561|123188|113648|127055|127068|110052|123087|113665|123207|123120|110067|113039|111004|111009|123130|123100|111000|127081|123203|127050|110095|123171|113663|127069|111013|123150|111008|123158|123151|113054|113602|111015|123172|113598|118017|110074|128076|127043|113527|118044|118003|127034|110068|123143|111007|123220|123035|127083|128144|110077|123219|113027|123193|113563|113601|123152|118041|123184|128132|123159|113594|113061|110070|123185|127086|113565|127082|118004|113639|113674|123177|113067|113660|113662|110073|128143|123080|123071|113667|128123|128082|127071|113530|113627|113654|113657|128097|123050|123076|110085|127076|113677|127063|123157|123048|123208|123217|127064|127091|118011|123144|123128|113675|123119|118009|123224|127026|123131|123112|118030|113566|110091|123173|118043|118019|123067|113656|113604|110064|128056|127094|128137|113037|127047|123082|123212|123052|123061|123114|110087|113634|123189|118024|127084|113052|118033|123197|123133|127072|113577|127067|128105|123215|123161|118036|123106|128129|123192|123183|118034|110062|123091|123182|123165|123199|118038|113593|127022|113673|113030|123178|113669|118013|127030|113045|113573|118012|123135|123191|111016|113582|113666|110086|123170|113048|118040|113542|113636|128095|113043|113676|127074|111014|113643|110058|113623|127079|123038|118042|128120|113644|127053|110061|123121|113046|123209|113653|128070|127077|123206|113671|123201|113646|113621|127014|127052|123229|118023|123090|113606|111010|128134|123195|113610|113659|123022|118007|113638|110089|113597|113672|127085|128091|113618|118027|123138|123142|123223|127090|113629|118014|118006|127041|123049|110048|128142|123054|127056|113049|118035|113059|123200|127061|127058|123109|128122|111001|118045|118032|113655|123092|118022|127038|113534|118015|123155|127031|113047|113588|118018|127024|113670|123216|123124|123176|123210|127089|113668|128074|110072|123101|127062|123115|111003|113042|123222|128101|127093|123113|128131|110055|127019|113652|128135|118037|127037|128125|113616|127017|128118|127044|118021|123180|127025|127066|123132|123108|110082|123186|123179|113661|127051|123227|128116|113625|123196|118025|127015|123126|128053|123145|128072|123226|123064|113650|128136|110059|113605|123056|123154|110081|127046|128106|123025|113579|127080|118020|123122|113574|128124|113658|113641|123039|118031|127065|110076|113569|113608|113589|128117|113624|113596|118000|128108|123218|113053|123065|127097|123104|118010|113537|128138|123103|123117|123093|123205|118026|118008|113615|123118|123072|113584|118005|123034|113633|123031|113575|127096|123018
2023-12-01,2023-11-30,113044|127012|127033|128127|128081|128087|113591|113066|110084|110063|123187|113631|113532|127078|123164|113033|128066|127032|128130|113604|113628|110092|123099|118028|123107|128083|111012|110088|123141|123213|113549|123146|127040|113062|113063|113068|118016|113058|123166|113021|123160|127018|127027|123228|113609|127020|111005|123063|123225|128121|123198|110093|128119|113649|113050|111011|113679|110079|128063|113651|113065|128141|123229|128109|123168|123147|123156|123127|123214|127045|123089|128128|110075|127042|123169|113051|113664|127060|123204|127063|118029|127054|111017|118039|113647|110094|110090|110068|113524|123221|127049|113600|127070|128133|123162|113637|127092|113055|111002|123202|113546|123175|127087|127039|127043|123207|123085|123059|123219|123190|113663|113632|110052|123167|128090|123211|127088|123149|123163|127053|110060|127059|123153|110074|123150|123120|123172|128071|113640|127095|127028|123158|111007|111000|123100|111008|123194|123130|123050|123087|113056|123188|113060|123203|113545|123119|113024|113648|111013|113061|110083|128076|113039|127016|111009|113598|123071|111015|123174|113027|113054|113667|113602|113594|113527|127035|113563|123078|113526|123143|123171|127069|127073|127086|113561|111004|127068|113619|123220|110070|113665|123193|110067|110095|110077|127082|127076|127064|113064|123035|127055|127081|127050|113565|118025|123184|127083|127075|118030|127034|113067|128082|118017|118024|113662|127094|118041|110091|113582|113657|123191|123082|123129|123183|113601|118004|123152|123177|123088|118003|123192|123224|123185|128097|123151|123159|128144|123048|118044|113566|113675|123173|113656|113660|123131|113045|113669|113673|123114|123112|128132|113530|123212|127074|123080|123208|113654|123178|110073|110087|128123|123206|123067|128120|118011|123061|118019|118036|123182|127047|118012|110085|128143|127077|127026|113634|110064|123231|123189|123090|123091|118043|128056|123128|113623|123133|123157|123217|128137|113677|123135|113666|127091|127084|118009|127022|127014|127071|123144|113674|113627|123197|127067|127030|128105|123054|123199|113577|123052|113639|113671|110058|123076|113037|123106|123022|113052|118038|118033|110086|118013|127079|111014|118034|123161|128129|127072|113643|123170|113542|113676|113043|123215|113046|113573|123195|127052|113646|110048|128095|111010|113048|123165|113629|113534|113636|113606|128134|113644|111016|123201|110061|110062|123092|123222|123209|113610|123121|123038|118035|128070|113659|118007|113653|113638|128122|118042|118006|113593|113588|127090|113618|113621|118027|127056|118045|113030|118040|123176|123142|123200|128091|128142|118014|123138|118023|110089|127041|127061|123109|123049|127038|127085|123210|118015|123216|118021|113049|113597|127058|127031|127024|118032|113655|113670|118018|113678|123223|128101|123113|127093|113616|111001|123155|113047|113059|110055|111003|123101|128135|127062|110072|127037|128074|118037|113042|128125|127066|123132|128131|113652|123115|127025|123108|113579|123180|127044|123064|113668|128118|110082|123124|127017|123179|127019|123025|127089|127051|128136|128116|118022|127080|113625|128053|127015|123126|113605|127046|128072|123145|110059|113661|113672|113650|127065|128106|110081|123154|123056|128124|123196|123186|123122|113574|110076|123039|118020|113589|113608|113569|113624|128117|113537|128108|113641|123205|123065|118031|118000|123227|118010|113658|113584|123104|113596|128138|113053|123218|123117|123103|123093|113615|123118|123226|118026|123072|118008|123034|118005|123031|113575|113633|127097|123018|127096
2023-12-12,2023-12-11,113044|113591|127012|128081|113604|128087|127033|110092|113066|110084|113631|113549|128066|128127|110063|110088|113628|113532|118028|123187|123107|118026|128119|127032|128130|113033|123141|127040|123160|113063|113065|128083|127078|127020|110093|123063|113062|111012|113068|127027|113058|113050|127018|123225|123221|128121|123166|111011|123229|113649|113060|123194|123099|113594|123198|118016|113609|111005|123228|113651|110079|113021|123147|113051|123146|123214|123204|123149|128063|111017|123169|128109|128128|123156|127039|127045|123089|127042|113524|128133|123168|123175|113546|123207|123213|118025|118029|113664|127054|123202|113055|128071|127063|110060|110094|123085|110075|111002|127076|118039|110068|113637|110074|123127|123158|110052|128141|127059|127070|110090|123162|113545|127087|127055|113600|113679|123188|113647|123163|123120|123100|113667|123150|127092|123129|123211|123220|113648|123153|113039|123190|127035|127060|111013|113663|123203|123172|127094|127053|123087|113640|123130|113602|113632|110083|127028|113067|127088|123071|111015|127095|113526|113619|127082|127016|111008|113061|123167|123050|113527|118030|113027|127050|128076|113024|118017|128090|127043|113056|111007|123143|123219|127086|113675|123119|118003|113054|111000|113064|123191|127083|113565|127069|123035|123059|123171|110070|113665|118024|113563|113561|113598|123078|123184|118041|123152|127064|110067|113623|123217|110095|111009|127049|128144|127075|123196|123174|113669|118019|111004|123185|118044|127073|123173|123151|123131|123206|123082|127084|113530|123193|123090|118036|113566|123080|127081|127034|113654|118004|123159|128082|123048|113582|123177|128097|110077|123112|113657|113634|128123|127068|113601|113662|127026|110073|113045|123208|123192|123182|113673|123067|113643|123183|127077|127067|123189|123178|113674|123224|118011|123114|128056|118043|110087|127014|118009|127074|127091|113671|113577|127079|110064|113677|128143|113037|123061|123128|128132|127071|123133|127047|110091|128137|123135|113534|118038|123157|118012|127022|128129|123144|123161|123022|123199|113660|110086|118034|118013|123195|113627|123170|113048|113644|123231|113043|113666|113636|123052|113052|123209|110062|123212|128105|113656|110058|128120|113573|118033|127072|110085|123138|123215|113646|113676|123106|113046|123092|123201|113638|113659|113542|127030|127090|123088|118027|123121|111014|128095|123091|113621|123038|118035|123165|127052|128091|113030|113653|113672|113639|113610|123200|123142|123076|128122|110061|123222|123210|113629|118015|111010|123197|118007|113618|118042|123054|127058|113606|111001|127085|127056|118037|127041|110089|128134|118040|113593|127024|113678|123176|118045|128142|118023|118006|123049|123216|113670|128070|127061|127031|113597|128074|127038|123109|113049|127093|118018|113616|118032|113059|123113|127037|111016|111003|110055|118014|128118|123155|123064|127062|123223|113042|113579|113047|113588|110072|123180|128101|113652|128131|113655|113668|123115|128135|123101|123108|127025|127066|128053|110082|123124|127044|127051|128125|127019|127017|127089|123132|128116|128136|118022|118021|123218|113625|113605|123126|123179|127080|127065|110059|128072|113661|123025|127046|123145|123226|127015|128124|123154|123186|123056|113650|110081|113569|123122|113589|128106|110076|113608|113574|123039|113537|128117|118020|113641|128108|113624|118031|123104|113584|118000|123065|113596|118010|113053|128138|123230|123117|113658|123227|123093|123103|113680|113615|123205|123118|123072|123034|118008|118005|123031|113575|127097|113633|127096|123018
2023-12-21,2023-12-20,113044|128081|127033|127012|128087|128127|128066|110092|113066|113532|113631|113628|110088|123107|113063|123187|111012|110063|128083|118028|127027|110084|127032|123141|110068|127078|123160|113062|128130|113058|123198|127040|123229|118025|123063|111011|123127|123221|127063|110093|113050|113065|113068|127045|118016|111005|123194|113609|128141|113033|127020|123147|113594|123225|118026|113649|128121|128128|123233|123166|123213|123149|113651|123146|127053|127054|123204|113549|127018|110094|123214|110079|123202|128119|113546|113021|128090|127039|111017|123207|113664|123168|113637|127076|123089|127070|128063|127042|127059|127088|123085|111002|123228|113055|113039|127095|123099|110090|123163|123100|123220|123156|128109|113663|123188|123169|128133|110074|113051|113060|110075|128071|123050|110052|123153|118029|123087|123130|123172|113600|123150|111015|123158|123071|127092|123120|127087|113667|113602|113619|123211|111007|113526|113582|123167|123162|127028|111008|118039|123129|113064|113679|113545|127086|127035|110060|127064|113067|123203|113648|123190|110083|127094|113640|113527|113598|113647|128076|111013|113530|111000|123143|127055|118003|118030|113665|123175|111004|123131|127043|123171|113027|113623|113632|123035|113024|123059|113054|123184|123219|113061|127082|123152|127083|113662|123206|113675|123080|113534|127050|123217|113601|123159|113561|111009|128123|123196|118019|123191|110070|127060|113669|118004|127016|128144|127084|118024|123082|127077|113566|127068|123192|113565|118044|118011|128143|127034|123185|123173|113654|123201|110067|123178|113563|123183|110091|123174|123193|123112|118041|110077|127075|127079|113673|113643|118036|113056|127073|128097|123177|113045|123078|123138|127067|123022|123092|127026|113671|128082|123119|123189|113634|123200|123209|110095|123142|123048|123222|123090|127047|127081|113674|123151|128056|123182|113639|127098|110064|123135|127069|118012|113657|113627|113660|110062|123067|123052|128120|123157|123212|123133|128137|127071|127022|127090|118043|110073|113577|113672|118038|118009|123061|123224|123195|128132|127091|123199|113677|110087|127049|127014|110058|123208|113656|123197|123144|123231|123170|123128|127072|123106|123114|127074|113646|113052|128105|123088|118033|118037|113678|113043|113037|128129|113573|113030|111014|128118|113621|118027|123161|113048|127052|113644|123121|110085|123176|113542|111016|113659|113638|110086|127093|127030|113618|123091|128091|118013|113676|118015|113636|113653|113666|118045|118034|123038|110061|113588|123218|118035|123215|113046|113610|118007|123165|110055|123223|128122|123076|127041|123054|113606|127037|128070|118018|118042|113629|128074|123049|113569|113049|128095|123232|127085|128134|111010|113670|113593|123109|123210|127058|113616|127024|123216|128142|127056|118006|110089|123226|127038|123180|123113|123155|128124|127062|113597|127031|111003|127061|118023|113059|118040|111001|113042|113579|123064|118032|113655|118014|128101|128136|113668|127051|113652|128125|113047|128135|123108|123101|128053|123124|128131|127066|127080|123025|127065|127019|127025|127044|123115|118021|110072|123132|127017|113605|128116|123126|127089|118022|128072|113625|127046|110082|113589|110059|128106|123179|113661|123186|123145|123154|123056|123230|127015|113537|123227|110081|113650|113608|123122|113680|123039|113574|110076|113624|128117|113584|128108|118020|118031|123065|113641|113658|123104|128138|113053|118010|118000|113596|123072|123117|123093|113615|123118|123103|123034|123205|118005|118008|127097|123031|113575|123018|113633|127096
2024-01-11,2024-01-10,113044|127033|127049|128087|128081|127012|110088|128127|128066|113631|127015|113532|113066|113628|127027|113063|127032|118025|123107|128083|127078|128130|110092|123141|123198|110068|110084|123187|113058|118028|113050|113062|127063|111012|123213|123160|113021|111005|110093|118016|113027|123202|118026|113649|113033|111011|123063|113651|128063|127040|127020|123146|123204|128141|113549|123158|123229|111007|127039|127042|123156|128121|123147|123089|110063|127088|127094|113068|123194|113664|127053|110090|127055|110079|123221|123188|123214|123166|128128|113065|123149|113609|113637|113055|127059|123127|127070|127092|123225|111017|123168|110074|111002|118029|113546|128119|123150|110091|127054|127082|123234|111008|127076|128071|123220|127045|113648|127035|127095|111013|123207|128109|113663|127028|118019|113679|123085|128123|123112|123130|123163|113051|123100|113665|113526|113039|128082|123191|127050|123167|127043|128133|127086|113623|118039|123172|113600|113527|113545|123120|113530|123184|128090|123200|111015|123087|113640|127087|110075|123171|127084|123099|113534|113024|127034|113594|110060|110083|123153|123203|113602|123201|123162|110094|123190|128076|111009|113598|123233|127018|123206|113064|123143|111004|123169|113067|111000|110052|113060|123228|123211|113619|123185|113675|127099|113054|113667|123050|123177|113561|128097|123059|127069|123092|123080|123159|127083|123217|123131|127047|128144|118030|118003|127077|123129|113565|123209|113662|113627|127075|113634|127016|118044|113582|113566|123222|123173|110070|113669|113647|110067|127060|113671|127073|123219|123189|127079|118041|113674|123196|127071|113563|123192|127064|118036|113632|123133|123071|123152|123218|128091|113673|123224|110095|113657|113643|123178|113672|123048|127014|128143|123193|123082|127068|113654|113056|113061|123183|118004|123142|118011|123114|123157|110085|128070|118024|128137|113045|123174|127072|127081|127026|123090|128056|123078|123106|111016|123035|113639|113542|123067|123208|123212|127090|110064|127067|123175|110087|123052|128105|123231|123135|123205|113601|110073|127074|123144|123138|118012|123197|113588|118043|128120|110058|113660|113577|113052|123151|113656|123199|110077|113048|127030|123088|123182|113621|118034|123121|127022|127091|113037|127037|113646|110055|128122|113606|128129|127058|123176|127052|123195|113666|118038|123061|113676|127093|113653|113059|123091|123022|110086|113659|113030|113610|118009|123215|123161|110062|113677|113678|123170|113680|123119|111014|113638|113618|127041|128095|113046|113670|113043|113573|127056|113644|123049|123227|123165|123223|110089|118015|118042|123128|127031|123038|127024|113636|123180|118045|127062|118014|118007|123232|128142|111003|123155|118013|118037|111001|123113|113049|118035|118023|123216|128132|118033|123054|113629|118018|113042|113593|118021|118006|128134|113597|111010|118032|127085|128053|127065|127038|113668|123210|128118|123025|123226|123076|113047|127098|127080|113655|128074|113616|123109|127089|128125|113661|127061|113652|128101|123064|128136|118040|127017|123230|127044|127019|123126|128135|128072|113579|127066|128124|127051|123108|123132|113605|123101|110072|127025|123115|113569|123124|113625|110082|128131|118022|128116|127046|110059|118027|123179|113589|128106|113537|123154|123186|123056|123039|123145|113608|113650|118031|123072|113574|113624|113053|110081|110076|128117|118020|123122|128138|113641|128108|118000|123065|113658|113584|123118|118010|113596|113615|123093|123103|123104|123117|123034|118008|127096|118005|123031|127097|113633|113575
2024-01-23,2024-01-22,113044|127033|127012|123107|128087|128081|113063|127049|113066|113050|110088|113649|127032|128066|123187|113628|110068|127063|113062|113631|113532|118025|110084|113058|127015|127078|110079|118028|123202|123141|110091|128083|127102|123198|118019|113651|113648|113055|123229|113021|111007|123127|127027|123221|127088|123213|123236|110083|111011|127054|128130|113664|113549|127053|111017|128123|123160|113065|128082|123194|123092|111012|111008|123188|127039|113566|111018|127042|113676|123147|111005|113534|123158|127050|110074|113069|110092|128121|123089|128141|128128|127040|127094|118016|128127|110090|113068|123156|113030|128091|123225|123150|113039|127055|123234|123063|123200|127028|111015|128119|113527|118029|127020|127014|127101|111002|113546|111013|110093|127059|127045|118046|123167|110075|110077|123131|127095|118044|123166|123204|113526|123206|113637|113598|123146|123220|111000|123214|123163|128132|127082|118026|127076|123149|127092|113060|123201|113033|123191|123177|128097|118030|123192|110060|127081|123085|113027|113675|123099|123233|113679|113530|127084|127070|127087|123112|127043|113582|128076|123130|123172|113665|123050|127099|123222|110052|127086|123129|113594|113609|113602|128090|127058|113663|123207|110063|127069|123184|128133|123153|113051|123120|127037|123168|113067|128063|111016|123169|123209|123143|113673|113634|127073|113619|113561|123211|113647|113627|113563|123173|123203|128071|113667|123235|113064|127035|128109|123059|110055|123219|123218|123087|118039|123100|113600|113662|127071|111004|127090|110085|110094|127100|123217|123159|123162|113669|128137|118003|123228|113681|113045|127030|123152|123223|113565|113632|123171|113674|127016|127079|113052|123231|123052|113623|113061|123078|118034|123176|123080|113640|123224|127072|118041|113671|113024|123174|123138|123196|123025|127077|123071|110058|123185|127083|127064|123197|123157|123090|123133|111009|113054|123067|113588|128070|113545|113646|110070|123022|110067|118042|123114|113656|123189|123151|113672|128056|113056|123190|127047|113660|118011|123135|127060|123082|127091|128144|113621|123193|127075|118036|127018|110095|127067|123048|113643|128143|118038|113666|113639|123178|123199|118024|123212|110073|118012|113678|127062|123183|128095|128122|113037|127074|127065|113657|127034|123205|118004|128120|123121|123161|113577|118043|110064|127068|113680|127026|128105|128129|118009|127022|123175|118021|113542|123061|113654|127093|123142|123195|123170|110087|113048|113677|123182|123091|123054|113059|123144|123038|110086|118045|123106|123232|113606|123226|113043|123035|123088|127098|110062|113593|113659|123119|113601|127031|127041|118035|123215|118037|111014|127052|118033|113618|123165|113653|113042|128074|123208|113049|113661|113610|113573|113644|123227|127056|118007|110089|127089|113597|118014|113638|113670|128053|113636|113652|118015|113046|113668|111003|123049|123216|123180|123210|118013|127085|111010|127038|123113|128142|128106|127024|123128|113616|111001|118006|113047|118032|118023|113655|113579|118018|123064|113629|128134|127080|123076|123155|127051|128118|123109|128135|123115|128101|127061|128136|113605|127044|113537|127066|128125|110059|127017|113625|113569|110072|123108|123230|110082|127046|113589|128131|123124|118040|127019|123126|123117|127025|123132|123101|128116|128072|128124|118027|113574|118022|123179|123154|123186|113608|118031|123039|123118|123145|123072|113650|123056|113053|110081|113615|113624|118000|110076|123122|113641|128117|118020|128138|123065|128108|113658|113584|118010|113596|123093|123034|123103|123104|127096|118008|123031|118005|127097|113633|113575
2024-01-31,2024-01-30,127033|113044|128081|127063|123107|127049|128087|113050|110088|127103|113021|110091|113066|127012|127032|110084|113631|128066|113628|113532|110079|113058|127015|113055|123213|123202|123221|110068|128083|113062|123187|113649|128130|118028|123198|127027|127050|111007|127053|110074|113065|113648|113534|128141|123141|111011|123194|113664|113549|113651|113039|127102|127042|127020|127078|127039|123229|113068|110093|128123|127088|123127|127040|123188|127054|127082|123149|127086|123158|123167|128121|123063|123150|111017|128128|118019|123089|113060|118016|113546|113566|123175|111012|127028|111013|128132|110092|123160|111015|110075|127055|113030|127094|123177|110083|123156|111018|110090|118044|113069|123204|111008|127095|111005|123130|123147|127037|123146|113637|113033|127045|123035|128082|128127|110055|110060|123184|123214|113598|123234|123201|118046|113051|123085|113024|123191|128090|113027|128133|123225|113676|128076|128119|127058|110052|111000|118025|111002|127069|128109|123050|127092|123236|123220|123131|123206|113582|123200|118029|113665|123163|127084|127070|127101|123099|123092|118039|123211|123192|128071|111016|127099|127059|113067|123129|127035|110094|113679|118030|127030|113563|123168|123166|123222|123209|113647|110063|113602|113588|113671|123120|123112|127064|113594|123207|123059|127071|118026|118003|118021|123087|123203|127043|113674|113609|110077|127087|123078|113681|123025|113663|113669|113619|113064|113561|127077|113054|127081|113052|127072|127083|113673|123169|128063|128091|113667|123172|111004|123223|113675|123176|123048|123173|113565|110067|123228|123185|127016|110070|127100|113634|123219|123235|123162|123233|127076|113672|113662|113545|123153|113056|128097|123143|123218|113530|123052|113600|127090|123217|123138|127018|113666|128137|113632|110058|113621|123022|123174|123171|110085|113045|123159|123100|113623|110073|123237|113646|128070|113037|113640|123196|127065|118041|123190|123071|123197|127067|123080|113656|123114|127073|128056|123231|123157|113643|113627|110064|111009|123067|123133|123205|123152|123212|118012|127014|123082|118036|110095|123151|123193|127060|128122|128129|127098|128144|118004|127079|127034|123189|113043|113061|118043|127047|123135|123090|113657|113660|123038|118038|113678|127026|110087|127022|123224|118011|128120|123182|110086|127091|127074|123199|128105|127093|127068|123183|123195|113639|123061|110062|123178|123170|111014|113048|118009|118034|127075|113042|127056|123054|123232|127062|118024|123088|118045|113542|123106|127041|123091|113654|113680|113677|113659|128095|113577|123144|123161|118042|127031|113601|123215|110089|113644|113046|127052|123121|127024|123142|113606|123049|113610|123165|113653|118035|123119|113593|128053|113670|118037|118033|113618|113573|128106|128142|113597|113636|118007|127085|123208|113049|127038|123216|128074|123128|111001|113638|113655|113629|118013|123210|111003|113047|128134|113652|113616|118032|118023|123226|123227|123180|118015|127017|111010|113059|118014|113661|113579|128135|123113|123155|113537|118006|127080|110059|113605|123109|110072|127089|127061|127044|118018|123108|128118|128101|113625|123076|123064|127025|123118|113668|128125|127019|128136|113589|113569|128131|123124|123117|123115|127066|128116|118040|128072|127051|110082|123126|127046|123101|123132|123186|123154|128124|118022|113650|118027|123072|113608|123179|123056|123039|123230|123145|110081|113053|110076|113624|118031|113574|128138|128117|113615|123122|118000|113641|118020|128108|123065|113658|123104|113596|123034|113584|118010|123093|123103|123031|127097|127096|118008|113633|118005|113575
2024-02-20,2024-02-19,113044|127049|113021|127032|123107|128081|128087|113050|127015|127063|110088|110079|113062|127012|127103|113648|127033|113055|110084|118019|113065|128123|110068|113628|113058|127027|127020|110090|113066|111007|110074|110063|127039|123187|123127|127050|118025|110094|123150|127084|123158|127045|123119|110091|123188|113534|123194|123221|111011|113664|111018|111017|123156|113631|113039|123202|128130|128119|127040|127070|127088|113069|113060|118030|128128|113051|128141|123229|113068|110083|127028|127102|123035|113027|123092|123149|110075|113651|110092|123169|113024|113549|113602|123213|118028|110055|127092|127030|123147|128083|127078|127069|118046|123192|113532|123167|127082|113030|113052|127064|110093|127095|113067|113064|111005|127053|127037|118021|111008|113637|113676|127086|123191|128143|128090|113675|123141|123050|118044|110052|113623|123146|123211|128109|128121|127043|128132|123099|127014|123214|111000|113679|113598|123198|123225|113669|123222|123206|127076|113056|127067|127083|123112|113054|111002|110085|123201|127071|110067|113647|113566|127099|123063|113632|113673|127054|113666|128133|123177|123160|113045|127065|127022|118029|113634|123129|123131|113674|123059|113588|113663|110077|111012|123228|127018|128091|123085|127094|113563|123184|123175|123025|127016|113643|118003|123204|113649|118026|127087|111015|123130|127058|123078|127101|118040|127074|113582|127072|127098|127100|123234|113619|123022|123209|118039|110060|123120|127042|113671|113037|123048|128076|128129|123190|123195|123231|110073|123236|113545|123089|123219|123176|127035|123233|111016|127059|113678|118016|123038|128137|128122|113627|110095|110058|113644|113662|113660|123217|111004|113654|127090|123212|123223|123237|113594|113621|123174|123168|118038|113681|123235|123114|113043|113561|123067|113667|113033|110070|110062|123163|118036|118034|113530|118004|123224|123170|127056|113546|123197|128097|111013|113659|123151|127041|113672|123185|123178|127055|127073|128082|110086|113042|123203|123199|128071|123166|123172|118042|118012|110087|118041|123220|113061|128066|123071|113640|113641|123193|127091|113646|123200|118009|123171|123054|113656|123052|123182|123143|110089|113048|123087|128095|123133|113609|127031|123090|123152|128063|123157|128070|127093|123183|127024|127079|118043|118024|123196|123153|127085|127026|128127|123173|123226|113577|113665|111014|118035|123162|123218|127077|123215|127034|123091|123165|113049|110064|113636|118011|123121|113573|113652|118037|123100|123208|123113|128144|113565|128106|123161|127038|123238|127060|113579|123207|118033|123088|123232|113677|111009|123080|113653|113661|128056|113046|113537|118013|111003|113047|113655|113639|113638|113606|123159|127061|128142|118045|127068|123210|127052|128135|113680|127075|113670|110059|113657|123227|113600|123144|123142|118014|127081|118032|123108|113542|113593|127019|113605|128134|111010|128105|113616|123216|128120|118007|123138|128074|123061|123135|113597|127062|123109|127017|123064|113618|123082|118023|123117|127089|123128|110082|123118|110072|118015|127025|113059|128136|123115|123189|123205|127044|118006|113629|128101|127047|123180|123049|128131|127046|123106|113601|111001|123124|113625|127066|113668|123230|123101|123072|123076|118018|118022|113610|127051|123154|128116|110076|123039|128124|128125|110081|118027|118031|123179|113650|113053|127080|123145|123155|123122|123126|123132|113608|128118|128117|123104|123186|113569|113658|113615|118000|113589|123056|128072|128108|123034|113624|128138|123031|113574|113584|118020|123065|118010|123103|123093|127097|118008|118005|113633|127096|113575
2024-02-21,2024-02-20,127049|113044|113021|127032|123107|127015|113050|128087|110079|128081|110088|113062|127103|113055|110084|127063|113065|110068|128123|127027|113058|118019|127020|127012|123127|113648|127033|110094|127039|113628|123187|113651|110074|110090|113631|127045|128133|127050|111007|123150|113066|118025|127084|110063|113534|111011|123119|123158|113039|113664|123221|123092|111018|123188|128130|128141|113068|127028|127040|123194|128083|113549|113069|123229|123035|113060|118030|110091|113051|127092|110083|128128|111017|113027|128119|127088|113064|123156|127102|110075|127086|113024|123192|127070|123202|113532|110055|123167|123213|123149|113067|123169|110092|113030|118028|127069|127078|113052|113566|113602|127053|127030|113676|123099|128132|118046|110093|123050|127064|123059|123147|128090|127037|113675|128121|127082|111000|113054|111008|128109|127076|118021|123191|113598|123141|113056|123211|123222|113637|127095|127043|127067|113623|113634|127083|110052|127014|127054|118044|123206|123146|113669|110067|123177|127065|123198|123063|113679|113563|128143|127071|110085|113588|123112|127022|111005|113673|123131|111002|123201|123025|123236|113647|118039|127018|123129|123214|113674|113632|123160|113666|113649|127072|113663|128091|123225|118026|123130|127074|128076|127087|113045|127058|127101|113037|111012|127094|111015|118040|123234|113582|128129|110077|123022|123197|127098|110073|127099|110060|118003|127016|123204|123184|113678|118029|113594|123228|123120|127042|123089|123195|113643|123209|113545|127100|123231|123176|123048|123237|127035|113619|113654|123233|113627|113561|113681|123175|113033|127059|123038|118016|110058|113671|113667|113530|123078|128122|128137|110095|113621|123223|118004|123217|113546|123114|113644|123168|127055|123174|113660|127056|123235|123067|123212|113043|123190|128066|113672|127090|123224|110062|123219|123085|128097|123151|118034|111016|123163|123170|118038|110070|118036|110087|128071|111004|127041|123178|113042|110086|123185|113662|123199|128082|127073|123200|127091|123220|118012|118041|123054|111013|123171|113659|113641|113609|123203|113640|123166|113061|123133|113646|118042|118043|123071|127079|123152|113048|110089|128070|123138|127031|113656|123052|127085|123143|128063|128095|118009|123157|113573|123172|123218|123226|123196|123193|127024|118024|123173|123162|128127|123090|123100|123182|113665|127093|113577|127077|123087|113652|127034|123183|127026|123153|123165|110064|111014|123215|123091|127060|118011|113636|113049|128144|118035|123238|123207|113677|123121|113565|123080|118033|123208|127068|111003|128056|123113|113046|123161|127038|113537|123232|113655|113639|118013|123088|111009|113542|113606|118037|113579|113638|118045|113047|123210|123142|113653|128142|128106|123159|113661|128135|113670|127075|128120|113593|127081|127061|110059|127052|123108|128105|123144|118014|111010|113597|113605|113657|113600|128134|123216|118032|128074|123061|113618|113616|118007|123227|127062|113680|123082|123064|127019|127017|123109|123118|123189|123128|110082|123117|118015|127089|110072|123135|113629|127025|118023|113059|128101|123115|127047|118006|128136|123180|113601|123106|111001|127044|128131|113625|127046|127066|123049|123124|118018|113668|123076|113610|123101|127080|123205|123072|128116|123230|123154|118022|110076|127051|128124|113569|128125|123039|110081|113650|118027|123145|123155|118031|123179|113053|123126|123122|128118|123132|113608|123104|123186|128117|113658|123056|128072|113589|118000|113615|128108|113624|128138|113574|123031|123034|113584|118020|123065|118010|123103|123093|127096|118005|113633|118008|127097|113575
2024-03-01,2024-02-29,113044|127049|127015|113021|128087|128081|113050|123107|113058|111007|127103|127032|123207|127063|110084|123214|123208|110088|127012|113055|110079|123202|127027|110068|113631|110094|113628|123150|113648|113062|127050|127020|123221|123127|128123|113069|113065|110074|127039|123187|113068|111011|128083|127045|123184|128141|118019|110090|123194|113534|123087|128133|111018|128128|113566|113039|127088|123162|111017|110063|123240|123188|113664|113594|127040|123213|110092|123119|113030|127102|123141|127084|113651|127053|113549|128130|128119|113532|118025|127028|127070|113027|118028|123229|123203|110083|123035|118046|113609|113024|113067|127092|113634|113060|128121|123149|110052|113602|123169|118030|113051|123092|110093|110075|123050|113676|123156|128109|123167|123200|127069|123222|127095|111008|123191|128090|123158|123147|123192|113052|113666|118039|128132|113669|127086|127054|127078|113637|127043|118040|127076|123063|113623|123198|123099|111005|111015|127099|113675|113563|123211|127064|118044|110055|113054|113619|110091|111012|113679|123236|110067|127082|123146|118026|123175|113598|127083|123022|113064|127030|127098|113066|113674|110060|127094|127042|113582|118016|127071|123112|123059|111000|127055|113045|123160|123131|123201|128143|123234|127090|127087|123120|127018|113056|110058|113545|123129|127067|113649|127072|113632|123177|113663|118029|113647|123089|127065|123206|127100|110095|128076|128056|113033|123237|127014|123048|111002|110085|110062|110077|123219|123025|123190|113673|128137|128082|113678|127035|123078|127101|123067|110073|123235|118003|118004|113561|127074|123217|127022|123233|123114|113037|118021|128066|113654|123168|127016|123239|123228|113643|113667|123038|123197|123130|123176|127104|118042|118034|128129|127073|128097|123209|113671|123195|123224|113546|123166|123163|113530|113662|128127|123138|113061|127059|123174|113627|123223|110070|111004|113043|128071|111016|113681|123185|123220|128122|113621|113660|123231|123196|118043|123218|118038|113644|113641|127041|128070|123085|127093|127037|123212|123170|110087|113588|123204|127058|123157|127056|110086|123199|123171|118036|118012|123173|127091|128063|123225|123071|111013|113665|123152|118041|123151|113656|113048|113565|123238|128095|113659|123052|127026|113577|123054|127079|123143|123100|113042|113646|110089|123153|113573|127038|123178|127077|123182|118009|113639|123193|118037|113640|123232|118024|127024|123215|127085|123161|127068|123121|127061|127034|123226|118011|123090|113677|123165|128144|123133|118045|110064|113600|113661|127031|123172|113049|123142|123080|123088|123230|113636|123091|111014|127075|127051|127060|123183|118013|123159|113652|113672|111009|113046|118035|113593|113655|127052|123061|118015|123144|113047|113657|113670|113653|128120|118033|113597|113616|113537|113579|113542|128074|128142|123210|113606|113638|118014|111003|111010|128135|123128|123082|128134|128105|123109|123216|123113|123189|127047|123108|113601|123205|128106|113618|113059|118007|127062|110059|123135|127019|128101|123106|118023|123064|123076|127089|123124|113680|123227|118032|113629|128131|127017|123049|127066|113668|110072|123117|123180|113605|123115|111001|118006|110082|127025|123101|128136|113625|127044|127080|113569|123118|118018|113610|127046|128116|127081|118022|118027|123155|123072|123154|128118|128125|110081|113589|110076|128124|123145|123039|118031|113053|123179|123132|123126|113608|128072|123122|113650|123104|113658|123056|123186|128117|118000|127096|113574|128108|118020|113615|128138|123034|113624|113584|123031|123065|118010|123093|123103|118008|113633|118005|127097|113575
2024-03-12,2024-03-11,113044|127049|123204|128087|123207|127015|128081|123205|113050|123107|110084|127103|113058|127063|123221|111007|128123|113628|127032|113631|110063|123208|113055|127027|123187|110094|110068|110079|127020|123202|123229|128083|110092|123184|110074|113068|111011|123147|118019|123213|123167|123150|127045|123127|113033|113648|127078|123141|118039|113065|113069|113664|128128|123240|127028|123149|127039|123198|113534|110090|113549|127105|123169|128141|127088|127102|123194|127053|113619|127070|128133|123092|111017|127055|118046|113030|128109|123188|113039|113651|127040|113062|123172|128130|127050|110093|123035|123203|113623|118028|123156|123214|123160|123234|113060|113602|128132|111008|127054|113027|111018|113051|123050|123162|128120|123085|123119|127084|123211|123158|113024|113532|128121|111012|113067|127092|111005|123228|127094|128119|113666|113566|127043|113679|123087|123059|127086|127095|110083|127082|111015|123163|113676|113637|118030|123191|128090|123131|123190|118026|127069|127099|110075|110060|123063|113669|123175|118025|118040|118016|113064|113609|123022|123237|123201|123120|123146|123089|110055|127090|128127|118029|123222|127064|113678|113593|113054|123099|118044|127087|127101|123200|113598|113674|113066|127071|113563|127098|113052|111002|127030|118042|113045|110095|110067|127074|113634|110062|123206|127042|123236|123197|123129|127100|110091|113667|111000|113582|110085|127076|113675|123225|110058|123168|123176|127035|128143|128076|123078|123177|123048|123219|127072|123112|113663|113632|113056|123224|123130|113681|127091|123217|123192|123196|123235|123239|113649|123166|113546|123185|113530|127083|127018|127059|111016|127104|113662|123067|123209|118034|113561|113671|113654|127067|128071|113643|123025|113545|123220|123218|118043|128082|128137|128097|127014|123138|128066|123212|123233|127079|123152|123153|123114|110073|113627|123171|123038|113647|127093|118003|127041|118004|127016|123157|118021|113672|127056|111013|113061|113621|118038|111004|127073|123054|127022|113577|123193|128129|123143|128122|118036|128070|110077|113588|113037|113043|113641|113644|123173|123170|118041|123231|123100|123174|113048|123195|113673|110089|123182|110086|110070|118009|113656|113573|118012|123071|113661|113665|110087|128063|123151|127075|127037|113659|113660|123052|127026|127034|123232|113059|128144|123199|113565|123183|127061|127038|113640|113639|123178|123161|123223|118011|127051|113646|123215|113042|113600|127068|113677|123142|127077|123133|123113|123165|118045|123159|118024|111009|123088|123121|123061|123238|127060|128095|127024|113047|113049|113597|123144|127031|118015|113652|123080|118037|111014|111003|118013|127085|123091|118014|113636|110064|113670|118033|127052|123117|123090|123226|113046|113653|123210|128074|118035|123189|113638|123076|123082|113542|128142|113606|123128|118007|118023|113569|113616|128106|111010|113657|128135|127062|113594|123227|128105|113655|113537|127019|113668|113601|123180|127047|123106|127089|123108|128101|127066|123216|113618|110082|123064|110059|113680|123109|123101|128131|123135|123115|123124|113629|118006|128134|113579|118032|123049|111001|127080|123230|128091|128136|127017|127044|110072|113625|113605|123155|127025|113610|113589|118018|128118|118022|123072|110081|128125|128124|123118|118027|128116|123154|118031|127081|110076|113608|127046|123039|113053|123126|123132|123179|128072|123145|123122|113650|123104|123186|113574|128117|123056|113658|118000|128138|118020|128108|127096|113624|123034|118008|123065|123031|113615|113584|118010|123093|127097|123103|118005|113633|113575
2024-03-21,2024-03-20,113044|127049|123207|127015|128087|127063|127103|113050|123204|128081|128123|123221|123198|123228|113058|113631|110063|110084|123202|127027|123205|123229|113628|123208|113055|123107|118019|123225|127078|123184|127105|127020|110092|127032|123141|113033|110074|118039|110079|128083|110094|123213|111011|123150|111007|123160|128109|123169|128133|123092|113664|123147|113534|127040|123194|123240|113068|111017|113060|118028|128130|113065|127039|127088|123190|127045|113549|113024|127070|123203|110083|128141|110068|128132|123175|113039|111005|123172|118016|127084|113069|123085|128128|113030|123127|127028|127102|128120|111018|123214|113651|111012|123187|123162|123156|127094|123050|127054|110090|127050|123146|123234|127053|123218|123152|110093|113602|127086|113062|113648|123035|123163|128066|123119|127101|113637|127072|113532|127069|111002|127043|127082|118029|123149|118025|113679|110060|113619|113632|123188|123191|127092|123211|123158|123182|123087|127055|113546|123063|113051|127095|113649|128090|111008|128121|113623|113027|113676|123089|123237|110091|118026|123201|127099|127087|118042|113666|113598|123078|118030|118040|113667|123059|110075|118003|128127|127035|128143|127042|113563|123131|123220|123217|123166|123200|127077|128119|127090|111015|123206|123130|118046|113669|123099|113067|113663|118044|128076|110062|123168|113054|123120|123129|113609|113045|113673|111016|110058|110067|123177|127098|113052|127071|123196|123112|113530|113064|123236|127064|113066|123224|127059|123222|113675|123239|113681|123135|127074|127018|127030|127083|113674|113545|123209|113627|113634|113056|113678|128105|123067|123048|127076|110085|123219|111000|123176|113647|123235|128097|127100|128082|113561|113671|123054|118043|123153|123197|111013|128071|123171|113601|123157|113643|123185|113593|127073|123143|123233|123100|123114|113662|113061|123192|128137|123167|127067|118004|123193|113582|127079|123173|113665|111004|123231|127075|110095|127060|128063|123212|113654|113577|113565|127068|110073|111009|127091|123174|128070|127041|110077|123170|128122|118036|127034|123038|127016|127093|113037|113641|127026|118009|118038|127014|123151|127022|128129|123025|118041|113640|123052|123232|118034|111014|113573|110086|123061|110070|123138|113600|118011|113659|113644|123238|110087|113621|118012|123199|113048|123133|123071|113043|113657|123195|113660|127056|123183|123178|113656|127085|127104|127037|123076|123159|127047|113566|127024|113059|113646|113677|128144|113042|113639|123088|123082|127038|123142|123144|123223|127061|123165|128095|123080|123189|123161|113597|123215|123049|113672|111003|128091|113047|123113|123210|123121|110089|113661|113049|123091|110064|113652|118033|127019|113542|118045|118037|118024|127052|128074|113653|113636|118013|113588|127031|118015|113046|118007|127051|118021|113670|113606|123090|118023|123227|123128|123117|113616|113618|128142|118014|113638|127062|123109|113655|113629|127066|123106|123180|111010|118035|128101|128135|118006|128118|113537|123115|123124|123108|113668|123216|128131|111001|113610|123101|113569|123145|128134|127089|110059|128106|118018|128136|123064|123226|110082|127017|118032|127044|113589|113625|123155|110072|113579|118027|123132|127025|123230|128124|127080|113605|128072|128125|128116|127081|123154|123072|118022|123126|110081|123039|123118|113680|113608|127046|110076|123104|118031|123179|123122|113650|113053|113658|128117|128138|123186|113574|123056|128108|113624|118000|118020|123065|123034|113584|123031|118010|123093|127097|118008|123103|113615|127096|118005|113633|113575
2024-04-11,2024-04-10,113044|127049|128087|127015|123207|128081|113050|123204|110063|110084|113631|113058|113628|127075|123228|110079|123229|118026|113055|127027|127105|123190|127078|118019|128123|123205|110092|127020|111011|127103|123056|127032|127040|127084|127086|123221|123187|128109|110094|128141|123198|110074|123107|127045|128133|110093|123141|128130|113068|123202|123200|123213|127070|123184|113062|123208|113065|111017|118028|123085|123160|127092|128119|127039|113649|128083|118039|113664|123156|111015|123169|123214|113651|127028|127094|123219|127055|113039|123149|113549|111007|127082|111018|123092|123188|118046|111002|127054|123194|123191|127050|123131|110090|123225|113051|128120|123240|113676|123201|113030|123211|123146|111012|113637|127053|113067|123234|123035|113546|123150|118016|113648|113682|128082|113027|113623|128132|127043|113671|123163|123050|113060|111008|123147|110060|123172|113632|127088|111005|110068|113672|127042|123063|123175|123203|127101|128090|128128|123119|128144|127035|127076|113598|127102|118042|113069|128121|113054|127059|118029|127095|113619|123236|127098|110083|127069|123089|127064|123168|123218|127099|113667|127014|123166|110075|113563|127087|127073|111016|128105|113634|110091|123158|123135|113679|113674|127018|127077|123099|123206|113663|113602|113056|128066|123130|127072|123059|113627|118003|111013|123209|113033|123222|113681|123177|127071|113678|118025|123233|110067|128076|123112|123129|127083|127067|111000|113582|110086|118012|123087|123217|123120|113675|118030|113569|113066|113609|113647|113662|123152|128097|110058|113673|118044|113545|123182|113669|127030|113641|127041|113666|113052|127016|123127|127090|123224|128071|127068|123143|110087|123162|113061|128143|111014|113665|123185|127091|113045|123048|113659|118021|118040|123220|127093|127060|123174|127022|123176|123212|113565|123192|123235|123196|111009|128137|123067|123231|127100|123078|118043|110085|128091|123052|128129|123195|113621|113640|113037|110089|123197|123133|110095|123237|123178|123157|113600|123171|113577|127034|128122|113643|128070|123183|113561|118004|113064|110070|113644|123061|113656|111004|110077|123170|127019|127026|123100|123106|113042|118041|123153|127074|127104|128127|110062|123113|123038|123223|123128|111003|113588|123173|113646|127024|127056|123114|113049|113047|123189|118036|123239|123193|127037|123054|123151|118009|123071|110073|123091|118038|113660|113048|113046|118013|127079|113059|123159|113593|127085|113639|113043|123165|123049|123138|113652|118034|127031|113638|123144|113573|128095|123238|127061|113657|123227|113680|118011|113653|113654|127066|123226|113542|113677|113606|113636|110064|123161|127052|127038|123088|113629|123215|123232|123082|118035|128142|127062|118024|113597|123121|113616|113537|118037|113661|123142|123039|123132|113670|127047|118006|123199|118023|118033|113601|128135|123109|123117|123180|123076|123090|118014|118015|110059|118007|128101|113618|111001|128074|127051|118018|123126|123230|128134|110082|123115|118045|123108|113579|123210|113668|123101|113589|113610|113655|128118|123064|128136|123124|128131|123216|111010|118032|128125|110072|123080|113625|123155|127017|127044|113605|127046|127080|128106|127089|123145|118027|128072|123072|127025|118022|110076|128116|128124|113608|127081|123154|113650|123186|123118|110081|128117|113574|123179|113658|128138|118031|113053|127096|123104|123122|128108|118020|118000|113624|113584|127097|123031|123065|118005|123093|123034|118010|113615|123103|118008|113633|113575
2024-04-23,2024-04-22,113044|127049|110092|127075|128087|127015|123204|110063|123205|123156|110079|128081|123207|123228|123229|113050|113058|127103|113631|127055|111011|113055|128123|113628|110074|127027|118019|111015|128109|110084|127032|127078|123202|118028|113068|128133|123187|127084|127050|127040|123225|113027|113062|127028|127070|123107|123221|123160|111018|110094|113664|123218|127020|128141|123213|123194|127045|113637|123184|128119|113682|123214|113039|113549|127054|113651|127086|123130|127076|127092|118039|113065|123092|123219|111002|127095|113674|127043|127069|128130|123149|123198|113069|113671|110093|113676|110090|127039|123141|123211|127082|113648|118046|113546|128083|123050|127053|123169|123056|111017|128128|123190|123201|123188|111007|118044|123208|127105|123222|123163|123150|128120|113672|110086|128090|123035|113060|113067|113030|127098|123240|123048|111008|113051|113598|127094|113632|113634|128132|123191|113563|127099|113623|111000|123131|111012|113619|123182|123206|127071|118042|111016|110068|123200|123147|128076|113666|110060|123209|113649|123177|123236|127035|127064|123234|113602|118026|113066|123168|113669|110075|128097|127042|113662|123089|118016|127072|110067|127041|128091|113033|123172|123235|123063|118029|123119|118012|127083|111005|113663|123146|113054|127101|128121|123135|118003|110083|123085|127067|123217|127087|113659|113673|113621|113052|123112|123059|113675|123129|123120|113056|111013|127019|127104|123231|113679|113588|127030|123127|123152|127102|113609|118021|123143|113681|113678|123176|127016|128143|127059|113582|127088|123133|113647|118025|127068|113641|123166|113569|128082|123099|127077|127018|118030|128137|127022|123162|113606|123192|127091|127093|128070|123178|113045|113656|127090|127014|113545|123212|123114|118043|127056|118040|128129|113667|123203|113037|111003|128105|113644|113042|123197|110089|113627|123078|110095|123158|123174|113643|118013|118041|127073|123153|123113|123233|123185|127060|110085|111014|127100|123067|123061|110062|123171|123196|110091|127024|128122|118004|128071|110087|123175|113660|110070|118038|113646|123091|113577|113061|123052|123224|123170|110073|123087|123220|127031|123128|123195|127037|123238|118036|113677|113652|127074|123237|113043|123183|123157|123173|111004|111009|113665|123054|123223|123151|113064|113049|123227|127079|113640|113047|128144|113046|123039|127026|127017|118045|127085|123126|113654|113636|123100|118009|123138|110077|123071|113638|123106|123038|113537|113048|113680|118034|123226|123090|113565|113653|123193|123230|127061|127034|128134|123159|113600|113059|113593|123144|123115|128142|127038|113610|128095|113639|123117|113683|123199|110064|113670|128135|113616|118006|113542|127066|113657|128127|113573|118033|113629|118014|123142|123161|123189|123165|113661|110082|127052|118023|118011|123121|118024|118037|110059|123132|123088|123049|123215|113597|113561|123232|127062|123109|111001|123082|123154|113579|123064|118035|123210|123108|123216|128101|113618|118007|123180|123239|128074|128125|113655|123076|128136|118015|113605|123124|127047|123101|127051|113625|110076|123072|128106|128131|118018|111010|127046|110072|113601|113668|118032|127080|118027|127081|127044|127096|127025|127089|128116|113589|127097|113658|123155|123145|110081|128118|128072|113608|113574|128124|123080|128117|113650|113053|118022|123122|123104|123179|123118|128138|118031|123186|128108|113624|123031|113584|118000|118020|118010|118005|123034|123065|113615|113633|123093|123103|118008|113575
2024-05-06,2024-04-30,113044|127049|128087|110092|127015|123207|110079|110063|127055|123204|113050|128081|127103|123205|123198|123190|123156|113055|123099|113631|127027|113058|113062|123225|127032|128123|123056|123160|123184|110084|123228|111015|113065|128130|123214|123107|123202|118039|127078|110074|123213|113068|128083|127105|123187|113628|113060|127070|128141|128109|123221|127086|128133|123229|123163|110093|123219|127050|110094|123141|123168|127028|123092|123218|113676|127084|113682|123200|118019|127020|118016|127094|127045|127054|118028|127040|110060|113651|113549|128119|123240|113602|123208|113637|111017|113664|111002|128120|113546|113027|127053|113684|128128|123201|123035|123150|123191|111018|123131|123234|113648|127069|113669|127039|123169|127082|118029|113030|113674|111016|123149|123194|128090|123050|113039|113632|123217|113051|113563|123211|127075|111000|123085|123143|111011|123089|110090|111005|113671|123236|113649|127076|127067|113067|123172|113069|113672|123206|118046|113634|127099|127087|127092|113678|110068|128132|113598|123162|128076|127095|111008|123166|113052|127059|127043|123063|113662|123188|111007|118026|123182|113619|113609|113623|123153|127042|113056|123222|123209|113054|128082|113679|110075|123147|128105|123171|118044|123130|113647|113666|110067|127102|123177|127098|123120|127035|127022|123135|127090|127101|113066|111012|113569|123112|123133|118012|111013|123059|113033|110083|127072|113673|123119|123146|127041|118030|127071|127083|123152|118041|113045|123129|127088|113675|123220|128091|110086|113644|113681|128143|128097|118043|127068|118003|113656|127104|113659|128129|123078|113061|113667|123203|113042|113663|123158|123231|113582|128071|123233|128121|123212|127064|127016|113037|123174|127093|113545|127100|118004|123175|113627|127077|123048|113606|113621|127019|123176|123127|123235|127060|123178|123113|123237|123114|118025|128144|123061|127030|123067|118040|111003|128070|127018|110089|113577|123197|123087|111004|123183|127073|123100|123185|123227|127014|113640|118013|127091|113665|123173|123054|110087|113643|110062|123157|113660|123223|118042|123170|113641|123196|128137|110070|113652|118036|127079|113064|123038|123091|127026|123193|113610|127024|113646|113049|111009|118038|123117|123195|127056|123192|111014|113043|128122|110073|127074|113588|110091|113593|113677|127085|113047|127034|123159|123052|113046|118021|113565|113653|123151|113638|127031|110095|110085|123071|123224|123090|123039|113600|123230|118037|113654|113636|110077|123138|128127|113048|123126|113639|118045|127052|123142|123088|123226|118009|127017|118011|127066|123232|123049|118033|123144|118034|113561|123128|113059|128095|113573|113542|128135|113661|113657|113670|113616|123121|113597|123115|123082|128134|127037|123109|113629|123189|127062|110059|123238|123199|118006|110064|118035|127038|113680|123165|127061|110082|123076|113537|113579|118007|128142|118024|118023|123239|127047|113618|127081|123132|123064|123080|128074|118015|118014|123108|128101|123215|123161|127051|123154|123180|123216|113668|113683|123101|113655|128136|123124|128131|113601|118018|110076|111010|111001|123210|128125|127096|127097|113605|118032|128106|128118|128116|110072|123155|118027|127046|127080|127044|123145|123106|127025|113625|123072|123179|128124|113608|118022|127089|113658|123031|128072|128117|113574|123186|113650|128108|123104|113624|123122|110081|118020|118031|113053|123118|128138|118005|118000|113584|113633|118010|123065|123093|123034|113615|123103|118008
2024-05-13,2024-05-10,127075|113033|127049|113044|123207|127015|128087|123056|110063|110079|113050|113055|111015|113062|128081|123107|123198|127055|123204|123205|113631|123225|123214|113068|127032|113058|110092|127103|123184|127086|123229|128130|127020|110084|127050|127027|123089|113060|128123|128141|128105|123202|123156|128133|123187|123213|123160|127070|113628|123168|127078|113065|123092|127045|113602|128083|127028|123228|113549|123201|110094|123141|113658|111002|113676|128109|127082|127084|111018|127054|123190|113651|113637|113664|110093|123182|123163|127040|113546|123114|127053|113662|127105|123203|113039|127043|118016|113674|123219|127039|128128|113682|127099|110060|127069|123175|123211|113632|123208|113051|118028|123194|123150|111016|123222|123236|127035|113030|113669|113069|123234|113563|123050|123200|113634|123169|111007|123221|123087|128120|123218|118039|123085|127094|113619|128090|118029|128119|127095|110090|111005|123035|110074|127076|111000|113067|123209|123061|128076|111012|111017|111011|113623|127102|113052|113684|123131|123063|127067|123143|123149|113598|113671|118044|128132|123240|111008|123162|127088|118046|123172|113054|118019|113648|113673|127059|123206|113056|113679|110067|118004|113647|123166|110075|127022|113666|123119|113672|113649|123212|113609|123130|123133|113582|128082|113678|118041|123120|127072|127042|123217|110068|123146|127087|123177|113681|127098|127071|118003|110089|127068|123147|123171|123112|111013|128144|113659|118012|128091|127041|118026|127083|123185|127090|123059|118043|123233|113045|123231|113656|128129|127101|113042|113545|128143|113027|123113|127019|123129|128121|123235|118030|118025|113644|123152|127092|127093|113675|123078|113663|110083|128071|128097|113037|113569|113627|113606|123178|123220|123158|123126|113667|123153|127016|127073|113621|127030|127064|123091|110086|113066|128070|123174|113665|123239|127018|127104|123191|113593|127085|127014|127100|123183|113641|127074|127060|123188|123197|113640|113610|113061|123048|123176|123067|127034|123038|127056|111010|111004|123195|123054|128137|127091|118042|111009|123039|123135|111003|118013|113643|113646|123117|123227|123100|123170|113046|110062|110087|123071|127031|123237|110073|113064|113653|118038|128122|110070|123173|127079|110085|113588|113043|113660|113652|123193|123151|123223|127024|123157|111014|113565|118034|118040|118036|113680|123192|127026|118009|123159|123088|123049|123052|113638|113577|113047|123230|128127|113049|113636|127052|123196|127077|123127|118011|113677|123226|113639|127066|113654|110095|123090|113600|113561|110077|118021|123144|118037|127017|128095|118033|123224|113048|123189|123128|110059|113657|123121|113059|123082|113616|128142|128134|123232|113542|118045|127037|128135|123132|110091|123138|127062|113661|118006|110064|123142|118024|113670|123238|123080|123064|123108|127038|127061|123199|123165|113579|110082|123115|123076|113655|113629|113597|123109|113618|123180|113601|118007|113537|118035|123161|128101|113573|118023|128074|127081|118015|123154|123215|118014|127047|111001|110076|123216|128136|127097|128131|127051|113668|123101|123210|123124|113605|118032|118018|128125|128116|118027|127046|127044|123145|123155|128118|127025|123031|110072|127080|128124|123072|127089|128106|113625|123179|118022|128072|128117|113683|113650|113608|127096|123186|118020|128108|128138|110081|113624|113574|113053|118031|123122|123104|113633|118005|118000|113584|118010|123118|123065|123093|123034|123103|113615|118008
2024-05-21,2024-05-20,113033|113044|127049|127075|127015|110079|123207|113062|111015|113055|113050|128087|127032|123198|110063|128081|113068|123107|127055|113631|123204|113065|127086|123056|123184|127027|123205|123225|127020|113058|113060|127103|123147|123228|113602|128123|128133|128083|123213|113676|123187|127045|110084|123202|110094|123229|113658|128141|128109|127084|123160|113628|123182|123203|128130|123201|127050|110092|127035|123089|111019|111002|123092|127043|127028|111016|127069|127070|127054|123222|127105|123219|123146|127039|127082|113632|113030|123226|113637|113549|113669|113546|113664|113651|123194|127095|123156|123141|123221|113069|123087|111018|123236|123163|127078|123143|113039|123208|128105|127053|123050|118028|123048|123130|110074|123211|113051|128120|123218|110093|128128|123131|123135|123166|123035|113682|113674|127099|123224|118046|113662|113052|111011|113648|123206|123061|118016|128076|123168|123169|128090|123178|123114|123214|111007|113634|113672|113619|110090|123150|127076|111000|123209|127040|118029|111012|123085|111005|123200|113673|111008|123212|118004|113563|113056|118044|123234|113671|110075|128132|127077|127094|111017|128119|113666|123172|110068|123190|123149|123120|113684|113675|123063|113623|127088|127101|118039|113067|123217|113054|123240|127022|123233|127072|127042|113649|128082|127087|123188|123133|127059|123126|110067|127102|128091|127067|110060|127092|113582|113647|123231|118003|111013|127083|113042|123235|123112|123177|127090|128143|127041|113045|118043|127068|123129|127074|123162|128129|127064|113037|113679|123171|113606|128071|123059|128121|118041|127071|113659|113678|113681|113609|113545|123152|118025|110089|127016|127098|118030|127014|123197|118012|127100|113061|127019|113656|128097|113627|113663|113667|123153|123078|113644|123191|127085|123185|113598|110083|123175|127093|123119|123192|123176|127060|123220|123113|123054|113588|113569|118013|128070|123091|123239|123158|113027|123183|113066|113641|113665|127018|123174|111003|113621|123038|123121|123127|118026|127030|127104|113593|127034|128137|110087|127073|128144|118042|111010|110086|123223|123039|123067|118040|110062|113577|113046|127031|123117|113064|128127|127056|123195|110070|123193|113646|113653|123157|113640|111004|111014|127079|113660|127026|123170|123100|118009|113638|123088|128122|110073|113049|123173|123049|118038|113643|123071|118021|113610|113565|123052|123230|113636|118036|113600|113043|123159|113047|123216|127091|123189|118011|110059|113639|123090|110085|111009|123237|127052|127017|123196|123238|123128|123227|127066|113654|127024|123151|113680|110095|118033|110091|123232|127037|128134|113561|118034|113670|113657|110077|113677|113652|123144|127062|123080|123138|128142|128095|118024|110064|113542|123082|113048|123132|113661|127081|113059|123154|123108|118006|113655|110082|113616|118045|118037|123142|123076|113597|123064|127038|123115|128135|113579|123199|123165|127061|123180|118007|123109|128136|118023|113573|113537|127047|127080|128101|110076|113668|111001|113618|118015|113629|128131|128074|123161|123210|118035|123215|118014|127051|127097|127046|127044|113601|123101|113625|113605|123124|128125|127096|118018|128116|118032|127025|123155|128118|118027|110072|113650|123179|128072|123072|128117|128106|128124|127089|118022|123145|123186|113608|118020|113683|128138|113624|113574|123104|110081|113053|123122|128108|118031|113633|118005|113584|123065|118010|123034|123031|123093|118000|123118|123103|113615|118008
2024-05-31,2024-05-30,110072|113033|113044|127075|110092|111015|128087|113050|110079|127049|113055|113062|123107|127032|127015|113068|110063|123225|123201|113631|128081|123205|123228|123184|123207|123198|123204|127027|127103|123213|127055|128133|113658|123229|123056|113602|123224|127020|123226|127084|113628|123187|128141|110094|123202|128130|113060|127028|123146|123092|110084|113676|123147|127050|123219|127086|123203|113065|113058|127045|113546|128083|123141|123160|127035|113549|123049|127105|113682|113669|111018|111002|127039|127054|111019|127069|123194|113632|123211|128109|127043|113684|128128|113648|123156|110074|127070|113672|113664|127082|123221|123087|113662|123135|127099|123050|123218|128120|123222|113637|113651|113039|127101|123191|123145|127053|123035|113052|113069|123131|123163|113634|110093|123208|127040|113030|118028|123144|127095|113619|128123|123048|127078|127102|123206|113051|111016|111011|113673|128076|118046|111012|128105|110068|118004|123150|123168|127014|128090|123085|111007|123209|123143|113563|123200|123169|111000|123182|123217|113679|123214|118016|110075|123172|113674|111005|113056|127094|128132|123166|110090|123212|123236|110060|113671|128119|111008|123149|123178|123235|123130|113042|113623|123152|123188|113675|118041|123078|113067|118039|118029|111017|127059|127074|123190|127087|123120|113666|113582|127092|113667|127077|123234|123177|127076|113573|123114|113054|113045|118026|127016|118003|123231|127088|113647|123112|128082|123061|110067|113598|123199|127041|123129|128121|127090|128091|127072|113663|118044|123089|113649|123059|127067|113606|113621|113066|127093|127083|123233|127022|127071|128143|113656|110083|123133|123176|113037|113681|127064|113659|118043|113627|123197|127042|127100|128129|123063|113678|118012|118021|127085|123185|123054|111013|123175|118030|123192|128097|113577|123127|123240|123091|113588|123171|110089|127068|123113|113593|128071|123039|123038|113569|113609|123158|128070|123162|127034|123174|113545|111003|123090|123100|123183|113644|128137|127019|113641|113061|123223|127060|118013|123170|113665|127104|127098|113610|123220|123195|123067|110085|113646|127079|128144|127030|127018|110086|127031|113660|127073|111010|123119|123239|128122|118040|110091|127056|118034|123076|110087|123157|113640|123117|113638|118036|123193|128127|127091|118038|123088|123071|113653|118025|113064|110059|118011|113643|123153|113636|123080|123052|123189|113049|123121|127052|127026|113047|113046|110062|111014|123173|110073|113565|123230|123159|118042|123115|123196|113043|118024|111004|113600|113639|110070|113652|123128|123237|123126|127066|127024|113654|111009|110095|127037|118033|123165|113059|118009|123151|127017|113677|113657|123109|110077|128134|127081|128095|113048|123082|123108|123138|123227|113661|110064|113616|113670|127062|113655|118006|118037|110082|128142|128136|123142|113542|127038|123064|123232|123216|118045|113537|118023|113561|113680|113597|123180|118015|127097|113579|127047|118007|128135|123210|110076|127061|123161|128108|123215|128101|113668|123124|128131|123238|123154|118035|128074|113618|127051|118014|111001|123132|113601|127080|127046|127089|113629|128116|118018|127096|127044|123101|113605|123155|118032|128125|113625|128118|128106|118027|128072|127025|128117|123179|123122|123072|113650|118022|123186|118031|128124|113608|113683|128138|113053|118020|110081|113624|113574|123104|123031|113633|118005|123034|123065|118010|113584|123093|118000|113615|123118|123103|118008
2024-06-12,2024-06-11,110072|110092|113033|110063|113044|128087|127075|127049|113050|127015|111015|110079|123107|113062|127032|123049|123191|123203|113055|123198|123213|123156|118026|127027|123205|113631|123087|123170|127055|123184|113658|123204|128081|123092|113060|123056|128133|113068|113546|123202|128141|123217|127103|113065|110084|110094|123146|110068|113676|113669|123228|113602|123226|123229|128123|123187|127105|123224|113679|113058|123225|127084|113628|127020|127043|127045|127050|127086|127028|123219|128109|123147|128130|127039|123150|113632|127070|123211|113651|123141|113673|128119|128083|111019|123207|113648|118016|123160|123222|113682|127095|110074|123194|118037|113664|123078|127082|127069|111011|113619|113039|113069|113030|123209|123221|111018|113549|123050|118028|123143|113052|127099|123168|113634|127040|111002|123218|127035|123035|118046|113609|127054|110075|123169|123163|113637|113662|123135|123214|118004|111007|127053|123048|113051|110093|127078|128120|123119|123236|111008|111016|123131|111012|128090|113674|123208|123201|123188|123145|123193|128105|123085|123162|123235|113056|113045|123200|127101|113672|128076|123212|123206|113675|127014|123182|113067|113623|118041|127016|123190|123178|127059|113042|113671|113573|111017|113684|113563|123130|113652|118039|113582|128132|123120|118044|123133|127094|127102|127074|123166|123172|110090|118003|111010|111000|123127|113663|113066|110060|123114|111005|123234|123199|127076|123129|113667|113647|110083|113678|128128|128121|110067|118030|127090|113598|123149|123152|127092|113621|118029|127067|113054|123177|113659|127022|118021|123061|128070|127088|110086|127104|111013|123197|127072|127060|113666|127071|123059|127064|123231|113610|118034|123240|123239|113588|127041|118012|113627|123176|127083|127019|127100|128129|113656|128144|128082|113037|123112|113061|123233|123090|127087|118043|128091|127093|123054|111003|110089|128071|123175|113606|123195|127085|123121|113649|128143|123158|113569|110091|127079|123076|123113|123039|123063|118038|127042|118025|123091|123174|127077|113681|123038|128137|118040|123185|127031|113644|123171|123100|123220|127034|113593|123089|123223|118036|110095|113665|123192|123183|123128|128122|113577|128097|113660|123117|127098|118013|123157|123115|127073|123052|127056|127026|127068|113545|127091|113653|127030|113639|113638|110085|113636|123165|123067|110059|113049|113641|110073|118011|127037|113646|123189|110087|110062|113640|123088|113064|118033|113047|113643|111014|127018|113043|123230|118042|111004|113600|123153|123196|123080|113046|123173|113677|127066|113561|123159|123071|113654|123109|123108|127024|127081|113616|113565|123151|118024|127038|123237|111009|118009|113059|128095|123144|128134|128127|127017|127052|113661|123238|110082|110077|123126|123138|110070|123064|123142|123082|123124|113657|127047|113670|113048|128142|128131|128136|127097|113579|113655|118023|110064|110076|123227|123216|118006|123210|118045|127062|128101|113542|113680|128135|118007|113597|118015|127061|113668|118035|123180|123215|128074|123232|123161|127051|128108|127080|113618|118014|123154|118027|127096|113601|128106|111001|123132|118018|127046|113629|123101|128116|128125|127044|113605|127089|118032|123155|113625|128118|123122|128117|127025|123179|113683|118022|123072|118020|128072|123186|118031|128124|113650|110081|113624|128138|113574|123104|113608|113053|123031|113633|118005|123118|123034|113584|113615|118010|123065|118000|123093|123103|118008
2024-06-21,2024-06-20,110072|110092|123156|110063|113033|113629|123198|123056|128119|123049|127049|128087|113044|127075|118016|113628|127015|111015|113050|123147|123191|123146|123213|123107|118026|127055|127032|110079|118039|123203|113055|113062|113631|123201|123184|123204|123087|123225|123229|123187|127103|123202|123063|123205|113058|113546|123162|123092|113060|113602|113648|123160|123219|128081|113068|123226|113569|128133|123228|123224|128128|110068|123141|123222|128083|127028|128141|110094|113651|127045|123177|113676|123218|123214|127039|123217|113658|113030|127105|110074|123194|110084|123170|113664|113669|111016|123163|111011|113632|113065|127027|113039|113665|127095|127050|128130|127086|113619|127020|123211|123209|113673|127099|123193|118028|123050|128109|113069|123168|123101|118041|111018|127043|123221|128120|111019|127084|127082|118037|123178|127078|127070|111002|113609|123190|123035|118029|113662|113573|123127|127069|113672|127094|127053|123048|128090|111008|127040|123188|113549|127054|111012|118004|113637|113623|127014|123236|123130|123143|123206|123207|123150|123235|113052|123200|123131|123175|123085|110075|113634|123234|123135|111007|110060|123078|123145|123169|113674|111005|128076|128105|113051|113675|123089|113684|123119|123166|113563|110093|127074|128144|113045|123212|127016|113056|127090|113652|127035|113600|127059|123149|110090|123182|118043|123208|123120|111010|113679|113671|127022|127067|118044|113678|118030|113067|128070|110067|123239|113663|123129|123197|127060|113598|111017|113042|113682|127072|123152|127064|123059|123133|123061|118046|118011|118003|118021|123196|127076|123159|123233|127102|123240|127019|123112|128082|127092|127079|111013|118012|127101|127088|123172|113647|127071|123231|113582|111000|110086|118034|127104|113621|128132|123128|113066|113649|110083|123114|128091|113667|113588|128143|118036|113061|113666|128137|123038|127083|123171|127041|127077|123227|127034|123054|113656|127087|128121|118040|123157|123100|123185|113054|111003|113577|127093|113627|123176|123189|113639|123220|127068|113037|123090|127100|128129|113646|113610|123230|118038|123039|123192|123158|127031|118013|113681|113593|127042|110089|123174|123052|127073|123195|123076|123117|128071|123223|113606|127098|123091|118025|123121|127026|110095|128122|123183|123115|113064|113659|123199|123113|127047|113640|127030|110062|118033|127085|127056|111009|110085|128097|118024|113653|128136|113644|123173|113049|127091|123067|123088|123142|113643|110059|113660|113636|113638|110073|123237|127081|123109|127037|110087|113616|123144|123080|113545|113046|123165|113561|113043|111004|113677|118015|128127|123108|113641|113048|113047|113654|123138|127038|123071|118023|127018|118009|118035|113565|127024|111014|127066|113657|128134|118007|113059|123126|118045|127052|128095|123151|128101|128108|123082|110077|110082|123124|118042|123216|123232|128131|127097|113680|123064|123238|113670|113579|113597|127017|110070|118006|113661|110076|113542|128142|110064|127062|123210|118027|113655|127080|128135|123215|127051|128106|113668|123180|113601|118018|127061|128074|123155|123132|113618|127096|128118|118014|111001|123154|123161|118032|128116|118020|128125|127046|123122|127044|127089|113625|113574|113683|123072|118022|128072|123179|123186|110081|128138|128117|113624|113605|118031|127025|128124|113608|123104|113650|113053|123031|113633|118005|118010|113615|123034|113584|123065|118000|123093|123118|118008|123103
2024-07-11,2024-07-10,127061|110092|113033|123156|127075|113629|123049|127019|123146|110063|127049|123224|128087|113044|123202|123213|127055|127103|128119|127015|113669|111015|113050|113062|110079|123187|113055|123056|127032|123184|113628|123107|113631|123204|113546|123217|123222|128081|113685|123229|123178|123201|123198|123207|111019|123141|123225|113068|123219|113619|123147|128130|118016|123203|123063|113060|127027|123240|123092|113065|113602|127052|123087|128090|127095|123163|123160|123212|113651|111016|127050|128128|127020|118041|127045|123226|127084|128141|111011|113609|123170|113058|123218|127086|127105|113632|113039|113676|127039|128133|123211|123235|110094|113069|127082|113673|123191|113573|123190|127028|110068|110074|123228|113549|123078|123234|123131|123050|113672|123157|110084|123101|128109|111018|123127|118037|123239|111002|113664|118026|128083|127054|123135|127070|128132|113662|123214|127078|123168|123200|113658|113623|110060|123089|123194|111012|118028|128120|123221|113030|123177|123166|123188|113674|111008|127077|127094|127040|118039|123199|113051|123048|113634|113648|123209|128105|113052|113045|127099|113684|123206|123227|123150|123130|127053|127067|123208|127043|118003|128076|113637|127014|110075|113066|123149|118021|123143|127059|123035|110093|123236|123220|127022|127090|113647|127069|113056|113675|123230|123145|118004|123085|128144|127035|113563|113067|123171|123133|118043|113582|113598|123169|123193|123182|113042|127104|123152|113667|118046|113588|123216|111000|113678|110090|111017|127101|118029|113649|113061|127092|111005|123172|111013|118030|123175|123158|123185|123231|123119|123196|127076|123205|111007|123192|123189|127074|123114|113663|113671|127102|123059|113646|123112|123061|118036|111010|118011|123120|113679|127072|118013|110067|110083|123100|113577|123039|123233|123038|127079|123129|113652|113656|113621|127071|113037|123173|127026|111004|118044|127093|118034|127068|123159|128137|123223|113569|128136|127088|123054|128129|111003|127060|123117|113640|113639|123128|118012|127083|127042|113636|127031|113666|123176|123197|110059|118024|118038|127100|123174|127034|113653|127016|123052|113665|113682|113681|113054|127041|110086|123183|113627|123099|128091|110062|128121|127098|113049|127064|118040|128071|110087|113593|113644|113600|110089|128082|113610|127081|127087|118035|113616|127030|127037|128143|127085|123090|123115|123121|113641|113660|113638|113659|123076|128122|128097|113046|113606|123091|113064|113680|123144|123238|110073|111009|118025|123195|127056|118033|113043|127018|123138|123080|123088|123237|113545|118015|128101|127073|123113|123232|127091|110095|118023|123082|123109|113561|123165|128131|123067|113047|113654|113677|113565|113048|127047|127024|123071|123151|110082|111014|110085|110077|127038|110076|127066|123126|110070|113643|118007|118045|127062|113657|113618|113597|123142|118009|123064|113670|123210|113542|123108|127017|110064|118042|128106|113579|127080|118006|128142|128108|128118|127051|113059|123124|128095|127097|128127|128134|123180|128135|113668|113661|127096|128074|118027|123215|118018|123161|113655|123154|113683|123155|111001|128125|118020|128116|123122|123132|128072|127044|110081|118032|123186|118014|123072|113625|127046|127025|113574|128138|127089|118022|128117|113608|113624|118031|123104|113650|123179|113605|123118|128124|113615|123031|123034|113053|113633|118005|118010|123093|118000|113584|123065|123103|118008
2024-07-23,2024-07-22,127061|110092|113033|113629|127019|123207|123056|127075|127103|123156|123146|127055|113044|128144|127049|113602|128087|113058|111015|110063|128119|123049|127015|123213|127081|123198|123204|110079|123178|113062|123184|113628|123225|127087|113050|127032|113068|123237|123063|113631|123107|118048|123147|123224|127052|113060|123205|123240|127077|113055|123229|123201|123202|123187|113039|123141|113619|128081|113651|123092|123227|123219|123222|113685|123203|127084|123163|123228|128130|113546|123234|123235|123217|123087|127086|118041|128133|113065|123168|127020|123212|123160|123157|113549|110074|123170|111011|127014|110068|113609|110094|127095|113632|127105|113676|118016|111016|127039|127045|127060|113669|118028|123218|113069|113678|127050|127028|123214|118026|123101|111019|123211|123226|123200|110084|123078|123191|127082|123149|128090|123050|128141|123208|128128|111018|110060|123048|123127|123131|127070|113658|113673|123194|113623|123190|113647|118037|127035|128083|128132|118039|127027|127078|127054|113664|111002|123089|113672|113573|113662|127069|123188|113066|128109|123189|118021|113674|123172|123166|123221|123230|118003|123171|127040|127099|113582|111005|111012|127043|123182|113045|123206|123239|123143|113684|123177|113637|123238|110075|113052|123130|123192|113051|123236|123199|123209|127094|123085|123135|113634|113563|127053|123150|123145|113675|111017|128076|128105|113648|118004|110093|127092|127074|128120|111008|111000|123119|127067|123216|113067|110090|113598|127059|127090|128082|113588|118029|123193|113640|127101|113042|113061|123158|113056|123231|123220|127022|118043|113030|123169|113667|123114|111010|123152|118030|127102|123035|127072|111013|110067|127071|113671|118034|123061|113679|111007|118036|123133|111004|113649|127034|127093|123176|123175|113621|123112|127079|123173|123120|118011|113656|123059|110086|113652|110083|123129|127042|128137|127088|127104|123233|127076|118040|118013|123197|113663|123117|118038|128121|123185|113665|127026|113636|118046|113610|123128|128129|123100|123080|123090|127083|127030|123159|123038|118012|127100|123196|113681|113638|118024|113666|110062|113593|113627|113037|113646|127098|113682|111003|113049|127068|123099|110059|127031|113577|123054|127016|113569|123115|113600|118044|113639|123183|123174|127037|127064|123223|118025|111009|113054|128136|113653|113660|123121|113659|118035|128071|128091|110087|113616|113644|123076|127041|110095|110073|113064|128122|128097|113641|127085|123039|118033|123052|127091|113680|123195|123091|110089|110085|118015|113043|123144|113046|128143|123138|127073|123165|113565|127056|113677|113545|123151|127018|123082|123088|118045|110070|113048|123113|127038|113654|113606|128101|123109|123071|110082|123067|127066|118023|111014|127097|113670|123232|110077|113047|128131|113542|127024|123142|123064|113643|118009|110076|118007|118042|123210|113657|113579|113618|128108|123126|123108|110064|127047|128106|113561|127017|118006|113597|127062|123124|123180|113059|128095|128142|127080|128134|128127|113661|113683|128135|127051|118018|128118|118008|113668|123215|128074|118027|123155|123161|113655|123122|127096|118014|123154|127044|128125|118020|123132|110081|128116|111001|123186|127046|118031|127089|128072|128138|127025|118032|118022|113625|113574|113650|113624|128117|123179|113615|113608|123072|123104|128124|123118|113605|118010|118000|123031|113053|123093|113633|118005|123034|113584|123065|123103
2024-07-31,2024-07-30,127061|110092|113033|123207|127103|123156|123056|127049|113668|127019|123146|113629|128119|127081|113044|110063|128144|123049|123213|113058|111015|128087|123063|123225|113628|123178|127075|113050|110079|113647|123204|127055|123184|123172|123141|113062|123237|127032|127015|113068|127077|123147|123107|123224|113055|123160|113631|123240|127087|118048|123187|123035|123218|123198|123201|123205|127052|113685|123228|123229|123092|113651|113060|118016|128081|110068|123200|128130|123168|123157|113065|128133|113039|123203|123163|118043|123222|127020|123202|123087|127105|123234|123212|127086|127045|110094|127039|113619|111016|123217|113609|118039|123211|127084|118041|111011|123170|123101|113676|127014|110084|128128|127078|123208|128141|113549|123076|123149|113546|110074|123214|123227|127028|118028|113573|123219|123226|123127|123191|113672|110060|123050|128090|111018|123131|127095|118026|123241|127060|127035|123048|123190|113664|127050|123235|123166|127094|113632|123171|127054|113669|111019|113066|127070|123089|123130|123199|111002|127082|123078|113658|127099|113674|113673|123188|128120|123238|118021|123206|128132|113678|123182|123230|127043|111012|118037|111005|113069|127092|113051|128083|123145|113648|123185|128105|123221|127040|118003|123192|123239|123194|111000|111017|113684|127053|113582|113563|127027|110075|113588|113640|113052|113662|127059|123143|113067|113045|123189|110093|123209|113637|127069|128076|123236|127074|113675|113623|123135|110086|118029|128109|127071|123150|127042|110067|123114|123158|111008|127101|113598|123085|110090|123177|127102|127079|123119|123223|113056|123216|123231|123196|113593|127093|113667|123175|111013|127067|113634|113042|127072|123112|123061|123169|123193|123173|123152|113649|118030|123120|127034|127037|127090|113671|113679|127104|118040|113665|123059|128082|113652|118046|127098|111004|111010|113656|118036|110083|127083|118004|118034|123133|123220|123176|123233|123129|118038|127076|113663|127088|113061|123159|118011|123054|113636|113621|113569|118013|113037|111007|118012|128137|113610|110062|113627|127100|110095|123174|113584|123038|128121|123243|113681|113639|111009|113030|123100|127022|113666|127026|123128|127068|123080|127030|128129|118024|113646|113644|113577|123197|113680|118044|111003|113054|110087|128071|123115|123183|123121|110059|113659|110089|110073|118035|123052|128136|127016|113641|113064|118025|123099|113600|123117|127031|113682|113653|127064|123091|127085|128143|128097|113660|113638|128106|127041|123090|113616|118033|113043|113049|127018|123071|127091|123165|123161|118015|113048|113046|127024|110085|123138|123082|123039|118045|113545|113677|113565|123232|123109|123067|128091|113606|118023|127056|110070|123144|123195|123088|113047|113561|127073|113597|123113|127038|113654|127066|123126|113643|123151|118007|110064|127097|111014|128101|127047|110082|110077|123142|113657|113670|127017|128131|127080|127062|113579|128127|123124|113618|128108|113661|118009|110076|123210|118042|123064|123215|113542|118006|123180|118027|128142|123155|128095|118018|123108|123154|128134|113059|118008|123122|127051|128118|128074|113683|127096|128135|127044|113655|128116|128125|111001|123186|118014|118020|113686|123242|123132|127046|128138|127025|110081|118031|128072|127089|113574|113615|113624|118022|118032|123072|113650|128117|113625|113608|123118|123179|128124|123104|113605|123031|118000|118010|113053|123065|123034|118005|123093|113633|123103
2024-08-13,2024-08-12,110092|123156|127061|127075|113033|123207|127103|123056|123146|113600|113629|127049|111019|113647|127019|128144|113058|123049|110063|113668|113044|123198|128087|113628|111015|123213|113050|127015|110079|123204|127055|123063|123184|123147|128119|123205|123229|123240|123141|123160|127081|123178|127032|123224|113062|113631|123237|123225|123172|113055|127087|123107|118048|123234|118039|118016|123187|123201|127052|123092|113068|123218|128083|110068|113060|123228|123212|113651|123200|123219|127078|123168|123163|123222|123214|123035|128141|127105|113569|127020|110084|123171|113685|128128|123203|123089|127045|128081|123191|128130|111016|127039|113065|123157|128133|127014|113039|113676|110074|127094|123103|127086|127077|111011|127095|123087|113619|123101|123217|127084|113546|123211|123170|128120|123050|127050|113549|127054|123127|118028|118043|113573|123226|123188|111012|127070|111018|127028|123221|113687|123048|123206|123131|111005|123227|127082|123202|123166|123145|127035|128090|113069|127043|123149|128132|113609|123150|113674|110094|118041|127092|113678|113632|113672|123208|113051|123239|111002|113664|113673|128118|127053|118026|123199|128105|123190|123235|123194|118003|127040|111007|127060|123241|113640|123076|113662|127099|110086|123185|118021|110093|123236|127069|113648|111017|113658|128076|113066|123130|127027|113563|123216|113637|123099|118030|113684|127102|123182|123177|113669|113588|123230|110060|127059|113598|123119|127042|111008|110067|123209|123238|123078|118037|123061|127072|123085|113052|113045|111000|118029|123192|110075|113067|123135|123175|113665|128109|127093|127067|113675|113582|111013|123193|113667|110090|118046|123169|113649|123143|123231|113679|127079|110083|123158|123233|123223|113623|127101|127104|123112|123128|113671|113042|123220|123120|123176|118012|123152|127074|113627|113656|127076|127083|118040|127098|123059|123114|123189|113663|113634|111009|113056|113652|127071|113659|128082|118038|118004|127034|123133|113681|127088|127090|111004|118036|123159|113584|113621|127037|113037|123174|123196|123090|113666|111010|113682|127022|123183|118013|123117|123129|113593|113644|118011|113054|113610|123173|113064|113638|128137|118044|127031|123197|123038|127100|110062|110087|118034|113636|128121|123054|113660|110095|127016|128091|110089|128129|110059|127030|113653|113030|127064|113680|113061|123100|123052|128071|127068|111003|127026|118025|113639|113641|113577|123115|128136|118024|113646|110073|123195|123121|123243|127041|128097|123082|127085|123113|123091|110085|113565|128106|113048|123165|113043|123071|127018|118035|113677|128127|123109|118033|128143|127091|110070|113049|118009|128072|123039|127047|123151|127024|113046|123161|110082|127056|111014|113654|113545|113606|127062|123232|113616|123138|123067|127073|118045|118023|118015|123080|110076|113643|123144|113670|123088|113047|127080|113618|127066|113661|110077|113657|110064|127038|113597|123126|113579|128108|123064|127017|128101|123215|118006|118007|123142|128131|123210|113561|128142|118042|123180|113059|123124|123155|123108|118018|118027|123122|128135|128095|128134|113655|113683|123154|128074|118008|113686|127051|127046|127044|123242|127096|111001|128116|127097|118032|128125|118014|123132|123186|118020|113574|118031|127025|128138|113624|113625|110081|127089|128124|118022|123072|113615|113650|128117|123179|113608|113605|123104|123118|118010|123031|113053|118000|123065|123034|118005|123093|113633
2024-08-21,2024-08-20,127103|110092|123156|127061|123056|127075|113033|123168|113058|123099|123207|127049|113629|113647|123146|111015|113600|113668|111019|127105|123237|118039|123202|123225|123184|123147|113628|123160|128087|127055|118048|123213|113044|123240|123172|128144|123204|123035|123141|123228|127019|127015|110063|128109|123187|123229|123049|110079|128083|123107|123178|127087|123201|123200|123205|113050|127081|123198|111016|123224|128119|123218|127032|128130|123092|113651|123212|127052|113685|127051|123191|123190|127070|123157|118016|128081|123063|123234|113676|123163|113062|123222|123214|127045|113631|128128|113068|111005|118028|113055|110068|113648|123219|127020|128141|123203|127078|123149|118043|123226|127014|110084|123217|113060|111011|118041|128133|128118|123221|113619|123235|110094|127086|123131|113039|127084|127095|113569|113640|123188|127050|113637|123211|127039|127082|123087|113065|123170|123208|123048|128120|127094|113546|127053|123239|123089|111012|123050|111018|110086|123101|123206|113678|123171|113573|123076|123199|123103|113549|113069|128090|127054|111008|128132|111021|123127|113674|123145|127035|123241|113051|123230|123166|123227|113664|113662|123185|118030|123194|111020|127028|127043|113684|127059|127092|113669|123150|127099|113672|111002|127101|113673|111007|113632|113679|123130|118037|123192|127040|127067|118021|128105|113658|123169|113687|113066|110075|113588|127093|123177|123236|123193|127077|127072|113067|123085|113582|123223|113656|128076|123220|123182|123078|127027|123209|113045|118012|127060|127102|110074|113667|113563|127042|110060|127069|113052|123158|118003|111017|123231|113649|123112|110067|123132|123135|113639|113609|123152|123119|123196|123216|110090|123059|123120|111013|110093|123176|113680|123183|123159|123061|113042|123114|113030|127076|127088|118029|127079|111010|111000|128106|118046|127074|113681|113675|127100|127071|128082|123233|110083|113671|113634|123174|127098|113621|113659|118036|127104|123175|123143|123100|113598|123173|113641|118004|113623|127090|113644|118034|118038|127083|113056|123197|123238|113652|123052|110087|127037|111009|113064|113627|123189|113666|113665|113663|127031|113037|118013|123133|118011|123129|118040|111004|123054|113584|118044|127026|127064|113593|123117|123038|123090|110059|123232|113061|127068|118035|127034|127022|110089|123115|128129|113638|113660|113636|123165|118024|113653|113577|113054|110062|118026|127030|111003|110095|123128|113565|127016|123142|127091|128136|123138|128137|113682|110073|128091|113610|127041|110085|113646|123113|128121|123091|118045|123151|113048|123195|127085|113043|123121|113049|128097|113046|113643|127062|118025|128127|118015|123109|123082|128072|123071|110070|113677|123039|127024|127018|128143|127047|127097|127073|118033|113616|111014|118009|127080|123067|113654|113606|123088|123144|127056|118023|110082|113670|127066|123215|128101|123161|110064|110076|113545|123210|113597|113657|110077|118007|127038|113618|113047|128142|123126|118006|123080|128108|127017|113661|118018|123180|123124|113579|123155|128131|123243|113686|118042|113059|123064|113561|123186|123108|123242|113655|128074|128135|128134|128095|123122|127096|123154|118027|118032|128116|111001|127046|118014|118008|127044|118020|110081|128125|113650|127089|118031|127025|128138|113625|118022|113624|123118|128124|113615|123072|113683|113574|128117|123104|113605|113608|123179|118010|113053|118000|123065|123031|118005|113633|123034|123093
2024-09-02,2024-08-30,110092|127061|127103|113033|123156|127049|127075|123056|123207|113629|113058|111019|113668|113068|123146|113600|123202|127019|111015|110079|123237|113050|128087|110063|127105|123240|127032|113044|128144|118048|113055|128083|123147|123160|127055|123049|123187|127015|123205|123213|118039|123225|113628|123201|123141|128081|123229|123184|128109|127081|128118|113062|127051|127087|113647|123224|113631|123168|123204|123234|128119|128128|123063|113569|123178|113685|123163|111005|123035|123200|123107|123103|123218|123157|123149|123214|127020|123092|118016|128141|113065|113060|113651|113676|110068|123222|127052|111016|113039|128132|123228|123191|123206|127045|118028|118041|123219|128133|127070|123190|127014|123172|127039|123048|123089|123101|123087|127050|127078|128130|110084|111011|123203|113640|123230|111020|123226|123050|127028|127094|123208|113573|127095|123217|128120|113546|123212|123235|128090|123085|111012|113648|113672|123221|123194|110094|127084|113664|127053|123199|110060|113619|123131|111008|113637|127086|123185|123227|123193|123076|127043|111018|113069|123170|113066|123188|127102|127082|123127|127059|110075|113662|110093|123099|123171|123198|113673|113684|118043|118021|123241|123211|123177|123145|110086|127040|113678|113549|123166|111002|123236|123239|118037|111007|113674|127054|113045|113632|123223|111017|123209|118003|127077|113658|110083|128076|123169|123216|113052|123150|111021|123130|123243|127060|113588|123135|127027|127035|127104|127092|113669|127067|110074|127076|113051|123112|127079|123158|110067|127093|113582|113649|123192|127101|123159|123182|118046|123078|123233|123152|113687|123059|127042|113680|127099|123132|113667|123238|118030|113609|113030|123119|113563|113067|113639|128105|113679|123231|118034|127072|111013|113634|123176|127088|110090|123196|118029|123143|113675|123183|118012|111010|113681|123061|128106|127090|113042|123100|111000|127100|113666|127083|118004|123173|127069|113644|123175|123054|127074|127071|123120|113056|113665|113656|113659|123133|113621|113671|123174|123038|118013|110087|113598|118036|113037|113652|118024|123090|113641|123189|127026|111009|123220|110085|113064|127030|113623|123129|123114|127068|128136|113577|127031|123115|118038|113627|113061|127091|123052|118011|123197|127022|118040|110062|111003|113593|113638|127037|110089|128129|113663|113584|127085|113054|127064|118026|110059|128137|110073|128091|127034|111004|127016|113610|123091|128121|123117|113682|123232|123128|113653|110077|123165|110095|113646|123039|123195|113048|118025|128097|118044|123151|123082|113049|113636|113677|113043|118035|113565|128127|123113|123121|123138|118015|118045|113660|110070|127062|127041|127098|118033|128143|123109|127047|127073|113046|118023|113643|127080|123071|123245|127018|113616|123088|123067|127024|127066|113561|110082|111014|127056|113686|128142|118006|113670|123144|128101|118009|113657|113545|110064|113654|113606|113661|118007|110076|113597|123215|127097|118018|123242|123142|128131|127038|128082|123126|127017|113047|123210|113618|128108|118042|123080|113579|123161|123180|123124|113059|123064|113683|123244|123155|128074|128095|123186|127096|128135|128134|128116|118008|127089|113655|123154|128125|118027|118020|118031|123122|123108|111001|127046|118014|118032|127025|113650|110081|113624|128138|118022|127106|127044|113625|123072|113615|113574|113608|128124|128117|123104|113605|123179|118010|123118|113053|123065|118000|113633|118005|123093|123034
2024-09-11,2024-09-10,110092|118026|127061|123247|123198|123056|113033|123207|127075|127049|113058|113629|128087|110063|113050|111019|113668|113600|111015|123172|123156|118049|127055|127105|127103|110079|123202|127032|123237|113068|113044|123187|113628|128083|123146|113055|123213|123240|123201|113685|118039|123141|123147|128144|110096|123184|123160|123225|127087|123157|118048|123229|127081|128081|113062|128141|127019|127078|127015|118050|127051|123107|128109|111005|123063|128118|113569|123222|113631|127020|123219|123204|123163|123200|123178|123035|113676|110068|113651|123190|123049|128133|123205|113647|127099|113060|123092|128130|111011|123228|113039|128128|110084|113619|127045|127050|123168|127014|113640|127039|123218|123224|111018|111016|123103|127028|127084|113066|128119|127070|123234|118041|123203|123087|123191|123206|113649|123212|113673|113637|123089|128090|110074|123226|123214|127095|123230|127052|127040|113573|110060|127043|123170|113546|123050|123221|123243|123048|113065|113672|113069|127094|128132|123188|123223|113684|118016|123217|110094|127054|113664|118028|123127|123235|111017|123211|123199|123131|123208|118003|113549|123149|128120|123194|113588|127086|110075|127053|111012|111008|110093|127082|128106|123085|113678|113030|123236|123241|123076|111020|111002|113632|123227|123209|127102|111007|118021|111021|123185|123193|113669|127035|123145|123101|127077|123135|118046|113667|113648|123177|118037|123196|127093|127092|123192|123158|128076|113662|123112|127104|113674|127059|110086|118043|118030|123169|123130|113051|123059|127079|113666|113658|127027|123239|127076|123182|113687|113052|127060|123233|123150|113067|123171|127100|113045|123166|127072|113675|110090|123143|123099|123078|110067|118012|113609|127101|123152|113634|123216|113598|111000|113681|113639|127088|128082|113563|113680|123183|113665|123176|127042|113042|111010|113679|113582|111013|123132|123231|127067|123119|123120|113621|113656|123061|123038|127074|118034|127090|123173|113644|123159|127031|118013|127071|113061|123133|110077|118029|123175|113064|113056|113677|128105|113671|127037|113652|123100|113584|127083|113577|127069|118024|127085|113659|123090|123054|123174|123189|127026|123067|110085|113037|110089|118004|113641|123238|118038|110087|123052|123115|113593|123114|111009|123245|123220|123117|127064|110062|123129|128091|110059|113610|123232|118036|111004|128136|113054|118040|127091|118011|123197|113638|110073|127030|113623|113663|127068|128129|127016|113627|123138|113682|123039|123195|128137|113643|123091|111003|123113|113049|123082|113636|123151|118025|128127|123165|128097|127022|127034|113646|123128|113565|113660|113043|118035|123121|113653|113048|118044|110070|128143|127066|127062|118023|127080|123109|128142|118033|127041|127047|128121|127098|123071|113579|118015|113686|113046|118045|113561|118006|110095|127073|123088|111014|113616|110082|113657|128101|113597|118009|127018|118007|127024|113670|127056|123242|123215|123144|123210|110076|110064|113654|127097|113606|127038|123126|128108|128131|113683|127017|113618|113661|113545|123161|123124|123142|118042|113047|123155|127096|113059|123244|123180|123064|118018|128135|128074|128095|128116|111001|127089|123080|123186|123154|128125|127046|128134|113615|123122|118027|113655|118008|118020|123108|118031|127025|110081|118032|118014|128138|113625|123072|118022|113650|113624|127106|113574|128117|127044|123104|123179|113605|128124|113608|118010|123065|113053|123118|113633|118000|123246|118005|123093|123034
2024-09-23,2024-09-20,110092|118026|127061|123247|127049|123198|127075|113033|123207|110063|123056|111015|113629|123216|123172|113668|113600|113058|128087|111019|113050|123156|127103|113068|123220|123202|127055|127105|110079|127019|123187|127070|113628|123237|123157|123229|123213|123146|127032|123240|123141|113044|113055|128083|123147|118049|128144|123225|123201|113569|123184|127078|113685|113647|128118|111005|128109|110096|123049|118039|127087|118048|113631|123222|127081|128081|123168|123160|123107|113663|128141|123178|113676|127020|113062|113039|127015|123163|118050|127099|123204|110068|127051|123205|113060|111011|127014|110084|123035|127039|110060|123208|123218|123212|111016|110094|123219|123200|123248|128130|113619|123214|123221|128128|123103|123120|113673|123224|118016|123092|127094|123190|123223|128090|110074|127050|123226|127095|123149|123170|110075|123063|127028|123228|123131|123243|127052|113637|113546|123206|123211|123048|128133|123089|118028|127082|113651|113640|113069|128132|127084|123050|127102|113065|113588|127040|127054|123203|113684|113672|111018|123087|128106|123199|128119|123235|113066|111020|127053|123191|111017|123188|111012|128105|113573|127043|128120|113664|118003|113678|118046|111002|123127|127092|111008|128076|123196|127086|110093|123217|127045|118041|123230|110086|123185|113549|127077|127059|123241|123209|123076|123236|123227|118030|113669|113632|113662|113667|118021|123177|118043|113674|127035|123101|127104|123192|123059|111007|123234|113658|123194|127093|123135|127079|123182|111021|123169|113649|123233|113051|113666|113067|113687|123145|118037|113648|123130|113665|123173|113680|113052|113675|113582|127101|127027|123085|123112|127041|113030|127076|123239|127072|110067|123078|113654|123193|123158|127100|123143|110090|127067|110077|111000|123171|113679|128082|127042|113681|123152|123132|113064|127060|123176|123099|123054|113609|113563|111013|113045|111010|118012|123150|113656|113621|127088|123231|113634|123038|127083|113061|123183|113644|118029|123119|113659|123067|123061|128127|113042|113652|113671|113056|127085|127069|118004|123238|118034|118013|113577|127071|123245|113639|123166|127090|127037|113598|123189|113641|111009|123100|127074|123175|110087|123133|123232|123052|113037|110062|127068|113584|127031|128091|110073|118024|123159|123174|123090|113682|111004|127026|111003|123117|110089|110059|123039|123091|123195|113049|128136|123129|113054|127064|113646|110085|127030|123114|113593|113565|127016|113638|113623|123115|128129|123113|118038|127091|118036|113636|118025|113610|113043|128097|113627|113677|127047|123138|127034|127098|118040|123128|118011|123165|123082|123121|128137|113653|113686|118045|127022|123197|123151|118023|128142|110070|128143|113048|113660|113046|127062|123080|110095|118035|128121|127066|113561|127018|118044|113579|111014|110082|118015|127080|123071|118006|123242|123109|113643|128101|113597|113616|118033|118007|113683|127073|110064|118009|113657|123088|113670|127024|127096|113606|127056|127038|123215|127017|123126|123144|110076|127097|123210|113545|128108|113661|118042|113047|128131|123124|128135|123142|123161|123180|113618|123155|123244|128116|113059|128074|123064|118018|128125|113655|123154|127089|128095|111001|123186|128134|127106|127046|118027|118031|118020|127025|118008|123122|110081|123108|118032|113625|123072|118014|113650|113615|118022|128138|123179|113624|128117|113574|123104|127044|113605|113608|118010|123065|113053|113633|128124|123034|118000|123246|118005|123093|123118
2024-10-08,2024-09-30,110092|123247|127061|127049|123056|123049|118026|110063|113033|123216|123207|123156|123198|127075|127103|127019|123146|113068|113629|127015|123240|123149|113044|127055|123237|123187|111015|113058|123229|128081|110079|111019|123172|128130|123099|123141|123147|113600|113050|123190|113569|127032|123201|128105|123202|123220|113668|113685|128119|113628|123208|118039|123224|123107|128087|123213|123243|123163|113647|113640|110084|118016|113549|128133|113631|123063|127081|128109|123225|113062|123178|128141|113055|123120|127105|123035|128083|123218|123204|123160|127020|113065|123184|113676|127087|123211|127051|111018|123145|123103|113039|128144|123214|123226|113069|123212|128128|123199|127045|123050|128118|123085|113651|123076|123200|123119|123089|118048|118028|127094|123185|113673|123196|127039|127102|127052|123206|127040|128076|123228|123092|127028|110094|123236|128132|123203|118041|128090|123048|123217|123227|128120|127082|113030|123169|123221|123087|123230|123131|127078|111016|118049|123132|113052|123219|123158|113546|123059|123241|127041|123101|123168|123173|123233|123191|123248|118043|123194|113663|111011|113051|118003|113648|113573|123222|113658|118037|127014|113632|123205|127099|123177|123193|127027|110075|127059|110086|123209|113678|127054|113684|118030|123235|127043|118034|127077|127050|110068|127086|127067|111005|123182|123170|123183|113664|110093|111020|113669|111012|123130|123239|123234|123135|123078|113056|113681|123061|113619|123192|111002|127053|123112|127083|113662|110067|127093|127035|110096|123157|113637|123067|123171|113037|113067|128106|118013|113666|111007|123115|113654|113066|113674|111008|113563|113667|118029|127095|118004|127079|113609|113675|118012|123152|127100|127072|123166|113687|123150|113649|123143|113584|123188|113680|127076|110060|113042|128082|111000|127030|113061|113652|127060|110090|123175|111010|128129|113582|127070|127069|113672|110073|123245|111017|113665|123189|113060|110087|127018|123114|123195|123054|123121|113045|111021|127101|127088|127074|123232|110059|113656|123133|118021|113682|113679|128127|123100|123176|113634|127022|111013|127071|123159|113598|123052|123038|118040|123151|123090|123117|113577|127104|110089|113671|123039|110074|127064|127042|118050|127085|128091|123231|123129|118025|118011|113623|113054|123082|123127|113064|113588|123174|127026|127031|110085|113644|118024|113641|127098|123113|127016|123223|110070|123197|113049|128097|118036|113627|110062|111003|127084|113638|123165|127068|113593|111004|123138|127092|113621|123091|113659|127073|128137|113565|123071|113646|127090|127034|128121|128136|113639|113677|113043|113048|123128|113653|118035|111009|113660|123210|118009|113636|113610|118006|118045|118023|118038|123109|118042|118007|123080|128142|127091|128143|113046|118033|113561|118015|128101|113657|127066|113616|110064|110082|123238|127080|118044|123088|113545|110077|127017|111014|123144|127062|123242|127024|127056|123215|113643|123142|110095|123161|127047|127096|127038|113597|113579|127037|113606|113670|110076|113047|118046|123124|113683|113686|123126|123244|127097|128131|128116|128108|113661|128135|123064|113655|113059|128095|123154|123180|123186|123155|113618|118027|128134|123108|127046|118018|128125|127089|118008|123122|118020|127025|118031|118014|111001|118032|118022|127044|123179|110081|123104|113625|123072|113650|128117|128138|113574|113624|128124|113605|118010|113608|118000|113053|123246|118005|123065|113633|127106|123034|113615|123093|123118
2024-10-11,2024-10-10,110092|127061|123247|118026|123198|113033|127049|123049|127019|123156|123207|123056|113629|127103|127075|113068|113058|110079|113044|123149|127020|123240|127015|113050|123202|113569|128109|123141|113055|123216|123237|113668|111019|123228|123107|111015|127032|123187|128144|113549|127052|123243|123147|123063|123229|113062|118039|128081|128130|127087|128141|123220|123160|127081|113628|110084|123225|123172|128087|123146|123224|118048|123234|113685|127051|128133|127105|123163|128083|113065|123076|123184|118049|113663|118041|123099|113631|127055|118045|123157|128105|123204|110096|123219|123226|118016|127094|118030|123192|123092|113039|123142|123089|123190|123201|123248|128132|128128|113651|123206|113052|110063|127082|127045|123101|123050|127028|123120|123169|113676|123230|127099|123217|110094|113632|113647|123191|123115|123131|111005|128076|123214|123221|127039|113060|123199|123227|123203|123035|123178|123212|123085|118003|128119|123145|113664|123103|127040|127050|118037|123087|123048|127102|123119|123185|110075|123211|123132|128120|123177|110068|113675|110067|111018|128118|113684|111002|123213|128090|113673|111011|111016|123218|123168|113658|113069|128127|123239|111008|127043|127035|113678|111020|123059|127070|113573|118028|123173|127086|127041|118034|127078|123194|123236|113637|127093|127053|127095|123182|113546|123209|113674|118050|113066|113030|123158|111007|113669|111012|127027|123078|113051|110093|123130|123241|123183|123205|113662|110086|113667|123208|118043|127077|113067|127083|118013|113681|123135|123235|127100|113640|127101|123067|127014|123233|123188|127076|127059|123189|113672|123112|123200|123143|127074|123170|113634|111000|123061|127067|118004|113056|113648|113045|123193|113582|128106|127072|127054|127079|113563|123152|123121|113649|123222|118012|113609|123196|123117|123245|118036|113061|111017|113687|113654|123150|123171|113619|123175|113666|118025|127104|110060|127064|113682|128082|127060|113042|118029|111021|111010|110073|113037|118040|113680|110059|123038|113600|127088|123166|110074|127071|123114|113652|123090|110089|123195|113577|127069|113588|113584|113064|118024|113679|128129|127031|123100|123133|127026|113665|127042|111013|113639|123052|113621|113049|110090|127085|123232|123174|123176|123151|110087|113659|123223|123159|118021|123054|118011|113644|113671|113646|128091|123128|123127|127030|123091|110062|113656|123129|113638|123071|118023|127022|113043|127016|113623|123082|113653|113641|113054|113593|118042|128136|127018|111003|123165|123039|123113|123138|127068|110085|113677|110070|127090|127034|118035|113627|127092|123197|127084|118015|128137|123231|128097|118006|113636|111009|118038|118046|127073|113565|118033|127066|128121|128101|113048|123144|113616|111004|113598|113660|110077|127038|110082|118007|118009|127098|127080|127091|123109|123080|128142|128143|113561|113046|113610|123124|113545|123088|110064|123210|123242|127056|127024|127062|113579|113657|123215|113643|118044|110076|113597|127017|113606|123155|127096|123044|128125|111014|113683|128131|127037|123126|128108|128095|127097|113047|123244|123064|113661|127047|113670|118018|123122|113618|118027|113686|123161|113059|128116|123180|123186|110095|128135|123238|128134|123108|123154|118008|113655|127046|118014|118020|118031|127089|118032|127025|111001|118022|110081|123179|123104|128138|113650|123072|128117|113625|127044|113624|113574|118010|128124|127106|113605|113608|118000|113053|123065|118005|113615|113633|123034|123093|123246|123118
2024-10-22,2024-10-21,127061|123247|110092|113033|127049|118026|127075|123207|123049|113629|127103|113044|123149|123198|127019|113068|113569|123216|123234|123156|123056|110079|113058|123240|113050|128127|128081|128109|128087|123237|127015|123141|111019|123229|113549|127032|123202|123063|113055|113668|123187|128130|123107|123211|113631|111015|127055|127020|128083|118039|110064|128133|118041|113628|113663|123220|127081|118030|110084|123147|123163|127105|113065|127087|113062|123225|123221|123076|123160|127052|127051|113676|128141|118049|128144|113060|123178|123191|123092|123172|123228|123035|127039|127099|123204|123243|123120|118016|123089|127014|110063|128132|123203|123146|113069|123087|127094|123201|123085|118048|118003|123130|123177|123219|123226|123224|127086|113052|127028|127082|123145|128118|123059|111005|123131|113039|123206|111011|123182|127050|123101|118038|110068|110094|113641|127078|123212|123194|111008|113678|123227|127045|128128|123050|123078|111012|123239|123103|123217|113647|113685|128090|123218|123209|113056|123199|123185|113658|113684|113637|110075|127040|123248|127095|113664|118028|128119|128120|123214|113673|128105|127043|113667|127027|123188|128106|127076|123192|127054|123119|111002|123061|111020|113632|113030|113651|113066|127041|113662|113672|113051|123236|111018|123143|123241|118037|113609|110096|127077|113619|113666|123135|113675|113067|123200|123112|110093|127102|127093|123173|123171|123205|113674|111016|123169|123235|123189|123067|123158|113648|127070|127053|123152|118013|123183|118012|127079|123132|113546|123168|123222|113669|127035|110067|123213|113640|123193|127100|113681|123245|127083|123048|123054|127101|118050|111017|123208|113042|113577|118045|123190|111010|118004|128082|118034|118043|111007|127060|127072|123133|127088|113037|113600|123038|113588|123175|118036|113665|113687|127104|110059|123196|113639|123170|113646|110086|118021|113563|123150|113045|127059|123114|123052|118029|123099|127071|123121|113061|113679|123238|123100|123115|123230|111000|123233|113593|123232|118035|128129|113649|113680|123159|127064|113634|123117|118011|113582|127026|113656|111021|128091|127069|123195|113677|113621|123231|110090|110089|110062|127042|110060|111013|123197|110073|123166|123082|123127|113654|118024|113652|113584|127031|123090|113682|118025|123129|123184|127098|123039|127067|123174|118040|127018|113671|113659|123071|113064|123223|123157|123091|128136|113565|113623|127016|113598|110085|123176|127084|127092|113644|110087|127085|123138|113054|123124|123151|123165|111003|110074|113636|127068|113043|127030|113049|123128|118042|128137|127074|127034|127022|113627|118006|118007|128101|127038|128097|118023|123113|118015|123142|118033|128121|127090|113653|118046|113638|123109|110070|127066|111009|113616|113048|127073|123080|123126|128142|111004|110077|128143|127091|113660|113579|123144|123210|113657|127080|128125|113597|127017|113610|127037|118009|113046|127096|113683|113643|123215|127024|110082|113561|127097|113573|128131|127056|127062|118018|113606|123088|118044|110076|123155|111014|113047|123186|113661|118027|123064|128108|123122|123242|128116|128095|113655|123180|128135|127089|113670|113059|127047|113618|110095|128134|123161|123154|123244|123044|127046|118031|123108|118008|113574|118014|111001|127025|110081|118032|118022|128117|123179|123104|118020|128138|123072|113686|113650|113624|127106|113625|128124|118010|113053|118000|113605|127044|113608|113633|123246|118005|123065|113615|123034|123093|123118
2024-10-31,2024-10-30,127061|110092|123247|127049|113033|118026|123207|123198|113629|113068|127075|123056|113044|127019|118016|123169|123049|113609|127015|113058|113569|110079|123237|113050|128130|113668|127103|113549|110095|123202|111019|123063|123234|123141|123229|123187|128109|128081|123218|127020|127032|111015|123156|123120|128133|123240|113055|127052|113069|113060|123149|128083|123228|123107|123243|127087|113065|113651|113631|123178|113663|123216|123163|127051|128141|123147|123035|127081|118041|118039|123146|113678|123160|123212|123220|118003|128144|118030|123225|123191|113684|123204|128127|113628|123092|123089|127055|123131|110084|128118|123219|123226|123182|128128|128087|127105|123076|111008|127028|123103|113062|123227|123206|127095|123203|113030|113662|128105|113667|123059|123087|128106|127053|113676|123224|113039|118049|127040|127086|127078|123101|127050|127039|113647|113584|113674|123217|118048|127043|123201|111011|127094|128132|123168|127082|111017|110064|123166|123221|111002|123082|123214|123248|111020|127091|123085|111005|110068|128090|123177|123143|118038|123209|123145|123245|123194|113637|113664|118037|118028|127045|123172|118045|123192|113641|123185|123130|113051|111012|127076|128120|113673|123135|113658|123119|123078|127054|113672|110094|113052|127100|123236|123121|123199|113632|113067|110093|123184|127102|113640|113687|110063|128119|123196|127041|127027|113066|113056|110096|113675|110075|123112|123161|110067|123239|127035|113577|123048|113565|113666|123200|113648|127077|113573|118012|118050|123183|127072|123188|123241|127101|123038|127104|123190|123133|123067|123222|123152|110085|113681|123173|127083|123238|111010|111016|118013|113669|123052|123158|123193|118021|127064|127088|123132|113563|123171|128082|127079|127059|127070|123054|127074|127060|127093|110062|123232|127018|123061|113582|118029|113649|110086|113593|110090|118034|118044|113061|123129|111021|127099|123115|118043|113598|127026|118024|128091|123231|113665|111000|113683|123235|113646|123213|113679|113042|123189|113588|123233|123100|127069|113654|123117|123150|113037|113680|127071|113634|110073|111007|113054|111013|113652|113621|113045|113064|123159|123091|123223|128137|127098|118004|127084|110089|127042|127031|123230|123175|123157|128129|127068|118035|113639|113677|123176|127085|123127|123174|113659|127016|110087|123114|118036|118046|113682|123195|113656|110070|127067|123197|123050|118040|123090|113644|118011|118025|123071|127092|113638|123039|113623|113671|123109|127030|128136|128143|113610|113043|118007|123165|123099|113636|118006|127090|127022|127034|110074|123155|128097|123138|127073|113049|118042|113059|111003|123151|128121|113627|128142|113653|128125|113048|111009|127038|123124|110077|123128|127066|113657|123113|123080|111004|118015|113616|113561|123142|118033|127024|123210|128101|123144|113579|127037|118023|113597|113046|127080|113047|123215|123126|113660|118009|127017|127096|127062|113606|113655|127097|113661|127089|111014|113643|127056|118018|110082|110076|123088|128116|128108|128095|128135|128131|123180|113618|123064|118008|123122|113670|123244|123186|127046|118031|118027|127025|128134|113574|123154|127047|111001|123242|118014|123108|110081|123179|128138|123104|118022|118020|118032|123072|113650|127106|113624|113053|128124|113625|118010|118000|127044|113605|113608|118005|123246|113615|113633|113686|123065|123034|123093|123118
2024-11-12,2024-11-11,127047|110092|127061|110095|123247|127049|113033|123056|113044|123207|127075|111019|123049|127015|113685|123156|113629|113068|123198|127019|118016|110079|128081|118041|113050|110084|113058|110063|123149|123063|113569|123160|127020|128130|128133|127081|128109|123191|123237|123146|113631|127087|123234|113549|123187|123169|123220|123141|123190|113055|113628|127055|127032|123218|128127|123120|113069|123107|127103|118003|123204|128083|123172|113663|113609|127039|123243|128105|128087|128118|128132|118039|118049|123163|113641|118037|123147|128128|127076|111015|113668|113676|113062|113030|123228|127051|127095|128141|113651|118048|123203|123161|127086|123212|113678|123087|123206|123240|123145|123088|127052|127043|123178|127105|123035|118028|123131|127050|127094|123225|113039|123226|127040|113065|127053|123201|123166|111008|123089|123076|127028|123227|127082|128144|127078|123103|113632|113625|123236|127100|123209|123085|128120|113667|110094|123216|123182|123192|123230|113664|123214|118038|113658|127035|127027|123194|113067|123092|113675|127045|123221|113051|110093|123229|123158|113061|123168|113640|118030|113637|123217|123224|123059|113673|123239|123177|123119|110096|123199|123130|123248|123132|123200|123100|110064|111005|118026|111017|113674|127091|111012|111020|111016|123183|113672|123067|111011|113056|127054|123112|123188|111002|110067|111018|127079|127041|128119|127101|123152|123135|113066|123249|118043|113669|113610|113577|110082|113648|113647|123078|123173|123245|113584|123121|127083|113684|113052|123061|127099|123235|118044|118013|128091|111010|123133|123176|110062|123048|110085|113593|118012|110075|127059|127060|113681|128129|127093|127072|113582|111007|118029|113621|123052|123202|123101|123129|123193|127070|123184|110086|128082|113687|118040|118004|123241|113563|123171|127069|123196|113037|111003|118011|123054|123082|113666|113654|113646|113565|123175|118036|113649|127074|113598|110070|127088|123222|118034|123231|113042|123233|113680|127026|127018|128143|110089|123150|113045|123189|113677|118050|123114|113665|127042|127071|123091|123157|113634|123159|127077|123232|127073|123117|110073|111000|123238|111013|127068|110090|118024|113662|118035|113683|113054|123124|118046|113639|118021|127064|110087|123185|127098|113679|123197|111021|123195|113652|113682|127104|128137|127016|113588|127031|123109|113659|123071|123038|123151|118007|113064|113656|123174|127084|113644|113043|127085|127090|128097|123223|123090|118006|123128|127034|118025|123039|113636|127067|113638|113623|113657|113671|110074|128090|128142|123099|123165|113048|118042|127038|113049|127066|128121|123138|123126|127030|118033|118015|123113|123142|113653|113627|123127|128101|111004|127022|123155|128136|123215|127024|123211|128125|123210|113579|118018|113597|113616|111009|123144|113046|110077|123080|113561|127080|123213|118023|113059|118009|127017|127062|113660|128095|113606|127092|111014|128116|118045|127037|127056|123122|127096|118027|113643|113655|113047|127089|113661|113686|128108|127046|110076|123186|118008|123064|128131|113618|128135|128134|123180|113689|113670|118020|113574|127025|123108|123244|118031|123154|127044|123242|111001|118022|118014|123179|110081|118032|118000|123104|123072|127106|128138|118005|113650|113624|113608|113053|127097|128124|118010|113605|113633|123246|113615|123065|123093|123118
2024-11-21,2024-11-20,127047|110092|127061|113691|123247|123099|110095|127049|113033|123207|127075|111019|113685|123056|113068|113044|127019|123198|113058|123049|113629|128130|123156|123234|127015|118016|123191|127020|113050|123063|128133|127103|110079|110084|113569|128081|128109|123149|127032|113631|123240|111015|123204|127105|127081|113628|113663|123243|123187|127087|118041|123220|123172|113055|123141|123160|113609|123237|123120|123190|123147|113062|128083|123107|127078|128128|128141|118049|127052|123221|127053|123212|127040|123146|123203|113069|110081|128132|123163|123229|127094|110093|118003|123218|123228|128144|110063|118048|128105|127028|127076|123201|123206|123087|123225|113039|123193|127055|123226|111005|113668|118037|113030|127082|118039|123166|123169|123089|111016|128120|127043|110097|110094|123230|127051|113065|113641|123178|123248|123103|127095|110096|113632|127050|123145|127041|113637|123236|113678|123168|113676|127039|123131|118028|118043|118030|111012|113651|123209|113640|123100|113667|123085|127099|123078|113674|123216|123130|123177|127035|127086|123199|123092|123076|123214|123217|123161|123192|123194|118013|123088|118038|127045|111008|113664|123235|113666|127102|123227|113067|123224|123112|111002|113658|111020|113688|113673|123158|123135|123200|111018|111017|113056|123239|127027|127100|123249|113647|113625|128127|127101|123182|113593|127079|113061|127054|123245|110067|113672|123121|113051|123152|123173|110082|123132|113563|123119|113066|127059|110075|111007|113654|128119|123184|123067|127070|127093|111011|113684|123188|113681|123183|113605|118026|113598|123129|113577|113690|123233|113675|113648|123196|123175|127022|118029|113052|128129|123048|118044|127083|123133|111010|113662|111003|127072|127091|113687|123052|113680|123150|118012|110086|113669|113649|123171|110062|110064|127060|123176|113584|113037|127088|113582|128143|127077|113656|127098|123222|111000|113677|110089|127026|118034|113045|127069|113042|113639|113683|128101|111013|113646|113621|118050|110073|113671|123061|118021|123202|110070|118040|127018|110087|127073|123059|127042|128137|123238|127016|110090|113652|123157|123128|113665|123232|110085|127071|123054|127068|123159|118036|123195|127064|123231|118046|118011|113679|111021|127067|123082|118004|113064|118024|123117|123241|123109|123114|113610|113054|113659|123189|127031|113565|128097|113634|123211|118006|123091|118035|123197|127084|123185|123174|113644|113627|110074|123223|113682|127034|127030|128121|118007|127085|123071|127066|113653|118015|127104|113636|113638|123127|127090|113043|123138|113623|113049|128082|123124|128142|118025|113048|123039|123090|113588|123151|123165|113059|123142|118023|113657|123126|127062|123113|118045|111004|118033|127024|111009|123144|128090|123038|127038|127092|113561|128136|113046|118042|113643|127096|123080|110077|123213|113597|111014|127080|123210|123215|127037|113579|113660|127017|113606|128125|113616|123155|118009|128095|127097|128131|127056|113655|128108|128116|123244|113618|113047|110076|118018|127089|113670|113661|123064|123122|128134|113686|123180|128135|127046|118027|118008|127025|123186|118020|113574|123108|111001|118005|127044|123154|128117|113689|118022|118031|123101|118014|118032|123104|123072|123242|123179|127106|118000|113650|113624|128124|128138|118010|113053|113608|123246|113615|123065|113633|123093|123118
2024-12-11,2024-12-10,127047|110092|127061|123099|113691|123247|113068|110095|123056|113044|113033|127049|123207|111019|123198|127019|127075|113629|113058|123049|118028|123146|128127|113609|127103|123156|113685|128130|123160|110079|123063|110063|113631|113050|127032|123191|127020|127087|127015|113628|128132|123141|123204|118016|123120|127105|123149|113663|128133|110084|123147|123234|111015|123220|123190|113030|123240|110075|123243|118048|113055|128105|123201|123187|123087|111008|127078|113610|118041|113069|127053|123203|127081|128141|123089|123221|118037|123131|128120|123236|123178|118039|113676|123206|123100|113039|113062|128144|123107|127099|113668|127028|127055|110093|127076|111016|118049|127095|127052|127051|123218|123237|113651|113640|123225|113065|128128|123230|123185|113637|127043|123161|123216|127035|127082|127050|113569|123078|123092|113681|123166|118030|113664|127040|118003|123226|110094|111012|123112|127039|127041|123172|110096|123217|123169|123163|111007|113647|113042|127094|128131|127093|111020|113674|113061|118013|123212|113678|123227|123145|123199|127027|113666|123245|113625|113056|127054|123076|113584|123188|113646|123088|128119|110081|123232|123248|113051|113667|113641|127102|123214|123130|123194|123224|123048|123233|110097|123192|111018|123052|127072|123067|127086|123168|118038|123182|113632|111005|123200|128109|113673|123177|118043|123085|111017|113654|123228|113598|113687|123235|111002|123173|127070|113688|123119|113582|123184|110082|127100|127045|128143|123239|111003|113692|113658|113052|123183|123229|123132|113067|127101|113672|123176|128129|110067|123158|113649|127088|127059|113563|123133|123249|113037|123152|110064|113605|113643|123061|113577|123222|113066|113593|123193|123157|123209|123250|127022|118044|113675|113669|113648|123121|113680|123238|127107|123211|127042|127083|111013|111010|128097|127079|127060|111000|127016|118012|113677|127026|113565|123186|127018|110087|127091|123196|110073|113683|110090|123171|123150|110070|111001|113621|123054|118050|118004|118046|113656|128101|123159|127077|128137|123129|113684|127068|123189|118034|110086|123082|127069|113054|123059|127071|123195|118036|118040|113679|127064|123138|110089|118011|113045|113671|127073|127080|118024|113652|113634|118029|127098|111021|113665|123039|128142|123175|118006|127084|127030|127031|123091|123174|123114|113064|113644|113627|113682|113690|123071|123117|123142|127067|113043|113639|123197|118035|110085|111011|113659|127085|127104|128121|123223|127090|123231|127034|118015|113638|113623|127066|118007|113653|113636|123127|113046|127096|123090|118045|123241|123109|113657|113049|113588|123113|128136|123124|113561|123165|127024|111014|113597|123038|118025|127092|111004|128125|123151|113048|123080|123128|127062|111009|127017|127038|118021|113606|127037|113660|113655|118023|123144|110077|127097|110074|113579|123210|113059|118033|128134|123126|118009|127046|118042|113616|128116|128095|127056|113686|113670|128108|123122|110076|128138|123242|113618|123155|123215|123180|123154|113047|128135|127025|113661|118027|127089|118005|118018|127044|123064|123108|123179|123213|128117|123104|123072|113689|118022|113574|118020|118000|118014|113624|118032|118031|118008|113650|127106|128124|123244|118010|113608|113053|123065|123246|113633|113615|123093|123118
2024-12-23,2024-12-20,127047|123099|110092|127061|113691|113044|123247|113033|123198|123207|127049|113068|123146|111019|123056|128130|113058|127075|110079|127032|127019|113050|113629|113685|123063|123191|110095|123147|127020|113628|113631|123204|128105|113663|127081|123160|123234|127087|111015|123049|127101|127015|123187|128133|127082|127103|128141|123120|123149|123141|113030|127035|127105|123201|118028|123220|113069|127053|118048|123226|123221|123178|118049|123243|113676|110084|118016|127043|118041|128127|127028|113678|123218|123206|113608|123166|113668|123240|113569|123236|128132|123107|123239|123156|123190|123089|127076|127052|127055|127099|127078|111012|128120|118037|127051|113651|111008|128144|127095|127050|113065|113637|123169|123100|123185|118003|127094|123188|128128|113062|113039|123217|123225|110094|113667|123145|118039|113664|123227|110075|110093|113042|123092|111016|123112|123152|123199|127039|127040|118030|123230|123078|123192|111020|113609|113681|123194|118043|127041|128131|123235|113647|123067|110096|127086|123161|113598|113625|127100|123212|123076|127027|118013|127054|123172|113632|113666|111007|123052|113674|110081|123133|123245|123131|127026|118038|113061|123214|123182|113641|123200|123130|113056|113051|127072|113677|111002|110082|123088|123119|110097|123048|123216|111005|123229|123248|113673|113610|127102|113658|128119|123237|113584|123232|113680|113577|127091|113066|127093|111003|127045|113052|113563|111018|123173|123203|127070|123087|123184|127088|123233|111017|113669|123228|123085|113605|113654|123157|113597|123132|123183|113672|123249|110067|123168|113675|113067|110090|113582|113692|123211|123163|123222|123224|123061|118051|123158|113648|113687|123250|123176|127059|127079|123193|118050|110064|113688|123209|128109|113593|123150|123054|113045|113640|128129|113621|128125|113037|113646|113649|118046|123121|127083|127016|123186|111013|113683|113565|128097|111010|123126|113574|127069|128143|118029|118004|127060|127022|111000|123231|128137|123159|118012|123196|127042|113682|110073|118036|118044|123129|127080|110070|128101|127018|123039|113652|123238|113679|113634|127107|128142|113690|127077|118040|110089|123171|113656|127096|110087|123138|111021|113054|123177|118011|127068|118024|127071|127084|123195|123082|113627|118006|123117|127064|127031|127073|123189|127098|113671|123114|123090|113684|110086|123091|123175|113644|113639|118007|123142|113643|118034|111011|123165|113064|123197|127034|123071|123059|113043|127030|113665|113588|127090|113659|113636|123223|123113|113049|123174|127104|127085|127066|110085|113638|113561|128136|128121|113623|118035|127067|123127|127038|113653|111014|113046|127024|118015|123122|123124|113606|127037|111001|118045|123093|118008|127092|123109|118021|127097|111009|118023|111004|123080|113048|127062|113657|113660|118025|123151|110077|123128|127017|113616|118033|123210|128134|113579|127046|113655|113670|118009|128138|110076|123144|127056|123038|113686|118042|113618|123213|128116|113059|127044|128108|123155|128135|128095|123242|123241|113047|118018|123180|123215|113661|123154|127025|123108|123064|127089|123179|118027|110074|118005|128117|123104|123072|118000|118022|113689|118020|113624|127106|118032|118014|113650|118031|128124|123244|113615|118010|113053|123065|113633|123246|123118
2024-12-31,2024-12-30,127047|127061|110092|113691|123247|123198|128130|127049|113033|123147|113068|113629|123207|110079|113050|113058|123099|127075|113631|127032|110095|127019|128105|111019|118041|127081|123120|111015|128141|127015|128133|123063|123056|123156|123234|127087|127020|113685|113663|123204|123191|113628|123141|127043|123187|123166|123201|123214|113676|118049|123178|127082|118028|127105|118037|123243|127035|118048|127053|118039|127099|123160|118016|127101|127028|113042|127055|123220|127052|110093|128144|123190|123239|113632|123226|123206|123169|113651|128128|127076|113668|123218|113637|113065|128119|123221|127095|123107|113062|123100|123152|111008|113039|127078|110084|128132|128131|123149|123185|123146|123225|127103|123092|123078|113678|127051|123236|127040|123049|127050|113667|118013|127039|118003|113569|113664|127100|123145|113669|113647|128120|123240|113052|123227|118030|113069|127091|123217|118043|127041|123089|123228|113066|110075|123133|123230|110094|123188|113608|123199|111007|123192|111020|113684|123212|123112|128127|127045|123235|113598|110081|123076|127054|123082|113056|123248|127072|123088|111018|113051|127027|123245|113625|111016|113045|123161|110096|111002|113584|113641|113047|123087|127086|123203|123048|113563|113687|123250|113683|123211|123182|123249|110067|123067|113609|123119|113658|113061|118038|113067|127093|113674|123085|113673|123194|123229|111003|123216|127094|127070|110082|111017|123131|123184|123209|127026|113681|123157|123172|113688|113672|127069|111005|113577|123200|123158|113621|113692|127022|113666|123224|123222|113677|113582|127102|123061|123176|110097|123052|123130|123193|118051|128129|123121|118050|113648|123129|113037|113605|123183|123064|128109|113654|113680|110090|127059|118046|123168|123233|127083|128143|123223|123173|123231|123150|118004|113656|113675|127079|113646|113679|123232|110073|123054|123237|127016|127096|127088|111013|111000|111010|113652|113640|118029|127098|123126|123132|123142|128137|113593|118044|118036|128097|113054|111021|113634|127060|123117|118012|127018|123177|113682|110086|127071|123114|110089|128125|127031|113610|127042|127080|127104|113649|111012|123196|127107|127068|128142|123171|127077|123059|123195|113644|123091|128101|127073|113690|127064|111011|113043|123159|113574|123189|113588|118040|127084|118024|123090|113627|123127|110087|118011|113565|127067|127024|113597|123165|113623|113064|113636|113659|110070|123071|127092|113049|127090|113639|128136|110085|118006|127030|113638|113671|123174|127085|118007|118035|123186|127034|118021|127038|123197|118045|113561|127066|123122|118034|113643|113665|123113|123138|128121|123175|113653|113046|118015|127037|123124|113606|113616|111004|110077|111014|118008|123109|113048|127062|127044|113660|111009|127046|127017|113686|123242|118025|127097|113655|113579|123128|111001|128134|118033|113657|123080|123210|123151|123093|113670|118023|128116|118042|123213|128138|110076|127056|113618|118009|128095|123144|113059|128108|128135|113661|123180|118018|123155|123241|123215|118027|127025|123154|123108|110074|127089|123179|123244|118005|128117|123072|113689|123104|118022|118000|118020|118014|113624|128124|113650|118032|127106|118031|113615|118010|113053|113633|123065|123246|123118
2025-01-13,2025-01-10,127047|110092|127061|113691|123247|113033|113050|123198|127032|110079|113685|127049|113629|118041|123204|113058|113068|127075|110095|113631|127087|127035|111019|123187|128130|123166|123063|118039|127052|113663|128133|127053|118016|127076|123191|127055|127043|127020|123147|123056|111008|123178|113676|128141|113062|127039|123160|123156|123251|118028|123141|127081|123120|113651|113042|113666|113061|118037|127099|113052|123243|127050|113628|127103|127101|123207|111015|113069|113637|123239|128143|123169|123234|110084|127028|118030|128144|127019|113065|123221|123217|127105|127095|127082|123220|113632|128132|123201|123107|123218|113684|110096|110093|113066|113039|123211|118048|123206|127040|123226|123236|128105|128128|111017|113667|123146|118049|123185|127078|123184|113668|123227|128131|127072|127041|123089|113681|123100|123237|113664|123078|123225|113669|113056|118013|123149|123229|123092|113608|113625|110082|118043|127051|127091|110094|123250|123190|123228|127086|123231|123133|128120|123248|123235|128127|118003|113675|110097|127054|110075|111007|123152|113678|123249|123230|113677|127027|113577|113569|118046|123199|123245|123192|113647|123240|123112|123209|113641|113687|127093|128109|113598|123067|123049|111016|113683|111002|123212|113674|123222|127045|123131|110067|111018|113672|127100|123157|123194|123158|123048|128142|123082|113609|118038|113658|123188|113051|123203|123087|113582|123182|113688|123076|113047|113563|113673|113067|123216|123088|123145|128119|127094|123214|111005|110081|123172|123161|127022|123052|123085|113045|118050|123061|113692|123127|123064|111003|127104|127070|123215|111011|123200|127069|113656|123177|118004|128129|123168|123224|113037|113605|123223|127026|118051|123059|123130|113584|127102|127059|113646|113682|123233|113621|113593|123176|123121|127083|123173|113648|123183|127096|113690|118021|123119|127016|118029|113680|113654|111013|113640|127079|123150|113565|127084|110073|123232|123054|111000|113588|123117|113634|113652|127068|111021|123126|123193|127077|118044|123142|127031|110089|113623|127071|123195|113627|110086|118045|111010|113054|128101|128125|127088|127107|111020|113644|128137|113649|113659|127060|127092|127018|110087|118024|111012|123132|118006|128097|127064|118012|127030|113064|127080|127067|113671|123129|123196|127042|123091|113679|113597|123114|113610|113574|127085|110070|113043|127073|123189|127024|123090|113639|123174|127090|113049|123171|113636|128136|118011|118036|123159|110077|113638|127066|123165|113686|127098|110085|118035|127037|123071|127044|123186|113653|113616|127038|123213|118025|123138|113665|127034|123242|118040|113046|123113|123197|111014|118034|123122|127017|118007|113606|123128|111004|123175|111009|128121|118015|123124|113660|113643|118023|127097|113657|127062|111001|113048|123109|113655|123080|113579|118008|118033|123093|127056|128138|123151|123210|113670|128134|127046|128116|110076|113618|123144|118042|123241|123244|128135|110074|128095|128108|118009|113059|113661|123180|118018|127025|127106|123155|123108|123154|113689|118027|127089|128117|123179|118005|123072|118022|123104|118000|113624|118020|118032|118014|113650|113615|128124|118031|118010|113053|113633|123246|123065|123118
2025-01-21,2025-01-20,127047|127061|110092|127032|113050|110079|113691|123198|123247|113033|127049|113629|118041|113058|113685|113631|113068|128127|118016|123056|127075|123063|123187|123204|127052|118039|128133|128141|127087|127035|127105|123166|123156|111019|113042|127055|123191|123120|110095|128130|113663|123221|127020|113062|113065|113628|123147|123141|127039|123207|127053|113052|113676|123231|127019|113632|118028|123146|113069|113651|127099|123201|127028|123178|127081|128132|113667|111008|118037|127076|110084|113608|127103|113039|128105|123220|127101|128131|123160|123107|127043|127078|123234|113061|123218|123251|123133|113637|123239|127091|128120|110094|123243|118049|127041|118030|123100|113666|123190|113677|128128|127050|123149|110082|110075|127082|111017|113664|110093|127095|110098|111015|118048|123206|123092|118043|123225|123185|127086|123227|123245|123230|123169|127040|127054|110096|113668|111007|123217|113674|128144|123078|113647|113598|127051|123089|113569|123152|123067|123184|123211|128143|123082|123229|118003|123250|123236|113056|127093|123112|123226|123048|123248|123192|113675|113687|113625|123199|113641|118046|113678|123209|127072|113066|127094|123161|123203|113658|123212|123087|113669|123174|118013|123237|123240|123088|113673|113577|111002|113681|127027|113672|110097|123049|127100|127045|110067|110081|113047|123188|113609|118038|123052|110090|123157|113045|113646|113051|111013|111005|123145|123194|111003|127026|113067|123216|111016|113692|123131|127096|123214|113686|128109|123215|123235|113657|113683|123076|113688|113621|123064|111020|123085|111018|123249|123061|127022|118051|123172|128129|113037|113656|123183|123200|113654|123182|123223|123224|123130|128119|113684|113593|128142|127059|127070|118044|123168|127102|123177|113582|123127|123176|113584|118050|118004|123173|123059|127016|123158|113680|123222|123233|127083|113605|123054|113640|123232|127079|123119|111021|118029|113652|110089|127104|123193|123132|127042|123126|113623|127069|113565|127107|123121|123117|123150|113588|110073|113644|127068|118006|127031|128137|127077|127071|113648|111000|113634|111010|128097|118045|127088|128101|127084|127060|128125|123195|113649|113682|127018|127064|113659|113054|113627|127030|123196|111011|123129|110087|123242|113064|113690|127080|123189|118012|118011|110070|113597|127067|123142|110086|118024|118036|123091|127066|113610|118021|127085|113574|113679|123159|113636|123114|128136|113639|113671|123186|123171|127073|113043|127090|113049|123090|127024|113638|127034|127092|110085|123165|110077|111014|123138|113665|127098|118025|123071|113046|113653|123228|113616|123197|118040|123113|118023|123175|113606|118035|123122|127038|118007|123093|127017|111009|123124|127097|128121|123080|123109|111004|118015|113643|118034|127062|111001|123128|123213|113660|118008|113048|113670|127037|113579|111012|128138|123210|127056|118033|113655|127044|128134|123151|128116|127046|113618|118042|123144|113059|123244|128095|118009|110074|123241|128135|127106|128108|110076|123154|123155|113661|127025|123180|118018|113689|127089|123108|123179|118005|128117|123072|118027|113624|118000|118022|123104|118020|118014|113650|118032|123246|128124|118031|118010|113615|113053|113633|123065|123118
2025-02-11,2025-02-10,127047|127061|110092|110079|113050|123247|113691|123198|113033|123243|113629|123056|127049|118016|113631|113065|127087|113068|113685|113058|127075|123063|123207|128130|118041|123085|127081|113628|113663|123191|128143|128133|123120|111019|123186|127055|113042|128127|127052|123141|118039|127039|110095|123204|123166|113676|128141|123146|127020|113062|127076|123147|128132|127028|123221|127103|113052|123217|113608|123231|127053|128131|127035|123190|123100|128144|123145|127099|113069|123239|127019|123107|123178|110084|127078|113632|113651|123160|127105|127043|123220|113668|113637|128120|118037|127082|123206|123234|123201|128105|111008|123218|113061|111017|111015|113569|127040|118043|127050|123251|118028|110094|123078|113039|123240|123169|127086|123082|128128|113598|123092|113686|123067|127101|127051|118048|127096|123185|123227|111007|127041|110093|111020|128117|123225|118049|123226|123112|113577|113678|118029|123048|118003|123052|113677|123133|127095|113674|113664|110082|110096|123089|123199|110067|118013|123230|123209|123149|123152|123211|113666|123187|113683|111002|127054|123192|113056|123076|113669|123087|123127|118038|123236|127094|123248|123174|123172|110075|123200|113667|123203|127091|123173|113066|123229|113641|127027|110090|123188|118030|113051|113658|113673|123212|113675|123088|113609|127100|113672|123252|123161|111016|127093|110081|111003|113646|113625|127072|113687|110098|127045|127022|123064|111018|113037|123130|127026|128109|123194|113593|113067|123232|113047|123250|128129|113605|110097|123061|123049|113681|113654|113045|123215|123214|113692|113621|127102|123168|111005|123224|118046|123223|123235|113657|123176|118051|118004|113647|123242|113656|127018|113688|113640|123150|123132|123131|127070|123129|113649|123054|113584|123183|123157|123184|123216|123177|118044|123182|127016|127059|111013|113680|123119|127083|123126|127042|123158|127080|118050|113565|128119|128097|110073|113582|127107|123193|111000|123233|127069|123222|113652|118006|113684|123196|123121|111010|111021|127088|127066|110087|123237|113054|113597|127071|113648|110089|113659|123059|118012|113644|128137|127030|123189|113634|123195|113574|123122|127068|110070|113627|128142|113682|113623|118045|127077|123197|128125|118011|118024|127079|123159|113636|127031|118036|127060|123138|128101|127084|127090|127064|127062|113610|113064|127067|113679|113639|111011|110086|113043|123091|123117|123171|123114|128136|113665|118015|113588|123245|127085|123210|118007|127073|123142|123090|123249|113671|113616|113049|110085|118040|113606|127104|127024|118025|127034|118035|110077|113638|127092|123175|113046|113653|123071|113643|127038|127098|123093|123080|111009|128138|123113|111014|123109|111004|127097|127017|123165|128121|127106|123244|113579|111001|123124|123128|113660|113048|118023|127056|113690|123151|118008|118034|118018|113670|118009|128116|118033|113655|123104|118021|123144|123213|113059|110074|118042|128134|113618|127046|127037|123228|127044|128108|128135|123155|110076|113661|113689|123180|123108|111012|123154|128095|123241|127025|123246|118005|123179|123072|127089|118027|113624|118022|118000|118020|118032|113650|118014|128124|118010|113053|113633|113615|118031|123065|123118
2025-02-21,2025-02-20,127047|110092|127061|127049|110079|113050|123247|123243|123198|113033|127055|113691|113629|123056|113042|128130|111019|113065|113058|118016|123063|123207|118041|113068|127087|113631|113663|127075|128133|113052|113062|123141|113628|123204|128141|113685|127053|127081|123166|123120|127052|118039|123147|123190|127028|127019|127103|127105|123234|123146|127020|127039|123160|123221|111015|111020|123186|127078|128132|128105|111017|123174|128120|113632|123226|113676|123107|123240|118028|110084|127082|123218|123217|113637|118037|123220|127043|113056|123206|110095|123178|128131|113651|113686|113039|127051|123100|128144|123169|113668|127041|123201|123145|113569|113609|118049|127050|127099|118043|128127|110096|123251|127035|123052|127054|110093|123236|123085|123082|123092|123078|113675|123230|123231|127093|110082|127040|113598|128128|110094|111007|123185|123225|113066|123227|113608|113666|113664|127101|118048|123112|123089|113674|123161|113677|111008|111003|123149|123150|127018|127076|110081|113667|128117|113577|127095|123209|123087|123212|123088|123203|123152|113070|123252|113045|123173|111002|123199|118038|123192|110075|113672|128129|111018|123242|123133|118030|123048|127094|123076|110067|110098|118003|127027|113069|113683|123211|113678|123064|123200|127086|118029|127045|123194|123239|127096|123215|111016|118013|113688|113641|113654|113692|110097|113673|113051|123187|123244|113605|113593|113681|123142|123172|113067|127026|113657|118051|123188|113658|113687|113037|123054|111005|110090|127072|123176|113646|123130|123250|127091|123232|113625|123061|123214|113649|128109|113656|123049|128101|127102|123157|118044|123224|123182|123229|113047|118046|123168|123235|123237|123223|123129|118004|123184|127066|113616|123067|123132|127022|123126|113648|123183|113647|127024|127083|123216|127059|128097|123233|118050|113669|113621|127070|123193|111013|123191|127042|113680|113644|123156|123210|113582|113584|111010|113640|123177|128125|127016|123245|111021|123195|123158|110073|123119|127069|127080|113659|113064|123121|127088|118035|123196|123222|123059|113623|118006|127030|110089|113634|113682|110087|113597|128137|113574|111000|127090|127071|127062|127107|123159|113054|118011|127100|118024|127084|127077|118012|113565|128119|123197|113043|127064|123189|113636|123091|113627|113606|113652|127060|127079|127031|127068|123138|128136|128142|123122|113639|123114|110086|123175|110070|127067|123248|123090|118040|113665|118007|113679|123171|127073|118036|127092|113671|127104|128138|118025|110077|127034|118015|113049|127085|123165|113588|113638|118027|123117|123104|113643|113653|118009|123109|127106|113610|123080|113046|127038|123113|123093|111009|123071|110085|123249|111001|127098|111011|127097|127017|111004|123131|113690|111014|113579|128134|123151|127056|118045|113660|123124|118018|113048|113684|128121|118033|110074|123128|118042|118023|128116|127046|118034|113670|123213|113618|123144|118021|118008|113655|128108|113059|127044|123155|123154|128135|123228|123180|113689|110076|123108|123246|127037|123072|123179|118005|123241|127025|113661|118000|113624|118022|118020|127089|118032|113650|113633|128124|118014|118010|123065|113615|111012|113053|118031|123118
2025-03-03,2025-02-28,127047|110092|127061|123198|110079|123056|113050|123243|127049|118016|113033|113691|113065|123247|113629|128105|123225|128130|118041|111019|113042|123204|127087|123141|123190|123207|113058|123063|113631|127075|118049|113685|113068|128133|127105|123174|123147|113663|128141|127081|111020|128132|123120|113628|113632|118039|113052|123201|123160|123166|123100|127019|127053|127028|113676|111017|111015|123200|123226|113637|118028|128117|127043|110093|113668|113651|127020|118037|128120|127051|123218|113609|123169|127099|123178|123187|127052|123206|127039|113062|123234|123185|113039|127103|123217|127078|113686|127082|128127|123231|123107|128144|123240|123146|110084|123220|127093|123152|110096|123221|111008|123186|123227|123251|123052|127050|127054|127041|118043|123089|113664|127018|123145|127055|123236|110094|123244|127101|127040|113598|123112|113056|128131|127079|110082|113641|113569|123092|123078|123230|123161|128128|127100|111007|127095|118048|113672|118038|123209|127076|123212|123087|113045|123203|113666|123085|113677|123242|123211|113667|123192|123149|113066|111003|123076|123082|113678|123173|127035|123048|123150|113674|123183|127072|123215|123130|123224|127091|111018|123088|111002|113654|110098|113577|123223|113683|118013|123142|123252|110067|113069|127086|127027|113692|113649|128129|110075|113657|123235|118036|111005|118004|113675|113658|123248|127094|111016|113051|110095|113070|123061|113688|118030|123250|123172|110090|113673|123133|123194|113067|123199|127045|113582|123182|127102|113037|123176|123233|113047|127070|123156|110097|123064|123229|118051|110081|113644|127022|113681|113656|123157|123049|113625|123237|123126|113687|113621|118044|127026|113646|123054|123158|118046|123188|128101|113647|123184|118029|123232|123059|127066|127096|123132|127083|127106|113593|128109|113623|123168|127059|113605|113659|111013|123214|123121|113640|123216|127042|118035|118050|111021|118003|113584|113669|123129|111010|113616|111000|123177|123193|127024|127069|127088|127030|118011|113634|110073|128137|123245|123246|110089|113680|123210|127090|123197|127104|118031|113054|113064|118012|128142|127016|127080|118024|123189|123195|110087|113627|123196|113597|113682|128119|123239|127073|123091|113648|113574|123159|127031|110070|113652|127107|127077|113608|127064|128136|127071|127092|127060|123222|110086|113606|113636|118045|123175|113043|127067|127068|113679|123090|113665|113639|128125|118006|123138|123119|123191|118009|110077|113638|118007|123114|123171|118015|118040|113671|127062|127084|127085|113049|123113|118025|113653|123080|113588|113690|123117|127034|123122|123071|110085|128138|111009|111014|113610|127097|127038|113046|127098|123249|111011|123165|113643|118018|123093|127017|123104|118023|127056|111001|128134|123109|128121|111004|118033|113048|113660|118021|113655|118034|110074|113059|128108|123151|123131|123124|118008|118042|113579|123128|127046|113684|128116|113670|113618|123144|118005|123155|127044|123213|123154|113689|123228|128135|123180|123179|123108|110076|118000|113661|123072|127025|127037|118022|118020|113624|123241|118032|127089|113633|113650|113615|118014|118010|128124|111012|113053|123065|123118
2025-03-11,2025-03-10,127047|127061|110092|110079|123247|113050|113065|123198|127049|123243|128130|113629|113033|113691|113058|127087|111019|113042|113663|111008|123063|113068|128133|123141|113685|127075|113631|123207|128105|123190|128141|127081|123120|127019|127020|118041|123215|123147|113632|113052|123200|127053|113628|123186|118039|111015|127105|123201|123204|123160|127039|128120|127028|123166|128144|128132|113676|127052|113668|110093|127099|123173|127082|113062|111017|123217|123178|123206|123218|123152|128117|113637|118016|123146|128131|123225|123240|123107|113641|127041|123234|113686|118037|127043|110094|127078|123169|127103|113039|110084|123220|111020|127079|123251|123052|123185|123212|123187|113649|123100|123244|127054|123161|110082|127101|123078|123230|111007|118049|113598|127040|127093|113664|127018|127035|123082|123156|113056|123076|123221|123174|123227|113667|118023|123209|123242|128128|111003|123150|127050|123089|123236|123112|123085|128127|127086|123145|123192|127095|118004|113066|123087|127051|123203|123092|113577|123149|123088|113672|111018|113654|113070|111002|118038|111016|113666|123246|110075|118013|127076|123252|123223|118044|123224|113677|110096|110081|113051|127094|127045|127106|123211|113045|118036|113678|113675|123168|113067|127027|113683|118003|123188|127072|113621|128129|111005|113656|123199|110067|123133|110098|123048|113047|123061|123130|127055|118028|123172|123194|110090|123183|118048|113673|113674|118050|113657|113593|127026|113640|123129|127070|123142|113658|123233|113646|113037|123064|123054|113688|123216|123049|113681|113651|123157|110097|123250|118035|123132|127022|113625|118046|123248|118029|123176|123229|123232|123237|127096|123121|118051|113605|123126|113647|127102|123182|113644|113597|113692|127059|127083|128101|123214|113659|123158|127090|113069|111013|123210|127088|113669|123177|123231|113584|110095|123193|111021|127069|123059|118011|127080|123184|113623|123235|128119|127042|123189|118031|111000|113616|127030|110073|113680|113648|127077|127066|113582|127016|111010|123197|118012|118030|110089|123175|118015|113634|113687|113064|123091|113682|113054|127071|123159|113627|128109|128137|110086|123196|118024|113606|110087|123195|118007|127060|127073|127024|113679|113652|127064|123114|123138|127068|113574|113639|127031|127104|128142|110070|123171|118006|127107|113043|113636|113665|113671|123104|123119|123239|127062|123090|127034|113638|127067|118043|118008|118009|128136|128125|111004|123245|118040|128138|110077|127038|127085|123080|118025|113653|127097|123222|113049|123113|123165|123117|110085|111009|123122|113643|123093|123071|127084|127098|113046|127017|128134|111014|113610|127092|118018|123109|111001|127056|128121|113660|118033|123151|113048|123249|110074|113655|123124|123155|113690|113579|118034|118045|127046|128116|113670|113618|128108|113059|123128|123144|113689|118042|111011|127044|113684|123154|113588|118021|123180|118005|123108|118000|123131|110076|128135|123179|123213|123072|113661|127025|123228|118032|118020|118022|113624|123241|127037|113650|113633|127089|118010|128124|118014|113615|111012|123065|113053|123118
2025-03-21,2025-03-20,127047|127061|110092|123247|123198|113629|113663|113050|110079|123243|113058|113691|113065|127049|123056|127081|128141|113033|123063|123201|128130|123120|123146|127075|113631|123147|128105|113068|113685|123166|111019|123141|123207|127052|128133|113676|111015|113052|127020|110093|118023|123204|113039|128144|127105|123218|113628|113042|123160|127078|113632|118039|127019|123246|118041|127082|123178|113637|123217|113062|128117|123234|127028|123221|110094|123173|127041|127039|127103|123187|128132|127053|110084|128120|113668|128131|127079|111017|123251|113056|118037|113598|123225|113686|123169|123185|118049|113664|123206|123230|123215|123240|123200|127018|113666|111007|111020|113641|127043|123052|127054|123149|123220|123244|127095|123078|127099|123161|127093|123182|127101|123107|123089|113667|123129|123192|127040|118004|110082|123088|113654|123112|128128|123082|113677|111003|127106|123145|127072|123087|123203|123236|123183|128127|113577|127086|118003|123092|123212|127050|111002|118016|113053|123242|123211|123076|111016|118038|123224|123150|123209|128125|113661|113649|111005|113672|118048|113066|111018|123252|118036|118013|113070|113051|118044|113657|127094|123223|127026|113047|113644|110075|123085|110090|123168|128129|123176|123130|123156|127077|113674|123133|123188|127035|127027|113683|123048|113678|123189|123061|113681|123199|113037|113045|113656|123214|123132|127045|113067|113658|113673|127070|123064|127055|123231|110098|123172|113069|110081|113659|113593|123237|118046|123229|110096|111013|127059|118050|118051|113646|113625|123157|118028|113675|123049|113688|113647|127076|123232|113621|123194|123142|123054|123233|127024|113640|127083|111021|110097|127102|113605|113597|127096|113692|123250|123184|123177|123158|123193|123126|127080|127042|128109|127022|123175|123216|127090|113680|118029|127088|113651|113669|123059|118035|123121|113584|127069|110086|113648|128119|113064|110073|113652|111000|113682|118031|123186|123197|123114|128137|118030|110089|118011|113636|127071|127016|113627|113582|110095|113054|113679|123091|113623|111010|127068|113606|123159|113634|127066|123196|118024|118015|127064|123210|123235|127060|113616|110087|127031|123171|128142|123174|123239|127104|123119|123195|118012|123248|123071|110070|118007|113639|127030|113665|113671|111004|127107|113043|113574|113643|123138|118009|127073|113049|123080|127062|113638|111014|127034|113687|127067|110077|113653|127097|128136|123117|111009|127038|127085|123113|123090|118008|118006|118043|127092|118025|113046|118040|123093|123165|113609|127084|127098|123122|127017|110085|128138|123222|123104|128134|111001|127056|113048|123245|123249|123109|113579|113660|113588|113689|118034|123128|128121|128116|113610|123155|113655|123151|118033|127046|123144|118018|113690|123124|113670|118042|110074|113618|118045|123154|118021|128108|113059|127044|123180|111011|123131|123213|110076|128135|123108|118000|123179|118005|127025|123072|118032|123228|127037|118022|113633|113624|113650|123241|118014|127089|118020|118010|128124|111012|113615|123065|123118
2025-04-01,2025-03-31,110092|127047|127061|123247|113050|110079|123198|123063|113663|113058|113065|113629|113068|113033|113042|113691|123146|118023|123243|128144|123120|127049|127075|127052|123056|128141|111019|128105|128130|113631|110093|127020|128133|127105|123221|113676|123147|113632|123204|111015|127082|123166|113052|127019|113056|127039|113637|123141|118039|113685|127028|123207|113606|123201|110094|123218|128132|127053|123161|118041|127079|113062|127043|127041|113609|123078|123178|111017|127050|113039|123187|127078|123220|113668|128131|113598|123206|123209|123230|118049|111020|113666|123107|110082|127101|111007|128117|123234|127103|128120|113628|123169|123200|123225|113677|123251|127099|127086|123160|123244|127054|127095|123246|123240|123082|113664|123217|127093|123076|127035|123089|123088|123149|127106|118038|127077|123185|113641|113654|123192|118037|123092|127040|111003|113686|123211|118004|110095|111002|113667|118013|123173|113069|118036|123183|123119|123223|127055|123224|123236|118048|123212|123052|123145|113066|123150|123242|123112|118028|128128|113683|111018|113070|113644|123087|113577|123203|113672|123215|111005|118044|128129|113661|113045|118046|113047|123189|113649|110096|123048|123132|113678|127072|123199|123133|113657|123174|113605|118003|123237|113658|127094|127018|128125|113681|123253|113651|113674|123085|110097|127026|113053|113640|123129|113656|123184|127045|123156|127027|128109|123188|127096|110075|110098|113067|123064|113051|123214|113673|123157|113688|111021|113037|118051|118050|113675|123168|113621|128127|123239|123250|113647|113692|111013|123130|118006|110090|123186|127076|127083|123176|113064|123232|123177|118030|123121|123193|123231|123054|111016|123182|127059|110081|123061|123252|123172|127070|123059|123194|113574|123233|127102|127024|123229|118035|113659|113593|118029|113648|127022|123158|110073|113584|113669|127069|113627|113682|127042|113646|127104|113680|111000|123049|113652|123175|127066|127088|113597|113054|113616|127060|123216|110086|110089|123126|128119|118031|128137|113625|123248|128142|127031|127016|113634|113679|127090|113623|127064|118011|123091|110087|127068|127107|111010|118024|123210|113636|118016|113687|118043|127080|127071|113639|127092|123142|127097|118012|123114|123235|123195|123197|123196|113043|127030|118015|113671|111004|123159|113638|128136|123117|113049|127098|118025|123071|127073|123171|123222|127034|113643|123090|123165|123080|118009|110070|110077|127067|113665|123245|123138|127084|113046|123249|111009|113653|118007|127085|111014|128134|118040|123113|127062|113689|127038|127017|113690|118033|123122|113579|113588|123093|128116|127056|128121|128138|110085|123104|113048|113660|110074|111001|118045|111011|118008|123109|113618|127046|118034|123128|123151|118021|113655|113610|123124|127044|123155|113670|118042|118018|123144|123131|123213|110076|128108|123180|123154|128135|118000|113059|123179|118005|127025|123241|127037|123228|123072|118032|113624|113633|118022|113650|111012|118010|118014|113615|118020|127089|128124|123065|123118
2025-04-11,2025-04-10,127078|127047|127061|127049|113050|110092|110079|127039|123063|113042|123247|113065|123056|128133|118023|128141|110084|123243|113691|123204|128144|113663|123198|127020|123107|113631|123221|113058|113062|127079|113632|127043|127082|113056|128117|113068|123078|123120|127053|113039|127075|123146|113052|123189|111019|123166|113637|127060|118039|123169|111017|123178|127028|113609|123207|128132|127050|127035|118041|128130|113629|113676|127105|127103|113069|113666|123161|127019|127052|110094|113648|113628|123147|111015|111007|127045|113070|123244|110093|113685|118049|123237|127095|123141|127055|113647|110082|118004|123187|123240|127099|128131|110095|123211|118028|113605|123206|127106|118038|123201|127086|111018|127040|113641|123119|123089|113066|113598|113669|123218|113664|111020|123160|113667|123200|113649|123225|113651|123234|127041|123209|123236|113668|118013|123223|113686|111002|127077|118037|113672|113584|110075|127054|123230|113053|123174|123052|123082|113682|123185|123220|113047|118043|128128|128142|110096|127076|118048|123192|123246|113658|127018|123150|128120|110098|123076|128129|123092|113683|123188|113661|123251|123149|123214|113640|128109|113656|113654|127027|113051|123184|127093|123217|113693|123048|123088|123212|118050|118006|111005|123242|113067|123112|123186|123199|113627|127072|123145|123215|123183|123248|113054|113677|127101|123239|118030|113674|113606|127094|113657|110081|118044|113688|118036|118053|123231|111021|113037|111003|127083|118003|111013|113681|113678|123253|123176|123203|110097|123173|127059|123087|123252|128127|123085|123064|123130|123133|127022|123168|128125|123129|111016|118051|123059|123235|123182|113577|127069|118035|127070|123177|127102|113675|127031|110073|127097|123157|127096|113621|113692|118029|113673|127104|123222|127026|113644|123061|113646|127024|123224|123216|123172|123249|123121|123194|123175|113689|113616|127092|123054|110086|113045|113064|128119|111000|113593|127042|118031|127084|118016|123114|110090|118052|123250|113679|118025|113687|113680|123232|113625|110087|123193|113634|123229|127071|127088|127030|123158|113659|113652|123156|123126|127064|111014|123233|127107|110089|123049|127066|123195|123210|113043|111010|113623|127038|123080|118012|113588|113597|113671|123091|123171|127080|123245|123196|123132|113690|127067|110077|118011|128137|127068|111011|128134|127073|123117|113636|113049|118009|127085|110074|113665|123142|111009|110070|123113|118033|127090|123197|127034|123159|123090|123071|127017|127098|118015|113046|123093|113639|111004|123213|118045|118007|127062|113638|123138|113655|113048|128121|123165|118024|123155|113643|113653|127056|118040|128136|113660|110085|127046|118021|118034|128116|118008|123122|127081|123151|123131|123104|111001|113618|123241|113610|123124|113670|128138|113579|123109|123128|123179|127037|127044|118018|123144|128135|118042|110076|128108|123180|127025|111012|123154|118005|113059|118000|118032|113624|113615|123072|118022|113650|118010|127089|128124|113633|118020|118014|123065|123118
2025-04-22,2025-04-21,127047|110092|127061|127049|113050|110079|127020|113065|113068|123247|113042|118023|123243|113058|128133|123056|123078|113637|113691|123063|123198|127094|127075|128141|113056|113631|113663|110084|123120|128130|127105|123161|118041|113062|127043|127082|123107|123204|123221|127079|110093|113632|123146|111017|110095|111019|127039|128144|128132|113039|123207|127078|123147|113629|118039|127028|113676|113052|127019|123178|127086|113641|113685|127052|113609|127103|113628|113606|127035|123189|127095|127101|127050|123244|111015|123187|123166|110094|123218|127099|118004|123141|123201|113069|113666|118028|123169|123206|111007|127106|128131|123240|118013|113649|123236|113066|127045|113598|110082|123251|118049|113667|113668|123237|123089|123234|113686|113664|127041|123160|113070|113605|123220|123246|127054|113584|123156|118037|123199|118006|113656|111020|110075|128128|111018|123223|110096|113651|128120|123209|123173|123225|113648|113672|113658|127055|111002|123200|127060|123119|123211|123076|123230|118029|113053|110098|123092|123149|110081|123192|123174|127027|127053|123052|118048|113647|123150|123217|127018|118038|123242|123215|123253|127108|123212|113682|127040|118050|123082|113677|113654|113657|127072|113669|113047|123088|123145|113640|123188|113693|123185|113674|123184|123183|113683|111013|111005|123214|111021|113051|118036|113681|128129|113678|111003|123112|123231|123248|118003|127093|113688|123168|113627|110097|113661|127069|123182|123254|123085|123203|123252|123087|127096|127083|123239|123177|118044|127097|118043|118051|123129|118053|128109|113067|127026|111016|113037|127059|127070|123176|113689|128127|123186|123130|127102|127022|123157|113054|123061|127104|123133|113675|118035|127031|123216|113621|110073|128142|113644|113673|123194|123059|110090|113692|127066|127042|118030|123064|113646|127077|113045|123114|128125|123054|123250|113064|123172|123224|127024|123193|111000|123222|113593|123121|123175|123235|113616|118031|111010|123233|113680|123232|123158|110086|127107|113659|123091|127084|127088|113625|123126|127092|113679|127076|123080|113634|123229|128119|123210|110089|127064|123195|127071|118025|110087|118052|127030|113043|123249|118011|113623|113652|113687|123196|111014|113671|127080|123171|113046|118012|128137|127068|113597|113588|113643|123142|127038|127085|127067|118015|118016|113665|127073|110077|113636|113639|123155|127090|127034|111009|123159|113049|111004|111011|118033|123245|127098|123090|118009|113690|123113|128134|123071|118007|127062|118045|123093|123197|113653|123117|110074|127017|123138|113638|118024|128121|118040|113655|127056|113048|118008|128116|123165|128136|123213|111001|113660|118034|110085|123122|113618|118021|113610|127046|123104|123124|123151|123131|128138|123144|113670|123109|118018|123241|113579|123128|118042|128135|127044|118000|123180|123179|110076|127037|128108|127081|118005|127025|123154|113059|123072|118032|113615|113624|111012|118022|113650|118010|127089|113633|118020|128124|118014|123065|123118
2025-05-06,2025-04-30,127047|127061|110092|123247|113050|123161|110079|127049|123243|123063|113068|123056|113042|113065|118023|113691|123198|128133|113058|127020|113056|110095|113629|113631|110093|128141|127094|113663|111019|127105|118041|123207|113062|123204|123107|127043|127079|111017|113685|127082|123221|127039|123120|127019|128132|113628|123187|113676|123178|123147|113039|110084|127028|113052|127078|113632|128130|123146|113609|127103|123156|118004|123141|123201|123200|113641|118049|123242|113066|123189|127035|123166|118013|118039|123244|123240|111015|113666|113605|111007|113649|113598|127106|127052|123089|127075|123218|123237|113668|118028|128131|127099|113667|110082|127095|110094|127041|123052|123169|113686|123160|127050|113606|123220|127045|110098|118029|113694|123173|111018|113654|123206|113664|128120|123234|127040|123246|110081|113070|123211|127086|127101|123230|113647|123188|123174|123251|127054|111020|127018|128129|123082|123209|118006|128128|110096|127055|123199|113053|113640|127096|111005|113651|123225|113069|123217|118037|123212|110097|118048|113657|123223|113672|113047|113677|113658|123092|123145|123076|123182|113689|123119|110075|127027|111003|118038|118050|113683|113682|123183|113584|118051|113669|110090|128127|123112|113648|113681|113674|123215|123231|127026|118054|113661|123214|127093|127072|127108|113621|123250|127053|127069|118003|123185|123168|127060|111016|128144|118008|123248|111002|118036|127022|111010|123203|123087|123088|123184|123192|123177|123193|127059|118055|113634|113673|113054|113627|123130|123133|113037|113067|111021|123150|123254|123253|123252|113678|113051|113656|111013|113692|123176|113693|123157|127077|118035|123233|127083|113688|123172|123059|128142|123236|127070|118053|127097|110073|127024|123216|127031|113644|123239|123255|123061|118030|123158|118043|127066|123224|127102|113045|123064|118044|113675|123129|113680|113646|127030|128109|113593|123175|110086|113064|123114|113616|128119|123186|128125|123085|123091|123121|123222|123232|123054|127084|111000|123210|127042|118011|127068|127104|127107|110089|127064|118031|113623|118025|113625|113639|123194|113046|113659|123126|110087|113652|113679|123229|123155|127088|127071|118052|123196|113043|118016|127090|118015|118012|128137|127067|127092|123171|123249|123142|123159|123195|111004|118009|123235|113671|113597|111014|127034|127073|111009|113665|113687|123071|123080|123197|127085|110077|118007|113643|118033|127038|113049|123138|113588|123113|127062|118040|127076|127017|127098|123090|123093|128134|113638|123165|118024|113653|113636|123117|111011|113048|113655|127056|123245|118045|123124|128136|113660|110074|113610|111001|123104|113618|113690|127046|128121|128116|123151|123144|118021|123213|123122|110085|118034|128138|123128|118018|113670|123241|128108|123109|123179|123131|118000|123180|110076|118005|127037|118042|127044|128135|127025|127081|123154|113059|118032|113650|113624|123072|113615|118010|118022|127089|113633|111012|128124|118020|123065|118014|123118
2025-05-13,2025-05-12,127047|110092|127061|123056|113050|113065|123243|123247|113058|127049|113042|113691|118023|110079|128133|123063|113068|127020|123198|123161|110093|113056|123204|113629|113631|128141|123207|123120|111019|113663|118041|113062|123146|110095|127079|113052|127082|127105|123178|127028|113628|127043|113039|123187|128132|113685|111017|110084|113606|127078|123201|123107|113609|113632|123141|113676|123147|123221|123156|128130|127039|127103|111015|123200|118039|123149|123246|123220|127106|118049|127019|127093|123160|113668|127052|127075|127096|111007|123189|113649|123166|118013|113641|123244|123085|123089|123169|123052|123128|127040|123206|128129|127035|118004|127099|113066|123240|113694|127095|127018|113598|127041|113664|110094|123173|128131|113686|123234|123242|113605|128120|127054|113667|110082|123237|118028|128127|113689|127101|118048|111005|111020|113677|123211|123230|113666|127045|113069|128128|111018|113647|118038|118008|123225|123188|110098|110096|118029|127094|127086|123217|113672|113640|123212|110075|118037|123183|123182|123082|113070|127050|113053|123199|123251|123119|123215|123209|113654|113656|123092|123218|113657|123185|111004|113658|113047|127027|118006|123174|113584|111016|123076|123145|123214|110081|123112|123223|127055|123168|127097|111002|113681|111003|123254|127108|123203|113621|123157|127024|113651|113683|123192|113674|127077|127069|113037|118035|118051|123193|113661|113648|127026|123130|113682|118036|127059|123184|113688|123088|110097|128142|111013|123061|118003|123150|123087|127072|123236|113634|123177|111021|113067|123253|123133|113669|110090|113627|127070|118050|128144|123233|113673|127060|123231|123059|113051|123252|127083|113643|113693|113054|113593|123155|127022|113064|127102|123172|118054|123250|113675|123224|118044|123176|113678|123064|113644|110073|123248|123239|123129|113045|123216|128125|123114|113680|113692|118053|118031|123158|123054|127031|123091|127030|123232|127042|111010|113646|113597|110086|118030|127066|123121|123175|123222|113616|111000|118025|127084|123255|118011|123126|127071|113659|118055|118043|127107|123229|127068|127064|127088|113625|127104|123194|128119|118052|123186|110089|118015|118009|123195|113623|113679|128109|123210|113652|113639|113046|127090|110087|123142|111014|123171|123196|123159|128137|113043|127073|113671|127034|111009|113665|123080|118012|123071|123249|127067|123197|118016|127092|123235|127017|110077|123113|127038|127085|123138|113049|127098|123090|123093|123165|127053|118033|118040|113610|127062|113588|118007|113638|128138|118024|127076|128136|113687|128134|113653|113636|123117|113660|113048|127056|128116|113655|111001|123144|123124|128121|111011|123245|123151|110085|123104|118034|113618|123122|127046|110074|118021|123213|118045|113670|128108|123109|113690|123179|118018|123180|110076|118005|123131|127044|118042|127037|123241|118000|123154|128135|127025|113059|113650|127081|118032|113624|123072|118022|118010|113615|113633|128124|118020|127089|111012|123065|118014|113589|123118
2025-05-21,2025-05-20,127047|127061|110092|113065|110093|113691|113050|123243|127049|123198|113042|128133|118023|123247|113058|113056|123063|113068|110079|127020|123207|113629|123204|113062|111019|113631|127075|128141|123120|113663|118041|127078|123146|127018|113052|128132|123178|113628|127082|127103|127043|123187|127028|110084|113676|123107|127019|113649|123147|128130|123156|123201|113039|127079|111017|113606|113632|127106|127105|127039|118039|123200|111015|113598|123160|123085|110095|113609|113685|123141|123236|113667|123149|127040|127052|118013|123218|113641|127035|113664|113668|118004|123128|123240|127096|123217|128129|123189|123206|127041|128127|123220|118049|113694|113689|111020|118029|111007|113066|113647|111005|123166|123244|123052|128131|127095|111018|127099|113686|123230|118028|113677|123246|128120|127054|113654|110094|113666|123237|128128|113605|118038|110096|123133|123234|123251|110082|123188|123212|123169|123225|123119|113069|127093|118008|113070|127086|127101|123199|110098|127045|123221|123082|111003|118048|113672|123214|127097|113584|123173|113656|123254|113640|113658|123089|113681|113657|123211|113053|110075|111016|123215|127050|113688|127027|110081|111002|118006|123242|123185|113692|127024|123209|113683|123168|113651|123182|113047|123145|113621|123112|123076|123250|123183|123203|123092|127094|113648|127060|123172|118044|123223|127026|123130|127108|123087|113037|123184|113682|111021|113661|128142|127059|127069|110097|123193|113669|113680|118051|118037|123088|111013|113634|123161|127072|113067|118003|113673|113674|118036|110090|113675|123233|123192|127102|123253|127083|113643|123157|113627|123231|113054|123177|123222|123059|127077|118050|123150|127070|127022|113064|123252|113678|123239|123129|123064|123061|113693|123186|127030|123175|113646|123155|123216|123224|123248|113051|118035|127055|110073|123091|118054|127042|128125|123054|123176|113593|113045|127031|123158|123232|118030|123113|111004|128109|118043|123126|111010|113616|110086|123114|113644|118009|123174|127071|118053|127107|111009|127084|127066|111000|123121|123249|127068|123255|123194|113597|113625|123229|113659|127088|123159|128144|123056|123210|118052|127064|118025|123171|113623|118031|118055|118011|127104|110087|113679|111014|110089|113652|127034|113639|123195|127090|128119|123235|123196|113043|113046|123080|113665|113588|113671|118016|123093|118012|127098|127073|127067|123142|128137|127092|118015|123071|123138|127017|123197|113653|113049|128134|127085|127038|113638|123165|127062|110077|123090|118024|113687|118040|118007|113610|127053|118033|128116|113660|128121|128136|113636|123117|113048|111001|128138|123179|127056|123124|123151|123144|111011|113618|113655|110085|118045|123104|118021|123213|127046|113670|123122|118034|123245|110074|128108|127076|113690|118018|123109|110076|123180|123131|123241|118005|127044|127037|118042|123154|123072|128135|118000|127025|113650|113059|118032|113624|118022|118010|113633|127081|113615|111012|128124|118020|123065|127089|118014|113589|123118
2025-06-03,2025-05-30,127047|110092|127061|113691|113058|123247|110093|123243|113065|123198|113068|127049|123063|128133|111019|118023|113631|123207|127020|113629|123146|113056|118041|113062|113042|127078|128130|110095|127019|123204|127043|128132|128141|113628|113649|123120|123156|127103|127082|113663|127028|127075|113676|127106|123201|123147|113052|111017|113609|113050|113632|111015|127105|127079|123178|113039|127039|127052|110084|123236|123160|123107|123149|113689|123242|127018|123085|118013|123187|123188|127040|123240|128131|113685|127094|118039|111005|128129|127095|123220|118028|118049|123206|113686|123128|113069|128120|113694|123141|113668|113667|110094|123200|123189|127099|113664|113641|123244|113647|118029|128127|113654|113606|123221|123246|127054|123234|123052|123217|123237|111007|113066|111018|118038|127041|123082|123251|110096|123199|123166|123225|123182|127045|113656|110082|128128|127024|123186|123119|113681|110075|123174|113640|127050|123230|110098|123169|127060|113688|123209|113605|127093|118008|113070|123145|123212|111020|113651|118051|127097|127096|123076|113621|127086|118044|113683|113658|113672|118048|123239|113584|128142|113666|123254|111016|127101|123173|113675|123112|123092|123161|113037|113657|123172|127026|123130|123087|118006|123214|127027|123203|111003|123223|113692|111002|123211|118004|113648|110081|123215|123133|113669|113047|123168|127059|110097|123185|127070|118050|123250|118003|118043|127069|127072|113674|113054|123193|113053|111021|113673|123061|127102|123216|113643|127108|123089|123248|123231|118035|123183|123222|127083|123088|118037|113067|123184|123177|118036|123157|123059|113693|113661|123155|111013|110090|123150|113051|123253|123175|123064|123129|127084|127022|113682|118016|111014|113680|128109|123192|113634|118054|113653|118030|123233|113593|113678|123235|123176|123126|123091|110073|123252|123232|127042|123054|123224|127077|113646|113064|113627|127031|123159|113045|127107|123114|128125|113625|118053|127071|118012|123194|118025|111004|123158|123093|111010|111000|118009|127104|110086|123056|123255|123249|118055|127030|113616|113644|127068|110089|123113|123171|113652|123229|123196|118031|118052|110087|127034|123210|113597|113623|113659|113588|123195|128119|127066|123121|113679|127092|113043|113665|127088|123071|113046|128137|118011|111009|113671|113639|127067|123080|123138|127090|127064|127098|127017|113660|123142|127073|127085|127055|127038|128138|110077|118015|113687|123165|118040|123197|128121|123090|113049|118024|113610|123213|111011|128134|113636|127062|118033|123245|113638|127053|128116|118007|123117|113618|127046|118045|123179|127056|113048|128144|123151|123124|111001|123144|127076|128136|118021|123131|113690|123241|110076|113655|110085|113670|123104|123122|118034|118018|123180|110074|127037|123109|127044|118005|118000|118042|128135|123154|113650|127025|113624|123072|118032|113059|111012|118010|118022|113615|128124|113633|127081|123065|118020|127089|118014|113589|123118
2025-06-11,2025-06-10,127047|110092|127061|123247|113058|113691|127043|123243|113065|118023|128133|127078|123198|123063|123204|113631|110093|113068|127020|111019|127049|113062|123207|123146|113629|113042|113640|128127|113056|128130|113649|123187|113609|127019|123201|113052|127075|123156|113685|128141|113663|123082|118041|123120|123147|128132|123107|127106|127105|113628|127028|127082|111017|113689|110095|113676|111015|127103|127039|110084|123160|127079|123178|111005|127052|123236|127094|128131|123166|123085|113039|123141|113632|123220|118028|118039|123206|113668|123188|123149|110094|127095|118049|128120|113686|123240|111007|118013|127040|123242|123200|123234|123225|113694|127086|123246|127054|113656|123128|123169|127099|111018|113664|127045|113647|123244|113667|113658|123129|113654|123251|123119|123189|113681|113606|123237|123211|118029|113641|118038|123145|113069|123212|127041|123199|128129|128128|110098|110082|113688|123217|127050|127093|127070|123076|123209|113070|127060|111020|123092|123230|113037|113066|110096|127018|113683|113672|123172|113605|123185|128142|113651|118051|123182|113648|123174|110075|118048|113657|123112|123161|123087|123130|118044|127097|127026|113674|113677|113692|127101|123168|127027|123239|123203|123173|111003|118035|123215|111002|118008|113675|111016|123133|110097|113666|113621|111021|123089|127059|113661|118004|123254|118012|123223|118006|123177|127072|123221|123250|118050|127096|123214|123193|113047|123088|118003|127077|123183|123061|127042|127069|113643|111013|113053|113669|113067|123253|113054|127083|123216|123150|123231|123059|127108|123056|127102|123159|123192|118036|123126|113051|123157|123064|110081|123194|127024|118043|118037|113625|123091|118054|113680|110073|127022|123176|113593|113693|113678|110090|123054|123224|123158|123252|123232|113673|113646|127084|123175|113682|123233|123113|113064|113627|113653|128125|123222|123229|113045|118053|123171|127107|123186|127068|123248|127031|127071|113634|123255|123114|118030|111000|127104|118031|123210|110089|111014|113616|123249|113644|111010|118009|123195|118016|110086|127030|118055|123196|127088|111004|111009|113652|113597|110087|113046|118025|123155|127034|113659|113636|113665|123235|113623|113043|128138|123184|118052|127066|127092|113679|118011|113639|113671|123121|128119|128137|123071|127055|113588|127067|123138|113618|127064|123142|127073|127085|127098|110076|127090|127038|128116|110077|123197|113660|118040|123090|128121|123165|118024|123245|127062|118015|111001|118007|113687|123080|113610|113049|123213|113638|128134|118033|123117|127046|123093|113048|127053|111011|123179|128136|127056|123144|123151|113690|113670|123124|118045|118021|123104|123122|110085|118018|128144|113655|123131|127076|123241|123180|118034|110074|118005|123109|127044|127037|118000|113650|123154|128135|118042|123072|113624|118032|127081|127025|113059|118022|118010|128124|111012|113615|113633|127089|118020|123065|118014|113589|123118
2025-06-23,2025-06-20,123128|110092|127061|127047|113058|113691|113065|127043|113062|113042|113068|113629|118023|113628|110093|123198|123247|111019|113056|128130|113631|123146|110095|127020|123207|127079|123120|113052|123156|113663|123243|123082|113609|123063|118028|127075|127078|127019|127049|128133|127105|123085|118041|123147|113649|127028|127082|123141|128131|111017|113676|123160|113640|127106|128141|128132|110084|123166|113641|113606|123107|113632|123076|118013|113685|123201|123187|127086|113039|127094|127040|123188|113668|123149|123200|110094|123236|127052|111015|123225|123178|111007|111005|113686|123169|123206|123242|127095|118049|113069|123220|127103|113681|128129|118039|113667|113689|123244|123246|113694|123251|127039|123092|123240|127099|110096|123174|123209|113656|123234|113664|123237|113688|127096|127054|123217|123239|128120|123212|113037|127041|127050|128127|113658|113672|127045|111018|127070|123145|111020|123119|123186|118038|110098|128128|127026|118051|118029|127093|113654|110082|113651|113070|123199|113605|127084|113677|113683|123230|113647|123182|113066|123185|127101|113674|123087|123189|110075|123129|123168|123112|118014|127027|118048|118050|123215|128142|123155|127077|123203|123130|123193|123221|111002|113666|113692|113657|113621|113661|111016|118035|113675|111003|123172|110081|123214|123089|113669|118008|118043|118037|118003|113648|113054|127097|127018|110097|123231|127072|123223|127069|113067|123177|123248|123133|123252|123211|118054|111021|123183|123158|123192|123173|113678|127059|123161|118044|123196|123061|123250|113053|110090|127083|123157|123088|118012|123224|113051|123059|111013|123253|127060|123254|123216|123176|123232|123150|127108|118006|123175|113693|118016|123194|118036|113045|110073|127022|127102|123222|123249|127071|127042|118030|123159|127104|123126|127107|123091|127031|127024|113064|123064|113047|113673|113643|123113|123114|113646|113593|118004|123235|123195|113625|123255|118055|127068|118053|111000|123233|123197|123056|118031|110089|113680|113616|113634|113627|123229|113682|123210|113644|128125|123093|113639|127066|127064|127055|127030|111010|118025|123171|110087|113652|110086|127092|127088|113659|123071|118011|128121|127034|113046|113618|128137|118052|111004|111014|113623|111009|113679|123142|127067|113653|113671|128119|113687|118009|110077|123080|123121|123138|113597|113665|123245|127038|127085|118024|113043|127090|127073|128138|123090|118015|123165|113048|113636|118040|111011|127053|118045|128136|127098|113660|127076|123124|118007|127062|118033|113690|113049|123213|123131|111001|118021|127056|110076|113610|113638|127046|128116|123117|128144|123144|128134|123151|113670|123179|110074|123122|123241|110085|123104|118018|113655|123180|118034|127037|118005|123109|127044|118000|118042|127081|113650|128135|118032|123154|113624|127025|111012|118022|113059|123072|123256|118010|113615|113633|128124|118020|127089|123065|113589|123118
2025-07-01,2025-06-30,110092|127061|127047|113691|113065|110093|113058|113068|113062|113042|113631|123198|123207|123247|123146|118023|123156|123128|118028|113052|123120|113056|111019|127075|127020|128130|110095|123243|113649|127019|127105|123063|123082|127106|127028|128133|127049|123147|127082|123085|113628|113663|128132|128141|111015|123141|123183|113632|123107|127078|123149|123160|113641|123236|123178|113676|123166|128131|118041|110084|111017|113685|111005|113039|113606|127040|113686|113629|127052|123076|113681|110094|113609|123225|113668|123246|123240|127103|111007|127039|123206|127086|118044|123244|113694|123242|123220|113640|123200|123169|113656|118008|118039|113688|118013|127095|128120|123234|123201|123188|123145|127094|123217|127099|123119|127054|123212|113664|110098|113069|111018|123182|127093|118049|128129|128127|123230|123251|113658|113689|127045|123092|113654|127026|123185|123186|123193|110096|127041|123237|113037|127079|111020|127096|123130|113672|118014|123187|123189|123168|118038|127050|118051|113667|128128|123209|113674|118029|123214|123199|113651|113605|123215|123112|123239|113683|128142|123087|127027|110082|127101|123173|113647|127070|113070|110075|123174|123172|110081|113621|118037|127059|123203|113692|113066|123196|123061|113657|111002|118048|113675|123221|118012|113661|123089|123133|118035|111016|123088|127084|123126|113053|111003|118006|118003|123192|123155|127071|127077|127069|111021|123254|123231|113666|113067|113051|123129|123059|110097|123159|111013|123150|127072|110090|123232|118054|123223|113677|127024|113648|110073|123157|123252|123224|113054|127102|123158|118036|118050|113678|113646|127083|123177|127060|123176|127108|123253|123064|113643|113693|127097|127042|123091|123175|118043|118004|113625|113593|113045|127031|123114|113064|123233|123216|123250|118016|127022|118055|113639|127107|123194|113669|113673|123161|123248|123211|123195|113680|123113|111000|113047|113627|123229|113682|123255|118053|123071|123197|113634|127068|110086|110089|123249|128125|113644|123142|113616|123171|118011|127034|127088|127064|127104|113046|110087|111010|127066|123210|127030|118052|111004|123222|113659|118025|113652|118030|113618|118031|128137|127055|123138|113671|111009|111014|113597|113679|118009|127092|123121|113623|113653|128119|127073|123090|127098|113665|118015|127067|118024|113043|113636|118040|127090|128138|128121|127038|127085|110077|123165|113610|123235|127062|113048|128136|123080|118033|123124|111001|113660|113049|127056|127053|113687|123117|118007|110076|113638|123104|123144|118045|123151|118021|127076|127046|128134|113670|123122|123245|128144|123179|113690|118018|123213|110085|123131|123180|118000|110074|113655|118005|118034|123109|127044|127037|118032|118042|127081|113650|123154|113624|123241|118022|128135|113059|127025|123072|118010|123256|111012|113633|128124|123065|127089|113615|123118
2025-07-11,2025-07-10,127061|127047|118023|113058|113042|113062|123156|113691|123082|113631|113052|110093|123198|123141|123207|113068|113056|110092|110095|123120|123063|123236|127020|128141|123247|123146|113649|127019|118041|113657|113656|128133|111013|128130|111015|127028|128132|128131|123147|127078|123085|123178|127082|113632|111005|127105|113676|127075|113606|123200|127070|111019|123128|113628|127052|123160|111017|127103|113685|113641|113663|127049|123166|123149|113681|127040|110084|123169|123107|113039|111007|113686|123119|123246|128129|123201|123206|113668|110094|118039|123243|127096|113640|113037|123240|128120|127095|127094|113047|123239|123145|123220|118049|123076|123237|127086|127039|127099|123242|128127|127026|113605|113664|118008|127054|127079|123217|123189|113694|123234|110098|123251|118051|110096|123221|113609|123225|123244|127101|111018|123188|123129|127093|123209|128128|113688|123248|123199|123183|127045|123230|113667|113069|127027|110082|123092|123187|123212|113661|113651|123185|113689|111016|127050|111020|123087|127041|123112|113647|123130|123091|118048|113070|118044|113654|113672|113683|123182|113658|123168|123177|113064|113051|118014|123173|113674|113692|123193|123214|123203|123215|118038|113053|110075|123172|113066|113043|127059|118029|111002|118012|110081|118037|118006|123232|113621|123059|123061|127077|118003|123089|113677|123223|113067|123192|110097|127072|113666|127042|111003|127060|111021|113678|127097|127108|113618|110073|127102|123126|113693|123088|118016|128142|113643|113646|123196|118050|110090|127083|127069|123254|123133|123224|123231|123175|123250|127109|123253|118013|113054|118035|118056|113675|113648|118036|123064|123211|123157|123150|123252|123159|123216|127071|113639|113593|123176|123194|118054|123155|123233|127022|113625|118043|113680|118004|123158|127031|113045|123114|111001|127088|127084|127024|113627|113682|110086|113673|118053|110089|123195|123257|128125|127104|127107|123161|123255|118055|111000|127064|113634|123229|123071|118011|123171|127030|110087|123249|127055|127034|123121|127068|118025|113644|118030|118031|113046|127092|113623|123197|123113|128137|113659|118052|113616|127098|113652|111004|123142|123222|111010|127066|113679|111009|113671|118009|123210|123138|111014|113610|113048|113665|113597|113653|128119|123090|127073|123165|127062|127085|123235|110077|127038|127067|113636|118040|128136|128138|127090|128121|110076|118015|113687|118024|113669|118033|127056|123117|113049|110085|123080|127076|113660|113638|118045|123151|123144|128134|123213|113695|123245|123124|118007|113690|113670|118021|127046|123104|127053|123180|118018|123179|127081|123131|118000|128144|123122|113655|118034|110074|118005|113624|123109|127044|127037|123241|113059|113650|118042|123154|127025|128135|118032|123065|118022|111012|123072|118010|128124|113633|123256|127089|113615|123118
2025-07-22,2025-07-21,127047|113058|113042|127061|113062|113631|123247|113052|110093|113691|123063|123198|123207|128130|123236|128133|113056|128132|123120|111019|123160|128141|127052|113068|127028|113628|111015|123146|127082|123147|127105|127077|123107|113681|123178|111005|113656|113676|113649|128131|127078|110095|118041|118039|123166|113641|113632|113606|113685|113663|123085|123220|110092|123149|113039|111017|123246|113064|127086|127075|123128|113657|110094|113047|127049|123243|123169|127040|111007|128127|123177|123141|110084|127070|123200|123119|127101|127045|128129|113686|123206|127095|123240|118014|127096|113668|127103|118029|118049|127039|113664|123201|123251|123244|123237|113640|127099|111018|110096|113688|123145|113694|123234|127054|113037|127026|113605|110098|118008|123189|127093|123212|123225|127027|111016|113689|123217|113667|123076|123199|118051|127050|123182|113658|128128|110082|123230|111013|123203|118006|123188|123242|113070|111020|113654|123087|123173|113069|113674|113672|123215|118044|123185|123130|123092|127079|123183|123112|113647|110081|123193|113683|113043|113692|113066|113051|113053|123172|110075|118038|123214|113661|123168|123221|113666|118003|127102|118012|118037|123091|123089|111003|111002|113621|127059|123231|113646|118048|123223|110097|123250|111021|123129|123253|113067|128142|127072|127108|123133|123088|123061|113618|113675|123224|127097|127069|123126|123187|123254|127042|123150|110073|123232|118007|123239|113648|113651|123155|123064|113046|118035|127083|127060|110090|113643|118057|123216|123192|118036|123159|113625|123175|113693|123252|110089|127071|123176|127024|113597|123233|113054|123194|127031|118043|113678|123157|123114|123195|123196|113677|127109|123211|110086|118009|127022|123158|127094|113665|118054|113045|113680|123161|113627|111000|127088|118013|113644|127055|127064|127030|113673|113639|118056|113623|127068|123257|118055|118050|118011|118053|123210|127107|123255|127104|123071|127034|128137|127084|123142|123171|110087|113634|118016|111022|128125|118052|111004|113682|123229|123121|123113|113659|118040|127066|123197|123156|123138|111010|113616|118030|118025|111009|113671|113679|118031|111014|113652|127092|127073|123249|123165|127098|113048|111001|127062|113610|123222|113653|113636|128138|127090|127038|123090|113695|118015|128136|127085|123209|110076|127067|127056|118024|113049|110077|123117|118033|113660|110085|128134|113638|123144|123151|123124|113687|127076|118045|123080|123213|123104|123245|113670|127046|123180|113669|123235|118018|123122|118021|128144|123109|118004|123179|113655|118000|127081|113690|123131|127044|118005|127025|118034|110074|113650|113624|127053|123256|118032|113059|123154|118042|128135|113633|118010|127037|118022|123241|123072|128124|111012|123065|127089|113615|123118
2025-07-31,2025-07-30,127047|113058|123247|113062|113042|128130|113068|123141|113631|113641|123087|127061|123198|123207|110093|113052|127077|128132|113606|123107|113056|113663|128131|123166|128141|127105|111019|123147|113691|127082|127070|113632|127052|111015|127078|123178|113656|123146|113628|127028|113681|113685|123120|123119|113047|113649|127049|123236|123149|127075|123128|118039|127089|111017|113676|123220|127086|127040|123206|123085|123203|128129|127045|111007|110095|123243|110094|123240|113657|118041|127095|110092|110084|113686|128127|113039|123251|123169|123130|113605|123237|118029|118014|118008|127096|123246|110082|113070|113664|123217|123244|127103|123200|113688|111018|113668|118006|123242|127054|127099|113661|127039|111016|127050|113658|127026|123199|123212|123145|123234|111005|110098|113667|123215|123230|113640|123225|113694|123189|128128|127027|113689|110081|113672|127094|123092|123173|113051|111020|123076|113064|113069|123193|123185|123160|110075|123188|118038|128133|113043|123201|111013|113654|127101|123112|123231|118003|118044|113647|123183|127093|113666|113646|127102|113692|123089|113053|111002|123172|110089|113674|110090|110097|118036|113067|118007|127059|123214|127110|123168|127069|111021|127108|123182|113683|123091|123223|111003|123088|127097|128137|123064|118040|113597|110096|123175|123129|118049|118037|118051|118012|123187|113665|123224|123250|123133|127083|113066|118035|127034|113643|123254|123159|123192|123232|123253|123221|123155|113045|118048|128142|113618|113648|123150|123126|123239|127042|127031|123216|123177|127024|113621|127079|127072|123233|123252|127060|113054|113693|113623|123176|123157|123158|113639|123194|123114|118011|113046|127088|113678|127022|127064|127071|118057|118009|127107|123195|123211|113696|113677|123161|127030|111000|113675|113627|113680|113673|110086|123196|111023|123121|123255|118052|123171|113634|118055|118054|118016|111010|118043|118053|118013|123197|123151|127055|123229|123210|113682|113625|113644|128125|127084|113659|123113|123142|127104|118056|123071|111009|113652|127085|113610|127109|111004|111022|110087|113616|113671|127066|123138|123257|127068|111014|123222|118050|127073|127092|127038|118030|118025|113653|113679|127062|123165|113048|113636|123249|127098|127067|118015|128138|113651|127090|123209|127056|118031|111001|113695|110076|118033|123117|110077|128136|118024|110085|113638|123090|123124|128134|113660|113049|113687|123104|123144|127076|118018|123213|123245|118045|113670|123235|123122|123080|113650|127046|118000|118021|128144|123180|123109|123131|123179|113690|113624|127044|127053|123256|113633|113655|118005|118032|118034|123154|127081|127025|113669|118004|113059|110074|128135|118042|118010|118022|123072|127037|111012|123241|123065|113615|123118
2025-08-12,2025-08-11,127047|128130|113062|123206|113058|113042|123207|128131|113631|123198|113632|127061|113052|123145|128127|110093|113641|113663|113056|128141|123247|127082|127052|111007|113656|111015|118041|123107|123147|111019|127105|123119|123146|113628|113676|123149|123220|123166|127078|123178|128133|127077|118039|123246|127028|113685|113649|127040|127049|127070|123169|113681|110082|127075|127086|111017|127026|110095|123085|113691|127089|110084|127045|128129|127095|118008|123130|113039|123240|110094|113070|118029|113605|113688|123243|113686|127103|113047|113657|123215|123128|123217|123234|123225|113668|111020|123244|123189|123236|127039|127054|118006|110098|127099|123251|113051|123212|123237|110092|123199|127027|113658|118044|110097|113661|123230|111018|123173|123193|123076|113667|123092|113640|127094|113647|127050|123233|110075|113694|113045|123112|113672|128128|113043|118038|123187|123185|111016|123242|123183|113654|113646|113067|111013|123172|128137|127096|123091|111002|123194|113053|123223|118037|118003|123168|123203|127059|118014|123126|127093|110081|127069|113666|128142|118036|113683|123121|118007|123064|127102|123214|127097|123160|111021|118040|123088|123089|123182|111003|123150|113674|127024|123201|123253|123133|113692|123159|110090|123129|123224|123158|127042|127108|127083|127060|123188|113621|113066|123254|118009|113054|113689|123252|113618|123192|123171|118011|110089|118051|113643|118035|113693|127072|113069|123175|113678|113675|123114|113677|110096|118048|127107|113680|123157|123176|123211|127088|123155|123216|127064|113648|127071|111004|113665|127110|123177|113046|113623|111005|123250|113664|113639|127031|123239|111000|118016|113627|118012|127034|123232|127055|127022|110086|123142|123196|113673|118052|123229|118053|113634|113610|123195|111010|123113|113625|123071|127079|113644|111009|113696|118025|113653|123200|123197|123255|123221|127066|123210|113606|113659|110087|127085|127073|127030|113682|127090|118049|111022|118056|123138|113652|113671|128138|128132|127109|127068|118055|111023|123161|118013|118050|118054|123222|113616|118024|111014|127038|127104|123151|113679|127062|127084|113636|127098|123165|118015|123249|113048|113695|118043|127067|128136|118033|111001|118031|118030|118057|113638|123124|127056|127092|113651|113049|123117|110077|123090|113660|110085|118018|123257|128134|110076|123144|113670|123104|123213|123122|123209|123080|123180|113687|127046|123235|118045|127076|113633|123109|113650|118000|118021|118032|123245|113624|123256|127044|113690|123179|123131|128144|113669|118005|118010|127025|127053|118034|123154|110074|118042|128135|113655|113059|127081|118022|123072|118004|123065|127037|111012|123241|113615|123118
2025-08-21,2025-08-20,128130|113062|123198|127047|113641|123130|127061|113046|113042|128127|123207|113632|113052|113631|118031|110093|123169|127089|123146|123247|127086|123166|113056|123149|123107|127105|123147|127082|113656|127077|113691|128129|127078|111015|113058|113685|110095|113676|128141|127049|118039|113657|123178|127045|127040|113628|127075|123085|111007|123240|113649|123236|127028|123220|123128|128132|123119|128131|127052|111017|127095|123243|113070|111019|127070|110084|113658|110094|123234|118041|127026|110082|127039|118008|118029|123217|123212|110075|113047|123193|111016|127054|123233|123225|128128|123242|113051|113605|123189|113039|123215|113640|113654|123230|113668|113688|113661|127027|118038|123168|127094|118006|113686|127103|123199|123076|118044|113672|127099|110098|111020|110092|123092|123173|128137|113666|113647|123232|123185|123091|123159|118037|110081|123194|118036|113053|127050|123183|123112|127093|123187|127069|113694|111013|110090|113045|118007|123133|123088|111004|111021|111018|123089|127096|123254|113623|128142|111002|123214|113067|127071|118003|113678|118035|127024|123200|123252|113667|123251|123126|127083|123201|127107|123172|127059|113043|123182|123223|113621|123224|123158|113663|123155|113692|123121|110089|127097|111003|123150|113066|127042|118025|127108|118009|113689|113683|113675|127102|123171|123064|113674|123129|123246|127064|123192|127072|113643|113054|123244|123177|113693|123157|118011|113648|127031|127088|123175|123250|113639|123114|113673|127110|123253|111005|113680|123216|127060|127066|123176|111000|123221|111010|113634|123188|127022|123113|127055|118016|123196|113665|110086|113627|118024|113618|123195|118040|123160|127034|123203|123239|113644|113610|123229|113659|123142|127085|118051|111009|118052|127038|123197|118048|113625|123071|113616|111014|113653|110096|123165|123237|113682|123211|127090|123138|127079|118053|110097|127068|123161|113696|127073|123210|127030|118050|113048|123255|118015|118033|128136|113652|127104|128138|118012|111001|113671|127098|113679|111023|118055|113636|123124|127062|113069|127084|111022|123151|113049|118054|118049|127109|127067|113695|118013|118056|110076|110087|113677|118030|123122|123222|113651|127056|118043|113638|118057|123249|123090|127044|113660|123117|110085|110077|128134|123257|113664|123213|123104|118018|123144|113670|127092|118000|123209|127046|123256|113669|113633|123180|123080|118045|123235|123109|118005|123245|113650|127076|123179|118032|118042|113687|113624|128144|123154|118034|127025|118021|123131|127053|128135|118010|118022|113059|113690|113655|118004|123072|127081|123065|111012|127037|113615|123241|123118
2025-09-11,2025-09-10,127047|113062|123198|123166|127061|127086|110093|123207|118031|127089|113631|128141|113042|123107|123146|113685|111015|113681|113058|127105|127040|113657|123089|127078|113676|111019|113052|110095|123085|113632|113056|127028|127049|127097|113628|118029|113656|127075|111017|118039|113658|123194|127039|123212|118041|113047|123149|123128|123185|110094|123243|123189|127082|123217|127045|113661|113686|127070|127095|110084|123240|128137|127026|113649|113046|111004|123178|113640|113655|123215|110075|123159|113691|113051|111018|113605|123225|113070|110082|123119|123221|118008|113675|123234|123133|127093|113053|118007|127050|113045|127054|123254|127094|110081|127069|113654|123092|127073|110092|118044|113694|127099|118003|123183|127027|123199|110098|123230|123187|113623|123233|113688|123201|110090|113672|118038|123158|118037|123076|111016|113667|111013|111020|128142|127072|123091|113043|113678|123220|123160|123223|123242|123236|123168|123173|113621|118009|123126|123193|118024|113668|113647|127103|113689|123088|113666|123112|118040|111002|113683|111003|118006|113692|110089|127024|113646|123237|111021|111005|118036|127108|113067|127083|113066|123224|123150|123214|123157|113648|123177|113674|118035|127102|123121|110087|127022|123251|123129|123203|127110|127064|127066|113054|127034|113693|123239|127059|123175|111000|123246|113680|123252|127088|118025|127042|123182|127031|118011|128136|113639|123195|127071|123172|118016|113618|113610|118052|123171|123253|123176|110097|127060|111009|127030|123192|127096|123124|113663|113643|113673|123113|113671|118012|127111|113682|118050|123250|123196|110086|127084|123216|123247|113616|123071|123211|118053|111010|113696|111014|113665|113679|113634|113625|113048|123114|123080|123229|118055|123188|127079|111023|111022|123155|113627|118054|123210|113644|123197|127068|123255|128138|123165|127104|118049|118048|118051|123142|113652|111001|110076|113677|123249|127044|127038|118057|123138|113659|118056|123222|123213|113069|118013|127098|118000|127085|113636|113049|127090|118043|127109|113695|113653|127067|110096|113651|118030|127062|118015|127055|110085|118033|127056|110077|123258|123151|123117|113698|123209|123257|123090|128134|113638|113660|118045|113690|127092|113633|123256|118005|113670|123245|123144|127046|123122|127076|118018|123235|123180|118042|118022|123104|123179|113687|128144|118032|118004|118058|113650|127053|123131|123109|118021|113059|118034|127025|113624|118010|128135|123154|123072|111012|127081|127037|123241|113615|123118
2025-09-23,2025-09-22,123166|127047|127061|113062|110093|113631|123146|123198|113657|113042|128141|113685|110081|113058|123107|127089|113676|127040|113656|113681|113628|118031|111017|111004|123243|127105|111019|113686|127078|113632|111015|127075|127045|118039|118041|123212|110095|113052|113658|123085|110092|127028|127082|123149|127039|127086|110094|113051|123240|127049|113046|113056|118029|127070|113649|113047|113045|123128|123189|127026|110084|113691|113661|111000|123178|123217|113640|128137|123194|110082|110098|123201|123119|113605|123234|123092|127073|127027|113655|127095|118007|118008|113053|110075|110090|123183|123230|127094|123221|123225|113654|111018|113623|113689|123215|127099|113694|127054|113070|123076|127050|123133|123185|123220|113688|113675|111020|123158|123199|113043|118037|123091|123187|111013|118044|123168|118038|123233|127093|111005|127069|123193|113678|113692|118003|118024|127066|118036|127072|123254|123242|123160|123223|128142|113671|127083|123173|118040|111003|113067|127024|110089|123236|123121|123112|111021|113639|113672|118035|127103|111002|111016|123088|118006|123175|113674|113667|113666|123126|110087|127102|113647|123177|123157|127108|123129|118009|118016|123214|123150|123224|123195|118012|113646|113648|127059|123182|110097|118025|113680|127064|118011|127110|111010|113066|127022|127084|123246|127071|123251|123252|127096|123237|113693|127044|113683|113616|123239|123253|118052|118000|113673|113621|127031|113054|127111|127042|113663|123203|113618|123216|113643|113610|127034|127088|123113|128136|113682|123080|123172|123171|123071|123247|123192|110086|113625|113644|127030|123176|113696|111009|123124|127060|123250|113627|123196|123114|118053|123142|128138|123229|118055|113634|123210|127104|111023|123188|123255|123165|127109|111022|113665|127038|123197|113679|113049|118050|113698|127090|113659|118054|127068|111014|123249|123159|127067|113652|118015|113695|118057|123138|113677|123211|118033|123213|111001|123155|113048|113069|127085|110076|113653|127098|113636|127079|110077|127056|118051|127055|127062|123222|118049|118013|118056|110096|113633|110085|123151|123117|123257|113651|118005|123209|127076|113660|113638|123090|118048|123122|118045|118030|123258|118042|128144|128134|113670|127046|127092|127053|118018|118043|123245|123180|118004|123144|123256|118022|118032|123104|118058|123109|113687|123179|113650|118021|123235|113059|127025|123131|123072|123154|118034|113624|128135|118010|127081|111012|127037|123241|113615|123118
2025-10-09,2025-09-30,127061|113628|127047|113062|110093|123243|118031|123198|127089|113631|113042|128141|113685|113686|113691|127078|123107|113676|127040|113681|127105|113058|113632|127086|111017|110081|113052|127075|113656|110092|111015|127073|111019|123212|113649|111004|118039|127049|127028|113689|123149|123240|113658|113051|123085|127039|123128|111000|110095|113661|127045|113056|113045|118029|127082|123201|110090|123092|127027|127070|110084|113657|123119|128137|127026|113070|123178|118041|123194|110075|110094|113640|110082|123234|113053|123230|110098|113047|113671|123189|113694|113623|113605|113046|127095|113655|111018|118007|118008|123225|113654|123183|123187|127050|113043|113688|118038|127099|123133|111010|113653|118003|127054|123220|127094|111013|123076|123185|118037|127103|113067|118024|123221|123160|123215|111020|118035|127069|118000|123199|110089|113678|113692|127072|118036|127024|123158|118006|123091|123112|118044|123173|123193|123233|128142|123223|123242|123236|127084|127093|113680|111021|113666|113674|113639|128136|123177|111005|127102|127083|113683|111003|113646|123195|111002|110087|118016|123175|123121|123157|123088|118040|118009|113667|113066|123168|127066|113647|123126|127108|127059|123150|123246|113621|118011|111016|118025|113672|123224|127022|113616|113648|127110|127064|113054|123214|123129|127044|113048|123203|127071|110097|123239|127042|123124|127096|127031|127034|113693|123071|123080|123171|123182|113673|118053|123251|110086|123237|123197|123252|127038|127088|123253|113610|113625|127055|127030|123216|113682|123113|118052|123165|113618|123172|113696|113634|123247|123254|128138|123229|113643|123114|113663|113698|123250|123192|113679|127068|127060|123196|113644|118033|127111|113627|123176|111009|123142|111023|113665|118012|113659|127067|127104|123210|113652|113695|123207|127090|113049|118015|111022|123155|127056|123138|127109|111014|123255|118005|118055|123213|123159|113636|113069|127098|123188|111001|127085|110077|127079|110085|118004|113677|118057|127062|123249|113633|110076|118045|118051|123211|123209|123257|123151|118050|113651|123222|118054|118056|128134|123090|123122|118013|118042|123117|118048|110096|113638|127076|113660|123258|127046|113670|128144|127092|118022|123245|118032|127053|123180|123144|118018|118049|123104|118043|118030|118058|123235|123256|123109|118021|113650|127025|123179|123131|113059|113687|118034|118010|123154|123072|113624|128135|127081|111012|127037|123241|113615|123118
2025-10-13,2025-10-10,127061|113628|113685|127047|113062|118031|113686|127089|113691|123243|113631|123198|113042|110093|113689|127040|128141|123107|113058|111017|113681|113676|127078|127049|127105|113051|123240|123128|113656|113632|127075|123212|111019|118039|113047|110092|127028|123085|111015|113053|110095|113052|127086|113661|113649|113658|111000|127027|113623|118041|127073|127082|110084|113657|113045|118029|127039|113070|123119|127070|127045|123092|128137|127026|123149|123178|110082|110090|113640|123234|113056|110075|110098|113046|118007|123189|123230|110094|113655|123133|110089|127095|113654|113605|123194|127050|113678|113694|123225|123185|123201|127103|113688|118038|123183|123187|127054|123076|127094|123220|113653|111018|127099|123215|111004|111013|113671|113067|123160|118008|118035|123158|118037|123221|118003|127069|111010|118044|111005|127072|127024|113043|123233|123091|128142|123223|123199|111020|118024|118036|113692|127083|123112|118006|123193|118000|113680|123177|127093|123236|113666|127102|123173|127108|123242|123146|110087|127084|113639|123088|111021|123071|111003|113683|123195|118009|113672|113673|128136|123168|113674|127066|123157|127022|111002|113066|118016|123126|123214|127059|113646|123150|113647|127110|113621|123121|110086|113048|123224|110097|111016|118040|123124|113667|127042|123246|118011|123239|123203|123129|113054|118053|113648|127031|127064|127096|123251|127071|127034|113693|113616|127044|123080|123182|113625|123175|123171|118025|123252|123253|123237|123197|127088|123216|127030|113618|113610|123247|123254|127055|118033|113698|123113|118012|113682|123165|123114|113634|113643|123172|123229|127038|127111|123176|123192|118052|113663|113679|113652|123250|113644|127060|113627|127067|113696|123196|127068|128138|111009|127104|123210|123142|113659|111023|113665|123207|127056|113695|123159|123155|111022|113049|111014|127090|123138|113636|123213|127079|118055|127109|118045|111001|123211|127085|113677|118015|118057|123255|127062|127098|118004|110077|123249|118051|113069|123188|110085|123209|123222|118056|123151|110076|123257|113633|118050|118054|113651|118013|118005|123090|118048|123117|113660|123122|113638|110096|118032|127092|118042|127046|127076|113670|123235|123245|123258|118049|123109|123180|118043|123144|128144|118018|118022|123104|123256|118021|118030|127053|113650|123131|127025|118058|123179|118034|113059|113687|118010|123072|123154|128135|113624|127081|111012|127037|123241|113615|123118
2025-10-21,2025-10-20,110093|127078|127061|118031|123146|113062|123128|113042|127089|127047|123198|110081|113058|113047|113056|113691|113681|113631|128141|113676|123092|110095|127040|123107|113632|113053|111019|111017|113051|127105|113656|123240|118039|127070|127028|110084|111015|118041|127082|113621|123149|127073|113649|123212|123085|111005|127039|113658|111000|113052|113605|118024|127045|118029|127049|110092|113046|127027|113657|128137|110094|127075|123119|123234|110090|113671|110098|123243|123178|113661|113045|113070|113640|123225|118007|127026|113654|110082|123233|123187|113686|127095|113694|123189|123230|118000|123221|123220|111018|113688|127094|123185|123133|113653|113655|111013|127103|127054|118044|127099|113678|123215|123194|123239|113067|111010|123160|123076|123199|127050|118038|123242|123158|113623|111020|113043|123254|127093|113066|111004|113665|111016|128136|118035|123177|123223|113673|118037|110087|123173|118036|113624|113683|123236|123183|110086|123091|118008|110089|118003|123246|123112|127055|128142|127110|123088|127024|113667|127069|123224|118016|113692|123193|118009|113663|113672|113674|113639|111021|127066|127072|123203|127083|113680|127102|123157|111003|123214|123168|118006|123247|111002|127042|127059|113666|123126|123237|127108|123195|123129|113647|113646|123171|110097|118025|118053|123251|123121|127044|127071|127096|113693|113054|123150|127031|127034|123253|118040|113048|118011|113610|113698|127084|127064|123071|113652|123216|113682|123124|123080|118012|123175|123252|113618|123159|123182|127111|123207|123192|123176|127088|127104|113648|123229|123172|113634|123114|113616|127079|127038|128138|123196|111023|113643|113696|123211|113679|123113|123197|113695|123210|127060|113677|123165|118052|111009|113069|118004|111022|123155|127068|123255|113625|113627|118033|127109|127030|123250|113659|123213|123142|123249|118013|113651|118055|127067|113644|127056|118050|118054|118051|113636|123138|123188|111014|118057|127090|118048|127085|127062|110085|113049|118049|123209|118056|111001|123222|118045|110077|127098|118015|123257|123151|123235|123245|118043|127092|123090|110076|113660|127046|123117|118030|113633|110096|118005|123258|113638|113670|127076|128144|123131|123180|123256|123122|127053|123144|118021|118032|118042|113687|118018|118022|123109|123104|118058|113650|123179|127025|118034|113059|128135|118010|123072|127081|123154|111012|127037|123241|113615|123118
2025-10-31,2025-10-30,127078|118031|113047|127061|110081|113671|113621|113045|127089|113062|127047|113042|113056|113631|110092|110093|113053|123198|110095|113681|128141|113691|118024|123240|123212|127040|111017|118039|113632|123107|113676|127073|127028|127105|113656|127082|113649|127039|123092|111015|123085|127049|113051|111019|123239|118029|123128|123149|113052|110084|128137|123119|123234|118041|118000|111000|113653|127075|123221|113640|113658|127027|127026|118007|113623|110090|127045|127095|113657|123146|110082|113070|113661|123243|110098|123178|123194|127099|113694|111010|113686|113046|123230|123225|123189|123160|123185|123220|113058|113654|127094|123236|127054|118044|111018|123233|113678|111004|113655|123199|123187|127050|111013|110094|123173|123224|123215|123177|123076|127093|118038|123112|123158|128136|118003|123246|113624|113683|127103|123223|113688|123237|113067|127055|110097|123091|123124|111020|110089|123133|128142|118008|127069|113043|118037|118016|113672|123183|113680|111016|118036|123088|127024|123157|118006|110087|123242|113665|113673|118009|111002|110086|118035|111021|127108|113646|123126|127110|113066|113639|127083|113663|127072|127059|127071|113674|127102|111003|113692|123203|113054|127066|111005|127042|118011|123214|123150|123168|118012|127031|123080|123251|123188|113647|123121|123195|118040|113666|123193|127104|113693|123172|123197|123129|113698|127034|118025|113618|113659|113695|127079|123159|123171|110099|113610|113667|113048|118053|127064|123182|113652|123252|123247|123216|127088|123176|123114|123196|123165|113643|127084|123253|113682|123175|128138|113616|127038|127111|127044|123192|123113|127060|113069|113634|113679|127068|113648|111009|123210|127030|113696|123229|123155|111023|123254|123250|118004|127067|118033|113627|113625|127096|118057|118052|127056|123213|123138|113644|111022|118055|113636|127070|127109|123142|127090|113677|111014|123249|123235|113651|110085|123207|123255|113699|127062|110096|111001|123211|127098|127085|113049|110077|118015|118051|118045|123151|118048|123209|118013|118054|118049|118056|118043|123245|118005|123257|127053|123090|113660|118050|123258|113638|110076|113697|123180|127076|128144|123117|113633|118032|123222|123122|123144|127046|118021|113670|118030|118018|127092|123256|118022|123131|123109|118042|118058|123104|113059|113650|127025|118034|123179|113687|118010|127081|123154|111012|127037|123241|113615|123118
2025-11-11,2025-11-10,113631|127078|110092|113042|127089|110081|113056|113062|118031|127047|123240|127040|113671|127061|110082|123198|113053|123212|128141|110093|113045|110095|113052|127082|113681|111017|113691|113676|123107|118039|123225|113649|127028|127049|127105|123092|123177|113051|118029|111015|113656|113632|127039|123085|127075|123128|113653|111019|123119|123149|123221|110084|127045|110098|113070|113657|127026|118041|111000|113654|118007|127027|127095|123185|127073|123178|113658|127099|113623|113046|118024|113058|113640|113678|110094|110090|123189|123158|123220|113661|123160|123236|113686|111010|123203|127054|123230|111004|111013|127094|123146|123173|118038|118000|111016|113683|123076|127050|113688|110087|127103|123215|113624|123199|123112|111018|118003|123223|123233|111020|118044|118016|118008|113067|118009|127093|123183|123242|123237|123187|123224|118006|113672|113655|123246|123088|113665|123239|113673|113680|127055|123194|113694|123243|113043|123133|128142|113646|110089|123126|111005|123157|123091|113639|113663|118037|123214|127059|127031|123124|118035|111002|118036|127108|123168|127104|113674|111003|113054|127042|123251|110086|110097|111021|127102|127083|127110|113666|113692|123129|123172|123247|123114|123080|123150|113679|127072|113066|113048|118011|123121|113693|113652|127066|127069|123171|127034|127071|113659|111009|113647|123159|123196|123252|113610|113698|127096|123193|123253|113695|118012|123216|127088|123188|123182|113667|123175|118025|113643|127044|123176|123165|118040|123113|123192|123195|123197|127060|127030|113618|113627|127064|110085|123229|123210|111023|113069|113616|113625|123207|127068|113682|113648|127079|123155|113696|127111|118053|127038|127067|128138|123138|110099|123254|113634|113644|118004|111022|113677|118033|123142|118055|123234|123235|111014|118052|127062|123249|118057|127056|123255|127109|113636|123250|127084|110096|113699|123211|118013|127098|127090|127085|123151|118051|118048|118054|123259|111001|113049|123213|123209|118045|118043|123245|110077|113651|118056|118015|127070|123257|123222|113697|118049|113638|113660|123144|113670|128144|123117|123180|118032|123258|123090|127053|123131|118030|118005|127046|118042|123109|127092|118021|123122|123256|127076|118022|118018|118050|113633|113059|118034|118058|123104|123179|113650|127081|118010|123154|111012|113687|127037|123241|113615|123118
2025-11-21,2025-11-20,110082|113631|123225|113042|113056|113062|127040|127082|127047|118031|113654|123128|127061|110081|127089|127075|113671|110092|123158|123198|127078|128141|110093|123203|113052|113053|113681|123185|127028|113649|113683|113676|111017|118039|111019|111015|127049|123085|113691|123107|127105|113045|113051|118034|113656|113632|127039|123092|110098|110095|110084|113058|123119|127095|123146|110094|123230|113070|127099|118029|123173|118007|113657|123149|127027|127045|123233|111004|113653|123160|113658|113663|123221|127026|123199|118041|113694|127054|123220|113686|111013|123178|113655|113624|113640|113661|111016|127050|111000|123183|123189|127103|123236|113623|123242|110090|127059|127094|113678|110087|123215|123112|118000|123246|113046|127093|113688|111018|118016|123239|118038|123088|118009|113672|118006|110089|123243|123133|113067|123223|127055|113659|111005|123237|113665|113646|123157|123126|111020|118044|123251|123224|123214|128142|118024|113673|123187|113680|123172|123080|127102|113627|113043|110097|123091|127042|110086|111010|118037|113054|111002|123247|118003|127031|113674|123168|123129|123194|123234|118008|127104|127108|127110|111021|111003|127083|127072|118036|113652|113667|113693|123124|118035|127034|123216|113692|123192|127069|123150|127066|113666|113639|113647|127096|127064|123196|123171|113066|123159|123188|127071|127088|123207|113643|123114|123252|118025|118011|118012|113048|123195|113698|127030|123182|123193|113679|113610|123253|118040|123121|113625|123229|113695|123165|123176|111009|127060|127079|123138|113069|127111|113696|127068|123210|113648|123175|111023|110099|123113|127044|127067|123254|123197|123250|113682|113618|111022|113634|113644|127084|123155|113616|127062|127038|110085|123235|113677|127056|123249|127090|127109|118055|123211|118053|123213|118052|118033|123209|111014|118004|113651|118048|127098|118057|123245|118013|113636|113699|118045|118051|123151|123142|118043|118054|111001|127085|123259|110077|123222|118015|113049|123255|123180|118056|113697|118049|128144|113638|113670|127053|113660|123144|123257|123256|127076|123117|123090|118030|123258|118022|123131|118050|118005|123109|127046|118021|123122|118018|127092|118032|113633|118042|123104|127081|113650|123179|118058|113059|127070|123154|118010|111012|113687|127037|123241|113615|123118
2025-12-11,2025-12-10,123128|123173|113062|113042|127028|113056|123230|113069|113671|127047|113631|113045|123233|127061|128141|123198|110081|111019|110092|113691|113681|127040|118031|113052|127105|127078|123249|118039|113659|113676|113632|110093|113656|127089|110098|123085|111017|113058|127039|118029|113649|113653|123107|111015|123149|127099|113051|127049|110084|123158|123178|123187|127050|123146|127045|118009|127075|127027|111004|113070|111016|123242|118034|113053|110095|113043|123160|127095|123225|123092|123172|123119|113686|118000|110094|118041|123220|123221|123246|118007|113694|127054|113046|110089|123088|113623|118024|111013|123243|123182|127094|123189|113644|111000|113655|113658|110097|113624|113640|113678|111010|110090|118044|123112|118038|127071|123199|123252|118006|123215|123224|123133|118016|113661|118003|127103|127055|127082|113067|118037|113688|123239|113646|110086|123236|113673|111005|128142|123091|123183|123223|111018|123237|127093|123194|111020|127059|123124|118036|113680|127072|123150|111002|123251|123214|123155|113066|118035|113692|113627|123126|123157|113674|123192|127031|127067|111021|127110|110087|123159|113665|123247|118012|113672|113054|113654|111003|127083|127064|127108|118008|123168|123188|127102|123129|127034|113639|123253|118025|118040|123114|118011|127104|127066|113693|113048|113666|127069|123195|127096|123176|123216|127062|113652|113695|123196|113698|113647|123193|127088|127111|113643|127090|113616|123211|113696|123254|127038|110099|123171|127079|123113|113625|123210|123235|123207|113679|123229|127030|111022|123175|123197|123121|123165|113657|111023|118004|118057|123222|111009|127060|118053|113618|113699|113682|113648|127056|123138|127044|118059|113667|127109|113634|118013|113677|118043|118054|118055|127068|118033|111014|123250|127084|123209|123255|110085|118051|123259|111001|118061|123142|113636|123213|113049|118048|118045|118018|127085|113697|118015|113651|123151|113670|123257|118052|127098|123245|118056|123180|123258|123260|113638|118049|123256|123117|113660|127053|127076|123144|123122|118021|118050|118030|123090|123109|118022|118005|127092|118042|113633|123131|123104|127046|127070|118032|113650|123179|113059|123154|118010|118058|113687|111012|127037|123241|113615|123118
2025-12-23,2025-12-22,123230|127028|113062|113042|113056|123233|127047|110092|123128|113052|113631|127061|118009|127040|123173|123198|110081|113671|127039|113045|123172|127105|113640|127078|113632|113681|118031|113676|127049|113691|123107|123146|111019|123187|110098|118029|113656|113051|118004|113058|123178|111004|110093|123243|118039|113649|127089|111017|110084|127045|123149|111015|127099|118034|111000|113623|123242|111010|113686|123092|127095|123221|110094|111016|113653|123119|113053|127050|118041|123246|113070|123160|123133|110095|118000|127075|113658|127054|123158|113655|113659|113046|123189|123239|118003|110097|127103|110089|123225|118007|113048|113624|123220|127094|123199|111013|118037|118038|110090|113673|127072|118016|110086|111005|113644|113067|123215|113661|127071|123112|113678|113066|113688|123124|123224|118006|113674|123155|123223|118024|113694|111018|113646|123182|113692|123236|123091|118044|123194|123252|127110|118036|127031|127059|127082|110087|113680|123157|127093|123183|127067|113652|111020|111002|123214|127064|123126|118012|111021|123237|118008|118040|113665|118035|127108|123216|123195|123150|127083|113054|123192|118011|127034|113693|113654|127069|111003|123253|113639|127102|127096|127030|113666|127104|123114|123168|123176|123113|127088|127055|127090|118025|123247|113696|123159|123129|113627|127066|113616|113698|123196|110099|127079|113647|127111|123188|123193|123121|113643|113679|113625|123235|123171|118053|123254|111022|123229|123197|127056|127038|123210|123165|127060|118043|123211|113695|127062|127109|113648|111009|127044|113699|113636|113618|113634|111014|118057|127068|123207|123251|111023|118059|118033|113682|123138|118018|113667|123255|118055|123175|123180|113049|123142|127084|123250|118060|118051|123257|123209|111001|118054|110085|118013|127085|118048|123213|123222|123259|123245|123151|123258|113677|113697|127098|123261|123256|118015|118056|113638|113670|123260|118021|113657|123117|127053|118052|127076|113660|113651|118061|118045|123122|123104|118042|123109|118030|123131|127042|127046|113633|123144|118005|118050|118049|118022|123179|127092|118032|113650|127070|113059|123154|118010|111012|118058|127037|113687|123241|113615|123118
2025-12-31,2025-12-30,113042|113062|113056|110092|127028|118009|113052|127047|127039|127061|113631|110081|123198|110093|123128|118031|127040|113691|127049|118034|110095|113681|127089|123107|127105|118029|113623|127045|113676|127067|113632|123178|113051|123187|127078|111019|123146|118039|127075|113649|123160|113656|113671|123243|110098|113053|111017|110084|113640|123158|113058|123173|123172|127099|123149|113686|123242|118041|111000|123221|113655|113659|111004|111010|111016|113653|111015|123246|110094|113045|127050|113070|123119|127095|118000|113046|111002|110089|113658|123225|123182|110090|127071|123133|127054|113048|123189|118007|118003|113661|118004|113644|111021|123220|118037|118024|110087|110097|127094|127103|123215|113624|118038|123199|113678|123239|111013|127030|118016|113067|113066|113646|123252|123112|127031|113688|118006|123214|123223|127093|113673|118036|111005|111020|118044|123194|123224|127059|110086|123159|118011|111018|113694|113692|113674|113652|113680|118008|123237|127108|123126|123183|127072|123124|127083|127082|123150|123155|113054|123157|127110|123211|123253|123195|123114|111003|113665|118012|127104|123216|127090|118040|127102|123168|127034|127064|127088|123113|118043|127066|113693|127096|113698|118025|113666|113639|127069|118035|123176|123129|123196|113696|123188|123229|123247|123121|123193|113643|113647|111022|118052|127055|113654|123197|127111|113627|123236|127056|123210|113695|123192|123254|110099|123171|127060|127079|127109|123235|113625|123259|123165|118018|113679|118053|127062|113648|123207|127044|123251|113618|111009|113634|118057|111023|123175|127068|113636|123138|123142|113682|118033|118059|113049|123250|113699|127084|111014|123257|110085|111001|118021|123255|113667|123180|118054|123262|118055|123213|127085|118051|123258|118015|118056|118013|127098|113697|113677|118048|123151|118060|123209|113638|123222|127076|123260|123109|123261|123117|113670|113660|123245|123122|118042|118049|127053|113651|123256|118022|123104|113633|123131|118005|127046|123144|123179|118045|118032|118030|127092|113650|118050|127042|118061|113059|127070|118010|123154|118058|111012|113687|127037|123241|123118
2026-01-13,2026-01-12,113042|113062|110092|113056|127047|127039|113052|118031|110081|123128|118029|118034|113631|127061|123198|123160|127089|110095|127049|123242|127040|113681|111015|113623|110093|127105|111019|123172|113053|127078|127045|113051|118000|118039|113676|111017|123107|113691|110084|111010|127103|113655|123119|111000|113070|110098|127075|113632|118008|118041|113649|113656|123243|123149|123178|113048|113640|123225|127099|110094|123146|113046|127054|113658|123133|123173|111018|123221|111013|123220|118037|123189|113659|113686|113653|113067|123199|127094|123214|118006|110097|118038|118016|113058|110089|118007|113624|113661|110090|111016|123112|111004|113678|113646|127067|123215|110086|127050|123194|118036|123246|123216|127095|111002|113688|127108|123224|118044|123223|118043|127059|118011|118024|123183|123155|113054|113680|127083|123150|123126|113692|127093|123121|127031|113674|113665|127109|111020|113694|110087|123124|113644|127102|123168|127030|113671|127110|113066|113693|113652|123129|113627|118003|127072|113643|123239|127090|123158|111003|127034|127069|113666|123253|111005|123114|127088|123159|118025|123157|123187|123193|113639|127044|127066|127082|123171|123229|113673|113647|123113|123192|123165|113679|111021|118040|118018|118035|123196|113696|127096|113625|123254|113618|113695|127060|123138|127056|113648|127064|123182|123197|127111|110099|127062|113636|123104|113634|123142|123252|118033|111009|123237|127068|111022|118053|113698|127055|123259|123175|113682|123180|127104|118052|123195|123236|113654|111014|123250|118042|127079|123247|123262|123211|123235|113049|111001|123188|118015|123257|110085|123210|123151|118012|127071|127085|118059|118004|127084|113667|111023|127098|123109|123251|113638|123258|118060|123117|123176|123261|123122|123260|113660|123222|113670|123209|118022|113699|123213|118056|127076|118057|123207|118062|118013|118048|113633|123256|118055|123263|123179|118005|123144|127046|113677|118054|113697|118032|127053|113650|118021|123245|123255|118051|113651|118049|113059|127092|123131|118061|123154|118010|127070|118050|118030|118045|127042|118058|111012|127037|113687|123241|123118
2026-01-21,2026-01-20,127039|110092|123128|113062|113623|111016|127047|113042|113056|110094|110081|118000|110089|113631|118031|123198|113676|127040|113052|110095|113681|127061|118008|127103|113051|111019|111015|127105|127089|111017|127078|118039|127049|123172|110093|111000|127067|110084|111010|113655|118016|118034|123221|113632|118041|113048|113691|123107|127075|123178|110098|113649|113640|123149|113070|123146|113658|123119|113659|123225|127045|113653|113053|111018|123173|110087|118037|127054|113656|113686|127099|123246|110086|127095|123189|111004|123199|123243|127108|113067|123220|123215|113046|123112|113678|113624|111013|110097|113058|113646|118038|118007|123133|110090|113661|113644|118011|127094|123224|127059|113639|123183|123194|123252|113688|118036|127050|111002|113054|118044|123216|123214|118006|123126|123150|123223|113680|127031|113665|127030|113692|123210|127093|123168|113652|123239|127088|111003|127083|127034|123129|127102|113673|127110|123157|113066|113694|111020|113693|123229|123155|113627|127069|113666|118003|118024|123121|123193|127072|113674|113671|123253|118040|123114|118025|127044|111005|123113|123158|123196|113679|113643|123171|127096|127064|123187|118012|123192|123165|113647|127090|113696|118035|127066|123175|118053|113625|123237|123144|123197|123124|123160|110099|127082|127060|127104|127109|113636|111021|118033|111023|123254|127056|127055|113648|127038|127111|127068|123180|118018|111022|123142|111009|127062|123138|113634|123236|123259|113695|123195|118059|113682|113698|123188|118042|111014|127079|118022|113654|118052|123257|118004|111001|123235|118015|123104|123250|127085|123264|127084|123262|113049|113667|123109|123151|123207|123211|123258|113638|127098|123260|113660|110085|123261|123247|123213|123117|113670|118060|118013|127053|123122|123222|113699|118057|127076|123209|118056|123263|111024|118063|113650|123256|123251|127046|123179|118032|113633|118021|118005|118062|118048|118054|113697|118055|123176|118051|113677|118061|123131|113651|123245|118045|123255|113059|118050|127092|118010|127070|118030|118049|123154|118058|127037|111012|113687|123241|123118
2026-02-02,2026-01-30,113623|118000|123221|113062|113676|110094|110092|123128|127047|113056|118039|110095|110081|127078|118031|127103|118008|113631|123198|127061|127094|118034|127040|111019|123178|113681|111000|123252|127067|111015|111010|127089|118016|123146|113646|110084|127045|113051|110093|111017|113655|118041|127105|113053|123172|123107|113048|110098|113632|113640|113070|113052|123149|113653|123243|113686|127049|113649|127075|127030|123216|127108|123119|110087|111004|111018|123189|110086|113058|113658|127095|123225|127099|123173|113067|113661|127054|113656|123199|118038|123112|118037|113046|127031|113644|110090|111002|127050|111013|123246|113624|123210|123215|113691|123220|113659|123129|110097|123239|113688|113694|113652|118044|123133|123194|118011|113680|127102|123126|113665|118007|127059|118003|123155|123265|123223|123229|113692|113678|118036|113054|123214|111020|113671|123183|123224|123168|127110|123121|127083|113066|127088|118040|118024|123114|118006|127093|127072|127064|127034|111003|123150|127096|123253|113674|111005|113666|118042|113627|127069|123157|113693|123193|118025|123197|113647|123196|118035|127090|127044|113696|123165|111014|123144|123237|123124|123175|123254|118012|123192|123171|113679|127066|127060|110099|113643|127068|123235|123160|113625|118018|111021|127038|118053|123113|113634|113636|127111|127056|127055|123187|127082|111009|113648|118033|127062|123138|123158|118052|123236|113682|111022|123259|127079|127109|111023|113695|113667|127104|123257|113673|118015|118004|123188|123207|123142|113654|111001|118022|118021|123262|127084|123211|127085|123264|113049|123104|123195|123180|113698|123209|123250|123258|123109|123151|113638|123261|118059|127098|118056|118057|113670|113650|123117|123222|123122|127076|118013|110085|113660|113699|123247|118055|123260|118054|118051|127053|123256|111024|118050|123213|123263|118060|123179|118032|118005|113697|123251|123176|123245|118045|127046|118063|118048|118061|113633|123255|113677|118064|118062|113651|118049|113059|123131|118010|127070|123154|118030|127092|118058|127037|111012|113687|123241|123118
2026-02-11,2026-02-10,118034|127047|123221|123178|127078|118000|113062|118031|118008|110092|113056|123146|123210|111019|127067|123198|127094|110081|127089|118016|113661|113631|127061|127103|127040|113052|113681|111000|111015|113053|113048|113632|113051|111017|123107|113058|127045|113644|127105|118039|110084|113640|123215|118042|113070|123149|110095|110098|127049|110093|118041|113655|113649|123119|123172|127099|127095|127030|123239|111010|123225|123216|123252|113658|113046|123173|111004|110087|123189|113656|113653|123199|118037|113067|113624|123112|123114|110086|127108|111002|111013|118044|111018|123246|123155|113694|127054|118006|118007|123133|127050|123220|123126|123197|118038|113691|113688|111005|127031|127102|118011|113680|113659|110090|110097|123224|127059|113665|127034|123194|127093|123229|113054|111020|123183|123214|127110|118003|127083|127096|127088|123223|123129|118036|123157|111003|123121|123150|113066|127072|113671|123193|118040|113678|127069|113652|123144|127044|123168|113692|113674|123253|127090|118024|113627|113666|118025|127064|123196|123237|113693|113679|113647|118012|110099|123124|123171|113696|123192|123235|123165|118035|113625|123254|113643|127079|111022|123175|113634|113686|111021|127111|113682|111009|127060|118053|113648|123138|127066|127082|127109|118018|127038|123257|127062|127056|113636|123207|123250|127055|123188|123113|118052|113654|127104|127075|123209|123243|127068|118004|118033|123259|113667|123187|111001|111014|123258|123180|123142|123158|123160|113698|118015|123236|111023|118055|123264|118022|123211|123262|113695|113049|127085|113673|123104|127112|127098|123109|123151|123261|113646|118060|127084|118059|123195|123117|113638|118057|110085|113660|113650|123260|113670|127076|123222|118013|118056|123265|111024|113699|123263|118054|118061|123122|123247|123213|118051|118063|113651|127053|118048|118064|118050|123255|118062|113697|118032|118005|123179|123245|123176|127046|123251|113633|113059|123256|123131|118049|113677|118010|127070|123154|118030|127092|118058|113687|111012|127037|123241|123118
2026-02-25,2026-02-24,127047|127078|118034|123178|118008|113062|123146|118031|123198|110092|113644|113056|111019|127067|110081|127089|127061|113631|123114|127103|127040|111015|127094|113052|111000|113681|113661|113640|123215|113632|113051|111017|113653|113053|113048|127045|113070|123107|110084|123239|127105|110098|118003|110093|123149|127049|118041|113649|111002|111010|127095|113655|123197|113658|123224|123246|127099|127054|111004|123173|123199|123225|110087|123172|123119|127108|113624|123155|127030|118044|123216|113046|118037|113656|123112|110086|113058|113067|123189|111013|111018|123220|113694|127031|118042|123126|118016|127050|113659|123252|118038|118007|127034|113688|123133|118006|113680|123214|110090|123129|113665|127059|113643|123194|127102|111020|127093|123183|110095|110097|127083|123223|113652|123121|127110|118011|113054|118036|113671|113654|113691|127096|113678|111003|123229|118040|118012|113692|123157|123168|123193|127072|127064|123144|123253|123150|118024|113674|127069|113066|123237|113696|118025|127088|113666|111005|127090|123165|123124|113627|123196|118039|127055|127075|113679|113693|113647|118035|110099|127044|123171|123192|113625|123188|123175|123207|113686|111022|111021|110100|118053|118052|127038|123250|127060|127066|118033|113636|111009|127056|113646|113682|113648|127111|123254|127068|123257|113634|123138|127082|118004|118018|127062|127079|113667|123142|123113|118022|127104|127109|123259|123187|123243|111023|123258|123160|123158|118015|123262|118055|123211|111014|113698|113049|123264|113695|123180|123235|127085|123109|127084|127112|111001|123263|123261|123195|127098|118054|127076|123104|123151|118059|123236|113673|118060|123209|113638|123222|113660|111024|123117|123265|118013|118057|113670|110085|113650|118056|123247|113699|123260|113651|123122|118063|118051|118061|123213|127053|118048|123245|123255|118005|118064|118032|118050|118062|123251|123179|113633|123256|123176|123131|113059|113697|127046|118049|118010|113677|123154|127070|118030|127092|118058|111012|113687|127037|123241|123118
2026-03-11,2026-03-10,118034|113653|110092|113062|127094|127047|113056|118031|127061|123198|118044|118006|113632|113654|127089|113631|123114|113051|110087|127040|113048|123246|127103|111000|111015|123149|123178|113640|123215|113052|113681|123107|118038|127045|127108|123188|113649|113053|113644|123197|113661|118003|111017|111002|113070|110084|127105|127049|110081|110098|127095|110093|123225|111013|113658|127067|123155|111004|113046|118037|127054|123199|123224|111010|113067|113655|127099|127034|123172|110097|123121|123173|123189|118041|123129|113624|111005|127078|123216|118011|123220|123112|111018|113054|113688|123119|113694|118016|127064|127030|127031|113659|110086|123126|110090|118007|110095|113656|113058|113671|127046|127050|113691|127110|127059|123183|113680|123133|118025|113652|113066|113665|123223|127088|111020|127093|118036|127090|123214|123168|123253|118040|123252|123237|127075|127102|127083|118004|123194|127072|123124|113674|123175|111003|123144|123193|113643|113698|118012|113678|123157|127055|113692|113686|118039|118035|113693|118042|127111|113696|123150|113679|113627|123229|110099|127056|127096|127069|127066|123196|113647|123254|110100|127082|111021|113666|127076|113648|127104|123165|123171|123192|113667|118052|127060|127109|118022|123187|113625|111022|118033|123160|118024|127068|111001|113682|118053|123211|127038|123257|113636|123243|111009|127084|113673|113634|123138|127062|123142|123158|123262|127112|113646|127044|113695|118049|118018|123258|123259|123113|111023|123264|118051|118057|127079|123207|123180|118013|123195|123236|123109|123250|118056|118059|123263|118065|111014|127085|123222|123261|123209|111024|118015|118060|127098|113049|118055|113638|118062|113699|123260|123247|127053|123151|113660|123256|123255|113670|118063|123265|123117|123104|123213|118032|118061|113650|123245|118064|118030|123122|123251|123176|118058|118005|123235|113697|113677|123179|123131|113633|113059|118010|118050|123154|111012|127070|127092|113687|127037|123241|123118
2026-03-23,2026-03-20,110092|118034|118006|113062|113051|113056|118031|127047|113048|123149|118044|127061|127040|113631|113661|113654|110087|113054|127089|113632|123129|123188|123107|123126|118038|123215|123198|111000|127103|113681|113053|127045|111017|113052|118003|127108|123155|113640|113058|111015|113067|113644|110084|111013|113649|113070|127049|123178|127105|110098|110097|113658|111010|110093|127088|113655|123225|111004|127095|113046|123114|127084|123119|123236|111002|113667|110081|118004|127067|113694|110095|123199|127050|127054|118011|113659|127099|111005|118041|127034|113652|113688|127030|110090|111018|127031|123172|127082|113624|123183|127078|123173|127064|123121|123237|118016|113066|123189|113679|127046|118025|110086|123216|111020|118037|113656|123133|127110|127059|113691|118007|123112|123220|123252|118036|127090|123214|113678|113671|127072|118033|123194|118035|113674|113680|127066|123253|127109|127069|113665|123223|118040|113673|127083|127102|123168|113686|118012|118039|127093|111021|113692|110099|123224|127104|123254|127111|123193|113698|113693|123124|123257|111003|127096|113696|123195|113646|110100|123157|123187|113627|118042|113643|123144|123150|111022|123160|118052|113682|123229|123196|113648|123192|118022|123243|113666|123171|113647|123175|111023|118057|118024|127055|127038|127056|123259|123165|123211|123158|113625|118053|127112|118062|127060|111001|118056|127079|118013|123113|118051|118059|123258|113700|123209|123264|123262|113695|111009|123263|123261|113634|123180|123207|118066|118065|113636|127068|123222|113699|123142|118060|127044|127062|123138|127053|111024|113049|123265|123250|127085|118018|111014|123109|118063|127098|113638|118015|123260|123235|123256|110085|123255|123245|123247|123213|118030|113660|123151|113670|123117|123176|118058|113697|118061|113650|118032|123122|123251|123131|113677|118064|118050|118005|113059|127092|113633|111012|123179|118010|123154|113687|127070|127037|123241|123118
2026-03-31,2026-03-30,110092|118006|110087|123149|113062|118034|113056|127047|113661|127040|113631|113048|113632|118031|111000|113640|113051|127061|123236|113052|113681|118038|123198|111017|113058|113654|127089|113054|123129|127103|111015|127045|123126|113053|127067|127049|118044|113649|111013|123225|127105|123215|127108|110084|113070|110081|123183|110098|113655|113644|127095|123178|118033|111004|118003|110093|111005|113067|113658|123119|110097|110095|127110|127084|113694|127034|127054|113680|123199|123172|111002|127099|111010|118041|113624|118011|113667|123114|110090|123194|127078|127059|113652|113679|111018|127082|113066|123121|123237|127088|127064|123189|123173|127066|113688|118004|111020|123220|118016|113659|127090|127069|110086|113665|123188|118037|113656|123155|127046|123252|123214|123112|113666|123216|127102|113698|113674|127050|118036|113686|127109|127104|113671|118007|123133|123223|123257|127083|127093|118012|118039|118040|113678|111022|123168|118025|113673|111003|127111|111021|123224|113691|127072|110099|123253|118057|113693|123124|123211|123254|123193|127055|118052|110100|113692|123171|118035|113643|113646|123144|127113|113695|113627|113696|123150|127056|123187|113682|123229|118024|123195|123157|123196|118042|123175|113647|111001|118022|113625|111023|123192|123165|127060|127038|123158|113648|123113|123258|118056|111009|118013|118053|123264|123261|123207|127068|123262|123209|118059|118065|113636|123222|127112|118060|127062|123263|118062|111024|123180|123243|118066|123259|113701|118063|113700|123235|123138|113699|123142|113634|118018|127079|127053|123265|127085|118051|123213|111014|113049|127044|113638|123250|123256|123260|123109|127098|118015|127096|123255|123245|118030|113670|113660|123151|118058|110085|123117|123247|123176|123251|118064|113697|123131|113650|118032|113677|123122|118050|118061|127092|118005|113633|113059|118010|123179|111012|113687|123154|127070|127037|123241|123118
2026-04-13,2026-04-10,110081|110092|113654|113062|111000|113640|113056|123129|118034|127047|123149|110087|127040|127088|118003|113048|118044|113632|113052|113631|123236|118031|113661|113681|113051|123198|110093|127084|111013|113058|111017|127061|127049|127067|123215|110098|127089|113053|127045|123126|127103|111015|118033|113649|113070|123183|123225|127105|113644|113067|113054|110097|123178|113658|123119|110084|118011|111010|111004|123114|127109|113655|127110|127034|111002|127095|123172|113680|113624|127108|127054|123121|118041|123199|127066|127078|110090|127099|113688|123194|111005|110095|111018|127090|113652|123173|113694|123189|111020|127059|118037|127050|118016|123133|127064|123237|113667|123216|118036|113066|110086|127082|127102|111023|113656|127046|118012|113698|123188|113659|113686|113671|113665|111022|123220|111003|113673|118007|123214|113674|123224|113691|127072|110099|113695|111021|127111|127104|123155|123223|113692|118025|118035|127069|123252|118040|118004|113693|118039|127083|123171|113678|123124|113679|123193|113666|113696|123168|110100|123160|123257|127056|123229|123253|113643|111001|113646|123144|123256|123196|113627|127055|118057|118052|123259|118024|123211|123157|123150|123187|123262|127060|123222|123207|123113|118022|123165|123192|113682|118042|123175|113648|113647|127038|123195|118053|113625|127112|127113|118065|113701|123180|123264|123142|118060|123261|123209|123266|123258|111009|113636|123263|123243|111024|127062|127068|113700|118066|123235|123158|123138|123265|118059|127079|113049|113634|118056|127044|127053|111014|127085|118062|118063|118018|113638|118013|123250|123260|127096|113699|118051|118015|127098|123255|123213|123151|113670|113660|110085|118032|123122|123245|123117|123247|123251|113697|123176|118064|118061|113650|118058|123131|127092|118050|118005|113633|113677|123179|118010|113059|118030|111012|123154|127070|127037|123241|123118
2026-04-21,2026-04-20,110081|110092|113640|113062|127047|113056|118034|123236|113048|123149|127040|113052|127084|118031|123126|127066|110087|113631|113632|127049|113661|113681|127089|127061|123198|113051|123121|110093|111017|127045|127103|123215|113058|113053|127088|111015|110098|111010|118003|123183|123225|111002|113070|113054|127110|113644|113649|111004|111013|113658|123172|127108|110084|123119|127109|127105|118011|123199|123194|127034|127095|110097|113624|113655|123178|127054|123114|127099|111018|118041|110095|127050|118033|123173|123216|113067|123155|123253|113680|113688|123133|118018|110090|111020|113694|123189|127064|127067|118016|118037|118057|127090|127059|113695|123237|113671|113066|118007|118036|113674|111003|127102|113659|118025|127078|110099|127046|111021|113665|123220|127083|127082|118040|123142|123224|127072|110086|118035|113656|113692|113679|111022|118012|113686|111001|127069|111005|118039|123223|123214|123124|113693|113666|123171|123193|113698|127056|110100|123252|127111|118044|123188|113627|127104|111023|123168|113696|123144|113652|123257|113691|113643|113646|113648|118024|123229|127055|113673|123259|127038|118004|123165|118042|118052|123211|123196|113647|123192|127060|118022|123157|123175|123207|118053|123195|123262|123160|113636|113682|113678|123258|123150|127113|123222|113625|111000|113701|123264|118067|118065|127085|111009|127068|127112|113700|123180|123138|123261|123266|111024|118060|118066|127062|118059|113634|123187|113049|123250|123243|123235|111014|127079|123263|113667|127053|113699|127044|123265|123209|118015|123158|113638|123260|118056|127096|118013|110085|118063|127098|118051|118062|113670|123151|123255|123213|118032|113660|123122|123251|113650|123117|123245|118061|123176|123247|123131|118064|113697|118058|118005|113633|118050|127092|123179|113059|113677|118010|111012|123154|118030|127070|127037|123118|123241
2026-05-06,2026-04-30,113062|127084|113056|123121|110087|123126|118034|118031|127066|123225|113661|123198|127047|127061|127040|113632|118041|110093|113058|113681|113631|123149|113052|113640|111023|127049|127089|123215|113051|111015|123183|111017|127045|111010|113644|118011|113054|111002|111018|113053|127034|123150|113649|110084|123253|113070|127105|123216|127095|111004|127082|110098|123119|118018|113658|113659|127109|127054|127099|123178|110097|123199|123142|113067|113688|113695|110095|113680|118016|127050|113655|111020|127046|123133|123171|123173|123155|127090|127078|110086|127064|127059|113066|127108|123172|123194|127110|110090|118007|123114|113694|118057|113665|111003|123237|123224|127102|118037|113686|118025|118035|113674|118039|118036|123160|123189|113646|113671|123144|123214|123220|127103|111022|110099|118040|113692|111001|118042|123222|113656|113698|118012|127055|123168|113648|110100|123192|127072|127083|123223|113673|113643|113652|123124|123175|113696|113693|127038|113627|111021|123252|118024|127104|113691|123165|113647|127069|123229|123188|127060|113679|123196|113636|123211|123193|111009|123207|113625|127067|118052|123257|127111|118053|113682|123138|118022|127056|118060|123157|127085|123195|123259|113678|127088|123187|123209|123261|123264|118044|127112|127068|123262|127113|123243|118066|118067|118065|127062|127079|113634|111024|123235|113701|113700|123258|118033|123180|123263|113699|113666|123122|127053|123266|118059|113049|123265|111014|118015|118013|118063|113667|127044|118051|111000|123213|123260|113638|123158|123250|110085|127098|113650|113670|123117|118032|118062|123151|118056|118061|123251|113660|127096|118064|123245|123131|123255|118005|123247|118050|118058|113633|113697|123176|127092|113677|118010|111012|113059|123154|123179|118030|123118|127070|127037|123241
2026-05-12,2026-05-11,127061|113062|127066|113056|118034|127084|118031|127040|123198|123225|113661|113644|111010|127049|113058|113052|110087|113632|113631|118018|123183|110093|113681|123149|113640|127089|123253|111015|123119|111018|127045|123216|113680|123215|118011|111017|113053|111004|113070|113054|127110|123150|123142|110084|127105|113649|123121|110098|111023|113659|111002|123178|110097|127078|127082|110095|118016|127095|118041|113658|127054|127099|127108|113067|123199|113695|113655|123171|123172|113688|113686|123173|123194|123133|110090|123155|127090|110086|111020|118057|127046|113051|127102|127050|123114|113646|123237|127059|113066|118037|118007|111003|127047|123224|123189|113665|113694|123160|118036|118040|110099|127064|113674|113671|123144|118039|123220|113692|118035|123252|123214|118025|127103|111022|123222|118012|127083|127072|113648|113696|123223|113656|110100|113643|123192|127038|123124|123168|113691|123269|111021|123175|123229|127111|113627|113693|113702|113647|118053|127067|113625|123165|111009|127060|127104|123196|123193|123257|113698|118042|118024|127109|113652|118052|113679|127069|113636|123138|113682|127056|123211|123157|123188|127085|118022|123195|118033|118067|123264|123261|118065|127112|127068|123262|127113|127055|113673|123207|127062|123265|123259|113678|123266|123180|113700|123122|113701|123268|118015|113634|113666|118044|123243|113699|123209|111024|118066|118059|123263|127079|127088|113049|127053|127044|123235|111014|123158|118063|111001|123260|118060|118051|113650|123117|113638|123213|118013|127098|123250|110085|123151|123258|123187|111000|118062|113667|113670|118032|118061|113660|118064|118056|118005|123251|123131|113697|123247|127096|113633|123245|123255|123176|127092|118058|118010|113059|118050|123154|123179|113677|111012|118030|123118|127070|127037|123241
2026-05-21,2026-05-20,127061|113062|113056|123198|110084|113644|127084|118031|127040|118034|113058|123183|127090|113631|123216|118011|127049|113632|113052|113681|123253|118025|127110|127045|111015|123149|113661|111023|111018|111010|110093|110095|110087|123142|113686|127089|123215|113053|113054|127105|111017|111004|113646|118018|127082|127095|127108|123150|113640|123119|127078|113649|111002|110097|113659|113695|123225|113680|113070|118039|123178|127047|110098|127054|123160|113051|113067|127099|127046|113658|113688|123199|123172|110086|123237|123171|111020|118007|110099|118040|127064|123155|118016|110090|118037|123114|118035|123194|113694|111003|123222|113665|118012|111001|123173|123224|123189|118036|118053|123133|127102|113656|127069|127059|113674|113691|127103|113692|127050|113066|123144|123124|123257|127072|123252|113643|111022|113671|110100|118057|127038|118052|113655|127104|127111|123220|123192|123195|123165|118024|113696|123214|123188|113627|127109|127083|111021|127067|123175|127044|123229|111009|123138|113698|113625|123168|113648|113693|127112|113647|113652|123196|123223|118042|113679|123261|123193|123122|113636|127060|123211|113650|118059|127056|123265|123264|113678|113673|127113|123259|118067|127053|123157|113682|118022|118065|123263|127085|118066|123262|123209|123207|113699|118015|123266|127068|123269|113701|127088|111024|123235|123213|123158|113700|127062|118044|123260|127079|123180|127055|113634|113666|118051|127098|118063|113702|123268|111014|113049|123117|113638|123243|123187|111000|113667|123250|113670|118060|118013|118032|118062|110085|123258|123151|118061|118056|127080|113660|118005|123247|118064|123267|123131|113697|127092|113633|118050|127096|123245|123255|123176|123251|118010|118058|123154|113059|113677|123179|111012|118030|123118|127070|127037|123241
2026-06-11,2026-06-10,127061|113056|110084|113062|113681|113632|118011|113052|127040|113058|113631|127084|127110|113051|118031|111015|127078|123142|123183|118034|123149|127103|113661|113054|123150|127045|111017|127046|127047|127067|123216|127108|113688|110099|110098|118039|111002|127082|113691|123225|127095|113658|123188|110087|113070|127089|127105|110093|113066|110097|123172|123171|113695|110095|123144|118007|113053|113646|113067|113649|113680|127099|113643|113640|127049|123189|118040|110086|111004|127054|123222|123199|123178|123237|123119|113652|127064|123160|123155|111020|118012|118035|123215|113686|123194|123124|113659|123253|113694|118037|113674|110090|127059|123224|111018|123252|123165|118053|127069|113665|127104|118024|127102|123138|113627|113636|118036|123257|111003|127072|111022|123195|123133|123235|127111|127050|127038|113692|127113|110100|113655|113678|118013|123173|113698|127083|127088|123209|111021|113696|113671|118052|123214|127112|113656|123220|113634|123223|123211|113682|127060|113647|123263|123192|127053|123213|123261|127098|123269|123122|123175|113699|118066|118044|113625|118065|118016|123265|127056|113693|113679|113648|123168|113673|111009|123262|118015|123187|123196|118042|123264|123193|118059|127044|118067|111024|123243|123259|123266|123131|127055|118022|123229|123260|127085|123258|113700|118061|113650|127109|113666|127062|127068|118051|118050|118063|123157|113049|113701|113638|123180|127092|123158|123247|113702|127079|111014|113697|123268|118060|123207|123117|113667|118062|123250|113670|110085|118056|113660|123151|127080|118032|123251|118005|123245|113633|118058|113677|123255|123267|111012|123176|118030|123154|118010|113059|123179|127070|118064|127096|123118|123241
2026-06-23,2026-06-22,127061|113681|113062|113632|113056|113052|127040|123216|110084|113058|113631|123183|113661|118031|127110|123178|123149|127084|118034|118040|127045|110098|123142|123150|110099|123188|127050|113659|111015|127078|110093|113054|127105|127103|113658|127067|113691|127108|123171|127082|118007|111017|111002|113070|110097|123144|123253|118039|113066|113636|113688|118024|123172|127099|113680|110095|113695|113067|113649|127047|127064|123225|123165|123199|110087|113053|113640|127095|118012|123237|113652|123119|127054|110090|123222|111020|123124|118035|123189|113646|123215|123157|113694|123155|111004|127046|123160|123194|127059|118036|123214|111003|110086|113678|127049|127089|113674|127102|118044|123224|113686|111018|118037|113665|113643|123252|123195|111022|127104|123175|123122|123257|127083|127111|127069|113627|123133|113692|118053|113698|127113|110100|113655|123235|113673|123138|123173|113696|123261|111021|118052|113671|123220|123168|127072|123263|123192|123209|118013|113656|123223|127056|123193|118015|123211|127112|118065|113647|118042|113634|123269|113682|118016|118022|123262|123265|118066|123266|123264|127060|111009|113648|123196|123243|113693|113679|118067|123187|127088|123260|127053|123229|127068|113650|111024|127109|127044|118061|113699|113700|127085|123207|113666|127062|127098|123271|123180|123259|118059|118063|113638|123247|123213|127055|111014|118051|118060|113701|113702|123251|123117|123131|123151|123250|113697|127092|118032|118050|123158|118005|127080|123268|110085|113670|123258|113660|113667|118062|123270|118056|123154|111012|123267|118010|113633|113677|127070|123176|118058|123245|123255|123179|113059|118030|118064|123118|127096|123241
2026-07-01,2026-06-30,113681|127061|113062|123188|113056|113058|127040|113658|127067|113631|113052|127110|123216|127089|118031|123183|113661|127103|127045|123171|110098|110084|113691|127084|123149|110095|123178|118034|123150|118040|113054|111015|110093|111002|118007|127050|127078|110097|127108|113070|127082|123172|110099|111017|113680|127046|113053|127105|123225|127064|118024|113067|113695|113659|127099|113636|118039|127047|118036|123165|127095|113649|118035|123124|118012|123122|110087|123119|127054|123222|123199|113640|123237|113652|111020|123157|123160|123214|113066|110090|113694|123253|123189|123144|113688|123215|113665|113643|110086|127049|127104|123133|123194|113646|123252|113686|123224|113678|123235|123155|111003|123175|118044|118011|113674|111004|111018|111022|127072|123257|127083|113692|127102|118037|127069|118015|127059|111021|110100|123195|123261|118013|123209|127111|123211|113698|113627|118016|123138|118052|113696|113648|123263|127112|113656|113655|123220|113671|113673|123223|127113|113647|123269|123173|113634|123243|127056|118042|118065|123192|123193|127109|118053|123187|123264|118066|127053|123168|123262|123265|118067|123247|123259|127085|123266|113682|123272|127088|127060|113679|113699|113650|118022|111009|123196|123229|123260|113666|113700|118063|113693|127044|111024|127098|123207|127062|127068|113638|123271|127055|118068|123180|111014|127092|118060|123131|113697|118059|118061|111012|123213|118051|118032|123154|123250|113701|127080|123151|123158|110085|123268|118050|113667|113670|118005|118062|113702|123251|113660|123245|123258|118010|127070|113677|113633|118056|123270|123179|113059|118030|123176|118058|123267|123255|123118|118064|127096|123241
2026-07-13,2026-07-10,113658|113681|113062|127067|113056|123178|127061|123188|113052|113058|113631|127110|127045|127084|123171|123183|123216|123149|127103|127089|110098|113691|111002|123150|110084|123173|113070|118031|127050|127078|110099|127082|113054|127047|113661|127046|127049|110097|118039|127105|123172|113659|118007|123124|111015|113067|123194|111017|110095|127108|110087|113636|123225|127064|127099|113705|127095|113652|110093|123119|123199|123160|118034|123165|113643|127054|118035|113695|118016|113680|118024|123189|113649|118053|113678|110086|118036|113686|123222|127104|113066|113646|123211|113640|123235|123214|127083|113688|113665|123157|113053|127102|111020|113694|123155|110090|118037|123133|123215|113674|123237|118044|118012|127072|111022|111021|127059|123122|110100|127111|127069|113692|113647|123209|123252|111003|127109|123257|123253|123187|127088|113697|123224|111004|113627|111018|113706|118070|113655|113704|123261|123223|113696|113698|113648|123220|123247|123243|123144|118015|113673|118052|113703|113656|127053|118065|113671|123138|113682|123263|127068|127113|123269|127112|113634|123259|123272|118068|123193|118067|123192|123175|127085|123168|127056|123195|127060|118066|118013|123264|123207|123262|127055|111009|118042|123260|113666|113699|123266|123196|123265|111024|123229|113700|123274|113679|113701|113638|123271|113693|127062|118022|127044|113650|118063|123158|118060|127092|111014|123213|127098|118059|118061|123180|118062|113702|118050|113667|123131|127080|123268|123151|118051|118069|123250|111012|113670|113660|118005|123154|110085|118032|127070|118056|123258|113677|113633|118010|123245|123179|123267|123255|118058|113059|118030|118064|123270|127096|123273|123241
