date,bond_code,side,reason,price,quantity,notional,fee
2018-01-11,110041,buy,rebalance,102.55,0.0004870799605075567,0.04995004995004994,4.9950049950049936e-05
2018-01-11,128026,buy,rebalance,98.46,0.0005073131215727192,0.04995004995004994,4.9950049950049936e-05
2018-01-11,128023,buy,rebalance,95.99,0.0005203672252323152,0.04995004995004994,4.9950049950049936e-05
2018-01-11,128025,buy,rebalance,99.72,0.0005009030279788402,0.04995004995004994,4.9950049950049936e-05
2018-01-11,128019,buy,rebalance,96.799,0.0005160182434741055,0.04995004995004994,4.9950049950049936e-05
2018-01-11,128018,buy,rebalance,95.708,0.0005219004675685411,0.04995004995004994,4.9950049950049936e-05
2018-01-11,113503,buy,rebalance,101.94,0.0004899946041794186,0.04995004995004994,4.9950049950049936e-05
2018-01-11,123002,buy,rebalance,110.329,0.00045273726717408785,0.04995004995004994,4.9950049950049936e-05
2018-01-11,113016,buy,rebalance,100.02,0.0004994006193766241,0.04995004995004994,4.9950049950049936e-05
2018-01-11,128022,buy,rebalance,105.09,0.00047530735512465446,0.04995004995004994,4.9950049950049936e-05
2018-01-11,128014,buy,rebalance,109.3,0.0004569995420864587,0.04995004995004994,4.9950049950049936e-05
2018-01-11,128021,buy,rebalance,105.5,0.0004734601890999994,0.04995004995004994,4.9950049950049936e-05
2018-01-11,113009,buy,rebalance,116.93,0.000427179081074574,0.04995004995004994,4.9950049950049936e-05
2018-01-11,128015,buy,rebalance,98.002,0.0005096839855314171,0.04995004995004994,4.9950049950049936e-05
2018-01-11,113012,buy,rebalance,96.82,0.0005159063204921497,0.04995004995004994,4.9950049950049936e-05
2018-01-11,113011,buy,rebalance,107.6,0.0004642197950748136,0.04995004995004994,4.9950049950049936e-05
2018-01-11,110039,buy,rebalance,113.44,0.0004403213147924007,0.04995004995004994,4.9950049950049936e-05
2018-01-11,110033,buy,rebalance,122.02,0.0004093595308150298,0.04995004995004994,4.9950049950049936e-05
2018-01-11,110040,buy,rebalance,113.3,0.00044086540114783704,0.04995004995004994,4.9950049950049936e-05
2018-01-11,110034,buy,rebalance,112.81,0.0004427803381796821,0.04995004995004994,4.9950049950049936e-05
2018-01-23,110039,sell,rebalance,117.06,0.0004403213147924007,0.05154401310959843,5.154401310959843e-05
2018-01-23,110033,sell,rebalance,126.8,0.0004093595308150298,0.05190678850734578,5.190678850734578e-05
2018-01-23,110040,sell,rebalance,113.1,0.00044086540114783704,0.04986187686982037,4.986187686982037e-05
2018-01-23,128025,sell,rebalance_resize,101.495,3.367123184203331e-06,0.0003417461675807171,3.4174616758071707e-07
2018-01-23,128022,sell,rebalance_resize,111.001,2.0379862064847207e-05,0.0022621850690601047,2.2621850690601047e-06
2018-01-23,123002,sell,rebalance_resize,112.58,4.1903968851229445e-06,0.0004717548813271411,4.717548813271411e-07
2018-01-23,128021,sell,rebalance_resize,106.985,1.4556402648200308e-06,0.000155731673731771,1.55731673731771e-07
2018-01-23,113011,sell,rebalance_resize,115.0,2.5111911099755608e-05,0.002887869776471895,2.887869776471895e-06
2018-01-23,113017,buy,rebalance,101.25,0.0004982224822764277,0.0504450263304883,5.04450263304883e-05
2018-01-23,110041,buy,rebalance,102.37,6.196858358668899e-06,0.0006343723901769353,6.343723901769353e-07
2018-01-23,128026,buy,rebalance,99.107,2.2087019250698783e-06,0.00021889782168790043,2.1889782168790044e-07
2018-01-23,128023,buy,rebalance,95.987,5.712736341362081e-06,0.000548348423198322,5.483484231983221e-07
2018-01-23,128018,buy,rebalance,95.536,6.662019628164215e-06,0.0006364627071962964,6.364627071962964e-07
2018-01-23,128019,buy,rebalance,97.0,4.5688336186112715e-06,0.00044317686100529336,4.431768610052934e-07
2018-01-23,113503,buy,rebalance,100.85,1.0712236492396838e-05,0.001080329050258221,1.0803290502582212e-06
2018-01-23,113016,buy,rebalance,99.4,8.612637336092452e-06,0.0008560961512075898,8.560961512075898e-07
2018-01-23,128014,buy,rebalance,106.4,1.75818881315079e-05,0.0018707128971924404,1.8707128971924404e-06
2018-01-23,128027,buy,rebalance,106.7,0.00047277437985462326,0.0504450263304883,5.04450263304883e-05
2018-01-23,110042,buy,rebalance,105.73,0.000477111759486317,0.0504450263304883,5.04450263304883e-05
2018-01-23,123002,buy,rebalance,112.58,6.157129398010804e-20,6.931696276280563e-18,6.931696276280562e-21
2018-01-23,128015,buy,rebalance,98.7,1.939194971830582e-06,0.00019139854371967845,1.9139854371967846e-07
2018-01-23,113009,buy,rebalance,117.5,2.5833994544540936e-06,0.000303549435898356,3.03549435898356e-07
2018-01-23,113012,buy,rebalance,96.52,7.2668907380290345e-06,0.0007014002940345624,7.014002940345624e-07
2018-01-23,128021,buy,rebalance,106.985,6.479129108081098e-20,6.931696276280563e-18,6.931696276280562e-21
2018-01-23,113011,buy,rebalance,115.0,6.027561979374402e-20,6.931696276280563e-18,6.931696276280562e-21
2018-01-23,110034,buy,rebalance,112.5,6.079186361040101e-06,0.0006839084656170114,6.839084656170114e-07
2018-01-31,128021,sell,rebalance,103.79,0.00047200454883517944,0.04898935212360328,4.898935212360328e-05
2018-01-31,113012,sell,rebalance,97.81,0.0005231732112301788,0.05117157179042379,5.117157179042379e-05
2018-01-31,113011,sell,rebalance,116.5,0.000439107883975058,0.05115606848309426,5.115606848309426e-05
2018-01-31,110034,sell,rebalance,110.1,0.0004488595245407222,0.04941943365193351,4.941943365193351e-05
2018-01-31,128027,sell,rebalance,105.4,0.00047277437985462326,0.049830419636677295,4.98304196366773e-05
2018-01-31,110042,sell,rebalance,106.46,0.000477111759486317,0.0507933179149133,5.07933179149133e-05
2018-01-31,113017,sell,rebalance_resize,103.16,6.785686561506951e-06,0.000700011425685057,7.000114256850571e-07
2018-01-31,110041,sell,rebalance_resize,102.96,8.854062210117868e-07,9.116142451537357e-05,9.116142451537356e-08
2018-01-31,128018,sell,rebalance_resize,96.5,3.208913663532076e-06,0.0003096601685308453,3.0966016853084535e-07
2018-01-31,113503,sell,rebalance_resize,101.65,1.9698033284685197e-06,0.00020023050833882505,2.0023050833882507e-07
2018-01-31,128019,sell,rebalance_resize,99.016,8.582756114781716e-06,0.0008498301794612265,8.498301794612265e-07
2018-01-31,128022,sell,rebalance_resize,116.2,1.863988681237859e-05,0.002165954847598392,2.165954847598392e-06
2018-01-31,123002,sell,rebalance_resize,113.694,2.642778200101724e-06,0.00030046802468236544,3.004680246823654e-07
2018-01-31,128015,sell,rebalance_resize,100.279,6.067482441328366e-06,0.0006084410717339672,6.084410717339673e-07
2018-01-31,128026,buy,rebalance,99.299,1.022256535379416e-06,0.00010150905170664063,1.0150905170664064e-07
2018-01-31,123005,buy,rebalance,107.58,0.00047076696190714135,0.050645109761970265,5.0645109761970265e-05
2018-01-31,128023,buy,rebalance,96.2,9.110021555995595e-07,8.763840736867763e-05,8.763840736867763e-08
2018-01-31,128025,buy,rebalance,100.711,5.845266171448283e-06,0.000588682601392728,5.886826013927281e-07
2018-01-31,123007,buy,rebalance,109.997,0.0004604226457264313,0.050645109761970265,5.0645109761970265e-05
2018-01-31,113016,buy,rebalance,99.22,2.935378878822721e-06,0.0002912482923567904,2.912482923567904e-07
2018-01-31,128033,buy,rebalance,101.512,0.0004989076144886345,0.050645109761970265,5.0645109761970265e-05
2018-01-31,128032,buy,rebalance,101.11,0.0005008912052415217,0.050645109761970265,5.0645109761970265e-05
2018-01-31,128030,buy,rebalance,108.9,0.0004650606957022063,0.050645109761970265,5.0645109761970265e-05
2018-01-31,128014,buy,rebalance,106.513,1.3836627827798629e-06,0.00014737807398223154,1.4737807398223154e-07
2018-01-31,128022,buy,rebalance,116.2,5.965442057146523e-20,6.93184367040426e-18,6.93184367040426e-21
2018-01-31,123004,buy,rebalance,102.5,0.0004940986318241002,0.050645109761970265,5.0645109761970265e-05
2018-01-31,113009,buy,rebalance,115.9,7.64665202194748e-06,0.000886246969343713,8.86246969343713e-07
2018-02-13,128023,sell,rebalance,93.53,0.0005269909637292768,0.04928946483759926,4.928946483759926e-05
2018-02-13,128019,sell,rebalance,95.01,0.000512004320977935,0.04864553053611361,4.864553053611361e-05
2018-02-13,128033,sell,rebalance,97.514,0.0004989076144886345,0.0486504771192447,4.8650477119244704e-05
2018-02-13,123004,sell,rebalance,102.11,0.0004940986318241002,0.05045241129555887,5.0452411295558874e-05
2018-02-13,123005,sell,rebalance_resize,110.86,2.528828361452308e-05,0.0028034591215060287,2.8034591215060287e-06
2018-02-13,113503,sell,rebalance_resize,102.22,1.560490786262236e-05,0.0015951336817172578,1.5951336817172578e-06
2018-02-13,128025,sell,rebalance_resize,98.704,3.039074642535338e-06,0.000299968823516808,2.9996882351680797e-07
2018-02-13,128015,sell,rebalance_resize,99.99,1.1648644601376766e-05,0.0011647479736916627,1.1647479736916626e-06
2018-02-13,128018,sell,rebalance_resize,94.588,3.2390740668597115e-06,0.00030637753783612637,3.0637753783612637e-07
2018-02-13,123007,sell,rebalance_resize,111.78,1.861045861317618e-05,0.002080277063780833,2.0802770637808332e-06
2018-02-13,113017,buy,rebalance,100.06,2.1225221334385667e-06,0.000212379564671863,2.12379564671863e-07
2018-02-13,110041,buy,rebalance,100.01,1.4153968900455824e-06,0.00014155384297345871,1.415538429734587e-07
2018-02-13,128030,buy,rebalance,103.41,1.2498744723756485e-05,0.0012924951918836581,1.2924951918836582e-06
2018-02-13,113018,buy,rebalance,105.41,0.00046802433585951613,0.049334445242951594,4.93344452429516e-05
2018-02-13,128026,buy,rebalance,94.75,1.0666631471263245e-05,0.0010106633319021925,1.0106633319021926e-06
2018-02-13,128025,buy,rebalance,98.704,7.022697253907742e-20,6.931683097497097e-18,6.931683097497097e-21
2018-02-13,128032,buy,rebalance,98.418,9.039311164927104e-07,8.896309262297958e-05,8.896309262297958e-08
2018-02-13,123002,buy,rebalance,107.497,1.3497165119099286e-05,0.0014509047588078159,1.450904758807816e-06
2018-02-13,113009,buy,rebalance,109.95,1.1744328016112922e-05,0.0012912888653716158,1.2912888653716158e-06
2018-02-13,128027,buy,rebalance,104.6,0.0004716486160894034,0.049334445242951594,4.93344452429516e-05
2018-02-13,128022,buy,rebalance,111.01,8.580202352634617e-06,0.000952488263165969,9.52488263165969e-07
2018-02-13,128014,buy,rebalance,102.097,7.741030729125898e-06,0.0007903360143515668,7.903360143515668e-07
2018-02-13,113016,buy,rebalance,96.05,3.215289563321575e-06,0.0003088285625570373,3.088285625570373e-07
2018-02-13,110033,buy,rebalance,114.01,0.00043272033368083144,0.049334445242951594,4.93344452429516e-05
2018-02-13,110039,buy,rebalance,121.0,0.00040772268795827765,0.049334445242951594,4.93344452429516e-05
2018-02-13,123007,buy,rebalance,111.78,6.201183662101537e-20,6.931683097497097e-18,6.931683097497097e-21
2018-02-23,110033,sell,rebalance,120.3,0.00043272033368083144,0.05205625614180402,5.205625614180402e-05
2018-02-23,110039,sell,rebalance,124.0,0.00040772268795827765,0.05055761330682643,5.055761330682643e-05
2018-02-23,113503,sell,rebalance_resize,105.37,6.773108354505257e-06,0.0007136824273142189,7.13682427314219e-07
2018-02-23,123002,sell,rebalance_resize,109.28,8.61944694035363e-08,9.419331616418447e-06,9.419331616418448e-09
2018-02-23,123007,sell,rebalance_resize,119.4,2.1427345772637685e-05,0.0025584250852529397,2.55842508525294e-06
2018-02-23,113009,sell,rebalance_resize,112.0,9.931922093230866e-07,0.0001112375274441857,1.112375274441857e-07
2018-02-23,128022,sell,rebalance_resize,116.45,1.383345861234563e-05,0.0016109062554076486,1.6109062554076486e-06
2018-02-23,113017,buy,rebalance,100.35,6.622590649633209e-06,0.0006645769716906925,6.645769716906925e-07
2018-02-23,110041,buy,rebalance,101.1,2.6686374223476975e-06,0.0002697992433993522,2.697992433993522e-07
2018-02-23,123005,buy,rebalance,111.666,4.017860452909902e-06,0.00044865840533463706,4.486584053346371e-07
2018-02-23,128030,buy,rebalance,104.71,1.8002460441887347e-06,0.0001885037632870024,1.885037632870024e-07
2018-02-23,128034,buy,rebalance,98.26,0.0005102938387096267,0.05014147259160792,5.0141472591607923e-05
2018-02-23,128032,buy,rebalance,98.911,5.664738151983587e-06,0.0005603049153508486,5.603049153508486e-07
2018-02-23,113018,buy,rebalance,105.96,5.676311301712127e-06,0.000601461945529417,6.01461945529417e-07
2018-02-23,128025,buy,rebalance,99.007,6.624720220814926e-06,0.0006558936749022234,6.558936749022234e-07
2018-02-23,128026,buy,rebalance,95.78,2.840920109544455e-06,0.0002721033280921679,2.721033280921679e-07
2018-02-23,128015,buy,rebalance,101.219,1.985414672664373e-06,0.00020096168775241517,2.0096168775241518e-07
2018-02-23,128027,buy,rebalance,103.0,1.5654903133528435e-05,0.0016124550227534287,1.6124550227534287e-06
2018-02-23,113016,buy,rebalance,96.67,5.060633170067726e-06,0.0004892114085504471,4.892114085504471e-07
2018-02-23,128018,buy,rebalance,95.05,5.958696700967412e-06,0.0005663741214269525,5.663741214269525e-07
2018-02-23,128014,buy,rebalance,102.55,5.7461759560128535e-06,0.0005892703442891181,5.892703442891181e-07
2018-02-23,123004,buy,rebalance,102.02,0.000491486694683473,0.05014147259160792,5.0141472591607923e-05
2018-03-01,113016,sell,rebalance,97.88,0.0005192245583249286,0.05082169976884401,5.0821699768844006e-05
2018-03-01,113009,sell,rebalance,111.14,0.00044816026835776544,0.04980853222528205,4.9808532225282056e-05
2018-03-01,113017,sell,rebalance_resize,101.11,1.3172146490624428e-06,0.0001331835731667036,1.331835731667036e-07
2018-03-01,128032,sell,rebalance_resize,99.82,2.148221584078128e-06,0.00021443547852267875,2.1443547852267874e-07
2018-03-01,113503,sell,rebalance_resize,106.2,1.4041322837962264e-06,0.00014911884853915924,1.4911884853915924e-07
2018-03-01,128027,sell,rebalance_resize,104.51,4.668276709628633e-06,0.0004878815989232885,4.878815989232884e-07
2018-03-01,128015,sell,rebalance_resize,104.136,1.1523861742858572e-05,0.0012000488664543202,1.2000488664543203e-06
2018-03-01,128022,sell,rebalance_resize,118.999,7.163483887453589e-06,0.0008524474191230896,8.524474191230896e-07
2018-03-01,123002,sell,rebalance_resize,111.112,5.356811648979767e-06,0.0005952060559414399,5.952060559414399e-07
2018-03-01,128014,sell,rebalance_resize,103.091,1.7380597581043742e-07,1.7917831852273802e-05,1.7917831852273803e-08
2018-03-01,123004,sell,rebalance_resize,104.061,6.76898876996731e-06,0.0007043877403915683,7.043877403915683e-07
2018-03-01,110041,buy,rebalance,100.8,3.923453787088475e-06,0.00039548414173851826,3.9548414173851826e-07
2018-03-01,128030,buy,rebalance,103.01,1.0303542294680278e-05,0.0010613678917750155,1.0613678917750155e-06
2018-03-01,123005,buy,rebalance,111.303,3.6827034587729137e-06,0.0004098959430718016,4.098959430718016e-07
2018-03-01,128034,buy,rebalance,98.551,1.5245009831752387e-06,0.00015024109639290295,1.5024109639290296e-07
2018-03-01,128026,buy,rebalance,96.001,1.3617411119881492e-06,0.00013072850849197432,1.307285084919743e-07
2018-03-01,128025,buy,rebalance,98.51,5.064542658409708e-06,0.0004989080972799403,4.989080972799403e-07
2018-03-01,113018,buy,rebalance,106.29,8.520783544864716e-07,9.056740829836707e-05,9.056740829836707e-08
2018-03-01,128033,buy,rebalance,100.3,0.0005028934117155068,0.050440209195065325,5.044020919506533e-05
2018-03-01,128018,buy,rebalance,95.456,3.3999100864636594e-07,3.245418172134751e-05,3.245418172134751e-08
2018-03-01,110042,buy,rebalance,106.3,0.00047450808273814983,0.050440209195065325,5.044020919506533e-05
2018-03-13,123002,sell,rebalance,112.003,0.0004539582510895792,0.05084468599678614,5.084468599678614e-05
2018-03-13,128022,sell,rebalance,121.0,0.0004238708661002641,0.05128837479813196,5.1288374798131964e-05
2018-03-13,123005,sell,rebalance_resize,115.86,1.0638165265727863e-05,0.00123253782768723,1.2325378276872302e-06
2018-03-13,128025,sell,rebalance_resize,101.45,6.631564485149181e-06,0.0006727722170183845,6.727722170183845e-07
2018-03-13,110041,sell,rebalance_resize,103.25,3.8099499059247997e-06,0.00039337732778673556,3.9337732778673557e-07
2018-03-13,128032,sell,rebalance_resize,104.998,1.6989883234086874e-05,0.0017839037598126536,1.7839037598126537e-06
2018-03-13,128014,sell,rebalance_resize,107.0,1.0093361241821656e-05,0.0010799896528749173,1.0799896528749173e-06
2018-03-13,128015,sell,rebalance_resize,108.02,9.708273358473838e-06,0.001048687688182344,1.048687688182344e-06
2018-03-13,128027,sell,rebalance_resize,110.0,1.651879547600239e-05,0.0018170675023602629,1.817067502360263e-06
2018-03-13,113017,buy,rebalance,102.6,6.026488368296834e-07,6.183177065872551e-05,6.183177065872551e-08
2018-03-13,128026,buy,rebalance,96.906,2.5517692474819505e-06,0.0002472817506964859,2.472817506964859e-07
2018-03-13,128034,buy,rebalance,98.102,7.4991833634711435e-06,0.0007356848863232461,7.356848863232461e-07
2018-03-13,128032,buy,rebalance,104.998,4.576256626678456e-20,4.8049779328798456e-18,4.8049779328798455e-21
2018-03-13,128030,buy,rebalance,104.69,6.591832210107936e-08,6.900989140761999e-06,6.900989140761999e-09
2018-03-13,113018,buy,rebalance,105.99,6.369797681482431e-06,0.0006751348562603228,6.751348562603228e-07
2018-03-13,128033,buy,rebalance,100.25,5.92481489834704e-06,0.0005939626935592907,5.939626935592907e-07
2018-03-13,113503,buy,rebalance,106.33,5.020170939891945e-06,0.0005337947760387105,5.337947760387105e-07
2018-03-13,110042,buy,rebalance,106.35,5.266775912820791e-06,0.0005601216183284911,5.60121618328491e-07
2018-03-13,113009,buy,rebalance,112.01,0.0003169797113970815,0.0355048974735871,3.55048974735871e-05
2018-03-13,128018,buy,rebalance,96.501,2.0121485671039575e-06,0.00019417434887409902,1.9417434887409903e-07
2018-03-13,123004,buy,rebalance,102.97,9.155557525819058e-06,0.0009427477584335884,9.427477584335883e-07
2018-03-13,128023,buy,rebalance,95.108,0.0003733113667997129,0.0355048974735871,3.55048974735871e-05
2018-03-13,128019,buy,rebalance,99.48,0.00035690488011245574,0.0355048974735871,3.55048974735871e-05
2018-03-21,123004,sell,rebalance,101.5,0.0004938732634393248,0.05012813623909146,5.012813623909146e-05
2018-03-21,128019,sell,rebalance,97.1,0.00035690488011245574,0.034655463858919454,3.4655463858919455e-05
2018-03-21,128032,sell,rebalance_resize,105.1,2.5574624275679473e-06,0.00026878930113739125,2.6878930113739125e-07
2018-03-21,128025,sell,rebalance_resize,102.401,6.8321177078866e-06,0.0006996156854052957,6.996156854052957e-07
2018-03-21,123005,sell,rebalance_resize,124.64,3.293076970594922e-05,0.00410449113614951,4.10449113614951e-06
2018-03-21,110042,sell,rebalance_resize,107.0,2.636272730650414e-06,0.0002820811821795943,2.820811821795943e-07
2018-03-21,128027,sell,rebalance_resize,109.847,1.3442758039102241e-06,0.00014766466423212637,1.4766466423212638e-07
2018-03-21,113017,buy,rebalance,101.29,2.9530874207690575e-06,0.00029911822484969785,2.991182248496979e-07
2018-03-21,110043,buy,rebalance,96.54,0.0003418124349853364,0.03299857247348438,3.299857247348438e-05
2018-03-21,128026,buy,rebalance,95.808,3.17442919125331e-06,0.00030413571195559715,3.0413571195559714e-07
2018-03-21,128025,buy,rebalance,102.401,4.379785940848653e-20,4.484944601288429e-18,4.484944601288429e-21
2018-03-21,110041,buy,rebalance,102.3,1.5971004514999554e-06,0.00016338337618844543,1.6338337618844544e-07
2018-03-21,128034,buy,rebalance,95.388,1.0280328607685608e-05,0.0009806199852299149,9.80619985229915e-07
2018-03-21,113018,buy,rebalance,103.68,7.429652178916276e-06,0.0007703063379100396,7.703063379100396e-07
2018-03-21,128030,buy,rebalance,103.5,2.2910215790026654e-06,0.00023712073342677586,2.3712073342677586e-07
2018-03-21,113503,buy,rebalance,105.32,3.0860225925237425e-06,0.0003250198994446005,3.2501989944460054e-07
2018-03-21,128014,buy,rebalance,104.6,5.753268069569191e-06,0.0006017918400769373,6.017918400769373e-07
2018-03-21,128018,buy,rebalance,96.178,2.592756828806866e-07,2.4936616628098676e-05,2.4936616628098677e-08
2018-03-21,128015,buy,rebalance,107.0,1.6018153709487965e-06,0.00017139424469152123,1.7139424469152124e-07
2018-03-21,113016,buy,rebalance,100.33,0.00032890035356806916,0.03299857247348438,3.299857247348438e-05
2018-03-21,128033,buy,rebalance,100.0,1.1117586400501918e-06,0.00011117586400501917,1.1117586400501917e-07
2018-03-21,128023,buy,rebalance,95.12,0.00010562589354385782,0.010047134993891756,1.0047134993891757e-05
2018-03-21,113009,buy,rebalance,111.9,9.001400536019217e-05,0.010072567199805505,1.0072567199805505e-05
2018-04-02,123005,sell,rebalance,131.5,0.00040961030723262403,0.05386375540109006,5.3863755401090065e-05
2018-04-02,128027,sell,rebalance,117.658,0.00046477217123339065,0.05468416412297828,5.468416412297828e-05
2018-04-02,128033,sell,rebalance,99.538,0.0005099299852539041,0.050757410872203104,5.0757410872203104e-05
2018-04-02,128023,sell,rebalance,94.498,0.00047893726034357073,0.04525861322794675,4.525861322794675e-05
2018-04-02,128026,sell,rebalance_resize,98.401,8.144050304616874e-06,0.0008013826940246049,8.013826940246049e-07
2018-04-02,113503,sell,rebalance_resize,111.86,2.29924050267875e-05,0.0025719304262964496,2.5719304262964496e-06
2018-04-02,110042,sell,rebalance_resize,113.48,2.3637684896765306e-05,0.002682404482084927,2.682404482084927e-06
2018-04-02,128015,sell,rebalance_resize,109.45,6.0631328874921626e-06,0.0006636098945360172,6.636098945360173e-07
2018-04-02,113505,buy,rebalance,104.3,0.00039972468350828823,0.04169128448991446,4.169128448991446e-05
2018-04-02,113017,buy,rebalance,99.9,1.0310797955724957e-05,0.0010300487157769232,1.0300487157769233e-06
2018-04-02,110043,buy,rebalance,94.31,0.0001651583290737782,0.015576082014948023,1.5576082014948023e-05
2018-04-02,128030,buy,rebalance,103.4,4.609964316430654e-06,0.0004766703103189297,4.7667031031892967e-07
2018-04-02,110041,buy,rebalance,101.6,6.758253815381386e-06,0.0006866385876427487,6.866385876427487e-07
2018-04-02,128034,buy,rebalance,93.43,1.719389606014574e-05,0.0016064257088994165,1.6064257088994165e-06
2018-04-02,128032,buy,rebalance,104.9,3.912397673389951e-06,0.0004104105159386058,4.1041051593860583e-07
2018-04-02,113009,buy,rebalance,108.85,5.3303368949783446e-05,0.005802071710183928,5.802071710183928e-06
2018-04-02,113018,buy,rebalance,102.09,1.2755306399860029e-05,0.0013021892303617104,1.3021892303617105e-06
2018-04-02,113012,buy,rebalance,105.55,0.0003949908525809044,0.04169128448991446,4.169128448991446e-05
2018-04-02,128025,buy,rebalance,101.987,4.8919879554250415e-06,0.0004989191756099337,4.989191756099337e-07
2018-04-02,128014,buy,rebalance,103.93,8.290852579930278e-06,0.0008616683086321539,8.616683086321539e-07
2018-04-02,123002,buy,rebalance,108.11,0.00038563763287313344,0.04169128448991446,4.169128448991446e-05
2018-04-02,128018,buy,rebalance,95.8,5.274187605410983e-06,0.0005052671725983721,5.052671725983721e-07
2018-04-02,113019,buy,rebalance,103.66,0.0004021925958895858,0.04169128448991446,4.169128448991446e-05
2018-04-02,128015,buy,rebalance,109.45,5.135967603222856e-20,5.621316541727416e-18,5.621316541727416e-21
2018-04-02,113016,buy,rebalance,98.9,0.00015510209618551155,0.015339597312747092,1.533959731274709e-05
2018-04-11,128018,sell,rebalance,95.16,0.000535958799031323,0.051001839315820696,5.10018393158207e-05
2018-04-11,113009,sell,rebalance,108.24,0.00046029708570705715,0.049822556556931866,4.982255655693187e-05
2018-04-11,113016,sell,rebalance,99.77,0.0004840024497535807,0.04828892441191474,4.828892441191474e-05
2018-04-11,113018,sell,rebalance_resize,103.72,4.177763397540497e-06,0.00043331761959290033,4.3331761959290036e-07
2018-04-11,128025,sell,rebalance_resize,105.453,1.4696420769066258e-05,0.0015497816593603442,1.5497816593603442e-06
2018-04-11,128015,sell,rebalance_resize,110.103,2.0777981987179454e-06,0.00022877181507344194,2.2877181507344193e-07
2018-04-11,128014,sell,rebalance_resize,105.84,6.253153436998091e-06,0.0006618337597718779,6.61833759771878e-07
2018-04-11,128036,buy,rebalance,98.759,0.00039375646286315426,0.03888699451590225,3.8886994515902255e-05
2018-04-11,113017,buy,rebalance,99.51,3.9400740338452355e-06,0.0003920767671079394,3.920767671079394e-07
2018-04-11,128026,buy,rebalance,97.28,5.154048085618233e-06,0.0005013857977689418,5.013857977689417e-07
2018-04-11,113505,buy,rebalance,105.16,6.820513892722532e-05,0.007172452409587015,7.172452409587015e-06
2018-04-11,110043,buy,rebalance,94.79,2.7745068701321768e-05,0.0026299550621982906,2.6299550621982905e-06
2018-04-11,128034,buy,rebalance,93.458,3.5479433731275446e-06,0.00033158369176575404,3.3158369176575405e-07
2018-04-11,128030,buy,rebalance,103.26,1.8962273049719899e-06,0.00019580443151140769,1.9580443151140768e-07
2018-04-11,110041,buy,rebalance,101.36,2.6826240187296457e-06,0.00027191077053843687,2.7191077053843687e-07
2018-04-11,113503,buy,rebalance,110.69,4.202480964114639e-06,0.0004651726179178494,4.651726179178494e-07
2018-04-11,128032,buy,rebalance,104.004,4.448454793502775e-06,0.0004626570923434626,4.6265709234346257e-07
2018-04-11,113012,buy,rebalance,105.17,7.174155179255944e-05,0.007545059002023477,7.5450590020234765e-06
2018-04-11,110042,buy,rebalance,111.58,6.355524056887516e-06,0.000709149374267509,7.09149374267509e-07
2018-04-11,123002,buy,rebalance,108.703,6.67808421659134e-05,0.007259277885961284,7.259277885961284e-06
2018-04-11,128023,buy,rebalance,94.722,0.0004105381486444781,0.03888699451590225,3.8886994515902255e-05
2018-04-11,113019,buy,rebalance,104.8,6.761341896823132e-05,0.007085886307870642,7.085886307870642e-06
2018-04-11,123009,buy,rebalance,119.15,0.000326370075668504,0.03888699451590225,3.8886994515902255e-05
2018-04-23,128034,sell,rebalance,97.34,0.000550339691097232,0.053570065531404566,5.3570065531404566e-05
2018-04-23,113019,sell,rebalance,103.82,0.0004698060148578171,0.048775260462538564,4.877526046253857e-05
2018-04-23,128023,sell,rebalance,94.05,0.0004105381486444781,0.03861111288001316,3.8611112880013164e-05
2018-04-23,113017,sell,rebalance_resize,99.28,9.818544489910578e-07,9.747850969583222e-05,9.747850969583222e-08
2018-04-23,110042,sell,rebalance_resize,115.29,1.577932938779876e-05,0.0018191988851193192,1.8191988851193192e-06
2018-04-23,113503,sell,rebalance_resize,113.95,1.4971918624540705e-05,0.0017060501272664133,1.7060501272664133e-06
2018-04-23,128015,sell,rebalance_resize,111.127,7.4082640072925265e-06,0.0008232581543383966,8.232581543383966e-07
2018-04-23,128038,buy,rebalance,96.07,0.00039783425043737793,0.038219936439518896,3.82199364395189e-05
2018-04-23,128036,buy,rebalance,95.511,0.00010621660716044547,0.010144854366501307,1.0144854366501306e-05
2018-04-23,113017,buy,rebalance,99.28,5.2175717010686886e-20,5.180005184820994e-18,5.180005184820994e-21
2018-04-23,113505,buy,rebalance,104.15,1.765234057469814e-05,0.0018384912708548113,1.8384912708548114e-06
2018-04-23,128026,buy,rebalance,95.0,8.04226606967954e-06,0.0007640152766195563,7.640152766195564e-07
2018-04-23,128030,buy,rebalance,99.88,1.0499941657023231e-05,0.0010487341727034804,1.0487341727034804e-06
2018-04-23,110041,buy,rebalance,100.12,2.788928679684714e-06,0.00027922753941003357,2.792275394100336e-07
2018-04-23,110042,buy,rebalance,115.29,4.4930221049709375e-20,5.180005184820994e-18,5.180005184820994e-21
2018-04-23,113018,buy,rebalance,101.01,7.4110571260332805e-06,0.0007485908803006217,7.485908803006217e-07
2018-04-23,128025,buy,rebalance,101.35,1.2238124227869255e-05,0.001240333890494549,1.240333890494549e-06
2018-04-23,110043,buy,rebalance,94.85,3.7766747267132706e-06,0.0003582175978287537,3.582175978287537e-07
2018-04-23,127005,buy,rebalance,104.191,0.0003668256993360165,0.038219936439518896,3.82199364395189e-05
2018-04-23,128032,buy,rebalance,101.229,8.686122177337649e-06,0.0008792874618897129,8.792874618897129e-07
2018-04-23,123002,buy,rebalance,110.223,9.012735368808133e-06,0.000993410730556139,9.93410730556139e-07
2018-04-23,113012,buy,rebalance,103.7,2.0138679026159867e-05,0.002088381015012778,2.0883810150127784e-06
2018-04-23,123009,buy,rebalance,117.73,8.099964079662431e-05,0.00953608771098658,9.53608771098658e-06
2018-04-23,128014,buy,rebalance,103.0,7.531201834277651e-06,0.0007757137889305981,7.757137889305981e-07
2018-04-23,123005,buy,rebalance,127.6,0.0002995292824413707,0.038219936439518896,3.82199364395189e-05
2018-05-11,110043,sell,rebalance,98.55,0.0005384925074871496,0.053068436612858594,5.3068436612858593e-05
2018-05-11,123009,sell,rebalance,129.0,0.0004073697164651283,0.05255069342400155,5.255069342400155e-05
2018-05-11,127005,sell,rebalance,105.052,0.0003668256993360165,0.03853577336664721,3.853577336664721e-05
2018-05-11,123005,sell,rebalance,152.18,0.0002995292824413707,0.04558236620192779,4.5582366201927796e-05
2018-05-11,113505,sell,rebalance_resize,109.3,7.2152200443514435e-06,0.0007886235508476128,7.886235508476128e-07
2018-05-11,128032,sell,rebalance_resize,104.511,2.5241650866439997e-06,0.000263803017370251,2.63803017370251e-07
2018-05-11,128014,sell,rebalance_resize,106.02,1.3408530508885237e-06,0.00014215724045520128,1.421572404552013e-07
2018-05-11,113503,sell,rebalance_resize,117.17,3.0629431427030834e-06,0.0003588850480305203,3.588850480305203e-07
2018-05-11,123002,sell,rebalance_resize,118.1,1.8708883005919978e-05,0.0022095190829991493,2.2095190829991492e-06
2018-05-11,128038,buy,rebalance,96.433,0.00011495323274937992,0.011085285093720955,1.1085285093720956e-05
2018-05-11,128037,buy,rebalance,95.81,0.0004345522775954822,0.04163445371642315,4.163445371642315e-05
2018-05-11,128034,buy,rebalance,99.11,0.0004200832783414706,0.04163445371642315,4.163445371642315e-05
2018-05-11,113017,buy,rebalance,97.79,1.511507275312354e-05,0.001478102964527951,1.478102964527951e-06
2018-05-11,113507,buy,rebalance,101.01,0.00041218150397409316,0.04163445371642315,4.163445371642315e-05
2018-05-11,128026,buy,rebalance,95.533,8.847793477431126e-06,0.0008452562542794279,8.452562542794279e-07
2018-05-11,128036,buy,rebalance,97.188,3.0267070507958816e-05,0.0029415960485275013,2.9415960485275016e-06
2018-05-11,128025,buy,rebalance,103.401,3.7077544298798496e-06,0.0003833855158040063,3.833855158040063e-07
2018-05-11,110041,buy,rebalance,101.0,5.78300260512731e-06,0.0005840832631178583,5.840832631178584e-07
2018-05-11,128014,buy,rebalance,106.02,5.211635040748744e-20,5.525375470201818e-18,5.525375470201818e-21
2018-05-11,113018,buy,rebalance,102.15,5.9797532347504825e-06,0.0006108317929297618,6.108317929297619e-07
2018-05-11,128019,buy,rebalance,99.61,0.00041797463825341984,0.04163445371642315,4.163445371642315e-05
2018-05-11,113012,buy,rebalance,103.5,1.4574422653263706e-05,0.0015084527446127935,1.5084527446127935e-06
2018-05-11,128030,buy,rebalance,96.801,2.477072846605227e-05,0.002397831286242326,2.397831286242326e-06
2018-05-11,128015,buy,rebalance,107.1,2.18823726786393e-05,0.002343602113882269,2.343602113882269e-06
2018-05-11,110042,buy,rebalance,110.96,2.1605999464773822e-05,0.0023974017006113033,2.397401700611303e-06
2018-05-22,128015,sell,rebalance,106.305,0.0004825953259879601,0.0513022961291501,5.1302296129150096e-05
2018-05-22,123007,sell,rebalance,123.85,0.00042038484134061745,0.05206466260003547,5.206466260003547e-05
2018-05-22,128030,sell,rebalance,96.38,0.0005337970304104137,0.05144735779095567,5.144735779095567e-05
2018-05-22,110042,sell,rebalance,110.83,0.0004656830951574175,0.05161165743629658,5.161165743629658e-05
2018-05-22,113012,sell,rebalance,102.95,0.0005014455060528874,0.05162381484814476,5.162381484814476e-05
2018-05-22,123002,sell,rebalance,113.497,0.000442722327401935,0.050247655993137415,5.024765599313742e-05
2018-05-22,128026,sell,rebalance_resize,97.11,7.11742588688007e-06,0.0006911732278749236,6.911732278749236e-07
2018-05-22,128014,sell,rebalance_resize,106.3,1.7494673252723294e-06,0.0001859683766764486,1.8596837667644861e-07
2018-05-22,128032,sell,rebalance_resize,105.604,5.631373714942458e-06,0.0005946955897927833,5.946955897927833e-07
2018-05-22,128038,buy,rebalance,96.071,2.650281473604478e-05,0.002546151914506558,2.546151914506558e-06
2018-05-22,128034,buy,rebalance,98.902,9.255373316473112e-05,0.009153749317458238,9.153749317458237e-06
2018-05-22,110043,buy,rebalance,101.35,0.0004413251623333994,0.04472830520249003,4.4728305202490026e-05
2018-05-22,128037,buy,rebalance,94.806,9.970365944716768e-05,0.00945250513754818,9.45250513754818e-06
2018-05-22,113017,buy,rebalance,97.34,5.00617749127542e-06,0.00048730131700074937,4.873013170007494e-07
2018-05-22,113506,buy,rebalance,106.4,0.0004203788082940792,0.04472830520249003,4.4728305202490026e-05
2018-05-22,113505,buy,rebalance,106.21,1.1530609686188554e-05,0.0012246660547700862,1.2246660547700861e-06
2018-05-22,113508,buy,rebalance,103.93,0.00043036952951496226,0.04472830520249003,4.4728305202490026e-05
2018-05-22,113507,buy,rebalance,105.4,7.143808187933773e-05,0.007529573830082197,7.529573830082197e-06
2018-05-22,128025,buy,rebalance,102.15,5.713243152320089e-06,0.0005836077880094972,5.836077880094971e-07
2018-05-22,110041,buy,rebalance,100.27,4.084959251042967e-06,0.0004095988641020783,4.095988641020783e-07
2018-05-22,127006,buy,rebalance,105.085,0.0004256392939286295,0.04472830520249003,4.4728305202490026e-05
2018-05-22,113018,buy,rebalance,101.74,2.6730532332636686e-06,0.0002719564359522456,2.719564359522456e-07
2018-05-22,113503,buy,rebalance,116.53,1.7466574278035139e-06,0.00020353799006194348,2.035379900619435e-07
2018-05-22,128019,buy,rebalance,100.06,8.912534962315062e-05,0.008917882483292451,8.917882483292452e-06
2018-05-22,113502,buy,rebalance,95.33,0.000469194431999266,0.04472830520249003,4.4728305202490026e-05
2018-05-22,128033,buy,rebalance,96.3,0.0004644683821650055,0.04472830520249003,4.4728305202490026e-05
2018-05-31,128032,sell,rebalance,103.0,0.0004946557431069091,0.05094954154001164,5.094954154001164e-05
2018-05-31,128019,sell,rebalance,97.5,0.0005070999878765705,0.04944224881796562,4.944224881796562e-05
2018-05-31,113502,sell,rebalance,91.01,0.000469194431999266,0.0427013852562532,4.27013852562532e-05
2018-05-31,128033,sell,rebalance,91.5,0.0004644683821650055,0.042498856968098,4.2498856968098e-05
2018-05-31,128026,sell,rebalance_resize,95.65,1.3469027117694549e-05,0.0012883124438074836,1.2883124438074836e-06
2018-05-31,113017,sell,rebalance_resize,94.36,4.1876983636362656e-06,0.00039515121759271804,3.9515121759271804e-07
2018-05-31,128014,sell,rebalance_resize,102.705,2.98948261932624e-06,0.0003070348124179015,3.070348124179015e-07
2018-05-31,110041,sell,rebalance_resize,99.0,1.3577292029430125e-05,0.0013441519109135824,1.3441519109135824e-06
2018-05-31,113018,sell,rebalance_resize,97.9,5.937225705409965e-07,5.812543965596356e-05,5.8125439655963567e-08
2018-05-31,128038,buy,rebalance,91.35,7.727990770817226e-06,0.0007059519569141536,7.059519569141536e-07
2018-05-31,110043,buy,rebalance,97.03,5.936878485218388e-05,0.005760553194207402,5.760553194207402e-06
2018-05-31,128037,buy,rebalance,90.73,1.4622051951252379e-05,0.0013266587735371283,1.3266587735371284e-06
2018-05-31,128034,buy,rebalance,94.616,1.3767575947765687e-05,0.0013026329658737982,1.3026329658737982e-06
2018-05-31,128026,buy,rebalance,95.65,5.691742979795098e-20,5.444152160174011e-18,5.444152160174011e-21
2018-05-31,113506,buy,rebalance,101.9,5.6417326733492094e-05,0.0057489255941428445,5.748925594142845e-06
2018-05-31,113507,buy,rebalance,100.57,1.1907440747996344e-05,0.0011975313160259922,1.1975313160259923e-06
2018-05-31,128025,buy,rebalance,97.13,4.738543108200238e-06,0.00046025469209948916,4.602546920994892e-07
2018-05-31,113503,buy,rebalance,104.0,2.6960445997019975e-05,0.0028038863836900773,2.8038863836900775e-06
2018-05-31,113505,buy,rebalance,101.2,4.5455840324914475e-06,0.0004600131040881345,4.600131040881345e-07
2018-05-31,113016,buy,rebalance,94.91,0.0004146863384578943,0.039357880383038744,3.9357880383038744e-05
2018-05-31,128015,buy,rebalance,98.0,0.0004016110243167219,0.039357880383038744,3.9357880383038744e-05
2018-05-31,113508,buy,rebalance,98.75,6.0899331321214836e-05,0.006013808967969965,6.013808967969965e-06
2018-05-31,127006,buy,rebalance,101.699,5.305340171706221e-05,0.00539547790122351,5.3954779012235104e-06
2018-05-31,128030,buy,rebalance,94.411,0.0004168781220730502,0.039357880383038744,3.9357880383038744e-05
2018-05-31,123009,buy,rebalance,119.7,0.0003288043473938074,0.039357880383038744,3.9357880383038744e-05
2018-06-12,113018,sell,rebalance,98.0,0.0005123998594019396,0.050215186221390075,5.0215186221390074e-05
2018-06-12,123009,sell,rebalance,126.61,0.0003288043473938074,0.041629918423529956,4.1629918423529954e-05
2018-06-12,128026,sell,rebalance_resize,96.33,2.299451861958104e-06,0.00022150619786242415,2.2150619786242414e-07
2018-06-12,128036,sell,rebalance_resize,95.499,3.542811795975207e-06,0.0003383349837038363,3.383349837038363e-07
2018-06-12,113503,sell,rebalance_resize,106.04,6.0288509875861e-07,6.392993587236301e-05,6.392993587236301e-08
2018-06-12,113505,sell,rebalance_resize,102.23,2.4244709609809814e-06,0.00024785366634108574,2.4785366634108576e-07
2018-06-12,113507,sell,rebalance_resize,104.05,1.2114549937136448e-05,0.0012605189209590473,1.2605189209590474e-06
2018-06-12,128014,sell,rebalance_resize,108.75,2.590733119155009e-05,0.0028174222670810725,2.8174222670810724e-06
2018-06-12,128038,buy,rebalance,90.63,7.966917153856396e-06,0.0007220417016540052,7.220417016540052e-07
2018-06-12,110043,buy,rebalance,95.95,2.3503006247028843e-05,0.0022551134494024176,2.2551134494024175e-06
2018-06-12,128037,buy,rebalance,90.903,4.444162484385385e-06,0.00040398770231808473,4.0398770231808473e-07
2018-06-12,113017,buy,rebalance,92.01,1.5030782049009378e-05,0.001382982256329353,1.382982256329353e-06
2018-06-12,128034,buy,rebalance,94.33,6.812762939038694e-06,0.00064264792803952,6.4264792803952e-07
2018-06-12,128025,buy,rebalance,95.661,1.0633290744045489e-05,0.0010171912258661354,1.0171912258661355e-06
2018-06-12,113506,buy,rebalance,99.97,2.6317824834019116e-05,0.002630992948656891,2.6309929486568907e-06
2018-06-12,113016,buy,rebalance,95.05,0.00011437878676269396,0.01087170368179406,1.0871703681794061e-05
2018-06-12,128015,buy,rebalance,97.5,0.00011415685598631633,0.011130293458665843,1.1130293458665842e-05
2018-06-12,113508,buy,rebalance,100.0,1.1709512406148336e-05,0.0011709512406148335,1.1709512406148335e-06
2018-06-12,128030,buy,rebalance,93.29,0.00012216238034325723,0.011396528462222466,1.1396528462222467e-05
2018-06-12,110041,buy,rebalance,97.91,7.013688337549316e-06,0.0006867102251294535,6.867102251294535e-07
2018-06-12,113012,buy,rebalance,98.9,0.0005080510685487528,0.05024625067947165,5.024625067947165e-05
2018-06-12,127006,buy,rebalance,100.55,2.152404431265587e-05,0.0021642426556375475,2.1642426556375475e-06
2018-06-21,110041,sell,rebalance,95.01,0.0005137202159683562,0.048808557719153524,4.8808557719153525e-05
2018-06-21,113508,sell,rebalance,96.4,0.0005029783732423255,0.048487115180560175,4.848711518056018e-05
2018-06-21,127006,sell,rebalance,98.11,0.0005002167399583476,0.04907626435731348,4.907626435731348e-05
2018-06-21,113012,sell,rebalance,96.41,0.0005080510685487528,0.04898120351878525,4.898120351878525e-05
2018-06-21,128038,sell,rebalance_resize,86.88,2.9292472218578503e-06,0.00025449299863501,2.5449299863501003e-07
2018-06-21,128037,sell,rebalance_resize,87.36,4.299467350612114e-06,0.0003756014677494743,3.756014677494743e-07
2018-06-21,110043,sell,rebalance_resize,93.9,1.3412909924691779e-05,0.0012594722419285581,1.2594722419285581e-06
2018-06-21,128025,sell,rebalance_resize,91.51,1.6698234471599104e-06,0.00015280554364960341,1.5280554364960342e-07
2018-06-21,128030,sell,rebalance_resize,90.05,6.41838486612723e-06,0.000577975557194757,5.77975557194757e-07
2018-06-21,128014,sell,rebalance_resize,106.5,1.2166912066082163e-05,0.0012957761350377503,1.2957761350377502e-06
2018-06-21,128034,sell,rebalance_resize,93.17,1.8431242360444864e-05,0.001717238850722648,1.717238850722648e-06
2018-06-21,113017,sell,rebalance_resize,90.17,1.4740487960447598e-05,0.00132914979939356,1.32914979939356e-06
2018-06-21,113016,sell,rebalance_resize,92.61,1.1166176020785581e-05,0.0010340995612849527,1.0340995612849527e-06
2018-06-21,128036,buy,rebalance,91.0,3.6406961188268586e-07,3.313033468132441e-05,3.313033468132441e-08
2018-06-21,113503,buy,rebalance,97.3,1.8575652207570934e-05,0.0018074109597966518,1.807410959796652e-06
2018-06-21,113505,buy,rebalance,92.97,2.3850076596778318e-05,0.0022173416212024804,2.2173416212024803e-06
2018-06-21,113506,buy,rebalance,90.51,2.6773377923575937e-05,0.002423258435862858,2.4232584358628583e-06
2018-06-21,113507,buy,rebalance,97.68,7.597457036960324e-06,0.0007421196033702845,7.421196033702845e-07
2018-06-21,128026,buy,rebalance,86.991,2.9167498081269416e-05,0.0025373098255877078,2.5373098255877077e-06
2018-06-21,123002,buy,rebalance,100.38,0.000477314414706515,0.047912820948239974,4.7912820948239975e-05
2018-06-21,128032,buy,rebalance,95.001,0.0005043401748217384,0.047912820948239974,4.7912820948239975e-05
2018-06-21,128019,buy,rebalance,92.083,0.0005203221110111527,0.047912820948239974,4.7912820948239975e-05
2018-06-21,128015,buy,rebalance,90.02,1.7014054046848875e-05,0.0015316051452973357,1.5316051452973357e-06
2018-06-21,128022,buy,rebalance,100.0,0.00047912820948239974,0.047912820948239974,4.7912820948239975e-05
2018-07-11,128037,sell,rebalance,85.47,0.0005490226841276754,0.04692496881239242,4.6924968812392425e-05
2018-07-11,128015,sell,rebalance,95.0,0.0005327819343498871,0.05061428376323928,5.061428376323928e-05
2018-07-11,123002,sell,rebalance,102.02,0.000477314414706515,0.04869561658835866,4.869561658835866e-05
2018-07-11,128019,sell,rebalance,91.22,0.0005203221110111527,0.04746378296643734,4.746378296643734e-05
2018-07-11,128022,sell,rebalance,100.008,0.00047912820948239974,0.04791665397391583,4.791665397391583e-05
2018-07-11,113506,sell,rebalance_resize,97.98,3.523703267579749e-05,0.003452524461574638,3.4525244615746383e-06
2018-07-11,110043,sell,rebalance_resize,95.0,6.173393540682167e-07,5.864723863648059e-05,5.8647238636480586e-08
2018-07-11,128025,sell,rebalance_resize,93.6,6.326973690996651e-06,0.0005922047374772865,5.922047374772865e-07
2018-07-11,113503,sell,rebalance_resize,99.56,6.115876855416587e-06,0.0006088966997252754,6.088966997252753e-07
2018-07-11,128034,sell,rebalance_resize,94.4,1.3768188946803602e-06,0.000129971703657826,1.29971703657826e-07
2018-07-11,128030,sell,rebalance_resize,91.309,1.8328536811644619e-06,0.00016735603677344585,1.6735603677344585e-07
2018-07-11,128032,sell,rebalance_resize,97.6,7.763977131001124e-06,0.0007577641679857096,7.577641679857096e-07
2018-07-11,128039,buy,rebalance,88.723,0.0005457016736392973,0.04841628959029938,4.8416289590299384e-05
2018-07-11,128036,buy,rebalance,89.177,1.6400930980510225e-05,0.0014625858220489606,1.4625858220489606e-06
2018-07-11,128038,buy,rebalance,87.45,2.153808603024179e-06,0.00018835056233446445,1.8835056233446445e-07
2018-07-11,128026,buy,rebalance,87.157,4.749011503839564e-06,0.00041390959564014486,4.139095956401449e-07
2018-07-11,113016,buy,rebalance,89.99,2.0649059219208467e-05,0.00185820883913657,1.8582088391365701e-06
2018-07-11,113505,buy,rebalance,93.0,5.2639019367699825e-06,0.0004895428801196084,4.895428801196084e-07
2018-07-11,128014,buy,rebalance,107.5,4.912363948270643e-07,5.2807912443909414e-05,5.280791244390942e-08
2018-07-11,113017,buy,rebalance,91.07,2.6867470275437765e-07,2.4468205179841172e-05,2.4468205179841172e-08
2018-07-11,128033,buy,rebalance,97.58,0.0004961702151086225,0.04841628959029938,4.8416289590299384e-05
2018-07-11,128030,buy,rebalance,91.309,7.591584811375835e-20,6.931800175419162e-18,6.931800175419161e-21
2018-07-11,113012,buy,rebalance,95.42,0.0005074019030632926,0.04841628959029938,4.8416289590299384e-05
2018-07-11,128032,buy,rebalance,97.6,7.102254278093403e-20,6.931800175419162e-18,6.931800175419161e-21
2018-07-11,113507,buy,rebalance,98.06,3.2335132627430635e-06,0.00031707831054458483,3.1707831054458484e-07
2018-07-11,113509,buy,rebalance,97.2,0.0004981099752088414,0.04841628959029938,4.8416289590299384e-05
2018-07-11,113508,buy,rebalance,99.1,0.0004885599353208818,0.04841628959029938,4.8416289590299384e-05
2018-07-23,128026,sell,rebalance,92.121,0.000556070233211388,0.051225745953666274,5.1225745953666274e-05
2018-07-23,128032,sell,rebalance,99.3,0.0004965761976907374,0.04931001643069022,4.931001643069022e-05
2018-07-23,113509,sell,rebalance,98.61,0.0004981099752088414,0.04911862465534385,4.911862465534385e-05
2018-07-23,110043,sell,rebalance_resize,98.17,1.3371382469555873e-06,0.00013126686170363,1.3126686170363e-07
2018-07-23,128036,sell,rebalance_resize,92.0,5.079979684104898e-07,4.6735813093765066e-05,4.6735813093765064e-08
2018-07-23,113503,sell,rebalance_resize,106.98,1.98737760608677e-05,0.0021260965629916265,2.1260965629916264e-06
2018-07-23,113505,sell,rebalance_resize,98.13,1.2095667949352232e-05,0.0011869478958699345,1.1869478958699346e-06
2018-07-23,113016,sell,rebalance_resize,94.39,9.341540730908242e-06,0.000881748029590429,8.81748029590429e-07
2018-07-23,113012,sell,rebalance_resize,100.1,8.382937178377168e-06,0.0008391320115555545,8.391320115555545e-07
2018-07-23,128025,sell,rebalance_resize,97.588,5.933254617210113e-06,0.0005790144515843004,5.790144515843005e-07
2018-07-23,128039,buy,rebalance,91.0,3.2158529383258906e-06,0.00029264261738765605,2.9264261738765603e-07
2018-07-23,128040,buy,rebalance,95.499,0.0005225189348340274,0.049900035757714775,4.9900035757714776e-05
2018-07-23,113506,buy,rebalance,100.9,4.116908753781605e-07,4.1539609325656395e-05,4.153960932565639e-08
2018-07-23,128038,buy,rebalance,89.68,2.787770075934821e-06,0.00025000722040983476,2.5000722040983475e-07
2018-07-23,113505,buy,rebalance,98.13,7.063796444130356e-20,6.931703450625117e-18,6.931703450625117e-21
2018-07-23,128034,buy,rebalance,97.292,1.2135648378642566e-08,1.1807015020548925e-06,1.1807015020548926e-09
2018-07-23,128014,buy,rebalance,109.4,5.747338833295699e-06,0.0006287588683625495,6.287588683625495e-07
2018-07-23,113511,buy,rebalance,100.6,0.0004960242123033278,0.049900035757714775,4.9900035757714776e-05
2018-07-23,113017,buy,rebalance,92.75,6.375283486045656e-06,0.0005913075433307346,5.913075433307346e-07
2018-07-23,113507,buy,rebalance,99.02,1.020767393023204e-05,0.0010107638725715767,1.0107638725715767e-06
2018-07-23,113510,buy,rebalance,96.63,0.0005164031435135546,0.049900035757714775,4.9900035757714776e-05
2018-07-23,128033,buy,rebalance,97.6,1.5614801200133978e-05,0.001524004597133076,1.524004597133076e-06
2018-07-23,113508,buy,rebalance,100.39,9.008153128121005e-06,0.0009043284925320677,9.043284925320678e-07
2018-07-23,128030,buy,rebalance,93.75,2.027816460107401e-06,0.00019010779313506884,1.9010779313506884e-07
2018-07-31,113511,sell,rebalance,98.7,0.0004960242123033278,0.048957589754338456,4.8957589754338456e-05
2018-07-31,113510,sell,rebalance,96.2,0.0005164031435135546,0.049677982406003955,4.967798240600396e-05
2018-07-31,128025,sell,rebalance_resize,100.698,1.9575716270351314e-05,0.0019712354769918367,1.971235476991837e-06
2018-07-31,110043,sell,rebalance_resize,97.48,2.897576519860798e-07,2.8245575915603057e-05,2.8245575915603057e-08
2018-07-31,128039,sell,rebalance_resize,95.38,2.9181098514206623e-05,0.0027832931762850274,2.7832931762850273e-06
2018-07-31,128033,sell,rebalance_resize,98.351,7.748854920578703e-06,0.0007621076302938359,7.62107630293836e-07
2018-07-31,113508,sell,rebalance_resize,103.41,1.8190267071102416e-05,0.0018810555178227007,1.8810555178227008e-06
2018-07-31,113012,sell,rebalance_resize,99.75,2.0519432414200066e-06,0.00020468133833164567,2.0468133833164568e-07
2018-07-31,128030,sell,rebalance_resize,93.106,3.8672666030825427e-07,3.600657243466032e-05,3.6006572434660326e-08
2018-07-31,110044,buy,rebalance,95.1,0.0005207083344700832,0.049519362608104904,4.9519362608104904e-05
2018-07-31,128038,buy,rebalance,88.89,6.849379427721822e-07,6.0884133733019276e-05,6.088413373301928e-08
2018-07-31,128036,buy,rebalance,90.847,2.7125181413231917e-06,0.000246424135584788,2.46424135584788e-07
2018-07-31,113505,buy,rebalance,96.08,6.905457974922474e-06,0.0006634764022305514,6.634764022305514e-07
2018-07-31,113506,buy,rebalance,98.41,8.6626906056581e-06,0.0008524953825028136,8.524953825028137e-07
2018-07-31,113017,buy,rebalance,92.0,2.7354736513100485e-07,2.5166357592052445e-05,2.5166357592052445e-08
2018-07-31,128014,buy,rebalance,103.731,2.1279718284656567e-05,0.00220736645738571,2.20736645738571e-06
2018-07-31,128040,buy,rebalance,94.058,4.5176264667783045e-06,0.0004249189102122338,4.2491891021223383e-07
2018-07-31,128034,buy,rebalance,95.95,3.2240031530230764e-06,0.0003093431025325642,3.093431025325642e-07
2018-07-31,128039,buy,rebalance,95.38,7.267206476545702e-20,6.931461537329289e-18,6.93146153732929e-21
2018-07-31,113503,buy,rebalance,103.77,1.0776689051101082e-05,0.0011182970228327592,1.1182970228327593e-06
2018-07-31,113507,buy,rebalance,96.31,1.0255570177849973e-05,0.0009877139638287309,9.87713963828731e-07
2018-07-31,110041,buy,rebalance,98.0,0.00050529961845005,0.049519362608104904,4.9519362608104904e-05
2018-07-31,113016,buy,rebalance,93.38,1.659823954581114e-06,0.00015499436087878442,1.5499436087878443e-07
2018-08-13,128030,sell,rebalance,93.59,0.0005324303536688149,0.04983015679986439,4.983015679986439e-05
2018-08-13,128039,sell,rebalance,97.16,0.0005197364280634167,0.05049759135064156,5.049759135064156e-05
2018-08-13,110041,sell,rebalance,99.17,0.00050529961845005,0.05011056316169146,5.011056316169146e-05
2018-08-13,128036,sell,rebalance_resize,90.9,1.6916111091322847e-06,0.0001537674498201247,1.5376744982012469e-07
2018-08-13,128025,sell,rebalance_resize,102.003,7.524756550490356e-06,0.0007675477424196678,7.675477424196678e-07
2018-08-13,110044,sell,rebalance_resize,95.22,1.4125019788976665e-06,0.0001344984384306358,1.344984384306358e-07
2018-08-13,113505,sell,rebalance_resize,96.55,3.8000296238413024e-06,0.0003668928601818777,3.6689286018187774e-07
2018-08-13,113017,sell,rebalance_resize,92.05,1.6515577818717528e-06,0.00015202589382129483,1.5202589382129484e-07
2018-08-13,110043,sell,rebalance_resize,98.25,5.258900674140229e-06,0.0005166869912342775,5.166869912342776e-07
2018-08-13,128034,sell,rebalance_resize,98.44,1.4335907725846238e-05,0.0014112267565323036,1.4112267565323037e-06
2018-08-13,128036,buy,rebalance,90.9,7.625747044564799e-20,6.931804063509403e-18,6.931804063509403e-21
2018-08-13,127003,buy,rebalance,89.3,0.0005531559480259066,0.049396826158713464,4.939682615871347e-05
2018-08-13,128038,buy,rebalance,88.16,3.1961655394949447e-06,0.0002817739539618743,2.817739539618743e-07
2018-08-13,127007,buy,rebalance,94.411,0.000523210496220922,0.049396826158713464,4.939682615871347e-05
2018-08-13,128014,buy,rebalance,101.01,1.1645786240294848e-05,0.0011763408681321826,1.1763408681321825e-06
2018-08-13,113505,buy,rebalance,96.55,7.179496699647232e-20,6.931804063509403e-18,6.931804063509403e-21
2018-08-13,110043,buy,rebalance,98.25,7.055271311459952e-20,6.931804063509403e-18,6.931804063509403e-21
2018-08-13,113507,buy,rebalance,95.16,4.911542762263159e-06,0.00046738240925696216,4.6738240925696216e-07
2018-08-13,128040,buy,rebalance,92.55,7.233179130434096e-06,0.0006694307285216755,6.694307285216756e-07
2018-08-13,113506,buy,rebalance,98.11,2.7410725354022554e-07,2.6892662644831526e-05,2.6892662644831528e-08
2018-08-13,113508,buy,rebalance,102.15,4.683459553607639e-06,0.0004784153934010203,4.784153934010203e-07
2018-08-13,128034,buy,rebalance,98.44,7.04165386378444e-20,6.931804063509403e-18,6.931804063509403e-21
2018-08-13,113503,buy,rebalance,101.88,7.637916515938304e-06,0.0007781509346437943,7.781509346437944e-07
2018-08-13,113012,buy,rebalance,98.38,5.643074399388091e-06,0.0005551656594118004,5.551656594118004e-07
2018-08-13,113513,buy,rebalance,106.6,0.0004633848607759237,0.049396826158713464,4.939682615871347e-05
2018-08-13,128033,buy,rebalance,96.24,9.745944140550049e-06,0.0009379496640865366,9.379496640865366e-07
2018-08-13,113016,buy,rebalance,93.01,7.676846993625288e-07,7.14023538877088e-05,7.140235388770881e-08
2018-08-21,113017,sell,rebalance,90.64,0.0005371792413884919,0.048689926439452906,4.8689926439452904e-05
2018-08-21,128034,sell,rebalance,97.51,0.0005023095202134365,0.0489802013160122,4.8980201316012196e-05
2018-08-21,128033,sell,rebalance,94.031,0.0005137821055287279,0.04831144516497181,4.831144516497181e-05
2018-08-21,113012,sell,rebalance,98.5,0.0005026100970428836,0.049507094558724034,4.9507094558724036e-05
2018-08-21,113508,sell,rebalance,102.13,0.000484061280931508,0.04943717862153491,4.9437178621534916e-05
2018-08-21,128040,sell,rebalance,90.473,0.0005342697404312397,0.04833698622603555,4.833698622603555e-05
2018-08-21,113513,sell,rebalance,103.1,0.0004633848607759237,0.04777497914599773,4.777497914599773e-05
2018-08-21,110044,sell,rebalance_resize,94.33,4.198421190838661e-06,0.0003960370709318109,3.960370709318109e-07
2018-08-21,127007,sell,rebalance_resize,92.88,7.162016620922543e-08,6.652081037512858e-06,6.652081037512858e-09
2018-08-21,113016,sell,rebalance_resize,96.12,2.6128994985807366e-05,0.002511518998035804,2.511518998035804e-06
2018-08-21,128014,sell,rebalance_resize,100.68,6.907692504441696e-06,0.00069546648134719,6.9546648134719e-07
2018-08-21,110043,sell,rebalance_resize,96.71,8.598672750965267e-07,8.315776417458509e-05,8.31577641745851e-08
2018-08-21,128041,buy,rebalance,98.439,0.0004930980375359431,0.048540077717000696,4.8540077717000695e-05
2018-08-21,113514,buy,rebalance,94.43,0.0005140323807794207,0.048540077717000696,4.8540077717000695e-05
2018-08-21,128039,buy,rebalance,94.174,0.0005154297122029509,0.048540077717000696,4.8540077717000695e-05
2018-08-21,123013,buy,rebalance,91.32,0.0005315383017630387,0.048540077717000696,4.8540077717000695e-05
2018-08-21,123011,buy,rebalance,94.922,0.00051136804657509,0.048540077717000696,4.8540077717000695e-05
2018-08-21,123010,buy,rebalance,94.3,0.0005147410150265185,0.048540077717000696,4.8540077717000695e-05
2018-08-21,128036,buy,rebalance,87.485,1.1412881113985742e-05,0.0009984559042570426,9.984559042570427e-07
2018-08-21,113516,buy,rebalance,99.2,0.0004893152995665393,0.048540077717000696,4.8540077717000695e-05
2018-08-21,128025,buy,rebalance,99.291,4.592640048495698e-06,0.00045600782305518637,4.560078230551864e-07
2018-08-21,127003,buy,rebalance,87.1,4.693943788979778e-06,0.0004088425040201387,4.088425040201387e-07
2018-08-21,128038,buy,rebalance,86.55,5.204727605324263e-07,4.504691742408149e-05,4.504691742408149e-08
2018-08-21,113505,buy,rebalance,94.62,1.3748994903550699e-06,0.0001300929897773967,1.300929897773967e-07
2018-08-21,113507,buy,rebalance,91.05,1.4020958883522378e-05,0.0012766083063447124,1.2766083063447124e-06
2018-08-21,113506,buy,rebalance,96.38,1.4236551997022483e-07,1.3721188814730269e-05,1.3721188814730268e-08
2018-08-21,113503,buy,rebalance,98.19,9.497420310995178e-06,0.0009325517003366166,9.325517003366166e-07
2018-08-21,128014,buy,rebalance,100.68,6.885069141529321e-20,6.93188761169172e-18,6.93188761169172e-21
2018-08-21,110043,buy,rebalance,96.71,7.167705109804281e-20,6.93188761169172e-18,6.93188761169172e-21
2018-08-31,113503,sell,rebalance,97.2,0.0004948385400403082,0.04809830609191796,4.809830609191796e-05
2018-08-31,128014,sell,rebalance,100.36,0.0004826096425105454,0.048434703722358335,4.843470372235834e-05
2018-08-31,113507,sell,rebalance,91.81,0.0005336391927178617,0.04899341428342688,4.8993414283426876e-05
2018-08-31,110043,sell,rebalance,97.91,0.0005024210403056739,0.04919204405632853,4.919204405632853e-05
2018-08-31,113016,sell,rebalance,96.91,0.0005055049813562393,0.048988487743233146,4.8988487743233144e-05
2018-08-31,127007,sell,rebalance,93.68,0.0005231388760547127,0.049007649908805496,4.90076499088055e-05
2018-08-31,128041,sell,rebalance_resize,100.413,4.628656522091908e-06,0.00046477728735281476,4.6477728735281475e-07
2018-08-31,123013,sell,rebalance_resize,92.83,3.1673445752347926e-06,0.0002940245969190458,2.940245969190458e-07
2018-08-31,113514,sell,rebalance_resize,95.8,2.0420263353304894e-06,0.0001956261229246609,1.956261229246609e-07
2018-08-31,128039,sell,rebalance_resize,98.491,1.7428108444802024e-05,0.0017165118288369962,1.7165118288369962e-06
2018-08-31,123011,sell,rebalance_resize,98.6,1.391697197322551e-05,0.0013722134365600352,1.3722134365600353e-06
2018-08-31,113516,sell,rebalance_resize,103.84,1.696672526238061e-05,0.0017618247512456023,1.7618247512456024e-06
2018-08-31,128038,sell,rebalance_resize,87.505,8.748468684004881e-07,7.655347521938471e-05,7.655347521938471e-08
2018-08-31,127003,sell,rebalance_resize,88.64,4.502915779870186e-06,0.00039913845472769327,3.991384547276933e-07
2018-08-31,123014,buy,rebalance,93.177,0.0005258663188091545,0.04899864598768059,4.899864598768059e-05
2018-08-31,123012,buy,rebalance,91.661,0.0005345637292597788,0.04899864598768059,4.899864598768059e-05
2018-08-31,128043,buy,rebalance,94.82,0.0005167543343986564,0.04899864598768059,4.899864598768059e-05
2018-08-31,128039,buy,rebalance,98.491,7.038019907458233e-20,6.931816187054689e-18,6.931816187054689e-21
2018-08-31,128025,buy,rebalance,98.606,8.056264424182309e-06,0.0007943960098109207,7.943960098109208e-07
2018-08-31,113515,buy,rebalance,99.6,0.0004919542769847449,0.04899864598768059,4.899864598768059e-05
2018-08-31,128036,buy,rebalance,87.956,2.259715966137864e-06,0.000198755577517622,1.98755577517622e-07
2018-08-31,128034,buy,rebalance,100.601,0.00048705923388118,0.04899864598768059,4.899864598768059e-05
2018-08-31,123010,buy,rebalance,95.001,1.5538159194830708e-06,0.00014761406616681122,1.4761406616681122e-07
2018-08-31,113516,buy,rebalance,103.84,6.675477838072697e-20,6.931816187054689e-18,6.931816187054689e-21
2018-08-31,127003,buy,rebalance,88.64,7.820189741713322e-20,6.931816187054689e-18,6.931816187054689e-21
2018-08-31,113505,buy,rebalance,92.58,1.626384250383687e-05,0.0015057065390052175,1.5057065390052175e-06
2018-08-31,110044,buy,rebalance,93.84,7.578950352921095e-06,0.0007112087011181156,7.112087011181155e-07
2018-08-31,113506,buy,rebalance,95.21,1.1010668856140026e-05,0.0010483257817930918,1.0483257817930918e-06
2018-08-31,113513,buy,rebalance,106.35,0.00046073009861476817,0.04899864598768059,4.899864598768059e-05
2018-09-11,113505,sell,rebalance,90.45,0.0005297811466530287,0.04791870471476645,4.7918704714766445e-05
2018-09-11,128038,sell,rebalance,86.55,0.0005605242666789765,0.04851337528106541,4.8513375281065414e-05
2018-09-11,113506,sell,rebalance,94.54,0.0005151518282200555,0.048702453839924054,4.870245383992405e-05
2018-09-11,110044,sell,rebalance,93.99,0.0005226763616532679,0.04912635123179065,4.912635123179065e-05
2018-09-11,113513,sell,rebalance,105.79,0.00046073009861476817,0.04874063713245633,4.874063713245633e-05
2018-09-11,113514,sell,rebalance_resize,96.3,9.005264282796798e-06,0.0008672069504333316,8.672069504333316e-07
2018-09-11,128043,sell,rebalance_resize,94.23,2.7199060580795006e-06,0.00025629674785283135,2.5629674785283136e-07
2018-09-11,128036,sell,rebalance_resize,87.909,6.652326678326055e-06,0.0005847993859649653,5.847993859649653e-07
2018-09-11,128025,sell,rebalance_resize,98.0,3.152741157611292e-06,0.0003089686334459066,3.089686334459066e-07
2018-09-11,123011,sell,rebalance_resize,97.49,6.056116566130646e-07,5.904108040320766e-05,5.904108040320766e-08
2018-09-11,127003,sell,rebalance_resize,88.76,7.634220485978913e-06,0.0006776134103354883,6.776134103354884e-07
2018-09-11,113515,sell,rebalance_resize,99.01,2.7363779590650834e-06,0.00027092878172703394,2.709287817270339e-07
2018-09-11,123012,buy,rebalance,89.75,5.124277568694273e-06,0.000459903911790311,4.59903911790311e-07
2018-09-11,113016,buy,rebalance,97.17,0.0004979775608035143,0.04838847958327749,4.838847958327749e-05
2018-09-11,128041,buy,rebalance,97.72,7.199386806666055e-06,0.0007035240787474069,7.03524078747407e-07
2018-09-11,128036,buy,rebalance,87.909,7.88528663770291e-20,6.931876630338252e-18,6.931876630338251e-21
2018-09-11,123013,buy,rebalance,91.145,3.058983419895724e-06,0.00027881104380639575,2.7881104380639577e-07
2018-09-11,123014,buy,rebalance,91.0,6.407021420093099e-06,0.000583038949228472,5.83038949228472e-07
2018-09-11,128039,buy,rebalance,96.406,4.425965442157432e-06,0.00042668962441662947,4.266896244166295e-07
2018-09-11,128034,buy,rebalance,99.001,2.200911024677396e-06,0.0002178923923540869,2.178923923540869e-07
2018-09-11,128044,buy,rebalance,93.839,0.0005156542544494026,0.04838847958327749,4.838847958327749e-05
2018-09-11,128042,buy,rebalance,94.802,0.000510416231548675,0.04838847958327749,4.838847958327749e-05
2018-09-11,113516,buy,rebalance,102.02,2.432967681149537e-06,0.0002482113628308758,2.482113628308758e-07
2018-09-11,113507,buy,rebalance,91.03,0.0005315662922473634,0.04838847958327749,4.838847958327749e-05
2018-09-11,113509,buy,rebalance,99.24,0.0004875904835074314,0.04838847958327749,4.838847958327749e-05
2018-09-11,123010,buy,rebalance,92.51,7.2894467345891245e-06,0.00067434671741684,6.7434671741684e-07
2018-09-21,127003,sell,rebalance,88.715,0.0005457127555490374,0.04841290710853285,4.841290710853285e-05
2018-09-21,113516,sell,rebalance,103.26,0.0004747815419853082,0.049025942025402926,4.902594202540293e-05
2018-09-21,123012,sell,rebalance_resize,91.395,7.622078001323641e-06,0.0006966198189309741,6.966198189309742e-07
2018-09-21,123014,sell,rebalance_resize,92.06,4.050816167143213e-06,0.0003729181363472042,3.7291813634720425e-07
2018-09-21,128041,sell,rebalance_resize,100.2,1.0357734236112788e-05,0.0010378449704585013,1.0378449704585014e-06
2018-09-21,128043,sell,rebalance_resize,94.701,5.42854173912021e-07,5.14088331236423e-05,5.14088331236423e-08
2018-09-21,128044,sell,rebalance_resize,94.51,1.1249394017110512e-06,0.00010631802285571146,1.0631802285571146e-07
2018-09-21,128036,sell,rebalance_resize,88.27,9.298738019377116e-08,8.20799604970418e-06,8.207996049704181e-09
2018-09-21,113016,sell,rebalance_resize,99.06,7.0814820112942185e-06,0.0007014916080388053,7.014916080388054e-07
2018-09-21,128034,sell,rebalance_resize,100.0,2.978489254284178e-06,0.0002978489254284178,2.978489254284178e-07
2018-09-21,128042,sell,rebalance_resize,95.3,1.521647579369762e-07,1.4501301431393832e-05,1.4501301431393832e-08
2018-09-21,113507,sell,rebalance_resize,92.09,3.5158463231878324e-06,0.0003237742879023675,3.237742879023675e-07
2018-09-21,123013,buy,rebalance,90.819,4.006352285019424e-06,0.0003638529081731791,3.638529081731791e-07
2018-09-21,113514,buy,rebalance,96.0,3.554619247382754e-06,0.0003412434477487444,3.412434477487444e-07
2018-09-21,123015,buy,rebalance,93.59,0.0005190495603231497,0.04857784835064358,4.857784835064358e-05
2018-09-21,123001,buy,rebalance,94.0,0.0005167856207515274,0.04857784835064358,4.857784835064358e-05
2018-09-21,128039,buy,rebalance,96.6,9.685865917348984e-07,9.356546476159117e-05,9.356546476159117e-08
2018-09-21,123011,buy,rebalance,96.95,4.729479029035036e-06,0.00045852299186494673,4.5852299186494674e-07
2018-09-21,113515,buy,rebalance,98.01,6.930065769584678e-06,0.0006792157460769943,6.792157460769943e-07
2018-09-21,128025,buy,rebalance,97.1,6.538389572265145e-06,0.0006348776274669455,6.348776274669455e-07
2018-09-21,123010,buy,rebalance,91.6,7.283348110874663e-06,0.000667154686956119,6.67154686956119e-07
2018-09-21,113509,buy,rebalance,98.8,4.592669957146939e-06,0.0004537557917661176,4.537557917661176e-07
2018-10-11,113507,sell,rebalance,90.12,0.0005280504459241756,0.04758790618668671,4.758790618668671e-05
2018-10-11,113509,sell,rebalance,97.0,0.0004921831534645784,0.0477417658860641,4.7741765886064105e-05
2018-10-11,123012,sell,rebalance_resize,90.33,2.5086168826281766e-06,0.00022660336300780318,2.2660336300780319e-07
2018-10-11,123014,sell,rebalance_resize,91.11,3.198794636699721e-06,0.00029144217934971156,2.9144217934971157e-07
2018-10-11,128039,sell,rebalance_resize,97.0,1.02527332358699e-05,0.0009945151238793803,9.945151238793804e-07
2018-10-11,123013,sell,rebalance_resize,90.51,6.932127740265156e-06,0.0006274268817713993,6.274268817713994e-07
2018-10-11,128044,sell,rebalance_resize,94.8,9.941635849921306e-06,0.0009424670785725399,9.424670785725398e-07
2018-10-11,123011,sell,rebalance_resize,97.85,1.2715340666687001e-05,0.001244196084235323,1.2441960842353232e-06
2018-10-11,123001,sell,rebalance_resize,92.7,7.671527046168541e-07,7.111505571798238e-05,7.111505571798238e-08
2018-10-11,128034,sell,rebalance_resize,98.99,3.051915395500769e-06,0.0003021091050006211,3.021091050006211e-07
2018-10-11,113515,sell,rebalance_resize,96.8,1.985650870175482e-06,0.00019221100423298668,1.9221100423298667e-07
2018-10-11,123010,sell,rebalance_resize,91.11,5.843896366060778e-06,0.0005324373979117974,5.324373979117975e-07
2018-10-11,128036,sell,rebalance_resize,87.1,1.7072058226760169e-06,0.00014869762715508106,1.4869762715508106e-07
2018-10-11,128042,sell,rebalance_resize,93.813,3.676559740216167e-07,3.449090989088993e-05,3.449090989088993e-08
2018-10-11,123012,buy,rebalance,90.33,7.673615037589676e-20,6.931576463454754e-18,6.931576463454754e-21
2018-10-11,113514,buy,rebalance,93.86,3.098102359992388e-06,0.00029078788750888554,2.907878875088855e-07
2018-10-11,113016,buy,rebalance,96.0,7.376467318279663e-06,0.0007081408625548476,7.081408625548477e-07
2018-10-11,128021,buy,rebalance,96.1,0.0004972369144171148,0.04778446747548473,4.7784467475484736e-05
2018-10-11,128041,buy,rebalance,96.999,7.82920793610493e-06,0.000759425340594242,7.59425340594242e-07
2018-10-11,128043,buy,rebalance,90.002,1.7976659718129906e-05,0.0016179353279511277,1.6179353279511277e-06
2018-10-11,123015,buy,rebalance,89.88,1.3145196319234053e-05,0.0011814902451727565,1.1814902451727565e-06
2018-10-11,123001,buy,rebalance,92.7,7.477428763165861e-20,6.931576463454754e-18,6.931576463454754e-21
2018-10-11,128036,buy,rebalance,87.1,7.958181932783874e-20,6.931576463454754e-18,6.931576463454754e-21
2018-10-11,123002,buy,rebalance,101.0,0.000473113539361235,0.04778446747548473,4.7784467475484736e-05
2018-10-11,128025,buy,rebalance,94.3,6.458071835129373e-06,0.0006089961740526999,6.089961740526999e-07
2018-10-11,128042,buy,rebalance,93.813,7.38871634363548e-20,6.931576463454754e-18,6.931576463454754e-21
2018-10-23,128036,sell,rebalance,83.847,0.0005491953155906845,0.04604837962633212,4.6048379626332116e-05
2018-10-23,128042,sell,rebalance,93.001,0.0005098964108167164,0.04742087610236544,4.742087610236544e-05
2018-10-23,123015,sell,rebalance,86.895,0.0005321947566423838,0.046245063378439935,4.6245063378439936e-05
2018-10-23,123012,sell,rebalance_resize,89.667,6.226801414833815e-06,0.0005583386024639037,5.583386024639037e-07
2018-10-23,113016,sell,rebalance_resize,96.3,1.0988258595800993e-05,0.0010581693027756356,1.0581693027756356e-06
2018-10-23,123013,sell,rebalance_resize,89.3,3.0229010128627075e-06,0.00026994506044863975,2.6994506044863977e-07
2018-10-23,128039,sell,rebalance_resize,99.3,2.0580714724695968e-05,0.0020436649721623096,2.0436649721623097e-06
2018-10-23,128044,sell,rebalance_resize,94.46,7.811510579672576e-06,0.0007378752893558715,7.378752893558716e-07
2018-10-23,113515,sell,rebalance_resize,95.27,1.6098116928490458e-06,0.00015336675997772858,1.533667599777286e-07
2018-10-23,123001,sell,rebalance_resize,91.32,2.160858676942374e-06,0.0001973296143783776,1.973296143783776e-07
2018-10-23,128043,sell,rebalance_resize,89.99,1.0016107118870774e-05,0.0009013494796271809,9.01349479627181e-07
2018-10-23,128034,sell,rebalance_resize,98.7,7.794310796442344e-06,0.0007692984756088594,7.692984756088594e-07
2018-10-23,128025,sell,rebalance_resize,94.0,8.049099072053826e-06,0.0007566153127730597,7.566153127730597e-07
2018-10-23,123002,sell,rebalance_resize,100.78,7.4906291839627355e-06,0.0007549056091597645,7.549056091597645e-07
2018-10-23,123011,buy,rebalance,95.8,9.669029975339319e-07,9.262930716375068e-05,9.262930716375068e-08
2018-10-23,113514,buy,rebalance,88.84,1.8544739413483293e-05,0.001647514649493856,1.647514649493856e-06
2018-10-23,123014,buy,rebalance,87.021,1.4204412473731538e-05,0.0012360821778765923,1.2360821778765922e-06
2018-10-23,128041,buy,rebalance,87.818,4.11654928940673e-05,0.0036150712549712022,3.6150712549712025e-06
2018-10-23,113515,buy,rebalance,95.27,7.275718746680891e-20,6.931577249962885e-18,6.931577249962885e-21
2018-10-23,113509,buy,rebalance,94.8,0.0004944725394810299,0.04687599674280163,4.687599674280163e-05
2018-10-23,113513,buy,rebalance,108.1,0.00043363549253285503,0.04687599674280163,4.687599674280163e-05
2018-10-23,123010,buy,rebalance,89.365,7.524433276795055e-08,6.724209797807901e-06,6.7242097978079005e-09
2018-10-23,113516,buy,rebalance,102.81,0.0004559478333119505,0.04687599674280163,4.687599674280163e-05
2018-10-23,128021,buy,rebalance,93.58,4.206357531624104e-06,0.00039363093780938365,3.936309378093837e-07
2018-10-31,128025,sell,rebalance,94.55,0.0004992072009326117,0.047200040848178436,4.720004084817844e-05
2018-10-31,128021,sell,rebalance,93.002,0.0005014432719487389,0.046635227177776614,4.6635227177776614e-05
2018-10-31,123012,sell,rebalance_resize,91.95,1.094145740793256e-05,0.001006067008659399,1.006067008659399e-06
2018-10-31,113514,sell,rebalance_resize,89.57,2.1786052789992927e-06,0.00019513767483996663,1.9513767483996665e-07
2018-10-31,123011,sell,rebalance_resize,96.3,5.82751090747499e-07,5.6118930038984154e-05,5.6118930038984154e-08
2018-10-31,123014,sell,rebalance_resize,88.0,3.839807415666086e-06,0.0003379030525786156,3.379030525786156e-07
2018-10-31,113509,sell,rebalance_resize,95.52,1.233705367280084e-06,0.00011784353668259362,1.1784353668259363e-07
2018-10-31,128041,sell,rebalance_resize,89.005,4.962737565575213e-06,0.00044170845702402184,4.4170845702402187e-07
2018-10-31,123001,sell,rebalance_resize,93.27,8.720122133500236e-06,0.000813325791391567,8.13325791391567e-07
2018-10-31,128034,sell,rebalance_resize,100.54,6.824195776067673e-06,0.0006861046433258439,6.861046433258439e-07
2018-10-31,123010,sell,rebalance_resize,90.08,2.073069733468145e-06,0.0001867421215908105,1.867421215908105e-07
2018-10-31,113516,sell,rebalance_resize,104.53,5.223893442579265e-06,0.0005460535815528106,5.460535815528106e-07
2018-10-31,123002,sell,rebalance_resize,105.599,1.9461739763297012e-05,0.002055140257264401,2.055140257264401e-06
2018-10-31,123012,buy,rebalance,91.95,7.538353663096918e-20,6.931516193217616e-18,6.931516193217616e-21
2018-10-31,113016,buy,rebalance,92.63,2.1320606979202983e-05,0.001974927824483572,1.974927824483572e-06
2018-10-31,128039,buy,rebalance,98.807,4.2630747356115775e-06,0.00042122162540157314,4.2122162540157316e-07
2018-10-31,123013,buy,rebalance,89.595,3.755093976558494e-07,3.364376448297583e-05,3.364376448297583e-08
2018-10-31,113515,buy,rebalance,94.72,4.847041358515047e-06,0.0004591117574785452,4.5911175747854525e-07
2018-10-31,128044,buy,rebalance,94.0,4.433723257493749e-06,0.00041676998620441234,4.1676998620441234e-07
2018-10-31,128043,buy,rebalance,89.202,6.714684683017493e-06,0.0005989633030945264,5.989633030945264e-07
2018-10-31,113513,buy,rebalance,103.93,1.9669593398621253e-05,0.002044260841918707,2.044260841918707e-06
2018-10-31,127003,buy,rebalance,88.88,0.0005295238496070524,0.04706407975307482,4.706407975307482e-05
2018-10-31,113518,buy,rebalance,99.97,0.00047078203214039033,0.04706407975307482,4.706407975307482e-05
2018-11-13,128043,sell,rebalance,96.106,0.0005281668114489415,0.05075999958111197,5.0759999581111974e-05
2018-11-13,113509,sell,rebalance,98.0,0.0004932388341137498,0.048337405743147474,4.8337405743147476e-05
2018-11-13,113516,sell,rebalance,105.03,0.00045072393986937123,0.04733953540448006,4.7339535404480064e-05
2018-11-13,127003,sell,rebalance,90.3,0.0005295238496070524,0.04781600361951683,4.781600361951683e-05
2018-11-13,113518,sell,rebalance,103.95,0.00047078203214039033,0.04893779224099357,4.8937792240993575e-05
2018-11-13,123012,sell,rebalance_resize,96.01,5.50617294322199e-06,0.0005286476642787433,5.286476642787433e-07
2018-11-13,113016,sell,rebalance_resize,96.12,2.3020925178202724e-06,0.0002212771328128846,2.212771328128846e-07
2018-11-13,128039,sell,rebalance_resize,103.299,5.709650504424545e-06,0.0005898011874565512,5.898011874565512e-07
2018-11-13,128041,sell,rebalance_resize,94.01,1.167652172996139e-05,0.0010977098078336703,1.0977098078336704e-06
2018-11-13,123011,sell,rebalance_resize,99.48,4.1649013129863e-08,4.143243826158771e-06,4.1432438261587715e-09
2018-11-13,113515,sell,rebalance_resize,98.49,3.2800865297238014e-06,0.0003230557223124972,3.230557223124972e-07
2018-11-13,123010,sell,rebalance_resize,94.52,8.152593339759824e-06,0.0007705831224740986,7.705831224740986e-07
2018-11-13,113513,sell,rebalance_resize,108.12,3.1957136974681193e-06,0.0003455205649702531,3.455205649702531e-07
2018-11-13,123013,buy,rebalance,91.18,7.868786509313976e-06,0.0007174759539192484,7.174759539192484e-07
2018-11-13,113514,buy,rebalance,92.02,2.854547022182775e-06,0.00026267541698125896,2.6267541698125894e-07
2018-11-13,123014,buy,rebalance,89.71,7.083851874133838e-06,0.0006354923516285466,6.354923516285466e-07
2018-11-13,123001,buy,rebalance,95.484,4.533092966801394e-06,0.0004328378488420643,4.328378488420643e-07
2018-11-13,113515,buy,rebalance,98.49,7.038128766438434e-20,6.931853022065214e-18,6.931853022065214e-21
2018-11-13,128021,buy,rebalance,94.15,0.0005163722167794456,0.04861644420978481,4.861644420978481e-05
2018-11-13,128044,buy,rebalance,95.589,7.89741697877426e-06,0.0007549061915840528,7.549061915840528e-07
2018-11-13,128034,buy,rebalance,102.12,7.935986803062705e-06,0.0008104229723287635,8.104229723287636e-07
2018-11-13,110044,buy,rebalance,91.72,0.0005300528151960839,0.04861644420978481,4.861644420978481e-05
2018-11-13,128033,buy,rebalance,94.511,0.0005143998498564697,0.04861644420978481,4.861644420978481e-05
2018-11-13,123002,buy,rebalance,109.0,3.139723811564119e-07,3.4222989546048894e-05,3.4222989546048896e-08
2018-11-13,113508,buy,rebalance,100.38,0.0004843240108565931,0.04861644420978481,4.861644420978481e-05
2018-11-13,128025,buy,rebalance,95.5,0.0005090727142385844,0.04861644420978481,4.861644420978481e-05
2018-11-21,123002,sell,rebalance,109.31,0.0004464751427951317,0.04880419785893585,4.880419785893585e-05
2018-11-21,113513,sell,rebalance,106.63,0.0004501093722340082,0.047995162361312294,4.799516236131229e-05
2018-11-21,128033,sell,rebalance,99.001,0.0005143998498564697,0.05092609953564036,5.0926099535640364e-05
2018-11-21,123012,sell,rebalance_resize,98.403,6.3472911360478915e-06,0.0006245924896605207,6.245924896605207e-07
2018-11-21,113016,sell,rebalance_resize,97.5,1.131483324310644e-06,0.00011031962412028778,1.1031962412028778e-07
2018-11-21,123013,sell,rebalance_resize,93.25,5.530347515218733e-06,0.0005157049057941468,5.157049057941469e-07
2018-11-21,123014,sell,rebalance_resize,91.511,4.2395851561344885e-06,0.00038796867722302314,3.8796867722302316e-07
2018-11-21,123001,sell,rebalance_resize,96.8,8.461631728183149e-07,8.190859512881288e-05,8.190859512881288e-08
2018-11-21,123011,sell,rebalance_resize,104.201,1.65175467733267e-05,0.0017211448913274153,1.7211448913274153e-06
2018-11-21,128025,sell,rebalance_resize,98.197,7.487089743460552e-06,0.0007352097515385958,7.352097515385958e-07
2018-11-21,128034,sell,rebalance_resize,103.55,8.909812925385191e-07,9.226111284236366e-05,9.226111284236366e-08
2018-11-21,110044,sell,rebalance_resize,93.75,4.674643798242043e-06,0.0004382478560851915,4.382478560851915e-07
2018-11-21,128039,buy,rebalance,102.986,7.137666928955501e-06,0.0007350797663454113,7.350797663454113e-07
2018-11-21,128041,buy,rebalance,93.31,1.0178604872353332e-05,0.0009497656206392895,9.497656206392895e-07
2018-11-21,113514,buy,rebalance,93.12,7.40292142280174e-08,6.89360042891298e-06,6.89360042891298e-09
2018-11-21,128038,buy,rebalance,100.108,0.0004915039514378927,0.04920347757054456,4.920347757054456e-05
2018-11-21,113515,buy,rebalance,98.57,5.56237635059956e-06,0.0005482834368785986,5.482834368785986e-07
2018-11-21,128044,buy,rebalance,96.005,3.926542884116926e-06,0.0003769677495896454,3.769677495896454e-07
2018-11-21,128021,buy,rebalance,94.535,4.638535807245898e-06,0.0004385039825379909,4.3850398253799087e-07
2018-11-21,113516,buy,rebalance,106.7,0.0004611384964437166,0.04920347757054456,4.920347757054456e-05
2018-11-21,127003,buy,rebalance,91.45,0.000538036933521537,0.04920347757054456,4.920347757054456e-05
2018-11-21,113508,buy,rebalance,99.38,1.1279208659718632e-05,0.0011209277566028375,1.1209277566028376e-06
2018-11-21,123010,buy,rebalance,94.999,3.5937426784230265e-06,0.00034140196070750906,3.414019607075091e-07
2018-12-03,123010,sell,rebalance,94.6,0.0005184670533633678,0.04904698324817459,4.904698324817459e-05
2018-12-03,128034,sell,rebalance,101.99,0.00047565623919408666,0.048512179835404894,4.8512179835404895e-05
2018-12-03,128044,sell,rebalance,95.69,0.0005130338517384827,0.0490922092728554,4.90922092728554e-05
2018-12-03,113508,sell,rebalance,97.54,0.0004956032195163118,0.04834113803162105,4.8341138031621056e-05
2018-12-03,128025,sell,rebalance,98.399,0.0005015856244951238,0.04935552386469569,4.9355523864695686e-05
2018-12-03,113516,sell,rebalance,105.6,0.0004611384964437166,0.04869622522445647,4.869622522445647e-05
2018-12-03,127003,sell,rebalance,91.651,0.000538036933521537,0.04931162299418238,4.931162299418238e-05
2018-12-03,110044,sell,rebalance_resize,98.59,2.4348027924065256e-05,0.0024004720730335938,2.4004720730335937e-06
2018-12-03,113016,sell,rebalance_resize,98.12,1.7412142379956777e-06,0.0001708479410321359,1.7084794103213592e-07
2018-12-03,128041,sell,rebalance_resize,96.0,1.3297560771813828e-05,0.0012765658340941274,1.2765658340941275e-06
2018-12-03,113514,sell,rebalance_resize,94.23,4.719831435120728e-06,0.0004447497161314263,4.447497161314263e-07
2018-12-03,128021,sell,rebalance_resize,102.22,3.7773011977420905e-05,0.0038611572843319647,3.861157284331965e-06
2018-12-03,123014,sell,rebalance_resize,92.498,4.204169829119474e-06,0.0003888773008538931,3.888773008538931e-07
2018-12-03,110044,buy,rebalance,98.59,7.030929194581915e-20,6.93179309293831e-18,6.931793092938311e-21
2018-12-03,123012,buy,rebalance,98.2,2.4818466518093315e-06,0.00024371734120767638,2.437173412076764e-07
2018-12-03,128039,buy,rebalance,101.188,9.902261248243202e-06,0.0010019900111872331,1.0019900111872332e-06
2018-12-03,113016,buy,rebalance,98.12,7.064607718037413e-20,6.93179309293831e-18,6.931793092938311e-21
2018-12-03,123011,buy,rebalance,104.487,6.85554690354202e-08,7.16315529310395e-06,7.16315529310395e-09
2018-12-03,128038,buy,rebalance,95.601,2.5165302604335792e-05,0.002405828094277106,2.4058280942771064e-06
2018-12-03,113519,buy,rebalance,99.99,0.0004935094772364639,0.04934601262887403,4.934601262887403e-05
2018-12-03,113520,buy,rebalance,104.0,0.0004744808906622503,0.04934601262887403,4.934601262887403e-05
2018-12-03,123013,buy,rebalance,92.91,3.461577781286922e-06,0.00032161519165936793,3.2161519165936794e-07
2018-12-03,113506,buy,rebalance,95.99,0.0005140745143126787,0.04934601262887403,4.934601262887403e-05
2018-12-03,128043,buy,rebalance,99.0,0.0004984445720088286,0.04934601262887403,4.934601262887403e-05
2018-12-03,123001,buy,rebalance,96.0,5.717245540019261e-06,0.000548855571841849,5.48855571841849e-07
2018-12-03,113515,buy,rebalance,98.05,4.103477029555226e-06,0.0004023459227478899,4.023459227478899e-07
2018-12-03,128036,buy,rebalance,89.405,0.0005519379523390641,0.04934601262887403,4.934601262887403e-05
2018-12-03,113513,buy,rebalance,107.5,0.00045903267561743283,0.04934601262887403,4.934601262887403e-05
2018-12-03,128048,buy,rebalance,103.7,0.00047585354511932526,0.04934601262887403,4.934601262887403e-05
2018-12-11,113515,sell,rebalance,98.89,0.0005037853104411861,0.049819329349528894,4.9819329349528896e-05
2018-12-11,123001,sell,rebalance,96.58,0.0005145416625704704,0.04969443377105603,4.969443377105603e-05
2018-12-11,128048,sell,rebalance,102.013,0.00047585354511932526,0.04854324769825773,4.854324769825773e-05
2018-12-11,123012,sell,rebalance_resize,98.82,4.411599821335816e-06,0.0004359542943444053,4.359542943444053e-07
2018-12-11,123014,sell,rebalance_resize,94.909,1.4876099128139502e-05,0.0014118756921525921,1.4118756921525922e-06
2018-12-11,128041,sell,rebalance_resize,99.0,1.684823941184438e-05,0.0016679757017725935,1.6679757017725936e-06
2018-12-11,128036,sell,rebalance_resize,91.49,1.3384791327305677e-05,0.0012245745585351964,1.2245745585351964e-06
2018-12-11,128039,sell,rebalance_resize,101.02,4.087953322608082e-07,4.129650446498684e-05,4.129650446498684e-08
2018-12-11,113506,sell,rebalance_resize,96.09,1.3028554411439461e-06,0.0001251913793395218,1.251913793395218e-07
2018-12-11,110044,sell,rebalance_resize,99.12,3.933405167019422e-06,0.0003898791201549651,3.8987912015496513e-07
2018-12-11,123013,sell,rebalance_resize,93.67,5.637481025068939e-06,0.0005280628476182075,5.280628476182075e-07
2018-12-11,113521,buy,rebalance,96.01,0.0005126668127020477,0.04922114068752361,4.922114068752361e-05
2018-12-11,128038,buy,rebalance,93.994,7.5290370764877144e-06,0.0007076843109673863,7.076843109673862e-07
2018-12-11,113520,buy,rebalance,101.6,1.0471121979237673e-05,0.0010638659930905475,1.0638659930905475e-06
2018-12-11,128036,buy,rebalance,91.49,7.576455675201352e-20,6.931699297241716e-18,6.931699297241716e-21
2018-12-11,113016,buy,rebalance,97.62,1.3035221460257917e-06,0.0001272498318950378,1.272498318950378e-07
2018-12-11,113519,buy,rebalance,99.3,2.6833941987345033e-06,0.00026646104393433616,2.6646104393433615e-07
2018-12-11,113514,buy,rebalance,93.68,1.7486529546359162e-06,0.00016381380879029264,1.6381380879029265e-07
2018-12-11,123011,buy,rebalance,102.0,1.0297264976346905e-05,0.0010503210275873843,1.0503210275873844e-06
2018-12-11,128021,buy,rebalance,99.4,1.2445807339922724e-05,0.0012371132495883187,1.2371132495883187e-06
2018-12-11,110047,buy,rebalance,99.25,0.0004959308885392807,0.04922114068752361,4.922114068752361e-05
2018-12-11,128043,buy,rebalance,97.191,8.509469916148937e-06,0.0008270438906204313,8.270438906204314e-07
2018-12-11,128044,buy,rebalance,95.601,0.0005148601027972888,0.04922114068752361,4.922114068752361e-05
2018-12-11,113513,buy,rebalance,106.32,4.396063887620185e-06,0.00046738951253177805,4.6738951253177807e-07
2018-12-21,128021,sell,rebalance,96.719,0.0004956835479491933,0.04794201707409802,4.7942017074098025e-05
2018-12-21,128036,sell,rebalance,88.103,0.0005385531610117585,0.04744814914461896,4.744814914461896e-05
2018-12-21,113513,sell,rebalance,106.86,0.000463428739505053,0.049521995103509964,4.9521995103509965e-05
2018-12-21,128044,sell,rebalance,95.031,0.0005148601027972888,0.048927670428929156,4.892767042892916e-05
2018-12-21,128041,sell,rebalance_resize,99.75,9.225482202482337e-06,0.0009202418496976132,9.202418496976132e-07
2018-12-21,113016,sell,rebalance_resize,98.02,7.638530547518298e-06,0.0007487287642677435,7.487287642677436e-07
2018-12-21,110044,sell,rebalance_resize,98.87,4.275242290534298e-06,0.0004226932052651261,4.226932052651261e-07
2018-12-21,113520,sell,rebalance_resize,100.6,6.054787336949981e-07,6.0911160609716804e-05,6.091116060971681e-08
2018-12-21,113506,sell,rebalance_resize,105.0,4.872155114654465e-05,0.005115762870387189,5.1157628703871885e-06
2018-12-21,113519,sell,rebalance_resize,98.5,1.5201677689652358e-06,0.00014973652524307574,1.4973652524307573e-07
2018-12-21,110047,sell,rebalance_resize,99.64,6.917828411581322e-06,0.000689292422929963,6.892924229299629e-07
2018-12-21,128049,buy,rebalance,93.226,0.0005221143101711763,0.04867462868001808,4.867462868001808e-05
2018-12-21,123012,buy,rebalance,96.6,5.790431772783981e-06,0.0005593557092509325,5.593557092509325e-07
2018-12-21,123011,buy,rebalance,97.88,1.4740391267248736e-05,0.0014427894972383062,1.4427894972383063e-06
2018-12-21,123015,buy,rebalance,92.16,0.0005281535230036684,0.04867462868001808,4.867462868001808e-05
2018-12-21,123013,buy,rebalance,92.111,2.9617844355651736e-06,0.0002728129261443437,2.728129261443437e-07
2018-12-21,123014,buy,rebalance,93.013,4.697095745752599e-06,0.0004368909665996865,4.368909665996865e-07
2018-12-21,128039,buy,rebalance,96.111,1.920138416076034e-05,0.001845464233074837,1.845464233074837e-06
2018-12-21,128038,buy,rebalance,92.003,5.4012262064917e-06,0.0004969290146758558,4.969290146758558e-07
2018-12-21,113521,buy,rebalance,93.22,1.0013838126562346e-05,0.0009334899901581419,9.334899901581419e-07
2018-12-21,113514,buy,rebalance,91.6,5.967615821732773e-06,0.000546633609270722,5.46633609270722e-07
2018-12-21,113522,buy,rebalance,102.0,0.0004772022419609616,0.04867462868001808,4.867462868001808e-05
2018-12-21,128043,buy,rebalance,95.5,3.2547327421822204e-06,0.00031082697687840206,3.1082697687840205e-07
2018-12-21,110047,buy,rebalance,99.64,6.956727603605907e-20,6.931683384232926e-18,6.931683384232927e-21
2018-12-21,113516,buy,rebalance,105.0,0.0004635678921906484,0.04867462868001808,4.867462868001808e-05
2019-01-11,110044,sell,rebalance,116.66,0.0004928214960162229,0.05749255572525257,5.749255572525257e-05
2019-01-11,113519,sell,rebalance,100.54,0.0004946727036662332,0.049734393626603084,4.973439362660308e-05
2019-01-11,110047,sell,rebalance,102.6,0.0004890130601276994,0.05017273996910196,5.0172739969101964e-05
2019-01-11,113522,sell,rebalance,106.96,0.0004772022419609616,0.05104155180014445,5.104155180014445e-05
2019-01-11,123015,sell,rebalance_resize,98.9,1.382834465085373e-05,0.001367623285969434,1.367623285969434e-06
2019-01-11,128041,sell,rebalance_resize,114.499,4.4218737394304386e-05,0.005063001212910458,5.063001212910458e-06
2019-01-11,123014,sell,rebalance_resize,101.005,2.024307049188492e-05,0.0020446513350328363,2.0446513350328364e-06
2019-01-11,113520,sell,rebalance_resize,110.91,2.5715570612387863e-05,0.0028521139366199377,2.852113936619938e-06
2019-01-11,128038,buy,rebalance,91.11,2.8670848491762292e-05,0.0026122010060844626,2.6122010060844625e-06
2019-01-11,123012,buy,rebalance,97.811,1.5638815232953838e-05,0.001529648156750448,1.529648156750448e-06
2019-01-11,128050,buy,rebalance,97.301,0.0005222281634888524,0.05081332253562882,5.081332253562882e-05
2019-01-11,128049,buy,rebalance,95.0,1.3311271501171714e-05,0.0012645707926113128,1.2645707926113129e-06
2019-01-11,123013,buy,rebalance,95.439,3.991375945268586e-06,0.0003809329288404886,3.809329288404886e-07
2019-01-11,113524,buy,rebalance,96.76,0.0005251480212446136,0.05081332253562882,5.081332253562882e-05
2019-01-11,128039,buy,rebalance,99.5,4.27057978638841e-06,0.0004249226887456468,4.249226887456468e-07
2019-01-11,123015,buy,rebalance,98.9,7.008700013368622e-20,6.931604313221568e-18,6.931604313221569e-21
2019-01-11,113521,buy,rebalance,94.88,1.3422014525191391e-05,0.001273480738150159,1.273480738150159e-06
2019-01-11,123011,buy,rebalance,101.17,4.989000894549242e-06,0.0005047372205015468,5.047372205015469e-07
2019-01-11,113016,buy,rebalance,100.24,1.0343748089279245e-05,0.0010368573084693514,1.0368573084693514e-06
2019-01-11,113514,buy,rebalance,93.49,1.214597865832372e-05,0.0011355275447666846,1.1355275447666846e-06
2019-01-11,128043,buy,rebalance,97.99,8.883425511151992e-06,0.0008704868658377836,8.704868658377836e-07
2019-01-11,113506,buy,rebalance,103.64,2.6724182148910233e-05,0.0027696942379130565,2.7696942379130567e-06
2019-01-11,127008,buy,rebalance,135.48,0.00037506142999430784,0.05081332253562882,5.081332253562882e-05
2019-01-11,128034,buy,rebalance,100.3,0.0005066133852006862,0.05081332253562882,5.081332253562882e-05
2019-01-11,113516,buy,rebalance,104.82,2.1686539752231956e-05,0.0022731830968289535,2.2731830968289536e-06
2019-01-22,128041,sell,rebalance,118.34,0.00044425506021094843,0.05257314382536364,5.257314382536364e-05
2019-01-22,123014,sell,rebalance,103.001,0.0005036063574980782,0.051871958428659555,5.1871958428659555e-05
2019-01-22,113506,sell,rebalance,118.56,0.0004907742898739004,0.058186199807449636,5.818619980744964e-05
2019-01-22,113516,sell,rebalance,107.78,0.00048525443194288035,0.052300722674803644,5.230072267480364e-05
2019-01-22,127008,sell,rebalance,131.06,0.00037506142999430784,0.049155551015053985,4.9155551015053985e-05
2019-01-22,128038,sell,rebalance_resize,93.98,8.21172834951495e-06,0.000771738230287415,7.71738230287415e-07
2019-01-22,123012,sell,rebalance_resize,100.2,4.12180194864227e-06,0.0004130045552539555,4.130045552539555e-07
2019-01-22,123013,sell,rebalance_resize,97.41,2.2824917483505872e-06,0.0002223375212068307,2.223375212068307e-07
2019-01-22,123004,buy,rebalance,94.48,0.0005465981573839744,0.0516425939096379,5.1642593909637905e-05
2019-01-22,128052,buy,rebalance,106.0,0.00048719428216639527,0.0516425939096379,5.1642593909637905e-05
2019-01-22,128049,buy,rebalance,94.828,9.70439695947494e-06,0.0009202485548730897,9.202485548730897e-07
2019-01-22,128050,buy,rebalance,97.5,7.963940526594796e-06,0.0007764842013429927,7.764842013429926e-07
2019-01-22,123015,buy,rebalance,98.36,1.122789717064444e-05,0.0011043759657045871,1.1043759657045871e-06
2019-01-22,113524,buy,rebalance,97.5,5.047015186373008e-06,0.0004920839806713683,4.920839806713683e-07
2019-01-22,123011,buy,rebalance,102.388,2.1064854343610423e-06,0.00021567883065335842,2.1567883065335844e-07
2019-01-22,128039,buy,rebalance,100.367,3.831775191363175e-06,0.0003845837806315478,3.8458378063154784e-07
2019-01-22,113521,buy,rebalance,95.75,3.7839822579585825e-06,0.0003623163011995343,3.623163011995343e-07
2019-01-22,113016,buy,rebalance,99.8,1.053163796386685e-05,0.0010510574687939117,1.0510574687939118e-06
2019-01-22,128043,buy,rebalance,98.99,3.1241837384109314e-06,0.0003092629482652981,3.092629482652981e-07
2019-01-22,113514,buy,rebalance,94.62,2.2608860852452872e-06,0.00021392504138590909,2.1392504138590908e-07
2019-01-22,110050,buy,rebalance,104.55,0.0004939511612590904,0.0516425939096379,5.1642593909637905e-05
2019-01-22,113520,buy,rebalance,111.3,5.8241946014611555e-06,0.0006482328591426266,6.482328591426267e-07
2019-01-22,113523,buy,rebalance,100.58,0.0005134479410383565,0.0516425939096379,5.1642593909637905e-05
2019-01-22,123013,buy,rebalance,97.41,7.116235670944607e-20,6.9319251670671405e-18,6.931925167067141e-21
2019-01-22,128034,buy,rebalance,101.5,2.6894357040596967e-06,0.00027297772396205923,2.729777239620592e-07
2019-01-22,113519,buy,rebalance,103.0,0.0005013844068896884,0.0516425939096379,5.1642593909637905e-05
2019-01-31,113521,sell,rebalance,93.37,0.0005398866476117601,0.050409216287510036,5.0409216287510035e-05
2019-01-31,128034,sell,rebalance,102.75,0.0005093028209047459,0.052330864847962635,5.2330864847962636e-05
2019-01-31,110050,sell,rebalance,109.5,0.0004939511612590904,0.05408765215787039,5.408765215787039e-05
2019-01-31,113523,sell,rebalance,99.05,0.0005134479410383565,0.05085701855984921,5.085701855984921e-05
2019-01-31,113519,sell,rebalance,101.02,0.0005013844068896884,0.05064985278399632,5.064985278399632e-05
2019-01-31,113524,sell,rebalance_resize,98.47,1.257786572481092e-05,0.0012385424379221313,1.2385424379221313e-06
2019-01-31,128049,sell,rebalance_resize,94.51,5.824478690683273e-06,0.0005504714810564762,5.504714810564762e-07
2019-01-31,113016,sell,rebalance_resize,99.0,3.1243931822257365e-06,0.0003093149250403479,3.093149250403479e-07
2019-01-31,123011,sell,rebalance_resize,101.98,5.084698306918198e-06,0.0005185375333395179,5.185375333395179e-07
2019-01-31,128043,sell,rebalance_resize,97.88,1.4791260556976878e-06,0.00014477685833168968,1.447768583316897e-07
2019-01-31,113520,sell,rebalance_resize,110.33,2.4796045619879922e-06,0.00027357477132413516,2.735747713241352e-07
2019-01-31,123018,buy,rebalance,97.031,0.0005247627295365574,0.0509182524096617,5.09182524096617e-05
2019-01-31,128038,buy,rebalance,88.585,2.5292676997432968e-05,0.0022405517918175992,2.2405517918175993e-06
2019-01-31,123012,buy,rebalance,98.02,4.076094853581492e-06,0.0003995388175480578,3.9953881754805783e-07
2019-01-31,128049,buy,rebalance,94.51,7.334548101176057e-20,6.931881410421492e-18,6.931881410421492e-21
2019-01-31,113016,buy,rebalance,99.0,7.001900414567164e-20,6.931881410421492e-18,6.931881410421492e-21
2019-01-31,128039,buy,rebalance,97.002,1.038912413815675e-05,0.001007765819649481,1.007765819649481e-06
2019-01-31,123013,buy,rebalance,95.81,1.296632291840696e-06,0.00012423033988125709,1.2423033988125708e-07
2019-01-31,128041,buy,rebalance,106.377,0.00047865847325701704,0.0509182524096617,5.09182524096617e-05
2019-01-31,123004,buy,rebalance,91.4,1.1046715570131102e-05,0.0010096698031099827,1.0096698031099827e-06
2019-01-31,123015,buy,rebalance,95.888,5.99603557915136e-06,0.0005749478596136656,5.749478596136657e-07
2019-01-31,128052,buy,rebalance,103.859,3.5613444080508692e-06,0.0003698776688757552,3.698776688757552e-07
2019-01-31,127008,buy,rebalance,123.6,0.0004119599709519555,0.0509182524096617,5.09182524096617e-05
2019-01-31,128050,buy,rebalance,94.881,6.997545590970615e-06,0.0006639341232168829,6.639341232168829e-07
2019-01-31,128025,buy,rebalance,96.1,0.0005298465391223902,0.0509182524096617,5.09182524096617e-05
2019-01-31,113514,buy,rebalance,93.26,1.979964870738761e-07,1.8465152384509688e-05,1.846515238450969e-08
2019-01-31,113506,buy,rebalance,112.61,0.00045216457161585737,0.0509182524096617,5.09182524096617e-05
2019-02-12,128050,sell,rebalance,96.498,0.0005371896496064178,0.05183772680772011,5.1837726807720106e-05
2019-02-12,128041,sell,rebalance,114.79,0.00047865847325701704,0.05494520614517299,5.494520614517299e-05
2019-02-12,113506,sell,rebalance,119.0,0.00045216457161585737,0.053807584022287025,5.380758402228703e-05
2019-02-12,123018,sell,rebalance_resize,99.49,4.788188726058217e-07,4.76376896355532e-05,4.7637689635553195e-08
2019-02-12,123004,sell,rebalance_resize,94.099,3.324356562257076e-06,0.0003128186281518286,3.128186281518286e-07
2019-02-12,123015,sell,rebalance_resize,98.6,2.5328203119763493e-06,0.000249736082760868,2.4973608276086803e-07
2019-02-12,113520,sell,rebalance_resize,114.6,6.818430542936428e-06,0.0007813921402205146,7.813921402205146e-07
2019-02-12,127008,sell,rebalance_resize,128.2,5.087847145742203e-06,0.0006522620040841504,6.522620040841504e-07
2019-02-12,128038,buy,rebalance,90.302,2.274853962589518e-06,0.00020542386252975868,2.0542386252975868e-07
2019-02-12,113507,buy,rebalance,102.59,0.0005079271066208425,0.052108241868232236,5.210824186823224e-05
2019-02-12,123012,buy,rebalance,100.0,1.6190475009204074e-06,0.00016190475009204074,1.6190475009204073e-07
2019-02-12,128049,buy,rebalance,95.95,4.3170829855491485e-06,0.00041422411246344083,4.1422411246344084e-07
2019-02-12,113016,buy,rebalance,100.25,5.45767421381705e-06,0.0005471318399351593,5.471318399351593e-07
2019-02-12,123001,buy,rebalance,100.333,0.0005193529732812957,0.052108241868232236,5.210824186823224e-05
2019-02-12,128039,buy,rebalance,98.7,3.037103175238741e-06,0.0002997620833960638,2.997620833960638e-07
2019-02-12,113524,buy,rebalance,98.01,1.4568936731069223e-05,0.0014279014890120946,1.4279014890120947e-06
2019-02-12,123013,buy,rebalance,97.405,3.51628445845763e-06,0.0003425036876760655,3.4250368767606547e-07
2019-02-12,128052,buy,rebalance,105.85,2.0246215800887165e-06,0.0002143061942523906,2.1430619425239062e-07
2019-02-12,123011,buy,rebalance,102.15,1.081897340383644e-05,0.0011051581332018924,1.1051581332018925e-06
2019-02-12,128043,buy,rebalance,98.67,7.895734836868992e-06,0.0007790721563538634,7.790721563538634e-07
2019-02-12,128025,buy,rebalance,97.999,2.411616164643216e-06,0.00023633597251887054,2.3633597251887053e-07
2019-02-12,113514,buy,rebalance,94.98,2.64234418454379e-06,0.0002509698506479692,2.509698506479692e-07
2019-02-12,113521,buy,rebalance,95.45,0.0005459218634702172,0.052108241868232236,5.210824186823224e-05
2019-02-21,123012,sell,rebalance,133.0,0.0005216084232845562,0.06937392029684597,6.937392029684597e-05
2019-02-21,113520,sell,rebalance,117.16,0.00045515712279194185,0.05332620850630391,5.332620850630391e-05
2019-02-21,123015,sell,rebalance,114.11,0.0005290162907906343,0.06036604894211928,6.0366048942119276e-05
2019-02-21,127008,sell,rebalance,135.98,0.0004068721238062133,0.05532647139516888,5.532647139516888e-05
2019-02-21,123018,sell,rebalance_resize,107.0,2.456764485533528e-06,0.0002628737999520875,2.6287379995208747e-07
2019-02-21,123004,sell,rebalance_resize,102.7,1.0644716575969731e-05,0.0010932123923520914,1.0932123923520915e-06
2019-02-21,113507,sell,rebalance_resize,111.21,5.854409551417706e-06,0.0006510688862131631,6.51068886213163e-07
2019-02-21,128038,buy,rebalance,96.02,3.8686250327733545e-06,0.00037146537564689745,3.7146537564689747e-07
2019-02-21,123018,buy,rebalance,107.0,6.478414960670841e-20,6.9319040079178004e-18,6.931904007917801e-21
2019-02-21,123001,buy,rebalance,105.01,1.2350643991506764e-05,0.0012969411255481253,1.2969411255481254e-06
2019-02-21,128049,buy,rebalance,101.74,5.178020788396454e-06,0.0005268118350114551,5.268118350114551e-07
2019-02-21,123013,buy,rebalance,104.0,1.375570569310494e-06,0.00014305933920829138,1.4305933920829138e-07
2019-02-21,113016,buy,rebalance,102.8,2.282015813880573e-05,0.0023459122566692288,2.3459122566692287e-06
2019-02-21,128039,buy,rebalance,103.25,1.2290081707522078e-05,0.0012689509363016545,1.2689509363016546e-06
2019-02-21,123011,buy,rebalance,104.888,2.169213019893491e-05,0.002275244152305885,2.275244152305885e-06
2019-02-21,113524,buy,rebalance,101.25,1.9256249449427196e-05,0.0019496952567545035,1.9496952567545034e-06
2019-02-21,128052,buy,rebalance,110.49,1.255151238890509e-05,0.0013868166038501235,1.3868166038501235e-06
2019-02-21,113521,buy,rebalance,100.8,7.993733075192153e-06,0.000805768293979369,8.05768293979369e-07
2019-02-21,113514,buy,rebalance,98.2,1.9393939212250015e-05,0.0019044848306429515,1.9044848306429515e-06
2019-02-21,128043,buy,rebalance,105.411,1.059278955892698e-06,0.00011165965401960518,1.1165965401960518e-07
2019-02-21,128050,buy,rebalance,99.17,0.0005624610137714137,0.0557792587357111,5.57792587357111e-05
2019-02-21,113527,buy,rebalance,106.03,0.0005260705341479874,0.0557792587357111,5.57792587357111e-05
2019-02-21,113507,buy,rebalance,111.21,6.233166089306538e-20,6.9319040079178004e-18,6.931904007917801e-21
2019-02-21,128025,buy,rebalance,100.36,2.40697521624567e-05,0.0024156403270241544,2.4156403270241545e-06
2019-02-21,113526,buy,rebalance,106.5,0.0005237489083165361,0.0557792587357111,5.57792587357111e-05
2019-02-21,128036,buy,rebalance,94.16,0.0005923880494446803,0.0557792587357111,5.57792587357111e-05
2019-03-01,128043,sell,rebalance,109.0,0.0005296922716537867,0.057736457610262755,5.773645761026276e-05
2019-03-01,128052,sell,rebalance,114.24,0.00050533176054344,0.057729100324482585,5.7729100324482583e-05
2019-03-01,128025,sell,rebalance,107.2,0.0005563279074494901,0.05963835167858535,5.963835167858535e-05
2019-03-01,113521,sell,rebalance,112.26,0.0005539155965454093,0.06218256486818765,6.218256486818765e-05
2019-03-01,128038,sell,rebalance_resize,105.21,2.6762393133928026e-05,0.0028156713816205672,2.815671381620567e-06
2019-03-01,123013,sell,rebalance_resize,109.5,3.879416487758105e-06,0.0004247961054095125,4.2479610540951253e-07
2019-03-01,123001,sell,rebalance_resize,111.522,8.368348551541794e-06,0.000933254967165044,9.332549671650441e-07
2019-03-01,123004,sell,rebalance_resize,109.013,8.295653977011377e-06,0.0009043341269959412,9.043341269959412e-07
2019-03-01,123018,sell,rebalance_resize,113.777,8.864105859791087e-06,0.0010085313724094505,1.0085313724094505e-06
2019-03-01,128036,sell,rebalance_resize,99.32,4.758208140487531e-06,0.00047258523251322154,4.7258523251322154e-07
2019-03-01,128049,buy,rebalance,105.58,3.983672719409287e-06,0.0004205961657152325,4.205961657152325e-07
2019-03-01,128039,buy,rebalance,106.6,6.724803751095964e-06,0.0007168640798668297,7.168640798668297e-07
2019-03-01,113514,buy,rebalance,100.78,1.0535922973848949e-05,0.001061810317304497,1.061810317304497e-06
2019-03-01,113526,buy,rebalance,110.65,3.7068045215887375e-06,0.00041015792031379384,4.101579203137938e-07
2019-03-01,128050,buy,rebalance,101.655,1.1659085481072153e-05,0.0011852043345783898,1.1852043345783898e-06
2019-03-01,113524,buy,rebalance,103.87,1.0435785574799175e-05,0.0010839650476543903,1.0839650476543904e-06
2019-03-01,123011,buy,rebalance,109.6,1.9986972912135565e-07,2.190572231170058e-05,2.190572231170058e-08
2019-03-01,113507,buy,rebalance,112.3,1.7618878261308764e-05,0.0019786000287449743,1.9786000287449745e-06
2019-03-01,123018,buy,rebalance,113.777,6.092422280756255e-20,6.931775298376045e-18,6.931775298376045e-21
2019-03-01,113527,buy,rebalance,107.99,1.4366567222988612e-05,0.0015514455944105401,1.5514455944105402e-06
2019-03-01,123014,buy,rebalance,104.75,0.0005565968580304895,0.05830352087869377,5.830352087869377e-05
2019-03-01,113016,buy,rebalance,104.3,1.6431551780562094e-05,0.0017138108507126265,1.7138108507126266e-06
2019-03-01,123015,buy,rebalance,113.7,0.0005127838247906224,0.05830352087869377,5.830352087869377e-05
2019-03-01,127003,buy,rebalance,98.16,0.0005939641491309472,0.05830352087869377,5.830352087869377e-05
2019-03-01,127007,buy,rebalance,110.012,0.0005299741926216573,0.05830352087869377,5.830352087869377e-05
2019-03-12,128039,sell,rebalance,125.993,0.0005474921168181259,0.06898017427426614,6.898017427426614e-05
2019-03-12,123013,sell,rebalance,134.8,0.0005329990487518944,0.07184827177175537,7.184827177175538e-05
2019-03-12,123011,sell,rebalance,114.161,0.0005325125304944454,0.060792162993776384,6.0792162993776384e-05
2019-03-12,128038,sell,rebalance,133.515,0.0005547324003263229,0.074065096429569,7.4065096429569e-05
2019-03-12,123004,sell,rebalance,119.85,0.0005353801458388671,0.06416531047878822,6.416531047878822e-05
2019-03-12,113507,sell,rebalance,125.5,0.0005196915753307337,0.06522129270400708,6.522129270400707e-05
2019-03-12,123001,sell,rebalance,137.0,0.0005233352687212606,0.07169693181481271,7.169693181481271e-05
2019-03-12,123014,sell,rebalance,122.963,0.0005565968580304895,0.06844081945400307,6.844081945400307e-05
2019-03-12,123015,sell,rebalance,139.001,0.0005127838247906224,0.0712774644297213,7.12774644297213e-05
2019-03-12,127003,sell,rebalance,103.38,0.0005939641491309472,0.061404013737157315,6.140401373715731e-05
2019-03-12,128036,sell,rebalance_resize,117.6,3.570287060774213e-05,0.004198657583470475,4.198657583470475e-06
2019-03-12,123018,buy,rebalance,116.509,4.4087860899408395e-05,0.005136632585529172,5.136632585529173e-06
2019-03-12,128053,buy,rebalance,119.386,0.0005431237380112763,0.06484137058621423,6.484137058621422e-05
2019-03-12,113012,buy,rebalance,111.01,0.0005841038697974437,0.06484137058621423,6.484137058621422e-05
2019-03-12,113527,buy,rebalance,110.5,4.690585518206505e-05,0.005183096997618188,5.183096997618188e-06
2019-03-12,113526,buy,rebalance,112.01,5.196358387967139e-05,0.005820441030361992,5.820441030361992e-06
2019-03-12,128049,buy,rebalance,111.2,3.087720771969344e-05,0.0034335454984299103,3.43354549842991e-06
2019-03-12,113521,buy,rebalance,119.26,0.000543697556483433,0.06484137058621423,6.484137058621422e-05
2019-03-12,113514,buy,rebalance,108.52,1.8982243279691353e-05,0.0020599530407121058,2.0599530407121058e-06
2019-03-12,113524,buy,rebalance,110.4,2.6017887146808253e-05,0.002872374741007631,2.8723747410076313e-06
2019-03-12,113016,buy,rebalance,110.87,2.584840784386022e-05,0.002865812977648783,2.865812977648783e-06
2019-03-12,110047,buy,rebalance,116.88,0.0005547687421818466,0.06484137058621423,6.484137058621422e-05
2019-03-12,128052,buy,rebalance,119.966,0.0005404978959556393,0.06484137058621423,6.484137058621422e-05
2019-03-12,127007,buy,rebalance,116.988,2.481510871093751e-05,0.0029030699378751576,2.9030699378751577e-06
2019-03-12,113523,buy,rebalance,110.97,0.0005843144145824477,0.06484137058621423,6.484137058621422e-05
2019-03-12,128050,buy,rebalance,109.09,2.084116367801975e-05,0.0022735625456351744,2.2735625456351744e-06
2019-03-12,128034,buy,rebalance,115.601,0.0005609066581276479,0.06484137058621423,6.484137058621422e-05
2019-03-12,128025,buy,rebalance,109.99,0.0005895205981108667,0.06484137058621423,6.484137058621422e-05
2019-03-12,128048,buy,rebalance,117.505,0.0005518179701818154,0.06484137058621423,6.484137058621422e-05
2019-03-12,128043,buy,rebalance,112.299,0.0005773993587317271,0.06484137058621423,6.484137058621422e-05
2019-03-21,128049,sell,rebalance,132.0,0.0005836614841541883,0.07704331590835285,7.704331590835285e-05
2019-03-21,128050,sell,rebalance,114.89,0.0005949612629305056,0.06835509949808578,6.835509949808579e-05
2019-03-21,127007,sell,rebalance,127.01,0.0005547893013325948,0.07046378916225288,7.046378916225287e-05
2019-03-21,128025,sell,rebalance,111.226,0.0005895205981108667,0.06557001804547925,6.557001804547925e-05
2019-03-21,128048,sell,rebalance,120.15,0.0005518179701818154,0.06630092911734513,6.630092911734513e-05
2019-03-21,128043,sell,rebalance,117.69,0.0005773993587317271,0.06795413052913696,6.795413052913696e-05
2019-03-21,113527,sell,rebalance_resize,115.12,6.813558593042174e-06,0.0007843768652310151,7.843768652310151e-07
2019-03-21,113012,sell,rebalance_resize,119.1,2.2974194791943427e-05,0.002736226599720462,2.7362265997204623e-06
2019-03-21,123018,buy,rebalance,118.655,6.176987998630518e-06,0.0007329305109775041,7.329305109775041e-07
2019-03-21,128053,buy,rebalance,119.1,1.7987797828331946e-05,0.0021423467213543346,2.142346721354335e-06
2019-03-21,128036,buy,rebalance,117.0,1.925484570235255e-05,0.0022528169471752483,2.252816947175248e-06
2019-03-21,113521,buy,rebalance,115.31,3.5839143762768136e-05,0.004132611667284794,4.132611667284794e-06
2019-03-21,113528,buy,rebalance,111.58,0.000598343961808938,0.0667632192586413,6.67632192586413e-05
2019-03-21,113526,buy,rebalance,114.8,2.7255531658261007e-06,0.00031289350343683634,3.128935034368363e-07
2019-03-21,113527,buy,rebalance,115.12,1.2042918116717837e-19,1.3863807335965573e-17,1.3863807335965573e-20
2019-03-21,128033,buy,rebalance,107.615,0.0006203895298856228,0.0667632192586413,6.67632192586413e-05
2019-03-21,113514,buy,rebalance,109.83,1.0392047674987408e-05,0.001141358596143867,1.141358596143867e-06
2019-03-21,113524,buy,rebalance,110.69,1.5851146875443893e-05,0.0017545634476428843,1.7545634476428844e-06
2019-03-21,128052,buy,rebalance,123.5,6.394696644238673e-07,7.897450355634761e-05,7.897450355634761e-08
2019-03-21,110047,buy,rebalance,119.27,5.555531391142236e-06,0.0006626082290215345,6.626082290215344e-07
2019-03-21,113016,buy,rebalance,108.9,2.825490189092936e-05,0.0030769588159222077,3.0769588159222077e-06
2019-03-21,113523,buy,rebalance,112.9,7.622489512155157e-06,0.0008605790659223173,8.605790659223173e-07
2019-03-21,128034,buy,rebalance,118.001,5.443597698839963e-06,0.0006423499720608145,6.423499720608145e-07
2019-03-21,123012,buy,rebalance,119.52,0.0005585945386432505,0.0667632192586413,6.67632192586413e-05
2019-03-21,113515,buy,rebalance,117.0,0.0005706258056294129,0.0667632192586413,6.67632192586413e-05
2019-03-21,123011,buy,rebalance,114.95,0.0005808022554035781,0.0667632192586413,6.67632192586413e-05
2019-03-21,128039,buy,rebalance,119.71,0.0005577079547125662,0.0667632192586413,6.67632192586413e-05
2019-04-11,113016,sell,rebalance,110.48,0.0006136587827511779,0.06779702231835014,6.779702231835013e-05
2019-04-11,128036,sell,rebalance,121.368,0.0005711818163988033,0.06932319469268995,6.932319469268995e-05
2019-04-11,113012,sell,rebalance,113.34,0.0005611296750055002,0.0635984373651234,6.35984373651234e-05
2019-04-11,110047,sell,rebalance,126.5,0.0005603242735729888,0.07088102060698308,7.088102060698308e-05
2019-04-11,128052,sell,rebalance,152.3,0.0005411373656200632,0.08241522078393564,8.241522078393564e-05
2019-04-11,113523,sell,rebalance,119.62,0.0005919369040946029,0.07080749246779641,7.080749246779642e-05
2019-04-11,128034,sell,rebalance,118.0,0.0005663502558264879,0.06682933018752557,6.682933018752558e-05
2019-04-11,123012,sell,rebalance,128.7,0.0005585945386432505,0.07189111712338633,7.189111712338634e-05
2019-04-11,113515,sell,rebalance,127.9,0.0005706258056294129,0.0729830405400019,7.29830405400019e-05
2019-04-11,128033,sell,rebalance_resize,114.551,1.9950949469898863e-05,0.0022854012127263845,2.2854012127263845e-06
2019-04-11,113521,buy,rebalance,116.5,1.0856774648233211e-05,0.0012648142465191692,1.2648142465191693e-06
2019-04-11,128049,buy,rebalance,119.883,0.0005737330549385784,0.0687808398252016,6.87808398252016e-05
2019-04-11,128057,buy,rebalance,112.9,0.0006092191304269407,0.0687808398252016,6.87808398252016e-05
2019-04-11,128056,buy,rebalance,111.698,0.0006157750346935631,0.0687808398252016,6.87808398252016e-05
2019-04-11,123018,buy,rebalance,116.72,2.6052780978687042e-05,0.0030408805958323515,3.0408805958323517e-06
2019-04-11,113514,buy,rebalance,111.0,1.1166887595671152e-05,0.001239524523119498,1.239524523119498e-06
2019-04-11,113528,buy,rebalance,110.01,2.6879561736208657e-05,0.0029570205866003146,2.957020586600315e-06
2019-04-11,128053,buy,rebalance,122.55,1.3562715673286703e-07,1.6621108057612854e-05,1.6621108057612853e-08
2019-04-11,113527,buy,rebalance,117.59,4.3914271543951765e-06,0.0005163879190853288,5.163879190853288e-07
2019-04-11,123011,buy,rebalance,110.654,4.0782502718149034e-05,0.004512747055774063,4.512747055774064e-06
2019-04-11,128050,buy,rebalance,110.0,0.0006252803620472872,0.0687808398252016,6.87808398252016e-05
2019-04-11,113524,buy,rebalance,110.31,1.9775983929671543e-05,0.002181488787282068,2.181488787282068e-06
2019-04-11,113526,buy,rebalance,116.49,8.29930691268293e-06,0.0009667862622584344,9.667862622584346e-07
2019-04-11,123019,buy,rebalance,110.5,0.0006224510391420959,0.0687808398252016,6.87808398252016e-05
2019-04-11,128039,buy,rebalance,118.43,2.306414547489972e-05,0.002731486748592374,2.731486748592374e-06
2019-04-11,113519,buy,rebalance,119.43,0.0005759092340718546,0.0687808398252016,6.87808398252016e-05
2019-04-11,128044,buy,rebalance,116.36,0.0005911038142420213,0.0687808398252016,6.87808398252016e-05
2019-04-11,110052,buy,rebalance,124.88,0.0005507754630461371,0.0687808398252016,6.87808398252016e-05
2019-04-23,113526,sell,rebalance,113.82,0.0005904441567963052,0.06720435392655545,6.720435392655545e-05
2019-04-23,128039,sell,rebalance,120.197,0.000580772100187466,0.06980706412623285,6.980706412623285e-05
2019-04-23,113519,sell,rebalance,118.5,0.0005759092340718546,0.06824524423751477,6.824524423751477e-05
2019-04-23,110052,sell,rebalance,125.0,0.0005507754630461371,0.06884693288076714,6.884693288076714e-05
2019-04-23,123018,sell,rebalance_resize,116.2,6.291674223817236e-06,0.0007310925448075628,7.310925448075628e-07
2019-04-23,113524,sell,rebalance_resize,109.38,4.1839637422260986e-06,0.00045764195412469066,4.5764195412469067e-07
2019-04-23,113528,sell,rebalance_resize,109.2,4.8634380882561936e-06,0.0005310874392375764,5.310874392375764e-07
2019-04-23,113514,sell,rebalance_resize,110.27,5.3067564450663405e-06,0.0005851760331974654,5.851760331974654e-07
2019-04-23,128056,sell,rebalance_resize,110.53,2.879700106641331e-06,0.00031829325278706633,3.182932527870663e-07
2019-04-23,128057,sell,rebalance_resize,112.789,8.599200009147684e-06,0.0009698951698317581,9.698951698317582e-07
2019-04-23,123011,sell,rebalance_resize,112.2,1.7811840725181248e-05,0.001998488529365336,1.998488529365336e-06
2019-04-23,113521,sell,rebalance_resize,116.61,9.454264433132166e-06,0.0011024617755475419,1.102461775547542e-06
2019-04-23,128060,buy,rebalance,106.18,0.0006373549313451723,0.0676743466102304,6.76743466102304e-05
2019-04-23,128050,buy,rebalance,107.36,5.70601056288815e-06,0.0006125972940316717,6.125972940316717e-07
2019-04-23,123023,buy,rebalance,109.7,0.0006169037977231577,0.0676743466102304,6.76743466102304e-05
2019-04-23,128053,buy,rebalance,120.21,2.291981157124513e-06,0.0002755190548979377,2.755190548979377e-07
2019-04-23,123019,buy,rebalance,108.59,1.3924751548828208e-06,0.00015120887706872551,1.5120887706872552e-07
2019-04-23,113528,buy,rebalance,109.2,1.2695657286919736e-19,1.3863657757316352e-17,1.3863657757316352e-20
2019-04-23,113527,buy,rebalance,114.64,5.995267243497087e-06,0.0006872974367945061,6.872974367945061e-07
2019-04-23,110047,buy,rebalance,114.72,0.0005899088790989401,0.0676743466102304,6.76743466102304e-05
2019-04-23,128044,buy,rebalance,109.289,2.872180442574138e-05,0.0031389772838848495,3.1389772838848494e-06
2019-04-23,128049,buy,rebalance,114.311,1.8870655630399882e-05,0.002157123515766641,2.1571235157666414e-06
2019-04-23,128033,buy,rebalance,107.85,2.7658601162797834e-05,0.0029829801354077463,2.9829801354077465e-06
2019-04-23,123024,buy,rebalance,108.5,0.000623726696868483,0.0676743466102304,6.76743466102304e-05
2019-04-23,113505,buy,rebalance,112.49,0.0006016032234885804,0.0676743466102304,6.76743466102304e-05
2019-05-06,113528,sell,rebalance,101.43,0.0006203600854568906,0.06292312346789242,6.292312346789241e-05
2019-05-06,128033,sell,rebalance,100.8,0.0006280971815785218,0.063312195903115,6.3312195903115e-05
2019-05-06,128056,sell,rebalance,101.603,0.0006128953345869218,0.062272004680035006,6.227200468003501e-05
2019-05-06,128050,sell,rebalance,101.991,0.0006309863726101754,0.0643549311288844,6.435493112888439e-05
2019-05-06,123019,sell,rebalance,101.45,0.0006238435142969787,0.06328892452542849,6.328892452542848e-05
2019-05-06,128044,sell,rebalance,101.95,0.0006198256186677627,0.0631912218231784,6.319122182317841e-05
2019-05-06,110047,sell,rebalance,108.5,0.0005899088790989401,0.064005113382235,6.400511338223499e-05
2019-05-06,123024,sell,rebalance,99.54,0.000623726696868483,0.0620857554062888,6.20857554062888e-05
2019-05-06,113505,sell,rebalance,102.76,0.0006016032234885804,0.06182074724568653,6.182074724568653e-05
2019-05-06,113524,sell,rebalance_resize,103.98,1.7212024080275318e-05,0.0017897062638670277,1.7897062638670277e-06
2019-05-06,113514,sell,rebalance_resize,102.01,5.850976924181409e-07,5.9685815603574555e-05,5.968581560357456e-08
2019-05-06,128060,sell,rebalance_resize,100.0,1.1263097285161144e-05,0.0011263097285161144,1.1263097285161144e-06
2019-05-06,128062,buy,rebalance,103.2,0.00060606889582556,0.06254631004919779,6.254631004919779e-05
2019-05-06,128057,buy,rebalance,104.003,1.3727033930448353e-06,0.000142765270986842,1.42765270986842e-07
2019-05-06,123018,buy,rebalance,107.06,1.8138081040284212e-06,0.00019418629561728277,1.9418629561728278e-07
2019-05-06,128053,buy,rebalance,110.0,5.629591418703532e-06,0.0006192550560573885,6.192550560573886e-07
2019-05-06,123023,buy,rebalance,101.3,1.1521359822428753e-06,0.00011671137500120327,1.1671137500120327e-07
2019-05-06,128049,buy,rebalance,105.51,7.912234420064663e-07,8.348198536610227e-05,8.348198536610227e-08
2019-05-06,128063,buy,rebalance,103.0,0.0006072457286329883,0.06254631004919779,6.254631004919779e-05
2019-05-06,123004,buy,rebalance,103.9,0.0006019856597612877,0.06254631004919779,6.254631004919779e-05
2019-05-06,113526,buy,rebalance,110.04,0.0005683961291275698,0.06254631004919779,6.254631004919779e-05
2019-05-06,113521,buy,rebalance,106.0,9.703708732018645e-06,0.0010285931255939764,1.0285931255939765e-06
2019-05-06,123020,buy,rebalance,107.6,0.0005812854093791617,0.06254631004919779,6.254631004919779e-05
2019-05-06,113527,buy,rebalance,100.95,2.9254434919990235e-05,0.0029532352051730142,2.953235205173014e-06
2019-05-06,123011,buy,rebalance,101.98,1.0152779913041901e-05,0.001035380495532013,1.035380495532013e-06
2019-05-06,123013,buy,rebalance,109.51,0.0005711470189863737,0.06254631004919779,6.254631004919779e-05
2019-05-06,127007,buy,rebalance,109.0,0.000573819358249521,0.06254631004919779,6.254631004919779e-05
2019-05-06,128055,buy,rebalance,110.11,0.0005680347838452256,0.06254631004919779,6.254631004919779e-05
2019-05-06,113532,buy,rebalance,101.39,0.0006168883523937054,0.06254631004919779,6.254631004919779e-05
2019-05-13,113524,sell,rebalance,101.13,0.0006021271725908937,0.06089312096411707,6.0893120964117074e-05
2019-05-13,123011,sell,rebalance,100.5,0.0006139256973095879,0.06169953257961358,6.169953257961358e-05
2019-05-13,128063,sell,rebalance,103.598,0.0006072457286329883,0.06290944299492032,6.290944299492032e-05
2019-05-13,123004,sell,rebalance,103.48,0.0006019856597612877,0.06229347607209805,6.229347607209805e-05
2019-05-13,123020,sell,rebalance,110.29,0.0005812854093791617,0.06410996780042776,6.410996780042776e-05
2019-05-13,127007,sell,rebalance,109.7,0.000573819358249521,0.06294798359997246,6.294798359997246e-05
2019-05-13,123018,sell,rebalance_resize,109.0,8.083741415681233e-06,0.0008811278143092545,8.811278143092545e-07
2019-05-13,128062,sell,rebalance_resize,106.29,1.4645640298913767e-05,0.0015566851073715443,1.5566851073715444e-06
2019-05-13,113527,sell,rebalance_resize,101.55,1.1416958655009572e-06,0.00011593921514162221,1.1593921514162222e-07
2019-05-13,113526,sell,rebalance_resize,112.8,1.1105545528924166e-05,0.001252705535662646,1.252705535662646e-06
2019-05-13,128057,sell,rebalance_resize,106.999,1.448828489236899e-05,0.0015502319951985893,1.5502319951985893e-06
2019-05-13,128055,sell,rebalance_resize,116.001,2.612240524566845e-05,0.003030225130902786,3.030225130902786e-06
2019-05-13,128053,buy,rebalance,110.11,1.7347484731663e-06,0.0001910131543803413,1.910131543803413e-07
2019-05-13,113514,buy,rebalance,101.03,8.450976383781967e-06,0.0008538021440534921,8.538021440534921e-07
2019-05-13,128064,buy,rebalance,99.9,0.0006286106365051721,0.06279820258686669,6.279820258686669e-05
2019-05-13,128049,buy,rebalance,103.35,1.4837390712706538e-05,0.0015334443301582206,1.5334443301582205e-06
2019-05-13,128050,buy,rebalance,104.4,0.0006015153504489146,0.06279820258686669,6.279820258686669e-05
2019-05-13,128062,buy,rebalance,106.29,1.3043202733876025e-19,1.386362018583683e-17,1.386362018583683e-20
2019-05-13,113521,buy,rebalance,104.5,1.0899796830685007e-05,0.0011390287688065833,1.1390287688065833e-06
2019-05-13,113526,buy,rebalance,112.8,1.229044342716031e-19,1.386362018583683e-17,1.386362018583683e-20
2019-05-13,123013,buy,rebalance,109.0,5.566355259080157e-06,0.0006067327232397371,6.067327232397371e-07
2019-05-13,113025,buy,rebalance,97.62,0.0006432923846226868,0.06279820258686669,6.279820258686669e-05
2019-05-13,128056,buy,rebalance,101.0,0.0006217643820481851,0.06279820258686669,6.279820258686669e-05
2019-05-13,110047,buy,rebalance,108.97,0.0005762889105888473,0.06279820258686669,6.279820258686669e-05
2019-05-13,128060,buy,rebalance,98.95,9.193140387817079e-06,0.0009096612413745,9.096612413745e-07
2019-05-13,113532,buy,rebalance,101.68,1.3476605390624133e-06,0.0001370301236118662,1.370301236118662e-07
2019-05-13,123023,buy,rebalance,101.2,3.1106288582409574e-06,0.0003147956404539849,3.1479564045398494e-07
2019-05-13,110058,buy,rebalance,97.0,0.0006474041503800689,0.06279820258686669,6.279820258686669e-05
2019-05-21,113521,sell,rebalance,102.53,0.0006015427160240058,0.06167617467394131,6.167617467394131e-05
2019-05-21,128060,sell,rebalance,98.99,0.0006352849744478283,0.06288685962059051,6.288685962059051e-05
2019-05-21,123023,sell,rebalance,99.751,0.0006211665625636415,0.06196198578228581,6.196198578228581e-05
2019-05-21,128055,sell,rebalance,115.829,0.0005419123785995572,0.06276916890080811,6.276916890080812e-05
2019-05-21,113532,sell,rebalance,100.52,0.0006182360129327678,0.062145084020001816,6.214508402000182e-05
2019-05-21,128050,sell,rebalance,103.5,0.0006015153504489146,0.062256838771462666,6.225683877146267e-05
2019-05-21,110047,sell,rebalance,108.25,0.0005762889105888473,0.062383274571242715,6.238327457124271e-05
2019-05-21,110058,sell,rebalance,98.5,0.0006474041503800689,0.0637693088124368,6.37693088124368e-05
2019-05-21,123018,sell,rebalance_resize,110.498,1.2602156700844187e-05,0.001392513111129881,1.392513111129881e-06
2019-05-21,128049,sell,rebalance_resize,104.35,1.0879283279878447e-05,0.001135253210255316,1.135253210255316e-06
2019-05-21,128057,sell,rebalance_resize,107.863,9.606553801868441e-06,0.0010361917127309356,1.0361917127309356e-06
2019-05-21,128064,sell,rebalance_resize,100.35,7.446811147306055e-06,0.0007472874986321626,7.472874986321626e-07
2019-05-21,113514,sell,rebalance_resize,100.32,8.567477884148167e-07,8.594893813377441e-05,8.594893813377441e-08
2019-05-21,113025,sell,rebalance_resize,98.81,1.2447430927090655e-05,0.0012299306499058277,1.2299306499058278e-06
2019-05-21,127013,buy,rebalance,100.411,0.0006201593893382437,0.0622708244428424,6.22708244428424e-05
2019-05-21,128053,buy,rebalance,105.63,1.919156524864376e-05,0.00202720503721424,2.0272050372142403e-06
2019-05-21,128049,buy,rebalance,104.35,6.642917773523407e-20,6.931884696671675e-18,6.931884696671675e-21
2019-05-21,128064,buy,rebalance,100.35,6.90770771965289e-20,6.931884696671675e-18,6.931884696671675e-21
2019-05-21,113527,buy,rebalance,98.81,1.1804186425577528e-05,0.0011663716607113156,1.1663716607113155e-06
2019-05-21,113526,buy,rebalance,108.78,1.571971985084379e-05,0.0017099911253747873,1.7099911253747873e-06
2019-05-21,128063,buy,rebalance,107.301,0.0005803377828989702,0.0622708244428424,6.22708244428424e-05
2019-05-21,128062,buy,rebalance,105.2,1.1021497506618456e-06,0.00011594615376962615,1.1594615376962615e-07
2019-05-21,128056,buy,rebalance,99.847,2.5261307823456914e-06,0.00025222658022487025,2.5222658022487026e-07
2019-05-21,123013,buy,rebalance,106.301,9.666348149833724e-06,0.0010275424746754747,1.0275424746754747e-06
2019-05-21,113523,buy,rebalance,110.99,0.0005610489633556393,0.0622708244428424,6.22708244428424e-05
2019-05-21,110052,buy,rebalance,113.2,0.0005500956222865936,0.0622708244428424,6.22708244428424e-05
2019-05-21,127007,buy,rebalance,110.755,0.00056223939725378,0.0622708244428424,6.22708244428424e-05
2019-05-21,123012,buy,rebalance,110.0,0.0005660984040258399,0.0622708244428424,6.22708244428424e-05
2019-05-21,113533,buy,rebalance,117.53,0.0005298291878060273,0.0622708244428424,6.22708244428424e-05
2019-05-21,123011,buy,rebalance,98.82,0.0006301439429552965,0.0622708244428424,6.22708244428424e-05
2019-05-31,127013,sell,rebalance,99.21,0.0006201593893382437,0.061526013016247154,6.152601301624716e-05
2019-05-31,110052,sell,rebalance,116.22,0.0005500956222865936,0.06393211322214791,6.393211322214791e-05
2019-05-31,127007,sell,rebalance,108.052,0.00056223939725378,0.06075109135206544,6.075109135206544e-05
2019-05-31,113533,sell,rebalance,117.3,0.0005298291878060273,0.062148963729647004,6.2148963729647e-05
2019-05-31,123011,sell,rebalance,97.68,0.0006301439429552965,0.06155246034787337,6.155246034787337e-05
2019-05-31,128063,sell,rebalance_resize,107.1,4.642185711565565e-07,4.9717808970867194e-05,4.971780897086719e-08
2019-05-31,113514,sell,rebalance_resize,100.21,1.6064532615816488e-06,0.000160982681343097,1.60982681343097e-07
2019-05-31,128053,sell,rebalance_resize,105.923,3.778019569473429e-06,0.000400179166857334,4.00179166857334e-07
2019-05-31,113527,sell,rebalance_resize,99.52,6.7930385422502324e-06,0.0006760431957247431,6.760431957247432e-07
2019-05-31,128049,sell,rebalance_resize,104.06,5.391000685597747e-07,5.609875313433016e-05,5.609875313433016e-08
2019-05-31,128056,sell,rebalance_resize,100.001,3.2521358192125733e-06,0.0003252168340570766,3.252168340570766e-07
2019-05-31,113523,sell,rebalance_resize,111.0,1.5493350717759072e-06,0.00017197619296712569,1.719761929671257e-07
2019-05-31,113526,sell,rebalance_resize,113.0,2.341332345383626e-05,0.0026457055502834975,2.6457055502834976e-06
2019-05-31,123013,sell,rebalance_resize,106.009,5.383434603967645e-07,5.706925189320061e-05,5.7069251893200614e-08
2019-05-31,128060,buy,rebalance,100.598,0.000616727162535813,0.06204151909677772,6.204151909677773e-05
2019-05-31,123018,buy,rebalance,110.0,4.68607191121746e-07,5.1546791023392056e-05,5.154679102339206e-08
2019-05-31,128062,buy,rebalance,102.67,1.2355979613886782e-05,0.001268588426957756,1.268588426957756e-06
2019-05-31,128057,buy,rebalance,106.1,7.43357735802853e-06,0.000788702557686827,7.887025576868271e-07
2019-05-31,128034,buy,rebalance,104.995,0.0005908997485287653,0.06204151909677772,6.204151909677773e-05
2019-05-31,128039,buy,rebalance,111.0,0.0005589326044754749,0.06204151909677772,6.204151909677773e-05
2019-05-31,113025,buy,rebalance,98.35,6.181582876257227e-07,6.079586758798982e-05,6.079586758798983e-08
2019-05-31,123012,buy,rebalance,108.767,4.882867466830742e-06,0.0005310948457647793,5.310948457647793e-07
2019-05-31,128064,buy,rebalance,98.503,9.309646884660039e-06,0.0009170281470796679,9.170281470796679e-07
2019-05-31,123014,buy,rebalance,103.5,0.0005994349671186253,0.06204151909677772,6.204151909677773e-05
2019-05-31,113528,buy,rebalance,98.55,0.0006295435727729855,0.06204151909677772,6.204151909677773e-05
2019-06-11,113514,sell,rebalance,99.5,0.000619743126828748,0.06166444111946043,6.166444111946043e-05
2019-06-11,113527,sell,rebalance,97.08,0.0006240399792957077,0.060581801190027304,6.058180119002731e-05
2019-06-11,123013,sell,rebalance,102.8,0.0005858413789348908,0.06022449375450677,6.022449375450677e-05
2019-06-11,128064,sell,rebalance,95.421,0.0006304734722425262,0.060160409194854096,6.01604091948541e-05
2019-06-11,128056,sell,rebalance,97.74,0.0006210383770113182,0.06070029096908624,6.070029096908624e-05
2019-06-11,128039,sell,rebalance,105.659,0.0005589326044754749,0.05905626005627421,5.905626005627421e-05
2019-06-11,123014,sell,rebalance,100.997,0.0005994349671186253,0.060541133374079806,6.054113337407981e-05
2019-06-11,113528,sell,rebalance,96.65,0.0006295435727729855,0.06084538630850905,6.084538630850905e-05
2019-06-11,128060,sell,rebalance_resize,100.421,1.4493271041112606e-05,0.001455428771219569,1.455428771219569e-06
2019-06-11,123018,sell,rebalance_resize,107.99,4.562088594281985e-06,0.0004926599472965115,4.926599472965115e-07
2019-06-11,113523,sell,rebalance_resize,109.0,4.66541160689723e-06,0.000508529865151798,5.08529865151798e-07
2019-06-11,128034,sell,rebalance_resize,103.29,5.393604489755632e-06,0.0005571054077468593,5.571054077468593e-07
2019-06-11,113025,sell,rebalance_resize,97.14,8.888172537171806e-06,0.0008633970802608693,8.633970802608693e-07
2019-06-11,128049,sell,rebalance_resize,101.397,3.7687106953087427e-07,3.821359583722206e-05,3.8213595837222056e-08
2019-06-11,128053,sell,rebalance_resize,103.93,4.416427224849341e-06,0.0004589992814785921,4.589992814785921e-07
2019-06-11,113535,buy,rebalance,100.82,0.0005992458972148653,0.06041597135720272,6.041597135720272e-05
2019-06-11,128057,buy,rebalance,102.6,4.108240867227416e-06,0.0004215055129775328,4.215055129775328e-07
2019-06-11,113526,buy,rebalance,107.35,1.375132147736996e-05,0.0014762043605956651,1.4762043605956652e-06
2019-06-11,123018,buy,rebalance,107.99,6.419020079554178e-20,6.931899783910556e-18,6.931899783910556e-21
2019-06-11,113523,buy,rebalance,109.0,6.359541086156474e-20,6.931899783910556e-18,6.931899783910556e-21
2019-06-11,113505,buy,rebalance,102.8,0.0005877040015292094,0.06041597135720272,6.041597135720272e-05
2019-06-11,128049,buy,rebalance,101.397,6.83639534099683e-20,6.931899783910556e-18,6.931899783910556e-21
2019-06-11,128053,buy,rebalance,103.93,6.669777527095695e-20,6.931899783910556e-18,6.931899783910556e-21
2019-06-11,123012,buy,rebalance,103.4,1.3887981031194016e-05,0.0014360172386254613,1.4360172386254614e-06
2019-06-11,123015,buy,rebalance,104.623,0.0005774635726102551,0.06041597135720272,6.041597135720272e-05
2019-06-11,127007,buy,rebalance,106.801,0.0005656873190064017,0.06041597135720272,6.041597135720272e-05
2019-06-11,128063,buy,rebalance,103.599,3.882300161574812e-06,0.000402202414438989,4.0220241443898897e-07
2019-06-11,128062,buy,rebalance,99.523,2.783678371330274e-06,0.00027704002254990285,2.7704002254990287e-07
2019-06-11,128038,buy,rebalance,107.7,0.0005609653793612137,0.06041597135720272,6.041597135720272e-05
2019-06-11,128025,buy,rebalance,104.122,0.0005802421328557146,0.06041597135720272,6.041597135720272e-05
2019-06-11,113525,buy,rebalance,103.52,0.000583616415738048,0.06041597135720272,6.041597135720272e-05
2019-06-11,110052,buy,rebalance,110.51,0.0005467013967713574,0.06041597135720272,6.041597135720272e-05
2019-06-21,113526,sell,rebalance,118.0,0.0005633483014730234,0.06647509957381675,6.647509957381675e-05
2019-06-21,128063,sell,rebalance,103.2,0.0005837558644893884,0.060243605215304884,6.0243605215304886e-05
2019-06-21,113523,sell,rebalance,123.79,0.0005548342166769662,0.06868292768244165,6.868292768244165e-05
2019-06-21,128034,sell,rebalance,107.573,0.0005855061440390097,0.06298465243270839,6.298465243270838e-05
2019-06-21,123015,sell,rebalance,110.6,0.0005774635726102551,0.0638674711306942,6.386747113069421e-05
2019-06-21,127007,sell,rebalance,110.4,0.0005656873190064017,0.06245188001830675,6.245188001830675e-05
2019-06-21,128038,sell,rebalance,116.8,0.0005609653793612137,0.06552075630938976,6.552075630938976e-05
2019-06-21,128025,sell,rebalance,110.279,0.0005802421328557146,0.06398852216919534,6.398852216919535e-05
2019-06-21,113525,sell,rebalance,107.3,0.000583616415738048,0.06262204140869254,6.262204140869254e-05
2019-06-21,128057,sell,rebalance_resize,106.68,1.3982284596834086e-06,0.00014916301207902605,1.4916301207902604e-07
2019-06-21,110052,sell,rebalance_resize,116.05,6.1390965625664146e-06,0.0007124421560858324,7.124421560858324e-07
2019-06-21,128060,buy,rebalance,103.799,2.1267849200497916e-06,0.00022075814791624833,2.2075814791624833e-07
2019-06-21,128062,buy,rebalance,102.7,3.1619058340488305e-06,0.0003247277291568149,3.247277291568149e-07
2019-06-21,123018,buy,rebalance,107.79,2.1940453757972606e-05,0.0023649615105718674,2.3649615105718672e-06
2019-06-21,113527,buy,rebalance,98.3,0.0006375329785581349,0.06266949179226466,6.266949179226466e-05
2019-06-21,127003,buy,rebalance,102.71,0.0006101595929536041,0.06266949179226466,6.266949179226466e-05
2019-06-21,113025,buy,rebalance,98.37,1.5127252762576324e-05,0.001488067854254633,1.488067854254633e-06
2019-06-21,128053,buy,rebalance,105.889,1.0522963762443991e-05,0.0011142661098414318,1.1142661098414318e-06
2019-06-21,123023,buy,rebalance,100.682,0.0006224498102169669,0.06266949179226466,6.266949179226466e-05
2019-06-21,128049,buy,rebalance,103.0,1.2601328361589787e-05,0.001297936821243748,1.297936821243748e-06
2019-06-21,113505,buy,rebalance,103.78,1.6752673635133126e-05,0.0017385924698541159,1.738592469854116e-06
2019-06-21,128056,buy,rebalance,98.447,0.0006365810211815968,0.06266949179226466,6.266949179226466e-05
2019-06-21,128066,buy,rebalance,97.45,0.0006430938100796784,0.06266949179226466,6.266949179226466e-05
2019-06-21,113521,buy,rebalance,100.71,0.0006222767529765134,0.06266949179226466,6.266949179226466e-05
2019-06-21,113514,buy,rebalance,100.84,0.0006214745318550641,0.06266949179226466,6.266949179226466e-05
2019-06-21,123012,buy,rebalance,106.3,5.268978988315141e-06,0.0005600924664578994,5.600924664578995e-07
2019-06-21,113535,buy,rebalance,98.99,3.4442761791070824e-05,0.003409488989698101,3.4094889896981007e-06
2019-06-21,128064,buy,rebalance,96.8,0.0006474121052919904,0.06266949179226466,6.266949179226466e-05
2019-06-21,128044,buy,rebalance,100.5,0.0006235770327588524,0.06266949179226466,6.266949179226466e-05
2019-07-11,128062,sell,rebalance,100.123,0.000610826969096574,0.06115782862685628,6.115782862685628e-05
2019-07-11,113535,sell,rebalance,100.37,0.0006336886590059362,0.06360333070442582,6.360333070442582e-05
2019-07-11,110052,sell,rebalance,116.5,0.0005405623002087911,0.06297550797432416,6.297550797432417e-05
2019-07-11,113527,sell,rebalance,99.7,0.0006375329785581349,0.06356203796224605,6.356203796224604e-05
2019-07-11,127003,sell,rebalance,102.511,0.0006101595929536041,0.0625480700332669,6.25480700332669e-05
2019-07-11,123023,sell,rebalance,100.26,0.0006224498102169669,0.06240681797235311,6.240681797235311e-05
2019-07-11,128056,sell,rebalance,100.108,0.0006365810211815968,0.0637268528684473,6.37268528684473e-05
2019-07-11,128066,sell,rebalance,99.01,0.0006430938100796784,0.06367271813598896,6.367271813598896e-05
2019-07-11,128064,sell,rebalance,97.601,0.0006474121052919904,0.06318806888860355,6.318806888860355e-05
2019-07-11,128044,sell,rebalance,99.6,0.0006235770327588524,0.0621082724627817,6.21082724627817e-05
2019-07-11,128060,sell,rebalance_resize,106.089,9.463904575297814e-06,0.0010040161724887697,1.0040161724887698e-06
2019-07-11,128049,sell,rebalance_resize,104.36,4.285585063673902e-06,0.00044724365724500836,4.4724365724500836e-07
2019-07-11,113505,sell,rebalance_resize,106.57,1.2244949278298868e-05,0.0013049442445883103,1.3049442445883103e-06
2019-07-11,128053,sell,rebalance_resize,106.6,3.7850408878297594e-07,4.0348535864265234e-05,4.034853586426524e-08
2019-07-11,113521,sell,rebalance_resize,103.75,1.3968284276025155e-05,0.0014492094936376099,1.4492094936376098e-06
2019-07-11,123018,sell,rebalance_resize,110.339,9.981137599546515e-06,0.001101308741596363,1.101308741596363e-06
2019-07-11,113025,sell,rebalance_resize,99.2,1.4924782199605262e-06,0.0001480538394200842,1.4805383942008423e-07
2019-07-11,113027,buy,rebalance,102.55,0.0006148065143272783,0.06304840804426239,6.304840804426238e-05
2019-07-11,113536,buy,rebalance,103.0,0.0006121204664491493,0.06304840804426239,6.304840804426238e-05
2019-07-11,113537,buy,rebalance,100.18,0.0006293512481958713,0.06304840804426239,6.304840804426238e-05
2019-07-11,123026,buy,rebalance,113.9,0.000553541773874121,0.06304840804426239,6.304840804426238e-05
2019-07-11,128050,buy,rebalance,102.2,0.000616912016088673,0.06304840804426239,6.304840804426238e-05
2019-07-11,113532,buy,rebalance,105.88,0.000595470419760695,0.06304840804426239,6.304840804426238e-05
2019-07-11,123012,buy,rebalance,106.6,1.9049092198684178e-06,0.00020306332283797333,2.0306332283797335e-07
2019-07-11,123027,buy,rebalance,108.45,0.0005813592258576522,0.06304840804426239,6.304840804426238e-05
2019-07-11,123024,buy,rebalance,99.222,0.0006354277080109491,0.06304840804426239,6.304840804426238e-05
2019-07-11,123014,buy,rebalance,106.3,0.0005931176673966358,0.06304840804426239,6.304840804426238e-05
2019-07-11,128057,buy,rebalance,104.4,1.646311666823839e-05,0.0017187493801640878,1.7187493801640878e-06
2019-07-11,113514,buy,rebalance,100.31,7.687324588965922e-06,0.0007711155295191717,7.711155295191717e-07
2019-07-11,128038,buy,rebalance,109.0,0.0005784257618739668,0.06304840804426239,6.304840804426238e-05
2019-07-23,123018,sell,rebalance,119.6,0.0005719827407143046,0.06840913578943084,6.840913578943084e-05
2019-07-23,128049,sell,rebalance,101.074,0.0006047528136036381,0.06112478588217411,6.112478588217411e-05
2019-07-23,128057,sell,rebalance,103.35,0.0006045045015504113,0.062475540235235,6.2475540235235e-05
2019-07-23,113521,sell,rebalance,102.3,0.0006083084687004883,0.062229956348059945,6.222995634805995e-05
2019-07-23,128050,sell,rebalance,100.499,0.000616912016088673,0.06199904070489554,6.199904070489555e-05
2019-07-23,113532,sell,rebalance,102.97,0.000595470419760695,0.061315589122758765,6.131558912275876e-05
2019-07-23,123014,sell,rebalance,105.2,0.0005931176673966358,0.062395978610126086,6.239597861012608e-05
2019-07-23,128060,sell,rebalance_resize,106.68,8.104210908721732e-06,0.0008645572197424344,8.645572197424344e-07
2019-07-23,123024,sell,rebalance_resize,100.3,1.1309757860496943e-05,0.0011343687134078434,1.1343687134078434e-06
2019-07-23,113505,sell,rebalance_resize,106.77,5.913792008640331e-06,0.0006314155727625281,6.314155727625281e-07
2019-07-23,113537,sell,rebalance_resize,100.02,3.486117221162707e-06,0.00034868144446069393,3.4868144446069393e-07
2019-07-23,113025,sell,rebalance_resize,99.57,7.516027134288599e-06,0.0007483708217611157,7.483708217611157e-07
2019-07-23,123012,sell,rebalance_resize,107.578,1.0148790585267721e-05,0.001091786593581931,1.091786593581931e-06
2019-07-23,113536,sell,rebalance_resize,102.6,1.9934644989510293e-06,0.0002045294575923756,2.045294575923756e-07
2019-07-23,113514,sell,rebalance_resize,99.56,4.050223732149327e-07,4.03240274772787e-05,4.03240274772787e-08
2019-07-23,113027,buy,rebalance,99.22,1.608862682279942e-05,0.0015963135533581584,1.5963135533581584e-06
2019-07-23,123028,buy,rebalance,102.653,0.0006091958574056787,0.06253578235026513,6.253578235026513e-05
2019-07-23,123026,buy,rebalance,105.11,4.197309967103718e-05,0.0044117925064227174,4.411792506422717e-06
2019-07-23,128053,buy,rebalance,104.995,4.160362918753101e-06,0.0004368173046544818,4.368173046544818e-07
2019-07-23,123027,buy,rebalance,107.2,2.584339473191905e-06,0.0002770411915261722,2.7704119152617224e-07
2019-07-23,128038,buy,rebalance,107.98,1.3009312688429645e-06,0.00014047455840966331,1.404745584096633e-07
2019-07-23,113536,buy,rebalance,102.6,1.3512442628387822e-19,1.3863766136725905e-17,1.3863766136725904e-20
2019-07-23,128069,buy,rebalance,100.5,0.0006222465905499019,0.06253578235026513,6.253578235026513e-05
2019-07-23,128025,buy,rebalance,110.501,0.0005659295603683688,0.06253578235026513,6.253578235026513e-05
2019-07-23,128034,buy,rebalance,105.75,0.0005913549158417507,0.06253578235026513,6.253578235026513e-05
2019-07-23,123020,buy,rebalance,105.777,0.000591203970147245,0.06253578235026513,6.253578235026513e-05
2019-07-23,128064,buy,rebalance,99.601,0.0006278629968601233,0.06253578235026513,6.253578235026513e-05
2019-07-23,128039,buy,rebalance,103.8,0.000602464184491957,0.06253578235026513,6.253578235026513e-05
2019-07-31,123012,sell,rebalance,108.007,0.0005818943501467805,0.06284866307630332,6.284866307630333e-05
2019-07-31,113505,sell,rebalance,103.91,0.0005862979338774033,0.06092221830920098,6.092221830920098e-05
2019-07-31,128034,sell,rebalance,108.5,0.0005913549158417507,0.06416200836882996,6.416200836882996e-05
2019-07-31,128039,sell,rebalance,105.2,0.000602464184491957,0.06337923220855388,6.337923220855388e-05
2019-07-31,128060,sell,rebalance_resize,110.79,1.2677946954588607e-05,0.0014045897430988719,1.4045897430988719e-06
2019-07-31,123024,sell,rebalance_resize,103.7,1.0750948391370242e-05,0.0011148733481850942,1.1148733481850943e-06
2019-07-31,123026,sell,rebalance_resize,111.16,2.3311220410786147e-05,0.002591275260862988,2.591275260862988e-06
2019-07-31,123027,sell,rebalance_resize,109.8,4.652508113933367e-06,0.0005108453909098837,5.108453909098837e-07
2019-07-31,113514,sell,rebalance_resize,101.6,2.7119710549017634e-06,0.00027553625917801916,2.7553625917801914e-07
2019-07-31,128053,sell,rebalance_resize,106.96,1.5330421225794534e-06,0.00016397418543109832,1.639741854310983e-07
2019-07-31,128064,sell,rebalance_resize,102.517,7.418016199190941e-06,0.0007604727666924577,7.604727666924576e-07
2019-07-31,123020,sell,rebalance_resize,110.337,1.4732269064047186e-05,0.0016255143717197745,1.6255143717197746e-06
2019-07-31,113539,buy,rebalance,110.1,0.0005771166860168995,0.06354054713046063,6.354054713046064e-05
2019-07-31,128070,buy,rebalance,100.179,0.0006342701277758875,0.06354054713046063,6.354054713046064e-05
2019-07-31,113027,buy,rebalance,99.99,5.224657295924981e-06,0.0005224134830195389,5.224134830195389e-07
2019-07-31,123028,buy,rebalance,104.02,2.281867920048057e-06,0.00023735990104339889,2.3735990104339889e-07
2019-07-31,113536,buy,rebalance,103.05,7.1015513937518435e-06,0.0007318148711261274,7.318148711261274e-07
2019-07-31,113537,buy,rebalance,100.85,4.8305066288175796e-06,0.0004871565935162529,4.871565935162529e-07
2019-07-31,113524,buy,rebalance,103.59,0.0006133849515441705,0.06354054713046063,6.354054713046064e-05
2019-07-31,113025,buy,rebalance,100.8,2.317393282260026e-06,0.0002335932428518106,2.335932428518106e-07
2019-07-31,128049,buy,rebalance,100.657,0.0006312581055511354,0.06354054713046063,6.354054713046064e-05
2019-07-31,128025,buy,rebalance,110.0,1.2295544198733836e-05,0.001352509861860722,1.352509861860722e-06
2019-07-31,128053,buy,rebalance,106.96,1.2961361824882282e-19,1.3863472607894089e-17,1.3863472607894088e-20
2019-07-31,128038,buy,rebalance,108.79,4.93737013384589e-06,0.0005371364968610944,5.371364968610944e-07
2019-07-31,128069,buy,rebalance,100.65,9.697276797554792e-06,0.0009760309096738899,9.7603090967389e-07
2019-08-13,113025,sell,rebalance,100.35,0.0006310110801366374,0.06332196189171155,6.332196189171154e-05
2019-08-13,113537,sell,rebalance,99.95,0.0006306956376035262,0.06303802897847245,6.303802897847246e-05
2019-08-13,128069,sell,rebalance,100.21,0.0006319438673474567,0.06332709494688864,6.332709494688863e-05
2019-08-13,128064,sell,rebalance,99.51,0.0006204449806609324,0.06174048002556939,6.174048002556939e-05
2019-08-13,113524,sell,rebalance,99.94,0.0006133849515441705,0.0613016920573244,6.13016920573244e-05
2019-08-13,113539,sell,rebalance_resize,109.35,3.213016482053953e-06,0.0003513433523125997,3.5134335231259974e-07
2019-08-13,128060,sell,rebalance_resize,112.0,1.3789915193683524e-05,0.0015444705016925547,1.5444705016925547e-06
2019-08-13,113027,sell,rebalance_resize,101.8,1.9652546347423612e-05,0.0020006292181677238,2.000629218167724e-06
2019-08-13,123024,sell,rebalance_resize,105.9,2.0766753754970953e-05,0.002199199222651424,2.1991992226514242e-06
2019-08-13,113536,sell,rebalance_resize,102.34,4.0141087119846565e-06,0.00041080388558450975,4.1080388558450976e-07
2019-08-13,128070,sell,rebalance_resize,99.002,3.80244100452968e-07,3.7644926433044734e-05,3.7644926433044734e-08
2019-08-13,123028,sell,rebalance_resize,102.8,1.0072363798574457e-06,0.00010354389984934542,1.0354389984934542e-07
2019-08-13,123026,buy,rebalance,108.711,5.068231036103032e-06,0.0005509724641657967,5.509724641657967e-07
2019-08-13,113514,buy,rebalance,99.29,6.0002379482084105e-06,0.0005957636258776131,5.957636258776131e-07
2019-08-13,123012,buy,rebalance,103.002,0.0006086519327926642,0.06269236638150999,6.269236638150999e-05
2019-08-13,123027,buy,rebalance,108.2,7.116014018110194e-07,7.69952716759523e-05,7.69952716759523e-08
2019-08-13,128053,buy,rebalance,104.24,7.357388080754696e-06,0.0007669341335378695,7.669341335378695e-07
2019-08-13,128039,buy,rebalance,103.2,0.0006074841703634689,0.06269236638150999,6.269236638150999e-05
2019-08-13,128038,buy,rebalance,105.0,1.3002341905107742e-05,0.0013652459000363128,1.3652459000363129e-06
2019-08-13,113507,buy,rebalance,116.49,0.0005381780958151772,0.06269236638150999,6.269236638150999e-05
2019-08-13,128025,buy,rebalance,106.571,1.063311622558998e-05,0.0011331818292773497,1.1331818292773498e-06
2019-08-13,128057,buy,rebalance,101.266,0.0006190860346168505,0.06269236638150999,6.269236638150999e-05
2019-08-13,123020,buy,rebalance,107.5,7.300996939464944e-06,0.0007848571709924815,7.848571709924815e-07
2019-08-13,128049,buy,rebalance,99.41,3.0127083805245304e-08,2.9949334010794354e-06,2.9949334010794355e-09
2019-08-13,113540,buy,rebalance,100.8,0.0006219480791816467,0.06269236638150999,6.269236638150999e-05
2019-08-21,128038,sell,rebalance,110.15,0.0005976664051817634,0.06583295453077125,6.583295453077124e-05
2019-08-21,123020,sell,rebalance,114.333,0.0005837726980226628,0.0667444838830251,6.67444838830251e-05
2019-08-21,128039,sell,rebalance,104.105,0.0006074841703634689,0.06324213955568893,6.324213955568893e-05
2019-08-21,113507,sell,rebalance,116.75,0.0005381780958151772,0.06283229268642194,6.283229268642194e-05
2019-08-21,128060,sell,rebalance_resize,121.0,2.6134644304754607e-05,0.0031622919608753075,3.1622919608753076e-06
2019-08-21,128053,sell,rebalance_resize,108.75,7.66658399919145e-06,0.0008337410099120701,8.337410099120701e-07
2019-08-21,113540,sell,rebalance_resize,106.49,1.4970930230550979e-05,0.0015942543602513737,1.5942543602513737e-06
2019-08-21,123024,sell,rebalance_resize,118.7,4.805941740763097e-05,0.005704652846285796,5.704652846285796e-06
2019-08-21,113539,buy,rebalance,111.18,7.461074948570329e-06,0.0008295223127820492,8.295223127820492e-07
2019-08-21,113027,buy,rebalance,102.93,1.1491207177002595e-05,0.0011827899547288772,1.1827899547288773e-06
2019-08-21,113541,buy,rebalance,100.7,0.000641208736630762,0.06456971977871774,6.456971977871775e-05
2019-08-21,123026,buy,rebalance,110.49,7.72320568877832e-06,0.0008533369965531166,8.533369965531166e-07
2019-08-21,128070,buy,rebalance,100.25,1.0856875014922355e-05,0.001088401720245966,1.088401720245966e-06
2019-08-21,113514,buy,rebalance,100.83,8.994784228456643e-06,0.0009069440937552833,9.069440937552833e-07
2019-08-21,113536,buy,rebalance,103.75,9.78255873990017e-06,0.0010149404692646425,1.0149404692646425e-06
2019-08-21,123028,buy,rebalance,103.226,1.568290106038707e-05,0.0016188831448595159,1.6188831448595158e-06
2019-08-21,123027,buy,rebalance,110.4,5.47168189087394e-06,0.0006040736807524829,6.040736807524829e-07
2019-08-21,128049,buy,rebalance,100.6,1.1214958875750634e-05,0.0011282248629005138,1.1282248629005138e-06
2019-08-21,113527,buy,rebalance,95.84,0.0006737241212303604,0.06456971977871774,6.456971977871775e-05
2019-08-21,128069,buy,rebalance,104.8,0.0006161232803312762,0.06456971977871774,6.456971977871775e-05
2019-08-21,123019,buy,rebalance,105.71,0.0006108194095044721,0.06456971977871774,6.456971977871775e-05
2019-08-21,128057,buy,rebalance,104.0,2.4210254693771856e-06,0.0002517866488152273,2.517866488152273e-07
2019-08-21,128025,buy,rebalance,107.57,1.2012377384525296e-05,0.001292171435253386,1.292171435253386e-06
2019-08-21,123012,buy,rebalance,105.609,3.3851483401092923e-06,0.0003575021310506022,3.5750213105060224e-07
2019-09-02,128060,sell,rebalance,126.71,0.000534190054477704,0.06768722180286986,6.768722180286986e-05
2019-09-02,123028,sell,rebalance,103.84,0.0006261533900062563,0.06501976801824966,6.501976801824966e-05
2019-09-02,123012,sell,rebalance,105.7,0.0006120370811327734,0.06469231947573416,6.469231947573415e-05
2019-09-02,113540,sell,rebalance,114.51,0.0006069771489510957,0.06950495332638996,6.950495332638996e-05
2019-09-02,113527,sell,rebalance,94.57,0.0006737241212303604,0.06371409014475518,6.371409014475518e-05
2019-09-02,128069,sell,rebalance,104.691,0.0006161232803312762,0.06450256234116164,6.450256234116165e-05
2019-09-02,123019,sell,rebalance,108.011,0.0006108194095044721,0.06597521523998753,6.597521523998754e-05
2019-09-02,113539,sell,rebalance_resize,114.19,9.527045416310493e-06,0.0010878933160884952,1.0878933160884951e-06
2019-09-02,113541,sell,rebalance_resize,104.0,1.3341939933908665e-05,0.001387561753126501,1.3875617531265011e-06
2019-09-02,113514,sell,rebalance_resize,102.0,8.619748350023577e-07,8.792143317024048e-05,8.792143317024049e-08
2019-09-02,128057,sell,rebalance_resize,109.2,2.3538682279700728e-05,0.0025704241049433196,2.5704241049433196e-06
2019-09-02,123024,buy,rebalance,112.88,3.3898911856421594e-05,0.003826509170352869,3.826509170352869e-06
2019-09-02,113027,buy,rebalance,102.93,6.428773231222058e-06,0.0006617136286896865,6.617136286896866e-07
2019-09-02,123026,buy,rebalance,110.003,8.599543410915187e-06,0.0009459755738309033,9.459755738309034e-07
2019-09-02,113536,buy,rebalance,103.71,6.618779572691975e-06,0.0006864336294838847,6.864336294838847e-07
2019-09-02,128070,buy,rebalance,100.8,3.049234389051799e-06,0.00030736282641642134,3.0736282641642136e-07
2019-09-02,128039,buy,rebalance,105.771,0.0006167304358646144,0.06523219493183613,6.523219493183614e-05
2019-09-02,128068,buy,rebalance,131.8,0.0004949331937165108,0.06523219493183613,6.523219493183614e-05
2019-09-02,128056,buy,rebalance,101.101,0.0006452180980587347,0.06523219493183613,6.523219493183614e-05
2019-09-02,128049,buy,rebalance,101.308,2.045485257943691e-06,0.0002072240205117595,2.072240205117595e-07
2019-09-02,113025,buy,rebalance,107.06,0.0006093050152422578,0.06523219493183613,6.523219493183614e-05
2019-09-02,128053,buy,rebalance,108.5,7.455513484668064e-06,0.0008089232130864849,8.08923213086485e-07
2019-09-02,128025,buy,rebalance,107.6,5.98345324858039e-06,0.0006438195695472499,6.438195695472499e-07
2019-09-02,128038,buy,rebalance,109.899,0.0005935649544748918,0.06523219493183613,6.523219493183614e-05
2019-09-02,123018,buy,rebalance,119.487,0.0005459354986888627,0.06523219493183613,6.523219493183614e-05
2019-09-02,123021,buy,rebalance,108.0,0.0006040018049244087,0.06523219493183613,6.523219493183614e-05
2019-09-02,123027,buy,rebalance,110.53,5.2933725515695e-06,0.0005850764681249768,5.850764681249768e-07
2019-09-11,123027,sell,rebalance,125.0,0.0005907677130611651,0.07384596413264563,7.384596413264564e-05
2019-09-11,128057,sell,rebalance,116.26,0.000597968377806527,0.06951980360378683,6.951980360378684e-05
2019-09-11,128039,sell,rebalance,123.94,0.0006167304358646144,0.0764375702210603,7.643757022106031e-05
2019-09-11,128068,sell,rebalance,140.7,0.0004949331937165108,0.06963710035591307,6.963710035591307e-05
2019-09-11,113025,sell,rebalance,111.53,0.0006093050152422578,0.06795578834996902,6.795578834996901e-05
2019-09-11,128038,sell,rebalance,117.503,0.0005935649544748918,0.0697456628456632,6.974566284566321e-05
2019-09-11,123018,sell,rebalance,122.401,0.0005459354986888627,0.06682305097501548,6.682305097501548e-05
2019-09-11,123021,sell,rebalance,112.0,0.0006040018049244087,0.06764820215153378,6.764820215153378e-05
2019-09-11,113539,sell,rebalance_resize,123.99,1.7210417422809696e-05,0.002133919656254174,2.133919656254174e-06
2019-09-11,113027,buy,rebalance,107.82,3.415281116034832e-06,0.00036823560993087557,3.682356099308756e-07
2019-09-11,113541,buy,rebalance,107.72,1.052068069818716e-05,0.0011332877248087208,1.1332877248087208e-06
2019-09-11,113536,buy,rebalance,107.46,1.0316506600488417e-05,0.0011086117992884852,1.1086117992884852e-06
2019-09-11,113514,buy,rebalance,105.78,9.918360276137717e-06,0.0010491641500098476,1.0491641500098476e-06
2019-09-11,123026,buy,rebalance,114.523,6.873800643237225e-06,0.0007872082710654567,7.872082710654567e-07
2019-09-11,123028,buy,rebalance,106.56,0.0006447004205161181,0.06869927681019755,6.869927681019755e-05
2019-09-11,128053,buy,rebalance,111.2,1.6584046861303286e-05,0.0018441460109769256,1.8441460109769255e-06
2019-09-11,123024,buy,rebalance,116.71,1.077261818627977e-05,0.001257272268520712,1.257272268520712e-06
2019-09-11,128049,buy,rebalance,104.311,1.4698168294333924e-05,0.001533180632950266,1.5331806329502662e-06
2019-09-11,128056,buy,rebalance,102.901,2.3053885552806612e-05,0.002372267877269353,2.372267877269353e-06
2019-09-11,128069,buy,rebalance,108.7,0.0006320080663311642,0.06869927681019755,6.869927681019755e-05
2019-09-11,113537,buy,rebalance,103.15,0.0006660133476509699,0.06869927681019755,6.869927681019755e-05
2019-09-11,128025,buy,rebalance,110.999,1.2672472994632061e-05,0.0014066318299311641,1.4066318299311642e-06
2019-09-11,113521,buy,rebalance,106.5,0.0006450636320206343,0.06869927681019755,6.869927681019755e-05
2019-09-11,123012,buy,rebalance,109.531,0.0006272130886251157,0.06869927681019755,6.869927681019755e-05
2019-09-11,128070,buy,rebalance,105.9,1.5719913001181083e-06,0.00016647387868250769,1.664738786825077e-07
2019-09-11,128051,buy,rebalance,108.5,0.0006331730581585028,0.06869927681019755,6.869927681019755e-05
2019-09-11,123023,buy,rebalance,101.999,0.0006735289248933574,0.06869927681019755,6.869927681019755e-05
2019-09-11,113535,buy,rebalance,105.0,0.0006542788267637862,0.06869927681019755,6.869927681019755e-05
2019-09-23,113514,sell,rebalance,126.0,0.0006500962706337138,0.08191213009984794,8.191213009984794e-05
2019-09-23,128070,sell,rebalance,103.8,0.0006493679843795267,0.06740439677859486,6.740439677859486e-05
2019-09-23,128056,sell,rebalance,102.479,0.0006682719836115413,0.06848384460852713,6.848384460852713e-05
2019-09-23,128069,sell,rebalance,107.528,0.0006320080663311642,0.06795856335645742,6.795856335645742e-05
2019-09-23,128051,sell,rebalance,108.39,0.0006331730581585028,0.06862962777380012,6.862962777380012e-05
2019-09-23,123023,sell,rebalance,101.005,0.0006735289248933574,0.06802978905885355,6.802978905885356e-05
2019-09-23,113535,sell,rebalance,102.01,0.0006542788267637862,0.06674298311817384,6.674298311817384e-05
2019-09-23,113541,sell,rebalance_resize,108.15,5.4527013917520195e-06,0.0005897096555179809,5.89709655517981e-07
2019-09-23,123028,sell,rebalance_resize,107.15,5.8586470699618284e-06,0.0006277540335464099,6.277540335464099e-07
2019-09-23,128025,sell,rebalance_resize,112.499,1.105981782965483e-05,0.0012442184460183386,1.2442184460183386e-06
2019-09-23,128049,sell,rebalance_resize,104.09,1.6246332774405238e-06,0.00016910807784878412,1.6910807784878413e-07
2019-09-23,113521,sell,rebalance_resize,107.47,8.124057955726371e-06,0.0008730925085019131,8.730925085019132e-07
2019-09-23,113539,buy,rebalance,117.0,3.040104104917201e-05,0.003556921802753125,3.5569218027531252e-06
2019-09-23,113027,buy,rebalance,105.06,1.3734159053153963e-05,0.0014429107501243554,1.4429107501243555e-06
2019-09-23,123021,buy,rebalance,112.801,0.000606227122797769,0.06838302567871114,6.838302567871115e-05
2019-09-23,123011,buy,rebalance,102.997,0.000663932208498414,0.06838302567871114,6.838302567871115e-05
2019-09-23,123030,buy,rebalance,108.4,0.0006308397202833131,0.06838302567871114,6.838302567871115e-05
2019-09-23,113536,buy,rebalance,106.09,5.287157273462756e-06,0.0005609145151416638,5.609145151416639e-07
2019-09-23,128073,buy,rebalance,109.2,0.0006262181838709812,0.06838302567871114,6.838302567871115e-05
2019-09-23,123026,buy,rebalance,113.304,3.671552835218869e-06,0.00041600162244163875,4.1600162244163877e-07
2019-09-23,123024,buy,rebalance,108.34,4.256954054402737e-05,0.004611984022539925,4.611984022539925e-06
2019-09-23,128066,buy,rebalance,108.201,0.000631999941578277,0.06838302567871114,6.838302567871115e-05
2019-09-23,113537,buy,rebalance,102.64,8.9821874209831e-07,9.219317168897054e-05,9.219317168897055e-08
2019-09-23,128039,buy,rebalance,111.8,0.0006116549702925863,0.06838302567871114,6.838302567871115e-05
2019-09-23,123012,buy,rebalance,107.498,9.550962786841986e-06,0.00102670939765994,1.02670939765994e-06
2019-09-23,128053,buy,rebalance,108.6,1.1897388521346334e-05,0.0012920563934182118,1.292056393418212e-06
2019-09-23,128057,buy,rebalance,112.111,0.0006099582171126039,0.06838302567871114,6.838302567871115e-05
2019-10-08,113027,sell,rebalance,103.5,0.0006515366726759927,0.06743404562196524,6.743404562196524e-05
2019-10-08,123024,sell,rebalance,105.6,0.0006317819011832088,0.06671616876494685,6.671616876494684e-05
2019-10-08,128049,sell,rebalance,102.71,0.0006576222117855284,0.06754437737249162,6.754437737249163e-05
2019-10-08,113521,sell,rebalance,108.27,0.0006369395740649079,0.06896144768400758,6.896144768400759e-05
2019-10-08,123021,sell,rebalance,110.77,0.000606227122797769,0.06715177839230888,6.715177839230888e-05
2019-10-08,113539,sell,rebalance_resize,116.41,1.2629457709879826e-06,0.00014701951720071105,1.4701951720071105e-07
2019-10-08,123011,sell,rebalance_resize,106.188,2.397169010136497e-05,0.0025455058284837434,2.5455058284837435e-06
2019-10-08,123012,sell,rebalance_resize,111.701,2.838876804344846e-05,0.003171053779221236,3.1710537792212363e-06
2019-10-08,128039,sell,rebalance_resize,112.12,5.5532263794053626e-06,0.0006226277416589293,6.226277416589293e-07
2019-10-08,128025,sell,rebalance_resize,111.92,1.2818644933323486e-06,0.00014346627409375645,1.4346627409375645e-07
2019-10-08,113536,sell,rebalance_resize,106.0,4.123904105812497e-06,0.0004371338352161247,4.3713383521612473e-07
2019-10-08,113537,sell,rebalance_resize,104.0,1.3487263243588846e-05,0.00140267537733324,1.4026753773332402e-06
2019-10-08,123031,buy,rebalance,112.01,0.0006060760397354108,0.06788657721076337,6.788657721076336e-05
2019-10-08,128070,buy,rebalance,104.8,0.0006477726833088108,0.06788657721076337,6.788657721076336e-05
2019-10-08,128057,buy,rebalance,110.0,7.81675208833142e-06,0.0008598427297164562,8.598427297164563e-07
2019-10-08,113541,buy,rebalance,106.65,4.2491269694610904e-06,0.00045316939129302534,4.531693912930253e-07
2019-10-08,123030,buy,rebalance,107.088,3.7385458383206192e-06,0.00040035339673407847,4.003533967340785e-07
2019-10-08,128066,buy,rebalance,107.18,2.035363804305374e-06,0.00021815029254544999,2.1815029254545e-07
2019-10-08,113536,buy,rebalance,106.0,1.3078853263833366e-19,1.3863584459663368e-17,1.3863584459663368e-20
2019-10-08,128073,buy,rebalance,106.7,1.0660561851623255e-05,0.0011374819495682013,1.1374819495682013e-06
2019-10-08,113534,buy,rebalance,104.52,0.0006495080100532278,0.06788657721076337,6.788657721076336e-05
2019-10-08,123026,buy,rebalance,109.553,1.6147136443807875e-05,0.001768967238828484,1.768967238828484e-06
2019-10-08,128038,buy,rebalance,107.301,0.0006326742268083556,0.06788657721076337,6.788657721076336e-05
2019-10-08,128053,buy,rebalance,106.5,7.777600354667725e-06,0.0008283144377721127,8.283144377721128e-07
2019-10-08,113514,buy,rebalance,106.52,0.0006373129666800918,0.06788657721076337,6.788657721076336e-05
2019-10-08,123028,buy,rebalance,105.612,4.604324896913298e-06,0.0004862719610128072,4.862719610128072e-07
2019-10-11,128070,sell,rebalance,103.657,0.0006477726833088108,0.0671461730337414,6.71461730337414e-05
2019-10-11,113514,sell,rebalance,106.55,0.0006373129666800918,0.06790569659976378,6.790569659976379e-05
2019-10-11,123011,sell,rebalance_resize,111.3,2.0895593532829363e-05,0.002325679560203908,2.3256795602039084e-06
2019-10-11,123031,sell,rebalance_resize,117.98,2.206242609422045e-05,0.002602925030596129,2.6029250305961287e-06
2019-10-11,113539,sell,rebalance_resize,118.2,8.387598549022293e-07,9.91414148494435e-05,9.91414148494435e-08
2019-10-11,128057,sell,rebalance_resize,114.46,1.5801125610269144e-05,0.001808596837351406,1.8085968373514062e-06
2019-10-11,123012,sell,rebalance_resize,117.99,2.441116660109121e-05,0.0028802735472627516,2.880273547262752e-06
2019-10-11,128039,sell,rebalance_resize,115.118,7.568707051980686e-06,0.0008712944184099125,8.712944184099125e-07
2019-10-11,128038,sell,rebalance_resize,109.53,3.6052398879900275e-06,0.0003948819249315477,3.948819249315477e-07
2019-10-11,113539,buy,rebalance,118.2,1.1728325091453362e-19,1.3862880258097874e-17,1.3862880258097875e-20
2019-10-11,123030,buy,rebalance,107.15,8.454416856658935e-06,0.000905890766191005,9.05890766191005e-07
2019-10-11,123026,buy,rebalance,109.56,8.60036198345817e-06,0.0009422556589076773,9.422556589076773e-07
2019-10-11,113534,buy,rebalance,104.65,8.885933078642914e-06,0.000929912896679981,9.29912896679981e-07
2019-10-11,113536,buy,rebalance,106.98,2.964889623895793e-06,0.00031718389196437195,3.1718389196437196e-07
2019-10-11,128066,buy,rebalance,107.05,9.59684200386714e-06,0.0010273419365139772,1.0273419365139772e-06
2019-10-11,113541,buy,rebalance,107.31,4.89382889011296e-06,0.0005251567781980218,5.251567781980218e-07
2019-10-11,128073,buy,rebalance,107.231,5.67119023936502e-06,0.0006081274005573505,6.081274005573506e-07
2019-10-11,128025,buy,rebalance,112.49,5.325442682163507e-06,0.000599059047316573,5.99059047316573e-07
2019-10-11,123028,buy,rebalance,105.1,1.2125316817979425e-05,0.0012743707975696374,1.2743707975696374e-06
2019-10-11,128053,buy,rebalance,107.4,3.463475355700801e-06,0.00037197725320226607,3.719772532022661e-07
2019-10-11,113537,buy,rebalance,104.55,5.602920273414813e-06,0.0005857853145855187,5.857853145855187e-07
2019-10-11,113027,buy,rebalance,103.49,0.0006650682340237548,0.06882791153911838,6.882791153911838e-05
2019-10-11,113521,buy,rebalance,107.45,0.0006405575759806271,0.06882791153911838,6.882791153911838e-05
2019-10-11,128038,buy,rebalance,109.53,1.2656697031039782e-19,1.3862880258097874e-17,1.3862880258097875e-20
2019-10-22,113541,sell,rebalance,104.32,0.0006420777318628625,0.06698154898793382,6.698154898793382e-05
2019-10-22,113537,sell,rebalance,102.82,0.0006590272234228941,0.06776117911234196,6.776117911234196e-05
2019-10-22,123012,sell,rebalance,120.2,0.000583964116767418,0.07019248683544364,7.019248683544364e-05
2019-10-22,128039,sell,rebalance,113.001,0.0005985330368612002,0.0676348316983525,6.763483169835249e-05
2019-10-22,113539,sell,rebalance_resize,122.35,2.336172529456284e-05,0.0028583070897897633,2.8583070897897634e-06
2019-10-22,123026,sell,rebalance_resize,110.0,6.498716917451524e-06,0.0007148588609196677,7.148588609196677e-07
2019-10-22,128066,sell,rebalance_resize,107.115,4.480165792570864e-06,0.00047989295887122807,4.79892958871228e-07
2019-10-22,128025,sell,rebalance_resize,113.376,8.654402507976728e-06,0.0009812015387443696,9.812015387443695e-07
2019-10-22,123028,sell,rebalance_resize,104.63,1.23934492853124e-06,0.00012967265987222365,1.2967265987222366e-07
2019-10-22,128053,sell,rebalance_resize,106.81,5.641073461049566e-07,6.0252305637470416e-05,6.025230563747042e-08
2019-10-22,128038,sell,rebalance_resize,114.053,2.8797494645473086e-05,0.0032844406568001416,3.2844406568001416e-06
2019-10-22,123011,buy,rebalance,109.0,9.024533828426036e-06,0.000983674187298438,9.83674187298438e-07
2019-10-22,113530,buy,rebalance,106.69,0.0006410375643441694,0.06839229773987943,6.839229773987943e-05
2019-10-22,123030,buy,rebalance,106.43,2.327401782683019e-07,2.4770537173095375e-05,2.4770537173095374e-08
2019-10-22,123031,buy,rebalance,114.47,1.4056681056035773e-05,0.001609068280484415,1.609068280484415e-06
2019-10-22,113536,buy,rebalance,105.18,6.842999213715156e-06,0.0007197466572985601,7.197466572985602e-07
2019-10-22,113027,buy,rebalance,102.51,2.7931404647131444e-06,0.00028632482903774445,2.8632482903774446e-07
2019-10-22,113514,buy,rebalance,107.91,0.0006337901745888187,0.06839229773987943,6.839229773987943e-05
2019-10-22,113534,buy,rebalance,103.58,2.5685051494753384e-06,0.00026604576338265556,2.6604576338265556e-07
2019-10-22,123021,buy,rebalance,113.365,0.0006032928835167771,0.06839229773987943,6.839229773987943e-05
2019-10-22,128073,buy,rebalance,106.505,2.624738378497145e-07,2.795477610018384e-05,2.7954776100183843e-08
2019-10-22,113507,buy,rebalance,118.77,0.000575838155593832,0.06839229773987943,6.839229773987943e-05
2019-10-22,128057,buy,rebalance,109.5,2.3232944868632815e-05,0.002544007463115293,2.5440074631152932e-06
2019-10-22,128038,buy,rebalance,114.053,1.2155317086885217e-19,1.3863503797105197e-17,1.3863503797105197e-20
2019-10-22,113521,buy,rebalance,106.12,4.5824868228335495e-06,0.0004862935016390963,4.862935016390964e-07
2019-10-31,123028,sell,rebalance,103.59,0.0006543320702325177,0.0677822591553865,6.77822591553865e-05
2019-10-31,113521,sell,rebalance,105.66,0.0006451400628034606,0.06816549903581363,6.816549903581363e-05
2019-10-31,113514,sell,rebalance,103.72,0.0006337901745888187,0.06573671690835228,6.573671690835229e-05
2019-10-31,123021,sell,rebalance,112.005,0.0006032928835167771,0.06757181941829661,6.757181941829661e-05
2019-10-31,113507,sell,rebalance,126.89,0.000575838155593832,0.07306810356330135,7.306810356330135e-05
2019-10-31,123011,sell,rebalance_resize,109.0,9.770687835336522e-07,0.00010650049740516809,1.065004974051681e-07
2019-10-31,123031,sell,rebalance_resize,115.8,7.78315739072179e-06,0.0009012896258455833,9.012896258455833e-07
2019-10-31,128025,sell,rebalance_resize,113.396,1.0546326676474274e-06,0.00011959112598054768,1.1959112598054769e-07
2019-10-31,128057,sell,rebalance_resize,113.5,2.2957885374777437e-05,0.002605719990037239,2.605719990037239e-06
2019-10-31,128073,sell,rebalance_resize,106.586,1.4969415385727543e-06,0.0001595530108303156,1.595530108303156e-07
2019-10-31,128038,sell,rebalance_resize,117.07,1.638791407302008e-05,0.0019185331005284606,1.9185331005284606e-06
2019-10-31,113539,buy,rebalance,117.31,2.3100654528462587e-05,0.002709937782733946,2.709937782733946e-06
2019-10-31,128039,buy,rebalance,112.8,0.0006053707672642071,0.06828582254740255,6.828582254740255e-05
2019-10-31,123026,buy,rebalance,109.7,7.212595860506512e-07,7.912217658975644e-05,7.912217658975645e-08
2019-10-31,128066,buy,rebalance,106.03,5.5208028879750515e-06,0.0005853707302119947,5.853707302119947e-07
2019-10-31,113536,buy,rebalance,104.73,1.7754708173797318e-06,0.00018594505870417932,1.8594505870417932e-07
2019-10-31,123030,buy,rebalance,106.0,1.5938101501169844e-06,0.00016894387591240035,1.6894387591240036e-07
2019-10-31,113540,buy,rebalance,116.01,0.0005886201409137363,0.06828582254740255,6.828582254740255e-05
2019-10-31,128053,buy,rebalance,105.61,6.258748933327712e-06,0.0006609864748487397,6.609864748487397e-07
2019-10-31,113025,buy,rebalance,109.02,0.0006263605076811829,0.06828582254740255,6.828582254740255e-05
2019-10-31,113530,buy,rebalance,105.7,5.647805024740649e-06,0.0005969729911150866,5.969729911150866e-07
2019-10-31,113534,buy,rebalance,103.13,1.842335216892291e-06,0.00019000003091810196,1.9000003091810196e-07
2019-10-31,113027,buy,rebalance,101.1,8.245479510014626e-06,0.0008336179784624786,8.336179784624787e-07
2019-10-31,123012,buy,rebalance,117.31,0.0005820972001312979,0.06828582254740255,6.828582254740255e-05
2019-10-31,123015,buy,rebalance,113.717,0.000600489131329551,0.06828582254740255,6.828582254740255e-05
2019-11-12,128038,sell,rebalance,120.723,0.0005838835782018726,0.07048817721126466,7.048817721126466e-05
2019-11-12,113027,sell,rebalance,100.82,0.0006761068539984826,0.06816509302012701,6.816509302012701e-05
2019-11-12,113540,sell,rebalance,114.75,0.0005886201409137363,0.06754416116985124,6.754416116985123e-05
2019-11-12,113025,sell,rebalance,108.23,0.0006263605076811829,0.06779099774633442,6.779099774633442e-05
2019-11-12,123012,sell,rebalance,113.575,0.0005820972001312979,0.06611168950491216,6.611168950491215e-05
2019-11-12,123015,sell,rebalance,110.75,0.000600489131329551,0.06650417129474778,6.650417129474778e-05
2019-11-12,113539,sell,rebalance_resize,122.27,2.387337177006955e-05,0.0029189971663264036,2.9189971663264037e-06
2019-11-12,123011,sell,rebalance_resize,109.502,3.1647069448264998e-06,0.00034654173987239134,3.4654173987239135e-07
2019-11-12,113534,sell,rebalance_resize,104.05,6.163561201696363e-06,0.0006413185430365065,6.413185430365065e-07
2019-11-12,123031,sell,rebalance_resize,122.0,3.02582915691668e-05,0.0036915115714383495,3.6915115714383496e-06
2019-11-12,128066,sell,rebalance_resize,106.501,3.1434168707028813e-06,0.0003347770401467276,3.347770401467276e-07
2019-11-12,113530,sell,rebalance_resize,107.0,8.14780693942236e-06,0.0008718153425181925,8.718153425181925e-07
2019-11-12,128076,buy,rebalance,103.301,0.0006607275415410833,0.06825381576873545,6.825381576873545e-05
2019-11-12,128050,buy,rebalance,104.24,0.000654775669308667,0.06825381576873545,6.825381576873545e-05
2019-11-12,113536,buy,rebalance,104.26,2.637023248420165e-06,0.00027493604388028643,2.7493604388028645e-07
2019-11-12,123031,buy,rebalance,122.0,1.1363630932836442e-19,1.3863629738060459e-17,1.386362973806046e-20
2019-11-12,128025,buy,rebalance,110.5,1.5495316753804114e-05,0.0017122325012953546,1.7122325012953546e-06
2019-11-12,123026,buy,rebalance,108.436,6.964375047978432e-06,0.0007551889727025893,7.551889727025894e-07
2019-11-12,123030,buy,rebalance,104.699,7.703785165214679e-06,0.0008065786030128117,8.065786030128117e-07
2019-11-12,128039,buy,rebalance,112.374,2.6276810033527677e-06,0.0002952830250707639,2.9528302507076393e-07
2019-11-12,128073,buy,rebalance,105.998,3.2548712045227185e-06,0.00034500983793699916,3.4500983793699916e-07
2019-11-12,113541,buy,rebalance,103.64,0.0006585663428091031,0.06825381576873545,6.825381576873545e-05
2019-11-12,123019,buy,rebalance,110.595,0.000617151008352416,0.06825381576873545,6.825381576873545e-05
2019-11-12,128057,buy,rebalance,112.61,4.473454834733371e-06,0.0005037557489393249,5.037557489393249e-07
2019-11-12,128053,buy,rebalance,105.0,3.4607951536950702e-06,0.0003633834911379824,3.633834911379824e-07
2019-11-12,128077,buy,rebalance,112.0,0.0006094090693637093,0.06825381576873545,6.825381576873545e-05
2019-11-12,128075,buy,rebalance,103.9,0.000656918342336241,0.06825381576873545,6.825381576873545e-05
2019-11-21,123031,sell,rebalance,130.41,0.0005600288457373377,0.0730333617726062,7.30333617726062e-05
2019-11-21,113534,sell,rebalance,101.84,0.000656641222296542,0.06687234207867984,6.687234207867984e-05
2019-11-21,128075,sell,rebalance,104.299,0.000656918342336241,0.0685159261873276,6.85159261873276e-05
2019-11-21,128076,sell,rebalance_resize,104.745,8.426420249416748e-06,0.0008826253890251573,8.826253890251573e-07
2019-11-21,123011,sell,rebalance_resize,111.995,1.3873296164021043e-05,0.0015537398038895367,1.5537398038895368e-06
2019-11-21,113530,sell,rebalance_resize,108.89,1.106689524521358e-05,0.0012050742232513068,1.2050742232513067e-06
2019-11-21,128050,sell,rebalance_resize,104.53,1.1328782468128946e-06,0.00011841976313935187,1.1841976313935187e-07
2019-11-21,113539,sell,rebalance_resize,124.71,1.0918860846092534e-05,0.0013616911361161999,1.3616911361161998e-06
2019-11-21,128066,buy,rebalance,106.22,1.7119686187375848e-06,0.00018184530668230626,1.8184530668230626e-07
2019-11-21,113521,buy,rebalance,105.35,0.000647891649474261,0.06825538527211339,6.82553852721134e-05
2019-11-21,113536,buy,rebalance,104.13,8.368805981653254e-07,8.714437668695533e-05,8.714437668695533e-08
2019-11-21,128025,buy,rebalance,109.497,5.689871202626908e-06,0.0006230238270740385,6.230238270740385e-07
2019-11-21,113541,buy,rebalance,102.89,5.489469852631845e-06,0.0005648115531372906,5.648115531372905e-07
2019-11-21,123026,buy,rebalance,106.32,1.255082733467662e-05,0.0013344039622228182,1.3344039622228182e-06
2019-11-21,123030,buy,rebalance,103.16,9.75038718416561e-06,0.0010058499419185244,1.0058499419185244e-06
2019-11-21,123027,buy,rebalance,116.5,0.0005858831353829475,0.06825538527211339,6.82553852721134e-05
2019-11-21,128039,buy,rebalance,110.421,1.0761245324684957e-05,0.0011882674699970376,1.1882674699970376e-06
2019-11-21,128057,buy,rebalance,111.16,7.926604418930345e-06,0.0008811213472082971,8.811213472082971e-07
2019-11-21,128053,buy,rebalance,104.058,5.9049749874921585e-06,0.0006144598872484591,6.144598872484591e-07
2019-11-21,123019,buy,rebalance,110.25,2.576792383544283e-06,0.0002840913602857572,2.840913602857572e-07
2019-11-21,113027,buy,rebalance,100.56,0.0006787528368348587,0.06825538527211339,6.82553852721134e-05
2019-11-21,128073,buy,rebalance,104.501,9.244377018462035e-06,0.0009660466428063012,9.660466428063012e-07
2019-11-21,128077,buy,rebalance,111.1,5.57424987776934e-06,0.0006192991614201737,6.192991614201737e-07
2019-12-11,128073,sell,rebalance,105.61,0.0006538147164842313,0.06904937220789967,6.904937220789967e-05
2019-12-11,128057,sell,rebalance,113.42,0.0006146489623381855,0.069713485308397,6.9713485308397e-05
2019-12-11,113530,sell,rebalance,109.99,0.0006274706671842742,0.06901549868359831,6.901549868359831e-05
2019-12-11,128050,sell,rebalance,96.997,0.0006536427910618541,0.06340138980462666,6.340138980462666e-05
2019-12-11,113541,sell,rebalance,102.18,0.000664055812661735,0.06785322293777608,6.785322293777608e-05
2019-12-11,128077,sell,rebalance,111.679,0.0006149833192414787,0.0686807221095691,6.868072210956911e-05
2019-12-11,113027,sell,rebalance,101.7,0.0006787528368348587,0.06902916350610513,6.902916350610513e-05
2019-12-11,128076,sell,rebalance_resize,105.66,1.859857262694718e-06,0.00019651251837632389,1.9651251837632388e-07
2019-12-11,113536,sell,rebalance_resize,105.6,5.341973285284422e-06,0.0005641123789260349,5.641123789260349e-07
2019-12-11,113521,sell,rebalance_resize,110.72,2.717611517782703e-05,0.0030089394724890084,3.0089394724890084e-06
2019-12-11,123030,sell,rebalance_resize,104.55,4.966452453751413e-06,0.0005192426040397102,5.192426040397103e-07
2019-12-11,123019,sell,rebalance_resize,113.3,1.3146830239039152e-05,0.001489535866083136,1.489535866083136e-06
2019-12-11,123011,sell,rebalance_resize,118.97,3.2402503491017093e-05,0.0038549258403263037,3.854925840326304e-06
2019-12-11,128069,buy,rebalance,108.4,0.0006333543154191606,0.068655607791437,6.865560779143701e-05
2019-12-11,123034,buy,rebalance,102.221,0.0006716389762518171,0.068655607791437,6.865560779143701e-05
2019-12-11,128066,buy,rebalance,106.7,8.592304110001154e-07,9.167988485371232e-05,9.167988485371232e-08
2019-12-11,128079,buy,rebalance,107.87,0.0006364661888517382,0.068655607791437,6.865560779143701e-05
2019-12-11,113546,buy,rebalance,100.24,0.0006849122884221569,0.068655607791437,6.865560779143701e-05
2019-12-11,128025,buy,rebalance,109.642,2.8290859036899443e-06,0.00031018663665237286,3.1018663665237284e-07
2019-12-11,123033,buy,rebalance,110.3,0.0006224443136123029,0.068655607791437,6.865560779143701e-05
2019-12-11,113536,buy,rebalance,105.6,1.3128455890583062e-19,1.3863649420455713e-17,1.3863649420455715e-20
2019-12-11,123026,buy,rebalance,106.39,3.3495844446217243e-06,0.00035636228906330523,3.563622890633052e-07
2019-12-11,113539,buy,rebalance,123.99,6.403758823689441e-06,0.0007940020565492537,7.940020565492537e-07
2019-12-11,128039,buy,rebalance,107.519,2.0414643012641926e-05,0.0021949620020762475,2.1949620020762475e-06
2019-12-11,123019,buy,rebalance,113.3,1.223623073297062e-19,1.3863649420455713e-17,1.3863649420455715e-20
2019-12-11,128053,buy,rebalance,102.952,1.0937381396581212e-05,0.001126025289540829,1.1260252895408289e-06
2019-12-11,123027,buy,rebalance,116.2,5.55374777458402e-06,0.000645345491406663,6.453454914066631e-07
2019-12-11,128049,buy,rebalance,100.199,0.000685192544750317,0.068655607791437,6.865560779143701e-05
2019-12-11,113534,buy,rebalance,99.36,0.0006909783392857992,0.068655607791437,6.865560779143701e-05
2019-12-23,113539,sell,rebalance,130.84,0.0005542770725090044,0.07252161216707813,7.252161216707813e-05
2019-12-23,123011,sell,rebalance,125.9,0.0005776718833092474,0.07272889010863426,7.272889010863426e-05
2019-12-23,123019,sell,rebalance,114.401,0.0006065809704969212,0.06939346960581828,6.939346960581828e-05
2019-12-23,113521,sell,rebalance,124.22,0.000620715534296434,0.07710528367030303,7.710528367030303e-05
2019-12-23,123027,sell,rebalance,122.319,0.0005914368831575316,0.07234396811094611,7.234396811094611e-05
2019-12-23,123033,sell,rebalance,109.8,0.0006224443136123029,0.06834438563463086,6.834438563463086e-05
2019-12-23,128076,sell,rebalance_resize,110.6,4.32952776609371e-06,0.0004788457709299643,4.788457709299642e-07
2019-12-23,128079,sell,rebalance_resize,120.996,4.586849941841546e-05,0.005549904955630597,5.549904955630597e-06
2019-12-23,128049,sell,rebalance_resize,105.8,9.76761062296049e-06,0.0010334132039092198,1.0334132039092198e-06
2019-12-23,123034,buy,rebalance,104.88,9.700880926495291e-06,0.001017428391570826,1.017428391570826e-06
2019-12-23,128019,buy,rebalance,122.5,0.0005827544588909894,0.07138742121414621,7.13874212141462e-05
2019-12-23,128069,buy,rebalance,111.54,7.304911065674539e-06,0.0008147897802653381,8.147897802653382e-07
2019-12-23,123026,buy,rebalance,108.049,1.5375775751147494e-05,0.0016613371941357356,1.6613371941357357e-06
2019-12-23,110058,buy,rebalance,103.15,0.0006920738847711701,0.07138742121414621,7.13874212141462e-05
2019-12-23,128025,buy,rebalance,111.81,1.229154732684581e-05,0.00137431790661463,1.37431790661463e-06
2019-12-23,128066,buy,rebalance,110.788,9.138316605592863e-07,0.00010124158201004221,1.0124158201004222e-07
2019-12-23,113546,buy,rebalance,101.98,1.5796881286254672e-05,0.0016109659535722516,1.6109659535722516e-06
2019-12-23,113536,buy,rebalance,109.5,1.7897049948308056e-06,0.00019597269693397322,1.9597269693397322e-07
2019-12-23,113514,buy,rebalance,115.0,0.0006207601844708365,0.07138742121414621,7.13874212141462e-05
2019-12-23,113549,buy,rebalance,105.92,0.0006739748981698094,0.07138742121414621,7.13874212141462e-05
2019-12-23,128081,buy,rebalance,108.857,0.0006557908192780089,0.07138742121414621,7.13874212141462e-05
2019-12-23,128053,buy,rebalance,104.88,1.379669066898302e-05,0.0014469969173629392,1.4469969173629392e-06
2019-12-23,123030,buy,rebalance,106.663,1.2600379958670519e-05,0.0013439943275316735,1.3439943275316735e-06
2019-12-23,113541,buy,rebalance,103.63,0.0006888682931018644,0.07138742121414621,7.13874212141462e-05
2019-12-23,128039,buy,rebalance,111.65,8.602396468219281e-07,9.604575656766828e-05,9.604575656766827e-08
2019-12-23,113534,buy,rebalance,102.5,6.1856976722660284e-06,0.0006340340114072679,6.34034011407268e-07
2019-12-31,128069,sell,rebalance,105.514,0.0006406592264848351,0.06759851762332089,6.759851762332089e-05
2019-12-31,128019,sell,rebalance,127.001,0.0005827544588909894,0.07401039903361455,7.401039903361455e-05
2019-12-31,128081,sell,rebalance,112.303,0.0006557908192780089,0.07364727637737822,7.364727637737823e-05
2019-12-31,113534,sell,rebalance_resize,109.21,3.664510982277987e-05,0.004002012443745789,4.002012443745789e-06
2019-12-31,128079,sell,rebalance_resize,128.031,2.7177330048138644e-05,0.003479540743393239,3.4795407433932393e-06
2019-12-31,113546,sell,rebalance_resize,103.12,1.181706244054553e-06,0.0001218575478869055,1.2185754788690552e-07
2019-12-31,123026,sell,rebalance_resize,109.099,1.5963512135797005e-07,1.7416032105033175e-05,1.7416032105033176e-08
2019-12-31,128066,sell,rebalance_resize,113.5,9.461340746870893e-06,0.0010738621747698462,1.0738621747698462e-06
2019-12-31,113541,sell,rebalance_resize,104.74,1.603302181092892e-07,1.679298704476695e-05,1.679298704476695e-08
2019-12-31,128039,sell,rebalance_resize,113.25,3.078531815112422e-06,0.0003486437280614818,3.4864372806148183e-07
2019-12-31,128053,sell,rebalance_resize,106.251,2.4218778356380833e-06,0.000257326941914382,2.57326941914382e-07
2019-12-31,113549,sell,rebalance_resize,108.57,9.562334547772839e-06,0.001038182661851697,1.038182661851697e-06
2019-12-31,128025,buy,rebalance,110.3,1.4868963266773033e-05,0.0016400466483250655,1.6400466483250656e-06
2019-12-31,123034,buy,rebalance,105.05,5.33016990903025e-06,0.0005599343489436278,5.599343489436277e-07
2019-12-31,128049,buy,rebalance,105.73,6.827189156851002e-06,0.0007218387095538565,7.218387095538565e-07
2019-12-31,113536,buy,rebalance,109.99,3.230904218186102e-06,0.00035536715495828935,3.5536715495828933e-07
2019-12-31,128076,buy,rebalance,110.111,8.99298772415129e-06,0.0009902268712940227,9.902268712940227e-07
2019-12-31,113550,buy,rebalance,126.8,0.0005682957251317844,0.07205989794671026,7.205989794671027e-05
2019-12-31,123030,buy,rebalance,107.251,2.633589968634946e-06,0.0002824551577260666,2.824551577260666e-07
2019-12-31,113514,buy,rebalance,109.65,3.7069459155382674e-05,0.0040646661963877105,4.064666196387711e-06
2019-12-31,128066,buy,rebalance,113.5,1.221434970826397e-19,1.3863286918879605e-17,1.3863286918879606e-20
2019-12-31,113521,buy,rebalance,121.03,0.0005953887296266236,0.07205989794671026,7.205989794671027e-05
2019-12-31,128053,buy,rebalance,106.251,1.3047676651400556e-19,1.3863286918879605e-17,1.3863286918879606e-20
2019-12-31,110058,buy,rebalance,103.7,3.537381717076388e-06,0.00036682648406082143,3.6682648406082143e-07
2019-12-31,128073,buy,rebalance,107.1,0.0006728281787741388,0.07205989794671026,7.205989794671027e-05
2020-01-13,128079,sell,rebalance,140.0,0.0005634203593851841,0.07887885031392577,7.887885031392577e-05
2020-01-13,113534,sell,rebalance,113.66,0.0006605189271352853,0.07507458125819653,7.507458125819654e-05
2020-01-13,110058,sell,rebalance,109.21,0.0006956112664882466,0.0759677064131814,7.596770641318141e-05
2020-01-13,113550,sell,rebalance,144.99,0.0005682957251317844,0.08239719718685742,8.239719718685742e-05
2020-01-13,113521,sell,rebalance,144.0,0.0005953887296266236,0.0857359770662338,8.57359770662338e-05
2020-01-13,128025,sell,rebalance_resize,117.2,7.252052426326475e-06,0.0008499405443654628,8.499405443654629e-07
2020-01-13,128049,sell,rebalance_resize,113.589,1.4968753880483516e-05,0.0017002857845302422,1.7002857845302421e-06
2020-01-13,128039,sell,rebalance_resize,119.8,4.267808650288883e-06,0.0005112834763046081,5.112834763046082e-07
2020-01-13,123034,buy,rebalance,107.649,1.7416044211770195e-05,0.0018748197433528496,1.8748197433528495e-06
2020-01-13,128076,buy,rebalance,113.47,1.2865485196303217e-05,0.001459846605224526,1.459846605224526e-06
2020-01-13,128082,buy,rebalance,114.199,0.0006630509182097466,0.07571975180863486,7.571975180863486e-05
2020-01-13,123030,buy,rebalance,110.518,1.323113631151815e-05,0.001462278722876363,1.462278722876363e-06
2020-01-13,113549,buy,rebalance,108.9,3.157078160869746e-05,0.0034380581171871536,3.438058117187154e-06
2020-01-13,113559,buy,rebalance,115.18,0.0006574036448049562,0.07571975180863486,7.571975180863486e-05
2020-01-13,123032,buy,rebalance,107.8,0.0007024095715086722,0.07571975180863486,7.571975180863486e-05
2020-01-13,128066,buy,rebalance,115.53,2.0498741251270196e-05,0.002368219576759246,2.368219576759246e-06
2020-01-13,128070,buy,rebalance,106.4,0.0007116518027127335,0.07571975180863486,7.571975180863486e-05
2020-01-13,113546,buy,rebalance,105.7,1.754143282520202e-05,0.0018541294496238535,1.8541294496238535e-06
2020-01-13,113536,buy,rebalance,114.89,3.8917722541439245e-06,0.00044712571427859546,4.4712571427859546e-07
2020-01-13,128053,buy,rebalance,108.4,2.029129541049476e-05,0.0021995764224976323,2.199576422497632e-06
2020-01-13,128085,buy,rebalance,112.0,0.0006760692125770969,0.07571975180863486,7.571975180863486e-05
2020-01-13,123026,buy,rebalance,112.003,1.5525725684102878e-05,0.0017389278537965748,1.7389278537965749e-06
2020-01-13,113541,buy,rebalance,107.77,1.4590415261686588e-05,0.0015724090527519635,1.5724090527519634e-06
2020-01-13,128073,buy,rebalance,110.433,1.351147624761068e-05,0.0014921128564523904,1.4921128564523905e-06
2020-01-13,113514,buy,rebalance,112.47,1.6076541937818707e-05,0.00180812867174647,1.80812867174647e-06
2020-01-21,113514,sell,rebalance,110.22,0.0006739061855640379,0.07427793977286826,7.427793977286826e-05
2020-01-21,128073,sell,rebalance,108.41,0.0006863396550217495,0.07440608200090787,7.440608200090787e-05
2020-01-21,123032,sell,rebalance,105.87,0.0007024095715086722,0.07436410133562313,7.436410133562313e-05
2020-01-21,128070,sell,rebalance,106.045,0.0007116518027127335,0.07546711541867182,7.546711541867183e-05
2020-01-21,123034,sell,rebalance_resize,107.2,6.990422949722966e-07,7.49373340210302e-05,7.49373340210302e-08
2020-01-21,113536,sell,rebalance_resize,115.89,9.079591052945601e-06,0.0010522338071258658,1.052233807125866e-06
2020-01-21,113559,sell,rebalance_resize,120.1,2.956776213015282e-05,0.0035510882318313536,3.5510882318313535e-06
2020-01-21,123026,sell,rebalance_resize,111.5,4.5578852607288987e-07,5.082042065712722e-05,5.082042065712722e-08
2020-01-21,128025,sell,rebalance_resize,118.111,8.315285496032838e-06,0.0009821266852219346,9.821266852219345e-07
2020-01-21,113541,sell,rebalance_resize,109.1,1.2160985760071529e-05,0.0013267635464238037,1.3267635464238037e-06
2020-01-21,128085,sell,rebalance_resize,113.0,8.78523461918651e-06,0.0009927315119680757,9.927315119680758e-07
2020-01-21,123030,sell,rebalance_resize,110.511,3.4990814638803415e-06,0.0003866869916548804,3.866869916548804e-07
2020-01-21,128039,sell,rebalance_resize,120.8,8.490474948195588e-06,0.001025649373742027,1.025649373742027e-06
2020-01-21,128053,sell,rebalance_resize,109.7,1.184787043381715e-05,0.0012997113865897414,1.2997113865897414e-06
2020-01-21,128091,buy,rebalance,112.8,0.0006677760863965187,0.0753251425455273,7.53251425455273e-05
2020-01-21,128082,buy,rebalance,112.011,1.0114370513971031e-05,0.0011329207556404091,1.1329207556404092e-06
2020-01-21,128049,buy,rebalance,111.0,1.2011313903818932e-05,0.0013332558433239016,1.3332558433239016e-06
2020-01-21,128076,buy,rebalance,109.3,2.1879880469444432e-05,0.0023914709353102764,2.3914709353102767e-06
2020-01-21,128066,buy,rebalance,112.9,1.1810996891863518e-05,0.0013334615490913913,1.3334615490913912e-06
2020-01-21,128087,buy,rebalance,109.105,0.0006903912977913689,0.0753251425455273,7.53251425455273e-05
2020-01-21,113557,buy,rebalance,111.67,0.000674533380008304,0.0753251425455273,7.53251425455273e-05
2020-01-21,113549,buy,rebalance,107.26,7.002970506312455e-06,0.000751138616507074,7.511386165070739e-07
2020-01-21,113546,buy,rebalance,104.6,3.798010112502648e-06,0.000397271857767777,3.97271857767777e-07
2020-01-21,128079,buy,rebalance,134.001,0.0005621237344909911,0.0753251425455273,7.53251425455273e-05
2020-01-21,128053,buy,rebalance,109.7,1.2637595100316203e-19,1.3863441825046876e-17,1.3863441825046877e-20
2020-02-11,128053,sell,rebalance,152.0,0.0006873572425637545,0.10447830086969069,0.00010447830086969069
2020-02-11,113549,sell,rebalance,105.33,0.0007029863157370465,0.07404554863658311,7.40455486365831e-05
2020-02-11,113559,sell,rebalance,110.49,0.0006278358826748033,0.06936958667673902,6.936958667673903e-05
2020-02-11,113557,sell,rebalance,109.1,0.000674533380008304,0.07359159175890596,7.359159175890596e-05
2020-02-11,128085,sell,rebalance_resize,114.3,4.975405073985262e-06,0.0005686887999565154,5.686887999565154e-07
2020-02-11,128087,sell,rebalance_resize,110.899,7.771347380340306e-06,0.0008618346531323595,8.618346531323596e-07
2020-02-11,123026,sell,rebalance_resize,114.0,1.2209402278598092e-05,0.0013918718597601826,1.3918718597601827e-06
2020-02-11,128039,sell,rebalance_resize,124.498,1.6140845219927852e-05,0.002009502948190578,2.009502948190578e-06
2020-02-11,128091,sell,rebalance_resize,114.4,6.046454572806658e-06,0.0006917144031290817,6.917144031290817e-07
2020-02-11,128079,buy,rebalance,132.3,1.0064593538439806e-05,0.0013315457251355865,1.3315457251355865e-06
2020-02-11,113536,buy,rebalance,115.69,3.7036335959009394e-06,0.0004284733707097797,4.284733707097797e-07
2020-02-11,128025,buy,rebalance,115.5,1.7001459506806027e-05,0.001963668573036096,1.963668573036096e-06
2020-02-11,128049,buy,rebalance,109.63,1.1215391736037806e-05,0.0012295433960218245,1.2295433960218246e-06
2020-02-11,128082,buy,rebalance,108.15,2.6778537119379613e-05,0.0028960987894609052,2.896098789460905e-06
2020-02-11,128039,buy,rebalance,124.498,1.1135672439147245e-19,1.3863689473289537e-17,1.3863689473289538e-20
2020-02-11,128076,buy,rebalance,105.89,2.503492370884413e-05,0.0026509480715295047,2.6509480715295047e-06
2020-02-11,123030,buy,rebalance,107.3,2.3179478938070395e-05,0.0024871580900549532,2.4871580900549533e-06
2020-02-11,128069,buy,rebalance,113.5,0.0006662992506753667,0.07562496495165412,7.562496495165412e-05
2020-02-11,123034,buy,rebalance,103.021,3.1400831564355675e-05,0.003234945068591486,3.2349450685914862e-06
2020-02-11,128066,buy,rebalance,107.65,3.532348343387395e-05,0.003802572991656531,3.802572991656531e-06
2020-02-11,113554,buy,rebalance,123.46,0.0006125462899048609,0.07562496495165412,7.562496495165412e-05
2020-02-11,113541,buy,rebalance,106.18,2.1798340885711725e-05,0.0023145478352448712,2.3145478352448713e-06
2020-02-11,123037,buy,rebalance,117.0,0.0006463672218090095,0.07562496495165412,7.562496495165412e-05
2020-02-11,113546,buy,rebalance,102.91,1.4730492379112235e-05,0.00151591497073444,1.51591497073444e-06
2020-02-11,113514,buy,rebalance,107.07,0.0007063132992589346,0.07562496495165412,7.562496495165412e-05
2020-02-21,128085,sell,rebalance,130.05,0.0006623085728839252,0.08613322990355449,8.613322990355448e-05
2020-02-21,128069,sell,rebalance,117.201,0.0006662992506753667,0.07809093847840365,7.809093847840365e-05
2020-02-21,113554,sell,rebalance,124.65,0.0006125462899048609,0.07635389503664092,7.635389503664092e-05
2020-02-21,123037,sell,rebalance,127.0,0.0006463672218090095,0.08208863716974421,8.208863716974422e-05
2020-02-21,128082,sell,rebalance_resize,113.78,1.7960453235437683e-06,0.00020435403691280996,2.0435403691280996e-07
2020-02-21,123034,sell,rebalance_resize,108.202,6.493560351716024e-07,7.026162171763772e-05,7.026162171763772e-08
2020-02-21,128087,sell,rebalance_resize,117.487,6.500426825314432e-06,0.0007637156464257167,7.637156464257166e-07
2020-02-21,128039,sell,rebalance_resize,140.855,4.4106367412477234e-05,0.00621260238188448,6.21260238188448e-06
2020-02-21,113546,sell,rebalance_resize,108.69,4.755053878102916e-06,0.000516826806011006,5.168268060110059e-07
2020-02-21,123030,sell,rebalance_resize,114.45,1.1431692673164035e-05,0.0013083572264436238,1.3083572264436239e-06
2020-02-21,128079,sell,rebalance_resize,140.011,4.838230769109953e-06,0.0006774055282138536,6.774055282138536e-07
2020-02-21,128025,buy,rebalance,118.446,1.521948809070835e-05,0.001802687486392041,1.8026874863920412e-06
2020-02-21,113536,buy,rebalance,120.25,6.230566054252411e-06,0.0007492255680238524,7.492255680238524e-07
2020-02-21,128091,buy,rebalance,116.0,2.3033334113503592e-05,0.0026718667571664165,2.6718667571664168e-06
2020-02-21,128049,buy,rebalance,112.3,1.6821268698165884e-05,0.0018890284748040286,1.8890284748040287e-06
2020-02-21,113561,buy,rebalance,112.9,0.0007028659692621419,0.07935356792969582,7.935356792969582e-05
2020-02-21,123042,buy,rebalance,116.313,0.0006822416060947256,0.07935356792969582,7.935356792969582e-05
2020-02-21,113541,buy,rebalance,109.1,1.51445016172256e-05,0.001652265126439313,1.652265126439313e-06
2020-02-21,123026,buy,rebalance,115.42,2.4151463831456604e-05,0.0027875619554267213,2.787561955426721e-06
2020-02-21,128076,buy,rebalance,109.299,1.1872949784976496e-05,0.0012977015385481462,1.2977015385481463e-06
2020-02-21,127007,buy,rebalance,126.001,0.000629785223368829,0.07935356792969582,7.935356792969582e-05
2020-02-21,113555,buy,rebalance,144.08,0.0005507604659195989,0.07935356792969582,7.935356792969582e-05
2020-02-21,128066,buy,rebalance,111.7,7.953738015611766e-06,0.0008884325363438343,8.884325363438344e-07
2020-02-21,113514,buy,rebalance,111.61,5.402799055857794e-06,0.0006030064026242884,6.030064026242884e-07
2020-03-11,123026,sell,rebalance,117.9,0.0006882029540124447,0.08113912827806724,8.113912827806724e-05
2020-03-11,128076,sell,rebalance,109.1,0.0007267579631465977,0.0792892937792938,7.928929377929381e-05
2020-03-11,123034,sell,rebalance,140.0,0.0007341385045333247,0.10277939063466546,0.00010277939063466546
2020-03-11,128079,sell,rebalance,154.05,0.000567350097260321,0.08740028248295245,8.740028248295246e-05
2020-03-11,113514,sell,rebalance,142.0,0.0007117160983147923,0.1010636859607005,0.0001010636859607005
2020-03-11,113561,sell,rebalance,110.48,0.0007028659692621419,0.07765263228408144,7.765263228408144e-05
2020-03-11,123042,sell,rebalance,112.751,0.0006822416060947256,0.0769234233287864,7.692342332878641e-05
2020-03-11,127007,sell,rebalance,128.0,0.000629785223368829,0.08061250859121011,8.061250859121011e-05
2020-03-11,113555,sell,rebalance,167.0,0.0005507604659195989,0.09197699780857302,9.197699780857302e-05
2020-03-11,128087,sell,rebalance_resize,123.503,7.103025337731256e-06,0.0008772449382858233,8.772449382858233e-07
2020-03-11,123030,sell,rebalance_resize,119.2,8.934439139631176e-07,0.00010649851454440362,1.0649851454440363e-07
2020-03-11,128025,buy,rebalance,116.01,4.155652570722434e-05,0.004820972547295096,4.820972547295097e-06
2020-03-11,113536,buy,rebalance,118.98,3.383731845943555e-05,0.004025964150303642,4.025964150303642e-06
2020-03-11,113517,buy,rebalance,124.97,0.0006605016992040636,0.08254289734953184,8.254289734953184e-05
2020-03-11,128091,buy,rebalance,115.083,3.3168636575332484e-05,0.0038171462029989883,3.817146202998988e-06
2020-03-11,128085,buy,rebalance,123.4,0.0006689051649070651,0.08254289734953184,8.254289734953184e-05
2020-03-11,128082,buy,rebalance,114.981,2.0433482046816366e-05,0.0023494621992249925,2.3494621992249926e-06
2020-03-11,128094,buy,rebalance,117.4,0.0007030911188205438,0.08254289734953184,8.254289734953184e-05
2020-03-11,128066,buy,rebalance,114.035,1.3409581560127883e-05,0.001529161633209183,1.529161633209183e-06
2020-03-11,113546,buy,rebalance,109.49,2.3773951406299474e-05,0.0026030099394757293,2.6030099394757293e-06
2020-03-11,113541,buy,rebalance,111.14,1.5341012437915763e-05,0.001705000122349958,1.705000122349958e-06
2020-03-11,128075,buy,rebalance,116.4,0.000709131420528624,0.08254289734953184,8.254289734953184e-05
2020-03-11,128049,buy,rebalance,110.6,3.9695317483911216e-05,0.00439030211372058,4.390302113720581e-06
2020-03-11,123037,buy,rebalance,135.513,0.0006091142351621751,0.08254289734953184,8.254289734953184e-05
2020-03-11,128090,buy,rebalance,135.5,0.0006091726741662867,0.08254289734953184,8.254289734953184e-05
2020-03-11,128069,buy,rebalance,115.397,0.0007152950020323911,0.08254289734953184,8.254289734953184e-05
2020-03-11,128039,buy,rebalance,128.521,7.886576868902843e-05,0.010135907457682622,1.0135907457682623e-05
2020-03-11,123012,buy,rebalance,121.999,0.0006765866716082249,0.08254289734953184,8.254289734953184e-05
2020-03-11,123027,buy,rebalance,128.3,0.000643358514025969,0.08254289734953184,8.254289734953184e-05
2020-03-16,113517,sell,risk_exit_next_open,128.33,0.0006605016992040636,0.0847621830588575,8.47621830588575e-05
2020-03-23,113536,sell,rebalance,121.88,0.0006944151414527926,0.08463531744026635,8.463531744026635e-05
2020-03-23,128025,sell,rebalance,118.04,0.000712186169440102,0.08406645544070965,8.406645544070965e-05
2020-03-23,123030,sell,rebalance,132.56,0.0006931673203281932,0.09188625998270529,9.18862599827053e-05
2020-03-23,128039,sell,rebalance,131.22,0.0006428163168947351,0.08435035710292714,8.435035710292715e-05
2020-03-23,113546,sell,rebalance,111.0,0.0007546162963093706,0.08376240889034015,8.376240889034014e-05
2020-03-23,128049,sell,rebalance,111.38,0.0007470266612256579,0.08320382952731377,8.320382952731377e-05
2020-03-23,113541,sell,rebalance,112.0,0.0007434212473262234,0.08326317970053702,8.326317970053702e-05
2020-03-23,128082,sell,rebalance,114.503,0.0007185812625663699,0.08227971030763706,8.227971030763707e-05
2020-03-23,128091,sell,rebalance,175.0,0.000717931602512548,0.1256380304396959,0.0001256380304396959
2020-03-23,128094,sell,rebalance,117.769,0.0007030911188205438,0.08280233797237663,8.280233797237663e-05
2020-03-23,123037,sell,rebalance,173.2,0.0006091142351621751,0.10549858553008873,0.00010549858553008873
2020-03-23,128090,sell,rebalance,128.451,0.0006091726741662867,0.07824883916933369,7.824883916933369e-05
2020-03-23,128069,sell,rebalance,120.02,0.0007152950020323911,0.08584970614392758,8.584970614392758e-05
2020-03-23,123012,sell,rebalance,159.5,0.0006765866716082249,0.10791557412151188,0.00010791557412151189
2020-03-23,123027,sell,rebalance,125.997,0.000643358514025969,0.08106124269173003,8.106124269173002e-05
2020-03-23,128087,buy,rebalance,122.0,4.983376724747287e-05,0.0060797196041916905,6.07971960419169e-06
2020-03-23,128066,buy,rebalance,116.589,2.7687610970898217e-05,0.003228070875486052,3.228070875486052e-06
2020-03-23,110051,buy,rebalance,122.0,0.0007181819173453579,0.08761819391613367,8.761819391613367e-05
2020-03-23,113550,buy,rebalance,125.5,0.0006981529395707861,0.08761819391613367,8.761819391613367e-05
2020-03-23,110056,buy,rebalance,127.0,0.000689907038709714,0.08761819391613367,8.761819391613367e-05
2020-03-23,128085,buy,rebalance,115.5,9.036215354588078e-05,0.01043682873454923,1.043682873454923e-05
2020-03-23,128097,buy,rebalance,123.55,0.000709171945901527,0.08761819391613367,8.761819391613367e-05
2020-03-23,128075,buy,rebalance,117.0,4.04504547435538e-05,0.004732703204995795,4.7327032049957954e-06
2020-03-23,113549,buy,rebalance,118.05,0.0007422125702340845,0.08761819391613367,8.761819391613367e-05
2020-03-23,128081,buy,rebalance,109.803,0.0007979581060274643,0.08761819391613367,8.761819391613367e-05
2020-03-23,113554,buy,rebalance,117.5,0.0007456867567330525,0.08761819391613367,8.761819391613367e-05
2020-03-23,110063,buy,rebalance,113.92,0.0007691203819885329,0.08761819391613367,8.761819391613367e-05
2020-03-23,128057,buy,rebalance,123.5,0.0007094590600496653,0.08761819391613367,8.761819391613367e-05
2020-03-23,128021,buy,rebalance,130.0,0.000673986107047182,0.08761819391613367,8.761819391613367e-05
2020-03-23,113515,buy,rebalance,127.01,0.0006898527195979345,0.08761819391613367,8.761819391613367e-05
2020-03-23,128034,buy,rebalance,110.94,0.0007897800064551439,0.08761819391613367,8.761819391613367e-05
2020-03-23,128058,buy,rebalance,125.002,0.0007009343363796873,0.08761819391613367,8.761819391613367e-05
2020-03-23,110047,buy,rebalance,114.03,0.000768378443533576,0.08761819391613367,8.761819391613367e-05
2020-03-23,110050,buy,rebalance,133.3,0.0006573007795658939,0.08761819391613367,8.761819391613367e-05
2020-03-23,123002,buy,rebalance,126.08,0.0006949412588525831,0.08761819391613367,8.761819391613367e-05
2020-03-27,110050,sell,risk_exit_next_open,126.5,0.0006573007795658939,0.08314854861508558,8.314854861508558e-05
2020-03-31,128075,sell,rebalance,115.096,0.0007495818752721778,0.08627387551632658,8.627387551632658e-05
2020-03-31,110051,sell,rebalance,120.99,0.0007181819173453579,0.08689283017961486,8.689283017961485e-05
2020-03-31,110056,sell,rebalance,123.97,0.000689907038709714,0.08552777558884324,8.552777558884324e-05
2020-03-31,128021,sell,rebalance,128.5,0.000673986107047182,0.08660721475556289,8.66072147555629e-05
2020-03-31,128058,sell,rebalance,122.0,0.0007009343363796873,0.08551398903832184,8.551398903832184e-05
2020-03-31,128085,sell,rebalance_resize,114.62,6.968722031538429e-07,7.987549192549348e-05,7.987549192549348e-08
2020-03-31,128081,sell,rebalance_resize,110.585,1.1709116117881914e-05,0.0012948526058959714,1.2948526058959713e-06
2020-03-31,113550,sell,rebalance_resize,133.5,4.6861969165159486e-05,0.006256072883548791,6.256072883548791e-06
2020-03-31,128057,sell,rebalance_resize,124.1,8.835816301468953e-06,0.001096524803012297,1.096524803012297e-06
2020-03-31,110063,sell,rebalance_resize,113.16,7.62794951141837e-07,8.631787667121027e-05,8.631787667121027e-08
2020-03-31,113554,sell,rebalance_resize,118.32,1.0837664870720101e-05,0.0012823125075036024,1.2823125075036023e-06
2020-03-31,123002,sell,rebalance_resize,126.11,5.484875146682182e-06,0.0006916976047480899,6.916976047480899e-07
2020-03-31,128034,sell,rebalance_resize,110.71,4.418751381969256e-06,0.0004891999654978163,4.891999654978163e-07
2020-03-31,113515,sell,rebalance_resize,129.0,1.5842296736297547e-05,0.0020436562789823837,2.0436562789823838e-06
2020-03-31,110047,sell,rebalance_resize,113.45,1.984926132508032e-06,0.00022518986973303623,2.2518986973303623e-07
2020-03-31,128087,buy,rebalance,118.8,1.3016387827842707e-05,0.0015463468739477136,1.5463468739477136e-06
2020-03-31,128097,buy,rebalance,122.6,2.3336435255464463e-08,2.861046962319943e-06,2.8610469623199433e-09
2020-03-31,128077,buy,rebalance,127.56,0.0006809207544442707,0.08685825143691117,8.685825143691117e-05
2020-03-31,128066,buy,rebalance,112.9,1.787151432500755e-05,0.0020176939672933523,2.0176939672933525e-06
2020-03-31,113550,buy,rebalance,133.5,1.0384694779783607e-19,1.3863567531011115e-17,1.3863567531011116e-20
2020-03-31,128025,buy,rebalance,118.0,0.000736086876583993,0.08685825143691117,8.685825143691117e-05
2020-03-31,128090,buy,rebalance,131.5,0.0006605190223339252,0.08685825143691117,8.685825143691117e-05
2020-03-31,128039,buy,rebalance,125.78,0.0006905569362133183,0.08685825143691117,8.685825143691117e-05
2020-03-31,128082,buy,rebalance,113.498,0.0007652844229582122,0.08685825143691117,8.685825143691117e-05
2020-03-31,110057,buy,rebalance,120.01,0.0007237584487701955,0.08685825143691117,8.685825143691117e-05
2020-03-31,113549,buy,rebalance,114.8,1.5152937023886088e-05,0.0017395571703421229,1.7395571703421229e-06
2020-04-13,113550,sell,rebalance,127.51,0.0006512909704056267,0.08304611163642146,8.304611163642147e-05
2020-04-13,113549,sell,rebalance,112.99,0.0007573655072579705,0.08557472866507808,8.557472866507808e-05
2020-04-13,113554,sell,rebalance,123.0,0.0007348490918623324,0.09038643829906688,9.038643829906688e-05
2020-04-13,110063,sell,rebalance,114.5,0.000768357587037391,0.08797694371578127,8.797694371578127e-05
2020-04-13,128057,sell,rebalance,119.5,0.0007006232437481964,0.08372447762790947,8.372447762790947e-05
2020-04-13,113515,sell,rebalance,127.97,0.000674010422861637,0.08625311381360369,8.62531138136037e-05
2020-04-13,128034,sell,rebalance,111.48,0.0007853612550731746,0.08755207271555751,8.755207271555751e-05
2020-04-13,110047,sell,rebalance,115.0,0.0007663935174010679,0.0881352545011228,8.813525450112281e-05
2020-04-13,123002,sell,rebalance,127.299,0.0006894563837059009,0.08776710818937748,8.776710818937749e-05
2020-04-13,128077,sell,rebalance,125.1,0.0006809207544442707,0.08518318638097827,8.518318638097828e-05
2020-04-13,128039,sell,rebalance,122.35,0.0006905569362133183,0.08448964114569948,8.448964114569949e-05
2020-04-13,110057,sell,rebalance,117.61,0.0007237584487701955,0.0851212311598627,8.51212311598627e-05
2020-04-13,128087,sell,rebalance_resize,124.0,4.087155910577121e-05,0.00506807332911563,5.06807332911563e-06
2020-04-13,128081,sell,rebalance_resize,110.868,1.3407487555671561e-05,0.0014864613303221946,1.4864613303221946e-06
2020-04-13,128066,sell,rebalance_resize,111.3,2.6692990643436373e-07,2.9709298586144683e-05,2.9709298586144682e-08
2020-04-13,113570,buy,rebalance,113.29,0.0007555587645848556,0.0855972524398183,8.55972524398183e-05
2020-04-13,113546,buy,rebalance,110.11,0.0007773794609010835,0.0855972524398183,8.55972524398183e-05
2020-04-13,113567,buy,rebalance,110.82,0.0007723989572262977,0.0855972524398183,8.55972524398183e-05
2020-04-13,128094,buy,rebalance,115.007,0.00074427863034266,0.0855972524398183,8.55972524398183e-05
2020-04-13,113566,buy,rebalance,115.22,0.0007429027290385202,0.0855972524398183,8.55972524398183e-05
2020-04-13,128069,buy,rebalance,115.3,0.0007423872718110868,0.0855972524398183,8.55972524398183e-05
2020-04-13,128082,buy,rebalance,110.5,1.0120701605386245e-05,0.0011183375273951801,1.11833752739518e-06
2020-04-13,128085,buy,rebalance,111.0,1.3338578308104617e-05,0.0014805821921996126,1.4805821921996127e-06
2020-04-13,123037,buy,rebalance,126.4,0.0006771934528466638,0.0855972524398183,8.55972524398183e-05
2020-04-13,128025,buy,rebalance,113.75,1.7156444563001134e-05,0.001951545569041379,1.951545569041379e-06
2020-04-13,128050,buy,rebalance,114.88,0.0007451014314051037,0.0855972524398183,8.55972524398183e-05
2020-04-13,123034,buy,rebalance,140.0,0.0006114089459987021,0.0855972524398183,8.55972524398183e-05
2020-04-13,113536,buy,rebalance,113.0,0.0007574978092019319,0.0855972524398183,8.55972524398183e-05
2020-04-13,123026,buy,rebalance,112.92,0.0007580344707741614,0.0855972524398183,8.55972524398183e-05
2020-04-13,113509,buy,rebalance,124.99,0.0006848328061430379,0.0855972524398183,8.55972524398183e-05
2020-04-13,128090,buy,rebalance,129.0,3.689603328356708e-06,0.00047595882935801533,4.7595882935801533e-07
2020-04-13,128097,buy,rebalance,110.0,6.967452635745108e-05,0.00766419789931962,7.66419789931962e-06
2020-04-21,128097,sell,rebalance,111.829,0.0007788698086942335,0.08710023183646744,8.710023183646744e-05
2020-04-21,113546,sell,rebalance,114.0,0.0007773794609010835,0.08862125854272351,8.862125854272352e-05
2020-04-21,113566,sell,rebalance,116.46,0.0007429027290385202,0.08651845182382606,8.651845182382606e-05
2020-04-21,123037,sell,rebalance,143.0,0.0006771934528466638,0.09683866375707292,9.683866375707293e-05
2020-04-21,128050,sell,rebalance,113.0,0.0007451014314051037,0.08419646174877671,8.419646174877671e-05
2020-04-21,123034,sell,rebalance,170.0,0.0006114089459987021,0.10393952081977936,0.00010393952081977936
2020-04-21,123026,sell,rebalance,116.301,0.0007580344707741614,0.08816016698550574,8.816016698550574e-05
2020-04-21,113509,sell,rebalance,129.89,0.0006848328061430379,0.08895293318991918,8.895293318991918e-05
2020-04-21,128094,sell,rebalance_resize,119.005,2.428504426886214e-06,0.0002890041693215939,2.890041693215939e-07
2020-04-21,128069,sell,rebalance_resize,121.01,1.2828770574770301e-05,0.0015524095272529542,1.5524095272529542e-06
2020-04-21,128087,buy,rebalance,123.99,2.10079934395713e-05,0.0026047811065724453,2.6047811065724455e-06
2020-04-21,113567,buy,rebalance,112.48,1.2473621353406936e-05,0.0014030329298312123,1.4030329298312124e-06
2020-04-21,113570,buy,rebalance,113.88,1.9657515286934526e-05,0.0022385978408761037,2.238597840876104e-06
2020-04-21,128085,buy,rebalance,111.45,2.0209559195629152e-05,0.002252355372352869,2.2523553723528694e-06
2020-04-21,123045,buy,rebalance,110.0,0.0008017768618689781,0.08819545480558759,8.819545480558759e-05
2020-04-21,128066,buy,rebalance,111.992,1.844489877111308e-05,0.002065681103174496,2.065681103174496e-06
2020-04-21,113557,buy,rebalance,111.56,0.0007905652098026854,0.08819545480558759,8.819545480558759e-05
2020-04-21,128081,buy,rebalance,111.79,1.6871203730032903e-05,0.0018860318649803784,1.8860318649803784e-06
2020-04-21,128049,buy,rebalance,111.87,0.0007883744954463894,0.08819545480558759,8.819545480558759e-05
2020-04-21,128077,buy,rebalance,131.3,0.0006717094806213829,0.08819545480558759,8.819545480558759e-05
2020-04-21,128025,buy,rebalance,116.12,7.031013334305416e-06,0.0008164412683795449,8.16441268379545e-07
2020-04-21,127003,buy,rebalance,110.372,0.0007990745370708838,0.08819545480558759,8.819545480558759e-05
2020-04-21,113541,buy,rebalance,110.13,0.0008008304259110832,0.08819545480558759,8.819545480558759e-05
2020-04-21,128082,buy,rebalance,110.865,2.0892643798404337e-05,0.0023162629547100965,2.3162629547100963e-06
2020-04-21,113554,buy,rebalance,124.51,0.00070834033254829,0.08819545480558759,8.819545480558759e-05
2020-04-21,113536,buy,rebalance,115.0,1.0177850010816193e-05,0.0011704527512438623,1.1704527512438623e-06
2020-04-21,128090,buy,rebalance,128.718,2.164014207047655e-05,0.0027854758070276005,2.7854758070276004e-06
2020-04-21,113571,buy,rebalance,134.0,0.0006581750358625939,0.08819545480558759,8.819545480558759e-05
2020-05-06,128025,sell,rebalance,112.1,0.0007602743344812996,0.08522675289535367,8.522675289535367e-05
2020-05-06,128090,sell,rebalance,123.0,0.0006858487677327585,0.0843593984311293,8.43593984311293e-05
2020-05-06,128082,sell,rebalance,110.0,0.0007962977683620028,0.0875927545198203,8.75927545198203e-05
2020-05-06,128049,sell,rebalance,112.4,0.0007883744954463894,0.08861329328817417,8.861329328817418e-05
2020-05-06,128077,sell,rebalance,132.09,0.0006717094806213829,0.08872610529527847,8.872610529527847e-05
2020-05-06,113554,sell,rebalance,124.03,0.00070834033254829,0.08785545144596442,8.785545144596442e-05
2020-05-06,113571,sell,rebalance,137.02,0.0006581750358625939,0.09018314341389262,9.018314341389262e-05
2020-05-06,113557,sell,rebalance_resize,111.9,7.793853452056153e-06,0.0008721322012850835,8.721322012850836e-07
2020-05-06,113570,sell,rebalance_resize,113.9,6.1898112533931585e-06,0.0007050195017614808,7.050195017614808e-07
2020-05-06,123045,sell,rebalance_resize,109.6,2.5787343540564656e-06,0.00028262928520458863,2.826292852045886e-07
2020-05-06,128066,sell,rebalance_resize,111.8,4.815183246840821e-06,0.0005383374869968038,5.383374869968039e-07
2020-05-06,128085,sell,rebalance_resize,110.79,1.5046765810787106e-06,0.00016670311841771035,1.6670311841771037e-07
2020-05-06,128081,sell,rebalance_resize,111.009,6.585323175336761e-07,7.310301403709585e-05,7.310301403709585e-08
2020-05-06,127003,sell,rebalance_resize,111.436,1.3043857796363892e-05,0.0014535553373956067,1.4535553373956068e-06
2020-05-06,113536,sell,rebalance_resize,118.05,2.5684005035404402e-05,0.0030319967944294896,3.0319967944294897e-06
2020-05-06,113541,sell,rebalance_resize,110.2,5.983649362667477e-06,0.000659398159765956,6.59398159765956e-07
2020-05-06,128094,sell,rebalance_resize,122.48,2.669569437074276e-05,0.0032696886465285735,3.2696886465285735e-06
2020-05-06,128087,buy,rebalance,114.997,4.963682746580812e-05,0.005708086248085537,5.7080862480855365e-06
2020-05-06,113034,buy,rebalance,110.5,0.0007918828755622715,0.087503057749631,8.750305774963101e-05
2020-05-06,113575,buy,rebalance,116.61,0.0007503906847580054,0.087503057749631,8.750305774963101e-05
2020-05-06,128085,buy,rebalance,110.79,1.251347407221185e-19,1.3863677924603508e-17,1.386367792460351e-20
2020-05-06,123002,buy,rebalance,124.8,0.0007011462960707613,0.087503057749631,8.750305774963101e-05
2020-05-06,128074,buy,rebalance,120.645,0.0007252936943066933,0.087503057749631,8.750305774963101e-05
2020-05-06,113566,buy,rebalance,116.1,0.0007536869745876917,0.087503057749631,8.750305774963101e-05
2020-05-06,113033,buy,rebalance,107.56,0.0008135278704874582,0.087503057749631,8.750305774963101e-05
2020-05-06,113567,buy,rebalance,110.15,1.032449211040515e-05,0.0011372428059611274,1.1372428059611275e-06
2020-05-06,128092,buy,rebalance,125.0,0.0007000244619970481,0.087503057749631,8.750305774963101e-05
2020-05-06,128069,buy,rebalance,115.95,2.5845248652465748e-05,0.0029967565812534036,2.9967565812534037e-06
2020-05-12,128087,sell,rebalance,110.88,0.0007616399151229069,0.0844506337888279,8.44506337888279e-05
2020-05-12,123002,sell,rebalance,128.0,0.0007011462960707613,0.08974672589705744,8.974672589705745e-05
2020-05-12,128074,sell,rebalance,125.0,0.0007252936943066933,0.09066171178833667,9.066171178833666e-05
2020-05-12,113033,sell,rebalance,107.85,0.0008135278704874582,0.08773898083207236,8.773898083207236e-05
2020-05-12,113570,sell,rebalance_resize,115.2,7.062005031041823e-06,0.000813542979576018,8.13542979576018e-07
2020-05-12,127003,sell,rebalance_resize,112.249,4.034347857194881e-06,0.0004528515126222682,4.528515126222682e-07
2020-05-12,113567,sell,rebalance_resize,111.35,6.887181105347129e-06,0.0007668876160804028,7.668876160804028e-07
2020-05-12,128066,sell,rebalance_resize,113.888,1.272914690275433e-05,0.0014496970824608851,1.449697082460885e-06
2020-05-12,128069,sell,rebalance_resize,116.24,2.5658707681278225e-07,2.9825681808717808e-05,2.982568180871781e-08
2020-05-12,113536,sell,rebalance_resize,119.01,4.4208096662663565e-06,0.0005261205583823592,5.261205583823592e-07
2020-05-12,113541,sell,rebalance_resize,110.89,3.2667765009513934e-06,0.0003622528461905,3.6225284619050004e-07
2020-05-12,113557,sell,rebalance_resize,113.86,1.1839455724743739e-05,0.001348040428819322,1.348040428819322e-06
2020-05-12,113034,buy,rebalance,108.7,1.5629359786845145e-05,0.0016989114088300672,1.6989114088300673e-06
2020-05-12,123045,buy,rebalance,109.815,1.3066750702388027e-07,1.434925228382741e-05,1.434925228382741e-08
2020-05-12,113575,buy,rebalance,116.03,6.1169860296678415e-06,0.0007097538890223597,7.097538890223596e-07
2020-05-12,128085,buy,rebalance,110.977,3.4518598856675577e-07,3.830770545317286e-05,3.830770545317286e-08
2020-05-12,128025,buy,rebalance,114.0,0.000769203572995045,0.08768920732143512,8.768920732143512e-05
2020-05-12,113566,buy,rebalance,115.85,3.998269774795334e-06,0.0004631995534100394,4.631995534100394e-07
2020-05-12,128094,buy,rebalance,120.999,1.0281664081544922e-05,0.001244071072202854,1.244071072202854e-06
2020-05-12,128092,buy,rebalance,121.8,2.0630324840269e-05,0.002512773565544764,2.512773565544764e-06
2020-05-12,128081,buy,rebalance,111.0,1.7396100566320603e-06,0.0001930967162861587,1.930967162861587e-07
2020-05-12,128049,buy,rebalance,111.539,0.0007861753047941537,0.08768920732143512,8.768920732143512e-05
2020-05-12,123030,buy,rebalance,123.44,0.0007103791908735832,0.08768920732143512,8.768920732143512e-05
2020-05-12,113554,buy,rebalance,124.98,0.0007016259187184759,0.08768920732143512,8.768920732143512e-05
2020-05-21,128085,sell,rebalance,106.512,0.0007909590931610139,0.08424663493076591,8.424663493076592e-05
2020-05-21,128094,sell,rebalance,114.922,0.0007254360956265761,0.08336856698159738,8.336856698159738e-05
2020-05-21,128069,sell,rebalance,109.428,0.0007551471628119695,0.0826342437321882,8.26342437321882e-05
2020-05-21,113557,sell,rebalance,107.84,0.0007709319006258855,0.0831372961634955,8.31372961634955e-05
2020-05-21,113541,sell,rebalance,105.02,0.0007915800000474644,0.0831317316049847,8.31317316049847e-05
2020-05-21,123030,sell,rebalance,119.12,0.0007103791908735832,0.08462036921686124,8.462036921686124e-05
2020-05-21,128066,sell,rebalance_resize,109.101,7.963336679377952e-07,8.68807995056814e-05,8.688079950568139e-08
2020-05-21,113566,sell,rebalance_resize,116.08,3.403016411244341e-05,0.003950221450172431,3.950221450172431e-06
2020-05-21,123045,sell,rebalance_resize,105.75,4.9847598879023755e-06,0.0005271383581456762,5.271383581456762e-07
2020-05-21,113034,sell,rebalance_resize,106.0,1.504165312812545e-05,0.0015944152315812976,1.5944152315812976e-06
2020-05-21,127003,sell,rebalance_resize,110.129,1.9237369514238115e-05,0.0021185922672335294,2.1185922672335295e-06
2020-05-21,113536,sell,rebalance_resize,115.46,1.0029863085258305e-05,0.001158047991823924,1.1580479918239239e-06
2020-05-21,128081,sell,rebalance_resize,106.7,3.522165121776267e-06,0.0003758150184935277,3.7581501849352774e-07
2020-05-21,113580,buy,rebalance,109.61,0.0007655902819229387,0.08391635080157331,8.391635080157331e-05
2020-05-21,113578,buy,rebalance,110.59,0.0007588059571532083,0.08391635080157331,8.391635080157331e-05
2020-05-21,113570,buy,rebalance,108.71,1.0739903232626278e-05,0.0011675348804188026,1.1675348804188027e-06
2020-05-21,113575,buy,rebalance,110.62,2.862777070287732e-06,0.0003166803995152289,3.1668039951522893e-07
2020-05-21,113567,buy,rebalance,106.05,3.7832060032406877e-06,0.00040120899664367494,4.0120899664367494e-07
2020-05-21,128025,buy,rebalance,106.79,1.7386831085730823e-05,0.0018567396916451947,1.8567396916451948e-06
2020-05-21,128049,buy,rebalance,106.75,7.268276063816646e-07,7.75888469812427e-05,7.75888469812427e-08
2020-05-21,113549,buy,rebalance,106.0,0.0007916636868072953,0.08391635080157331,8.391635080157331e-05
2020-05-21,113581,buy,rebalance,109.1,0.0007691691182545675,0.08391635080157331,8.391635080157331e-05
2020-05-21,128092,buy,rebalance,114.44,1.3357129583677912e-05,0.0015285899095561003,1.5285899095561002e-06
2020-05-21,113554,buy,rebalance,118.18,9.160832494361248e-06,0.0010826271841836124,1.0826271841836126e-06
2020-05-21,113577,buy,rebalance,118.74,0.0007067235203096961,0.08391635080157331,8.391635080157331e-05
2020-05-21,123047,buy,rebalance,113.32,0.0007405255100738909,0.08391635080157331,8.391635080157331e-05
2020-06-11,113567,sell,rebalance,107.36,0.0007920930955880033,0.08503911474232803,8.503911474232804e-05
2020-06-11,128092,sell,rebalance,111.88,0.0007340119164209951,0.08212125320918093,8.212125320918093e-05
2020-06-11,113554,sell,rebalance,122.9,0.0007107867512128371,0.08735569172405769,8.735569172405769e-05
2020-06-11,113578,sell,rebalance,121.8,0.0007588059571532083,0.09242256558126077,9.242256558126077e-05
2020-06-11,113549,sell,rebalance,108.87,0.0007916636868072953,0.08618842558271025,8.618842558271025e-05
2020-06-11,113577,sell,rebalance,136.0,0.0007067235203096961,0.09611439876211866,9.611439876211867e-05
2020-06-11,123047,sell,rebalance,118.412,0.0007405255100738909,0.08768710669886957,8.768710669886958e-05
2020-06-11,113581,sell,rebalance_resize,127.96,8.665351194902695e-05,0.011088183388997488,1.108818338899749e-05
2020-06-11,113575,sell,rebalance_resize,121.3,3.9381189961366035e-05,0.0047769383423137,4.7769383423137e-06
2020-06-11,113566,buy,rebalance,119.8,5.343590660892057e-06,0.0006401621611748685,6.401621611748685e-07
2020-06-11,113570,buy,rebalance,109.89,2.201959895375399e-05,0.0024197337290280257,2.419733729028026e-06
2020-06-11,128025,buy,rebalance,109.882,8.205583772414606e-06,0.0009016459560804618,9.016459560804618e-07
2020-06-11,127003,buy,rebalance,113.167,8.964747664466892e-06,0.0010145135989447249,1.0145135989447248e-06
2020-06-11,128107,buy,rebalance,109.33,0.0007979993133525941,0.0872452649288391,8.72452649288391e-05
2020-06-11,113034,buy,rebalance,106.78,2.5397156128532402e-05,0.00271190833140469,2.71190833140469e-06
2020-06-11,113536,buy,rebalance,114.8,3.318020690961278e-05,0.003809087753223547,3.809087753223547e-06
2020-06-11,113580,buy,rebalance,112.62,9.880827227006838e-06,0.0011127787623055102,1.1127787623055102e-06
2020-06-11,128081,buy,rebalance,106.78,3.059079583077857e-05,0.0032664851788105362,3.266485178810536e-06
2020-06-11,123026,buy,rebalance,110.398,0.0007902793975329182,0.0872452649288391,8.72452649288391e-05
2020-06-11,128066,buy,rebalance,112.428,6.852519864645697e-06,0.0007704151033423864,7.704151033423864e-07
2020-06-11,128094,buy,rebalance,118.199,0.0007381218532207473,0.0872452649288391,8.72452649288391e-05
2020-06-11,128049,buy,rebalance,107.173,2.7963784404860066e-05,0.002996962666022068,2.996962666022068e-06
2020-06-11,123043,buy,rebalance,112.6,0.0007748247329381803,0.0872452649288391,8.72452649288391e-05
2020-06-11,128039,buy,rebalance,115.2,0.0007573373691739506,0.0872452649288391,8.72452649288391e-05
2020-06-11,123030,buy,rebalance,121.3,0.0007192519779788879,0.0872452649288391,8.72452649288391e-05
2020-06-11,123045,buy,rebalance,106.666,2.439885597009911e-05,0.0026025283709065917,2.602528370906592e-06
2020-06-11,113565,buy,rebalance,127.3,0.0006853516490875028,0.0872452649288391,8.72452649288391e-05
2020-06-23,113575,sell,rebalance,119.77,0.000719989257896595,0.08623311341827518,8.623311341827518e-05
2020-06-23,128049,sell,rebalance,106.67,0.0008148659168053955,0.08692174734563154,8.692174734563155e-05
2020-06-23,113580,sell,rebalance,114.97,0.0007754711091499455,0.08915591341896924,8.915591341896924e-05
2020-06-23,113581,sell,rebalance,141.0,0.0006825156063055406,0.09623470048908123,9.623470048908122e-05
2020-06-23,128094,sell,rebalance,119.598,0.0007381218532207473,0.08827789740149494,8.827789740149495e-05
2020-06-23,123043,sell,rebalance,112.5,0.0007748247329381803,0.08716778245554528,8.716778245554529e-05
2020-06-23,128039,sell,rebalance,115.498,0.0007573373691739506,0.08747095146485295,8.747095146485295e-05
2020-06-23,123026,sell,rebalance_resize,111.031,3.2311811176640417e-06,0.00035876127067535624,3.587612706753562e-07
2020-06-23,123045,sell,rebalance_resize,107.0,2.044288143375185e-06,0.0002187388313411448,2.187388313411448e-07
2020-06-23,128107,sell,rebalance_resize,110.0,3.5743086543933334e-06,0.00039317395198326666,3.9317395198326666e-07
2020-06-23,113566,buy,rebalance,118.5,8.43381472684715e-06,0.0009994070451313872,9.994070451313873e-07
2020-06-23,127003,buy,rebalance,112.78,3.1157882964323326e-06,0.00035139860407163847,3.5139860407163845e-07
2020-06-23,113570,buy,rebalance,108.09,1.3725147441259707e-05,0.0014835511869257618,1.483551186925762e-06
2020-06-23,113561,buy,rebalance,106.29,0.0008213314026489851,0.08729931478756063,8.729931478756063e-05
2020-06-23,113565,buy,rebalance,122.28,2.9263713672684776e-05,0.0035783669078958942,3.5783669078958943e-06
2020-06-23,128108,buy,rebalance,137.501,0.0006348994900950585,0.08729931478756063,8.729931478756063e-05
2020-06-23,128066,buy,rebalance,112.228,1.8533222502743372e-06,0.0002079946495037883,2.079946495037883e-07
2020-06-23,113536,buy,rebalance,114.09,5.219333292894196e-06,0.0005954737353862988,5.954737353862989e-07
2020-06-23,128081,buy,rebalance,106.52,2.513874619721797e-06,0.00026777792449276584,2.6777792449276583e-07
2020-06-23,128087,buy,rebalance,102.62,0.0008507046851253228,0.08729931478756063,8.729931478756063e-05
2020-06-23,113525,buy,rebalance,108.73,0.0008028999796519877,0.08729931478756063,8.729931478756063e-05
2020-06-23,110066,buy,rebalance,106.59,0.0008190197465762325,0.08729931478756063,8.729931478756063e-05
2020-06-23,113034,buy,rebalance,106.81,2.8337299245980414e-07,3.026706932463168e-05,3.0267069324631685e-08
2020-06-23,128025,buy,rebalance,109.864,6.118181158553809e-07,6.721678548033556e-05,6.721678548033556e-08
2020-06-23,123030,buy,rebalance,118.0,2.1292378716572082e-05,0.0025125006885555056,2.5125006885555054e-06
2020-06-23,113568,buy,rebalance,108.8,0.0008023834079739029,0.08729931478756063,8.729931478756063e-05
2020-06-23,128092,buy,rebalance,116.4,0.0007499941132951944,0.08729931478756063,8.729931478756063e-05
2020-07-01,113034,sell,rebalance,104.7,0.0008181511113419835,0.08566042135750568,8.566042135750568e-05
2020-07-01,123030,sell,rebalance,118.0,0.00074054435669546,0.08738423409006428,8.738423409006428e-05
2020-07-01,128108,sell,rebalance,154.1,0.0006348994900950585,0.09783801142364851,9.78380114236485e-05
2020-07-01,113525,sell,rebalance,106.6,0.0008028999796519877,0.08558913783090188,8.558913783090188e-05
2020-07-01,110066,sell,rebalance,112.03,0.0008190197465762325,0.09175478220893533,9.175478220893534e-05
2020-07-01,113568,sell,rebalance,104.52,0.0008023834079739029,0.08386511380143233,8.386511380143233e-05
2020-07-01,128092,sell,rebalance,116.0,0.0007499941132951944,0.08699931714224256,8.699931714224256e-05
2020-07-01,123026,sell,rebalance_resize,110.988,5.607433331025625e-06,0.0006223578105438721,6.22357810543872e-07
2020-07-01,113561,sell,rebalance_resize,106.18,4.50573272101038e-06,0.00047841870031688216,4.784187003168821e-07
2020-07-01,128013,buy,rebalance,105.72,0.0008195587569954459,0.08664375178955853,8.664375178955853e-05
2020-07-01,113566,buy,rebalance,114.5,2.0019508446161092e-05,0.002292233717085445,2.2922337170854454e-06
2020-07-01,113570,buy,rebalance,106.74,4.087073808028885e-06,0.00043625425826900315,4.3625425826900315e-07
2020-07-01,127003,buy,rebalance,110.599,9.340420169718646e-06,0.0010330411303507126,1.0330411303507125e-06
2020-07-01,113565,buy,rebalance,117.91,2.0929353244283927e-05,0.002467780041033518,2.4677800410335178e-06
2020-07-01,123045,buy,rebalance,105.838,2.7637508523755517e-06,0.00029250986271372363,2.9250986271372367e-07
2020-07-01,123051,buy,rebalance,110.2,0.0007862409418290248,0.08664375178955853,8.664375178955853e-05
2020-07-01,128066,buy,rebalance,110.0,9.797855671781844e-06,0.0010777641238960028,1.0777641238960027e-06
2020-07-01,123043,buy,rebalance,112.789,0.0007681932793938995,0.08664375178955853,8.664375178955853e-05
2020-07-01,113536,buy,rebalance,112.76,3.216859134477114e-06,0.00036273303600363937,3.627330360036394e-07
2020-07-01,128087,buy,rebalance,100.568,1.169062788634737e-05,0.0011757030652741823,1.1757030652741823e-06
2020-07-01,128025,buy,rebalance,107.8,9.1335973713105e-06,0.0009846017966272718,9.84601796627272e-07
2020-07-01,113576,buy,rebalance,100.11,0.0008654854838633357,0.08664375178955853,8.664375178955853e-05
2020-07-01,128094,buy,rebalance,117.05,0.0007402285501030204,0.08664375178955853,8.664375178955853e-05
2020-07-01,128085,buy,rebalance,104.506,0.0008290792087493401,0.08664375178955853,8.664375178955853e-05
2020-07-01,128107,buy,rebalance,108.003,8.60471341438526e-06,0.0009293348628938512,9.293348628938512e-07
2020-07-01,128081,buy,rebalance,104.019,1.3405546104533262e-05,0.0013944315002474455,1.3944315002474455e-06
2020-07-01,123048,buy,rebalance,110.51,0.000784035397607081,0.08664375178955853,8.664375178955853e-05
2020-07-13,128081,sell,rebalance,111.49,0.0008337818352562996,0.09295833681272483,9.295833681272483e-05
2020-07-13,113536,sell,rebalance,119.81,0.0007691573807628031,0.09215274578919144,9.215274578919144e-05
2020-07-13,113566,sell,rebalance,125.0,0.000757451994083944,0.094681499260493,9.468149926049301e-05
2020-07-13,128107,sell,rebalance,116.799,0.000803029718112586,0.09379306804583194,9.379306804583195e-05
2020-07-13,123026,sell,rebalance,119.588,0.0007814407830842285,0.09345094036747671,9.345094036747671e-05
2020-07-13,113565,sell,rebalance,127.0,0.0007355447160044715,0.09341417893256788,9.341417893256788e-05
2020-07-13,113576,sell,rebalance,103.44,0.0008654854838633357,0.08952581845082344,8.952581845082344e-05
2020-07-13,128094,sell,rebalance,119.001,0.0007402285501030204,0.08808793769080954,8.808793769080955e-05
2020-07-13,123048,sell,rebalance,129.0,0.000784035397607081,0.10114056629131345,0.00010114056629131345
2020-07-13,128085,sell,rebalance_resize,112.7,9.689173462881933e-06,0.001091969849266794,1.091969849266794e-06
2020-07-13,128013,sell,rebalance_resize,113.04,2.6332706473936634e-06,0.00029766491398137973,2.9766491398137975e-07
2020-07-13,127003,sell,rebalance_resize,120.2,1.5916548842491506e-05,0.0019131691708674792,1.9131691708674794e-06
2020-07-13,113561,sell,rebalance_resize,116.1,2.1431552987545412e-05,0.0024882033018540223,2.4882033018540224e-06
2020-07-13,128087,buy,rebalance,104.99,1.5486826901085918e-05,0.0016259619563450105,1.6259619563450105e-06
2020-07-13,123045,buy,rebalance,109.062,2.4592064784957212e-05,0.0026820597695770033,2.6820597695770033e-06
2020-07-13,110058,buy,rebalance,108.08,0.0007707880090209098,0.08330676801497992,8.330676801497992e-05
2020-07-13,113525,buy,rebalance,116.0,0.0007181617932325856,0.08330676801497992,8.330676801497992e-05
2020-07-13,128082,buy,rebalance,114.8,0.0007256687109318809,0.08330676801497992,8.330676801497992e-05
2020-07-13,123052,buy,rebalance,114.003,0.0007307418928886075,0.08330676801497992,8.330676801497992e-05
2020-07-13,113570,buy,rebalance,110.82,1.872297099702691e-05,0.002074879645890522,2.074879645890522e-06
2020-07-13,113034,buy,rebalance,110.57,0.0007534301168036531,0.08330676801497992,8.330676801497992e-05
2020-07-13,123051,buy,rebalance,117.44,7.006176538436812e-08,8.228053726740193e-06,8.228053726740193e-09
2020-07-13,113557,buy,rebalance,108.27,0.0007694353746650035,0.08330676801497992,8.330676801497992e-05
2020-07-13,128025,buy,rebalance,110.919,2.526429627396306e-05,0.0028022904784117085,2.8022904784117086e-06
2020-07-13,113541,buy,rebalance,115.6,0.0007206467821365046,0.08330676801497992,8.330676801497992e-05
2020-07-13,123030,buy,rebalance,120.1,0.0006936450292671101,0.08330676801497992,8.330676801497992e-05
2020-07-13,113567,buy,rebalance,114.91,0.0007249740493863017,0.08330676801497992,8.330676801497992e-05
2020-07-13,128049,buy,rebalance,108.221,0.0007697837574498472,0.08330676801497992,8.330676801497992e-05
2020-07-13,128066,buy,rebalance,115.651,9.050461557542362e-06,0.0010466949295913318,1.046694929591332e-06
2020-07-21,127003,sell,rebalance,122.56,0.0007682633691912133,0.09415835852807511,9.415835852807511e-05
2020-07-21,123043,sell,rebalance,129.8,0.0007681932793938995,0.09971148766532817,9.971148766532817e-05
2020-07-21,113525,sell,rebalance,122.74,0.0007181617932325856,0.08814717850136755,8.814717850136756e-05
2020-07-21,113557,sell,rebalance,107.4,0.0007694353746650035,0.08263735923902138,8.263735923902139e-05
2020-07-21,123030,sell,rebalance,125.044,0.0006936450292671101,0.08673614903967651,8.67361490396765e-05
2020-07-21,128049,sell,rebalance,111.0,0.0007697837574498472,0.08544599707693304,8.544599707693304e-05
2020-07-21,123051,sell,rebalance_resize,120.321,9.277023782073937e-06,0.0011162207784829181,1.1162207784829182e-06
2020-07-21,113570,buy,rebalance,110.5,1.4821062365614181e-05,0.001637727391400367,1.637727391400367e-06
2020-07-21,128013,buy,rebalance,111.899,1.857280126998968e-05,0.002078277889310575,2.078277889310575e-06
2020-07-21,123045,buy,rebalance,110.4,2.804234064013164e-06,0.0003095874406670533,3.095874406670533e-07
2020-07-21,128085,buy,rebalance,110.49,2.6754803166820467e-05,0.0029561382019019935,2.9561382019019935e-06
2020-07-21,128087,buy,rebalance,104.37,1.7889006274707507e-05,0.0018670755848912224,1.8670755848912225e-06
2020-07-21,113567,buy,rebalance,117.3,7.199988360149098e-05,0.008445586346454892,8.445586346454893e-06
2020-07-21,128066,buy,rebalance,114.87,1.6390460150502842e-05,0.0018827721574882616,1.8827721574882617e-06
2020-07-21,113561,buy,rebalance,114.47,2.1335664781327847e-05,0.0024422935475185985,2.4422935475185983e-06
2020-07-21,128050,buy,rebalance,111.4,0.0008384193122641313,0.09339991138622424,9.339991138622424e-05
2020-07-21,113034,buy,rebalance,112.4,7.828418967159019e-05,0.008799142919086737,8.799142919086737e-06
2020-07-21,128082,buy,rebalance,113.2,0.0001001452949695865,0.011336447390557192,1.1336447390557192e-05
2020-07-21,113536,buy,rebalance,120.9,0.000772538555717322,0.09339991138622424,9.339991138622424e-05
2020-07-21,113576,buy,rebalance,103.16,0.0009053888269312159,0.09339991138622424,9.339991138622424e-05
2020-07-21,123052,buy,rebalance,115.597,7.796831449616346e-05,0.009012903250813007,9.012903250813006e-06
2020-07-21,113568,buy,rebalance,108.3,0.0008624183876844344,0.09339991138622424,9.339991138622424e-05
2020-07-21,110058,buy,rebalance,110.0,7.90737118199714e-05,0.008698108300196853,8.698108300196853e-06
2020-07-21,113541,buy,rebalance,117.7,7.361679283161063e-05,0.008664696516280572,8.664696516280572e-06
2020-07-21,128025,buy,rebalance,110.561,1.580671566112488e-05,0.0017476062902096277,1.7476062902096277e-06
2020-07-21,113546,buy,rebalance,108.84,0.0008581395753971355,0.09339991138622424,9.339991138622424e-05
2020-07-31,128087,sell,rebalance,104.01,0.0008957711461874636,0.09316915691495808,9.316915691495808e-05
2020-07-31,113034,sell,rebalance,117.01,0.0008317143064752433,0.09731889100066822,9.731889100066822e-05
2020-07-31,113536,sell,rebalance,127.66,0.000772538555717322,0.09862227202287333,9.862227202287332e-05
2020-07-31,110058,sell,rebalance_resize,116.99,4.1196139433105846e-05,0.004819536352279052,4.819536352279052e-06
2020-07-31,128025,sell,rebalance_resize,113.1,9.133313870531445e-06,0.0010329777987571065,1.0329777987571065e-06
2020-07-31,113576,sell,rebalance_resize,104.75,2.2309618343602776e-06,0.00023369325214923908,2.336932521492391e-07
2020-07-31,128066,sell,rebalance_resize,116.769,3.6945659470393684e-06,0.00043141077106984005,4.3141077106984005e-07
2020-07-31,123045,buy,rebalance,111.111,4.589585700846671e-06,0.0005099534568067744,5.099534568067745e-07
2020-07-31,128013,buy,rebalance,111.78,1.0847634576922947e-05,0.001212548593008447,1.212548593008447e-06
2020-07-31,128085,buy,rebalance,109.999,1.3901376868173122e-05,0.0015291375541221753,1.5291375541221754e-06
2020-07-31,113570,buy,rebalance,111.39,3.2367551626209114e-06,0.00036054215756434335,3.6054215756434334e-07
2020-07-31,113568,buy,rebalance,108.47,9.755530820630827e-06,0.0010581824281138258,1.0581824281138259e-06
2020-07-31,128082,buy,rebalance,113.704,6.215334627178094e-06,0.0007067084084486579,7.06708408448658e-07
2020-07-31,113576,buy,rebalance,104.75,1.3234959075179153e-19,1.3863619631250162e-17,1.3863619631250163e-20
2020-07-31,113591,buy,rebalance,105.78,0.0008934505670580218,0.09450920098339755,9.450920098339755e-05
2020-07-31,128050,buy,rebalance,111.2,1.2339537274744263e-05,0.001372156544951562,1.372156544951562e-06
2020-07-31,113561,buy,rebalance,115.69,1.0216710849272857e-06,0.00011819712781523768,1.1819712781523768e-07
2020-07-31,123051,buy,rebalance,121.204,3.5124649563343076e-06,0.0004257248025675434,4.257248025675434e-07
2020-07-31,113546,buy,rebalance,109.06,9.316393816332387e-06,0.0010160459096092101,1.0160459096092101e-06
2020-07-31,113566,buy,rebalance,120.72,0.0007828793984708213,0.09450920098339755,9.450920098339755e-05
2020-07-31,123052,buy,rebalance,116.276,4.916011246023867e-06,0.0005716141236426712,5.716141236426713e-07
2020-07-31,128069,buy,rebalance,113.999,0.0008290353510416543,0.09450920098339755,9.450920098339755e-05
2020-07-31,113567,buy,rebalance,114.74,2.7521092536259826e-05,0.0031577701576104523,3.1577701576104525e-06
2020-07-31,113541,buy,rebalance,117.7,9.51418161180472e-06,0.0011198191757094155,1.1198191757094156e-06
2020-08-11,123051,sell,rebalance,127.5,0.0007805464447686696,0.09951967170800538,9.951967170800539e-05
2020-08-11,128082,sell,rebalance,120.7,0.0008320293405286455,0.10042594140180751,0.00010042594140180752
2020-08-11,123052,sell,rebalance,122.9,0.0008136262186307948,0.09999466226972469,9.999466226972469e-05
2020-08-11,113567,sell,rebalance,113.25,0.0008244950255240526,0.09337406164059896,9.337406164059896e-05
2020-08-11,113546,sell,rebalance,112.22,0.0008674559692134679,0.09734590886513536,9.734590886513536e-05
2020-08-11,113566,sell,rebalance,119.4,0.0007828793984708213,0.09347580017741607,9.347580017741606e-05
2020-08-11,128069,sell,rebalance,115.8,0.0008290353510416543,0.09600229365062356,9.600229365062356e-05
2020-08-11,113570,sell,rebalance_resize,114.19,2.485972190827393e-06,0.00028387316447058,2.8387316447057996e-07
2020-08-11,113576,sell,rebalance_resize,107.7,5.296841202814861e-06,0.0005704697975431605,5.704697975431605e-07
2020-08-11,123045,sell,rebalance_resize,114.695,8.345816519041386e-06,0.0009572234256514517,9.572234256514516e-07
2020-08-11,113561,sell,rebalance_resize,120.76,1.6992656240038197e-05,0.0020520331675470127,2.0520331675470128e-06
2020-08-11,113541,sell,rebalance_resize,121.04,4.871343217492672e-06,0.000589627383045313,5.89627383045313e-07
2020-08-11,128050,sell,rebalance_resize,117.19,2.560625739459522e-05,0.003000797304072614,3.0007973040726137e-06
2020-08-11,113527,buy,rebalance,101.7,0.000949871985810255,0.09660198095690294,9.660198095690294e-05
2020-08-11,128013,buy,rebalance,113.8,3.38380551535876e-06,0.00038507706764782685,3.8507706764782684e-07
2020-08-11,110058,buy,rebalance,115.5,2.8531830285212235e-05,0.0032954263979420133,3.2954263979420135e-06
2020-08-11,128085,buy,rebalance,110.58,1.4415901219199592e-05,0.001594110356819091,1.594110356819091e-06
2020-08-11,113591,buy,rebalance,105.39,2.4065975399809896e-05,0.002536313147385965,2.536313147385965e-06
2020-08-11,127019,buy,rebalance,117.99,0.0008187302394855745,0.09660198095690294,9.660198095690294e-05
2020-08-11,110071,buy,rebalance,115.0,0.0008400172257121995,0.09660198095690294,9.660198095690294e-05
2020-08-11,128066,buy,rebalance,118.39,6.586112466920696e-06,0.0007797298549587411,7.797298549587411e-07
2020-08-11,113576,buy,rebalance,107.7,1.287258443791705e-19,1.3863773439636664e-17,1.3863773439636664e-20
2020-08-11,113568,buy,rebalance,109.84,8.185908209728823e-06,0.0008991401577566139,8.991401577566139e-07
2020-08-11,128025,buy,rebalance,114.987,4.477804950269517e-06,0.0005148893578166409,5.14889357816641e-07
2020-08-11,128056,buy,rebalance,112.33,0.0008599838062574818,0.09660198095690294,9.660198095690294e-05
2020-08-11,113033,buy,rebalance,110.09,0.0008774818871550815,0.09660198095690294,9.660198095690294e-05
2020-08-11,127007,buy,rebalance,114.62,0.0008428021371218194,0.09660198095690294,9.660198095690294e-05
2020-08-11,113557,buy,rebalance,109.38,0.0008831777377665289,0.09660198095690294,9.660198095690294e-05
2020-08-21,113570,sell,rebalance,112.75,0.0008468310033574587,0.09548019562855346,9.548019562855346e-05
2020-08-21,128025,sell,rebalance,112.7,0.0008409569063551823,0.09477584334622906,9.477584334622906e-05
2020-08-21,113568,sell,rebalance,111.4,0.000880359826714794,0.09807208469602806,9.807208469602806e-05
2020-08-21,113527,sell,rebalance,94.95,0.000949871985810255,0.09019034505268371,9.019034505268371e-05
2020-08-21,110071,sell,rebalance,115.12,0.0008400172257121995,0.09670278302398841,9.67027830239884e-05
2020-08-21,127007,sell,rebalance,114.023,0.0008428021371218194,0.0960988280810412,9.60988280810412e-05
2020-08-21,113557,sell,rebalance,110.49,0.0008831777377665289,0.09758230824582377,9.758230824582378e-05
2020-08-21,128013,sell,rebalance_resize,114.401,4.53372562571301e-06,0.000518662745307194,5.18662745307194e-07
2020-08-21,113576,sell,rebalance_resize,109.61,1.5721914009162383e-05,0.001723278994544289,1.7232789945442889e-06
2020-08-21,128085,sell,rebalance_resize,111.63,8.285749663633235e-06,0.000924938234951378,9.24938234951378e-07
2020-08-21,113033,sell,rebalance_resize,116.3,4.608663492394186e-05,0.005359875641654438,5.359875641654438e-06
2020-08-21,113591,sell,rebalance_resize,105.92,4.645811392107324e-06,0.0004920843426520077,4.920843426520077e-07
2020-08-21,110058,sell,rebalance_resize,122.6,4.8524753989222936e-05,0.005949134839078732,5.949134839078732e-06
2020-08-21,113561,sell,rebalance_resize,123.0,1.465092799362557e-05,0.001802064143215945,1.802064143215945e-06
2020-08-21,123063,buy,rebalance,121.0,0.000798283540175049,0.09659230836118093,9.659230836118094e-05
2020-08-21,127019,buy,rebalance,111.1,5.152541373398812e-05,0.00572447346584608,5.724473465846081e-06
2020-08-21,113595,buy,rebalance,113.9,0.0008480448495274884,0.09659230836118093,9.659230836118094e-05
2020-08-21,128085,buy,rebalance,111.63,1.2419228228742238e-19,1.386358447174496e-17,1.386358447174496e-20
2020-08-21,128066,buy,rebalance,116.9,1.0335256040108957e-05,0.0012081914310887371,1.2081914310887372e-06
2020-08-21,113566,buy,rebalance,119.99,0.0008050029865920572,0.09659230836118093,9.659230836118094e-05
2020-08-21,128056,buy,rebalance,112.101,2.5506483595596583e-06,0.00028593023175499724,2.8593023175499727e-07
2020-08-21,123045,buy,rebalance,114.4,2.098818064329456e-06,0.0002401047865592898,2.401047865592898e-07
2020-08-21,128050,buy,rebalance,116.885,2.0794634644567115e-06,0.00024305808704302274,2.4305808704302277e-07
2020-08-21,113541,buy,rebalance,120.46,3.7733322766105855e-06,0.0004545356060405111,4.5453560604051114e-07
2020-08-21,128120,buy,rebalance,108.6,0.0008894319370274488,0.09659230836118093,9.659230836118094e-05
2020-08-21,128082,buy,rebalance,115.3,0.0008377476874343533,0.09659230836118093,9.659230836118094e-05
2020-08-21,127003,buy,rebalance,117.1,0.0008248702678153795,0.09659230836118093,9.659230836118094e-05
2020-08-21,123051,buy,rebalance,121.2,0.000796966240603803,0.09659230836118093,9.659230836118094e-05
2020-09-01,113561,sell,rebalance,123.0,0.0007861078685730207,0.09669126783448154,9.669126783448154e-05
2020-09-01,113576,sell,rebalance,107.45,0.0008821391098848785,0.0947858473571302,9.47858473571302e-05
2020-09-01,128056,sell,rebalance,111.79,0.0008625344546170415,0.09642272668163906,9.642272668163906e-05
2020-09-01,113033,sell,rebalance,113.04,0.0008313952522311397,0.09398091931220803,9.398091931220803e-05
2020-09-01,128120,sell,rebalance,109.367,0.0008894319370274488,0.09727450265688099,9.7274502656881e-05
2020-09-01,127003,sell,rebalance,123.41,0.0008248702678153795,0.10179723975109597,0.00010179723975109597
2020-09-01,123051,sell,rebalance,127.0,0.000796966240603803,0.10121471255668299,0.000101214712556683
2020-09-01,113595,sell,rebalance_resize,116.7,1.347152494596668e-05,0.0015721269611943117,1.5721269611943117e-06
2020-09-01,128050,sell,rebalance_resize,118.47,5.127666491968285e-06,0.0006074746493034827,6.074746493034827e-07
2020-09-01,123045,sell,rebalance_resize,115.8,4.141594151221973e-06,0.0004795966027115045,4.795966027115045e-07
2020-09-01,113541,sell,rebalance_resize,121.38,2.8473016149971035e-07,3.456054700283484e-05,3.456054700283484e-08
2020-09-01,128082,sell,rebalance_resize,116.45,1.3826640022915015e-06,0.00016101122306684534,1.6101122306684535e-07
2020-09-01,123063,sell,rebalance_resize,129.0,4.3285811658277017e-05,0.005583869703917735,5.583869703917735e-06
2020-09-01,127019,buy,rebalance,111.73,1.4398997108153763e-06,0.000160879994689402,1.60879994689402e-07
2020-09-01,128085,buy,rebalance,110.699,1.3625439722353748e-05,0.0015083225518248374,1.5083225518248375e-06
2020-09-01,128013,buy,rebalance,112.85,1.783164558534956e-05,0.0020123012043066976,2.012301204306698e-06
2020-09-01,110058,buy,rebalance,120.99,1.629231160876827e-05,0.001971206781544873,1.9712067815448732e-06
2020-09-01,113591,buy,rebalance,106.59,8.605207658948527e-07,9.172290843673236e-05,9.172290843673236e-08
2020-09-01,113541,buy,rebalance,121.38,1.1421778143515493e-19,1.3863754310599103e-17,1.3863754310599105e-20
2020-09-01,128049,buy,rebalance,118.1,0.0008238460584137422,0.09729621949866295,9.729621949866295e-05
2020-09-01,113570,buy,rebalance,113.4,0.0008579913536037296,0.09729621949866295,9.729621949866295e-05
2020-09-01,128066,buy,rebalance,116.09,1.1829201604313447e-05,0.0013732520142447481,1.373252014244748e-06
2020-09-01,110071,buy,rebalance,115.83,0.0008399915349966584,0.09729621949866295,9.729621949866295e-05
2020-09-01,123048,buy,rebalance,126.0,0.0007721922182433568,0.09729621949866295,9.729621949866295e-05
2020-09-01,113566,buy,rebalance,119.7,8.644962504867592e-06,0.0010348020118326508,1.0348020118326508e-06
2020-09-01,128073,buy,rebalance,117.9,0.000825243592015801,0.09729621949866295,9.729621949866295e-05
2020-09-01,123063,buy,rebalance,129.0,1.0747096364805507e-19,1.3863754310599103e-17,1.3863754310599105e-20
2020-09-01,123062,buy,rebalance,121.33,0.0008019139495480339,0.09729621949866295,9.729621949866295e-05
2020-09-01,113568,buy,rebalance,111.09,0.0008758323836408582,0.09729621949866295,9.729621949866295e-05
2020-09-11,110058,sell,rebalance,124.2,0.0008049649693125329,0.0999766491886166,9.99766491886166e-05
2020-09-11,113591,sell,rebalance,105.98,0.0009137312518316192,0.09683723806911501,9.683723806911501e-05
2020-09-11,123063,sell,rebalance,122.05,0.0007549977285167721,0.09214747276547203,9.214747276547203e-05
2020-09-11,113570,sell,rebalance,109.55,0.0008579913536037296,0.09399295278728857,9.399295278728858e-05
2020-09-11,110071,sell,rebalance,113.5,0.0008399915349966584,0.09533903922212073,9.533903922212073e-05
2020-09-11,123048,sell,rebalance,119.73,0.0007721922182433568,0.0924545742902771,9.245457429027711e-05
2020-09-11,113568,sell,rebalance,109.8,0.0008758323836408582,0.09616639572376623,9.616639572376623e-05
2020-09-11,128085,sell,rebalance_resize,109.5,7.498216728606141e-06,0.0008210547317823724,8.210547317823724e-07
2020-09-11,127019,sell,rebalance_resize,110.92,1.0559210603936863e-05,0.0011712276401886768,1.1712276401886768e-06
2020-09-11,113595,sell,rebalance_resize,114.7,1.81619214168859e-06,0.00020831723865168128,2.0831723865168128e-07
2020-09-11,128013,sell,rebalance_resize,112.0,1.0195120073095485e-05,0.0011418534481866943,1.1418534481866943e-06
2020-09-11,113566,sell,rebalance_resize,119.7,1.5675993450735547e-05,0.001876416416053045,1.876416416053045e-06
2020-09-11,123045,sell,rebalance_resize,114.708,8.360591716777103e-06,0.0009590267546480679,9.590267546480678e-07
2020-09-11,128066,sell,rebalance_resize,114.555,5.135443326607489e-06,0.000588290710279521,5.88290710279521e-07
2020-09-11,128049,sell,rebalance_resize,117.683,1.2197450791155615e-05,0.0014354326014555663,1.4354326014555663e-06
2020-09-11,128056,buy,rebalance,111.5,0.000855790680673075,0.09542066089504786,9.542066089504787e-05
2020-09-11,128013,buy,rebalance,112.0,1.2378352939331392e-19,1.3863755292051159e-17,1.386375529205116e-20
2020-09-11,113576,buy,rebalance,107.96,0.0008838519905061862,0.09542066089504786,9.542066089504787e-05
2020-09-11,113566,buy,rebalance,119.7,1.1582084621596624e-19,1.3863755292051159e-17,1.386375529205116e-20
2020-09-11,128064,buy,rebalance,115.401,0.0008268616467365783,0.09542066089504786,9.542066089504787e-05
2020-09-11,128100,buy,rebalance,106.59,0.0008952121296092303,0.09542066089504786,9.542066089504787e-05
2020-09-11,123045,buy,rebalance,114.708,1.2086127638918959e-19,1.3863755292051159e-17,1.386375529205116e-20
2020-09-11,127003,buy,rebalance,117.088,0.0008149482516999852,0.09542066089504786,9.542066089504787e-05
2020-09-11,128050,buy,rebalance,115.3,6.31283863992889e-06,0.000727870295183801,7.27870295183801e-07
2020-09-11,113541,buy,rebalance,117.17,1.2794245773911386e-05,0.0014991017773291972,1.4991017773291972e-06
2020-09-11,123062,buy,rebalance,117.0,1.4458109431298466e-05,0.0016915988034619206,1.6915988034619206e-06
2020-09-11,113565,buy,rebalance,121.3,0.0007866501310391415,0.09542066089504786,9.542066089504787e-05
2020-09-11,128082,buy,rebalance,111.99,1.652692861821359e-05,0.0018508507359537398,1.8508507359537399e-06
2020-09-11,128073,buy,rebalance,115.68,4.582530295877051e-07,5.301071046270573e-05,5.3010710462705734e-08
2020-09-11,113561,buy,rebalance,123.48,0.0007727620739799794,0.09542066089504786,9.542066089504787e-05
2020-09-22,113541,sell,rebalance,122.94,0.0008151892612514497,0.10021936777825323,0.00010021936777825323
2020-09-22,128050,sell,rebalance,114.802,0.0008284172277566975,0.0951039545809244,9.51039545809244e-05
2020-09-22,113566,sell,rebalance,116.9,0.0007979719556461893,0.09328292161503954,9.328292161503954e-05
2020-09-22,128073,sell,rebalance,114.8,0.0008257018450453887,0.09479057181121062,9.479057181121062e-05
2020-09-22,113576,sell,rebalance,166.0,0.0008838519905061862,0.1467194304240269,0.00014671943042402692
2020-09-22,128064,sell,rebalance,111.4,0.0008268616467365783,0.09211238744645482,9.211238744645482e-05
2020-09-22,113565,sell,rebalance,123.02,0.0007866501310391415,0.09677369912043518,9.677369912043519e-05
2020-09-22,113561,sell,rebalance,128.3,0.0007727620739799794,0.09914537409163138,9.914537409163138e-05
2020-09-22,123062,sell,rebalance_resize,123.0,1.4462309199562385e-05,0.0017788640315461735,1.7788640315461735e-06
2020-09-22,128056,sell,rebalance_resize,115.523,1.978892345973793e-06,0.00022860758048393048,2.2860758048393048e-07
2020-09-22,123045,sell,rebalance_resize,118.5,3.37035281500221e-07,3.993868085777619e-05,3.9938680857776185e-08
2020-09-22,127019,buy,rebalance,112.3,1.716256280551736e-05,0.0019273558030595995,1.9273558030595996e-06
2020-09-22,123004,buy,rebalance,114.5,0.0008605774379324552,0.09853611664326613,9.853611664326612e-05
2020-09-22,128085,buy,rebalance,112.0,8.356775513087051e-06,0.0009359588574657496,9.359588574657497e-07
2020-09-22,128130,buy,rebalance,112.005,0.000879747481302318,0.09853611664326613,9.853611664326612e-05
2020-09-22,128013,buy,rebalance,111.26,3.365987630315167e-05,0.003744997837488655,3.7449978374886552e-06
2020-09-22,128082,buy,rebalance,112.083,2.7097470613430653e-05,0.003037165798765148,3.037165798765148e-06
2020-09-22,128100,buy,rebalance,107.0,2.658270925623139e-05,0.002844349890416759,2.844349890416759e-06
2020-09-22,127003,buy,rebalance,116.488,3.175862343763639e-05,0.0036994985270033883,3.6994985270033883e-06
2020-09-22,113595,buy,rebalance,112.66,4.270954189699447e-05,0.004811656990115397,4.811656990115397e-06
2020-09-22,110058,buy,rebalance,118.5,0.0008315284104916973,0.09853611664326613,9.853611664326612e-05
2020-09-22,113033,buy,rebalance,111.77,0.000881597178520767,0.09853611664326613,9.853611664326612e-05
2020-09-22,113599,buy,rebalance,120.95,0.0008146847180096414,0.09853611664326613,9.853611664326612e-05
2020-09-22,113567,buy,rebalance,112.02,0.000879629679015052,0.09853611664326613,9.853611664326612e-05
2020-09-22,113601,buy,rebalance,108.29,0.0009099281248801009,0.09853611664326613,9.853611664326612e-05
2020-09-22,128066,buy,rebalance,113.53,3.495405938114062e-05,0.003968334361540895,3.968334361540895e-06
2020-09-22,128056,buy,rebalance,115.523,1.2000977503687188e-19,1.3863889241584549e-17,1.386388924158455e-20
2020-09-22,128049,buy,rebalance,114.99,4.60745670583559e-05,0.005298114466040345,5.298114466040345e-06
2020-09-22,113525,buy,rebalance,117.56,0.0008381772426273063,0.09853611664326613,9.853611664326612e-05
2020-09-22,123045,buy,rebalance,118.5,1.169948459205447e-19,1.3863889241584549e-17,1.386388924158455e-20
2020-10-09,128066,sell,rebalance,111.13,0.0008687652687639598,0.09654588431773885,9.654588431773885e-05
2020-10-09,128082,sell,rebalance,111.521,0.000879989422663706,0.09813730040487915,9.813730040487915e-05
2020-10-09,128049,sell,rebalance,112.35,0.0008577231746809425,0.09636519867540388,9.636519867540389e-05
2020-10-09,128100,sell,rebalance,103.107,0.0009217948388654617,0.09504350045090115,9.504350045090116e-05
2020-10-09,127003,sell,rebalance,109.078,0.0008467068751376216,0.0923570925262615,9.23570925262615e-05
2020-10-09,128130,sell,rebalance,109.7,0.000879747481302318,0.09650829869886429,9.65082986988643e-05
2020-10-09,113033,sell,rebalance,110.01,0.000881597178520767,0.09698450560906959,9.698450560906959e-05
2020-10-09,113601,sell,rebalance,104.35,0.0009099281248801009,0.09495099983123852,9.495099983123852e-05
2020-10-09,113525,sell,rebalance,116.02,0.0008381772426273063,0.09724532368962008,9.724532368962008e-05
2020-10-09,113599,sell,rebalance_resize,118.43,8.128887495234222e-06,0.000962704146060589,9.62704146060589e-07
2020-10-09,128056,sell,rebalance_resize,118.0,4.43168136845484e-05,0.005229384014776711,5.2293840147767115e-06
2020-10-09,113595,sell,rebalance_resize,110.08,7.730418815195604e-06,0.000850964503176732,8.50964503176732e-07
2020-10-09,123062,sell,rebalance_resize,121.0,1.2484898475462237e-05,0.0015106727155309307,1.5106727155309309e-06
2020-10-09,128013,sell,rebalance_resize,108.31,4.575618674079451e-06,0.0004955852585895454,4.955852585895454e-07
2020-10-09,110058,sell,rebalance_resize,116.9,1.4416288953448907e-05,0.0016852641786581773,1.6852641786581775e-06
2020-10-09,123045,sell,rebalance_resize,115.012,1.836447446005303e-06,0.0002112134936599619,2.112134936599619e-07
2020-10-09,113567,sell,rebalance_resize,112.61,3.138878559687208e-05,0.0035346911460637648,3.5346911460637647e-06
2020-10-09,128085,sell,rebalance_resize,108.601,1.10670558494453e-06,0.00012018933323056091,1.2018933323056092e-07
2020-10-09,127019,buy,rebalance,90.0,0.00018285305318312798,0.01645677478648152,1.645677478648152e-05
2020-10-09,113561,buy,rebalance,111.9,0.0008527559868895875,0.09542339493294484,9.542339493294484e-05
2020-10-09,110071,buy,rebalance,111.43,0.0008563528217979434,0.09542339493294484,9.542339493294484e-05
2020-10-09,123051,buy,rebalance,122.59,0.0007783946074960832,0.09542339493294484,9.542339493294484e-05
2020-10-09,113576,buy,rebalance,122.85,0.0007767472115013825,0.09542339493294484,9.542339493294484e-05
2020-10-09,123052,buy,rebalance,119.3,0.0007998608125142065,0.09542339493294484,9.542339493294484e-05
2020-10-09,123028,buy,rebalance,112.303,0.0008496958668329862,0.09542339493294484,9.542339493294484e-05
2020-10-09,123048,buy,rebalance,131.0,0.0007284228620835484,0.09542339493294484,9.542339493294484e-05
2020-10-09,128051,buy,rebalance,116.501,0.0008190779043351117,0.09542339493294484,9.542339493294484e-05
2020-10-09,128022,buy,rebalance,117.98,0.0008088099248427262,0.09542339493294484,9.542339493294484e-05
2020-10-09,123004,buy,rebalance,109.0,1.5740568684184184e-05,0.001715721986576076,1.715721986576076e-06
2020-10-13,127019,sell,rebalance,96.001,0.0010611519583150866,0.10187164915020663,0.00010187164915020664
2020-10-13,128056,sell,rebalance,118.8,0.0008094949746425529,0.09616800298753528,9.616800298753529e-05
2020-10-13,110058,sell,rebalance,123.0,0.0008171121215382484,0.10050479094920454,0.00010050479094920454
2020-10-13,123051,sell,rebalance,131.1,0.0007783946074960832,0.1020475330427365,0.0001020475330427365
2020-10-13,113576,sell,rebalance,140.51,0.0007767472115013825,0.10914075068805926,0.00010914075068805926
2020-10-13,123052,sell,rebalance,125.983,0.0007998608125142065,0.10076886474297729,0.00010076886474297729
2020-10-13,123048,sell,rebalance,153.4,0.0007284228620835484,0.11174006704361633,0.00011174006704361633
2020-10-13,128051,sell,rebalance,121.009,0.0008190779043351117,0.09911579812568752,9.911579812568752e-05
2020-10-13,128022,sell,rebalance,117.71,0.0008088099248427262,0.0952050162532373,9.52050162532373e-05
2020-10-13,113561,sell,rebalance_resize,119.0,1.3846893296064118e-05,0.00164778030223163,1.64778030223163e-06
2020-10-13,128128,buy,rebalance,105.0,0.0009498121193825741,0.09973027253517028,9.973027253517028e-05
2020-10-13,128013,buy,rebalance,110.662,2.0180997683385444e-05,0.0022332695656388,2.2332695656388e-06
2020-10-13,128127,buy,rebalance,106.325,0.000937975758619048,0.09973027253517028,9.973027253517028e-05
2020-10-13,113599,buy,rebalance,121.99,1.1779627776452741e-05,0.0014369967924494698,1.4369967924494697e-06
2020-10-13,113595,buy,rebalance,111.66,2.629241228999983e-05,0.002935810756301381,2.935810756301381e-06
2020-10-13,128085,buy,rebalance,110.499,2.387116445089068e-05,0.002637739800658969,2.637739800658969e-06
2020-10-13,113561,buy,rebalance,119.0,1.165033527686905e-19,1.3863898979474169e-17,1.3863898979474167e-20
2020-10-13,128050,buy,rebalance,115.2,0.000865714171312242,0.09973027253517028,9.973027253517028e-05
2020-10-13,123062,buy,rebalance,124.95,9.526646436563946e-06,0.001190354472248665,1.190354472248665e-06
2020-10-13,110071,buy,rebalance,113.78,2.1022691251047477e-05,0.002391961810544182,2.3919618105441817e-06
2020-10-13,128082,buy,rebalance,113.9,0.0008755950178680446,0.09973027253517028,9.973027253517028e-05
2020-10-13,113567,buy,rebalance,114.5,2.3614769328904355e-05,0.0027038910881595486,2.7038910881595487e-06
2020-10-13,113601,buy,rebalance,106.0,0.0009408516276902856,0.09973027253517028,9.973027253517028e-05
2020-10-13,128066,buy,rebalance,114.498,0.000871021961389459,0.09973027253517028,9.973027253517028e-05
2020-10-13,113039,buy,rebalance,105.98,0.0009410291803658264,0.09973027253517028,9.973027253517028e-05
2020-10-13,123054,buy,rebalance,114.8,0.0008687305969962567,0.09973027253517028,9.973027253517028e-05
2020-10-13,123028,buy,rebalance,116.68,5.887728660296619e-06,0.0006869801800834096,6.869801800834096e-07
2020-10-13,128100,buy,rebalance,106.0,0.0009408516276902856,0.09973027253517028,9.973027253517028e-05
2020-10-13,123004,buy,rebalance,112.001,1.4999920104335514e-05,0.001680006051605682,1.680006051605682e-06
2020-10-13,123045,buy,rebalance,119.109,7.6081910738814745e-06,0.0009062040306189485,9.062040306189486e-07
2020-10-21,123045,sell,rebalance,134.0,0.0008381337623866248,0.11230992415980771,0.00011230992415980772
2020-10-21,123062,sell,rebalance,131.0,0.0007989514977408717,0.1046626462040542,0.00010466264620405421
2020-10-21,113599,sell,rebalance,112.29,0.0008183354582908599,0.09189088861148066,9.189088861148067e-05
2020-10-21,113561,sell,rebalance,125.4,0.0008389090935935234,0.10519920033662784,0.00010519920033662784
2020-10-21,128050,sell,rebalance,126.0,0.000865714171312242,0.1090799855853425,0.00010907998558534251
2020-10-21,128100,sell,rebalance,106.388,0.0009408516276902856,0.10009532296671411,0.00010009532296671412
2020-10-21,128127,sell,rebalance_resize,108.8,3.6876398809174742e-06,0.0004012152190438212,4.012152190438212e-07
2020-10-21,113595,sell,rebalance_resize,114.05,2.748112627865097e-06,0.0003134222452080143,3.134222452080143e-07
2020-10-21,123054,sell,rebalance_resize,117.5,3.6195559859708335e-06,0.0004252978283515729,4.252978283515729e-07
2020-10-21,123028,sell,rebalance_resize,119.821,7.23024074988557e-06,0.0008663346768920388,8.663346768920388e-07
2020-10-21,128128,buy,rebalance,106.89,1.169468346141863e-06,0.00012500447151910372,1.2500447151910373e-07
2020-10-21,123023,buy,rebalance,118.48,0.0008570954772709942,0.10154867214706739,0.0001015486721470674
2020-10-21,123067,buy,rebalance,113.15,0.0008974694842869411,0.10154867214706739,0.0001015486721470674
2020-10-21,128013,buy,rebalance,110.09,2.1221351876190507e-05,0.002336258628049813,2.336258628049813e-06
2020-10-21,113593,buy,rebalance,116.0,0.0008754195874747189,0.10154867214706739,0.0001015486721470674
2020-10-21,113039,buy,rebalance,106.26,1.5576192031861574e-05,0.001655126165305611,1.6551261653056112e-06
2020-10-21,128066,buy,rebalance,115.5,9.060267988658359e-06,0.0010464609526900405,1.0464609526900406e-06
2020-10-21,128085,buy,rebalance,110.148,1.9409929715603217e-05,0.002137964938314263,2.137964938314263e-06
2020-10-21,113034,buy,rebalance,119.0,0.00085335018610981,0.10154867214706739,0.0001015486721470674
2020-10-21,123004,buy,rebalance,112.5,1.2230224342783587e-05,0.0013759002385631536,1.3759002385631537e-06
2020-10-21,113568,buy,rebalance,112.93,0.0008992178530688691,0.10154867214706739,0.0001015486721470674
2020-10-21,110071,buy,rebalance,112.92,2.2801287509578486e-05,0.0025747213855816025,2.5747213855816025e-06
2020-10-21,128082,buy,rebalance,113.201,2.234766291368434e-05,0.002529777789491981,2.529777789491981e-06
2020-10-21,113025,buy,rebalance,124.11,0.0008182150684640029,0.10154867214706739,0.0001015486721470674
2020-10-21,113601,buy,rebalance,107.33,6.226327200068527e-06,0.000668271698383355,6.68271698383355e-07
2020-10-21,113567,buy,rebalance,116.3,2.1795309268124408e-06,0.00025347944678828685,2.5347944678828684e-07
2020-11-02,123004,sell,rebalance,107.329,0.0009035481510637585,0.09697691950552213,9.697691950552214e-05
2020-11-02,110071,sell,rebalance,109.2,0.0009001768005585693,0.09829930662099577,9.829930662099578e-05
2020-11-02,128082,sell,rebalance,110.799,0.0008979426807817289,0.09949115108793478,9.949115108793479e-05
2020-11-02,113601,sell,rebalance,107.06,0.0009470779548903541,0.10139416585056131,0.00010139416585056131
2020-11-02,113039,sell,rebalance,104.11,0.0009566053723976879,0.09959218532032328,9.959218532032329e-05
2020-11-02,123054,sell,rebalance,118.0,0.0008651110410102859,0.10208310283921374,0.00010208310283921374
2020-11-02,123067,sell,rebalance,116.781,0.0008974694842869411,0.10480738384451327,0.00010480738384451328
2020-11-02,128128,sell,rebalance_resize,107.5,2.3926808606545113e-05,0.0025721319252035996,2.5721319252035996e-06
2020-11-02,128127,sell,rebalance_resize,107.5,7.233339615959544e-06,0.000777584008715651,7.77584008715651e-07
2020-11-02,128066,sell,rebalance_resize,115.6,1.7985440834575967e-05,0.0020791169604769816,2.0791169604769814e-06
2020-11-02,113567,sell,rebalance_resize,115.0,7.440508842302093e-06,0.0008556585168647407,8.556585168647407e-07
2020-11-02,113034,sell,rebalance_resize,118.65,1.3414334819178936e-05,0.0015916108262955808,1.5916108262955809e-06
2020-11-02,113025,buy,rebalance,119.41,1.6358365143182023e-05,0.0019533523817473653,1.9533523817473653e-06
2020-11-02,113595,buy,rebalance,111.33,3.877553796170189e-06,0.0004316880641276271,4.316880641276271e-07
2020-11-02,128013,buy,rebalance,107.0,8.059526969290646e-06,0.0008623693857140991,8.623693857140991e-07
2020-11-02,113561,buy,rebalance,121.11,0.0008220438050185179,0.0995577252257927,9.95577252257927e-05
2020-11-02,113568,buy,rebalance,108.63,1.8175062967425346e-05,0.0019743570901514153,1.9743570901514153e-06
2020-11-02,113033,buy,rebalance,109.9,0.0009058937691154931,0.0995577252257927,9.95577252257927e-05
2020-11-02,123023,buy,rebalance,109.491,5.304796800822993e-05,0.005808275065189103,5.808275065189103e-06
2020-11-02,113593,buy,rebalance,113.77,5.435506900573555e-07,6.183976200782533e-05,6.183976200782533e-08
2020-11-02,110058,buy,rebalance,125.01,0.0007963980899591449,0.0995577252257927,9.95577252257927e-05
2020-11-02,128057,buy,rebalance,122.601,0.0008120466001565461,0.0995577252257927,9.95577252257927e-05
2020-11-02,128064,buy,rebalance,109.0,0.0009133736259247037,0.0995577252257927,9.95577252257927e-05
2020-11-02,128085,buy,rebalance,107.75,2.0669960395555676e-06,0.0002227188232621124,2.227188232621124e-07
2020-11-02,123028,buy,rebalance,116.432,7.575401438376217e-06,0.0008820191402730197,8.820191402730197e-07
2020-11-02,127007,buy,rebalance,109.7,0.0009075453530154303,0.0995577252257927,9.95577252257927e-05
2020-11-02,128105,buy,rebalance,118.056,0.0008433093212186818,0.0995577252257927,9.95577252257927e-05
2020-11-11,113595,sell,rebalance,118.0,0.0008951581089799369,0.10562865685963256,0.00010562865685963256
2020-11-11,113567,sell,rebalance,119.17,0.0008665946848315946,0.10327208859138112,0.00010327208859138112
2020-11-11,123023,sell,rebalance,111.7,0.0009101434452792242,0.10166302283768934,0.00010166302283768935
2020-11-11,113593,sell,rebalance,118.17,0.0008759631381647763,0.10351256403693161,0.00010351256403693162
2020-11-11,113568,sell,rebalance,110.86,0.0009173929160362945,0.1017021786717836,0.00010170217867178361
2020-11-11,113025,sell,rebalance,124.1,0.0008345734336071849,0.10357056311065165,0.00010357056311065165
2020-11-11,113033,sell,rebalance,109.7,0.0009058937691154931,0.0993765464719696,9.93765464719696e-05
2020-11-11,110058,sell,rebalance,127.3,0.0007963980899591449,0.10138147685179914,0.00010138147685179915
2020-11-11,128057,sell,rebalance,122.0,0.0008120466001565461,0.09906968521909862,9.906968521909862e-05
2020-11-11,128064,sell,rebalance,112.0,0.0009133736259247037,0.1022978461035668,0.00010229784610356681
2020-11-11,127007,sell,rebalance,108.5,0.0009075453530154303,0.09846867080217418,9.846867080217419e-05
2020-11-11,128105,sell,rebalance,119.435,0.0008433093212186818,0.10072064877975327,0.00010072064877975328
2020-11-11,128128,sell,rebalance_resize,109.9,3.660727147425415e-06,0.00040231391350205314,4.0231391350205317e-07
2020-11-11,128127,sell,rebalance_resize,111.599,1.7718617400071767e-05,0.0019773799832306094,1.9773799832306096e-06
2020-11-11,113034,sell,rebalance_resize,124.88,2.7307677747833564e-05,0.0034101827971494553,3.4101827971494553e-06
2020-11-11,128128,buy,rebalance,109.9,1.26149757684578e-19,1.3863858369535124e-17,1.3863858369535124e-20
2020-11-11,128108,buy,rebalance,120.9,0.0008385372010985895,0.10137914761281948,0.00010137914761281948
2020-11-11,128013,buy,rebalance,108.0,8.251994549975488e-06,0.0008912154113973527,8.912154113973527e-07
2020-11-11,128066,buy,rebalance,115.7,1.4992783120841015e-05,0.0017346650070813054,1.7346650070813055e-06
2020-11-11,123057,buy,rebalance,118.7,0.000854078749897384,0.10137914761281948,0.00010137914761281948
2020-11-11,128050,buy,rebalance,122.82,0.0008254286566749673,0.10137914761281948,0.00010137914761281948
2020-11-11,123028,buy,rebalance,117.7,6.265512067222117e-06,0.0007374507703120432,7.374507703120432e-07
2020-11-11,128082,buy,rebalance,113.428,0.000893775325429519,0.10137914761281948,0.00010137914761281948
2020-11-11,128056,buy,rebalance,122.286,0.000829033148625513,0.10137914761281948,0.00010137914761281948
2020-11-11,113561,buy,rebalance,118.57,3.379645904899666e-05,0.0040072461494395336,4.007246149439534e-06
2020-11-11,113601,buy,rebalance,108.66,0.0009329941801290215,0.10137914761281948,0.00010137914761281948
2020-11-11,123054,buy,rebalance,117.19,0.0008650836045124966,0.10137914761281948,0.00010137914761281948
2020-11-11,113027,buy,rebalance,118.61,0.0008547268157222787,0.10137914761281948,0.00010137914761281948
2020-11-11,128051,buy,rebalance,117.5,0.0008628012562793147,0.10137914761281948,0.00010137914761281948
2020-11-11,113541,buy,rebalance,121.78,0.0008324778092693338,0.10137914761281948,0.00010137914761281948
2020-11-11,113549,buy,rebalance,111.3,0.0009108638599534544,0.10137914761281948,0.00010137914761281948
2020-11-11,128085,buy,rebalance,109.631,7.57259765777569e-07,8.301914538196067e-05,8.301914538196067e-08
2020-11-11,110057,buy,rebalance,115.2,0.0008800273230279469,0.10137914761281948,0.00010137914761281948
2020-11-23,123028,sell,rebalance,118.985,0.0008621942682489957,0.10258818500760675,0.00010258818500760674
2020-11-23,113034,sell,rebalance,131.5,0.0008126281735427975,0.10686060482087786,0.00010686060482087786
2020-11-23,113561,sell,rebalance,123.58,0.0008558402640675146,0.10576473983346345,0.00010576473983346345
2020-11-23,123057,sell,rebalance,121.4,0.000854078749897384,0.10368516023754241,0.00010368516023754241
2020-11-23,128050,sell,rebalance,129.5,0.0008254286566749673,0.10689301103940826,0.00010689301103940826
2020-11-23,128056,sell,rebalance,121.1,0.000829033148625513,0.10039591429854962,0.00010039591429854962
2020-11-23,123054,sell,rebalance,113.402,0.0008650836045124966,0.09810221091892614,9.810221091892614e-05
2020-11-23,113027,sell,rebalance,123.01,0.0008547268157222787,0.1051399456019975,0.00010513994560199751
2020-11-23,128051,sell,rebalance,115.23,0.0008628012562793147,0.09942058876106544,9.942058876106543e-05
2020-11-23,113541,sell,rebalance,120.28,0.0008324778092693338,0.10013043089891548,0.00010013043089891547
2020-11-23,113549,sell,rebalance,111.31,0.0009108638599534544,0.101388256251419,0.00010138825625141901
2020-11-23,128128,sell,rebalance_resize,112.113,1.4390933993568106e-05,0.001613410782820901,1.613410782820901e-06
2020-11-23,128085,sell,rebalance_resize,110.1,3.624350167296645e-08,3.990409534193606e-06,3.990409534193606e-09
2020-11-23,128082,sell,rebalance_resize,114.198,1.368570790875915e-06,0.00015628804717644773,1.5628804717644772e-07
2020-11-23,127018,buy,rebalance,84.65,0.00120270641095091,0.10180909768699455,0.00010180909768699455
2020-11-23,127023,buy,rebalance,112.77,0.0009028030299458593,0.10180909768699455,0.00010180909768699455
2020-11-23,128013,buy,rebalance,107.019,1.2627476040680014e-05,0.0013513798583975345,1.3513798583975345e-06
2020-11-23,128127,buy,rebalance,108.096,3.3413329937116074e-05,0.0036118473128824995,3.6118473128824995e-06
2020-11-23,128066,buy,rebalance,114.327,1.429592424657072e-05,0.0016344101313376907,1.6344101313376908e-06
2020-11-23,110070,buy,rebalance,101.56,0.0010024527145233806,0.10180909768699455,0.00010180909768699455
2020-11-23,123023,buy,rebalance,114.099,0.0008922873792670798,0.10180909768699455,0.00010180909768699455
2020-11-23,113039,buy,rebalance,103.72,0.0009815763371287557,0.10180909768699455,0.00010180909768699455
2020-11-23,128108,buy,rebalance,120.6,6.490018152266064e-06,0.0007826961891632873,7.826961891632873e-07
2020-11-23,113595,buy,rebalance,107.22,0.0009495345801808856,0.10180909768699455,0.00010180909768699455
2020-11-23,113601,buy,rebalance,106.51,2.3803559708496895e-05,0.0025353171445520045,2.5353171445520046e-06
2020-11-23,113568,buy,rebalance,110.05,0.0009251167440890009,0.10180909768699455,0.00010180909768699455
2020-11-23,110033,buy,rebalance,111.33,0.000914480352887762,0.10180909768699455,0.00010180909768699455
2020-11-23,123010,buy,rebalance,110.7,0.0009196847126196436,0.10180909768699455,0.00010180909768699455
2020-11-23,110057,buy,rebalance,115.42,2.9282138058897172e-06,0.00033797443747579116,3.3797443747579117e-07
2020-11-23,113567,buy,rebalance,114.86,0.0008863755675343422,0.10180909768699455,0.00010180909768699455
2020-11-23,128107,buy,rebalance,115.756,0.0008795146488043346,0.10180909768699455,0.00010180909768699455
2020-12-01,127023,sell,rebalance,115.5,0.0009028030299458593,0.10427374995874675,0.00010427374995874675
2020-12-01,110070,sell,rebalance,105.0,0.0010024527145233806,0.10525753502495497,0.00010525753502495498
2020-12-01,123023,sell,rebalance,105.999,0.0008922873792670798,0.09458156991493119,9.458156991493119e-05
2020-12-01,113568,sell,rebalance,111.5,0.0009251167440890009,0.1031505169659236,0.0001031505169659236
2020-12-01,110033,sell,rebalance,113.49,0.000914480352887762,0.1037843752492321,0.00010378437524923211
2020-12-01,123010,sell,rebalance,113.0,0.0009196847126196436,0.10392437252601973,0.00010392437252601973
2020-12-01,113567,sell,rebalance,116.07,0.0008863755675343422,0.1028816121237111,0.0001028816121237111
2020-12-01,128107,sell,rebalance,116.499,0.0008795146488043346,0.10246257707105616,0.00010246257707105617
2020-12-01,128128,sell,rebalance_resize,114.9,1.802734057981348e-05,0.0020713414326205687,2.071341432620569e-06
2020-12-01,113601,sell,rebalance_resize,109.01,1.768099070058864e-05,0.0019274047962711677,1.927404796271168e-06
2020-12-01,128013,sell,rebalance_resize,107.95,3.919857001163419e-06,0.00042314856327559103,4.23148563275591e-07
2020-12-01,113039,sell,rebalance_resize,104.5,1.9292861869689222e-06,0.00020161040653825238,2.016104065382524e-07
2020-12-01,128082,sell,rebalance_resize,115.8,8.35565944506169e-06,0.0009675853637381436,9.675853637381437e-07
2020-12-01,113595,sell,rebalance_resize,108.85,9.037411385141596e-06,0.0009837222292726627,9.837222292726627e-07
2020-12-01,127018,buy,rebalance,84.608,7.255980528191788e-06,0.0006139140005292508,6.139140005292508e-07
2020-12-01,128127,buy,rebalance,108.404,1.6154792252745682e-06,0.00017512440993666428,1.7512440993666428e-07
2020-12-01,110058,buy,rebalance,108.9,0.0009391187510514919,0.10227003198950747,0.00010227003198950747
2020-12-01,128085,buy,rebalance,110.55,4.1134487467977785e-07,4.547417589584944e-05,4.547417589584944e-08
2020-12-01,113601,buy,rebalance,109.01,1.2717928207527804e-19,1.386381353902606e-17,1.386381353902606e-20
2020-12-01,113039,buy,rebalance,104.5,1.3266807214379006e-19,1.386381353902606e-17,1.386381353902606e-20
2020-12-01,113016,buy,rebalance,121.0,0.0008452068759463427,0.10227003198950747,0.00010227003198950747
2020-12-01,128066,buy,rebalance,113.3,1.2160206606605939e-05,0.0013777514085284528,1.3777514085284527e-06
2020-12-01,128108,buy,rebalance,117.696,2.4757478207828994e-05,0.002913856155148641,2.913856155148641e-06
2020-12-01,113033,buy,rebalance,109.25,0.0009361101326270707,0.10227003198950747,0.00010227003198950747
2020-12-01,110057,buy,rebalance,113.73,1.7168868786192844e-05,0.0019526154470537122,1.952615447053712e-06
2020-12-01,113608,buy,rebalance,108.2,0.0009451943806793666,0.10227003198950747,0.00010227003198950747
2020-12-01,123074,buy,rebalance,110.0,0.000929727563540977,0.10227003198950747,0.00010227003198950747
2020-12-01,128010,buy,rebalance,118.003,0.0008666731522885645,0.10227003198950747,0.00010227003198950747
2020-12-01,113562,buy,rebalance,122.74,0.0008332249632516497,0.10227003198950747,0.00010227003198950747
2020-12-01,127007,buy,rebalance,106.195,0.0009630399923678843,0.10227003198950747,0.00010227003198950747
2020-12-11,128066,sell,rebalance,112.1,0.0009035457025175591,0.10128747325221836,0.00010128747325221836
2020-12-11,128082,sell,rebalance,113.199,0.0008840510951935815,0.10007369992481822,0.00010007369992481822
2020-12-11,110057,sell,rebalance,113.78,0.0009001244056200294,0.10241615487144695,0.00010241615487144696
2020-12-11,113595,sell,rebalance,107.97,0.000940497168795744,0.10154547931487648,0.00010154547931487648
2020-12-11,110058,sell,rebalance,104.26,0.0009391187510514919,0.09791252098462855,9.791252098462855e-05
2020-12-11,113033,sell,rebalance,108.01,0.0009361101326270707,0.10110925542504991,0.00010110925542504991
2020-12-11,113608,sell,rebalance,105.2,0.0009451943806793666,0.09943444884746937,9.943444884746938e-05
2020-12-11,123074,sell,rebalance,134.0,0.000929727563540977,0.12458349351449091,0.0001245834935144909
2020-12-11,128010,sell,rebalance,116.851,0.0008666731522885645,0.10127162451807105,0.00010127162451807105
2020-12-11,113562,sell,rebalance,125.1,0.0008332249632516497,0.10423644290278138,0.00010423644290278138
2020-12-11,127007,sell,rebalance,105.251,0.0009630399923678843,0.1013609222367122,0.0001013609222367122
2020-12-11,113601,sell,rebalance_resize,108.8,2.5004270516947375e-06,0.0002720464632243874,2.7204646322438743e-07
2020-12-11,128108,sell,rebalance_resize,123.0,4.1298064589793675e-05,0.005079661944544622,5.0796619445446226e-06
2020-12-11,127018,buy,rebalance,82.91,1.9108457823024274e-05,0.0015842822381069424,1.5842822381069423e-06
2020-12-11,128128,buy,rebalance,108.03,5.226390824489227e-05,0.005646070007695712,5.6460700076957115e-06
2020-12-11,128127,buy,rebalance,105.9,1.7881990786870405e-05,0.001893702824329576,1.8937028243295761e-06
2020-12-11,128085,buy,rebalance,107.492,2.1957223333664615e-05,0.002360225850582277,2.360225850582277e-06
2020-12-11,110070,buy,rebalance,104.2,0.0009769824939752944,0.10180157587222569,0.00010180157587222569
2020-12-11,113557,buy,rebalance,106.03,0.0009601204929946778,0.10180157587222569,0.00010180157587222569
2020-12-11,113016,buy,rebalance,112.0,6.458409220224221e-05,0.007233418326651128,7.2334183266511285e-06
2020-12-11,123010,buy,rebalance,108.745,0.0009361494861577607,0.10180157587222569,0.00010180157587222569
2020-12-11,128013,buy,rebalance,107.285,1.5027449591231687e-06,0.00016122199293952915,1.6122199293952914e-07
2020-12-11,113039,buy,rebalance,103.88,1.3282784084020032e-06,0.00013798156106480008,1.3798156106480008e-07
2020-12-11,110071,buy,rebalance,106.45,0.0009563323238349055,0.10180157587222569,0.00010180157587222569
2020-12-11,128130,buy,rebalance,113.251,0.0008989022249006692,0.10180157587222569,0.00010180157587222569
2020-12-11,113567,buy,rebalance,116.06,0.0008771460957455254,0.10180157587222569,0.00010180157587222569
2020-12-11,113541,buy,rebalance,117.81,0.000864116593432015,0.10180157587222569,0.00010180157587222569
2020-12-11,113593,buy,rebalance,124.07,0.0008205172553576665,0.10180157587222569,0.00010180157587222569
2020-12-11,113578,buy,rebalance,109.19,0.00093233424189235,0.10180157587222569,0.00010180157587222569
2020-12-11,113570,buy,rebalance,106.85,0.0009527522309052475,0.10180157587222569,0.00010180157587222569
2020-12-11,128057,buy,rebalance,121.39,0.0008386323080338223,0.10180157587222569,0.00010180157587222569
2020-12-22,128108,sell,rebalance,125.2,0.0008284866328688909,0.10372652643518514,0.00010372652643518513
2020-12-22,113039,sell,rebalance,112.0,0.000980975329350189,0.10986923688722118,0.00010986923688722118
2020-12-22,110071,sell,rebalance,104.2,0.0009563323238349055,0.09964982814359716,9.964982814359716e-05
2020-12-22,128130,sell,rebalance,111.8,0.0008989022249006692,0.10049726874389481,0.00010049726874389481
2020-12-22,113567,sell,rebalance,115.1,0.0008771460957455254,0.10095951562030997,0.00010095951562030998
2020-12-22,113593,sell,rebalance,130.79,0.0008205172553576665,0.1073154518282292,0.00010731545182822921
2020-12-22,113578,sell,rebalance,106.8,0.00093233424189235,0.09957329703410298,9.957329703410298e-05
2020-12-22,113570,sell,rebalance,105.33,0.0009527522309052475,0.10035339248124972,0.00010035339248124972
2020-12-22,128057,sell,rebalance,123.199,0.0008386323080338223,0.10331866171745886,0.00010331866171745887
2020-12-22,128128,sell,rebalance_resize,108.7,2.2931309157361245e-05,0.0024926333054051675,2.4926333054051677e-06
2020-12-22,110070,sell,rebalance_resize,104.28,1.766603325087079e-05,0.001842213947400806,1.842213947400806e-06
2020-12-22,113601,sell,rebalance_resize,107.36,4.821235234053232e-06,0.000517607814727955,5.17607814727955e-07
2020-12-22,113016,sell,rebalance_resize,113.0,2.450317589776288e-05,0.0027688588764472055,2.7688588764472056e-06
2020-12-22,123010,sell,rebalance_resize,108.003,9.901877069653023e-06,0.0010694324291537355,1.0694324291537355e-06
2020-12-22,128085,buy,rebalance,82.41,0.0002656408110988045,0.021891459242652477,2.1891459242652476e-05
2020-12-22,110072,buy,rebalance,87.05,0.0011480373673543143,0.09993665282819306,9.993665282819306e-05
2020-12-22,127018,buy,rebalance,80.465,1.4157519882962142e-05,0.0011391848373825488,1.1391848373825489e-06
2020-12-22,128128,buy,rebalance,108.7,1.2754181097705696e-19,1.386379485320609e-17,1.386379485320609e-20
2020-12-22,128127,buy,rebalance,100.26,3.549818414071396e-05,0.0035590479419479815,3.5590479419479814e-06
2020-12-22,113595,buy,rebalance,93.65,0.0010671292346843893,0.09993665282819306,9.993665282819306e-05
2020-12-22,128066,buy,rebalance,105.76,0.0009449380940638526,0.09993665282819306,9.993665282819306e-05
2020-12-22,123004,buy,rebalance,97.8,0.0010218471659324444,0.09993665282819306,9.993665282819306e-05
2020-12-22,113601,buy,rebalance,107.36,1.2913370764908803e-19,1.386379485320609e-17,1.386379485320609e-20
2020-12-22,128013,buy,rebalance,102.802,2.3244218411138188e-05,0.0023895521411018282,2.389552141101828e-06
2020-12-22,113033,buy,rebalance,106.1,0.0009419100172308488,0.09993665282819306,9.993665282819306e-05
2020-12-22,113557,buy,rebalance,102.0,2.061870135385894e-05,0.0021031075380936117,2.103107538093612e-06
2020-12-22,113541,buy,rebalance,113.06,2.0680510786203276e-05,0.0023381385494881425,2.3381385494881426e-06
2020-12-22,128026,buy,rebalance,103.353,0.0009669448668949432,0.09993665282819306,9.993665282819306e-05
2020-12-22,128100,buy,rebalance,91.645,0.0010904757796736653,0.09993665282819306,9.993665282819306e-05
2020-12-22,113546,buy,rebalance,107.6,0.0009287793013772589,0.09993665282819306,9.993665282819306e-05
2020-12-22,113549,buy,rebalance,104.1,0.0009600062711641985,0.09993665282819306,9.993665282819306e-05
2020-12-31,128013,sell,rebalance,100.012,0.0009730852387145571,0.09732020089432028,9.732020089432029e-05
2020-12-31,113016,sell,rebalance,106.85,0.000885287792250822,0.09459300060200033,9.459300060200034e-05
2020-12-31,113557,sell,rebalance,96.15,0.0009807391943485368,0.09429807353661182,9.429807353661183e-05
2020-12-31,128066,sell,rebalance,100.75,0.0009449380940638526,0.09520251297693315,9.520251297693315e-05
2020-12-31,123004,sell,rebalance,98.35,0.0010218471659324444,0.1004986687694559,0.00010049866876945591
2020-12-31,113546,sell,rebalance,101.09,0.0009287793013772589,0.0938902995762271,9.38902995762271e-05
2020-12-31,113549,sell,rebalance,104.99,0.0009600062711641985,0.1007910584095292,0.00010079105840952921
2020-12-31,127018,sell,rebalance_resize,79.45,2.12360754987486e-05,0.0016872061983755765,1.6872061983755765e-06
2020-12-31,113033,sell,rebalance_resize,105.88,2.4954145173995108e-05,0.002642144891022602,2.642144891022602e-06
2020-12-31,113595,sell,rebalance_resize,92.79,2.0817264284780882e-05,0.001931633952984818,1.9316339529848183e-06
2020-12-31,128026,sell,rebalance_resize,108.001,6.79968225862825e-05,0.007343724836141097,7.343724836141097e-06
2020-12-31,128085,buy,rebalance,79.385,8.208097999805753e-06,0.0006515998597145797,6.515998597145797e-07
2020-12-31,128100,buy,rebalance,88.81,2.3907119130127065e-06,0.00021231912499465846,2.1231912499465847e-07
2020-12-31,110072,buy,rebalance,84.32,2.9614744647603426e-06,0.00024971152686859206,2.4971152686859206e-07
2020-12-31,128127,buy,rebalance,96.89,3.7626873457504574e-06,0.0003645667769297618,3.6456677692976185e-07
2020-12-31,128128,buy,rebalance,103.09,1.882085077853018e-05,0.0019402415067586764,1.9402415067586765e-06
2020-12-31,113609,buy,rebalance,92.01,0.0009252543646755738,0.08513265409379955,8.513265409379956e-05
2020-12-31,113610,buy,rebalance,101.94,0.0008351251137316025,0.08513265409379955,8.513265409379956e-05
2020-12-31,128140,buy,rebalance,98.7,0.0008625395551550107,0.08513265409379955,8.513265409379956e-05
2020-12-31,110070,buy,rebalance,99.55,1.3981728915917944e-05,0.0013918811135796314,1.3918811135796314e-06
2020-12-31,113039,buy,rebalance,104.0,0.0008185832124403803,0.08513265409379955,8.513265409379956e-05
2020-12-31,113601,buy,rebalance,101.04,2.5503366773043865e-05,0.0025768601787483523,2.5768601787483524e-06
2020-12-31,113567,buy,rebalance,102.0,0.0008346338636647015,0.08513265409379955,8.513265409379956e-05
2020-12-31,128094,buy,rebalance,108.499,0.0007846399883298423,0.08513265409379955,8.513265409379956e-05
2020-12-31,128093,buy,rebalance,107.483,0.0007920569215020008,0.08513265409379955,8.513265409379956e-05
2020-12-31,123085,buy,rebalance,95.51,0.0008913480692471945,0.08513265409379955,8.513265409379956e-05
2020-12-31,113541,buy,rebalance,109.25,3.396739353366089e-06,0.0003710937743552452,3.710937743552452e-07
2021-01-12,110070,sell,rebalance,98.28,0.0009732981896403416,0.09565574607785277,9.565574607785277e-05
2021-01-12,123010,sell,rebalance,100.0,0.0009262476090881077,0.09262476090881076,9.262476090881076e-05
2021-01-12,113595,sell,rebalance,89.95,0.0010463119703996084,0.09411576173744478,9.411576173744478e-05
2021-01-12,128026,sell,rebalance,99.448,0.0008989480443086607,0.08939858511040769,8.939858511040769e-05
2021-01-12,113567,sell,rebalance,99.6,0.0008346338636647015,0.08312953282100426,8.312953282100426e-05
2021-01-12,128094,sell,rebalance,113.95,0.0007846399883298423,0.08940972667018553,8.940972667018553e-05
2021-01-12,128093,sell,rebalance,101.9,0.0007920569215020008,0.08071060030105388,8.071060030105388e-05
2021-01-12,123085,sell,rebalance,92.13,0.0008913480692471945,0.08211989761974403,8.211989761974403e-05
2021-01-12,128085,sell,rebalance_resize,78.409,5.975539684580736e-06,0.000468536091128291,4.6853609112829097e-07
2021-01-12,128100,sell,rebalance_resize,94.9,8.828550562857852e-05,0.008378294484152102,8.378294484152102e-06
2021-01-12,127018,sell,rebalance_resize,78.023,1.1239202370602998e-07,8.769162865615576e-06,8.769162865615576e-09
2021-01-12,128128,sell,rebalance_resize,105.15,3.247458563714826e-05,0.00341470267974614,3.41470267974614e-06
2021-01-12,113541,sell,rebalance_resize,108.59,1.0260925554974803e-05,0.0011142339060147138,1.1142339060147138e-06
2021-01-12,110072,buy,rebalance,80.08,3.9454670450036104e-05,0.003159530009638891,3.159530009638891e-06
2021-01-12,128127,buy,rebalance,93.004,2.3528795247348288e-05,0.0021882720731843802,2.18827207318438e-06
2021-01-12,113610,buy,rebalance,100.1,0.0001171505171816383,0.011726766769881993,1.1726766769881993e-05
2021-01-12,123089,buy,rebalance,94.311,0.0010098262788971718,0.09523772618907117,9.523772618907117e-05
2021-01-12,113609,buy,rebalance,90.21,0.00013142072194222368,0.011855463326407996,1.1855463326407996e-05
2021-01-12,123084,buy,rebalance,93.71,0.0010163027018362093,0.09523772618907117,9.523772618907117e-05
2021-01-12,113612,buy,rebalance,102.08,0.0009329714556139418,0.09523772618907117,9.523772618907117e-05
2021-01-12,128140,buy,rebalance,97.39,0.00011623859970615134,0.011320477225382078,1.1320477225382079e-05
2021-01-12,113601,buy,rebalance,99.3,2.766558839895326e-06,0.00027471929280160586,2.7471929280160587e-07
2021-01-12,113033,buy,rebalance,103.23,6.5551837186655485e-06,0.0006766916152778446,6.766916152778446e-07
2021-01-12,113039,buy,rebalance,102.23,0.00011385227551360978,0.011639118125756328,1.1639118125756328e-05
2021-01-12,113570,buy,rebalance,99.4,0.0009581260179987039,0.09523772618907117,9.523772618907117e-05
2021-01-12,113557,buy,rebalance,93.69,0.001016519651927326,0.09523772618907117,9.523772618907117e-05
2021-01-12,128074,buy,rebalance,98.2,0.0009698342789111117,0.09523772618907117,9.523772618907117e-05
2021-01-12,128082,buy,rebalance,101.5,0.0009383027210745928,0.09523772618907117,9.523772618907117e-05
2021-01-21,113541,sell,rebalance,113.0,0.0008779329180166096,0.09920641973587688,9.920641973587689e-05
2021-01-21,113039,sell,rebalance,99.81,0.00093243548795399,0.09306638605268774,9.306638605268775e-05
2021-01-21,123084,sell,rebalance,97.804,0.0010163027018362093,0.09939846945038862,9.939846945038862e-05
2021-01-21,113612,sell,rebalance,104.44,0.0009329714556139418,0.09743953882432008,9.743953882432008e-05
2021-01-21,113570,sell,rebalance,99.81,0.0009581260179987039,0.09563055785645064,9.563055785645064e-05
2021-01-21,128074,sell,rebalance,96.952,0.0009698342789111117,0.0940273730089901,9.40273730089901e-05
2021-01-21,128082,sell,rebalance,100.99,0.0009383027210745928,0.09475919180132313,9.475919180132313e-05
2021-01-21,128085,sell,rebalance_resize,80.901,2.5392163769745273e-05,0.0020542514411361623,2.0542514411361626e-06
2021-01-21,113609,sell,rebalance_resize,91.2,6.397909118225845e-07,5.834893115821971e-05,5.834893115821971e-08
2021-01-21,128140,sell,rebalance_resize,98.761,3.5914013006987675e-06,0.000354690383858311,3.54690383858311e-07
2021-01-21,123089,sell,rebalance_resize,95.4,2.831031279378825e-07,2.7008038405273993e-05,2.7008038405273993e-08
2021-01-21,128128,sell,rebalance_resize,114.003,6.184863680246614e-05,0.007050930141391547,7.050930141391547e-06
2021-01-21,127018,sell,rebalance_resize,80.02,1.830055939338904e-05,0.0014644107626589908,1.4644107626589908e-06
2021-01-21,113557,sell,rebalance_resize,95.11,3.8982770100204786e-06,0.0003707651264230477,3.707651264230477e-07
2021-01-21,110072,buy,rebalance,79.75,1.7183174813034255e-05,0.0013703581913394817,1.3703581913394818e-06
2021-01-21,128127,buy,rebalance,93.195,8.383883679286864e-06,0.0007813360394911392,7.813360394911393e-07
2021-01-21,128100,buy,rebalance,91.5,4.794315756862264e-05,0.004386798917528971,4.3867989175289715e-06
2021-01-21,113033,buy,rebalance,102.8,1.334715469819409e-05,0.0013720875029743524,1.3720875029743525e-06
2021-01-21,113610,buy,rebalance,100.98,1.4802316928863097e-06,0.00014947379634765956,1.4947379634765957e-07
2021-01-21,128140,buy,rebalance,98.761,1.4037619399221373e-19,1.3863693294865019e-17,1.386369329486502e-20
2021-01-21,123092,buy,rebalance,100.104,0.00096112647346001,0.09621260449924084,9.621260449924085e-05
2021-01-21,123080,buy,rebalance,95.203,0.001010604755094281,0.09621260449924084,9.621260449924085e-05
2021-01-21,113595,buy,rebalance,91.87,0.0010472690159926074,0.09621260449924084,9.621260449924085e-05
2021-01-21,128066,buy,rebalance,97.3,0.000988824301122722,0.09621260449924084,9.621260449924085e-05
2021-01-21,113601,buy,rebalance,98.24,2.027287640295247e-05,0.0019916073778260507,1.9916073778260508e-06
2021-01-21,113505,buy,rebalance,99.9,0.0009630891341265348,0.09621260449924084,9.621260449924085e-05
2021-01-21,123073,buy,rebalance,106.66,0.0009020495452769627,0.09621260449924084,9.621260449924085e-05
2021-01-21,128040,buy,rebalance,108.302,0.0008883732941149825,0.09621260449924084,9.621260449924085e-05
2021-01-27,128085,sell,risk_exit_next_open,79.339,0.001190472540121691,0.09445090086071484,9.445090086071483e-05
2021-02-18,128100,sell,rebalance,73.993,0.001052524143526722,0.07787941895197273,7.787941895197273e-05
2021-02-18,123089,sell,rebalance,88.888,0.001009543175769234,0.08973627380777567,8.973627380777567e-05
2021-02-18,123092,sell,rebalance,95.9,0.00096112647346001,0.09217202880481497,9.217202880481498e-05
2021-02-18,123080,sell,rebalance,91.9,0.001010604755094281,0.09287457699316443,9.287457699316443e-05
2021-02-18,128066,sell,rebalance,88.088,0.000988824301122722,0.08710355503729833,8.710355503729833e-05
2021-02-18,113505,sell,rebalance,96.51,0.0009630891341265348,0.09294773233455188,9.294773233455188e-05
2021-02-18,123073,sell,rebalance,99.4,0.0009020495452769627,0.0896637248005301,8.96637248005301e-05
2021-02-18,128040,sell,rebalance,106.71,0.0008883732941149825,0.09479831421500978,9.479831421500979e-05
2021-02-18,113609,sell,rebalance_resize,88.48,3.370776475089636e-05,0.00298246302515931,2.98246302515931e-06
2021-02-18,128140,sell,rebalance_resize,95.511,2.81174114019125e-05,0.002685522080408065,2.685522080408065e-06
2021-02-18,113033,sell,rebalance_resize,97.0,4.326870897369484e-06,0.00041970647704483993,4.1970647704483994e-07
2021-02-18,113601,sell,rebalance_resize,94.0,1.8044910793612376e-05,0.0016962216145995634,1.6962216145995634e-06
2021-02-18,113557,sell,rebalance_resize,94.0,5.032839684384433e-05,0.004730869303321367,4.730869303321367e-06
2021-02-18,110072,buy,rebalance,73.2,2.806623956290709e-05,0.002054448736004799,2.0544487360047992e-06
2021-02-18,128127,buy,rebalance,86.59,1.1209982166017919e-05,0.0009706723557554917,9.706723557554916e-07
2021-02-18,127027,buy,rebalance,86.5,0.0010446682219038101,0.09036380119467957,9.036380119467957e-05
2021-02-18,113610,buy,rebalance,94.0,8.52845724415822e-06,0.0008016749809508727,8.016749809508727e-07
2021-02-18,128093,buy,rebalance,100.5,0.0008991423004445729,0.09036380119467957,9.036380119467957e-05
2021-02-18,113039,buy,rebalance,94.2,0.0009592760211749423,0.09036380119467957,9.036380119467957e-05
2021-02-18,123069,buy,rebalance,96.08,0.0009405058409104869,0.09036380119467957,9.036380119467957e-05
2021-02-18,128128,buy,rebalance,104.001,2.4925134847600726e-05,0.0025922389492853233,2.592238949285323e-06
2021-02-18,113534,buy,rebalance,91.0,0.0009930088043371382,0.09036380119467957,9.036380119467957e-05
2021-02-18,127018,buy,rebalance,74.02,1.8443813030751192e-05,0.0013652110405362032,1.365211040536203e-06
2021-02-18,113549,buy,rebalance,94.9,0.0009522002233369818,0.09036380119467957,9.036380119467957e-05
2021-02-18,113568,buy,rebalance,90.31,0.0010005957390618932,0.09036380119467957,9.036380119467957e-05
2021-02-18,123082,buy,rebalance,100.1,0.0009027352766701256,0.09036380119467957,9.036380119467957e-05
2021-02-18,128051,buy,rebalance,103.91,0.0008696352727810564,0.09036380119467957,9.036380119467957e-05
2021-02-18,113595,buy,rebalance,85.0,1.6896653071588814e-05,0.0014362155110850493,1.4362155110850493e-06
2021-02-23,128128,sell,rebalance,113.8,0.0008697311396754116,0.09897540369506184,9.897540369506184e-05
2021-02-23,128093,sell,rebalance,109.0,0.0008991423004445729,0.09800651074845844,9.800651074845844e-05
2021-02-23,113549,sell,rebalance,98.02,0.0009522002233369818,0.09333466589149095,9.333466589149095e-05
2021-02-23,113568,sell,rebalance,94.97,0.0010005957390618932,0.095026577338708,9.502657733870799e-05
2021-02-23,123082,sell,rebalance,103.98,0.0009027352766701256,0.09386641406815967,9.386641406815967e-05
2021-02-23,128051,sell,rebalance,108.357,0.0008696352727810564,0.09423106925273693,9.423106925273693e-05
2021-02-23,128127,sell,rebalance_resize,91.7,6.081138200659951e-06,0.0005576403730005175,5.576403730005175e-07
2021-02-23,110072,sell,rebalance_resize,79.98,4.496804355217537e-05,0.003596544123302986,3.596544123302986e-06
2021-02-23,127027,sell,rebalance_resize,92.8,1.8429256927858633e-05,0.0017102350429052812,1.7102350429052813e-06
2021-02-23,127018,sell,rebalance_resize,78.59,1.0228067505514146e-05,0.0008038238252583568,8.038238252583569e-07
2021-02-23,113595,sell,rebalance_resize,91.42,2.2435457406262576e-05,0.0020510495160805248,2.051049516080525e-06
2021-02-23,113534,sell,rebalance_resize,98.0,2.1223335461951505e-05,0.0020798868752712474,2.0798868752712476e-06
2021-02-23,113609,buy,rebalance,92.25,1.00197266114579e-05,0.0009243197799069913,9.243197799069913e-07
2021-02-23,113033,buy,rebalance,99.96,2.0178959564752423e-05,0.002017088798092652,2.0170887980926522e-06
2021-02-23,113039,buy,rebalance,98.6,6.589234586386722e-06,0.0006496985302177307,6.496985302177307e-07
2021-02-23,128140,buy,rebalance,99.0,1.488495124169369e-05,0.0014736101729276754,1.4736101729276754e-06
2021-02-23,113601,buy,rebalance,96.2,2.7647427403090026e-05,0.0026596825161772607,2.659682516177261e-06
2021-02-23,113610,buy,rebalance,98.78,1.825745571684443e-06,0.00018034714757098928,1.8034714757098927e-07
2021-02-23,113557,buy,rebalance,96.27,2.6928332253118363e-05,0.0025923905460077047,2.5923905460077048e-06
2021-02-23,128100,buy,rebalance,81.0,0.0011745441457574127,0.09513807580635043,9.513807580635044e-05
2021-02-23,113591,buy,rebalance,97.6,0.0009747753668683446,0.09513807580635043,9.513807580635044e-05
2021-02-23,123089,buy,rebalance,93.15,0.0010213427354412285,0.09513807580635043,9.513807580635044e-05
2021-02-23,128066,buy,rebalance,93.18,0.0010210139064858385,0.09513807580635043,9.513807580635044e-05
2021-02-23,123069,buy,rebalance,99.4,1.757460857404006e-05,0.0017469160922595822,1.7469160922595822e-06
2021-02-23,110074,buy,rebalance,101.28,0.0009393569886093052,0.09513807580635043,9.513807580635044e-05
2021-02-23,123080,buy,rebalance,94.88,0.0010027200232541151,0.09513807580635043,9.513807580635044e-05
2021-03-11,113557,sell,rebalance,146.0,0.0009892213103265795,0.1444263113076806,0.0001444263113076806
2021-03-11,113595,sell,rebalance,90.02,0.0010417302116579336,0.09377655365344718,9.377655365344719e-05
2021-03-11,123069,sell,rebalance,97.276,0.0009580804494845269,0.09319823380405684,9.319823380405684e-05
2021-03-11,113534,sell,rebalance,96.0,0.0009717854688751867,0.09329140501201792,9.329140501201793e-05
2021-03-11,128100,sell,rebalance,79.535,0.0011745441457574127,0.09341736863281581,9.341736863281582e-05
2021-03-11,113591,sell,rebalance,98.21,0.0009747753668683446,0.09573268878014012,9.573268878014011e-05
2021-03-11,110074,sell,rebalance,105.75,0.0009393569886093052,0.09933700154543403,9.933700154543403e-05
2021-03-11,123080,sell,rebalance,96.512,0.0010027200232541151,0.09677451488430117,9.677451488430116e-05
2021-03-11,123089,sell,rebalance_resize,98.201,2.276250643634677e-05,0.002235300894555689,2.2353008945556893e-06
2021-03-11,113039,sell,rebalance_resize,102.28,7.1091248607779754e-06,0.0007271212907603714,7.271212907603713e-07
2021-03-11,128127,buy,rebalance,92.71,1.9155257260430588e-05,0.0017758839006145198,1.77588390061452e-06
2021-03-11,127027,buy,rebalance,92.14,3.7990076495493974e-05,0.003500405648294815,3.500405648294815e-06
2021-03-11,113609,buy,rebalance,94.4,6.4341774365968915e-06,0.0006073863500147466,6.073863500147466e-07
2021-03-11,110072,buy,rebalance,79.99,3.515278948330292e-05,0.0028118716307694008,2.811871630769401e-06
2021-03-11,123086,buy,rebalance,97.81,0.0010015668755851174,0.09796325610098033,9.796325610098033e-05
2021-03-11,113033,buy,rebalance,99.0,3.777277065150445e-05,0.0037395042944989403,3.73950429449894e-06
2021-03-11,127018,buy,rebalance,79.279,2.509715511813573e-05,0.0019896773606106824,1.9896773606106826e-06
2021-03-11,113039,buy,rebalance,102.28,1.3554823338647622e-19,1.3863873310768789e-17,1.386387331076879e-20
2021-03-11,128013,buy,rebalance,101.5,0.0009651552325219738,0.09796325610098033,9.796325610098033e-05
2021-03-11,128140,buy,rebalance,99.218,2.636387211806282e-05,0.002615770663809957,2.615770663809957e-06
2021-03-11,128139,buy,rebalance,101.5,0.0009651552325219738,0.09796325610098033,9.796325610098033e-05
2021-03-11,113601,buy,rebalance,94.4,4.87985105007623e-05,0.004606579391271961,4.6065793912719615e-06
2021-03-11,123097,buy,rebalance,101.6,0.0009642052765844522,0.09796325610098033,9.796325610098033e-05
2021-03-11,113610,buy,rebalance,97.18,4.491644363189182e-05,0.004364979992147247,4.364979992147247e-06
2021-03-11,128066,buy,rebalance,94.5,1.665802089434418e-05,0.001574182974515525,1.5741829745155252e-06
2021-03-11,123063,buy,rebalance,105.54,0.00092820974133959,0.09796325610098033,9.796325610098033e-05
2021-03-11,123082,buy,rebalance,102.168,0.0009588448056238777,0.09796325610098033,9.796325610098033e-05
2021-03-11,128081,buy,rebalance,100.6,0.0009737898220773393,0.09796325610098033,9.796325610098033e-05
2021-03-11,113505,buy,rebalance,98.38,0.0009957639367857323,0.09796325610098033,9.796325610098033e-05
2021-03-23,113601,sell,rebalance,97.54,0.0010387389159773137,0.1013185938644272,0.00010131859386442719
2021-03-23,128066,sell,rebalance,99.057,0.0010376719273801826,0.10278866811049875,0.00010278866811049875
2021-03-23,128139,sell,rebalance,105.299,0.0009651552325219738,0.10162988082933132,0.00010162988082933132
2021-03-23,123063,sell,rebalance,113.08,0.00092820974133959,0.10496195755068084,0.00010496195755068085
2021-03-23,113609,sell,rebalance_resize,102.26,3.26516365790558e-05,0.0033389563565742464,3.3389563565742466e-06
2021-03-23,128127,sell,rebalance_resize,97.6,3.536240494201306e-06,0.00034513707223404744,3.4513707223404743e-07
2021-03-23,113039,sell,rebalance_resize,109.3,1.7431033125197233e-05,0.0019052119205840575,1.9052119205840576e-06
2021-03-23,123086,sell,rebalance_resize,104.609,1.8029768960962752e-05,0.0018860761012373525,1.8860761012373525e-06
2021-03-23,127018,sell,rebalance_resize,84.579,2.0433864510813023e-05,0.0017282758264600545,1.7282758264600545e-06
2021-03-23,110072,sell,rebalance_resize,85.25,1.9003998830183277e-05,0.0016200909002731243,1.6200909002731243e-06
2021-03-23,123089,sell,rebalance_resize,107.555,4.198283058689849e-05,0.004515463343773868,4.515463343773868e-06
2021-03-23,123082,sell,rebalance_resize,110.001,2.3518461437495856e-05,0.0025870542765859816,2.5870542765859815e-06
2021-03-23,127027,buy,rebalance,94.61,2.3230458051570224e-05,0.002197833636259059,2.197833636259059e-06
2021-03-23,128127,buy,rebalance,97.6,1.4204245390605292e-19,1.3863343501230765e-17,1.3863343501230765e-20
2021-03-23,128013,buy,rebalance,105.63,8.865949252493019e-06,0.0009365102195408374,9.365102195408375e-07
2021-03-23,113033,buy,rebalance,98.6,5.2938782958199374e-05,0.005219763999678458,5.219763999678458e-06
2021-03-23,123097,buy,rebalance,104.961,1.6016725921932497e-05,0.0016811315694919568,1.6811315694919569e-06
2021-03-23,128140,buy,rebalance,101.121,2.9114076725428998e-05,0.0029440445525521055,2.9440445525521053e-06
2021-03-23,110072,buy,rebalance,85.25,1.6261986511707644e-19,1.3863343501230765e-17,1.3863343501230765e-20
2021-03-23,128093,buy,rebalance,105.5,0.0009742156048285889,0.10277974630941612,0.00010277974630941612
2021-03-23,128081,buy,rebalance,102.47,3.0246519709095178e-05,0.0030993608745909828,3.099360874590983e-06
2021-03-23,113610,buy,rebalance,101.71,2.541319845286582e-06,0.00025847764146409827,2.584776414640983e-07
2021-03-23,123085,buy,rebalance,93.31,0.001101486939335721,0.10277974630941612,0.00010277974630941612
2021-03-23,113561,buy,rebalance,110.35,0.0009313977916575998,0.10277974630941612,0.00010277974630941612
2021-03-23,113505,buy,rebalance,103.01,3.0372204975347036e-06,0.00031286408345104983,3.128640834510498e-07
2021-03-23,123100,buy,rebalance,103.8,0.0009901709663720244,0.10277974630941612,0.00010277974630941612
2021-03-31,127018,sell,rebalance,82.54,0.0012164583784018042,0.10040647455328493,0.00010040647455328493
2021-03-31,123089,sell,rebalance,105.2,0.0009565973984179832,0.10063404631357184,0.00010063404631357185
2021-03-31,123082,sell,rebalance,108.2,0.0009353263441863818,0.1012023104409665,0.00010120231044096651
2021-03-31,128081,sell,rebalance,101.99,0.0010040363417864345,0.10240166649879845,0.00010240166649879845
2021-03-31,113505,sell,rebalance,99.98,0.000998801157283267,0.09986013970518104,9.986013970518104e-05
2021-03-31,128093,sell,rebalance,101.3,0.0009742156048285889,0.09868804076913605,9.868804076913605e-05
2021-03-31,123085,sell,rebalance,90.258,0.001101486939335721,0.0994180081705635,9.94180081705635e-05
2021-03-31,113561,sell,rebalance,103.18,0.0009313977916575998,0.09610162414323115,9.610162414323115e-05
2021-03-31,123100,sell,rebalance,100.38,0.0009901709663720244,0.0993933616044238,9.93933616044238e-05
2021-03-31,128127,sell,rebalance_resize,97.3,2.2924495171528075e-05,0.0022305533801896815,2.2305533801896818e-06
2021-03-31,127027,sell,rebalance_resize,94.001,2.002373506506615e-05,0.0018822511198512831,1.8822511198512831e-06
2021-03-31,113609,sell,rebalance_resize,100.15,4.23235164612743e-06,0.0004238700173596621,4.238700173596621e-07
2021-03-31,113033,sell,rebalance_resize,100.03,4.0322489611624855e-05,0.004033458635850834,4.033458635850834e-06
2021-03-31,113610,sell,rebalance_resize,102.02,2.8034901092720815e-05,0.0028601206094793774,2.8601206094793775e-06
2021-03-31,128013,sell,rebalance_resize,103.924,8.507640197817476e-06,0.0008841479999179834,8.841479999179835e-07
2021-03-31,123086,sell,rebalance_resize,104.101,1.9665200544369538e-05,0.0020471670418694132,2.047167041869413e-06
2021-03-31,128140,sell,rebalance_resize,98.698,7.953367865667069e-07,7.849815016056083e-05,7.849815016056083e-08
2021-03-31,128100,buy,rebalance,84.079,0.001192190698682104,0.10023820175449262,0.00010023820175449263
2021-03-31,113039,buy,rebalance,103.4,2.9051862597353227e-05,0.003003962592566324,3.003962592566324e-06
2021-03-31,123080,buy,rebalance,102.5,0.0009779336756535865,0.10023820175449262,0.00010023820175449263
2021-03-31,110072,buy,rebalance,79.95,4.810222425126022e-05,0.003845772828888255,3.845772828888255e-06
2021-03-31,123097,buy,rebalance,100.599,1.718625167099555e-05,0.0017289197318504815,1.7289197318504814e-06
2021-03-31,113601,buy,rebalance,95.1,0.0010540294611408269,0.10023820175449262,0.00010023820175449263
2021-03-31,128066,buy,rebalance,96.69,0.0010366966775725785,0.10023820175449262,0.00010023820175449263
2021-03-31,113595,buy,rebalance,91.0,0.00110151870059882,0.10023820175449262,0.00010023820175449263
2021-03-31,110041,buy,rebalance,106.59,0.0009404090604605743,0.10023820175449262,0.00010023820175449263
2021-03-31,128128,buy,rebalance,110.597,0.0009063374391212476,0.10023820175449262,0.00010023820175449263
2021-03-31,128051,buy,rebalance,109.011,0.0009195237338845861,0.10023820175449262,0.00010023820175449263
2021-03-31,123049,buy,rebalance,110.9,0.000903861151979194,0.10023820175449262,0.00010023820175449263
2021-04-13,128140,sell,rebalance,98.4,0.0010166369054571695,0.10003707149698549,0.00010003707149698549
2021-04-13,128100,sell,rebalance,89.484,0.001192190698682104,0.10668199248086939,0.0001066819924808694
2021-04-13,113601,sell,rebalance,96.3,0.0010540294611408269,0.10150303710786163,0.00010150303710786163
2021-04-13,128066,sell,rebalance,97.0,0.0010366966775725785,0.10055957772454012,0.00010055957772454012
2021-04-13,113595,sell,rebalance,91.28,0.00110151870059882,0.10054662699066029,0.00010054662699066029
2021-04-13,110041,sell,rebalance,106.71,0.0009404090604605743,0.10035105084174788,0.00010035105084174787
2021-04-13,128128,sell,rebalance,112.787,0.0009063374391212476,0.10222308074616816,0.00010222308074616816
2021-04-13,128051,sell,rebalance,110.0,0.0009195237338845861,0.10114761072730448,0.00010114761072730448
2021-04-13,123049,sell,rebalance,108.072,0.000903861151979194,0.09768208241669546,9.768208241669546e-05
2021-04-13,127027,sell,rebalance_resize,96.239,7.991401877402911e-06,0.0007690845252793788,7.690845252793787e-07
2021-04-13,113609,sell,rebalance_resize,102.3,5.222314711584301e-06,0.000534242794995074,5.34242794995074e-07
2021-04-13,128013,sell,rebalance_resize,106.301,6.351670941479188e-06,0.0006751889727501792,6.751889727501792e-07
2021-04-13,110072,sell,rebalance_resize,87.8,9.371179765113797e-05,0.008227895833769913,8.227895833769913e-06
2021-04-13,123080,sell,rebalance_resize,106.96,2.4681375631248945e-05,0.002639919937518387,2.639919937518387e-06
2021-04-13,113039,sell,rebalance_resize,107.18,1.908132676205954e-05,0.002045136602357542,2.045136602357542e-06
2021-04-13,123102,buy,rebalance,101.733,0.0010012126763671405,0.10185636920485831,0.00010185636920485832
2021-04-13,113033,buy,rebalance,99.76,1.893298286019807e-05,0.0018887543701333594,1.8887543701333595e-06
2021-04-13,113610,buy,rebalance,102.41,1.2059408061082228e-05,0.001235003979535431,1.235003979535431e-06
2021-04-13,128127,buy,rebalance,96.292,2.758932338139817e-05,0.0026566311270415925,2.6566311270415928e-06
2021-04-13,123089,buy,rebalance,102.29,0.0009957607704062792,0.10185636920485831,0.00010185636920485832
2021-04-13,123086,buy,rebalance,104.3,1.3677628514317891e-05,0.001426576654043356,1.426576654043356e-06
2021-04-13,127018,buy,rebalance,94.101,0.0010824153750210765,0.10185636920485831,0.00010185636920485832
2021-04-13,113046,buy,rebalance,101.42,0.0010043025951967887,0.10185636920485831,0.00010185636920485832
2021-04-13,127028,buy,rebalance,102.799,0.000990830350537051,0.10185636920485831,0.00010185636920485832
2021-04-13,123085,buy,rebalance,90.52,0.001125236071640061,0.10185636920485831,0.00010185636920485832
2021-04-13,128081,buy,rebalance,107.702,0.0009457240274540706,0.10185636920485831,0.00010185636920485832
2021-04-13,128082,buy,rebalance,109.5,0.0009301951525557836,0.10185636920485831,0.00010185636920485832
2021-04-13,128143,buy,rebalance,100.9,0.001009478386569458,0.10185636920485831,0.00010185636920485832
2021-04-13,123097,buy,rebalance,101.51,7.0163572817303175e-06,0.0007122304276684446,7.122304276684446e-07
2021-04-21,123085,sell,rebalance,91.99,0.001125236071640061,0.10351046623016921,0.00010351046623016922
2021-04-21,128082,sell,rebalance,111.0,0.0009301951525557836,0.10325166193369198,0.00010325166193369199
2021-04-21,128143,sell,rebalance,102.975,0.001009478386569458,0.10395103685698992,0.00010395103685698992
2021-04-21,128127,sell,rebalance_resize,98.26,2.8282585682201643e-06,0.0002779046869133134,2.779046869133134e-07
2021-04-21,113609,sell,rebalance_resize,110.5,5.764304477321355e-05,0.006369556447440097,6.369556447440097e-06
2021-04-21,123080,sell,rebalance_resize,109.56,6.163529979499554e-06,0.0006752763445539711,6.752763445539712e-07
2021-04-21,123097,sell,rebalance_resize,104.047,7.153708445152122e-06,0.0007443219025927428,7.443219025927428e-07
2021-04-21,110072,sell,rebalance_resize,92.7,4.193164461911419e-05,0.003887063456191886,3.887063456191886e-06
2021-04-21,123086,sell,rebalance_resize,109.498,2.9924503580812006e-05,0.003276673293091753,3.276673293091753e-06
2021-04-21,127018,sell,rebalance_resize,96.21,3.909547706937089e-06,0.00037613758488441734,3.7613758488441733e-07
2021-04-21,123102,buy,rebalance,102.878,7.382453367659944e-06,0.0007594920375581197,7.594920375581197e-07
2021-04-21,113033,buy,rebalance,98.78,2.8383806357223837e-05,0.002803752391966571,2.803752391966571e-06
2021-04-21,113610,buy,rebalance,103.06,1.1217621001078812e-05,0.0011560880203711824,1.1560880203711823e-06
2021-04-21,127028,buy,rebalance,103.36,1.3055403835900656e-05,0.0013494065404786918,1.3494065404786917e-06
2021-04-21,127027,buy,rebalance,97.23,7.739192938518118e-06,0.0007524817294121166,7.524817294121166e-07
2021-04-21,123106,buy,rebalance,101.118,0.0010250838012021211,0.10365442380995607,0.00010365442380995608
2021-04-21,123089,buy,rebalance,102.24,1.911596637334762e-05,0.0019544164020110603,1.9544164020110604e-06
2021-04-21,128013,buy,rebalance,107.6,5.1732810827616095e-06,0.0005566450445051492,5.566450445051492e-07
2021-04-21,113039,buy,rebalance,106.3,2.481237853371533e-05,0.0026375558381339396,2.6375558381339397e-06
2021-04-21,123087,buy,rebalance,103.503,0.001001462989574757,0.10365442380995607,0.00010365442380995608
2021-04-21,128128,buy,rebalance,111.723,0.0009277805269278131,0.10365442380995607,0.00010365442380995608
2021-04-21,113046,buy,rebalance,100.6,2.711080040202769e-05,0.0027273465204439855,2.7273465204439858e-06
2021-04-21,128081,buy,rebalance,109.71,6.977096441589732e-08,7.654572506068094e-06,7.654572506068095e-09
2021-05-06,113609,sell,rebalance,135.0,0.0009390320872931523,0.12676933178457556,0.00012676933178457555
2021-05-06,127018,sell,rebalance,96.0,0.0010785058273141393,0.10353655942215736,0.00010353655942215737
2021-05-06,113046,sell,rebalance,100.07,0.0010314133955988164,0.10321353849757355,0.00010321353849757355
2021-05-06,123106,sell,rebalance,99.2,0.0010250838012021211,0.10168831307925041,0.00010168831307925041
2021-05-06,123087,sell,rebalance,98.16,0.001001462989574757,0.09830360705665815,9.830360705665815e-05
2021-05-06,128128,sell,rebalance,117.111,0.0009277805269278131,0.10865330528904313,0.00010865330528904313
2021-05-06,113610,sell,rebalance_resize,106.18,2.2027350226957252e-05,0.0023388640470983213,2.3388640470983213e-06
2021-05-06,127028,sell,rebalance_resize,109.8,5.157047957141779e-05,0.0056624386569416735,5.6624386569416734e-06
2021-05-06,123089,sell,rebalance_resize,103.905,8.532314728633894e-06,0.0008865501618787047,8.865501618787047e-07
2021-05-06,128081,sell,rebalance_resize,111.98,1.2017970831342293e-05,0.00134577237369371,1.34577237369371e-06
2021-05-06,123080,sell,rebalance_resize,113.64,2.6953103259941194e-05,0.0030629506544597174,3.0629506544597175e-06
2021-05-06,128127,buy,rebalance,97.973,1.1259422533782888e-05,0.001103119403902311,1.103119403902311e-06
2021-05-06,113033,buy,rebalance,98.8,7.918047730978806e-06,0.000782303115820706,7.823031158207061e-07
2021-05-06,128087,buy,rebalance,100.312,0.001041327421292405,0.10445763628468373,0.00010445763628468373
2021-05-06,127027,buy,rebalance,96.72,1.3904585358361098e-05,0.0013448514958606854,1.3448514958606854e-06
2021-05-06,110072,buy,rebalance,89.8,4.502382324001579e-05,0.004043139326953418,4.043139326953418e-06
2021-05-06,123102,buy,rebalance,102.061,1.591530837595472e-05,0.001624332288158315,1.624332288158315e-06
2021-05-06,113039,buy,rebalance,102.67,4.229839794125466e-05,0.004342776516628616,4.342776516628616e-06
2021-05-06,128013,buy,rebalance,104.603,3.525811140968875e-05,0.003688104227787672,3.688104227787672e-06
2021-05-06,128145,buy,rebalance,106.802,0.0009780494399419836,0.10445763628468373,0.00010445763628468373
2021-05-06,123097,buy,rebalance,102.699,2.0869782889415158e-05,0.002143305832960047,2.1433058329600473e-06
2021-05-06,113549,buy,rebalance,100.01,0.0010444719156552716,0.10445763628468373,0.00010445763628468373
2021-05-06,123086,buy,rebalance,101.54,8.207473171123459e-05,0.00833386825795876,8.33386825795876e-06
2021-05-06,128051,buy,rebalance,109.842,0.0009509808295978198,0.10445763628468373,0.00010445763628468373
2021-05-06,123063,buy,rebalance,105.41,0.0009909651483225855,0.10445763628468373,0.00010445763628468373
2021-05-06,128140,buy,rebalance,99.43,0.0010505645809582994,0.10445763628468373,0.00010445763628468373
2021-05-11,113549,sell,rebalance,102.04,0.0010444719156552716,0.10657791427346391,0.00010657791427346392
2021-05-11,123063,sell,rebalance,106.89,0.0009909651483225855,0.10592426470420116,0.00010592426470420116
2021-05-11,128140,sell,rebalance,100.164,0.0010505645809582994,0.1052287506871071,0.00010522875068710711
2021-05-11,127027,sell,rebalance_resize,100.16,2.970058050533657e-05,0.0029748101434145108,2.9748101434145107e-06
2021-05-11,128127,sell,rebalance_resize,99.69,1.0919916733194901e-05,0.0010886064991321998,1.0886064991321998e-06
2021-05-11,123089,sell,rebalance_resize,108.1,3.218181292177484e-05,0.00347885397684386,3.47885397684386e-06
2021-05-11,123086,sell,rebalance_resize,102.653,3.845885615542521e-06,0.00039479169609228643,3.947916960922864e-07
2021-05-11,128051,sell,rebalance_resize,114.2,2.885317594748308e-05,0.003295032693202568,3.295032693202568e-06
2021-05-11,128145,sell,rebalance_resize,108.502,7.4961040876356154e-06,0.0008133422857166395,8.133422857166395e-07
2021-05-11,127018,buy,rebalance,101.7,0.0010343945915092555,0.1051979299564913,0.0001051979299564913
2021-05-11,127027,buy,rebalance,100.16,1.3841270967249415e-19,1.3863417000797014e-17,1.3863417000797014e-20
2021-05-11,113610,buy,rebalance,105.4,1.4319988045013708e-05,0.001509326739944445,1.509326739944445e-06
2021-05-11,127028,buy,rebalance,108.45,1.8684057613084746e-05,0.002026286048139041,2.026286048139041e-06
2021-05-11,113033,buy,rebalance,98.93,6.118954097003024e-06,0.0006053481288165092,6.053481288165092e-07
2021-05-11,128087,buy,rebalance,100.19,9.735229434913074e-06,0.0009753726370839408,9.753726370839407e-07
2021-05-11,123080,buy,rebalance,109.1,4.50511625201148e-05,0.004915081830944524,4.915081830944524e-06
2021-05-11,113039,buy,rebalance,102.7,6.970765649079004e-06,0.0007158976321604137,7.158976321604137e-07
2021-05-11,128013,buy,rebalance,105.2,1.422164244259e-06,0.0001496116784960468,1.496116784960468e-07
2021-05-11,110072,buy,rebalance,90.0,5.705340735412912e-06,0.000513480666187162,5.134806661871621e-07
2021-05-11,123102,buy,rebalance,102.627,1.6016732824770802e-06,0.0001643749239607753,1.643749239607753e-07
2021-05-11,128081,buy,rebalance,111.002,1.4903144168077857e-05,0.0016542788089449782,1.6542788089449783e-06
2021-05-11,113046,buy,rebalance,102.3,0.0010283277610605211,0.1051979299564913,0.0001051979299564913
2021-05-11,123097,buy,rebalance,103.141,2.856518309346619e-06,0.00029462415494431964,2.9462415494431967e-07
2021-05-11,110071,buy,rebalance,105.0,0.001001885047204679,0.1051979299564913,0.0001051979299564913
2021-05-21,110072,sell,rebalance,92.66,0.0011700716197024334,0.10841883628162748,0.00010841883628162748
2021-05-21,123102,sell,rebalance,115.499,0.0010261121113932323,0.11851492275380694,0.00011851492275380694
2021-05-21,128145,sell,rebalance,109.88,0.000970553335854348,0.10664440054367576,0.00010664440054367576
2021-05-21,128051,sell,rebalance,117.8,0.0009221276536503368,0.10862663760000967,0.00010862663760000967
2021-05-21,113046,sell,rebalance,101.5,0.0010283277610605211,0.1043752677476429,0.00010437526774764291
2021-05-21,113610,sell,rebalance_resize,106.9,1.1558749932895553e-06,0.00012356303678265346,1.2356303678265347e-07
2021-05-21,113039,sell,rebalance_resize,104.69,6.363857029761342e-06,0.0006662321924457149,6.662321924457148e-07
2021-05-21,123089,sell,rebalance_resize,115.0,4.6506049692524995e-05,0.005348195714640375,5.348195714640375e-06
2021-05-21,123097,sell,rebalance_resize,106.3,1.7417671426081582e-05,0.0018514984725924721,1.8514984725924722e-06
2021-05-21,123086,sell,rebalance_resize,105.693,1.651073863037351e-05,0.0017450694980600673,1.7450694980600673e-06
2021-05-21,110080,buy,rebalance,101.58,0.0010491441593662033,0.10657206370841893,0.00010657206370841893
2021-05-21,127027,buy,rebalance,97.71,4.037878644810761e-05,0.003945411223844594,3.9454112238445945e-06
2021-05-21,128127,buy,rebalance,97.426,3.860635671009578e-05,0.003761262908837791,3.761262908837791e-06
2021-05-21,128087,buy,rebalance,100.871,6.524115564071355e-06,0.0006580940610634416,6.580940610634417e-07
2021-05-21,113033,buy,rebalance,99.48,7.920213505611466e-06,0.0007879028395382287,7.879028395382287e-07
2021-05-21,128081,buy,rebalance,108.522,3.43172397275608e-05,0.003724175489714353,3.724175489714353e-06
2021-05-21,128013,buy,rebalance,105.18,1.3237164744878059e-05,0.0013922849878662744,1.3922849878662744e-06
2021-05-21,127028,buy,rebalance,109.8,5.89360561855816e-07,6.47117896917686e-05,6.47117896917686e-08
2021-05-21,123080,buy,rebalance,109.78,6.572781954662981e-06,0.000721560002982902,7.21560002982902e-07
2021-05-21,123071,buy,rebalance,108.51,0.000982140482060814,0.10657206370841893,0.00010657206370841893
2021-05-21,113591,buy,rebalance,103.3,0.0010316753505171241,0.10657206370841893,0.00010657206370841893
2021-05-21,113549,buy,rebalance,103.11,0.0010335764107110748,0.10657206370841893,0.00010657206370841893
2021-05-21,127018,buy,rebalance,98.88,4.44487760028893e-05,0.0043950949711656934,4.395094971165693e-06
2021-05-21,110071,buy,rebalance,103.59,2.7920545366653954e-05,0.002892289294531683,2.892289294531683e-06
2021-05-21,113568,buy,rebalance,107.9,0.0009876928981317787,0.10657206370841893,0.00010657206370841893
2021-06-01,123086,sell,rebalance,110.001,0.0010093431384786099,0.11102875457578557,0.00011102875457578557
2021-06-01,127018,sell,rebalance,101.01,0.0010788433675121448,0.10897396855240175,0.00010897396855240176
2021-06-01,123071,sell,rebalance,113.789,0.000982140482060814,0.11175678331321798,0.00011175678331321798
2021-06-01,113549,sell,rebalance,103.7,0.0010335764107110748,0.10718187379073846,0.00010718187379073846
2021-06-01,113568,sell,rebalance,110.04,0.0009876928981317787,0.10868572651042092,0.00010868572651042092
2021-06-01,128127,sell,rebalance_resize,99.999,6.9781299204163475e-06,0.0006978060139117143,6.978060139117143e-07
2021-06-01,127027,sell,rebalance_resize,99.79,1.5150237204734376e-06,0.00015118421706604435,1.5118421706604436e-07
2021-06-01,110080,sell,rebalance_resize,104.43,7.334530599360307e-06,0.0007659450304911969,7.659450304911969e-07
2021-06-01,113591,sell,rebalance_resize,106.02,5.489918220185553e-06,0.0005820411297040723,5.820411297040723e-07
2021-06-01,110071,sell,rebalance_resize,107.91,2.15933830252167e-05,0.002330141962251134,2.3301419622511337e-06
2021-06-01,123097,sell,rebalance_resize,108.693,2.630257928815083e-06,0.0002858906250566978,2.858906250566978e-07
2021-06-01,127033,buy,rebalance,101.051,0.001075561292668128,0.108686544185407,0.000108686544185407
2021-06-01,128013,buy,rebalance,106.05,1.1630814922849313e-05,0.0012334479225681696,1.2334479225681697e-06
2021-06-01,110080,buy,rebalance,104.43,1.3275689914575483e-19,1.3863802977791178e-17,1.3863802977791178e-20
2021-06-01,113033,buy,rebalance,100.0,1.557271896666222e-05,0.0015572718966662218,1.557271896666222e-06
2021-06-01,128087,buy,rebalance,102.55,3.318511601522447e-06,0.00034031336473612695,3.40313364736127e-07
2021-06-01,127028,buy,rebalance,110.546,1.2569737610522716e-05,0.0013895342138928442,1.3895342138928442e-06
2021-06-01,127034,buy,rebalance,105.16,0.0010335350340947794,0.108686544185407,0.000108686544185407
2021-06-01,128081,buy,rebalance,110.02,5.874244850831934e-06,0.0006462844184885293,6.462844184885293e-07
2021-06-01,113039,buy,rebalance,105.73,9.97670764891818e-06,0.0010548372997201193,1.0548372997201192e-06
2021-06-01,113610,buy,rebalance,108.88,1.282144318226002e-06,0.00013959987336844708,1.3959987336844707e-07
2021-06-01,123089,buy,rebalance,115.698,1.2676895220262861e-05,0.0014666914231939725,1.4666914231939724e-06
2021-06-01,123080,buy,rebalance,111.88,6.760629816667849e-07,7.56379263888799e-05,7.56379263888799e-08
2021-06-01,123105,buy,rebalance,110.9,0.0009800409755221552,0.108686544185407,0.000108686544185407
2021-06-01,128130,buy,rebalance,117.906,0.0009218067289655064,0.108686544185407,0.000108686544185407
2021-06-01,113609,buy,rebalance,118.91,0.0009140235824186949,0.108686544185407,0.000108686544185407
2021-06-11,123089,sell,rebalance,123.4,0.0009403334546569558,0.11603714830466835,0.00011603714830466835
2021-06-11,113591,sell,rebalance,107.24,0.0010261854322969387,0.1100481257595237,0.00011004812575952371
2021-06-11,127034,sell,rebalance,103.702,0.0010335350340947794,0.10717965010569681,0.00010717965010569681
2021-06-11,123105,sell,rebalance,113.721,0.0009800409755221552,0.11145123977735501,0.00011145123977735501
2021-06-11,113609,sell,rebalance,124.2,0.0009140235824186949,0.1135217289364019,0.00011352172893640191
2021-06-11,127027,sell,rebalance_resize,101.03,9.392335942870975e-06,0.0009489077003082547,9.489077003082547e-07
2021-06-11,123097,sell,rebalance_resize,110.473,1.2479843662356615e-05,0.0013786857689115223,1.3786857689115223e-06
2021-06-11,128127,buy,rebalance,98.999,1.504541396787609e-05,0.001489480937405765,1.489480937405765e-06
2021-06-11,110080,buy,rebalance,103.97,8.476977506224148e-06,0.0008813513513221247,8.813513513221247e-07
2021-06-11,128013,buy,rebalance,105.277,1.1361028508781531e-05,0.0011960549983189932,1.1960549983189933e-06
2021-06-11,128087,buy,rebalance,102.482,4.6350753823704665e-06,0.0004750117953360902,4.750117953360902e-07
2021-06-11,113033,buy,rebalance,99.96,4.478222735668267e-06,0.00044764314465739995,4.476431446574e-07
2021-06-11,127033,buy,rebalance,101.305,2.3612508461342644e-06,0.00023920651696763165,2.3920651696763164e-07
2021-06-11,128081,buy,rebalance,109.703,6.530435924582687e-06,0.0007164084122344946,7.164084122344946e-07
2021-06-11,113039,buy,rebalance,105.5,6.067231621412282e-06,0.0006400929360589957,6.400929360589958e-07
2021-06-11,127028,buy,rebalance,110.31,5.765826487771875e-06,0.0006360283198661155,6.360283198661156e-07
2021-06-11,113568,buy,rebalance,113.95,0.0009573465551648781,0.10908963996103786,0.00010908963996103787
2021-06-11,123080,buy,rebalance,109.53,2.4519376354986906e-05,0.002685607292161716,2.685607292161716e-06
2021-06-11,110071,buy,rebalance,107.87,4.105754133385797e-06,0.00044288769836832594,4.4288769836832596e-07
2021-06-11,113549,buy,rebalance,104.05,0.0010484347905914259,0.10908963996103786,0.00010908963996103787
2021-06-11,128130,buy,rebalance,117.485,7.658989316639532e-06,0.0008998163598653955,8.998163598653956e-07
2021-06-11,113610,buy,rebalance,106.03,3.0629876670463106e-05,0.0032476858233692033,3.2476858233692032e-06
2021-06-11,123087,buy,rebalance,105.308,0.0010359102818497917,0.10908963996103786,0.00010908963996103787
2021-06-11,113505,buy,rebalance,105.2,0.0010369737638881926,0.10908963996103786,0.00010908963996103787
2021-06-11,127018,buy,rebalance,101.05,0.0010795610090157137,0.10908963996103786,0.00010908963996103787
2021-06-22,113039,sell,rebalance,123.99,0.0010350572579752662,0.12833674941635326,0.00012833674941635327
2021-06-22,128130,sell,rebalance,114.44,0.000929465718282146,0.10636805680020879,0.00010636805680020879
2021-06-22,113568,sell,rebalance,111.24,0.0009573465551648781,0.10649523079654104,0.00010649523079654103
2021-06-22,113549,sell,rebalance,102.84,0.0010484347905914259,0.10782103386442224,0.00010782103386442224
2021-06-22,128013,sell,rebalance_resize,106.95,1.6575300659380875e-05,0.0017727284055207846,1.7727284055207847e-06
2021-06-22,128087,sell,rebalance_resize,102.477,3.2021630426047436e-07,3.281480621170063e-05,3.281480621170063e-08
2021-06-22,113505,sell,rebalance_resize,105.81,5.307910222382377e-06,0.0005616299806302794,5.616299806302794e-07
2021-06-22,123097,sell,rebalance_resize,111.351,8.140884739850214e-06,0.0009064956566670612,9.064956566670613e-07
2021-06-22,128127,buy,rebalance,97.781,1.3346536770465885e-05,0.0013050377119529248,1.3050377119529249e-06
2021-06-22,127027,buy,rebalance,100.339,7.051509296314413e-06,0.0007075413912828918,7.075413912828919e-07
2021-06-22,110080,buy,rebalance,103.12,8.2830565756128e-06,0.000854148794077192,8.54148794077192e-07
2021-06-22,113033,buy,rebalance,99.23,7.644217660344672e-06,0.0007585357184360018,7.585357184360018e-07
2021-06-22,128081,buy,rebalance,108.15,1.3929173492691237e-05,0.0015064401132345573,1.5064401132345574e-06
2021-06-22,127035,buy,rebalance,104.6,0.001042549927098058,0.10905072237445687,0.00010905072237445688
2021-06-22,127033,buy,rebalance,100.1,1.257990998036265e-05,0.0012592489890343012,1.2592489890343013e-06
2021-06-22,111000,buy,rebalance,105.2,0.0010366038248522517,0.10905072237445687,0.00010905072237445688
2021-06-22,127018,buy,rebalance,99.399,1.8626086777809864e-05,0.0018514143996275225,1.8514143996275225e-06
2021-06-22,110071,buy,rebalance,106.33,1.4288202909870827e-05,0.001519264615406565,1.519264615406565e-06
2021-06-22,113610,buy,rebalance,105.45,5.3237961659132905e-06,0.0005613943056955565,5.613943056955566e-07
2021-06-22,123086,buy,rebalance,112.014,0.0009735454708737915,0.10905072237445687,0.00010905072237445688
2021-06-22,123087,buy,rebalance,105.151,2.218969962255811e-06,0.00023332691050116078,2.3332691050116078e-07
2021-06-22,113505,buy,rebalance,105.81,1.310256444416563e-19,1.3863823438371652e-17,1.3863823438371652e-20
2021-06-22,128107,buy,rebalance,107.898,0.001010683445239549,0.10905072237445687,0.00010905072237445688
2021-06-22,127028,buy,rebalance,108.15,1.9400297872952782e-05,0.0020981422149598437,2.0981422149598437e-06
2021-06-22,123080,buy,rebalance,106.95,2.3690222261430786e-05,0.0025336692708600225,2.5336692708600223e-06
2021-07-01,123097,sell,rebalance,112.98,0.0009803285464556168,0.11075751917855559,0.00011075751917855559
2021-07-01,123080,sell,rebalance,108.199,0.0010206452728557592,0.11043279787772028,0.00011043279787772029
2021-07-01,113505,sell,rebalance,104.65,0.0010316658536658103,0.10796383158612706,0.00010796383158612706
2021-07-01,123086,sell,rebalance,110.978,0.0009735454708737915,0.10804212926663162,0.00010804212926663163
2021-07-01,110080,sell,rebalance_resize,105.48,7.630059873227615e-06,0.0008048187154280488,8.048187154280489e-07
2021-07-01,113610,sell,rebalance_resize,108.09,9.619493811129993e-06,0.001039771086045041,1.039771086045041e-06
2021-07-01,127033,sell,rebalance_resize,106.7,5.157921711364355e-05,0.005503502466025767,5.503502466025767e-06
2021-07-01,111000,sell,rebalance_resize,107.57,6.083146950878328e-06,0.0006543641175059817,6.543641175059817e-07
2021-07-01,128081,sell,rebalance_resize,114.0,3.693436994518089e-05,0.004210518173750621,4.2105181737506215e-06
2021-07-01,123087,sell,rebalance_resize,110.161,3.184654448503761e-05,0.003508247187016228,3.508247187016228e-06
2021-07-01,128013,buy,rebalance,108.149,4.329938427105013e-06,0.0004682785109529801,4.682785109529801e-07
2021-07-01,128127,buy,rebalance,98.49,9.152447935379958e-06,0.0009014245971555721,9.014245971555721e-07
2021-07-01,127018,buy,rebalance,100.08,9.448105206045081e-06,0.0009455663690209917,9.455663690209918e-07
2021-07-01,128087,buy,rebalance,102.914,1.1910680750142603e-05,0.0012257757987201758,1.2257757987201759e-06
2021-07-01,127027,buy,rebalance,100.215,1.8223511693729494e-05,0.0018262692243871013,1.8262692243871014e-06
2021-07-01,113033,buy,rebalance,100.32,4.921489404916177e-06,0.0004937238171011908,4.937238171011908e-07
2021-07-01,123106,buy,rebalance,114.0,0.0009713905689194921,0.11073852485682209,0.00011073852485682209
2021-07-01,110071,buy,rebalance,107.35,6.020201443861444e-06,0.000646268624998526,6.46268624998526e-07
2021-07-01,127035,buy,rebalance,105.888,4.335784875835982e-06,0.00045910758893252053,4.591075889325205e-07
2021-07-01,127033,buy,rebalance,106.7,1.2992917421420352e-19,1.3863442888655514e-17,1.3863442888655516e-20
2021-07-01,111000,buy,rebalance,107.57,1.2887833865069737e-19,1.3863442888655514e-17,1.3863442888655516e-20
2021-07-01,113609,buy,rebalance,113.37,0.0009767886112447921,0.11073852485682209,0.00011073852485682209
2021-07-01,128081,buy,rebalance,114.0,1.2160914814610101e-19,1.3863442888655514e-17,1.3863442888655516e-20
2021-07-01,123087,buy,rebalance,110.161,1.2584710458924224e-19,1.3863442888655514e-17,1.3863442888655516e-20
2021-07-01,127028,buy,rebalance,108.13,1.5842713658091646e-05,0.0017130726278494495,1.7130726278494494e-06
2021-07-01,128082,buy,rebalance,113.81,0.0009730122560128468,0.11073852485682209,0.00011073852485682209
2021-07-01,128130,buy,rebalance,113.22,0.0009780827138034102,0.11073852485682209,0.00011073852485682209
2021-07-01,128107,buy,rebalance,108.654,9.5462385428188e-06,0.0010372370026314338,1.0372370026314338e-06
2021-07-13,127033,sell,rebalance,107.2,0.0010389232363809816,0.11137257094004123,0.00011137257094004123
2021-07-13,123087,sell,rebalance,113.321,0.00100628270732701,0.1140329626770041,0.0001140329626770041
2021-07-13,127035,sell,rebalance,109.001,0.0010468857119738941,0.11411158949086644,0.00011411158949086645
2021-07-13,111000,sell,rebalance,111.41,0.0010305206779013735,0.11481030872499202,0.00011481030872499203
2021-07-13,123106,sell,rebalance,120.4,0.0009713905689194921,0.11695542449790686,0.00011695542449790686
2021-07-13,128082,sell,rebalance,122.499,0.0009730122560128468,0.1191930283493177,0.00011919302834931771
2021-07-13,113609,sell,rebalance_resize,119.01,2.8203797757507404e-05,0.0033565339711209563,3.3565339711209564e-06
2021-07-13,113610,sell,rebalance_resize,113.35,2.9611753640076694e-05,0.003356492275102693,3.3564922751026934e-06
2021-07-13,128127,buy,rebalance,98.003,2.637082063094546e-05,0.002584419534294548,2.584419534294548e-06
2021-07-13,128013,buy,rebalance,107.7,2.3176956606947565e-05,0.002496158226568253,2.496158226568253e-06
2021-07-13,128087,buy,rebalance,103.352,1.5150876671927786e-05,0.0015658734057970806,1.5658734057970806e-06
2021-07-13,127027,buy,rebalance,100.4,1.8260689058816897e-05,0.0018333731815052164,1.8333731815052163e-06
2021-07-13,113033,buy,rebalance,100.96,1.317297763622341e-05,0.0013299438221531154,1.3299438221531155e-06
2021-07-13,127018,buy,rebalance,100.946,1.0685382325988167e-05,0.0010786466042792015,1.0786466042792015e-06
2021-07-13,110080,buy,rebalance,105.68,1.7277988872342997e-05,0.0018259378640292081,1.8259378640292081e-06
2021-07-13,128129,buy,rebalance,106.21,0.00106183234959548,0.1127772138505359,0.0001127772138505359
2021-07-13,127034,buy,rebalance,106.08,0.001063133614729788,0.1127772138505359,0.0001127772138505359
2021-07-13,128081,buy,rebalance,113.7,2.046911396324845e-05,0.0023273382576213487,2.3273382576213485e-06
2021-07-13,110071,buy,rebalance,108.9,4.018598059227674e-06,0.0004376253286498937,4.376253286498937e-07
2021-07-13,128107,buy,rebalance,109.3,1.2612830180663223e-05,0.0013785823387464902,1.3785823387464903e-06
2021-07-13,128130,buy,rebalance,114.264,9.891954146804434e-06,0.0011302942486304617,1.1302942486304618e-06
2021-07-13,110072,buy,rebalance,91.93,0.0012267726949911444,0.1127772138505359,0.0001127772138505359
2021-07-13,127028,buy,rebalance,108.7,1.3375608149255662e-05,0.0014539286058240905,1.4539286058240905e-06
2021-07-13,128037,buy,rebalance,108.259,0.0010417352261755226,0.1127772138505359,0.0001127772138505359
2021-07-13,128034,buy,rebalance,105.575,0.0010682189329911048,0.1127772138505359,0.0001127772138505359
2021-07-13,113549,buy,rebalance,109.28,0.001032002322936822,0.1127772138505359,0.0001127772138505359
2021-07-21,128130,sell,rebalance,115.973,0.0009879746679502146,0.11457838616619025,0.00011457838616619025
2021-07-21,110072,sell,rebalance,92.43,0.0012267726949911444,0.11339060019803149,0.00011339060019803149
2021-07-21,128037,sell,rebalance,107.2,0.0010417352261755226,0.11167401624601601,0.00011167401624601602
2021-07-21,128034,sell,rebalance,106.546,0.0010682189329911048,0.11381445443447026,0.00011381445443447026
2021-07-21,127018,sell,rebalance_resize,104.498,3.1018032289576286e-05,0.003241322338196143,3.241322338196143e-06
2021-07-21,127027,sell,rebalance_resize,102.801,1.9143367178204907e-05,0.0019679572892866426,1.9679572892866427e-06
2021-07-21,110071,sell,rebalance_resize,113.66,3.6988605207736735e-05,0.004204124867911357,4.204124867911357e-06
2021-07-21,113549,sell,rebalance_resize,110.54,4.130584397307744e-06,0.000456594799278398,4.5659479927839806e-07
2021-07-21,113610,sell,rebalance_resize,117.62,2.995110253943196e-05,0.003522848680687987,3.522848680687987e-06
2021-07-21,128127,buy,rebalance,97.987,7.65541531476044e-06,0.0007501311804474313,7.501311804474313e-07
2021-07-21,128013,buy,rebalance,106.9,1.4680168002297471e-05,0.0015693099594455999,1.5693099594455999e-06
2021-07-21,113033,buy,rebalance,101.04,6.344947872786793e-06,0.0006410935330663776,6.410935330663777e-07
2021-07-21,128087,buy,rebalance,103.28,7.835554444488812e-06,0.0008092560630268045,8.092560630268046e-07
2021-07-21,110080,buy,rebalance,105.8,5.698492719216878e-06,0.0006029005296931456,6.029005296931457e-07
2021-07-21,128107,buy,rebalance,108.597,1.3405948553652643e-05,0.001455845795081016,1.455845795081016e-06
2021-07-21,113609,buy,rebalance,116.25,2.8770036602363e-05,0.0033445167550246986,3.344516755024699e-06
2021-07-21,127034,buy,rebalance,106.3,5.731063109223836e-06,0.0006092120085104938,6.092120085104938e-07
2021-07-21,128129,buy,rebalance,106.879,1.2465052156043313e-06,0.00013322523093857534,1.3322523093857534e-07
2021-07-21,128081,buy,rebalance,113.55,7.751979648538297e-06,0.0008802372890915235,8.802372890915235e-07
2021-07-21,123087,buy,rebalance,109.47,0.0010368518782657074,0.113504175113747,0.000113504175113747
2021-07-21,127035,buy,rebalance,109.95,0.001032325376205066,0.113504175113747,0.000113504175113747
2021-07-21,113039,buy,rebalance,116.95,0.0009705359137558529,0.113504175113747,0.000113504175113747
2021-07-21,127028,buy,rebalance,108.339,1.0200466854566269e-05,0.001105108378556855,1.105108378556855e-06
2021-07-21,128066,buy,rebalance,102.912,0.0011029245871593885,0.113504175113747,0.000113504175113747
2021-08-02,128013,sell,rebalance,104.269,0.0010628561979253578,0.11082295290147914,0.00011082295290147915
2021-08-02,128081,sell,rebalance,121.75,0.001000616789417495,0.12182509411158003,0.00012182509411158004
2021-08-02,127018,sell,rebalance,112.8,0.0010873025510359806,0.1226477277568586,0.0001226477277568586
2021-08-02,113549,sell,rebalance,116.0,0.0010278717385395143,0.11923312167058367,0.00011923312167058367
2021-08-02,123087,sell,rebalance,130.86,0.0010368518782657074,0.13568243678985048,0.00013568243678985047
2021-08-02,113039,sell,rebalance,122.9,0.0009705359137558529,0.11927886380059433,0.00011927886380059433
2021-08-02,128066,sell,rebalance,100.948,0.0011029245871593885,0.11133803122456594,0.00011133803122456594
2021-08-02,127035,sell,rebalance_resize,112.8,1.0376433034503824e-05,0.0011704616462920314,1.1704616462920314e-06
2021-08-02,110071,sell,rebalance_resize,116.12,6.926075062822423e-06,0.0008042558362949398,8.042558362949398e-07
2021-08-02,128127,buy,rebalance,96.311,3.733178151022407e-05,0.0035954612090311907,3.5954612090311906e-06
2021-08-02,113033,buy,rebalance,100.63,2.101249278931212e-05,0.0021144871493884785,2.1144871493884786e-06
2021-08-02,128087,buy,rebalance,100.122,5.118520237730768e-05,0.005124764832420799,5.124764832420799e-06
2021-08-02,110080,buy,rebalance,105.54,1.8313434689610264e-05,0.0019327998971414673,1.932799897141467e-06
2021-08-02,128100,buy,rebalance,86.042,0.0013384208947583754,0.11516041062680013,0.00011516041062680013
2021-08-02,128130,buy,rebalance,111.38,0.0010339415570730843,0.11516041062680013,0.00011516041062680013
2021-08-02,113609,buy,rebalance,109.31,7.714508868206102e-05,0.00843272964383609,8.43272964383609e-06
2021-08-02,113610,buy,rebalance,116.89,2.017037992518665e-05,0.0023577157094550674,2.3577157094550676e-06
2021-08-02,128107,buy,rebalance,108.658,1.4642093929024304e-05,0.001590980642139923,1.590980642139923e-06
2021-08-02,127027,buy,rebalance,102.5,1.9371602161424217e-05,0.0019855892215459824,1.9855892215459825e-06
2021-08-02,127034,buy,rebalance,104.4,3.5274685055641074e-05,0.003682677119808928,3.682677119808928e-06
2021-08-02,127028,buy,rebalance,107.0,2.857232358408217e-05,0.0030572386234967923,3.057238623496792e-06
2021-08-02,128129,buy,rebalance,105.58,2.8726418441619834e-05,0.003032935259066222,3.032935259066222e-06
2021-08-02,123097,buy,rebalance,117.97,0.0009761838656166833,0.11516041062680013,0.00011516041062680013
2021-08-02,123082,buy,rebalance,110.01,0.0010468176586383067,0.11516041062680013,0.00011516041062680013
2021-08-02,123118,buy,rebalance,115.202,0.0009996389874029976,0.11516041062680013,0.00011516041062680013
2021-08-02,123063,buy,rebalance,114.921,0.001002083262648255,0.11516041062680013,0.00011516041062680013
2021-08-02,110072,buy,rebalance,90.4,0.0012738983476415942,0.11516041062680013,0.00011516041062680013
2021-08-02,110071,buy,rebalance,116.12,1.1939279574179668e-19,1.3863891441537431e-17,1.386389144153743e-20
2021-08-11,113610,sell,rebalance,132.2,0.0009861705667825059,0.13037174892864728,0.0001303717489286473
2021-08-11,110071,sell,rebalance,125.9,0.0009927302858219033,0.12498474298497764,0.00012498474298497763
2021-08-11,127035,sell,rebalance,122.01,0.0010219489431705622,0.1246879905562403,0.0001246879905562403
2021-08-11,128100,sell,rebalance,93.18,0.0013384208947583754,0.12471405897358542,0.00012471405897358543
2021-08-11,123097,sell,rebalance,125.6,0.0009761838656166833,0.12260869352145541,0.00012260869352145542
2021-08-11,123118,sell,rebalance,117.815,0.0009996389874029976,0.11777246730088417,0.00011777246730088417
2021-08-11,113609,sell,rebalance_resize,114.9,1.3447482441142186e-05,0.0015451157324872372,1.5451157324872372e-06
2021-08-11,128127,buy,rebalance,96.52,4.237924270726651e-05,0.004090444506105364,4.090444506105363e-06
2021-08-11,128087,buy,rebalance,102.78,1.2500232134176321e-05,0.0012847738587506423,1.2847738587506423e-06
2021-08-11,113033,buy,rebalance,104.24,1.992220009612206e-06,0.00020766901380197636,2.0766901380197635e-07
2021-08-11,110080,buy,rebalance,106.25,3.354324190327646e-05,0.0035639694522231246,3.563969452223125e-06
2021-08-11,127027,buy,rebalance,105.33,1.1005716786953921e-05,0.0011592321491698564,1.1592321491698565e-06
2021-08-11,128130,buy,rebalance,114.0,1.5314388297217794e-05,0.0017458402658828284,1.7458402658828285e-06
2021-08-11,127020,buy,rebalance,120.0,0.000995809852328357,0.11949718227940284,0.00011949718227940285
2021-08-11,128129,buy,rebalance,107.299,2.2971726331675005e-05,0.0024648432636623966,2.4648432636623967e-06
2021-08-11,127028,buy,rebalance,109.051,1.9554516218999482e-05,0.0021324395481981126,2.1324395481981125e-06
2021-08-11,127034,buy,rebalance,103.999,4.5988374589937296e-05,0.004782744968978889,4.7827449689788885e-06
2021-08-11,128107,buy,rebalance,110.12,2.5325685702117586e-05,0.0027888645095171887,2.7888645095171886e-06
2021-08-11,123082,buy,rebalance,113.4,7.997318927987762e-06,0.0009068959664338122,9.068959664338122e-07
2021-08-11,123063,buy,rebalance,118.601,6.476172426359124e-06,0.0007680805259386185,7.680805259386185e-07
2021-08-11,128066,buy,rebalance,102.897,0.0011613281463930226,0.11949718227940284,0.00011949718227940285
2021-08-11,128081,buy,rebalance,122.028,0.000979260352373249,0.11949718227940284,0.00011949718227940285
2021-08-11,110072,buy,rebalance,92.08,2.5130848555163017e-05,0.0023140485349594105,2.3140485349594104e-06
2021-08-11,113039,buy,rebalance,121.23,0.0009857063621166611,0.11949718227940284,0.00011949718227940285
2021-08-11,128034,buy,rebalance,107.7,0.001109537439920175,0.11949718227940284,0.00011949718227940285
2021-08-11,128037,buy,rebalance,107.844,0.0011080559166889473,0.11949718227940284,0.00011949718227940285
2021-08-23,127028,sell,rebalance,107.081,0.001096870183412717,0.11745395611001716,0.00011745395611001717
2021-08-23,123063,sell,rebalance,122.69,0.0010085594350746142,0.12374015708930441,0.0001237401570893044
2021-08-23,110072,sell,rebalance,95.31,0.0012990291961967571,0.12381047268951292,0.00012381047268951293
2021-08-23,128066,sell,rebalance,103.65,0.0011613281463930226,0.12037166237363679,0.00012037166237363679
2021-08-23,113039,sell,rebalance,128.78,0.0009857063621166611,0.12693926531338362,0.00012693926531338363
2021-08-23,128034,sell,rebalance,106.5,0.001109537439920175,0.11816573735149864,0.00011816573735149864
2021-08-23,113033,sell,rebalance_resize,105.83,6.444809861910315e-06,0.0006820542276859687,6.820542276859687e-07
2021-08-23,128130,sell,rebalance_resize,115.2,9.989138931338689e-07,0.0001150748804890217,1.150748804890217e-07
2021-08-23,127027,sell,rebalance_resize,110.999,4.769803675262536e-05,0.005294434381504662,5.294434381504662e-06
2021-08-23,113609,sell,rebalance_resize,116.89,7.951164293867411e-06,0.0009294115943101617,9.294115943101617e-07
2021-08-23,128107,sell,rebalance_resize,113.384,2.1169939087695705e-05,0.00240033237351929,2.40033237351929e-06
2021-08-23,128100,buy,rebalance,101.126,0.0011929378760364465,0.1206370356520617,0.0001206370356520617
2021-08-23,128127,buy,rebalance,96.859,7.490679387371134e-06,0.0007255397147813807,7.255397147813806e-07
2021-08-23,128087,buy,rebalance,102.7,1.2029437968071277e-05,0.0012354232793209202,1.2354232793209202e-06
2021-08-23,110080,buy,rebalance,105.53,1.85201478580666e-05,0.0019544312034617682,1.954431203461768e-06
2021-08-23,127020,buy,rebalance,120.25,8.416219012738538e-06,0.0010120503362818093,1.0120503362818092e-06
2021-08-23,128129,buy,rebalance,106.531,1.8763337747842565e-05,0.0019988771336154165,1.9988771336154164e-06
2021-08-23,128081,buy,rebalance,118.8,3.7193646889452474e-05,0.0044186052504669535,4.418605250466954e-06
2021-08-23,113610,buy,rebalance,118.37,0.0010191521133062576,0.1206370356520617,0.0001206370356520617
2021-08-23,123097,buy,rebalance,122.1,0.0009880183100086954,0.1206370356520617,0.0001206370356520617
2021-08-23,127018,buy,rebalance,114.5,0.0010535985646468271,0.1206370356520617,0.0001206370356520617
2021-08-23,127034,buy,rebalance,103.33,1.852871326421874e-05,0.0019145719415917225,1.9145719415917224e-06
2021-08-23,123082,buy,rebalance,114.25,2.1562306390929763e-06,0.00024634935051637253,2.463493505163725e-07
2021-08-23,113549,buy,rebalance,112.3,0.001074238963954245,0.1206370356520617,0.0001206370356520617
2021-08-23,128037,buy,rebalance,107.199,1.842110396744716e-05,0.0019747239242063684,1.9747239242063684e-06
2021-08-23,123118,buy,rebalance,113.565,0.0010622730211954537,0.1206370356520617,0.0001206370356520617
2021-08-31,127027,sell,rebalance,116.703,0.0010879306122232614,0.12696476623829128,0.0001269647662382913
2021-08-31,123082,sell,rebalance,116.299,0.0010569712082053875,0.12292469454307836,0.00012292469454307835
2021-08-31,128081,sell,rebalance,125.8,0.0010164539992627015,0.12786991310724785,0.00012786991310724784
2021-08-31,113610,sell,rebalance,119.0,0.0010191521133062576,0.12127910148344465,0.00012127910148344464
2021-08-31,123097,sell,rebalance,125.375,0.0009880183100086954,0.12387279561734019,0.00012387279561734018
2021-08-31,113549,sell,rebalance,116.88,0.001074238963954245,0.12555705010697213,0.00012555705010697214
2021-08-31,123118,sell,rebalance,117.899,0.0010622730211954537,0.12524092692592279,0.00012524092692592278
2021-08-31,127018,sell,rebalance_resize,121.0,2.8895940435378304e-05,0.0034964087926807746,3.4964087926807746e-06
2021-08-31,113609,sell,rebalance_resize,120.3,2.436142164834674e-06,0.0002930679024296112,2.930679024296112e-07
2021-08-31,127020,sell,rebalance_resize,129.0,4.307089669314741e-05,0.005556145673416016,5.556145673416016e-06
2021-08-31,128100,buy,rebalance,101.85,2.4406310537931134e-05,0.0024857827282882858,2.485782728288286e-06
2021-08-31,128127,buy,rebalance,98.289,1.471411203236164e-05,0.0014462353575487932,1.4462353575487933e-06
2021-08-31,128087,buy,rebalance,105.008,4.920729299024536e-06,0.0005167159422319684,5.167159422319684e-07
2021-08-31,110080,buy,rebalance,107.71,6.837656763652578e-06,0.0007364840100130191,7.364840100130191e-07
2021-08-31,113033,buy,rebalance,106.97,1.801479568837227e-05,0.0019270426947851818,1.9270426947851818e-06
2021-08-31,128129,buy,rebalance,105.95,3.668231344220712e-05,0.0038864911092018443,3.886491109201844e-06
2021-08-31,128130,buy,rebalance,117.6,6.06521937804302e-06,0.0007132697988578591,7.132697988578591e-07
2021-08-31,113044,buy,rebalance,103.26,0.001199533614013539,0.12386384098303804,0.00012386384098303805
2021-08-31,127018,buy,rebalance,121.0,1.145766702709505e-19,1.386377710278501e-17,1.386377710278501e-20
2021-08-31,110043,buy,rebalance,114.43,0.001082442025544333,0.12386384098303804,0.00012386384098303805
2021-08-31,128037,buy,rebalance,108.955,1.1495094511824066e-05,0.0012524480225357911,1.2524480225357911e-06
2021-08-31,128034,buy,rebalance,106.79,0.0011598823951965355,0.12386384098303804,0.00012386384098303805
2021-08-31,128066,buy,rebalance,106.659,0.0011613069781550365,0.12386384098303804,0.00012386384098303805
2021-08-31,128107,buy,rebalance,115.49,8.536009331722836e-06,0.0009858237177206703,9.858237177206704e-07
2021-08-31,128048,buy,rebalance,115.411,0.0010732412073635792,0.12386384098303804,0.00012386384098303805
2021-08-31,123024,buy,rebalance,120.91,0.001024430080084675,0.12386384098303804,0.00012386384098303805
2021-08-31,127034,buy,rebalance,105.381,7.914038255136178e-06,0.0008339892653645056,8.339892653645056e-07
2021-08-31,123080,buy,rebalance,121.514,0.001019338026754432,0.12386384098303804,0.00012386384098303805
2021-09-13,113609,sell,rebalance,121.15,0.0010306651498718648,0.12486508290697643,0.00012486508290697644
2021-09-13,127020,sell,rebalance,140.35,0.0009611551746479481,0.13489812876183951,0.0001348981287618395
2021-09-13,127018,sell,rebalance,140.0,0.001024702624211449,0.14345836738960285,0.00014345836738960285
2021-09-13,110043,sell,rebalance,124.04,0.001082442025544333,0.13426610884851908,0.00013426610884851908
2021-09-13,128034,sell,rebalance,111.55,0.0011598823951965355,0.12938488118417354,0.00012938488118417356
2021-09-13,128048,sell,rebalance,123.6,0.0010732412073635792,0.13265261323013838,0.00013265261323013838
2021-09-13,123024,sell,rebalance,119.786,0.001024430080084675,0.12271238157302289,0.00012271238157302288
2021-09-13,123080,sell,rebalance,122.79,0.001019338026754432,0.12516451630517672,0.00012516451630517674
2021-09-13,128127,sell,rebalance_resize,103.687,5.0808497896463105e-06,0.000526818072139057,5.26818072139057e-07
2021-09-13,128100,sell,rebalance_resize,115.4,8.848721730816735e-05,0.010211424877362513,1.0211424877362513e-05
2021-09-13,110080,sell,rebalance_resize,113.39,2.2629914512483253e-06,0.0002566006006570476,2.566006006570476e-07
2021-09-13,128130,sell,rebalance_resize,125.5,1.631353170524577e-05,0.0020473482290083445,2.0473482290083443e-06
2021-09-13,128129,sell,rebalance_resize,112.14,8.548901413623811e-06,0.0009586738045237743,9.586738045237743e-07
2021-09-13,128037,sell,rebalance_resize,115.0,5.188686878473355e-06,0.0005966989910244358,5.966989910244358e-07
2021-09-13,128127,buy,rebalance,103.687,2.6741506902914247e-19,2.7727466262424695e-17,2.7727466262424694e-20
2021-09-13,128087,buy,rebalance,108.505,1.9817761898378003e-05,0.002150326254783505,2.150326254783505e-06
2021-09-13,113033,buy,rebalance,107.6,5.155370396334719e-05,0.005547178546456157,5.547178546456157e-06
2021-09-13,113044,buy,rebalance,107.2,1.5656616842318212e-05,0.0016783893254965123,1.6783893254965123e-06
2021-09-13,127042,buy,rebalance,121.4,0.0010719782842905795,0.13013816371287634,0.00013013816371287634
2021-09-13,110080,buy,rebalance,113.39,2.445318481561398e-19,2.7727466262424695e-17,2.7727466262424694e-20
2021-09-13,128066,buy,rebalance,108.77,3.632186354141594e-05,0.003950729097399811,3.9507290973998115e-06
2021-09-13,127034,buy,rebalance,107.311,3.7340778136568606e-05,0.004007076242613314,4.007076242613314e-06
2021-09-13,123097,buy,rebalance,121.05,0.001075077767144786,0.13013816371287634,0.00013013816371287634
2021-09-13,128143,buy,rebalance,120.3,0.0010817802469898284,0.13013816371287634,0.00013013816371287634
2021-09-13,113570,buy,rebalance,123.37,0.0010548606931415768,0.13013816371287634,0.00013013816371287634
2021-09-13,113591,buy,rebalance,116.48,0.0011172575868207103,0.13013816371287634,0.00013013816371287634
2021-09-13,128107,buy,rebalance,120.0,1.1989651602237882e-05,0.0014387581922685458,1.4387581922685457e-06
2021-09-13,113610,buy,rebalance,118.45,0.0010986759283484705,0.13013816371287634,0.00013013816371287634
2021-09-13,123118,buy,rebalance,121.8,0.0010684578301549783,0.13013816371287634,0.00013013816371287634
2021-09-13,128063,buy,rebalance,118.608,0.001097212360994843,0.13013816371287634,0.00013013816371287634
2021-09-23,123097,sell,rebalance,118.9,0.001075077767144786,0.12782674651351508,0.00012782674651351509
2021-09-23,128143,sell,rebalance,118.391,0.0010817802469898284,0.12807304522137278,0.00012807304522137277
2021-09-23,113570,sell,rebalance,119.75,0.0010548606931415768,0.12631956800370384,0.00012631956800370384
2021-09-23,113610,sell,rebalance,114.42,0.0010986759283484705,0.125710499721632,0.000125710499721632
2021-09-23,123118,sell,rebalance,123.444,0.0010684578301549783,0.13189470838565115,0.00013189470838565116
2021-09-23,128063,sell,rebalance,116.49,0.001097212360994843,0.12781426793228925,0.00012781426793228925
2021-09-23,113591,sell,rebalance_resize,113.52,4.26954449022648e-06,0.00048467869053051005,4.846786905305101e-07
2021-09-23,127042,sell,rebalance_resize,120.588,2.4225584475038093e-05,0.0029213147806758932,2.9213147806758935e-06
2021-09-23,113044,sell,rebalance_resize,105.53,1.7934449889719677e-05,0.0018926224968621175,1.8926224968621175e-06
2021-09-23,128107,sell,rebalance_resize,117.81,1.3112897994969335e-05,0.0015448305127873374,1.5448305127873374e-06
2021-09-23,128130,sell,rebalance_resize,126.019,3.541067785971168e-05,0.004462418213203007,4.462418213203006e-06
2021-09-23,128100,buy,rebalance,105.38,7.003195906683075e-05,0.007379967846462624,7.379967846462624e-06
2021-09-23,128127,buy,rebalance,97.3,4.210318744669125e-05,0.004096640138563059,4.096640138563059e-06
2021-09-23,128087,buy,rebalance,104.273,1.1106692196446668e-05,0.0011581281154000834,1.1581281154000835e-06
2021-09-23,113033,buy,rebalance,103.13,1.4466815576987156e-05,0.0014919626904546853,1.4919626904546852e-06
2021-09-23,113628,buy,rebalance,107.9,0.001169771534510758,0.12621834857371078,0.0001262183485737108
2021-09-23,110080,buy,rebalance,108.15,1.9364306004030227e-05,0.002094249694335869,2.094249694335869e-06
2021-09-23,127018,buy,rebalance,124.5,0.0010138019965759903,0.12621834857371078,0.0001262183485737108
2021-09-23,127042,buy,rebalance,120.588,2.2993535774351944e-19,2.772744491957552e-17,2.772744491957552e-20
2021-09-23,128037,buy,rebalance,111.4,1.383951880179122e-06,0.0001541722394519542,1.541722394519542e-07
2021-09-23,128066,buy,rebalance,103.92,1.8157226668127504e-05,0.0018868989953518102,1.8868989953518102e-06
2021-09-23,127028,buy,rebalance,107.103,0.0011784763132098148,0.12621834857371078,0.0001262183485737108
2021-09-23,128107,buy,rebalance,117.81,2.3535731193935593e-19,2.772744491957552e-17,2.772744491957552e-20
2021-09-23,127034,buy,rebalance,103.935,1.7160154631905217e-06,0.00017835406716670688,1.783540671667069e-07
2021-09-23,128129,buy,rebalance,107.351,1.5257446832302409e-05,0.001637902174894496,1.6379021748944959e-06
2021-09-23,128130,buy,rebalance,126.019,2.2002590815333816e-19,2.772744491957552e-17,2.772744491957552e-20
2021-09-23,110072,buy,rebalance,98.9,0.0012762219269333748,0.12621834857371078,0.0001262183485737108
2021-09-23,128034,buy,rebalance,107.395,0.0011752721129820829,0.12621834857371078,0.0001262183485737108
2021-09-23,127020,buy,rebalance,128.444,0.0009826722040244058,0.12621834857371078,0.0001262183485737108
2021-10-08,127034,sell,rebalance,104.143,0.0012156272826037045,0.1265990720921976,0.00012659907209219758
2021-10-08,128066,sell,rebalance,104.47,0.00121578606836458,0.12701317056204767,0.00012701317056204768
2021-10-08,127028,sell,rebalance,107.901,0.0011784763132098148,0.1271587726716522,0.0001271587726716522
2021-10-08,110072,sell,rebalance,99.97,0.0012762219269333748,0.12758390603552947,0.00012758390603552947
2021-10-08,128034,sell,rebalance,108.13,0.0011752721129820829,0.1270821735767526,0.00012708217357675262
2021-10-08,128127,sell,rebalance_resize,99.0,2.6882866313091648e-05,0.002661403764996073,2.661403764996073e-06
2021-10-08,128087,sell,rebalance_resize,105.7,2.0681457329638315e-05,0.00218603003974277,2.18603003974277e-06
2021-10-08,113033,sell,rebalance_resize,104.62,2.1812574506356984e-05,0.0022820315448550677,2.282031544855068e-06
2021-10-08,110080,sell,rebalance_resize,108.5,7.971409659668821e-06,0.0008648979480740672,8.648979480740671e-07
2021-10-08,113591,sell,rebalance_resize,117.58,4.232754676824198e-05,0.004976872949009892,4.976872949009892e-06
2021-10-08,113044,sell,rebalance_resize,105.91,8.621458728309505e-06,0.0009130986939152597,9.130986939152597e-07
2021-10-08,113628,sell,rebalance_resize,109.06,1.546875559815581e-05,0.0016870224855348726,1.6870224855348725e-06
2021-10-08,128129,sell,rebalance_resize,108.32,1.4742670821907184e-05,0.0015969261034289861,1.5969261034289862e-06
2021-10-08,128100,buy,rebalance,103.999,1.1574879596030165e-05,0.001203775903107541,1.203775903107541e-06
2021-10-08,127042,buy,rebalance,116.4,3.372695453404029e-05,0.00392581750776229,3.9258175077622905e-06
2021-10-08,128130,buy,rebalance,124.601,7.725095287347106e-06,0.0009625545978987367,9.625545978987367e-07
2021-10-08,127027,buy,rebalance,127.0,0.0009902298179028386,0.1257591868736605,0.0001257591868736605
2021-10-08,113044,buy,rebalance,105.91,2.617988633007913e-19,2.7727117612186807e-17,2.772711761218681e-20
2021-10-08,128037,buy,rebalance,109.7,1.3387348763641406e-05,0.0014685921593714623,1.4685921593714623e-06
2021-10-08,128107,buy,rebalance,114.333,2.8578320349279608e-05,0.0032674451004941854,3.2674451004941852e-06
2021-10-08,127020,buy,rebalance,120.901,5.851851917357216e-05,0.007074947486604048,7.0749474866040475e-06
2021-10-08,113610,buy,rebalance,113.41,0.0011088897528759413,0.1257591868736605,0.0001257591868736605
2021-10-08,127018,buy,rebalance,119.63,3.8471992761936594e-05,0.004602404494110475,4.602404494110475e-06
2021-10-08,128075,buy,rebalance,122.0,0.0010308130071611517,0.1257591868736605,0.0001257591868736605
2021-10-08,113607,buy,rebalance,127.16,0.0009889838539922972,0.1257591868736605,0.0001257591868736605
2021-10-08,128133,buy,rebalance,122.5,0.0010266056071319225,0.1257591868736605,0.0001257591868736605
2021-10-12,128129,sell,rebalance,109.0,0.0011621885253712,0.12667854926546082,0.00012667854926546083
2021-10-12,113628,sell,rebalance,109.5,0.001154302778912602,0.12639615429092993,0.00012639615429092994
2021-10-12,127020,sell,rebalance,121.06,0.001041190723197978,0.12604654895034723,0.00012604654895034722
2021-10-12,113610,sell,rebalance,116.11,0.0011088897528759413,0.12875318920642556,0.00012875318920642557
2021-10-12,128133,sell,rebalance,120.39,0.0010266056071319225,0.12359304904261215,0.00012359304904261214
2021-10-12,128087,sell,rebalance_resize,106.38,2.4376490989035065e-06,0.00025931711114135503,2.5931711114135505e-07
2021-10-12,110080,sell,rebalance_resize,109.4,4.5125626922241025e-06,0.0004936743585293168,4.936743585293169e-07
2021-10-12,113033,sell,rebalance_resize,105.19,1.2863919453270252e-06,0.0001353155687289498,1.353155687289498e-07
2021-10-12,127042,sell,rebalance_resize,120.5,3.219483166670775e-05,0.0038794772158382835,3.879477215838284e-06
2021-10-12,128037,sell,rebalance_resize,110.492,3.2291566451977103e-06,0.0003567959760411854,3.567959760411854e-07
2021-10-12,113591,sell,rebalance_resize,121.52,3.0183033965086412e-05,0.0036678422874373007,3.6678422874373007e-06
2021-10-12,128100,buy,rebalance,104.227,2.643561672502871e-06,0.00027553050243995673,2.7553050243995675e-07
2021-10-12,128127,buy,rebalance,99.147,3.663921308620714e-06,0.00036326680598581796,3.6326680598581797e-07
2021-10-12,127027,buy,rebalance,127.406,2.1766621493317e-06,0.0002773198177977546,2.773198177977546e-07
2021-10-12,113549,buy,rebalance,123.7,0.0010211056775680234,0.1263107723151645,0.0001263107723151645
2021-10-12,113505,buy,rebalance,116.97,0.0010798561367458706,0.1263107723151645,0.0001263107723151645
2021-10-12,128107,buy,rebalance,113.7,1.099035626496699e-05,0.0012496035073267468,1.2496035073267468e-06
2021-10-12,113044,buy,rebalance,106.22,1.712474328908389e-06,0.00018189902321664908,1.8189902321664907e-07
2021-10-12,128130,buy,rebalance,125.0,1.1862299361395507e-06,0.00014827874201744383,1.4827874201744384e-07
2021-10-12,128066,buy,rebalance,105.3,0.0011995325006188462,0.1263107723151645,0.0001263107723151645
2021-10-12,113607,buy,rebalance,126.0,1.4484169941518852e-05,0.0018250054126313755,1.8250054126313754e-06
2021-10-12,127028,buy,rebalance,108.938,0.0011594739421979887,0.1263107723151645,0.0001263107723151645
2021-10-12,127018,buy,rebalance,119.0,1.0226745156517e-05,0.0012169826736255231,1.2169826736255231e-06
2021-10-12,128141,buy,rebalance,123.5,0.001022759290001332,0.1263107723151645,0.0001263107723151645
2021-10-12,128075,buy,rebalance,120.825,1.56335578453747e-05,0.001888924626667398,1.888924626667398e-06
2021-10-21,113607,sell,rebalance,131.0,0.001003468023933816,0.1314543111353299,0.0001314543111353299
2021-10-21,113549,sell,rebalance,127.0,0.0010211056775680234,0.12968042105113897,0.000129680421051139
2021-10-21,113505,sell,rebalance,116.29,0.0010798561367458706,0.1255764701421773,0.0001255764701421773
2021-10-21,128141,sell,rebalance,123.64,0.001022759290001332,0.1264539586157647,0.0001264539586157647
2021-10-21,110080,sell,rebalance_resize,110.92,1.9143496362989152e-05,0.0021233966165827567,2.123396616582757e-06
2021-10-21,113591,sell,rebalance_resize,123.1,1.6333177788569156e-05,0.002010614185772863,2.0106141857728633e-06
2021-10-21,127028,sell,rebalance_resize,108.8,7.224593226488783e-07,7.860357430419795e-05,7.860357430419796e-08
2021-10-21,128066,sell,rebalance_resize,107.0,2.1288002143734456e-05,0.0022778162293795867,2.2778162293795867e-06
2021-10-21,128107,sell,rebalance_resize,114.999,1.5738545865248904e-05,0.0018099170359577586,1.8099170359577587e-06
2021-10-21,127018,sell,rebalance_resize,120.858,1.9357861562267646e-05,0.002339552432692543,2.3395524326925433e-06
2021-10-21,128100,buy,rebalance,101.969,2.3246254479536613e-05,0.0023703973230238687,2.370397323023869e-06
2021-10-21,113033,buy,rebalance,104.1,9.05439987796404e-06,0.0009425630272960566,9.425630272960566e-07
2021-10-21,128087,buy,rebalance,105.901,1.911719501410793e-06,0.00020245300691890437,2.0245300691890437e-07
2021-10-21,113044,buy,rebalance,105.88,3.608191844042669e-07,3.820353524472377e-05,3.8203535244723776e-08
2021-10-21,127042,buy,rebalance,119.534,5.406745345951717e-06,0.0006462898981829926,6.462898981829926e-07
2021-10-21,128127,buy,rebalance,96.745,2.784784807650714e-05,0.002694140062161683,2.6941400621616834e-06
2021-10-21,128130,buy,rebalance,121.967,2.2126024743275664e-05,0.0026986448598631026,2.6986448598631025e-06
2021-10-21,113609,buy,rebalance,113.11,0.0011134617125278558,0.12594365430402577,0.00012594365430402578
2021-10-21,127027,buy,rebalance,119.5,6.252688642683076e-05,0.007471962928006276,7.4719629280062765e-06
2021-10-21,113610,buy,rebalance,114.65,0.001098505488914311,0.12594365430402577,0.00012594365430402578
2021-10-21,128129,buy,rebalance,108.302,0.0011628931534415409,0.12594365430402577,0.00012594365430402578
2021-10-21,128037,buy,rebalance,108.505,1.755837212898295e-05,0.001905171167855295,1.905171167855295e-06
2021-10-21,113628,buy,rebalance,108.3,0.0011629146288460366,0.12594365430402577,0.00012594365430402578
2021-10-21,128075,buy,rebalance,120.463,1.1667014738645992e-07,1.4054435964615121e-05,1.4054435964615122e-08
2021-10-21,127018,buy,rebalance,120.858,2.294203444357366e-19,2.7727283987814253e-17,2.772728398781425e-20
2021-11-11,127018,sell,rebalance,114.03,0.0010431428729321764,0.11894958180045608,0.00011894958180045608
2021-11-11,127027,sell,rebalance,114.399,0.001054933366479001,0.12068332219183124,0.00012068332219183125
2021-11-11,128075,sell,rebalance,122.98,0.0010465632351539128,0.1287063466592282,0.0001287063466592282
2021-11-11,113610,sell,rebalance,114.99,0.001098505488914311,0.1263171461702566,0.00012631714617025662
2021-11-11,113628,sell,rebalance,112.58,0.0011629146288460366,0.1309209289154868,0.0001309209289154868
2021-11-11,128100,sell,rebalance_resize,102.6,2.069002029617145e-06,0.00021227960823871905,2.1227960823871906e-07
2021-11-11,128087,sell,rebalance_resize,109.019,2.885953590103369e-05,0.003146237744394792,3.146237744394792e-06
2021-11-11,113591,sell,rebalance_resize,125.6,1.588311961684078e-05,0.001994919823875202,1.994919823875202e-06
2021-11-11,113609,sell,rebalance_resize,116.93,3.0441082899161367e-05,0.0035594758233989388,3.559475823398939e-06
2021-11-11,128127,sell,rebalance_resize,97.63,5.9926540344835924e-06,0.0005850628133866331,5.850628133866332e-07
2021-11-11,127028,sell,rebalance_resize,113.5,4.300168355830705e-05,0.00488069108386785,4.88069108386785e-06
2021-11-11,127042,sell,rebalance_resize,126.0,4.963123292975258e-05,0.0062535353491488255,6.253535349148826e-06
2021-11-11,128037,sell,rebalance_resize,109.199,2.1883224566803924e-06,0.00023896262394704215,2.389626239470422e-07
2021-11-11,113033,buy,rebalance,103.59,1.141829741676423e-05,0.0011828214294026067,1.1828214294026067e-06
2021-11-11,113044,buy,rebalance,105.25,1.2487115235221199e-05,0.0013142688785070312,1.3142688785070312e-06
2021-11-11,128129,buy,rebalance,107.04,2.017273854634357e-05,0.002159289934000616,2.159289934000616e-06
2021-11-11,128107,buy,rebalance,113.821,1.6297120883332685e-05,0.0018549545960618093,1.8549545960618093e-06
2021-11-11,128034,buy,rebalance,107.799,0.0011735452337377718,0.12650700265169806,0.00012650700265169808
2021-11-11,128066,buy,rebalance,107.02,5.058093502288032e-06,0.0005413171666148652,5.413171666148652e-07
2021-11-11,128130,buy,rebalance,121.101,1.2071028330285493e-05,0.0014618136018259035,1.4618136018259035e-06
2021-11-11,127028,buy,rebalance,113.5,2.442903231935074e-19,2.772695168246309e-17,2.772695168246309e-20
2021-11-11,110063,buy,rebalance,116.5,0.0010858970184695112,0.12650700265169806,0.00012650700265169808
2021-11-11,110080,buy,rebalance,107.8,3.810209987731124e-05,0.004107406366774151,4.107406366774151e-06
2021-11-11,110047,buy,rebalance,116.05,0.0010901077350426373,0.12650700265169806,0.00012650700265169808
2021-11-11,110057,buy,rebalance,113.4,0.0011155820339655914,0.12650700265169806,0.00012650700265169808
2021-11-11,127020,buy,rebalance,117.7,0.0010748258509065255,0.12650700265169806,0.00012650700265169808
2021-11-23,110063,sell,rebalance,119.11,0.0010858970184695112,0.12934119386990348,0.00012934119386990347
2021-11-23,110047,sell,rebalance,117.9,0.0010901077350426373,0.12852370196152696,0.00012852370196152695
2021-11-23,127020,sell,rebalance,123.5,0.0010748258509065255,0.1327409925869559,0.0001327409925869559
2021-11-23,113033,sell,rebalance_resize,106.39,2.674785125279267e-06,0.00028457038947846125,2.8457038947846127e-07
2021-11-23,128066,sell,rebalance_resize,111.838,2.2921093368599378e-05,0.002563449240157417,2.563449240157417e-06
2021-11-23,128107,sell,rebalance_resize,117.03,3.684787755257567e-06,0.0004312307109977931,4.3123071099779307e-07
2021-11-23,113591,sell,rebalance_resize,131.24,1.9425854519305787e-05,0.0025494491471136915,2.5494491471136915e-06
2021-11-23,113609,sell,rebalance_resize,122.16,2.068642824189819e-05,0.0025270540740302827,2.5270540740302827e-06
2021-11-23,128130,sell,rebalance_resize,125.63,1.2714729374685495e-05,0.0015973514513417386,1.5973514513417387e-06
2021-11-23,127028,sell,rebalance_resize,117.025,6.800890610252366e-06,0.0007958742236647831,7.958742236647831e-07
2021-11-23,110057,sell,rebalance_resize,117.1,7.343382886078011e-06,0.000859910135959735,8.59910135959735e-07
2021-11-23,128100,buy,rebalance,104.411,8.62866418703372e-06,0.0009009274564323777,9.009274564323777e-07
2021-11-23,113044,buy,rebalance,106.02,2.0842927382419936e-05,0.0022097671610841617,2.209767161084162e-06
2021-11-23,128087,buy,rebalance,111.402,3.3091596147615477e-06,0.0003686469994036659,3.686469994036659e-07
2021-11-23,128129,buy,rebalance,108.58,1.2120993121370564e-05,0.0013160974331184157,1.3160974331184157e-06
2021-11-23,128034,buy,rebalance,108.314,2.4564047365534235e-05,0.002660630226350475,2.6606302263504753e-06
2021-11-23,127042,buy,rebalance,125.2,3.144681622032928e-05,0.003937141390785225,3.937141390785225e-06
2021-11-23,128127,buy,rebalance,99.79,3.3572990616872846e-06,0.00033502487336577413,3.350248733657741e-07
2021-11-23,113011,buy,rebalance,113.95,0.0011377039540693024,0.12964136556619701,0.00012964136556619702
2021-11-23,110080,buy,rebalance,109.88,6.345806062401889e-06,0.0006972771701367195,6.972771701367195e-07
2021-11-23,113505,buy,rebalance,129.94,0.0009977017513175081,0.12964136556619701,0.00012964136556619702
2021-11-23,128037,buy,rebalance,110.911,1.0373733611058313e-05,0.0011505611685360885,1.1505611685360886e-06
2021-11-23,113037,buy,rebalance,104.45,0.0012411810968520538,0.12964136556619701,0.00012964136556619702
2021-12-01,113037,sell,rebalance,105.33,0.0012411810968520538,0.13073360493142683,0.00013073360493142682
2021-12-01,128100,sell,rebalance_resize,106.178,1.4468109454414517e-05,0.0015361949256508245,1.5361949256508245e-06
2021-12-01,128087,sell,rebalance_resize,112.87,9.308201189408559e-06,0.001050616668248544,1.050616668248544e-06
2021-12-01,128066,sell,rebalance_resize,112.489,8.561051873679561e-07,9.630241642183401e-05,9.630241642183401e-08
2021-12-01,113033,sell,rebalance_resize,107.49,6.351068725116474e-06,0.0006826763772627698,6.826763772627697e-07
2021-12-01,128034,sell,rebalance_resize,109.0,1.4684372447413152e-06,0.00016005965967680336,1.6005965967680336e-07
2021-12-01,113591,sell,rebalance_resize,132.55,4.80021362880687e-06,0.0006362683164983507,6.362683164983507e-07
2021-12-01,110057,sell,rebalance_resize,118.1,3.802986552980261e-06,0.0004491327119069688,4.491327119069688e-07
2021-12-01,128107,sell,rebalance_resize,119.91,2.1136939928870673e-05,0.0025345304668708823,2.5345304668708822e-06
2021-12-01,128037,sell,rebalance_resize,111.8,3.3980498420008945e-06,0.0003799019723357,3.7990197233570003e-07
2021-12-01,113609,sell,rebalance_resize,127.4,3.852060656274947e-05,0.004907525276094282,4.907525276094282e-06
2021-12-01,128100,buy,rebalance,106.178,2.6112231067644873e-19,2.7725444703003973e-17,2.7725444703003977e-20
2021-12-01,113044,buy,rebalance,105.91,7.507878718147791e-06,0.0007951594350390325,7.951594350390325e-07
2021-12-01,128129,buy,rebalance,108.637,5.446499041178298e-06,0.0005916913163364868,5.916913163364868e-07
2021-12-01,113011,buy,rebalance,113.08,1.5744199118666305e-05,0.0017803540363387858,1.7803540363387857e-06
2021-12-01,128034,buy,rebalance,109.0,2.5436187800921074e-19,2.7725444703003973e-17,2.7725444703003977e-20
2021-12-01,128130,buy,rebalance,124.86,1.1636477281683664e-05,0.0014529305533910223,1.4529305533910222e-06
2021-12-01,127042,buy,rebalance,124.001,1.5353583202699177e-05,0.0019038596707179009,1.903859670717901e-06
2021-12-01,128127,buy,rebalance,99.8,6.4703818401296165e-06,0.0006457441076449357,6.457441076449357e-07
2021-12-01,127028,buy,rebalance,117.49,1.2195844399812059e-06,0.00014328897585339187,1.4328897585339188e-07
2021-12-01,110080,buy,rebalance,109.86,6.2142949173289055e-06,0.0006827024396177535,6.827024396177535e-07
2021-12-01,127020,buy,rebalance,123.15,0.0010579963908223594,0.13029225552977355,0.00013029225552977356
2021-12-01,113505,buy,rebalance,125.7,3.991479116308018e-05,0.005017289249199179,5.0172892491991795e-06
2021-12-13,110057,sell,rebalance,116.8,0.0011044356645265332,0.12899808561669907,0.00012899808561669907
2021-12-13,113505,sell,rebalance,121.11,0.0010376165424805883,0.12566573945982404,0.00012566573945982403
2021-12-13,127020,sell,rebalance,124.6,0.0010579963908223594,0.13182635029646597,0.00013182635029646597
2021-12-13,128100,sell,rebalance_resize,107.56,1.948693752139941e-05,0.002096014999801721,2.0960149998017207e-06
2021-12-13,128066,sell,rebalance_resize,114.312,2.1975982903748652e-05,0.002512118557693316,2.512118557693316e-06
2021-12-13,113044,sell,rebalance_resize,107.3,1.965785567875183e-05,0.0021092879143300713,2.1092879143300712e-06
2021-12-13,128127,sell,rebalance_resize,100.021,6.862928067670908e-06,0.0006864369282565119,6.86436928256512e-07
2021-12-13,128129,sell,rebalance_resize,109.967,1.8137287911584398e-05,0.0019945031397732016,1.9945031397732015e-06
2021-12-13,113033,sell,rebalance_resize,107.99,9.306688434564649e-06,0.0010050292840486363,1.0050292840486365e-06
2021-12-13,113011,sell,rebalance_resize,114.57,1.8460388370848125e-05,0.0021150066956480695,2.1150066956480695e-06
2021-12-13,128130,sell,rebalance_resize,126.1,1.3418427485596525e-05,0.0016920637059337218,1.692063705933722e-06
2021-12-13,128034,sell,rebalance_resize,109.943,1.3886614711665849e-05,0.0015267360812446784,1.5267360812446784e-06
2021-12-13,113609,sell,rebalance_resize,127.97,7.672716375211122e-06,0.0009818775145357672,9.818775145357672e-07
2021-12-13,128100,buy,rebalance,107.56,2.5777888554583525e-19,2.772669692931004e-17,2.772669692931004e-20
2021-12-13,113591,buy,rebalance,124.84,5.7522647677379816e-05,0.007181127336044096,7.181127336044096e-06
2021-12-13,113017,buy,rebalance,107.86,0.0012043412837554736,0.12990025086586537,0.00012990025086586537
2021-12-13,128087,buy,rebalance,111.8,7.489519240257524e-06,0.0008373282510607911,8.373282510607911e-07
2021-12-13,113033,buy,rebalance,107.99,2.567524486462639e-19,2.772669692931004e-17,2.772669692931004e-20
2021-12-13,128037,buy,rebalance,111.2,2.7102977597655553e-06,0.00030138511088592977,3.013851108859298e-07
2021-12-13,128107,buy,rebalance,118.011,1.411416190849739e-05,0.0016656263609836853,1.6656263609836853e-06
2021-12-13,110080,buy,rebalance,108.6,1.0103602764864319e-05,0.001097251260264265,1.097251260264265e-06
2021-12-13,127042,buy,rebalance,122.696,7.949954175446754e-06,0.0009754275775106148,9.754275775106147e-07
2021-12-13,113610,buy,rebalance,126.69,0.0010253394179956222,0.12990025086586537,0.00012990025086586537
2021-12-13,127028,buy,rebalance,116.55,5.53186454232698e-06,0.0006447388124082095,6.447388124082094e-07
2021-12-13,128081,buy,rebalance,132.961,0.0009769800984188249,0.12990025086586537,0.00012990025086586537
2021-12-21,128107,sell,rebalance,121.657,0.001101878751855821,0.1340512633145236,0.0001340512633145236
2021-12-21,113609,sell,rebalance,129.99,0.0010161408784488356,0.13208815278956415,0.00013208815278956416
2021-12-21,128100,sell,rebalance_resize,109.96,1.5234320301572895e-05,0.0016751658603609554,1.6751658603609554e-06
2021-12-21,113017,sell,rebalance_resize,112.94,4.211459587724566e-05,0.004756422458376125,4.756422458376125e-06
2021-12-21,127028,sell,rebalance_resize,124.5,6.138805143232539e-05,0.007642812403324511,7.642812403324511e-06
2021-12-21,128037,sell,rebalance_resize,113.696,1.4882921662805965e-05,0.0016921286613743869,1.6921286613743868e-06
2021-12-21,110080,sell,rebalance_resize,110.55,1.0017143066236466e-05,0.0011073951659724413,1.1073951659724414e-06
2021-12-21,127007,buy,rebalance,117.0,0.0007680798517319764,0.08986534265264123,8.986534265264124e-05
2021-12-21,113591,buy,rebalance,122.49,2.057665245469098e-05,0.0025204341591750982,2.520434159175098e-06
2021-12-21,110064,buy,rebalance,113.4,0.000792463339088547,0.08986534265264123,8.986534265264124e-05
2021-12-21,113044,buy,rebalance,107.98,2.5503903160807872e-06,0.0002753911463304034,2.753911463304034e-07
2021-12-21,128087,buy,rebalance,112.6,1.8041384344899212e-06,0.0002031459877235651,2.031459877235651e-07
2021-12-21,128066,buy,rebalance,114.951,2.974568927486047e-06,0.00034192967278344857,3.419296727834486e-07
2021-12-21,128129,buy,rebalance,109.419,1.1727613661118236e-05,0.0012832237591858962,1.2832237591858962e-06
2021-12-21,128034,buy,rebalance,109.555,1.0531344542880013e-05,0.00115376145139522,1.15376145139522e-06
2021-12-21,113033,buy,rebalance,108.9,8.208132777306528e-07,8.938656594486809e-05,8.93865659448681e-08
2021-12-21,128130,buy,rebalance,125.851,8.068055488250123e-06,0.0010153728512517662,1.0153728512517663e-06
2021-12-21,113610,buy,rebalance,124.69,1.8735723735046017e-05,0.0023361573925228876,2.3361573925228876e-06
2021-12-21,128081,buy,rebalance,132.001,1.1926578565182531e-05,0.0015743202971826593,1.5743202971826592e-06
2021-12-21,110080,buy,rebalance,110.55,1.7188781816623882e-19,1.90021982982777e-17,1.90021982982777e-20
2021-12-21,113011,buy,rebalance,113.15,1.7171726839691104e-05,0.0019429808919110485,1.9429808919110484e-06
2021-12-21,113567,buy,rebalance,129.3,0.0006950142509871711,0.08986534265264123,8.986534265264124e-05
2021-12-21,127042,buy,rebalance,122.4,8.619657298497503e-06,0.0010550460533360945,1.0550460533360946e-06
2021-12-31,110064,sell,rebalance,114.54,0.000792463339088547,0.09076875085920218,9.076875085920218e-05
2021-12-31,113567,sell,rebalance,129.44,0.0006950142509871711,0.08996264464777944,8.996264464777944e-05
2021-12-31,127042,sell,rebalance_resize,125.12,3.623219801187039e-08,4.533372615245224e-06,4.533372615245224e-09
2021-12-31,113591,sell,rebalance_resize,128.3,2.0221134146007638e-05,0.0025943715109327803,2.5943715109327805e-06
2021-12-31,128087,sell,rebalance_resize,117.2,2.4312237586931286e-05,0.002849394245188347,2.849394245188347e-06
2021-12-31,128127,sell,rebalance_resize,113.01,0.00011720067102387381,0.01324484783240798,1.324484783240798e-05
2021-12-31,128100,buy,rebalance,108.3,4.055742646203183e-05,0.004392369285838047,4.392369285838047e-06
2021-12-31,113017,buy,rebalance,114.93,8.931181260508535e-07,0.0001026460662270246,1.0264606622702461e-07
2021-12-31,113044,buy,rebalance,108.95,1.2509899964672008e-05,0.0013629536011510153,1.3629536011510154e-06
2021-12-31,128129,buy,rebalance,109.4,2.766078140245875e-05,0.0030260894854289874,3.0260894854289875e-06
2021-12-31,113011,buy,rebalance,112.5,3.604529431973106e-05,0.004055095610969744,4.055095610969745e-06
2021-12-31,127007,buy,rebalance,121.4,0.0003326888322909757,0.040388424240124454,4.0388424240124456e-05
2021-12-31,128087,buy,rebalance,117.2,2.3656370227748763e-19,2.772526590692155e-17,2.772526590692155e-20
2021-12-31,113033,buy,rebalance,110.13,8.840405722996264e-06,0.0009735938822735786,9.735938822735786e-07
2021-12-31,113610,buy,rebalance,124.0,3.3931888528947966e-05,0.004207554177589548,4.207554177589548e-06
2021-12-31,110080,buy,rebalance,110.92,1.7797607492832134e-05,0.0019741106231049403,1.97411062310494e-06
2021-12-31,128066,buy,rebalance,116.889,3.1001029913641697e-06,0.0003623679385575664,3.623679385575664e-07
2021-12-31,128130,buy,rebalance,127.8,6.704480052497626e-06,0.0008568325507091965,8.568325507091966e-07
2021-12-31,128037,buy,rebalance,114.686,1.1084578307919574e-05,0.0012712459478220644,1.2712459478220644e-06
2021-12-31,128034,buy,rebalance,111.019,1.079806048045849e-05,0.0011987898764800212,1.1987898764800212e-06
2021-12-31,127028,buy,rebalance,125.3,1.2533301938780119e-05,0.001570422732929149,1.5704227329291489e-06
2021-12-31,128107,buy,rebalance,122.43,0.0010906762454691939,0.1335314927327934,0.00013353149273279342
2021-12-31,128081,buy,rebalance,133.9,9.421123157266701e-06,0.0012614883907580113,1.2614883907580114e-06
2022-01-11,128127,sell,rebalance,113.214,0.001182881793809486,0.13391877940434715,0.00013391877940434715
2022-01-11,128034,sell,rebalance,115.68,0.0012040836341702375,0.1392883948008131,0.0001392883948008131
2022-01-11,113610,sell,rebalance,129.0,0.0010780070302596162,0.1390629069034905,0.0001390629069034905
2022-01-11,127007,sell,rebalance,153.0,0.001100768684022952,0.16841760865551167,0.00016841760865551168
2022-01-11,128107,sell,rebalance,129.9,0.0010906762454691939,0.14167884428644828,0.00014167884428644827
2022-01-11,113017,sell,rebalance_resize,121.25,1.0314626602235547e-05,0.00125064847552106,1.25064847552106e-06
2022-01-11,113591,sell,rebalance_resize,137.86,2.8003295378762363e-05,0.0038605343009161797,3.86053430091618e-06
2022-01-11,128037,sell,rebalance_resize,119.98,5.755254913519671e-07,6.905154845240902e-05,6.905154845240902e-08
2022-01-11,128087,sell,rebalance_resize,127.901,4.7734784285578587e-05,0.0061053266449097865,6.1053266449097865e-06
2022-01-11,128100,buy,rebalance,111.698,1.709011745045341e-05,0.0019089319389807447,1.908931938980745e-06
2022-01-11,113026,buy,rebalance,128.88,0.0010834562447435787,0.13963584082255243,0.00013963584082255244
2022-01-11,113044,buy,rebalance,111.02,3.205054146348403e-05,0.0035582511132759963,3.5582511132759963e-06
2022-01-11,113011,buy,rebalance,115.04,2.6803011993187524e-05,0.003083418499696293,3.083418499696293e-06
2022-01-11,127042,buy,rebalance,125.74,4.3202133004958966e-05,0.00543223620404354,5.43223620404354e-06
2022-01-11,128081,buy,rebalance,132.411,5.724863131223834e-05,0.00758034852068479,7.5803485206847905e-06
2022-01-11,128130,buy,rebalance,131.24,1.9051929757595683e-05,0.0025003752613868575,2.5003752613868575e-06
2022-01-11,128129,buy,rebalance,113.99,4.338211311315096e-06,0.0004945127073768077,4.945127073768077e-07
2022-01-11,110080,buy,rebalance,115.1,9.241569763349102e-06,0.0010637046797614816,1.0637046797614816e-06
2022-01-11,110057,buy,rebalance,123.38,0.0011317542618135227,0.13963584082255243,0.00013963584082255244
2022-01-11,128066,buy,rebalance,119.28,2.8191925785240673e-05,0.0033627329076635075,3.3627329076635076e-06
2022-01-11,113609,buy,rebalance,131.62,0.0010609013890180248,0.13963584082255243,0.00013963584082255244
2022-01-11,127028,buy,rebalance,127.3,3.114027374275375e-05,0.0039641568474525525,3.964156847452553e-06
2022-01-11,113033,buy,rebalance,114.02,1.2086632381568344e-05,0.0013781178241464224,1.3781178241464224e-06
2022-01-11,128044,buy,rebalance,126.456,0.001104224717075919,0.13963584082255243,0.00013963584082255244
2022-01-11,113567,buy,rebalance,131.25,0.0010638921205527803,0.13963584082255243,0.00013963584082255244
2022-01-19,113026,sell,risk_exit_next_open,126.18,0.0010834562447435787,0.13671050896174478,0.00013671050896174478
2022-01-21,128087,sell,rebalance,126.2,0.0010928579761104115,0.13791867658513393,0.00013791867658513392
2022-01-21,110080,sell,rebalance,114.83,0.0012143922494313693,0.13944866200220413,0.00013944866200220414
2022-01-21,128037,sell,rebalance,119.734,0.001165007734643255,0.1394910360997755,0.0001394910360997755
2022-01-21,127028,sell,rebalance,126.129,0.0010979858819382975,0.13848786130299554,0.00013848786130299555
2022-01-21,113017,sell,rebalance,155.47,0.0011528051794020432,0.17922662124163566,0.00017922662124163566
2022-01-21,110057,sell,rebalance,121.53,0.0011317542618135227,0.13754209543819743,0.00013754209543819743
2022-01-21,127042,sell,rebalance_resize,129.5,1.220959436558254e-05,0.0015811424703429389,1.581142470342939e-06
2022-01-21,113591,sell,rebalance_resize,141.47,7.544154177301948e-06,0.0010672714914629067,1.0672714914629066e-06
2022-01-21,128044,sell,rebalance_resize,145.0,0.00012235870679561074,0.017742012485363556,1.7742012485363557e-05
2022-01-21,128100,buy,rebalance,112.039,1.933215406745305e-05,0.0021659552095633725,2.1659552095633728e-06
2022-01-21,113044,buy,rebalance,111.46,1.830716123843403e-05,0.002040516191635857,2.040516191635857e-06
2022-01-21,113011,buy,rebalance,115.05,2.243626076047023e-05,0.0025812918004921,2.5812918004921e-06
2022-01-21,113609,buy,rebalance,125.88,7.002950692318888e-05,0.008815314331491016,8.815314331491016e-06
2022-01-21,113549,buy,rebalance,132.39,0.0010742920357278128,0.14222552261000512,0.00014222552261000513
2022-01-21,128130,buy,rebalance,127.749,4.937091099495106e-05,0.006307084508694003,6.307084508694003e-06
2022-01-21,113567,buy,rebalance,132.11,1.3760725355932616e-05,0.0018179294267722582,1.8179294267722582e-06
2022-01-21,113033,buy,rebalance,114.5,1.7501056174434537e-05,0.0020038709319727547,2.0038709319727548e-06
2022-01-21,128034,buy,rebalance,116.182,0.0012241614244031358,0.14222552261000512,0.00014222552261000513
2022-01-21,128066,buy,rebalance,117.5,3.9807831928311756e-05,0.004677420251576631,4.6774202515766306e-06
2022-01-21,128081,buy,rebalance,134.06,6.408465735223641e-06,0.0008591189164640814,8.591189164640814e-07
2022-01-21,110079,buy,rebalance,128.2,0.0011094034524961399,0.14222552261000512,0.00014222552261000513
2022-01-21,113610,buy,rebalance,122.03,0.0011654963747439575,0.14222552261000512,0.00014222552261000513
2022-01-21,110053,buy,rebalance,125.66,0.0011318281283622881,0.14222552261000512,0.00014222552261000513
2022-01-21,128129,buy,rebalance,115.85,2.69618333535749e-06,0.00031235283940116523,3.123528394011652e-07
2022-01-21,110043,buy,rebalance,126.22,0.0011268065489621702,0.14222552261000512,0.00014222552261000513
2022-01-21,110045,buy,rebalance,116.05,0.001225553835501983,0.14222552261000512,0.00014222552261000513
2022-02-11,128081,sell,rebalance,135.14,0.001061984897188736,0.14351663900608577,0.00014351663900608578
2022-02-11,113609,sell,rebalance,123.66,0.0011309308959412136,0.13985091459209048,0.0001398509145920905
2022-02-11,128044,sell,rebalance,137.0,0.0009818660102803084,0.13451564340840225,0.00013451564340840225
2022-02-11,113549,sell,rebalance,136.59,0.0010742920357278128,0.14673754916006196,0.00014673754916006196
2022-02-11,113610,sell,rebalance,123.77,0.0011654963747439575,0.1442534863020596,0.0001442534863020596
2022-02-11,110045,sell,rebalance,119.01,0.001225553835501983,0.145853161963091,0.000145853161963091
2022-02-11,113044,sell,rebalance_resize,115.11,3.960407103975635e-05,0.004558824617386353,4.558824617386354e-06
2022-02-11,113011,sell,rebalance_resize,115.26,1.3532070752962286e-06,0.0001559706474986433,1.5597064749864332e-07
2022-02-11,128130,sell,rebalance_resize,128.69,7.31185682772437e-06,0.0009409628551598492,9.409628551598492e-07
2022-02-11,110043,sell,rebalance_resize,126.46,1.907687807350201e-07,2.412462001175064e-05,2.412462001175064e-08
2022-02-11,127042,sell,rebalance_resize,133.6,3.2980727574055216e-05,0.004406225203893777,4.406225203893777e-06
2022-02-11,113033,sell,rebalance_resize,119.37,4.986195389544302e-05,0.005952021436499033,5.952021436499033e-06
2022-02-11,110079,sell,rebalance_resize,128.9,4.113836035749735e-06,0.0005302734650081409,5.302734650081409e-07
2022-02-11,128034,sell,rebalance_resize,117.871,1.5451635212034666e-05,0.0018212996940777382,1.8212996940777381e-06
2022-02-11,113567,sell,rebalance_resize,132.6,3.204644085603804e-06,0.0004249358057510644,4.249358057510644e-07
2022-02-11,128066,sell,rebalance_resize,120.4,2.8302980002708857e-05,0.0034076787923261465,3.4076787923261464e-06
2022-02-11,128100,buy,rebalance,105.39,8.106667997725777e-05,0.008543617402803197,8.543617402803197e-06
2022-02-11,113591,buy,rebalance,128.29,0.00010407258480786433,0.013351471905000913,1.3351471905000914e-05
2022-02-11,110053,buy,rebalance,125.51,3.3117439902914235e-06,0.0004156569882214766,4.156569882214766e-07
2022-02-11,128048,buy,rebalance,130.2,0.00109313288407483,0.14232590150654284,0.00014232590150654284
2022-02-11,128034,buy,rebalance,117.871,2.352329778145362e-19,2.7727146327977192e-17,2.7727146327977195e-20
2022-02-11,128129,buy,rebalance,114.89,1.1141337908167663e-05,0.0012800283122693828,1.2800283122693828e-06
2022-02-11,128107,buy,rebalance,134.76,0.0010561435255754144,0.14232590150654284,0.00014232590150654284
2022-02-11,128087,buy,rebalance,127.865,0.0011130950729796492,0.14232590150654284,0.00014232590150654284
2022-02-11,128075,buy,rebalance,128.6,0.0011067332932079537,0.14232590150654284,0.00014232590150654284
2022-02-11,110064,buy,rebalance,138.99,0.0010240010181059272,0.14232590150654284,0.00014232590150654284
2022-02-11,113017,buy,rebalance,134.1,0.0010613415474015127,0.14232590150654284,0.00014232590150654284
2022-02-21,128100,sell,risk_exit_next_open,101.463,0.0013517702969183369,0.13715466963622522,0.00013715466963622522
2022-02-22,128087,sell,rebalance,124.55,0.0011130950729796492,0.1386359913396153,0.00013863599133961529
2022-02-22,128075,sell,rebalance,126.72,0.0011067332932079537,0.1402452429153119,0.0001402452429153119
2022-02-22,110064,sell,rebalance,149.8,0.0010240010181059272,0.1533953525122679,0.0001533953525122679
2022-02-22,113017,sell,rebalance,128.68,0.0010613415474015127,0.13657343031962665,0.00013657343031962666
2022-02-22,128130,sell,rebalance_resize,127.4,8.752324425032993e-06,0.0011150461317492033,1.1150461317492033e-06
2022-02-22,110079,sell,rebalance_resize,126.77,1.4903333076465226e-06,0.00018892955341034967,1.8892955341034967e-07
2022-02-22,128107,sell,rebalance_resize,136.5,3.102531952945616e-05,0.004234956115770766,4.234956115770766e-06
2022-02-22,128066,sell,rebalance_resize,119.9,1.6276363689719187e-05,0.0019515360063973306,1.9515360063973307e-06
2022-02-22,110043,sell,rebalance_resize,124.86,5.931532822206434e-06,0.0007406111881806954,7.406111881806954e-07
2022-02-22,113044,buy,rebalance,112.14,1.0091248666444683e-05,0.0011316326254551068,1.1316326254551067e-06
2022-02-22,113011,buy,rebalance,112.62,6.387460037900929e-06,0.0007193557494684027,7.193557494684027e-07
2022-02-22,113591,buy,rebalance,124.86,1.0235496388094758e-05,0.0012780040790175114,1.2780040790175115e-06
2022-02-22,128129,buy,rebalance,110.048,3.143163600669399e-05,0.0034589886792646607,3.458988679264661e-06
2022-02-22,113033,buy,rebalance,115.39,1.9107616422803953e-05,0.0022048278590273483,2.204827859027348e-06
2022-02-22,127042,buy,rebalance,131.099,9.44016300042618e-07,0.00012375959291928716,1.2375959291928715e-07
2022-02-22,128034,buy,rebalance,114.5,1.3360845246491423e-05,0.001529816780723268,1.529816780723268e-06
2022-02-22,113567,buy,rebalance,128.4,1.5323175980938012e-05,0.0019674957959524408,1.967495795952441e-06
2022-02-22,110080,buy,rebalance,115.77,0.0012074564542982659,0.13978723371411023,0.00013978723371411023
2022-02-22,128044,buy,rebalance,130.501,0.001071158333760739,0.13978723371411023,0.00013978723371411023
2022-02-22,128048,buy,rebalance,127.45,4.772332621670324e-06,0.0006082337926318828,6.082337926318828e-07
2022-02-22,110053,buy,rebalance,122.52,6.941215365608282e-06,0.0008504377065943267,8.504377065943267e-07
2022-02-22,127040,buy,rebalance,133.02,0.0010508738063006332,0.13978723371411023,0.00013978723371411023
2022-02-22,128081,buy,rebalance,130.573,0.0010705676802563334,0.13978723371411023,0.00013978723371411023
2022-02-22,113549,buy,rebalance,125.5,0.0011138424997140257,0.13978723371411023,0.00013978723371411023
2022-03-01,113567,sell,rebalance,133.81,0.0010897713778040472,0.14582230806395954,0.00014582230806395956
2022-03-01,110080,sell,rebalance,115.7,0.0012074564542982659,0.13970271176230936,0.00013970271176230937
2022-03-01,128044,sell,rebalance,130.8,0.001071158333760739,0.1401075100559047,0.0001401075100559047
2022-03-01,113549,sell,rebalance,128.15,0.0011138424997140257,0.1427389163383524,0.0001427389163383524
2022-03-01,128066,sell,rebalance_resize,120.0,5.7598784444119755e-06,0.0006911854133294371,6.91185413329437e-07
2022-03-01,128130,sell,rebalance_resize,127.04,1.4096208049901492e-06,0.00017907822706594856,1.7907822706594857e-07
2022-03-01,128081,sell,rebalance_resize,131.197,8.39282746557125e-06,0.0011011137850005515,1.1011137850005515e-06
2022-03-01,113591,sell,rebalance_resize,126.1,1.5565613244613704e-05,0.001962823830145788,1.962823830145788e-06
2022-03-01,113033,sell,rebalance_resize,117.19,2.3508838037511377e-05,0.0027550007296159584,2.7550007296159584e-06
2022-03-01,127040,buy,rebalance,129.8,2.2709953731748198e-05,0.0029477519943809163,2.9477519943809163e-06
2022-03-01,113044,buy,rebalance,111.2,5.386538244301933e-06,0.0005989830527663749,5.989830527663749e-07
2022-03-01,113011,buy,rebalance,111.8,3.977004497999971e-06,0.0004446291028763968,4.446291028763968e-07
2022-03-01,110052,buy,rebalance,125.87,0.0011060087252618448,0.13921331824870842,0.00013921331824870843
2022-03-01,127042,buy,rebalance,128.89,1.3822778040266707e-05,0.0017816178616099757,1.7816178616099759e-06
2022-03-01,110064,buy,rebalance,126.3,0.0011022432165376755,0.13921331824870842,0.00013921331824870843
2022-03-01,110079,buy,rebalance,124.4,1.639437384602404e-05,0.0020394601064453906,2.0394601064453907e-06
2022-03-01,128048,buy,rebalance,125.9,8.949543282332386e-06,0.0011267474992456474,1.1267474992456474e-06
2022-03-01,128129,buy,rebalance,109.001,6.967840576054369e-06,0.0007595015906305023,7.595015906305024e-07
2022-03-01,110053,buy,rebalance,121.63,3.637128359105544e-06,0.0004423839223180073,4.423839223180073e-07
2022-03-01,128034,buy,rebalance,113.122,9.81203442944444e-06,0.001109956958727614,1.1099569587276141e-06
2022-03-01,110043,buy,rebalance,123.77,5.222678523094205e-06,0.0006464109208033698,6.464109208033698e-07
2022-03-01,113516,buy,rebalance,120.1,0.001159145031213226,0.13921331824870842,0.00013921331824870843
2022-03-01,113017,buy,rebalance,124.63,0.0011170129041860582,0.13921331824870842,0.00013921331824870843
2022-03-01,128107,buy,rebalance,130.9,3.942673702794989e-05,0.005160959876958641,5.160959876958641e-06
2022-03-11,128129,sell,rebalance,104.549,0.0012784597004400144,0.13366168322130306,0.00013366168322130305
2022-03-11,110079,sell,rebalance,119.5,0.0011201936569987677,0.13386314201135274,0.00013386314201135275
2022-03-11,128048,sell,rebalance,121.986,0.0011068547599788327,0.1350207847507779,0.0001350207847507779
2022-03-11,110052,sell,rebalance,117.5,0.0011060087252618448,0.12995602521826677,0.00012995602521826677
2022-03-11,110064,sell,rebalance,120.42,0.0011022432165376755,0.1327321281354669,0.0001327321281354669
2022-03-11,113516,sell,rebalance,117.22,0.001159145031213226,0.13587498055881433,0.00013587498055881434
2022-03-11,113044,sell,rebalance_resize,108.39,2.373015430318502e-05,0.0025721114249222243,2.5721114249222243e-06
2022-03-11,113011,sell,rebalance_resize,108.8,2.163911503677435e-05,0.002354335716001049,2.354335716001049e-06
2022-03-11,113033,sell,rebalance_resize,112.98,9.629260365795537e-06,0.0010879138361275797,1.0879138361275797e-06
2022-03-11,128034,sell,rebalance_resize,108.2,2.7451095984169434e-07,2.970208585487133e-05,2.970208585487133e-08
2022-03-11,128130,sell,rebalance_resize,123.549,1.833089914126701e-05,0.002264764258004398,2.2647642580043983e-06
2022-03-11,128107,sell,rebalance_resize,126.0,6.925874140903839e-06,0.0008726601417538837,8.726601417538837e-07
2022-03-11,110053,sell,rebalance_resize,118.57,2.1825134475213986e-05,0.002587806194726122,2.5878061947261222e-06
2022-03-11,128081,buy,rebalance,121.75,3.2330358192861016e-05,0.003936221109980828,3.9362211099808285e-06
2022-03-11,128087,buy,rebalance,114.8,0.001159624991712499,0.13312494904859487,0.00013312494904859487
2022-03-11,113591,buy,rebalance,116.5,3.871512754658122e-05,0.004510312359176712,4.510312359176712e-06
2022-03-11,128044,buy,rebalance,118.999,0.0011187064517230807,0.13312494904859487,0.00013312494904859487
2022-03-11,127040,buy,rebalance,124.0,1.09257257863359e-06,0.00013547899975056515,1.3547899975056515e-07
2022-03-11,127042,buy,rebalance,122.48,6.834738656855096e-06,0.0008371187906916122,8.371187906916122e-07
2022-03-11,110080,buy,rebalance,110.1,0.0012091276026212068,0.13312494904859487,0.00013312494904859487
2022-03-11,110043,buy,rebalance,117.01,1.2956971437931426e-05,0.0015160952279523563,1.5160952279523563e-06
2022-03-11,128066,buy,rebalance,114.66,9.331923437390305e-07,0.00010699983413311723,1.0699983413311723e-07
2022-03-11,113017,buy,rebalance,117.0,2.193922067003542e-05,0.0025668888183941444,2.5668888183941446e-06
2022-03-11,127027,buy,rebalance,130.21,0.001022386522145725,0.13312494904859487,0.00013312494904859487
2022-03-11,127028,buy,rebalance,118.0,0.001128177534310126,0.13312494904859487,0.00013312494904859487
2022-03-11,113570,buy,rebalance,125.3,0.0010624497130773732,0.13312494904859487,0.00013312494904859487
2022-03-22,113011,sell,rebalance,107.88,0.0012248162011540308,0.13213317178049683,0.00013213317178049683
2022-03-22,110043,sell,rebalance,117.52,0.0011388638973202543,0.13383928521307628,0.0001338392852130763
2022-03-22,128107,sell,rebalance,145.009,0.0010576190689330044,0.153364283566906,0.000153364283566906
2022-03-22,127028,sell,rebalance,125.981,0.001128177534310126,0.14212893394992399,0.00014212893394992398
2022-03-22,113570,sell,rebalance,131.5,0.0010624497130773732,0.13971213726967457,0.00013971213726967458
2022-03-22,113591,sell,rebalance_resize,120.0,2.481619545410124e-06,0.0002977943454492149,2.9779434544921493e-07
2022-03-22,128066,sell,rebalance_resize,120.101,2.1835843419676405e-05,0.002622506630546556,2.622506630546556e-06
2022-03-22,110080,sell,rebalance_resize,116.01,2.8530976372281737e-05,0.0033098785689484045,3.3098785689484046e-06
2022-03-22,127040,sell,rebalance_resize,128.873,1.1916758370190206e-05,0.0015357484014415224,1.5357484014415224e-06
2022-03-22,113044,buy,rebalance,107.92,3.960833833406471e-05,0.004274531873012263,4.274531873012263e-06
2022-03-22,128081,buy,rebalance,123.5,1.4476224492504842e-05,0.001787813724824348,1.787813724824348e-06
2022-03-22,113033,buy,rebalance,111.82,4.528808337427226e-05,0.005064113482911124,5.064113482911124e-06
2022-03-22,128034,buy,rebalance,109.538,1.8724522758429574e-05,0.0020510467739128587,2.0510467739128585e-06
2022-03-22,127042,buy,rebalance,122.39,3.101515207028838e-05,0.0037959444618825954,3.7959444618825954e-06
2022-03-22,128130,buy,rebalance,125.5,1.2709562181616783e-05,0.0015950500537929063,1.5950500537929064e-06
2022-03-22,127027,buy,rebalance,132.524,1.1083112028752739e-05,0.0014687783384984279,1.4687783384984279e-06
2022-03-22,127029,buy,rebalance,128.59,0.0010640228503808805,0.13682269833047742,0.00013682269833047741
2022-03-22,113017,buy,rebalance,119.39,8.212825125519885e-06,0.000980529191735819,9.80529191735819e-07
2022-03-22,128087,buy,rebalance,116.0,2.1052128170490173e-05,0.00244204686777686,2.44204686777686e-06
2022-03-22,110071,buy,rebalance,129.6,0.0010557306969944246,0.13682269833047742,0.00013682269833047741
2022-03-22,123063,buy,rebalance,128.5,0.0010647680803928204,0.13682269833047742,0.00013682269833047741
2022-03-22,113050,buy,rebalance,118.89,0.0011508343706827942,0.13682269833047742,0.00013682269833047741
2022-03-22,128044,buy,rebalance,121.255,1.081141856785389e-05,0.0013109385584451235,1.3109385584451236e-06
2022-03-22,110064,buy,rebalance,127.6,0.0010722782000821115,0.13682269833047742,0.00013682269833047741
2022-03-22,110053,buy,rebalance,119.61,2.1148782720155046e-05,0.002529605901157745,2.529605901157745e-06
2022-03-31,128044,sell,rebalance,120.0,0.0011295178702909346,0.13554214443491217,0.00013554214443491216
2022-03-31,127029,sell,rebalance,128.679,0.0010640228503808805,0.1369173963641613,0.00013691739636416132
2022-03-31,110071,sell,rebalance,130.65,0.0010557306969944246,0.13793121556232157,0.00013793121556232156
2022-03-31,123063,sell,rebalance,129.999,0.0010647680803928204,0.13841878568298627,0.00013841878568298627
2022-03-31,113044,sell,rebalance_resize,108.17,2.0911663285587282e-05,0.002262014617601976,2.2620146176019762e-06
2022-03-31,110080,sell,rebalance_resize,114.53,1.7618825691776205e-06,0.00020178841064791286,2.0178841064791288e-07
2022-03-31,128034,sell,rebalance_resize,110.461,2.8073754948480897e-05,0.0031010550453641483,3.1010550453641485e-06
2022-03-31,110053,sell,rebalance_resize,119.33,1.3625261677120418e-05,0.0016259024759307794,1.6259024759307795e-06
2022-03-31,128130,sell,rebalance_resize,125.31,1.388644210272012e-05,0.0017401100598918584,1.7401100598918584e-06
2022-03-31,113050,sell,rebalance_resize,118.15,8.117966166150649e-06,0.0009591377025306992,9.591377025306992e-07
2022-03-31,127027,sell,rebalance_resize,131.15,4.022869449800139e-06,0.0005275993283412883,5.275993283412884e-07
2022-03-31,113017,sell,rebalance_resize,117.99,2.8989681726342408e-06,0.00034204925468911407,3.420492546891141e-07
2022-03-31,113033,buy,rebalance,108.43,2.034339229693031e-05,0.0022058340267561535,2.2058340267561536e-06
2022-03-31,113591,buy,rebalance,115.84,2.4137262519670772e-05,0.0027960604902786622,2.7960604902786622e-06
2022-03-31,127042,buy,rebalance,116.3,4.182850624497231e-05,0.0048646552762902796,4.86465527629028e-06
2022-03-31,128127,buy,rebalance,108.02,0.001248606462714571,0.13487447010242795,0.00013487447010242796
2022-03-31,110064,buy,rebalance,124.98,7.98205256671921e-06,0.0009975969297885668,9.975969297885669e-07
2022-03-31,110057,buy,rebalance,121.6,0.0011091650501844404,0.13487447010242795,0.00013487447010242796
2022-03-31,128081,buy,rebalance,119.201,2.3635501763775816e-05,0.0028173754457438407,2.8173754457438407e-06
2022-03-31,123107,buy,rebalance,129.0,0.001045538527925798,0.13487447010242795,0.00013487447010242796
2022-03-31,128130,buy,rebalance,125.31,2.2126976363002564e-19,2.7727314080478512e-17,2.772731408047851e-20
2022-03-31,110043,buy,rebalance,115.67,0.001166028098058511,0.13487447010242795,0.00013487447010242796
2022-03-31,128087,buy,rebalance,114.179,1.779689822202702e-06,0.00020320320420928232,2.0320320420928233e-07
2022-03-31,113050,buy,rebalance,118.15,2.3467891731255617e-19,2.7727314080478512e-17,2.772731408047851e-20
2022-03-31,128066,buy,rebalance,117.8,5.723771114122874e-06,0.0006742602372436746,6.742602372436746e-07
2022-03-31,127040,buy,rebalance,122.9,3.575518748458345e-05,0.0043943125418553055,4.394312541855305e-06
2022-04-12,127042,sell,rebalance,115.828,0.0011608511161757804,0.1344590630844083,0.0001344590630844083
2022-04-12,113591,sell,rebalance,115.9,0.001165479050945819,0.13507902200462044,0.00013507902200462043
2022-04-12,128087,sell,rebalance,113.501,0.001182456809705192,0.134210030358349,0.000134210030358349
2022-04-12,113050,sell,rebalance,122.97,0.0011427164045166437,0.14051983626341166,0.00014051983626341166
2022-04-12,110043,sell,rebalance,118.66,0.001166028098058511,0.1383608941156229,0.00013836089411562293
2022-04-12,113044,sell,rebalance_resize,108.84,3.43042132405127e-06,0.00037336705690974026,3.7336705690974025e-07
2022-04-12,110080,sell,rebalance_resize,115.0,7.927097918648396e-07,9.116162606445655e-05,9.116162606445655e-08
2022-04-12,113033,sell,rebalance_resize,110.1,1.4661506786392828e-05,0.0016142318971818503,1.6142318971818505e-06
2022-04-12,128127,sell,rebalance_resize,108.9,4.576766689718026e-06,0.0004984098925102931,4.984098925102932e-07
2022-04-12,110053,sell,rebalance_resize,122.48,2.531900387709898e-05,0.003101071594867083,3.101071594867083e-06
2022-04-12,128034,sell,rebalance_resize,114.12,3.5132796229705746e-05,0.0040093547057340195,4.00935470573402e-06
2022-04-12,128066,sell,rebalance_resize,119.3,1.0524565401755193e-05,0.0012555806524293944,1.2555806524293945e-06
2022-04-12,110064,sell,rebalance_resize,127.8,2.0206779275540428e-05,0.0025824263914140666,2.5824263914140667e-06
2022-04-12,127039,buy,rebalance,125.0,0.0009121278149086411,0.11401597686358014,0.00011401597686358015
2022-04-12,128037,buy,rebalance,116.8,0.0009761641854758574,0.11401597686358014,0.00011401597686358015
2022-04-12,128130,buy,rebalance,124.338,1.0221679364212432e-05,0.0012709431687874455,1.2709431687874455e-06
2022-04-12,110052,buy,rebalance,123.92,0.0009200772826305693,0.11401597686358014,0.00011401597686358015
2022-04-12,123107,buy,rebalance,128.15,9.779216005619662e-06,0.0012532065311201598,1.2532065311201599e-06
2022-04-12,127040,buy,rebalance,120.19,2.4118225766498776e-05,0.002898769554875488,2.8987695548754877e-06
2022-04-12,128107,buy,rebalance,131.0,0.0008703509684242759,0.11401597686358014,0.00011401597686358015
2022-04-12,110057,buy,rebalance,117.4,3.7699045148550743e-05,0.004425867900439857,4.425867900439858e-06
2022-04-12,113567,buy,rebalance,130.01,0.0008769785159878482,0.11401597686358014,0.00011401597686358015
2022-04-12,113017,buy,rebalance,117.97,3.4655453073905587e-06,0.0004088303799128642,4.088303799128642e-07
2022-04-12,128081,buy,rebalance,116.866,2.2399501218067623e-05,0.0026177401093506907,2.6177401093506908e-06
2022-04-12,110079,buy,rebalance,123.82,0.0009208203590985313,0.11401597686358014,0.00011401597686358015
2022-04-21,128066,sell,rebalance,114.4,0.0011355811726496772,0.12991048615112308,0.00012991048615112308
2022-04-21,127040,sell,rebalance,121.543,0.001122632987491907,0.13644818119872887,0.00013644818119872888
2022-04-21,110064,sell,rebalance,122.39,0.0010600534733732903,0.12973994460615698,0.000129739944606157
2022-04-21,127039,sell,rebalance,118.849,0.0009121278149086411,0.10840547867407709,0.00010840547867407709
2022-04-21,128037,sell,rebalance,114.7,0.0009761641854758574,0.11196603207408085,0.00011196603207408085
2022-04-21,113567,sell,rebalance,135.5,0.0008769785159878482,0.11883058891635342,0.00011883058891635343
2022-04-21,113044,sell,rebalance_resize,109.07,1.5221712675661356e-05,0.001660232201534384,1.660232201534384e-06
2022-04-21,110053,sell,rebalance_resize,121.31,6.579296706677389e-07,7.981344834870341e-05,7.981344834870341e-08
2022-04-21,128034,sell,rebalance_resize,113.949,1.0276080270690627e-05,0.0011709490707649262,1.1709490707649262e-06
2022-04-21,113033,sell,rebalance_resize,112.1,3.420953806797211e-05,0.0038348892174196736,3.834889217419674e-06
2022-04-21,110057,sell,rebalance_resize,117.61,6.6473938773392365e-06,0.0007817999939138676,7.817999939138676e-07
2022-04-21,128127,sell,rebalance_resize,109.001,1.3757622757642469e-05,0.0014995946382057868,1.4995946382057867e-06
2022-04-21,113050,buy,rebalance,121.7,0.0009367309907758731,0.11400016157742376,0.00011400016157742377
2022-04-21,128130,buy,rebalance,123.001,2.2077540968854105e-06,0.00027155596167100236,2.715559616710024e-07
2022-04-21,110079,buy,rebalance,122.97,0.00014426045199579594,0.017739707781923027,1.7739707781923027e-05
2022-04-21,110043,buy,rebalance,117.58,0.0009695540191990454,0.11400016157742376,0.00011400016157742377
2022-04-21,113591,buy,rebalance,115.2,0.0009895847359151367,0.11400016157742376,0.00011400016157742377
2022-04-21,123107,buy,rebalance,126.91,1.142171537381248e-06,0.0001449529898090542,1.449529898090542e-07
2022-04-21,128107,buy,rebalance,124.771,0.0001737833088399252,0.021683117227266308,2.1683117227266308e-05
2022-04-21,128081,buy,rebalance,115.421,5.801877167299765e-06,0.0006696584645269063,6.696584645269063e-07
2022-04-21,110052,buy,rebalance,122.49,0.0001485249920668978,0.01819282627827431,1.819282627827431e-05
2022-04-21,127042,buy,rebalance,118.345,0.000963286675207434,0.11400016157742376,0.00011400016157742377
2022-04-21,110080,buy,rebalance,112.96,7.745927591206351e-06,0.0008749799807026695,8.749799807026695e-07
2022-04-21,113017,buy,rebalance,116.2,5.373401906461271e-06,0.0006243893015307997,6.243893015307997e-07
2022-04-21,128048,buy,rebalance,125.948,0.0009051367356164748,0.11400016157742376,0.00011400016157742377
2022-04-21,128044,buy,rebalance,119.0,0.0009579845510707879,0.11400016157742376,0.00011400016157742377
2022-05-11,113017,sell,rebalance,112.22,0.0011531049290228314,0.12940143513494215,0.00012940143513494215
2022-05-11,128127,sell,rebalance,108.7,0.0012302720732672106,0.1337305743641458,0.0001337305743641458
2022-05-11,110057,sell,rebalance,115.16,0.001140216701455652,0.13130735533963286,0.00013130735533963288
2022-05-11,110052,sell,rebalance,116.4,0.0010686022746974671,0.12438530477478518,0.00012438530477478518
2022-05-11,128107,sell,rebalance,143.643,0.0010441342772642011,0.14998257998906164,0.00014998257998906163
2022-05-11,113591,sell,rebalance,116.73,0.0009895847359151367,0.11551422622337391,0.00011551422622337392
2022-05-11,127042,sell,rebalance,109.098,0.000963286675207434,0.10509264969178063,0.00010509264969178063
2022-05-11,128044,sell,rebalance,121.5,0.0009579845510707879,0.11639512295510072,0.00011639512295510073
2022-05-11,113033,sell,rebalance_resize,111.85,1.89426437187568e-06,0.0002118734699942948,2.118734699942948e-07
2022-05-11,110053,sell,rebalance_resize,120.97,1.1167173290752683e-06,0.0001350892952982352,1.350892952982352e-07
2022-05-11,110080,sell,rebalance_resize,115.99,3.405119559058223e-05,0.003949598176551633,3.949598176551633e-06
2022-05-11,128081,sell,rebalance_resize,115.81,7.2914399201693695e-06,0.0008444216571548147,8.444216571548147e-07
2022-05-11,128034,sell,rebalance_resize,115.5,2.0227127351744718e-05,0.0023362332091265148,2.336233209126515e-06
2022-05-11,113044,buy,rebalance,107.76,1.0194797288711893e-05,0.0010985913558315937,1.0985913558315937e-06
2022-05-11,127027,buy,rebalance,128.78,7.895393943532007e-06,0.001016768832048052,1.016768832048052e-06
2022-05-11,128130,buy,rebalance,119.34,2.952358653787146e-05,0.00352334481742958,3.52334481742958e-06
2022-05-11,110079,buy,rebalance,123.09,2.0201847572019356e-05,0.002486645417639863,2.486645417639863e-06
2022-05-11,113050,buy,rebalance,120.5,0.00017172628349658873,0.020693017161338943,2.0693017161338943e-05
2022-05-11,113057,buy,rebalance,108.0,0.0012356991279363636,0.13345550581712726,0.00013345550581712727
2022-05-11,128048,buy,rebalance,121.11,0.00019771047620094356,0.023944715772696273,2.3944715772696274e-05
2022-05-11,110043,buy,rebalance,117.87,0.00016364794700888703,0.019289183513937515,1.9289183513937517e-05
2022-05-11,113055,buy,rebalance,125.07,0.0010670465004967399,0.13345550581712726,0.00013345550581712727
2022-05-11,127040,buy,rebalance,125.611,0.0010624507870897234,0.13345550581712726,0.00013345550581712727
2022-05-11,128087,buy,rebalance,114.002,0.0011706417941538506,0.13345550581712726,0.00013345550581712727
2022-05-11,123107,buy,rebalance,121.1,4.66305782130524e-05,0.005646963021600645,5.646963021600645e-06
2022-05-11,110064,buy,rebalance,127.7,0.001045070523235139,0.13345550581712726,0.00013345550581712727
2022-05-11,110071,buy,rebalance,132.3,0.001008733981988868,0.13345550581712726,0.00013345550581712727
2022-05-11,128119,buy,rebalance,125.74,0.0010613607906563326,0.13345550581712726,0.00013345550581712727
2022-05-23,128081,sell,rebalance,120.891,0.0011535268757051022,0.1394510175308655,0.0001394510175308655
2022-05-23,123107,sell,rebalance,122.073,0.0011030904936818516,0.13465756583522467,0.00013465756583522467
2022-05-23,110079,sell,rebalance,122.39,0.0010852826586663466,0.13282774459417415,0.00013282774459417415
2022-05-23,113057,sell,rebalance,111.43,0.0012356991279363636,0.137693953825949,0.000137693953825949
2022-05-23,113055,sell,rebalance,126.0,0.0010670465004967399,0.13444785906258921,0.0001344478590625892
2022-05-23,110064,sell,rebalance,125.0,0.001045070523235139,0.13063381540439237,0.00013063381540439237
2022-05-23,128119,sell,rebalance,125.68,0.0010613607906563326,0.1333918241696879,0.0001333918241696879
2022-05-23,113050,sell,rebalance_resize,122.75,5.033448182498423e-06,0.0006178557644016813,6.178557644016813e-07
2022-05-23,128087,sell,rebalance_resize,116.36,6.622589508413806e-06,0.0007706045151990304,7.706045151990305e-07
2022-05-23,128034,sell,rebalance_resize,117.4,2.915301315233206e-06,0.0003422563744083784,3.4225637440837843e-07
2022-05-23,110071,sell,rebalance_resize,135.67,1.0390393483354275e-05,0.0014096646838866744,1.4096646838866744e-06
2022-05-23,127027,sell,rebalance_resize,138.0,5.585466118601366e-05,0.007707943243669885,7.707943243669885e-06
2022-05-23,128066,buy,rebalance,119.01,0.0011369500413649942,0.13530842442284796,0.00013530842442284797
2022-05-23,113044,buy,rebalance,108.77,5.550591239349873e-06,0.0006037378091040856,6.037378091040856e-07
2022-05-23,113033,buy,rebalance,112.75,6.91448689279633e-06,0.0007796083971627863,7.796083971627863e-07
2022-05-23,128127,buy,rebalance,114.2,0.0011848373417061994,0.13530842442284796,0.00013530842442284797
2022-05-23,127040,buy,rebalance,126.901,4.8745217909893795e-06,0.0006185816897983432,6.185816897983432e-07
2022-05-23,110053,buy,rebalance,122.14,4.607010082922463e-06,0.0005627002115281497,5.627002115281497e-07
2022-05-23,128130,buy,rebalance,120.683,2.943203282137282e-06,0.00035519460169817363,3.5519460169817364e-07
2022-05-23,110043,buy,rebalance,117.92,1.5402491855662667e-05,0.0018162618396197418,1.8162618396197419e-06
2022-05-23,123023,buy,rebalance,118.999,0.0011370551384704743,0.13530842442284796,0.00013530842442284797
2022-05-23,128048,buy,rebalance,122.772,3.785045777514155e-07,4.646976401969679e-05,4.6469764019696794e-08
2022-05-23,128107,buy,rebalance,136.499,0.000991277770700503,0.13530842442284796,0.00013530842442284797
2022-05-23,110080,buy,rebalance,117.51,8.899797445736567e-07,0.00010458151978485041,1.0458151978485041e-07
2022-05-23,127013,buy,rebalance,135.25,0.0010004319735515562,0.13530842442284796,0.00013530842442284797
2022-05-23,127034,buy,rebalance,110.056,0.0012294506834961108,0.13530842442284796,0.00013530842442284797
2022-05-23,110083,buy,rebalance,116.88,0.0011576696134740585,0.13530842442284796,0.00013530842442284797
2022-05-25,128107,sell,risk_exit_next_open,118.888,0.000991277770700503,0.1178510316030414,0.00011785103160304141
2022-05-31,127027,sell,rebalance,140.73,0.000981487497482196,0.13812473552066942,0.00013812473552066943
2022-05-31,110071,sell,rebalance,141.0,0.0009983435885055137,0.14076644597927743,0.00014076644597927742
2022-05-31,128066,sell,rebalance,115.6,0.0011369500413649942,0.13143142478179332,0.0001314314247817933
2022-05-31,128127,sell,rebalance,110.153,0.0011848373417061994,0.130513387700963,0.00013051338770096298
2022-05-31,127034,sell,rebalance,106.55,0.0012294506834961108,0.13099797032651062,0.00013099797032651062
2022-05-31,113044,sell,rebalance_resize,109.72,2.4428005830257108e-05,0.00268024079969581,2.68024079969581e-06
2022-05-31,127040,sell,rebalance_resize,127.0,1.2621368385774266e-05,0.0016029137849933317,1.6029137849933318e-06
2022-05-31,128087,sell,rebalance_resize,115.39,3.195905894616161e-06,0.00036877558117975884,3.687755811797588e-07
2022-05-31,110053,sell,rebalance_resize,121.31,4.7555290521080835e-06,0.0005768932293112317,5.768932293112317e-07
2022-05-31,127013,sell,rebalance_resize,134.66,5.72381639384651e-06,0.000770769115595371,7.70769115595371e-07
2022-05-31,128034,sell,rebalance_resize,117.539,1.4107994528983847e-05,0.0016582395689422325,1.6582395689422325e-06
2022-05-31,128130,sell,rebalance_resize,120.169,7.661232197001864e-06,0.000920642611881517,9.206426118815169e-07
2022-05-31,110080,sell,rebalance_resize,119.0,2.701833855024693e-05,0.0032151822874793845,3.2151822874793846e-06
2022-05-31,113050,sell,rebalance_resize,122.05,5.944101035828368e-06,0.0007254775314228523,7.254775314228523e-07
2022-05-31,128048,sell,rebalance_resize,122.35,8.436991892863363e-06,0.0010322659580918325,1.0322659580918326e-06
2022-05-31,123023,sell,rebalance_resize,119.299,1.4267852383774778e-05,0.0017021405215319474,1.7021405215319474e-06
2022-05-31,110043,sell,rebalance_resize,117.46,8.238372222822034e-06,0.0009676792012926761,9.676792012926763e-07
2022-05-31,128114,buy,rebalance,111.89,0.0011959146556827433,0.13381089082434214,0.00013381089082434213
2022-05-31,127040,buy,rebalance,127.0,2.183251111527786e-19,2.7727289116402888e-17,2.7727289116402887e-20
2022-05-31,113033,buy,rebalance,111.0,5.446307464099658e-06,0.0006045401285150621,6.045401285150621e-07
2022-05-31,123146,buy,rebalance,113.953,0.0011742638704057124,0.13381089082434214,0.00013381089082434213
2022-05-31,127063,buy,rebalance,113.88,0.0011750166036559725,0.13381089082434214,0.00013381089082434213
2022-05-31,110084,buy,rebalance,115.79,0.0011556342587817786,0.13381089082434214,0.00013381089082434213
2022-05-31,110083,buy,rebalance,114.99,7.1843534144484844e-06,0.0008261287991274312,8.261287991274312e-07
2022-05-31,128081,buy,rebalance,122.75,0.0010901090902186732,0.13381089082434214,0.00013381089082434213
2022-05-31,113017,buy,rebalance,113.63,0.0011776017849541682,0.13381089082434214,0.00013381089082434213
2022-06-08,127013,sell,risk_exit_next_open,143.0,0.0009947081571577098,0.1422432664735525,0.00014224326647355252
2022-06-10,128114,sell,risk_exit_next_open,104.8,0.0011959146556827433,0.1253318559155515,0.0001253318559155515
2022-06-13,123146,sell,rebalance,116.798,0.0011742638704057124,0.1371516715356464,0.0001371516715356464
2022-06-13,127063,sell,rebalance,118.0,0.0011750166036559725,0.13865195923140475,0.00013865195923140475
2022-06-13,113017,sell,rebalance,114.1,0.0011776017849541682,0.1343643636632706,0.0001343643636632706
2022-06-13,127040,sell,rebalance_resize,130.6,1.5647533337621084e-05,0.0020435678538933133,2.0435678538933135e-06
2022-06-13,128081,sell,rebalance_resize,125.79,1.132089739932628e-05,0.0014240556838612528,1.4240556838612528e-06
2022-06-13,128087,sell,rebalance_resize,117.802,8.883885372901265e-06,0.0010465394646985149,1.0465394646985149e-06
2022-06-13,113050,sell,rebalance_resize,124.4,6.637548408269702e-06,0.0008257110219887509,8.257110219887509e-07
2022-06-13,110084,sell,rebalance_resize,126.99,8.704014290851558e-05,0.011053227747952393,1.1053227747952393e-05
2022-06-13,110083,sell,rebalance_resize,118.37,1.8442149918449956e-05,0.0021829972858469215,2.1829972858469215e-06
2022-06-13,113044,buy,rebalance,109.31,2.0598180707393217e-05,0.0022515871331251526,2.2515871331251525e-06
2022-06-13,128034,buy,rebalance,118.748,3.1596755253329996e-06,0.00037520514928224307,3.752051492822431e-07
2022-06-13,128048,buy,rebalance,122.35,1.4316043668447518e-05,0.0017515679428345538,1.7515679428345539e-06
2022-06-13,110053,buy,rebalance,122.2,6.300005294010396e-06,0.0007698606469280704,7.698606469280704e-07
2022-06-13,113033,buy,rebalance,109.09,3.7168118720502945e-05,0.004054670071219666,4.054670071219666e-06
2022-06-13,127018,buy,rebalance,119.25,0.0011367847505291703,0.13556158150060357,0.00013556158150060358
2022-06-13,128130,buy,rebalance,121.2,4.979651192586466e-06,0.0006035337245414797,6.035337245414797e-07
2022-06-13,110080,buy,rebalance,117.03,3.389508772842974e-05,0.003966742116858132,3.966742116858132e-06
2022-06-13,113599,buy,rebalance,134.39,0.0010087177729042607,0.13556158150060357,0.00013556158150060358
2022-06-13,128129,buy,rebalance,103.8,0.001305988261084813,0.13556158150060357,0.00013556158150060358
2022-06-13,113591,buy,rebalance,118.99,0.0011392686906513453,0.13556158150060357,0.00013556158150060358
2022-06-13,110043,buy,rebalance,117.99,9.727890761241244e-06,0.0011477938309188544,1.1477938309188545e-06
2022-06-13,123023,buy,rebalance,118.9,1.8495379094785824e-05,0.0021991005743700344,2.1991005743700344e-06
2022-06-13,113631,buy,rebalance,115.69,0.0011717657662771508,0.13556158150060357,0.00013556158150060358
2022-06-21,110083,sell,rebalance,119.0,0.001146411816970057,0.1364230062194368,0.0001364230062194368
2022-06-21,127018,sell,rebalance,116.5,0.0011367847505291703,0.13243542343664835,0.00013243542343664835
2022-06-21,110053,sell,rebalance_resize,122.56,3.901973368118066e-06,0.0004782258559965502,4.782258559965503e-07
2022-06-21,113591,sell,rebalance_resize,120.02,9.277678514256263e-06,0.0011135069752810367,1.1135069752810366e-06
2022-06-21,128048,sell,rebalance_resize,124.2,1.714404935679721e-05,0.0021292909301142138,2.129290930114214e-06
2022-06-21,128087,sell,rebalance_resize,119.0,1.226276399394122e-05,0.001459268915279005,1.459268915279005e-06
2022-06-21,128130,sell,rebalance_resize,123.7,2.326371281270744e-05,0.0028777212749319103,2.87772127493191e-06
2022-06-21,123023,sell,rebalance_resize,120.74,1.8030045695868257e-05,0.002176947717319133,2.1769477173191333e-06
2022-06-21,128034,sell,rebalance_resize,120.51,1.736289231291513e-05,0.0020924021526294023,2.0924021526294025e-06
2022-06-21,110043,sell,rebalance_resize,118.15,2.2182146325397624e-06,0.0002620820588345729,2.620820588345729e-07
2022-06-21,128081,sell,rebalance_resize,127.0,1.0902198514674376e-05,0.0013845792113636457,1.3845792113636458e-06
2022-06-21,128129,sell,rebalance_resize,104.126,3.513170553212681e-06,0.0003658123970238236,3.6581239702382363e-07
2022-06-21,113044,buy,rebalance,109.09,1.7964105364757352e-06,0.00019597042542413796,1.9597042542413796e-07
2022-06-21,113033,buy,rebalance,108.92,1.2507961501566318e-06,0.00013623671667506034,1.3623671667506033e-07
2022-06-21,127040,buy,rebalance,129.677,6.77745574394036e-06,0.000878880128506954,8.78880128506954e-07
2022-06-21,110084,buy,rebalance,124.74,1.8619936339308764e-05,0.0023226508589653753,2.3226508589653754e-06
2022-06-21,113599,buy,rebalance,128.36,4.7803527596657094e-05,0.006136060802306905,6.136060802306906e-06
2022-06-21,110080,buy,rebalance,116.85,1.1416152957086918e-06,0.00013339774730356064,1.3339774730356064e-07
2022-06-21,128087,buy,rebalance,119.0,2.3299532359504953e-19,2.772644350781089e-17,2.772644350781089e-20
2022-06-21,123023,buy,rebalance,120.74,2.296375973812398e-19,2.772644350781089e-17,2.772644350781089e-20
2022-06-21,110043,buy,rebalance,118.15,2.3467154894465414e-19,2.772644350781089e-17,2.772644350781089e-20
2022-06-21,128081,buy,rebalance,127.0,2.1831845281740857e-19,2.772644350781089e-17,2.772644350781089e-20
2022-06-21,113631,buy,rebalance,114.28,1.4966157370623128e-05,0.0017103324643148112,1.7103324643148112e-06
2022-06-21,113050,buy,rebalance,123.98,3.052996580464037e-06,0.00037851051604593134,3.7851051604593135e-07
2022-06-21,113017,buy,rebalance,114.41,0.0011841550007279686,0.13547917363328688,0.00013547917363328687
2022-06-21,128066,buy,rebalance,117.23,0.0011556698254140312,0.13547917363328688,0.00013547917363328687
2022-07-01,128129,sell,rebalance,105.05,0.0013024750905316002,0.1368250082603446,0.00013682500826034462
2022-07-01,113631,sell,rebalance,114.31,0.001186731923647774,0.13565532619217704,0.00013565532619217704
2022-07-01,113017,sell,rebalance,114.97,0.0011841550007279686,0.13614230043369455,0.00013614230043369454
2022-07-01,113599,sell,rebalance_resize,144.11,0.00010124902387775326,0.014590996831023023,1.4590996831023024e-05
2022-07-01,110053,sell,rebalance_resize,126.0,1.3998752152246865e-05,0.001763842771183105,1.763842771183105e-06
2022-07-01,128034,sell,rebalance_resize,122.399,6.789868346203918e-07,8.310730957070134e-05,8.310730957070134e-08
2022-07-01,128048,sell,rebalance_resize,126.7,5.423325095217621e-06,0.0006871352895640725,6.871352895640725e-07
2022-07-01,128087,sell,rebalance_resize,126.08,4.779619424308179e-05,0.006026144170167752,6.026144170167752e-06
2022-07-01,123023,sell,rebalance_resize,122.796,2.171413386361469e-06,0.00026664087819164295,2.6664087819164297e-07
2022-07-01,113044,buy,rebalance,109.06,1.9054445725550477e-05,0.002078077850828535,2.078077850828535e-06
2022-07-01,113033,buy,rebalance,109.44,1.2737242649572898e-05,0.001393963835569258,1.393963835569258e-06
2022-07-01,128130,buy,rebalance,123.4,1.919919957320386e-05,0.0023691812273333563,2.3691812273333565e-06
2022-07-01,110079,buy,rebalance,125.34,0.0010971702031220255,0.13751931325931468,0.00013751931325931468
2022-07-01,110080,buy,rebalance,118.4,2.0578537908471605e-06,0.00024364988883630382,2.436498888363038e-07
2022-07-01,127040,buy,rebalance,128.998,2.1325222823997822e-05,0.002750911093850071,2.750911093850071e-06
2022-07-01,128081,buy,rebalance,128.4,4.261287414518386e-06,0.0005471493040241608,5.471493040241608e-07
2022-07-01,110043,buy,rebalance,118.08,1.7961398639736563e-05,0.0021208819513800934,2.1208819513800935e-06
2022-07-01,113591,buy,rebalance,121.35,4.4442514568434915e-06,0.0005393099142879577,5.393099142879577e-07
2022-07-01,113050,buy,rebalance,122.5,2.9863448725021182e-05,0.003658272468815095,3.658272468815095e-06
2022-07-01,127020,buy,rebalance,117.5,0.0011703771341218271,0.13751931325931468,0.00013751931325931468
2022-07-01,110084,buy,rebalance,123.5,2.7447601539063915e-05,0.0033897787900743935,3.3897787900743937e-06
2022-07-01,128119,buy,rebalance,127.0,0.0010828292382623205,0.13751931325931468,0.00013751931325931468
2022-07-01,128066,buy,rebalance,118.845,2.6788821698772245e-06,0.00031837175147905874,3.1837175147905876e-07
2022-07-11,113599,sell,risk_exit_next_open,163.05,0.0009552722766231644,0.15575714470340699,0.000155757144703407
2022-07-12,123023,sell,rebalance,122.938,0.0011210812060992558,0.13782348131543032,0.00013782348131543033
2022-07-12,128066,sell,rebalance,116.222,0.0011583487075839084,0.134625603492817,0.000134625603492817
2022-07-12,127020,sell,rebalance,116.765,0.0011703771341218271,0.13665908606573515,0.00013665908606573515
2022-07-12,110043,sell,rebalance_resize,120.38,1.9010783696468424e-05,0.0022885181413808686,2.2885181413808686e-06
2022-07-12,128034,sell,rebalance_resize,123.489,6.763926518335647e-06,0.0008352705218227507,8.352705218227508e-07
2022-07-12,128087,sell,rebalance_resize,130.0,2.9919230119696847e-05,0.0038894999155605903,3.8894999155605905e-06
2022-07-12,113591,sell,rebalance_resize,125.89,3.7803606967068176e-05,0.004759096081084213,4.759096081084213e-06
2022-07-12,113044,buy,rebalance,108.42,1.1063315960877634e-05,0.001199484716478353,1.1994847164783531e-06
2022-07-12,128048,buy,rebalance,125.662,1.2071662985405328e-05,0.0015169493140720044,1.5169493140720044e-06
2022-07-12,110053,buy,rebalance,125.99,3.1842829912653716e-06,0.00040118781406952415,4.0118781406952417e-07
2022-07-12,127040,buy,rebalance,126.2,2.67514862166822e-05,0.003376037560545294,3.376037560545294e-06
2022-07-12,128081,buy,rebalance,125.5,2.786380065538137e-05,0.003496906982250362,3.496906982250362e-06
2022-07-12,128130,buy,rebalance,120.36,3.141122517611157e-05,0.0037806550621967885,3.7806550621967885e-06
2022-07-12,128119,buy,rebalance,126.441,9.01435804755001e-06,0.001139784445890271,1.1397844458902709e-06
2022-07-12,128087,buy,rebalance,130.0,2.1328677956125613e-19,2.7727281342963297e-17,2.7727281342963296e-20
2022-07-12,110084,buy,rebalance,122.8,9.554648764787582e-06,0.0011733108683159152,1.1733108683159152e-06
2022-07-12,113050,buy,rebalance,120.23,2.4473571555620758e-05,0.002942457508132284,2.942457508132284e-06
2022-07-12,113591,buy,rebalance,125.89,2.2025007024357214e-19,2.7727281342963297e-17,2.7727281342963296e-20
2022-07-12,110079,buy,rebalance,125.01,7.173802295567169e-06,0.0008967970249688518,8.967970249688518e-07
2022-07-12,110080,buy,rebalance,117.01,1.713562436452488e-05,0.0020050394068930563,2.0050394068930564e-06
2022-07-12,113516,buy,rebalance,120.53,0.0011442315177889355,0.1379142248391004,0.0001379142248391004
2022-07-12,113055,buy,rebalance,128.41,0.0010740146782890771,0.1379142248391004,0.0001379142248391004
2022-07-12,113033,buy,rebalance,108.07,1.9554783921280526e-05,0.0021132854983727865,2.1132854983727867e-06
2022-07-12,113631,buy,rebalance,114.49,0.0012045962515424963,0.1379142248391004,0.0001379142248391004
2022-07-12,128083,buy,rebalance,124.721,0.0011057819039223579,0.1379142248391004,0.0001379142248391004
2022-07-21,128087,sell,rebalance,129.787,0.0010619612250211997,0.13782876151182646,0.00013782876151182647
2022-07-21,113591,sell,rebalance,127.28,0.0010966316566268645,0.13957927725546732,0.0001395792772554673
2022-07-21,113055,sell,rebalance,128.61,0.0010740146782890771,0.13812902777475822,0.00013812902777475823
2022-07-21,113631,sell,rebalance,117.81,0.0012045962515424963,0.1419134843942215,0.0001419134843942215
2022-07-21,128083,sell,rebalance,128.58,0.0011057819039223579,0.1421814372063368,0.0001421814372063368
2022-07-21,128048,sell,rebalance_resize,126.799,1.3585199495249045e-07,1.7225897107980837e-05,1.7225897107980837e-08
2022-07-21,128034,sell,rebalance_resize,125.8,1.0757121604247865e-05,0.0013532458978143813,1.3532458978143813e-06
2022-07-21,110080,sell,rebalance_resize,119.63,1.553779511747381e-05,0.0018587864299033916,1.8587864299033917e-06
2022-07-21,128081,sell,rebalance_resize,130.065,2.912111286762715e-05,0.0037876375451279254,3.7876375451279254e-06
2022-07-21,128130,sell,rebalance_resize,121.915,4.506081341036776e-06,0.0005493589066924986,5.493589066924987e-07
2022-07-21,127040,sell,rebalance_resize,128.761,1.2175389053323542e-05,0.0015677152698949925,1.5677152698949926e-06
2022-07-21,113516,sell,rebalance_resize,121.99,2.4551108381950854e-06,0.00029949897115141844,2.9949897115141844e-07
2022-07-21,113044,buy,rebalance,108.69,8.159652325200503e-06,0.0008868726112260428,8.868726112260428e-07
2022-07-21,110053,buy,rebalance,126.65,4.003473768844857e-06,0.0005070399528242012,5.070399528242012e-07
2022-07-21,110043,buy,rebalance,121.39,5.929405618964125e-07,7.197705480860551e-05,7.19770548086055e-08
2022-07-21,110084,buy,rebalance,120.72,2.954189901165705e-05,0.003566298048687239,3.566298048687239e-06
2022-07-21,113050,buy,rebalance,120.09,1.159703995961189e-05,0.001392688528749792,1.392688528749792e-06
2022-07-21,110079,buy,rebalance,125.03,9.661272092755971e-06,0.001207948849757279,1.207948849757279e-06
2022-07-21,123107,buy,rebalance,136.999,0.0010156592850843877,0.139144306397276,0.00013914430639727602
2022-07-21,128119,buy,rebalance,123.95,3.1845827022525154e-05,0.003947290259441993,3.9472902594419935e-06
2022-07-21,113033,buy,rebalance,108.25,9.252168818356115e-06,0.0010015472745870495,1.0015472745870496e-06
2022-07-21,127020,buy,rebalance,116.79,0.001191405997065468,0.139144306397276,0.00013914430639727602
2022-07-21,127049,buy,rebalance,127.339,0.0010927077046095541,0.139144306397276,0.00013914430639727602
2022-07-21,123023,buy,rebalance,125.796,0.0011061107379986327,0.139144306397276,0.00013914430639727602
2022-07-21,123146,buy,rebalance,123.5,0.0011266745457269313,0.139144306397276,0.00013914430639727602
2022-08-11,123107,sell,rebalance,137.899,0.0010156592850843877,0.14005839975385198,0.000140058399753852
2022-08-11,127049,sell,rebalance,123.5,0.0010927077046095541,0.13494940151927995,0.00013494940151927994
2022-08-11,123146,sell,rebalance,120.945,0.0011266745457269313,0.1362656529329437,0.0001362656529329437
2022-08-11,113044,sell,rebalance_resize,109.809,1.1981748155172984e-05,0.0013157037831713903,1.3157037831713904e-06
2022-08-11,113050,sell,rebalance_resize,120.59,3.823917287791417e-06,0.000461126185734767,4.61126185734767e-07
2022-08-11,113033,sell,rebalance_resize,109.36,1.1977275138296297e-05,0.001309834809124083,1.309834809124083e-06
2022-08-11,110084,sell,rebalance_resize,124.5,3.405795190558614e-05,0.004240215012245474,4.240215012245474e-06
2022-08-11,123023,sell,rebalance_resize,145.0,0.00014471293746069807,0.020983375931801218,2.0983375931801218e-05
2022-08-11,127020,sell,rebalance_resize,118.95,1.9462482328179083e-05,0.002315062272936902,2.315062272936902e-06
2022-08-11,110053,buy,rebalance,124.21,2.2528919438488386e-05,0.0027983170834546423,2.798317083454642e-06
2022-08-11,128081,buy,rebalance,128.8,1.1416776438027386e-05,0.0014704808052179274,1.4704808052179275e-06
2022-08-11,128034,buy,rebalance,123.37,2.273539347868324e-05,0.0028048654934651517,2.8048654934651516e-06
2022-08-11,110043,buy,rebalance,121.101,3.704137108315831e-06,0.0004485747079541554,4.4857470795415543e-07
2022-08-11,128048,buy,rebalance,124.4,2.2103493013108926e-05,0.0027496745308307506,2.7496745308307507e-06
2022-08-11,110080,buy,rebalance,116.459,3.267507426004769e-05,0.003805306473250894,3.805306473250894e-06
2022-08-11,128130,buy,rebalance,121.849,1.5804388979623517e-06,0.0001925748992778146,1.9257489927781462e-07
2022-08-11,110052,buy,rebalance,129.7,0.0010736607131805115,0.13925379449951233,0.00013925379449951234
2022-08-11,110079,buy,rebalance,122.9,2.025037869327836e-05,0.0024887715414039103,2.4887715414039104e-06
2022-08-11,110083,buy,rebalance,118.65,0.0011736518710451945,0.13925379449951233,0.00013925379449951234
2022-08-11,113631,buy,rebalance,117.6,0.001184130905608098,0.13925379449951233,0.00013925379449951234
2022-08-11,128119,buy,rebalance,121.451,2.4094887227108317e-05,0.002926348148619532,2.926348148619532e-06
2022-08-11,113516,buy,rebalance,118.77,3.190911189143107e-05,0.003789845219345268,3.7898452193452684e-06
2022-08-11,127020,buy,rebalance,118.95,2.330889597469473e-19,2.772593176189938e-17,2.772593176189938e-20
2022-08-11,127040,buy,rebalance,127.49,1.1692437263544543e-05,0.0014906688267292939,1.4906688267292939e-06
2022-08-23,128119,sell,rebalance,122.59,0.001147784310559504,0.1407068786314896,0.0001407068786314896
2022-08-23,127020,sell,rebalance,120.3,0.001171943514737289,0.14098480482289585,0.00014098480482289586
2022-08-23,123023,sell,rebalance,156.0,0.0009613978005379347,0.1499780568839178,0.0001499780568839178
2022-08-23,110084,sell,rebalance_resize,128.11,1.4135117768264227e-05,0.0018108499372923303,1.8108499372923304e-06
2022-08-23,110080,sell,rebalance_resize,118.52,1.9543601331884136e-06,0.00023163076298549076,2.3163076298549078e-07
2022-08-23,110052,sell,rebalance_resize,135.0,2.4520349907582637e-05,0.003310247237523656,3.310247237523656e-06
2022-08-23,110043,sell,rebalance_resize,123.81,7.161342945402064e-06,0.0008866458700702295,8.866458700702296e-07
2022-08-23,113631,sell,rebalance_resize,122.33,2.632865724837114e-05,0.0032207846411932417,3.220784641193242e-06
2022-08-23,113044,buy,rebalance,111.17,4.524267023759475e-06,0.0005029627650313408,5.029627650313409e-07
2022-08-23,113033,buy,rebalance,110.134,1.1289606638214348e-05,0.0012433695374930989,1.243369537493099e-06
2022-08-23,113050,buy,rebalance,121.78,7.018792265093325e-06,0.0008547485220430651,8.547485220430652e-07
2022-08-23,110053,buy,rebalance,125.55,5.8115922533974475e-06,0.0007296454074140496,7.296454074140495e-07
2022-08-23,128087,buy,rebalance,132.2,0.0010702679218333117,0.1414894192663638,0.0001414894192663638
2022-08-23,128081,buy,rebalance,129.999,7.186209904255485e-06,0.0009342001013433088,9.342001013433088e-07
2022-08-23,128130,buy,rebalance,121.574,2.0921348361990007e-05,0.002543492005760573,2.5434920057605733e-06
2022-08-23,128034,buy,rebalance,122.999,2.1551100543637947e-05,0.0026507638157669236,2.6507638157669238e-06
2022-08-23,110083,buy,rebalance,119.97,6.9191143563196714e-06,0.000830086149327671,8.300861493276709e-07
2022-08-23,113516,buy,rebalance,119.5,1.1524040380400455e-05,0.0013771228254578544,1.3771228254578544e-06
2022-08-23,127040,buy,rebalance,128.197,1.1375607586404414e-05,0.0014583187657542867,1.4583187657542867e-06
2022-08-23,110079,buy,rebalance,123.156,1.576517708646502e-05,0.0019415761492606863,1.941576149260686e-06
2022-08-23,128048,buy,rebalance,125.756,5.677474827987322e-06,0.0007139765244683736,7.139765244683737e-07
2022-08-23,127012,buy,rebalance,114.655,0.0012340449109621368,0.1414894192663638,0.0001414894192663638
2022-08-23,113017,buy,rebalance,112.3,0.0012599235909738539,0.1414894192663638,0.0001414894192663638
2022-08-31,127040,sell,rebalance,123.949,0.0011048032277385632,0.13693925527496717,0.00013693925527496716
2022-08-31,113516,sell,rebalance,119.095,0.001185209559222572,0.1411525324556122,0.00014115253245561223
2022-08-31,113631,sell,rebalance,120.7,0.001157802248359727,0.13974673137701904,0.00013974673137701903
2022-08-31,113017,sell,rebalance,110.866,0.0012599235909738539,0.1396826888369073,0.0001396826888369073
2022-08-31,113044,sell,rebalance_resize,111.31,1.4382106911269982e-05,0.0016008723202934616,1.6008723202934617e-06
2022-08-31,110053,sell,rebalance_resize,126.0,1.531684970134038e-05,0.0019299230623688879,1.929923062368888e-06
2022-08-31,113050,sell,rebalance_resize,121.699,1.0911711902032963e-05,0.0013279444267655094,1.3279444267655094e-06
2022-08-31,110043,sell,rebalance_resize,123.7,1.04865534585159e-05,0.001297186662818417,1.297186662818417e-06
2022-08-31,110083,sell,rebalance_resize,118.83,6.422927586891902e-07,7.632364851503648e-05,7.632364851503649e-08
2022-08-31,110079,sell,rebalance_resize,123.89,1.828359423329247e-05,0.002265154489562604,2.2651544895626043e-06
2022-08-31,110052,sell,rebalance_resize,136.3,2.044684495490347e-05,0.002786904967353343,2.786904967353343e-06
2022-08-31,127012,sell,rebalance_resize,114.527,9.78402447469809e-06,0.001120534971013748,1.120534971013748e-06
2022-08-31,113044,buy,rebalance,111.31,2.490993107361232e-19,2.772724427803787e-17,2.772724427803787e-20
2022-08-31,128087,buy,rebalance,128.801,1.829907886124524e-05,0.002356939656407248,2.356939656407248e-06
2022-08-31,113033,buy,rebalance,108.871,1.8578224973565083e-06,0.00020226299310970041,2.0226299310970042e-07
2022-08-31,128130,buy,rebalance,118.491,1.8305141968039777e-05,0.002168994576935001,2.1689945769350013e-06
2022-08-31,128081,buy,rebalance,127.007,1.445447012637904e-05,0.0018358188873410228,1.835818887341023e-06
2022-08-31,110084,buy,rebalance,126.72,8.964407060934282e-07,0.00011359696627615923,1.1359696627615923e-07
2022-08-31,128034,buy,rebalance,121.425,3.226016143571152e-06,0.0003917190102331271,3.9171901023312716e-07
2022-08-31,113591,buy,rebalance,129.93,0.0010780251449484287,0.14006780708314936,0.00014006780708314938
2022-08-31,113635,buy,rebalance,134.0,0.0010452821424115624,0.14006780708314936,0.00014006780708314938
2022-08-31,128066,buy,rebalance,118.81,0.0011789227092260698,0.14006780708314936,0.00014006780708314938
2022-08-31,110080,buy,rebalance,116.76,5.819810140004446e-06,0.0006795210319469192,6.795210319469192e-07
2022-08-31,128048,buy,rebalance,123.294,1.0942673901592146e-05,0.001349166036022902,1.349166036022902e-06
2022-08-31,127020,buy,rebalance,118.3,0.0011840051317256921,0.14006780708314936,0.00014006780708314938
2022-09-02,113635,sell,risk_exit_next_open,114.55,0.0010452821424115624,0.11973706941324447,0.00011973706941324448
2022-09-14,110052,sell,rebalance,155.0,0.0010286935183180254,0.15944749533929395,0.00015944749533929395
2022-09-14,113591,sell,rebalance,129.5,0.0010780251449484287,0.13960425627082151,0.00013960425627082153
2022-09-14,128066,sell,rebalance,119.6,0.0011789227092260698,0.14099915602343793,0.00014099915602343793
2022-09-14,127020,sell,rebalance,121.5,0.0011840051317256921,0.1438566235046716,0.0001438566235046716
2022-09-14,113033,sell,rebalance_resize,110.1,5.4081938075668415e-06,0.0005954421382131092,5.954421382131093e-07
2022-09-14,110053,sell,rebalance_resize,128.164,1.1086846597006617e-05,0.0014209346072587559,1.420934607258756e-06
2022-09-14,128081,sell,rebalance_resize,128.999,9.380344341858533e-06,0.0012100550397554088,1.2100550397554089e-06
2022-09-14,128130,sell,rebalance_resize,121.0,1.635963014435038e-05,0.0019795152474663957,1.9795152474663956e-06
2022-09-14,110080,sell,rebalance_resize,117.9,3.2326748021332004e-06,0.00038113235917150434,3.811323591715043e-07
2022-09-14,110079,sell,rebalance_resize,126.0,1.1117723472101533e-05,0.0014008331574847932,1.4008331574847933e-06
2022-09-14,110083,sell,rebalance_resize,119.8,1.3138431964816634e-06,0.00015739841493850326,1.5739841493850325e-07
2022-09-14,127012,sell,rebalance_resize,115.997,7.004759486982315e-06,0.0008125310862114876,8.125310862114877e-07
2022-09-14,128034,sell,rebalance_resize,124.714,2.2533996589109735e-05,0.0028103048506142314,2.8103048506142315e-06
2022-09-14,128048,sell,rebalance_resize,125.394,1.1161637720426573e-05,0.0013996024003151697,1.3996024003151697e-06
2022-09-14,113044,buy,rebalance,111.99,1.1647657892506933e-06,0.00013044212073818514,1.3044212073818515e-07
2022-09-14,113033,buy,rebalance,110.1,2.5183811055184506e-19,2.772737597175814e-17,2.772737597175814e-20
2022-09-14,110053,buy,rebalance,128.164,2.1634293539338772e-19,2.772737597175814e-17,2.772737597175814e-20
2022-09-14,128087,buy,rebalance,126.92,2.3905212010813388e-05,0.003034049508412435,3.0340495084124353e-06
2022-09-14,127027,buy,rebalance,129.0,0.0010934465259098104,0.14105460184236554,0.00014105460184236554
2022-09-14,110084,buy,rebalance,124.299,2.946336906118914e-05,0.0036622673109367493,3.6622673109367493e-06
2022-09-14,113050,buy,rebalance,122.01,5.148648269865544e-06,0.0006281865754062951,6.281865754062951e-07
2022-09-14,110079,buy,rebalance,126.0,2.2005853945839793e-19,2.772737597175814e-17,2.772737597175814e-20
2022-09-14,110043,buy,rebalance,123.11,1.3436768908915982e-05,0.0016542006203766465,1.6542006203766466e-06
2022-09-14,113631,buy,rebalance,119.78,0.0011776139743059403,0.14105460184236554,0.00014105460184236554
2022-09-14,113055,buy,rebalance,129.45,0.0010896454371754774,0.14105460184236554,0.00014105460184236554
2022-09-14,113017,buy,rebalance,110.521,0.0012762696848776752,0.14105460184236554,0.00014105460184236554
2022-09-14,110077,buy,rebalance,132.8,0.0010621581464033548,0.14105460184236554,0.00014105460184236554
2022-09-21,128048,sell,rebalance,124.6,0.0011260352087314538,0.14030398700793914,0.00014030398700793915
2022-09-21,127012,sell,rebalance,116.198,0.0012172561270004563,0.141442727445199,0.000141442727445199
2022-09-21,113017,sell,rebalance,109.842,0.0012762696848776752,0.1401880147263336,0.00014018801472633362
2022-09-21,113044,sell,rebalance_resize,111.748,1.239752728597861e-05,0.0013853988791535377,1.3853988791535376e-06
2022-09-21,113033,sell,rebalance_resize,109.459,7.935344595520573e-06,0.0008685948840810864,8.685948840810865e-07
2022-09-21,110053,sell,rebalance_resize,126.91,2.43572226715328e-06,0.0003091175129244228,3.091175129244228e-07
2022-09-21,110084,sell,rebalance_resize,123.0,1.7183416076858262e-06,0.00021135601774535662,2.1135601774535663e-07
2022-09-21,127027,sell,rebalance_resize,129.3,1.4502892485984853e-05,0.0018752239984378416,1.8752239984378416e-06
2022-09-21,113050,sell,rebalance_resize,121.8,1.1879995536671333e-05,0.0014469834563665684,1.4469834563665685e-06
2022-09-21,110083,sell,rebalance_resize,118.799,4.300151496860295e-06,0.0005108536976755063,5.108536976755062e-07
2022-09-21,110043,sell,rebalance_resize,123.199,1.4537780202826847e-05,0.0017910399832080648,1.791039983208065e-06
2022-09-21,113044,buy,rebalance,111.748,2.4812351083002474e-19,2.7727306088233607e-17,2.772730608823361e-20
2022-09-21,113033,buy,rebalance,109.459,2.5331225470937617e-19,2.7727306088233607e-17,2.772730608823361e-20
2022-09-21,128081,buy,rebalance,127.098,3.0663543988663867e-06,0.00038972751138712,3.8972751138712e-07
2022-09-21,128087,buy,rebalance,125.2,1.8024017362885117e-06,0.00022566069738332167,2.2566069738332167e-07
2022-09-21,113591,buy,rebalance,127.4,0.0010939193180704682,0.13936532112217767,0.00013936532112217767
2022-09-21,110080,buy,rebalance,115.05,1.4956827776266356e-05,0.0017207830356594442,1.7207830356594442e-06
2022-09-21,128130,buy,rebalance,118.911,6.2761273639805924e-06,0.0007463005809782963,7.463005809782963e-07
2022-09-21,110079,buy,rebalance,124.4,8.218635352866372e-07,0.00010223982378965767,1.0223982378965768e-07
2022-09-21,113055,buy,rebalance,126.814,1.043863989111663e-05,0.0013237656791520642,1.3237656791520643e-06
2022-09-21,113631,buy,rebalance,115.7,2.812581832891212e-05,0.0032541571806551325,3.2541571806551328e-06
2022-09-21,110077,buy,rebalance,128.854,2.0499114954343853e-05,0.002641392958327023,2.6413929583270232e-06
2022-09-21,128034,buy,rebalance,122.36,7.956031274675833e-06,0.000973499986769335,9.73499986769335e-07
2022-09-21,128037,buy,rebalance,120.2,0.001159445267239415,0.13936532112217767,0.00013936532112217767
2022-09-21,110085,buy,rebalance,134.69,0.001034711716698921,0.13936532112217767,0.00013936532112217767
2022-10-10,110083,sell,rebalance,116.941,0.0011743146979494832,0.1373255350929105,0.0001373255350929105
2022-10-10,127027,sell,rebalance,131.0,0.0010789436334238255,0.14134161597852113,0.00014134161597852113
2022-10-10,110077,sell,rebalance,129.247,0.0010826572613576986,0.1399302030586985,0.0001399302030586985
2022-10-10,128037,sell,rebalance,115.598,0.001159445267239415,0.13402955400234187,0.00013402955400234189
2022-10-10,113044,sell,rebalance_resize,110.939,1.1042394083652655e-05,0.0012250321572463418,1.225032157246342e-06
2022-10-10,110053,sell,rebalance_resize,126.83,1.69286091770516e-05,0.0021470555019254545,2.1470555019254546e-06
2022-10-10,113033,sell,rebalance_resize,108.549,9.90507121693755e-06,0.0010751855755273543,1.0751855755273542e-06
2022-10-10,110084,sell,rebalance_resize,122.7,1.5442009184336152e-05,0.0018947345269180458,1.8947345269180458e-06
2022-10-10,113050,sell,rebalance_resize,120.179,3.148085988794632e-06,0.0003783338260473501,3.7833382604735013e-07
2022-10-10,110079,sell,rebalance_resize,123.242,7.596948692221009e-06,0.0009362631507267016,9.362631507267016e-07
2022-10-10,113055,sell,rebalance_resize,126.12,1.1657060774344963e-05,0.0014701885048603869,1.470188504860387e-06
2022-10-10,110043,sell,rebalance_resize,121.58,3.3038502674384547e-06,0.0004016821155151673,4.016821155151673e-07
2022-10-10,113631,sell,rebalance_resize,115.742,1.971902839388151e-05,0.0022823197843646337,2.2823197843646336e-06
2022-10-10,128081,buy,rebalance,124.8,2.3034373527884304e-06,0.0002874689816279961,2.874689816279961e-07
2022-10-10,110085,buy,rebalance,128.5,3.352188187899212e-05,0.004307561821450487,4.307561821450487e-06
2022-10-10,128087,buy,rebalance,123.07,1.125352193963231e-06,0.00013849709451105484,1.3849709451105484e-07
2022-10-10,113591,buy,rebalance,119.0,5.9569571735255234e-05,0.007088779036495373,7.088779036495372e-06
2022-10-10,128034,buy,rebalance,119.9,4.7550959255992605e-06,0.0005701360014793513,5.701360014793513e-07
2022-10-10,127028,buy,rebalance,121.465,0.0011289870140557432,0.13713240766228085,0.00013713240766228085
2022-10-10,128130,buy,rebalance,116.219,7.942611507476283e-06,0.0009230823667873861,9.230823667873861e-07
2022-10-10,110061,buy,rebalance,136.89,0.0010017708208216879,0.13713240766228085,0.00013713240766228085
2022-10-10,128048,buy,rebalance,120.54,0.0011376506359903837,0.13713240766228085,0.00013713240766228085
2022-10-10,110080,buy,rebalance,111.999,1.3078685213583742e-05,0.0014647996652361653,1.4647996652361654e-06
2022-10-10,128119,buy,rebalance,119.88,0.0011439139778301707,0.13713240766228085,0.00013713240766228085
2022-10-11,110061,sell,rebalance,137.75,0.0010017708208216879,0.1379939305681875,0.00013799393056818752
2022-10-11,128048,sell,rebalance,120.21,0.0011376506359903837,0.13675698295240402,0.00013675698295240402
2022-10-11,110053,sell,rebalance_resize,126.99,4.735540904758306e-06,0.0006013663394952573,6.013663394952574e-07
2022-10-11,113050,sell,rebalance_resize,119.899,9.038246962024406e-07,0.00010836767724997642,1.0836767724997643e-07
2022-10-11,113591,sell,rebalance_resize,124.5,5.4338509180756736e-05,0.006765144393004213,6.765144393004213e-06
2022-10-11,110085,sell,rebalance_resize,128.15,3.8949098674354316e-07,4.991326995118506e-05,4.991326995118506e-08
2022-10-11,113055,sell,rebalance_resize,126.0,2.3617592461510655e-06,0.00029758166501503425,2.9758166501503425e-07
2022-10-11,110080,sell,rebalance_resize,111.702,5.611455565838045e-07,6.268108096152414e-05,6.268108096152414e-08
2022-10-11,113044,buy,rebalance,110.5,1.039762212845402e-06,0.0001148937245194169,1.148937245194169e-07
2022-10-11,113033,buy,rebalance,107.4,9.532536016156443e-06,0.001023794368135202,1.023794368135202e-06
2022-10-11,128081,buy,rebalance,123.999,3.6507123912530793e-06,0.00045268468580299053,4.526846858029905e-07
2022-10-11,110084,buy,rebalance,122.0,2.9063755482140775e-06,0.00035457781688211747,3.545778168821175e-07
2022-10-11,110079,buy,rebalance,122.213,5.868571649959945e-06,0.0007172157470565547,7.172157470565547e-07
2022-10-11,128087,buy,rebalance,122.2,4.433629542999596e-06,0.0005417895301545507,5.417895301545507e-07
2022-10-11,128130,buy,rebalance,115.81,4.816547081716663e-07,5.5780431753360675e-05,5.5780431753360674e-08
2022-10-11,110043,buy,rebalance,120.151,9.854532945493883e-06,0.0011840319879340355,1.1840319879340354e-06
2022-10-11,127028,buy,rebalance,119.7,1.4224949712878396e-05,0.001702726480631544,1.702726480631544e-06
2022-10-11,128034,buy,rebalance,118.837,6.635916256387876e-06,0.000788592380160366,7.88592380160366e-07
2022-10-11,128119,buy,rebalance,118.621,9.701650079116073e-06,0.0011508194340348276,1.1508194340348277e-06
2022-10-11,128037,buy,rebalance,116.495,0.0011734726576996704,0.1367036972587231,0.00013670369725872313
2022-10-11,113631,buy,rebalance,114.894,5.02166878247558e-06,0.0005769596130937493,5.769596130937494e-07
2022-10-11,127049,buy,rebalance,119.308,0.0011458049523814255,0.1367036972587231,0.00013670369725872313
2022-10-21,113631,sell,rebalance,116.587,0.0011910424330234465,0.13886006413890456,0.00013886006413890456
2022-10-21,127028,sell,rebalance,124.0,0.0011432119637686216,0.1417582835073091,0.0001417582835073091
2022-10-21,128119,sell,rebalance,120.12,0.0011536156279092868,0.13857230922446354,0.00013857230922446353
2022-10-21,128037,sell,rebalance,123.42,0.0011734726576996704,0.14482999541329333,0.00014482999541329334
2022-10-21,127049,sell,rebalance,121.5,0.0011458049523814255,0.1392153017143432,0.00013921530171434322
2022-10-21,128081,sell,rebalance_resize,126.649,4.9330402182768045e-06,0.000624764610604539,6.24764610604539e-07
2022-10-21,128087,sell,rebalance_resize,125.59,1.1914975743689027e-05,0.001496401803649905,1.496401803649905e-06
2022-10-21,113591,sell,rebalance_resize,133.47,5.664270443988244e-05,0.007560101761591109,7.560101761591109e-06
2022-10-21,128130,sell,rebalance_resize,118.622,8.627398186489637e-06,0.0010233992276777737,1.0233992276777738e-06
2022-10-21,110080,sell,rebalance_resize,114.053,5.093184782477565e-06,0.0005808930039959137,5.808930039959138e-07
2022-10-21,113044,buy,rebalance,112.0,3.940488066576597e-06,0.0004413346634565789,4.413346634565789e-07
2022-10-21,110053,buy,rebalance,126.036,2.6372857781709782e-05,0.003323929503375574,3.323929503375574e-06
2022-10-21,113050,buy,rebalance,119.602,2.203620860058457e-05,0.002635574621047116,2.635574621047116e-06
2022-10-21,110061,buy,rebalance,130.0,0.0010692484412778316,0.1390022973661181,0.0001390022973661181
2022-10-21,110043,buy,rebalance,119.42,2.620891997032638e-05,0.003129869222856376,3.129869222856376e-06
2022-10-21,128034,buy,rebalance,120.761,6.995121180026214e-07,8.447378288211457e-05,8.447378288211457e-08
2022-10-21,113033,buy,rebalance,108.524,7.99186891501618e-06,0.000867309582133216,8.67309582133216e-07
2022-10-21,110084,buy,rebalance,123.0,9.567278673318557e-06,0.0011767752768181824,1.1767752768181824e-06
2022-10-21,110079,buy,rebalance,122.492,1.621001753588361e-05,0.001985597468005455,1.985597468005455e-06
2022-10-21,110085,buy,rebalance,130.29,1.0803947447882168e-07,1.4076463129845675e-05,1.4076463129845676e-08
2022-10-21,123107,buy,rebalance,127.701,0.0010884981117306686,0.1390022973661181,0.0001390022973661181
2022-10-21,128066,buy,rebalance,118.69,0.0011711373946087969,0.1390022973661181,0.0001390022973661181
2022-10-21,127012,buy,rebalance,114.831,0.0012104945299276162,0.1390022973661181,0.0001390022973661181
2022-10-21,113640,buy,rebalance,120.0,0.0011583524780509843,0.1390022973661181,0.0001390022973661181
2022-10-21,113055,buy,rebalance,124.04,3.566165412882906e-05,0.004423471578139957,4.423471578139957e-06
2022-11-01,123107,sell,rebalance,120.511,0.0010884981117306686,0.1311759959427746,0.0001311759959427746
2022-11-01,128066,sell,rebalance,111.1,0.0011711373946087969,0.13011336454103734,0.00013011336454103734
2022-11-01,127012,sell,rebalance,112.8,0.0012104945299276162,0.1365437829758351,0.0001365437829758351
2022-11-01,113640,sell,rebalance,114.9,0.0011583524780509843,0.1330946997280581,0.0001330946997280581
2022-11-01,113044,sell,rebalance_resize,109.183,2.2290660290855634e-05,0.0024337611625364908,2.433761162536491e-06
2022-11-01,128081,sell,rebalance_resize,123.123,1.6731640409616253e-05,0.002060049762153182,2.060049762153182e-06
2022-11-01,113050,sell,rebalance_resize,117.2,2.6764717065794624e-05,0.00313682484011113,3.13682484011113e-06
2022-11-01,110053,sell,rebalance_resize,122.29,1.4678655467565645e-05,0.001795052777128603,1.795052777128603e-06
2022-11-01,110061,sell,rebalance_resize,128.222,3.035032823458489e-05,0.003891579786894944,3.891579786894944e-06
2022-11-01,128130,sell,rebalance_resize,115.202,1.6685897459560332e-05,0.0019222487591362694,1.9222487591362693e-06
2022-11-01,110084,sell,rebalance_resize,118.899,1.0879000224479583e-05,0.001293502247690398,1.293502247690398e-06
2022-11-01,110080,sell,rebalance_resize,111.99,3.051224823894838e-05,0.003417066680279829,3.417066680279829e-06
2022-11-01,110085,sell,rebalance_resize,125.22,4.147692101335795e-06,0.0005193740049292683,5.193740049292683e-07
2022-11-01,113033,sell,rebalance_resize,104.79,1.093163174609933e-05,0.0011455256906737488,1.1455256906737487e-06
2022-11-01,113591,buy,rebalance,127.5,2.271091942250234e-06,0.0002895642226369048,2.895642226369048e-07
2022-11-01,127032,buy,rebalance,113.67,0.0011706809755511157,0.13307130649089532,0.00013307130649089534
2022-11-01,128087,buy,rebalance,117.18,2.884602523099476e-05,0.0033801772365679664,3.3801772365679664e-06
2022-11-01,110043,buy,rebalance,109.8,4.801807998833549e-05,0.0052723851827192365,5.272385182719236e-06
2022-11-01,110083,buy,rebalance,117.9,0.0011286794443672206,0.13307130649089532,0.00013307130649089534
2022-11-01,128048,buy,rebalance,115.5,0.0011521325237306955,0.13307130649089532,0.00013307130649089534
2022-11-01,110077,buy,rebalance,123.528,0.001077256221187871,0.13307130649089532,0.00013307130649089534
2022-11-01,128034,buy,rebalance,110.85,4.94375452137182e-05,0.005480151886940662,5.480151886940662e-06
2022-11-01,110079,buy,rebalance,115.03,2.2096214446162982e-05,0.002541727547742128,2.5417275477421277e-06
2022-11-01,113055,buy,rebalance,116.8,1.874670533329218e-05,0.0021896151829285263,2.1896151829285264e-06
2022-11-11,110079,sell,rebalance,119.76,0.0011580192340597702,0.1386843834709981,0.0001386843834709981
2022-11-11,113055,sell,rebalance,120.6,0.0011404736165082194,0.13754111815089126,0.00013754111815089125
2022-11-11,110085,sell,rebalance,132.97,0.0010638044549643123,0.14145407837660462,0.00014145407837660464
2022-11-11,110077,sell,rebalance,127.33,0.001077256221187871,0.1371670346438516,0.0001371670346438516
2022-11-11,128081,sell,rebalance_resize,129.0,1.687586863947964e-05,0.0021769870544928738,2.176987054492874e-06
2022-11-11,128087,sell,rebalance_resize,126.0,4.6359346382613294e-05,0.005841277644209275,5.841277644209275e-06
2022-11-11,110080,sell,rebalance_resize,116.3,8.127037815098841e-06,0.0009451744978959952,9.451744978959952e-07
2022-11-11,128130,sell,rebalance_resize,119.314,4.804851402073744e-06,0.0005732860401870266,5.732860401870265e-07
2022-11-11,110084,sell,rebalance_resize,123.41,7.069659625201335e-06,0.0008724666943460968,8.724666943460968e-07
2022-11-11,127032,sell,rebalance_resize,118.001,6.3597603944848575e-06,0.0007504580863096078,7.504580863096078e-07
2022-11-11,113044,buy,rebalance,110.622,2.1906485807174562e-05,0.0024233392729612643,2.4233392729612646e-06
2022-11-11,110053,buy,rebalance,123.497,2.3189044635071265e-05,0.002863777445297396,2.863777445297396e-06
2022-11-11,110061,buy,rebalance,130.545,1.3530295398096298e-05,0.001766312412744481,1.766312412744481e-06
2022-11-11,128130,buy,rebalance,119.314,2.323893403714183e-19,2.77273017570754e-17,2.77273017570754e-20
2022-11-11,110063,buy,rebalance,118.0,0.0011631450095200178,0.1372511111233621,0.0001372511111233621
2022-11-11,110083,buy,rebalance,121.511,2.006823146427024e-06,0.0002438510873454941,2.4385108734549413e-07
2022-11-11,128034,buy,rebalance,113.565,8.13386812515448e-06,0.0009237227336331686,9.237227336331686e-07
2022-11-11,110047,buy,rebalance,117.99,0.0011632435894852284,0.1372511111233621,0.0001372511111233621
2022-11-11,113033,buy,rebalance,107.0,1.2810398273559388e-05,0.0013707126152708545,1.3707126152708544e-06
2022-11-11,113591,buy,rebalance,128.999,2.0255869474113908e-05,0.00261298690629122,2.61298690629122e-06
2022-11-11,113050,buy,rebalance,118.2,2.573410743195916e-05,0.003041771498457573,3.041771498457573e-06
2022-11-11,110043,buy,rebalance,112.542,7.638152310602174e-06,0.0008596129373397898,8.596129373397898e-07
2022-11-11,128048,buy,rebalance,118.356,8.687537941549516e-06,0.0010282222406100344,1.0282222406100344e-06
2022-11-11,128119,buy,rebalance,123.5,0.0011113450293389643,0.1372511111233621,0.0001372511111233621
2022-11-11,127006,buy,rebalance,120.0,0.0011437592593613508,0.1372511111233621,0.0001372511111233621
2022-11-22,113591,sell,rebalance,125.39,0.0010650346376014485,0.13354469320884563,0.00013354469320884564
2022-11-22,127032,sell,rebalance,116.938,0.0011643212151566309,0.13615339425798612,0.00013615339425798612
2022-11-22,128119,sell,rebalance,119.955,0.0011113450293389643,0.13331139299435546,0.00013331139299435545
2022-11-22,127006,sell,rebalance,121.934,0.0011437592593613508,0.13946314153096695,0.00013946314153096695
2022-11-22,110053,sell,rebalance_resize,122.04,2.110308696086668e-06,0.000257542073270417,2.5754207327041703e-07
2022-11-22,128087,sell,rebalance_resize,126.054,1.5392053920596887e-05,0.0019402299649069201,1.9402299649069202e-06
2022-11-22,110063,sell,rebalance_resize,116.704,2.0046918706485058e-06,0.0002339555600721632,2.339555600721632e-07
2022-11-22,113033,sell,rebalance_resize,105.801,3.21750865978984e-06,0.00034041563371442485,3.4041563371442487e-07
2022-11-22,110061,sell,rebalance_resize,130.338,1.2749115902313896e-05,0.0016616942684757885,1.6616942684757884e-06
2022-11-22,113050,sell,rebalance_resize,116.751,1.661855688960191e-06,0.00019402331354179125,1.9402331354179124e-07
2022-11-22,110083,sell,rebalance_resize,119.984,1.2880174890443894e-06,0.00015454149040550202,1.5454149040550203e-07
2022-11-22,113044,buy,rebalance,108.826,3.228427746971426e-06,0.0003513368779919124,3.513368779919124e-07
2022-11-22,128081,buy,rebalance,126.011,1.0322634150653822e-05,0.0013007654519580387,1.3007654519580388e-06
2022-11-22,128048,buy,rebalance,114.23,2.544263709186225e-05,0.0029063124350034246,2.906312435003425e-06
2022-11-22,110047,buy,rebalance,116.289,2.038427951223144e-06,0.0002370467480197882,2.370467480197882e-07
2022-11-22,128034,buy,rebalance,110.666,1.4685125395855706e-05,0.0016251440870577675,1.6251440870577675e-06
2022-11-22,110084,buy,rebalance,120.234,1.3746465212407212e-05,0.0016527924983485687,1.6527924983485689e-06
2022-11-22,110043,buy,rebalance,110.9,1.1175948435335015e-06,0.00012394126814786532,1.2394126814786533e-07
2022-11-22,128130,buy,rebalance,116.932,7.360488735572029e-06,0.0008606766688279085,8.606766688279086e-07
2022-11-22,127012,buy,rebalance,113.255,0.0011952953147024168,0.1353731708666222,0.0001353731708666222
2022-11-22,113631,buy,rebalance,117.497,0.0011521415088608408,0.1353731708666222,0.0001353731708666222
2022-11-22,110080,buy,rebalance,114.574,1.3746930373738484e-06,0.0001575040800640713,1.575040800640713e-07
2022-11-22,110079,buy,rebalance,116.92,0.0011578273252362487,0.1353731708666222,0.0001353731708666222
2022-11-22,110085,buy,rebalance,124.97,0.0010832453458159736,0.1353731708666222,0.0001353731708666222
2022-12-01,128048,sell,rebalance,121.385,0.0011862626987641071,0.14399449768948114,0.00014399449768948114
2022-12-01,110079,sell,rebalance,121.2,0.0011578273252362487,0.14032867181863334,0.00014032867181863336
2022-12-01,110053,sell,rebalance_resize,127.2,7.94849736874265e-06,0.001011048865304065,1.011048865304065e-06
2022-12-01,110084,sell,rebalance_resize,124.8,3.4127576661408333e-06,0.000425912156734376,4.25912156734376e-07
2022-12-01,113631,sell,rebalance_resize,129.0,6.510130006315457e-05,0.008398067708146939,8.398067708146938e-06
2022-12-01,110061,sell,rebalance_resize,135.288,3.163216206305648e-06,0.00042794519411867854,4.2794519411867853e-07
2022-12-01,110043,sell,rebalance_resize,116.213,1.5259951627993767e-05,0.0017734047585440396,1.7734047585440397e-06
2022-12-01,128034,sell,rebalance_resize,117.174,2.7726254518659253e-05,0.0032487961469693794,3.2487961469693796e-06
2022-12-01,110083,sell,rebalance_resize,126.45,2.0436708427912614e-05,0.0025842217807095502,2.58422178070955e-06
2022-12-01,113044,buy,rebalance,111.004,1.80594217785653e-05,0.002004668055107863,2.004668055107863e-06
2022-12-01,128081,buy,rebalance,129.9,4.134702039040629e-06,0.0005370977948713776,5.370977948713777e-07
2022-12-01,113050,buy,rebalance,120.09,7.0121456270107105e-06,0.0008420885683477163,8.420885683477163e-07
2022-12-01,110047,buy,rebalance,118.565,1.7411022526510987e-05,0.0020643378858557753,2.064337885855775e-06
2022-12-01,113033,buy,rebalance,107.0,2.971422969718747e-05,0.003179422577599059,3.1794225775990594e-06
2022-12-01,128087,buy,rebalance,128.81,1.3615969320917782e-05,0.0017538730082274196,1.7538730082274196e-06
2022-12-01,128130,buy,rebalance,118.92,2.0290516974118537e-05,0.0024129482785621766,2.412948278562177e-06
2022-12-01,110063,buy,rebalance,119.1,1.6241193670826063e-05,0.0019343261661953842,1.9343261661953843e-06
2022-12-01,127032,buy,rebalance,121.79,0.001150174950962824,0.14007980727776234,0.00014007980727776234
2022-12-01,113647,buy,rebalance,134.1,0.0010445921497223142,0.14007980727776234,0.00014007980727776234
2022-12-01,110080,buy,rebalance,117.85,7.154223452232913e-06,0.0008431252338456487,8.431252338456488e-07
2022-12-01,110061,buy,rebalance,135.288,2.049420983921337e-19,2.7726206607274985e-17,2.772620660727499e-20
2022-12-01,127012,buy,rebalance,115.449,1.931741142964545e-05,0.0022301758321411377,2.230175832141138e-06
2022-12-01,110085,buy,rebalance,126.1,2.8763733635819743e-05,0.0036271068114768694,3.6271068114768696e-06
2022-12-13,110080,sell,rebalance,115.737,0.001189879455695949,0.13771307856388204,0.00013771307856388204
2022-12-13,110061,sell,rebalance,136.5,0.0010365160763327237,0.1414844444194168,0.00014148444441941678
2022-12-13,110083,sell,rebalance,124.151,0.0011089615415966906,0.1376786843507707,0.0001376786843507707
2022-12-13,127012,sell,rebalance,115.501,0.0012146127261320621,0.14028898448097932,0.00014028898448097932
2022-12-13,110085,sell,rebalance,125.45,0.0011120090794517932,0.13950153901722745,0.00013950153901722746
2022-12-13,113044,sell,rebalance_resize,110.296,6.505639304691027e-06,0.0007175459927502015,7.175459927502015e-07
2022-12-13,110047,sell,rebalance_resize,117.932,7.319648225827314e-06,0.0008632207545682669,8.632207545682668e-07
2022-12-13,113033,sell,rebalance_resize,107.703,2.350885733209882e-05,0.0025319744612390394,2.5319744612390395e-06
2022-12-13,110063,sell,rebalance_resize,118.194,4.61356341806998e-06,0.0005452955146353633,5.452955146353634e-07
2022-12-13,127032,sell,rebalance_resize,121.159,6.10695077840686e-06,0.0007399120493609967,7.399120493609967e-07
2022-12-13,113050,sell,rebalance_resize,119.78,1.0445631649600911e-05,0.001251177758989197,1.251177758989197e-06
2022-12-13,128130,sell,rebalance_resize,119.399,1.822723403166739e-05,0.002176313516147055,2.176313516147055e-06
2022-12-13,110053,buy,rebalance,125.266,4.131286309666669e-06,0.000517509710866705,5.175097108667051e-07
2022-12-13,128081,buy,rebalance,128.011,3.3221362865074096e-06,0.0004252699881721,4.252699881721e-07
2022-12-13,113631,buy,rebalance,121.888,5.013447256572683e-05,0.006110790592091312,6.1107905920913125e-06
2022-12-13,110043,buy,rebalance,113.979,9.479865224273145e-06,0.0010805055583974288,1.0805055583974288e-06
2022-12-13,110084,buy,rebalance,123.3,5.783506521915423e-07,7.131063541521717e-05,7.131063541521717e-08
2022-12-13,128087,buy,rebalance,127.31,1.6281929942756952e-07,2.0728525010123875e-05,2.0728525010123874e-08
2022-12-13,113647,buy,rebalance,129.557,2.5290737600817274e-05,0.0032765920913490833,3.2765920913490833e-06
2022-12-13,128034,buy,rebalance,114.764,1.1056035408935097e-05,0.0012688348476710275,1.2688348476710275e-06
2022-12-13,128048,buy,rebalance,118.445,0.0011690989724165875,0.1384739277878827,0.0001384739277878827
2022-12-13,123125,buy,rebalance,133.519,0.0010371102823409604,0.1384739277878827,0.0001384739277878827
2022-12-13,110079,buy,rebalance,119.889,0.001155017789687817,0.1384739277878827,0.0001384739277878827
2022-12-13,128127,buy,rebalance,110.2,0.0012565692176758866,0.1384739277878827,0.0001384739277878827
2022-12-13,127006,buy,rebalance,125.644,0.001102113334404211,0.1384739277878827,0.0001384739277878827
2022-12-19,123125,sell,risk_exit_next_open,117.0,0.0010371102823409604,0.12134190303389238,0.00012134190303389238
2022-12-21,127032,sell,rebalance,117.13,0.0011440680001844172,0.13400468486160078,0.00013400468486160077
2022-12-21,110079,sell,rebalance,115.785,0.001155017789687817,0.13373373477900388,0.0001337337347790039
2022-12-21,128127,sell,rebalance,106.5,0.0012565692176758866,0.1338246216824819,0.0001338246216824819
2022-12-21,113044,sell,rebalance_resize,108.779,3.0705114614698664e-05,0.003340071662672306,3.340071662672306e-06
2022-12-21,110053,sell,rebalance_resize,122.09,1.4183114781438228e-05,0.0017316164836657932,1.7316164836657934e-06
2022-12-21,128087,sell,rebalance_resize,125.363,2.4940830544926113e-05,0.0031266573396035724,3.1266573396035724e-06
2022-12-21,113033,sell,rebalance_resize,105.35,2.1055882776708068e-05,0.002218237250526195,2.218237250526195e-06
2022-12-21,110084,sell,rebalance_resize,119.151,4.885998406345126e-06,0.000582171596114428,5.82171596114428e-07
2022-12-21,128081,sell,rebalance_resize,123.53,3.1893486469839674e-06,0.0003939802383619295,3.9398023836192956e-07
2022-12-21,113050,sell,rebalance_resize,115.85,6.030259750167172e-06,0.0006986055920568668,6.986055920568668e-07
2022-12-21,110063,sell,rebalance_resize,116.01,2.3146549603572517e-05,0.0026852312195104477,2.685231219510448e-06
2022-12-21,110047,sell,rebalance_resize,116.0,2.565288814562534e-05,0.0029757350248925396,2.9757350248925395e-06
2022-12-21,128034,buy,rebalance,110.2,2.4243459912417202e-06,0.00026716292823483756,2.6716292823483755e-07
2022-12-21,113631,buy,rebalance,116.15,1.1061034664267623e-05,0.0012847391762546845,1.2847391762546846e-06
2022-12-21,110043,buy,rebalance,109.54,1.3961047671346525e-06,0.00015292931619192984,1.5292931619192984e-07
2022-12-21,128048,buy,rebalance,113.999,8.023286177648405e-07,9.146466009657406e-05,9.146466009657405e-08
2022-12-21,110080,buy,rebalance,113.06,0.0011796177110968964,0.13336757841661512,0.00013336757841661513
2022-12-21,113647,buy,rebalance,121.66,2.63490575775353e-05,0.0032056263448829447,3.2056263448829447e-06
2022-12-21,128130,buy,rebalance,114.661,2.214702402445969e-06,0.00025393999216685725,2.5393999216685727e-07
2022-12-21,110083,buy,rebalance,119.8,0.001113251906649542,0.13336757841661512,0.00013336757841661513
2022-12-21,110077,buy,rebalance,121.51,0.0010975852062926105,0.13336757841661512,0.00013336757841661513
2022-12-21,127006,buy,rebalance,118.175,2.6446669121197324e-05,0.0031253351233974935,3.1253351233974935e-06
2023-01-03,113647,sell,rebalance,123.66,0.0010962319449006669,0.13556004230641647,0.00013556004230641646
2023-01-03,110083,sell,rebalance,120.56,0.001113251906649542,0.13421364986566878,0.0001342136498656688
2023-01-03,110077,sell,rebalance,122.52,0.0010975852062926105,0.13447613947497064,0.00013447613947497065
2023-01-03,113044,sell,rebalance_resize,109.317,7.041351470775994e-06,0.0007697394187308193,7.697394187308194e-07
2023-01-03,113033,sell,rebalance_resize,106.5,1.4703932096376973e-05,0.0015659687682641477,1.5659687682641478e-06
2023-01-03,110053,sell,rebalance_resize,123.252,1.1192225462004513e-05,0.0013794641726429802,1.37946417264298e-06
2023-01-03,110043,sell,rebalance_resize,111.29,2.0134747355161146e-05,0.002240796033155884,2.2407960331558842e-06
2023-01-03,113050,sell,rebalance_resize,117.462,1.673629062353973e-05,0.001965878169222224,1.9658781692222238e-06
2023-01-03,128048,sell,rebalance_resize,114.5,6.080782477337666e-06,0.0006962495936551627,6.962495936551627e-07
2023-01-03,128034,sell,rebalance_resize,111.997,2.040158345123923e-05,0.00228491614178844,2.2849161417884402e-06
2023-01-03,113044,buy,rebalance,109.317,2.5364120969553383e-19,2.7727296120286667e-17,2.7727296120286667e-20
2023-01-03,128081,buy,rebalance,121.8,1.441586555568234e-05,0.001755852424682109,1.755852424682109e-06
2023-01-03,110047,buy,rebalance,115.0,9.030715189209285e-06,0.0010385322467590678,1.038532246759068e-06
2023-01-03,110063,buy,rebalance,115.2,7.120032360437443e-06,0.0008202277279223935,8.202277279223935e-07
2023-01-03,128087,buy,rebalance,120.8,3.923336276939311e-05,0.004739390222542688,4.739390222542688e-06
2023-01-03,128130,buy,rebalance,113.76,8.235853378754143e-06,0.0009369106803670714,9.369106803670714e-07
2023-01-03,110084,buy,rebalance,117.908,1.0854860915057276e-05,0.0012798749407725734,1.2798749407725734e-06
2023-01-03,127032,buy,rebalance,119.02,0.0011184815705887474,0.13312167653147272,0.00013312167653147273
2023-01-03,110079,buy,rebalance,116.26,0.0011450342037800853,0.13312167653147272,0.00013312167653147273
2023-01-03,113631,buy,rebalance,114.65,1.4047813999160204e-05,0.0016105818750037175,1.6105818750037175e-06
2023-01-03,113055,buy,rebalance,120.014,0.0011092178956744441,0.13312167653147272,0.00013312167653147273
2023-01-03,110080,buy,rebalance,111.4,1.65722929831783e-05,0.0018461534383260628,1.8461534383260629e-06
2023-01-03,127027,buy,rebalance,116.132,0.0011462962536723101,0.13312167653147272,0.00013312167653147273
2023-01-03,127006,buy,rebalance,117.232,8.130296579505599e-06,0.0009531309286086003,9.531309286086004e-07
2023-01-11,127006,sell,rebalance,121.7,0.0011366903001049139,0.138335209522768,0.00013833520952276801
2023-01-11,110080,sell,rebalance,115.499,0.0011961900040800748,0.13815874928124455,0.00013815874928124457
2023-01-11,113055,sell,rebalance,122.7,0.0011092178956744441,0.1361010357992543,0.0001361010357992543
2023-01-11,128081,sell,rebalance_resize,126.047,1.3048823789144807e-05,0.0016447650921503354,1.6447650921503353e-06
2023-01-11,128087,sell,rebalance_resize,125.999,2.1668549709510794e-05,0.0027302155948486506,2.7302155948486505e-06
2023-01-11,110047,sell,rebalance_resize,117.682,9.077366616702468e-07,0.00010682426581867799,1.0682426581867799e-07
2023-01-11,110084,sell,rebalance_resize,122.099,1.4212662988145048e-05,0.0017353519381895222,1.7353519381895222e-06
2023-01-11,110079,sell,rebalance_resize,119.65,6.234900288786528e-06,0.0007460058195533081,7.460058195533081e-07
2023-01-11,128130,sell,rebalance_resize,118.45,2.1046364853849456e-05,0.002492941916938468,2.4929419169384684e-06
2023-01-11,127027,sell,rebalance_resize,118.99,1.1803896271475105e-06,0.00014045456173428228,1.404545617342823e-07
2023-01-11,113044,buy,rebalance,109.099,2.9902132433070748e-05,0.0032622927463155857,3.2622927463155857e-06
2023-01-11,110053,buy,rebalance,125.26,6.610517055523543e-06,0.000828033366374879,8.280333663748791e-07
2023-01-11,113033,buy,rebalance,106.6,2.6940203455778293e-05,0.002871825688385966,2.871825688385966e-06
2023-01-11,113050,buy,rebalance,118.923,1.1276631654785751e-05,0.0013410508662820859,1.341050866282086e-06
2023-01-11,110043,buy,rebalance,113.062,7.758719511117193e-06,0.0008772163453659321,8.772163453659321e-07
2023-01-11,128081,buy,rebalance,126.047,2.199752226376435e-19,2.772721688780705e-17,2.772721688780705e-20
2023-01-11,127032,buy,rebalance,120.298,1.4168958464039761e-05,0.0017044973653070551,1.7044973653070552e-06
2023-01-11,128034,buy,rebalance,113.0,1.597027900012989e-05,0.0018046415270146774,1.8046415270146774e-06
2023-01-11,128048,buy,rebalance,116.94,1.3682365052827596e-06,0.0001600015769277659,1.600015769277659e-07
2023-01-11,110047,buy,rebalance,117.682,2.3561136697036974e-19,2.772721688780705e-17,2.772721688780705e-20
2023-01-11,110063,buy,rebalance,117.699,9.338617796701366e-07,0.0001099145976053954,1.0991459760539541e-07
2023-01-11,113631,buy,rebalance,117.203,2.9167452431596125e-07,3.4185129273403606e-05,3.4185129273403603e-08
2023-01-11,110083,buy,rebalance,123.65,0.0011008339534051225,0.1361181183385434,0.0001361181183385434
2023-01-11,113647,buy,rebalance,127.694,0.0010659711367687079,0.1361181183385434,0.0001361181183385434
2023-01-11,110077,buy,rebalance,123.0,0.0011066513686060439,0.1361181183385434,0.0001361181183385434
2023-01-30,128130,sell,rebalance,122.762,0.0011503363162746636,0.14121758685851027,0.00014121758685851026
2023-01-30,110079,sell,rebalance,122.191,0.0011387993034912987,0.1391510256929053,0.0001391510256929053
2023-01-30,127027,sell,rebalance,126.999,0.0011451158640451626,0.1454285696178716,0.0001454285696178716
2023-01-30,110083,sell,rebalance,131.63,0.0011008339534051225,0.14490277328671627,0.00014490277328671627
2023-01-30,113647,sell,rebalance,132.08,0.0010659711367687079,0.14079346774441096,0.00014079346774441097
2023-01-30,110077,sell,rebalance,128.0,0.0011066513686060439,0.1416513751815736,0.00014165137518157362
2023-01-30,128081,sell,rebalance_resize,132.01,1.2284204658682108e-05,0.0016216378569926249,1.621637856992625e-06
2023-01-30,110043,sell,rebalance_resize,119.976,2.923172675648126e-05,0.0035071056493355957,3.5071056493355956e-06
2023-01-30,128034,sell,rebalance_resize,117.951,9.696262342890992e-06,0.0011436838396063354,1.1436838396063353e-06
2023-01-30,128048,sell,rebalance_resize,121.499,4.012721820100676e-06,0.00048754168842041207,4.875416884204121e-07
2023-01-30,128087,sell,rebalance_resize,130.501,3.38271017956624e-07,4.414470611435739e-05,4.414470611435739e-08
2023-01-30,127032,sell,rebalance_resize,124.974,3.761905315900995e-06,0.000470140354949411,4.70140354949411e-07
2023-01-30,113044,buy,rebalance,111.188,1.993501540328442e-05,0.0022165344926603882,2.2165344926603884e-06
2023-01-30,110053,buy,rebalance,128.648,8.850962466230651e-06,0.0011386586193556409,1.1386586193556409e-06
2023-01-30,113033,buy,rebalance,107.699,3.174732688186164e-05,0.003419155357849617,3.4191553578496168e-06
2023-01-30,113050,buy,rebalance,123.01,1.1620155724944788e-06,0.00014293953557254583,1.4293953557254585e-07
2023-01-30,110047,buy,rebalance,118.55,3.218502166580088e-05,0.0038155343184806943,3.815534318480694e-06
2023-01-30,110063,buy,rebalance,119.13,2.6564911319061947e-05,0.0031646778854398498,3.16467788543985e-06
2023-01-30,113058,buy,rebalance,114.057,0.0012356944130529528,0.14093959766958064,0.00014093959766958066
2023-01-30,113065,buy,rebalance,99.85,0.001411513246565655,0.14093959766958064,0.00014093959766958066
2023-01-30,113631,buy,rebalance,120.453,8.675599004298861e-06,0.0010450019268648106,1.0450019268648106e-06
2023-01-30,110084,buy,rebalance,125.3,9.983620421021569e-06,0.0012509476387540025,1.2509476387540024e-06
2023-01-30,123105,buy,rebalance,164.051,0.0008591206251079278,0.14093959766958064,0.00014093959766958066
2023-01-30,127006,buy,rebalance,124.503,0.0011320176836669047,0.14093959766958064,0.00014093959766958066
2023-01-30,110080,buy,rebalance,118.25,0.0011918782043939167,0.14093959766958064,0.00014093959766958066
2023-01-30,128037,buy,rebalance,122.0,0.0011552426038490217,0.14093959766958064,0.00014093959766958066
2023-01-31,128034,sell,rebalance,116.601,0.001196104542249694,0.13946698573085659,0.0001394669857308566
2023-01-31,110063,sell,rebalance,121.36,0.0011842402037577223,0.14371939112803717,0.00014371939112803718
2023-01-31,123105,sell,rebalance,169.999,0.0008591206251079278,0.14604964714772262,0.00014604964714772263
2023-01-31,128087,sell,rebalance_resize,133.0,2.1241419166042474e-05,0.002825108749083649,2.8251087490836493e-06
2023-01-31,113058,sell,rebalance_resize,114.99,9.864067807586657e-06,0.0011342691571943897,1.1342691571943897e-06
2023-01-31,110047,sell,rebalance_resize,120.578,2.1007360626357522e-05,0.0025330255296049375,2.5330255296049377e-06
2023-01-31,113631,sell,rebalance_resize,120.601,2.452606195859804e-06,0.0002957867598268882,2.957867598268882e-07
2023-01-31,113044,buy,rebalance,110.446,7.41887398068068e-06,0.0008193849556702584,8.193849556702583e-07
2023-01-31,110053,buy,rebalance,127.0,1.3253594661898858e-05,0.001683206522061155,1.683206522061155e-06
2023-01-31,110043,buy,rebalance,118.16,1.7010216218744265e-05,0.0020099271484068223,2.0099271484068225e-06
2023-01-31,113033,buy,rebalance,107.5,1.3068481850078102e-06,0.0001404861798883396,1.404861798883396e-07
2023-01-31,113050,buy,rebalance,121.603,1.2243456878340112e-05,0.0014888410867767926,1.4888410867767927e-06
2023-01-31,128081,buy,rebalance,131.6,2.3887573820033764e-06,0.0003143604714716443,3.143604714716443e-07
2023-01-31,128087,buy,rebalance,133.0,2.0847680951010377e-19,2.7727415664843802e-17,2.77274156648438e-20
2023-01-31,110080,buy,rebalance,117.39,8.88142202825826e-06,0.0010425901318972372,1.0425901318972373e-06
2023-01-31,110083,buy,rebalance,129.695,0.0010857413125149073,0.1408152195266209,0.00014081521952662092
2023-01-31,128048,buy,rebalance,121.21,1.7479517876227703e-06,0.00021186923617775598,2.11869236177756e-07
2023-01-31,113065,buy,rebalance,99.539,4.5926729067355844e-06,0.0004571500684635533,4.571500684635533e-07
2023-01-31,128037,buy,rebalance,121.01,9.59544376509485e-06,0.0011611446500141278,1.1611446500141278e-06
2023-01-31,127006,buy,rebalance,123.32,1.0999294981866462e-05,0.001356433057163772,1.356433057163772e-06
2023-01-31,110084,buy,rebalance,124.772,3.7811687888653155e-06,0.00047178399212430316,4.717839921243032e-07
2023-01-31,127032,buy,rebalance,123.49,1.2553250232360713e-05,0.0015502008711942245,1.5502008711942245e-06
2023-01-31,110079,buy,rebalance,120.85,0.0011652066158595027,0.1408152195266209,0.00014081521952662092
2023-01-31,128127,buy,rebalance,108.795,0.001294317013894213,0.1408152195266209,0.00014081521952662092
2023-02-13,110043,sell,rebalance,115.442,0.0011929264566576125,0.1377138160094681,0.00013771381600946811
2023-02-13,128037,sell,rebalance,122.05,0.0011648380476141165,0.14216848371130292,0.00014216848371130292
2023-02-13,110083,sell,rebalance,128.66,0.0010857413125149073,0.13969147726816797,0.00013969147726816797
2023-02-13,110079,sell,rebalance,118.631,0.0011652066158595027,0.13822962604602868,0.00013822962604602868
2023-02-13,113044,sell,rebalance_resize,110.557,1.0207202057239112e-05,0.0011284776378421846,1.1284776378421847e-06
2023-02-13,110053,sell,rebalance_resize,126.23,1.0403043115285815e-06,0.00013131761324425284,1.3131761324425284e-07
2023-02-13,113033,sell,rebalance_resize,107.235,5.968430109137798e-06,0.0006400246027533918,6.400246027533918e-07
2023-02-13,128127,sell,rebalance_resize,109.4,1.4878384642519144e-05,0.0016276952798915945,1.6276952798915945e-06
2023-02-13,113065,sell,rebalance_resize,99.679,1.189253410400494e-05,0.0011854359069531084,1.1854359069531085e-06
2023-02-13,113058,sell,rebalance_resize,116.7,2.6425152099390986e-05,0.003083815249998928,3.083815249998928e-06
2023-02-13,110084,sell,rebalance_resize,124.223,2.9539496790546515e-06,0.00036694849098120597,3.66948490981206e-07
2023-02-13,110047,sell,rebalance_resize,122.118,2.282986881617295e-05,0.0027879379200934085,2.7879379200934086e-06
2023-02-13,113631,sell,rebalance_resize,120.4,6.251801677409057e-06,0.0007527169219600505,7.527169219600505e-07
2023-02-13,113044,buy,rebalance,110.557,2.507962169192952e-19,2.7727277353946523e-17,2.7727277353946524e-20
2023-02-13,128081,buy,rebalance,127.95,2.2815486539831137e-05,0.002919241502771394,2.919241502771394e-06
2023-02-13,110080,buy,rebalance,116.279,2.9850892108693193e-06,0.00034710318835067357,3.471031883506736e-07
2023-02-13,128048,buy,rebalance,119.5,8.369448402040124e-06,0.0010001490840437948,1.000149084043795e-06
2023-02-13,113058,buy,rebalance,116.7,2.3759449317863345e-19,2.7727277353946523e-17,2.7727277353946524e-20
2023-02-13,113050,buy,rebalance,119.411,1.300675166565468e-05,0.0015531492231474911,1.5531492231474912e-06
2023-02-13,128087,buy,rebalance,130.5,1.2722230006129854e-05,0.001660251015799946,1.660251015799946e-06
2023-02-13,110063,buy,rebalance,122.0,0.0011461301533077567,0.13982787870354632,0.00013982787870354631
2023-02-13,127032,buy,rebalance,122.0,5.852039056273541e-06,0.000713948764865372,7.139487648653721e-07
2023-02-13,127012,buy,rebalance,116.051,0.0012048830143949326,0.13982787870354632,0.00013982787870354631
2023-02-13,110057,buy,rebalance,120.647,0.001158983469987205,0.13982787870354632,0.00013982787870354631
2023-02-13,127006,buy,rebalance,121.7,7.103840574135659e-06,0.0008645373978723097,8.645373978723098e-07
2023-02-13,110077,buy,rebalance,126.52,0.0011051839922822189,0.13982787870354632,0.00013982787870354631
2023-02-21,113058,sell,rebalance,117.699,0.0011994051931459753,0.14116879182808814,0.00014116879182808815
2023-02-21,127006,sell,rebalance,122.91,0.0011501208192229069,0.1413613498906875,0.0001413613498906875
2023-02-21,110077,sell,rebalance,125.32,0.0011051839922822189,0.13850165791280766,0.00013850165791280767
2023-02-21,128081,sell,rebalance_resize,129.026,1.1583762486667442e-05,0.0014946065386047536,1.4946065386047536e-06
2023-02-21,110080,sell,rebalance_resize,117.05,1.0664300185222062e-05,0.0012482563366802424,1.2482563366802424e-06
2023-02-21,110047,sell,rebalance_resize,123.6,1.633639870989535e-05,0.0020191788805430655,2.0191788805430656e-06
2023-02-21,110057,sell,rebalance_resize,120.54,4.463650579898291e-07,5.3804844090094006e-05,5.3804844090094005e-08
2023-02-21,110063,sell,rebalance_resize,123.841,1.8474024657571245e-05,0.0022878416876182806,2.2878416876182808e-06
2023-02-21,127012,sell,rebalance_resize,116.248,3.5714853521310964e-06,0.0004151780292145357,4.1517802921453575e-07
2023-02-21,113044,buy,rebalance,109.85,5.225208868978936e-06,0.0005739891942573361,5.739891942573361e-07
2023-02-21,110053,buy,rebalance,125.128,7.196765498803066e-06,0.0009005168733342301,9.005168733342301e-07
2023-02-21,128048,buy,rebalance,118.873,3.4867173603183564e-06,0.000414476552773124,4.14476552773124e-07
2023-02-21,113065,buy,rebalance,99.211,3.3898079234002186e-06,0.0003363062338884591,3.3630623388845907e-07
2023-02-21,110047,buy,rebalance,123.6,2.2433139812234463e-19,2.7727360807921797e-17,2.77273608079218e-20
2023-02-21,113050,buy,rebalance,117.98,1.150232424557913e-05,0.0013570442144934258,1.3570442144934259e-06
2023-02-21,128087,buy,rebalance,129.0,9.989903178765855e-06,0.0012886975100607954,1.2886975100607955e-06
2023-02-21,113033,buy,rebalance,106.6,4.763659039559065e-06,0.0005078060536169962,5.078060536169962e-07
2023-02-21,113631,buy,rebalance,119.558,5.500856654641723e-06,0.0006576714199156552,6.576714199156552e-07
2023-02-21,113647,buy,rebalance,126.51,0.0011027436722336804,0.1395081019742829,0.0001395081019742829
2023-02-21,127032,buy,rebalance,120.301,1.35310693956529e-05,0.0016278011793664396,1.6278011793664396e-06
2023-02-21,113609,buy,rebalance,120.687,0.0011559497043946978,0.1395081019742829,0.0001395081019742829
2023-02-21,128127,buy,rebalance,108.037,1.3161273805157522e-05,0.0014219045380878034,1.4219045380878035e-06
2023-02-21,110084,buy,rebalance,123.864,6.773652464084295e-07,8.390116888113372e-05,8.390116888113372e-08
2023-02-21,110083,buy,rebalance,127.445,0.0010946533953806183,0.1395081019742829,0.0001395081019742829
2023-03-01,110084,sell,rebalance,124.762,0.0011274460476976076,0.14066242380284893,0.00014066242380284894
2023-03-01,128127,sell,rebalance,108.499,0.0012925999030568515,0.14024579688176533,0.00014024579688176532
2023-03-01,113647,sell,rebalance,129.725,0.0011027436722336804,0.14305342288051417,0.0001430534228805142
2023-03-01,113609,sell,rebalance,127.538,0.0011559497043946978,0.14742751339909096,0.00014742751339909098
2023-03-01,113044,sell,rebalance_resize,109.801,1.0469627450486658e-06,0.00011495755636908855,1.1495755636908855e-07
2023-03-01,128081,sell,rebalance_resize,129.5,5.334852992324475e-06,0.0006908634625060195,6.908634625060195e-07
2023-03-01,110057,sell,rebalance_resize,120.6,2.0509643599663845e-06,0.00024734630181194595,2.4734630181194596e-07
2023-03-01,113631,sell,rebalance_resize,120.2,7.712572198297926e-06,0.0009270511782354107,9.270511782354107e-07
2023-03-01,113065,sell,rebalance_resize,99.148,8.95760437352089e-07,8.881285584258491e-05,8.881285584258492e-08
2023-03-01,128087,sell,rebalance_resize,129.7,7.20359787477218e-06,0.0009343066443579517,9.343066443579517e-07
2023-03-01,127012,sell,rebalance_resize,116.22,1.2407275228273146e-06,0.0001441973527029905,1.441973527029905e-07
2023-03-01,128048,buy,rebalance,116.5,2.2383853662763866e-05,0.0026077189517119902,2.6077189517119903e-06
2023-03-01,110053,buy,rebalance,123.78,1.0714046364963343e-05,0.0013261846590551627,1.3261846590551626e-06
2023-03-01,110047,buy,rebalance,120.7,2.564732757538892e-05,0.0030956324383494428,3.095632438349443e-06
2023-03-01,110063,buy,rebalance,121.2,2.308162467741038e-05,0.002797492910902138,2.797492910902138e-06
2023-03-01,110080,buy,rebalance,115.88,1.0500918919306542e-05,0.0012168464843692421,1.2168464843692422e-06
2023-03-01,113033,buy,rebalance,105.33,1.4097900117159272e-05,0.0014849318193403862,1.4849318193403862e-06
2023-03-01,113050,buy,rebalance,116.79,1.0539167649550575e-05,0.0012308693897910119,1.2308693897910118e-06
2023-03-01,110083,buy,rebalance,126.103,1.1353511525725441e-05,0.0014317118639285552,1.4317118639285554e-06
2023-03-01,113516,buy,rebalance,113.157,0.0012313169452825058,0.1393321315773325,0.0001393321315773325
2023-03-01,128130,buy,rebalance,121.499,0.001146775953524988,0.1393321315773325,0.0001393321315773325
2023-03-01,127032,buy,rebalance,119.4,7.2768176724846e-06,0.0008688520300946613,8.688520300946613e-07
2023-03-01,110077,buy,rebalance,124.809,0.0011163628550611936,0.1393321315773325,0.0001393321315773325
2023-03-01,123146,buy,rebalance,118.203,0.0011787529214768873,0.1393321315773325,0.0001393321315773325
2023-03-13,113033,sell,rebalance,106.37,0.001324131163671432,0.1408478318797302,0.0001408478318797302
2023-03-13,127032,sell,rebalance,117.45,0.0011681018000936582,0.13719355642100015,0.00013719355642100015
2023-03-13,110057,sell,rebalance,121.1,0.0011564861405692487,0.14005047162293602,0.00014005047162293603
2023-03-13,110077,sell,rebalance,125.816,0.0011163628550611936,0.14045630897237912,0.00014045630897237913
2023-03-13,113044,sell,rebalance_resize,111.699,2.845822912495252e-05,0.0031787557350280715,3.1787557350280715e-06
2023-03-13,128048,sell,rebalance_resize,116.013,1.5707153701084828e-06,0.00018222340223239542,1.822234022323954e-07
2023-03-13,110080,sell,rebalance_resize,115.8,5.7888970044450535e-06,0.0006703542731147372,6.703542731147372e-07
2023-03-13,123146,sell,rebalance_resize,118.21,5.380412834650967e-06,0.0006360186011840907,6.360186011840907e-07
2023-03-13,113065,sell,rebalance_resize,99.305,9.956370505118462e-06,0.000988717373010789,9.88717373010789e-07
2023-03-13,127012,sell,rebalance_resize,117.68,2.141372940407716e-05,0.0025199676762718004,2.5199676762718007e-06
2023-03-13,113516,sell,rebalance_resize,112.87,2.430932643197084e-06,0.0002743793674376549,2.743793674376549e-07
2023-03-13,110053,buy,rebalance,122.8,2.747197541949685e-06,0.0003373558581514213,3.373558581514213e-07
2023-03-13,128081,buy,rebalance,127.5,1.0860717843252342e-05,0.0013847415250146735,1.3847415250146736e-06
2023-03-13,110063,buy,rebalance,119.388,1.1045891645421302e-05,0.0013187469117635585,1.3187469117635585e-06
2023-03-13,110047,buy,rebalance,119.508,5.120877436346736e-06,0.0006119858206629256,6.119858206629256e-07
2023-03-13,127018,buy,rebalance,116.899,0.0011853286277812415,0.13856373125899935,0.00013856373125899934
2023-03-13,128130,buy,rebalance,118.588,2.2833248593693814e-05,0.0027077492842289617,2.707749284228962e-06
2023-03-13,113631,buy,rebalance,118.8,7.203162720444549e-06,0.0008557357311888125,8.557357311888125e-07
2023-03-13,128127,buy,rebalance,113.0,0.0012262277102566314,0.13856373125899935,0.00013856373125899934
2023-03-13,113050,buy,rebalance,115.518,6.50666493636346e-06,0.0007516369201188342,7.516369201188342e-07
2023-03-13,127006,buy,rebalance,118.875,0.001165625499549942,0.13856373125899935,0.00013856373125899934
2023-03-13,128087,buy,rebalance,125.85,2.676832982630583e-05,0.0033687943086405884,3.3687943086405885e-06
2023-03-13,110083,buy,rebalance,125.162,2.189559308858306e-06,0.0002740496222153233,2.7404962221532335e-07
2023-03-13,110084,buy,rebalance,124.227,0.0011154075302389926,0.13856373125899935,0.00013856373125899934
2023-03-21,123146,sell,rebalance,117.33,0.0011733725086422364,0.1376717964389936,0.0001376717964389936
2023-03-21,127006,sell,rebalance,120.293,0.001165625499549942,0.1402165882173612,0.00014021658821736119
2023-03-21,113044,sell,rebalance_resize,113.499,1.2220994571164857e-05,0.0013870706628326401,1.38707066283264e-06
2023-03-21,110080,sell,rebalance_resize,118.011,1.5254555943022044e-05,0.0018002054013919744,1.8002054013919744e-06
2023-03-21,127018,sell,rebalance_resize,128.0,9.507489399830627e-05,0.012169586431783203,1.2169586431783203e-05
2023-03-21,127012,sell,rebalance_resize,118.91,5.059578850270027e-06,0.0006016345210856089,6.016345210856089e-07
2023-03-21,110083,sell,rebalance_resize,125.97,3.733502017407979e-07,4.703092491328831e-05,4.703092491328831e-08
2023-03-21,128130,sell,rebalance_resize,119.639,3.1628265704432e-06,0.000378397408061254,3.78397408061254e-07
2023-03-21,110053,buy,rebalance,121.501,1.9038941584642076e-05,0.002313250441475597,2.313250441475597e-06
2023-03-21,128081,buy,rebalance,126.45,1.5734907498735388e-05,0.0019896790532150897,1.98967905321509e-06
2023-03-21,128048,buy,rebalance,115.645,1.1126586700283752e-05,0.0012867341189543144,1.2867341189543143e-06
2023-03-21,128127,buy,rebalance,112.401,1.5315170056683106e-05,0.0017214404295412377,1.7214404295412377e-06
2023-03-21,110047,buy,rebalance,119.95,2.796043927022789e-06,0.00033538546904638355,3.3538546904638354e-07
2023-03-21,110084,buy,rebalance,124.444,5.993989800885007e-06,0.0007459160667813338,7.459160667813339e-07
2023-03-21,110063,buy,rebalance,120.082,3.59160863744633e-07,4.312875484018302e-05,4.312875484018302e-08
2023-03-21,128087,buy,rebalance,124.204,2.1438931454750797e-05,0.0026628010424058677,2.6628010424058676e-06
2023-03-21,113631,buy,rebalance,118.07,1.4393930266619848e-05,0.0016994913465798052,1.6994913465798052e-06
2023-03-21,110077,buy,rebalance,125.9,0.0011072705607883386,0.13940536360325184,0.00013940536360325183
2023-03-21,113065,buy,rebalance,99.244,9.394337228886866e-06,0.0009323316039436481,9.323316039436482e-07
2023-03-21,113516,buy,rebalance,112.199,1.4892582452259254e-05,0.001670932858561036,1.670932858561036e-06
2023-03-21,128141,buy,rebalance,127.504,0.0010933410999125661,0.13940536360325184,0.00013940536360325183
2023-03-21,113050,buy,rebalance,114.501,1.8059373286427235e-05,0.002067816300669205,2.067816300669205e-06
2023-03-31,113516,sell,rebalance,111.9,0.0012437785950915679,0.13917882479074645,0.00013917882479074644
2023-03-31,128130,sell,rebalance,121.005,0.0011664463755482386,0.14114584367321462,0.00014114584367321461
2023-03-31,127018,sell,rebalance,120.076,0.0010902537337829353,0.13091330733771972,0.00013091330733771973
2023-03-31,128141,sell,rebalance,126.893,0.0010933410999125661,0.13873733219120526,0.00013873733219120526
2023-03-31,110053,sell,rebalance_resize,121.6,8.39921589869899e-06,0.0010213446532817971,1.0213446532817972e-06
2023-03-31,128048,sell,rebalance_resize,115.172,2.9342455808627123e-06,0.0003379429320391203,3.379429320391203e-07
2023-03-31,128081,sell,rebalance_resize,126.8,1.0206940490774711e-05,0.0012942400542302335,1.2942400542302336e-06
2023-03-31,127012,sell,rebalance_resize,118.79,6.475693434964939e-06,0.0007692476231394851,7.692476231394852e-07
2023-03-31,110083,sell,rebalance_resize,125.951,7.058544061794411e-06,0.0008890306831270678,8.890306831270678e-07
2023-03-31,113050,sell,rebalance_resize,113.851,1.0162155603980714e-06,0.00011569715776688083,1.1569715776688083e-07
2023-03-31,113631,sell,rebalance_resize,119.3,1.9799345616086932e-05,0.002362061931999171,2.362061931999171e-06
2023-03-31,110077,sell,rebalance_resize,126.1,7.80665434992165e-06,0.0009844191135251201,9.844191135251202e-07
2023-03-31,128087,sell,rebalance_resize,123.77,3.390544155225218e-06,0.00041964765009222527,4.196476500922253e-07
2023-03-31,113044,buy,rebalance,112.7,6.411382346885833e-07,7.225627904940334e-05,7.225627904940334e-08
2023-03-31,127012,buy,rebalance,118.79,2.3341561596745777e-19,2.772744102077431e-17,2.772744102077431e-20
2023-03-31,127032,buy,rebalance,116.578,0.0011880617522786643,0.13850186295714212,0.00013850186295714213
2023-03-31,110080,buy,rebalance,116.749,4.9824259659758285e-06,0.000581693249101712,5.81693249101712e-07
2023-03-31,110047,buy,rebalance,118.959,2.0425223623416655e-06,0.0002429764177018022,2.429764177018022e-07
2023-03-31,113065,buy,rebalance,98.316,4.021789784625036e-06,0.00039540628446519505,3.954062844651951e-07
2023-03-31,110084,buy,rebalance,122.989,5.86731205683854e-06,0.0007216148425585152,7.216148425585153e-07
2023-03-31,113631,buy,rebalance,119.3,2.324177788832717e-19,2.772744102077431e-17,2.772744102077431e-20
2023-03-31,110063,buy,rebalance,119.161,1.3438728012059148e-06,0.00016013722686449803,1.6013722686449802e-07
2023-03-31,128127,buy,rebalance,110.21,1.642429054902389e-05,0.001810121061407923,1.8101210614079231e-06
2023-03-31,113062,buy,rebalance,115.007,0.0012042907210616928,0.13850186295714212,0.00013850186295714213
2023-03-31,110079,buy,rebalance,113.2,0.0012235146904341176,0.13850186295714212,0.00013850186295714213
2023-03-31,113033,buy,rebalance,106.54,0.001299998713695721,0.13850186295714212,0.00013850186295714213
2023-04-11,128087,sell,rebalance,123.667,0.0011201615787499748,0.13852702195927313,0.00013852702195927313
2023-04-11,128127,sell,rebalance,110.08,0.0012579671708623384,0.13847702616852622,0.00013847702616852622
2023-04-11,113062,sell,rebalance,116.58,0.0012042907210616928,0.14039621226137214,0.00014039621226137215
2023-04-11,110079,sell,rebalance,115.75,0.0012235146904341176,0.14162182541774912,0.00014162182541774913
2023-04-11,110053,sell,rebalance_resize,123.245,6.9483538069497075e-06,0.0008563498649375167,8.563498649375168e-07
2023-04-11,110083,sell,rebalance_resize,127.9,8.805247225264116e-06,0.0011261911201112806,1.1261911201112807e-06
2023-04-11,127012,sell,rebalance_resize,121.556,1.8173186578277375e-05,0.0022090598677090845,2.2090598677090847e-06
2023-04-11,113050,sell,rebalance_resize,115.7,1.0651912667176399e-05,0.0012324262955923093,1.2324262955923094e-06
2023-04-11,110080,sell,rebalance_resize,117.79,1.8373323240288435e-06,0.00021641937444735748,2.164193744473575e-07
2023-04-11,127032,sell,rebalance_resize,119.17,1.6109099492670187e-05,0.0019197213865415062,1.9197213865415063e-06
2023-04-11,113044,buy,rebalance,112.787,8.080030558585594e-06,0.0009113224066111934,9.113224066111934e-07
2023-04-11,110053,buy,rebalance,123.245,2.249785246107788e-19,2.7727478265655438e-17,2.772747826565544e-20
2023-04-11,128081,buy,rebalance,126.85,7.596002434588096e-06,0.0009635529088274999,9.635529088275e-07
2023-04-11,128048,buy,rebalance,114.898,1.1729278537062495e-05,0.0013476706453514065,1.3476706453514064e-06
2023-04-11,123107,buy,rebalance,130.02,0.0010730673456484457,0.13952021628121092,0.00013952021628121092
2023-04-11,110077,buy,rebalance,126.5,4.575706876241108e-06,0.0005788269198445001,5.788269198445001e-07
2023-04-11,110057,buy,rebalance,131.4,0.0010617976885936903,0.13952021628121092,0.00013952021628121092
2023-04-11,110084,buy,rebalance,123.614,2.548812835761344e-06,0.00031506894987980274,3.1506894987980277e-07
2023-04-11,110047,buy,rebalance,119.64,1.8851358004450093e-06,0.0002255376471652409,2.2553764716524092e-07
2023-04-11,113065,buy,rebalance,98.48,7.996900730328852e-06,0.0007875347839227854,7.875347839227854e-07
2023-04-11,110075,buy,rebalance,135.29,0.0010312677676192691,0.13952021628121092,0.00013952021628121092
2023-04-11,110063,buy,rebalance,119.507,5.155938466775324e-06,0.0006161707383489187,6.161707383489187e-07
2023-04-11,113516,buy,rebalance,112.099,0.0012446160650961286,0.13952021628121092,0.00013952021628121092
2023-04-11,113631,buy,rebalance,119.094,1.0557410233537579e-05,0.0012573242143529243,1.2573242143529243e-06
2023-04-11,113033,buy,rebalance,106.15,1.5685792895301224e-05,0.001665046915836225,1.6650469158362252e-06
2023-04-21,113631,sell,rebalance,118.322,0.0011726898377430461,0.1387550069814327,0.0001387550069814327
2023-04-21,110077,sell,rebalance,128.3,0.001104039613314658,0.14164828238827062,0.00014164828238827061
2023-04-21,113033,sell,rebalance,105.3,0.001315684506591022,0.13854157854403462,0.00013854157854403462
2023-04-21,113516,sell,rebalance,114.944,0.0012446160650961286,0.1430611489864094,0.0001430611489864094
2023-04-21,113044,sell,rebalance_resize,115.4,2.3907879586662823e-05,0.00275896930430089,2.75896930430089e-06
2023-04-21,110053,sell,rebalance_resize,125.63,1.7726532389588946e-05,0.0022269842641040594,2.2269842641040594e-06
2023-04-21,128048,sell,rebalance_resize,116.655,1.4217901280777316e-05,0.001658589273909078,1.658589273909078e-06
2023-04-21,110083,sell,rebalance_resize,128.94,5.118139637917578e-06,0.0006599329249130925,6.599329249130925e-07
2023-04-21,110057,sell,rebalance_resize,136.9,3.815048329559497e-05,0.005222801163166951,5.222801163166951e-06
2023-04-21,127012,sell,rebalance_resize,122.3,3.099860960404135e-06,0.0003791129954574257,3.791129954574257e-07
2023-04-21,113050,sell,rebalance_resize,116.398,3.1517018950892413e-06,0.0003668517971845975,3.668517971845975e-07
2023-04-21,110053,buy,rebalance,125.63,2.2070531375366553e-19,2.7727208566873e-17,2.7727208566873004e-20
2023-04-21,110080,buy,rebalance,117.95,2.4222399375278525e-06,0.0002857032006314102,2.857032006314102e-07
2023-04-21,128081,buy,rebalance,125.377,1.6719934601075618e-05,0.002096295240479058,2.096295240479058e-06
2023-04-21,113021,buy,rebalance,113.25,0.001236150797246908,0.13999407778821232,0.00013999407778821232
2023-04-21,113065,buy,rebalance,98.75,9.468642842158368e-07,9.350284806631388e-05,9.350284806631388e-08
2023-04-21,127032,buy,rebalance,119.3,2.707631629369716e-06,0.0003230204533838071,3.230204533838071e-07
2023-04-21,110075,buy,rebalance,131.1,3.76281554758474e-05,0.004933051182883594,4.933051182883594e-06
2023-04-21,123107,buy,rebalance,129.399,9.908493955379136e-06,0.0012821492093321048,1.2821492093321047e-06
2023-04-21,110084,buy,rebalance,123.5,4.892349054637289e-06,0.0006042051082477052,6.042051082477052e-07
2023-04-21,110047,buy,rebalance,117.533,2.4950718398850123e-05,0.0029325327855720517,2.932532785572052e-06
2023-04-21,110063,buy,rebalance,117.633,2.264364863820837e-05,0.002663640320258365,2.6636403202583653e-06
2023-04-21,128130,buy,rebalance,118.827,0.001178133570553934,0.13999407778821232,0.00013999407778821232
2023-04-21,113056,buy,rebalance,99.017,0.0014138388134180226,0.13999407778821232,0.00013999407778821232
2023-04-21,128087,buy,rebalance,121.276,0.0011543428030955205,0.13999407778821232,0.00013999407778821232
2023-05-09,110057,sell,risk_exit_next_open,133.397,0.0010236472052980953,0.13655146624515002,0.00013655146624515002
2023-05-11,113050,sell,rebalance,116.1,0.0012039494012380733,0.1397785254837403,0.0001397785254837403
2023-05-11,127012,sell,rebalance,124.418,0.0011458487522919808,0.14256421006266368,0.0001425642100626637
2023-05-11,123107,sell,rebalance,127.066,0.0010829758396038247,0.1376094080350996,0.00013760940803509962
2023-05-11,110075,sell,rebalance,129.3,0.0010688959230951164,0.13820824285619857,0.00013820824285619857
2023-05-11,113056,sell,rebalance,101.976,0.0014138388134180226,0.14417762683711627,0.00014417762683711628
2023-05-11,113044,sell,rebalance_resize,116.944,7.101261991672775e-06,0.0008304499823541811,8.304499823541811e-07
2023-05-11,113021,sell,rebalance_resize,118.399,4.372665192180627e-05,0.00517719186088994,5.17719186088994e-06
2023-05-11,110053,sell,rebalance_resize,127.578,8.84497394074322e-06,0.0011284240854121386,1.1284240854121386e-06
2023-05-11,128081,sell,rebalance_resize,128.685,2.059849129826885e-05,0.002650716852717727,2.650716852717727e-06
2023-05-11,110080,sell,rebalance_resize,120.64,1.7831455198517154e-05,0.0021511867551491093,2.1511867551491093e-06
2023-05-11,128048,sell,rebalance_resize,117.62,9.75409243002548e-07,0.0001147276351619597,1.1472763516195971e-07
2023-05-11,113065,sell,rebalance_resize,101.0,2.1271089205621812e-05,0.002148380009767803,2.148380009767803e-06
2023-05-11,110083,sell,rebalance_resize,135.2,4.2596907112547576e-05,0.005759101841616432,5.759101841616432e-06
2023-05-11,113057,buy,rebalance,130.5,0.0010807471610715066,0.1410375045198316,0.00014103750451983162
2023-05-11,128130,buy,rebalance,117.156,2.6914397715699275e-05,0.0031531831787804643,3.1531831787804645e-06
2023-05-11,128087,buy,rebalance,120.0,2.2149751202142057e-05,0.002657970144257047,2.657970144257047e-06
2023-05-11,110047,buy,rebalance,116.894,1.5463177233931088e-05,0.0018075526395831408,1.8075526395831408e-06
2023-05-11,110063,buy,rebalance,117.6,9.230023836258542e-06,0.0010854508031440044,1.0854508031440045e-06
2023-05-11,127032,buy,rebalance,120.07,1.167839965598575e-06,0.00014022254466942088,1.402225446694209e-07
2023-05-11,110084,buy,rebalance,122.6,1.6837428873258645e-05,0.0020642687798615098,2.06426877986151e-06
2023-05-11,123146,buy,rebalance,117.646,0.0011988295778847695,0.1410375045198316,0.00014103750451983162
2023-05-11,113631,buy,rebalance,123.723,0.0011399457216510398,0.1410375045198316,0.00014103750451983162
2023-05-11,128128,buy,rebalance,128.412,0.0010983202856417748,0.1410375045198316,0.00014103750451983162
2023-05-11,113058,buy,rebalance,120.337,0.001172021111709878,0.1410375045198316,0.00014103750451983162
2023-05-11,110079,buy,rebalance,117.75,0.0011977707390219245,0.1410375045198316,0.00014103750451983162
2023-05-23,113065,sell,rebalance,101.31,0.0013978398651717497,0.14161515674054997,0.00014161515674054997
2023-05-23,127032,sell,rebalance,120.699,0.0011758281243809624,0.14192127878465777,0.00014192127878465778
2023-05-23,113057,sell,rebalance,130.13,0.0010807471610715066,0.14063762807023514,0.00014063762807023513
2023-05-23,113631,sell,rebalance,125.757,0.0011399457216510398,0.1433561541176698,0.0001433561541176698
2023-05-23,128128,sell,rebalance,127.974,0.0010983202856417748,0.1405564402347205,0.0001405564402347205
2023-05-23,110053,sell,rebalance_resize,129.1,1.16855651282716e-05,0.0015086064580598635,1.5086064580598636e-06
2023-05-23,113021,sell,rebalance_resize,120.9,2.3213946960419885e-05,0.002806566187514764,2.806566187514764e-06
2023-05-23,128130,sell,rebalance_resize,118.6,1.3163373140711966e-05,0.001561176054488439,1.561176054488439e-06
2023-05-23,123146,sell,rebalance_resize,117.99,7.830232420874792e-07,9.238891233390167e-05,9.238891233390168e-08
2023-05-23,110084,sell,rebalance_resize,125.723,2.7190598872002077e-05,0.003418483661984717,3.418483661984717e-06
2023-05-23,128087,sell,rebalance_resize,122.812,2.5485218025229517e-05,0.0031298905961144874,3.1298905961144876e-06
2023-05-23,110079,sell,rebalance_resize,118.45,4.376792358437403e-06,0.0005184310548569104,5.184310548569105e-07
2023-05-23,113044,buy,rebalance,116.299,8.197823745458294e-06,0.0009533987037730541,9.533987037730542e-07
2023-05-23,128081,buy,rebalance,127.861,8.435789974830759e-06,0.0010786085419718357,1.0786085419718357e-06
2023-05-23,128048,buy,rebalance,116.675,1.121626868197531e-05,0.0013086581484694692,1.3086581484694694e-06
2023-05-23,118016,buy,rebalance,117.05,0.001206439482660536,0.14121374144541574,0.00014121374144541573
2023-05-23,110083,buy,rebalance,130.4,3.974526438915153e-05,0.005182782476345359,5.182782476345359e-06
2023-05-23,110080,buy,rebalance,118.628,2.1307818698847354e-05,0.002527703916606864,2.5277039166068637e-06
2023-05-23,113058,buy,rebalance,120.176,4.228685180274173e-06,0.000508186470224629,5.08186470224629e-07
2023-05-23,110077,buy,rebalance,133.383,0.0010587086918529027,0.14121374144541574,0.00014121374144541573
2023-05-23,110047,buy,rebalance,116.4,6.6441806661587134e-06,0.0007733826295408743,7.733826295408743e-07
2023-05-23,110063,buy,rebalance,116.68,1.0969910533318573e-05,0.0012799691610276111,1.2799691610276112e-06
2023-05-23,127028,buy,rebalance,133.899,0.0010546287981644056,0.14121374144541574,0.00014121374144541573
2023-05-23,123162,buy,rebalance,125.813,0.0011224097783648409,0.14121374144541574,0.00014121374144541573
2023-05-23,128127,buy,rebalance,109.0,0.0012955389123432636,0.14121374144541574,0.00014121374144541573
2023-05-31,110047,sell,rebalance,115.388,0.0012144048590329091,0.14012774787408933,0.00014012774787408933
2023-05-31,110063,sell,rebalance,115.151,0.0012114862001125284,0.13950384742915775,0.00013950384742915777
2023-05-31,123146,sell,rebalance,120.879,0.001198046554642682,0.14481866947865277,0.00014481866947865278
2023-05-31,110079,sell,rebalance,115.05,0.001193393946663487,0.1372999735636342,0.00013729997356363418
2023-05-31,123162,sell,rebalance,126.237,0.0011224097783648409,0.14168964319144242,0.00014168964319144243
2023-05-31,113044,sell,rebalance_resize,115.951,3.340780386524013e-06,0.0003873668265978458,3.8736682659784584e-07
2023-05-31,110084,sell,rebalance_resize,129.696,4.0698144252975724e-05,0.0052783865170339395,5.278386517033939e-06
2023-05-31,118016,sell,rebalance_resize,116.853,3.6787822338297324e-06,0.0004298767403697057,4.298767403697057e-07
2023-05-31,128087,sell,rebalance_resize,123.66,1.4453914576153646e-05,0.0017873710764871598,1.7873710764871597e-06
2023-05-31,110080,sell,rebalance_resize,118.5,5.537729326792486e-06,0.0006562209252249096,6.562209252249096e-07
2023-05-31,110077,sell,rebalance_resize,138.021,4.041295332788173e-05,0.005577836231267563,5.577836231267563e-06
2023-05-31,110053,buy,rebalance,126.151,1.914543455582483e-05,0.002415215714651858,2.415215714651858e-06
2023-05-31,128081,buy,rebalance,126.715,3.6007853064687855e-06,0.0004562735101091922,4.562735101091922e-07
2023-05-31,127028,buy,rebalance,129.952,2.6867721965719327e-05,0.003491514204889158,3.4915142048891582e-06
2023-05-31,128048,buy,rebalance,115.358,6.80326111296266e-06,0.0007848105954691466,7.848105954691465e-07
2023-05-31,110083,buy,rebalance,129.298,3.0017518186601962e-06,0.00038812050664912607,3.881205066491261e-07
2023-05-31,113021,buy,rebalance,117.616,2.572170889713283e-05,0.0030252845136451746,3.0252845136451745e-06
2023-05-31,113631,buy,rebalance,124.404,0.0011286053930194013,0.1404030253131856,0.0001404030253131856
2023-05-31,128130,buy,rebalance,117.1,8.330617349074039e-06,0.0009755152915765699,9.7551529157657e-07
2023-05-31,113058,buy,rebalance,119.111,3.7062606364130077e-06,0.00044145641066378977,4.414564106637898e-07
2023-05-31,128127,buy,rebalance,106.839,1.9936000345073613e-05,0.0021299423408673197,2.12994234086732e-06
2023-05-31,128128,buy,rebalance,122.912,0.0011423052697310727,0.1404030253131856,0.0001404030253131856
2023-05-31,113056,buy,rebalance,101.779,0.001379489141307987,0.1404030253131856,0.0001404030253131856
2023-05-31,127027,buy,rebalance,119.491,0.0011750092083352354,0.1404030253131856,0.0001404030253131856
2023-05-31,127012,buy,rebalance,125.801,0.0011160724104990073,0.1404030253131856,0.0001404030253131856
2023-06-13,113058,sell,rebalance,117.99,0.0011799560575265653,0.13922301522755945,0.00013922301522755945
2023-06-13,110077,sell,rebalance,146.508,0.0010182957385250209,0.14918847205982377,0.0001491884720598238
2023-06-13,128127,sell,rebalance,107.667,0.0013154749126883373,0.14163323742441522,0.00014163323742441523
2023-06-13,128128,sell,rebalance,128.59,0.0011423052697310727,0.14688903463471864,0.00014688903463471863
2023-06-13,127027,sell,rebalance,120.65,0.0011750092083352354,0.14176486098564617,0.00014176486098564617
2023-06-13,110053,sell,rebalance_resize,127.76,4.804653697956453e-06,0.0006138425564509165,6.138425564509165e-07
2023-06-13,128081,sell,rebalance_resize,127.8,2.088664477136749e-07,2.6693132017807653e-05,2.6693132017807652e-08
2023-06-13,128048,sell,rebalance_resize,116.44,1.2124465731404426e-06,0.00014117727897647314,1.4117727897647316e-07
2023-06-13,113056,sell,rebalance_resize,102.784,6.513487838963427e-07,6.694823340400169e-05,6.694823340400169e-08
2023-06-13,128130,sell,rebalance_resize,118.451,3.7503141926607117e-06,0.0004442284664348539,4.4422846643485395e-07
2023-06-13,110080,sell,rebalance_resize,121.12,1.59442482248859e-05,0.00193116734499818,1.93116734499818e-06
2023-06-13,113044,buy,rebalance,115.88,1.0882474573089434e-05,0.0012610611535296037,1.2610611535296036e-06
2023-06-13,128081,buy,rebalance,127.8,2.169618451784035e-19,2.7727723813799967e-17,2.772772381379997e-20
2023-06-13,128087,buy,rebalance,123.6,1.005834927145342e-05,0.0012432119699516426,1.2432119699516427e-06
2023-06-13,110083,buy,rebalance,130.001,3.1699332547551185e-06,0.00041209449305142017,4.1209449305142017e-07
2023-06-13,110084,buy,rebalance,126.824,3.378092367990499e-05,0.00428423186478027,4.284231864780271e-06
2023-06-13,113628,buy,rebalance,134.0,0.0010565690288316095,0.14158024986343568,0.00014158024986343567
2023-06-13,113021,buy,rebalance,117.394,1.229345375366007e-05,0.0014431777099571704,1.4431777099571705e-06
2023-06-13,113631,buy,rebalance,125.4,1.5562309212785233e-06,0.00019515135752832684,1.9515135752832684e-07
2023-06-13,118016,buy,rebalance,116.53,1.3414477490252592e-05,0.0015631890619391346,1.5631890619391346e-06
2023-06-13,110047,buy,rebalance,116.05,0.0012199935360916474,0.14158024986343568,0.00014158024986343567
2023-06-13,113033,buy,rebalance,105.256,0.0013451038407638108,0.14158024986343568,0.00014158024986343567
2023-06-13,127028,buy,rebalance,129.601,1.2020496152256947e-05,0.0015578683218286527,1.5578683218286527e-06
2023-06-13,110063,buy,rebalance,116.098,0.0012194891373101663,0.14158024986343568,0.00014158024986343567
2023-06-13,110079,buy,rebalance,116.9,0.001211122753322803,0.14158024986343568,0.00014158024986343567
2023-06-13,127012,buy,rebalance,126.428,4.896376933620364e-06,0.0006190391429637554,6.190391429637554e-07
2023-06-21,118016,sell,rebalance,116.502,0.0012161751779169588,0.14168684057768152,0.00014168684057768151
2023-06-21,127028,sell,rebalance,130.997,0.001093517016282382,0.1432474485819432,0.0001432474485819432
2023-06-21,113631,sell,rebalance,124.409,0.00113016162394068,0.14060227747283605,0.00014060227747283606
2023-06-21,127012,sell,rebalance,125.001,0.0011209687874326275,0.14012221939786587,0.00014012221939786588
2023-06-21,113033,sell,rebalance,104.621,0.0013451038407638108,0.14072610892455065,0.00014072610892455065
2023-06-21,113044,sell,rebalance_resize,114.888,2.5902076392929972e-06,0.0002975837752630939,2.9758377526309386e-07
2023-06-21,128081,sell,rebalance_resize,127.12,5.962769624501559e-06,0.0007579872746666383,7.579872746666383e-07
2023-06-21,110083,sell,rebalance_resize,129.03,3.51163001373643e-06,0.00045310562067241156,4.5310562067241155e-07
2023-06-21,110080,sell,rebalance_resize,120.01,1.7769815350916432e-06,0.0002132555540263481,2.132555540263481e-07
2023-06-21,110047,sell,rebalance_resize,115.222,3.121779346253432e-06,0.0003596976598340129,3.5969765983401294e-07
2023-06-21,128130,sell,rebalance_resize,117.888,7.112313156078311e-06,0.00083845637334376,8.3845637334376e-07
2023-06-21,110063,sell,rebalance_resize,115.3,3.4405895589281497e-06,0.00039669997614441566,3.9669997614441564e-07
2023-06-21,110084,sell,rebalance_resize,127.4,1.6887032334313632e-05,0.002151407919391557,2.151407919391557e-06
2023-06-21,110053,buy,rebalance,125.563,7.3596956298767004e-06,0.0009241054623742082,9.241054623742082e-07
2023-06-21,128048,buy,rebalance,114.3,9.549338378117248e-06,0.0010914893766188014,1.0914893766188015e-06
2023-06-21,128087,buy,rebalance,121.6,6.427784303806876e-06,0.0007816185713429161,7.816185713429161e-07
2023-06-21,110080,buy,rebalance,120.01,2.3104436764555216e-19,2.7727634561142716e-17,2.7727634561142715e-20
2023-06-21,113628,buy,rebalance,129.498,2.612713714431587e-05,0.0033834120059146166,3.3834120059146168e-06
2023-06-21,127033,buy,rebalance,107.3,0.001305398417435996,0.14006925019088237,0.00014006925019088238
2023-06-21,113058,buy,rebalance,116.8,0.0011992230324561848,0.14006925019088237,0.00014006925019088238
2023-06-21,128130,buy,rebalance,117.888,2.352031976209853e-19,2.7727634561142716e-17,2.7727634561142715e-20
2023-06-21,110079,buy,rebalance,114.906,9.086334497794286e-06,0.0010440743518035504,1.0440743518035504e-06
2023-06-21,110045,buy,rebalance,124.5,0.0011250542184006616,0.14006925019088237,0.00014006925019088238
2023-06-21,113021,buy,rebalance,114.81,1.399907893369934e-05,0.0016072342523780212,1.6072342523780213e-06
2023-06-21,113056,buy,rebalance,100.778,1.2429500873736061e-05,0.0012526202390533729,1.252620239053373e-06
2023-06-21,128083,buy,rebalance,132.757,0.001055079959556802,0.14006925019088237,0.00014006925019088238
2023-06-21,113057,buy,rebalance,131.9,0.0010619351796124516,0.14006925019088237,0.00014006925019088238
2023-07-03,113021,sell,rebalance,115.35,0.0012212244399491742,0.14086823914813723,0.00014086823914813724
2023-07-03,113056,sell,rebalance,101.173,0.001391267293397827,0.14075868587493834,0.00014075868587493833
2023-07-03,110079,sell,rebalance,114.9,0.0012202090878205972,0.14020202419058664,0.00014020202419058665
2023-07-03,128083,sell,rebalance,131.7,0.001055079959556802,0.13895403067363082,0.00013895403067363082
2023-07-03,113057,sell,rebalance,130.298,0.0010619351796124516,0.1383680300331432,0.00013836803003314322
2023-07-03,113044,sell,rebalance_resize,115.52,9.163081191055422e-06,0.0010585191391907223,1.0585191391907224e-06
2023-07-03,110053,sell,rebalance_resize,125.9,5.262899036035151e-06,0.0006625989886368255,6.625989886368256e-07
2023-07-03,128081,sell,rebalance_resize,127.55,5.97021061769362e-06,0.0007615003642868212,7.615003642868212e-07
2023-07-03,128048,sell,rebalance_resize,114.888,8.768602205723059e-06,0.001007407170211111,1.007407170211111e-06
2023-07-03,110084,sell,rebalance_resize,127.468,2.8403831547916917e-06,0.00036205795997498735,3.6205795997498734e-07
2023-07-03,110083,sell,rebalance_resize,128.942,1.485902348095331e-06,0.00019159522056810818,1.915952205681082e-07
2023-07-03,128087,sell,rebalance_resize,122.65,1.2206476016942578e-05,0.0014971242834780074,1.4971242834780075e-06
2023-07-03,128130,sell,rebalance_resize,118.06,4.1655855478883256e-06,0.0004917890297836958,4.917890297836958e-07
2023-07-03,113058,sell,rebalance_resize,119.89,3.212671774623137e-05,0.003851672190595679,3.851672190595679e-06
2023-07-03,110080,sell,rebalance_resize,129.45,8.741742690148555e-05,0.011316185912397303,1.1316185912397303e-05
2023-07-03,110045,sell,rebalance_resize,126.133,1.5723772200410106e-05,0.001983286558954328,1.983286558954328e-06
2023-07-03,127033,buy,rebalance,95.781,0.00015530697633873351,0.014875457500700236,1.4875457500700236e-05
2023-07-03,110047,buy,rebalance,113.12,2.005218172335562e-05,0.002268302796545988,2.268302796545988e-06
2023-07-03,110063,buy,rebalance,113.103,2.1060269759024643e-05,0.002381979690554964,2.381979690554964e-06
2023-07-03,128127,buy,rebalance,104.36,0.0013393915581077717,0.13977890300412704,0.00013977890300412706
2023-07-03,128048,buy,rebalance,114.888,2.4133901682421515e-19,2.772695696490043e-17,2.772695696490043e-20
2023-07-03,110084,buy,rebalance,127.468,2.1752092262293616e-19,2.772695696490043e-17,2.772695696490043e-20
2023-07-03,127012,buy,rebalance,125.45,0.0011142200319181111,0.13977890300412704,0.00013977890300412706
2023-07-03,110083,buy,rebalance,128.942,2.1503433299390756e-19,2.772695696490043e-17,2.772695696490043e-20
2023-07-03,113628,buy,rebalance,126.951,1.9466293789473804e-05,0.0024712654628674885,2.4712654628674886e-06
2023-07-03,127063,buy,rebalance,132.46,0.0010552536841622153,0.13977890300412704,0.00013977890300412706
2023-07-03,113631,buy,rebalance,126.95,0.0011010547696268377,0.13977890300412704,0.00013977890300412706
2023-07-03,123162,buy,rebalance,130.0,0.0010752223308009773,0.13977890300412704,0.00013977890300412706
2023-07-11,127063,sell,rebalance,139.09,0.0010552536841622153,0.14677523493012254,0.00014677523493012253
2023-07-11,123162,sell,rebalance,129.283,0.0010752223308009773,0.13900796859294273,0.00013900796859294274
2023-07-11,127033,sell,rebalance_resize,98.23,2.7626664967527178e-05,0.0027137672997601947,2.713767299760195e-06
2023-07-11,110080,sell,rebalance_resize,133.3,2.485625379604665e-05,0.0033133386310130186,3.3133386310130186e-06
2023-07-11,128081,sell,rebalance_resize,130.78,2.060853790043091e-05,0.0026951845866183544,2.6951845866183546e-06
2023-07-11,110084,sell,rebalance_resize,128.88,5.445555937279626e-06,0.0007018232491965981,7.018232491965981e-07
2023-07-11,113044,buy,rebalance,116.206,1.4813010379555608e-07,1.721360684166639e-05,1.7213606841666393e-08
2023-07-11,128127,buy,rebalance,103.994,1.4242257729787898e-05,0.0014811093503515626,1.4811093503515626e-06
2023-07-11,110053,buy,rebalance,125.4,1.1183340019170505e-05,0.0014023908384039813,1.4023908384039813e-06
2023-07-11,128048,buy,rebalance,114.721,9.156590146670042e-06,0.001050453178216134,1.050453178216134e-06
2023-07-11,110063,buy,rebalance,113.586,2.2258066787002458e-06,0.0002528204774068461,2.528204774068461e-07
2023-07-11,110047,buy,rebalance,113.435,4.058548618653011e-06,0.00046038146255690434,4.6038146255690437e-07
2023-07-11,128130,buy,rebalance,117.304,1.4853284189486827e-05,0.0017423496485635627,1.7423496485635627e-06
2023-07-11,128087,buy,rebalance,123.1,2.7167047167780907e-06,0.00033442635063538295,3.34426350635383e-07
2023-07-11,110083,buy,rebalance,128.314,1.1908694528052278e-05,0.0015280522296724998,1.5280522296724998e-06
2023-07-11,110045,buy,rebalance,126.29,5.331274499994183e-06,0.0006732866566042654,6.732866566042654e-07
2023-07-11,113631,buy,rebalance,127.171,5.884322451829207e-06,0.0007483151705215722,7.483151705215722e-07
2023-07-11,113058,buy,rebalance,120.359,2.496432416237395e-06,0.0003004681091859166,3.0046810918591665e-07
2023-07-11,127012,buy,rebalance,126.0,3.0095886580153204e-06,0.0003792081709099304,3.792081709099304e-07
2023-07-11,113628,buy,rebalance,125.003,2.395637834900591e-05,0.0029946191627607858,2.994619162760786e-06
2023-07-11,113033,buy,rebalance,104.76,0.0013423653974191153,0.14062619903362653,0.00014062619903362653
2023-07-11,128083,buy,rebalance,129.996,0.0010817732778979855,0.14062619903362653,0.00014062619903362653
2023-07-21,110045,sell,rebalance,127.3,0.0011146617207002457,0.14189643704514127,0.00014189643704514126
2023-07-21,128083,sell,rebalance,130.713,0.0010817732778979855,0.1414018304738794,0.0001414018304738794
2023-07-21,128127,sell,rebalance_resize,105.528,7.73118148351786e-06,0.0008158561195926727,8.158561195926727e-07
2023-07-21,110053,sell,rebalance_resize,128.33,1.5807557051076236e-05,0.0020285837963646136,2.028583796364614e-06
2023-07-21,128130,sell,rebalance_resize,118.357,2.3274230959896724e-08,2.7546681537204964e-06,2.7546681537204965e-09
2023-07-21,113033,sell,rebalance_resize,106.023,2.7465109688796965e-06,0.00029119333245353207,2.9119333245353206e-07
2023-07-21,128081,sell,rebalance_resize,132.84,7.213867086614284e-06,0.0009582901037858416,9.582901037858416e-07
2023-07-21,110080,sell,rebalance_resize,137.594,2.380615779366148e-05,0.0032755844754610575,3.2755844754610575e-06
2023-07-21,113058,sell,rebalance_resize,121.932,4.759781226235815e-06,0.0005803696444773854,5.803696444773854e-07
2023-07-21,127012,sell,rebalance_resize,127.245,1.033202657046569e-06,0.00013146987209589067,1.3146987209589068e-07
2023-07-21,127033,buy,rebalance,96.943,3.1980400401965065e-05,0.0031002759561676993,3.100275956167699e-06
2023-07-21,113044,buy,rebalance,116.85,4.094802565458056e-06,0.00047847767977377383,4.784776797737739e-07
2023-07-21,128048,buy,rebalance,115.44,3.270316130960334e-06,0.00037752529415806095,3.7752529415806095e-07
2023-07-21,110047,buy,rebalance,114.439,1.1887885789622342e-07,1.3604377618785912e-05,1.3604377618785912e-08
2023-07-21,110083,buy,rebalance,128.998,3.951574738917315e-06,0.0005097452381708557,5.097452381708557e-07
2023-07-21,128087,buy,rebalance,122.899,1.2105545076193745e-05,0.001487759384319135,1.4877593843191351e-06
2023-07-21,110063,buy,rebalance,114.537,7.042305605389572e-07,8.066045571245054e-05,8.066045571245055e-08
2023-07-21,113631,buy,rebalance,127.301,8.75730894060131e-06,0.0011148141854474872,1.1148141854474873e-06
2023-07-21,128081,buy,rebalance,132.84,2.087253956106437e-19,2.7727081552917908e-17,2.772708155291791e-20
2023-07-21,113628,buy,rebalance,125.373,6.737081306258024e-06,0.0008446480946094873,8.446480946094873e-07
2023-07-21,110084,buy,rebalance,129.601,3.6348586310627186e-06,0.0004710813134443594,4.7108131344435937e-07
2023-07-21,113056,buy,rebalance,101.8,0.0013937583871304665,0.1418846038098815,0.0001418846038098815
2023-07-21,113050,buy,rebalance,112.321,0.0012632063800169292,0.1418846038098815,0.0001418846038098815
2023-08-01,113628,sell,rebalance,126.102,0.001132855919420663,0.14285539715078444,0.00014285539715078443
2023-08-01,113058,sell,rebalance,127.7,0.001164832965899955,0.14874916974542426,0.00014874916974542425
2023-08-01,127033,sell,rebalance_resize,106.0,9.71251122437636e-05,0.010295261897838942,1.0295261897838942e-05
2023-08-01,128127,sell,rebalance_resize,111.8,4.893478284838141e-05,0.005470908722449042,5.4709087224490415e-06
2023-08-01,110053,sell,rebalance_resize,131.593,4.86927722669897e-06,0.0006407627980929975,6.407627980929976e-07
2023-08-01,128048,sell,rebalance_resize,119.1,1.2863563198067673e-05,0.0015320503768898597,1.5320503768898597e-06
2023-08-01,110063,sell,rebalance_resize,117.508,6.07175635336884e-06,0.0007134799455716656,7.134799455716656e-07
2023-08-01,128130,sell,rebalance_resize,121.21,3.7377768170765863e-06,0.000453055927997853,4.53055927997853e-07
2023-08-01,110083,sell,rebalance_resize,134.2,2.053956942312936e-05,0.00275641021658396,2.75641021658396e-06
2023-08-01,113050,sell,rebalance_resize,114.946,1.7357259851855084e-06,0.00019951475909313343,1.9951475909313344e-07
2023-08-01,128087,sell,rebalance_resize,126.25,7.13251084295244e-06,0.0009004794939227456,9.004794939227457e-07
2023-08-01,113044,buy,rebalance,117.294,2.0706946898540844e-05,0.0024288006295174495,2.4288006295174495e-06
2023-08-01,110080,buy,rebalance,129.605,8.645619735838482e-05,0.011205155458633462,1.1205155458633463e-05
2023-08-01,113033,buy,rebalance,108.078,2.0119029037900325e-06,0.00021744244203581914,2.1744244203581916e-07
2023-08-01,110047,buy,rebalance,116.499,3.5493354400500942e-06,0.00041349402943039593,4.1349402943039595e-07
2023-08-01,113065,buy,rebalance,100.407,0.001442584341699673,0.14484556599703904,0.00014484556599703906
2023-08-01,113056,buy,rebalance,103.72,4.24135938459408e-06,0.00043991379537009796,4.39913795370098e-07
2023-08-01,128081,buy,rebalance,132.999,2.1034670344663563e-05,0.002797590121169909,2.797590121169909e-06
2023-08-01,110084,buy,rebalance,131.05,1.0542791033952898e-05,0.0013816327649995273,1.3816327649995273e-06
2023-08-01,110079,buy,rebalance,118.397,0.001223388818948445,0.14484556599703904,0.00014484556599703906
2023-08-01,113631,buy,rebalance,127.25,2.377518345416157e-05,0.0030253920945420595,3.0253920945420598e-06
2023-08-01,127012,buy,rebalance,127.81,1.8288343848528262e-05,0.002337433227280397,2.337433227280397e-06
2023-08-11,110083,sell,rebalance,138.98,0.0010804843949205128,0.15016572120605284,0.00015016572120605284
2023-08-11,110084,sell,rebalance,132.001,0.0011064442816539316,0.14605175162260062,0.00014605175162260063
2023-08-11,128130,sell,rebalance,121.585,0.0011962792327228184,0.14544961051060387,0.00014544961051060387
2023-08-11,113050,sell,rebalance,115.138,0.0012614706540317437,0.1452432081639069,0.0001452432081639069
2023-08-11,110079,sell,rebalance,118.298,0.001223388818948445,0.14472445050396315,0.00014472445050396315
2023-08-11,128048,sell,rebalance_resize,119.91,9.927568769461892e-06,0.0011904147711461754,1.1904147711461754e-06
2023-08-11,113065,sell,rebalance_resize,100.931,7.973132424558442e-06,0.0008047362287431081,8.047362287431082e-07
2023-08-11,113056,sell,rebalance_resize,103.988,5.562696438642259e-06,0.0005784536772615312,5.784536772615312e-07
2023-08-11,113631,sell,rebalance_resize,128.305,1.0936110693401167e-05,0.0014031576825168368,1.4031576825168368e-06
2023-08-11,127012,sell,rebalance_resize,127.999,3.2513617930255814e-06,0.0004161710581454814,4.161710581454814e-07
2023-08-11,113044,buy,rebalance,116.792,3.5832430065794224e-06,0.0004184941172244239,4.184941172244239e-07
2023-08-11,128127,buy,rebalance,109.872,2.087869957158733e-05,0.002293984479329443,2.293984479329443e-06
2023-08-11,127033,buy,rebalance,105.82,3.961832662258694e-07,4.19241132320215e-05,4.19241132320215e-08
2023-08-11,110053,buy,rebalance,129.802,1.3616470256824185e-05,0.0017674450722762927,1.7674450722762926e-06
2023-08-11,110080,buy,rebalance,128.84,5.145146977865891e-06,0.0006629007366282414,6.629007366282414e-07
2023-08-11,113033,buy,rebalance,107.25,8.446904026652832e-06,0.0009059304568585162,9.059304568585162e-07
2023-08-11,128081,buy,rebalance,130.9,1.592828152217219e-05,0.00208501205125234,2.0850120512523397e-06
2023-08-11,128087,buy,rebalance,125.2,7.992655425048523e-06,0.0010006804592160752,1.0006804592160753e-06
2023-08-11,113058,buy,rebalance,126.0,0.0011480256163952688,0.14465122766580388,0.0001446512276658039
2023-08-11,118028,buy,rebalance,125.51,0.0011525075903577712,0.14465122766580388,0.0001446512276658039
2023-08-11,110047,buy,rebalance,115.9,4.669398214391281e-06,0.0005411832530479496,5.411832530479496e-07
2023-08-11,113057,buy,rebalance,136.78,0.0010575466271809028,0.14465122766580388,0.0001446512276658039
2023-08-11,110063,buy,rebalance,116.058,1.3643157651966022e-05,0.0015833975907718727,1.5833975907718726e-06
2023-08-11,127032,buy,rebalance,122.239,0.0011833476031855943,0.14465122766580388,0.0001446512276658039
2023-08-11,128066,buy,rebalance,119.44,0.0012110785973359333,0.14465122766580388,0.0001446512276658039
2023-08-22,110063,sell,rebalance,115.416,0.001247610256048099,0.1439941853120474,0.0001439941853120474
2023-08-22,113631,sell,rebalance,127.09,0.0011285354737800286,0.14342557336270384,0.00014342557336270384
2023-08-22,113056,sell,rebalance,103.71,0.0013924370500764183,0.14440964646342533,0.00014440964646342532
2023-08-22,118028,sell,rebalance,125.05,0.0011525075903577712,0.14412107417423928,0.00014412107417423927
2023-08-22,127032,sell,rebalance,121.37,0.0011833476031855943,0.14362289859863558,0.0001436228985986356
2023-08-22,113044,sell,rebalance_resize,117.569,1.4632427322955737e-05,0.0017203198479325832,1.7203198479325832e-06
2023-08-22,128127,sell,rebalance_resize,109.5,2.4190464125428387e-06,0.0002648855821734408,2.6488558217344085e-07
2023-08-22,127033,sell,rebalance_resize,107.7,3.0917834764729545e-05,0.003329850804161372,3.329850804161372e-06
2023-08-22,128048,sell,rebalance_resize,119.41,1.2868236043923666e-06,0.0001536596066004925,1.536596066004925e-07
2023-08-22,127012,sell,rebalance_resize,128.959,1.4294591820167875e-05,0.001843416266537029,1.8434162665370292e-06
2023-08-22,113033,sell,rebalance_resize,107.303,7.71716514954654e-06,0.0008280749720417924,8.280749720417924e-07
2023-08-22,128087,sell,rebalance_resize,125.15,5.582099592228394e-06,0.0006985997639673835,6.985997639673836e-07
2023-08-22,113065,sell,rebalance_resize,101.111,1.0045022007802762e-05,0.001015662220230945,1.015662220230945e-06
2023-08-22,128066,sell,rebalance_resize,120.363,1.4371039691265457e-05,0.001729741450359784,1.7297414503597842e-06
2023-08-22,110047,sell,rebalance_resize,115.4,1.1458209100942423e-06,0.00013222773302487556,1.3222773302487555e-07
2023-08-22,110053,buy,rebalance,128.702,3.6590295205923267e-06,0.0004709244173592736,4.709244173592736e-07
2023-08-22,113063,buy,rebalance,130.8,0.001100100250712085,0.1438931127931407,0.0001438931127931407
2023-08-22,110080,buy,rebalance,126.57,1.4162436298527354e-05,0.001792539562304607,1.7925395623046072e-06
2023-08-22,110084,buy,rebalance,130.599,0.0011017933735567708,0.1438931127931407,0.0001438931127931407
2023-08-22,113519,buy,rebalance,134.98,0.001066032840369986,0.1438931127931407,0.0001438931127931407
2023-08-22,113057,buy,rebalance,130.3,4.784843958971997e-05,0.006234651678540513,6.234651678540513e-06
2023-08-22,113033,buy,rebalance,107.303,2.584028767724642e-19,2.7727403886315727e-17,2.772740388631573e-20
2023-08-22,128049,buy,rebalance,129.991,0.0011069467331826103,0.1438931127931407,0.0001438931127931407
2023-08-22,128081,buy,rebalance,129.203,8.673623487137205e-06,0.0011206581754085883,1.1206581754085883e-06
2023-08-22,113058,buy,rebalance,123.67,1.6664428446822168e-05,0.0020608898660184976,2.0608898660184974e-06
2023-08-22,128130,buy,rebalance,120.371,0.0011954134533495669,0.1438931127931407,0.0001438931127931407
2023-08-31,110047,sell,rebalance,114.798,0.0012481742786896461,0.143287910845014,0.000143287910845014
2023-08-31,113033,sell,rebalance,107.073,0.0013423605282311321,0.143730568839292,0.000143730568839292
2023-08-31,113065,sell,rebalance,101.11,0.0014245661872673118,0.1440378871945979,0.0001440378871945979
2023-08-31,113058,sell,rebalance,122.983,0.0011646900448420909,0.14323707578481487,0.00014323707578481486
2023-08-31,113519,sell,rebalance,132.244,0.001066032840369986,0.14097644694188843,0.00014097644694188843
2023-08-31,128130,sell,rebalance,120.34,0.0011954134533495669,0.1438560549760869,0.0001438560549760869
2023-08-31,110053,sell,rebalance_resize,129.03,5.968275783206947e-06,0.0007700866243071924,7.700866243071925e-07
2023-08-31,128127,sell,rebalance_resize,109.51,3.8045210363835067e-06,0.00041663309869435783,4.1663309869435786e-07
2023-08-31,113063,sell,rebalance_resize,137.0,5.166351394465837e-05,0.007077901410418197,7.077901410418197e-06
2023-08-31,110080,sell,rebalance_resize,129.09,2.532678049549086e-05,0.003269434094162915,3.269434094162915e-06
2023-08-31,128081,sell,rebalance_resize,129.5,5.663644338540505e-06,0.0007334419418409954,7.334419418409954e-07
2023-08-31,113057,sell,rebalance_resize,130.896,8.067165710716763e-06,0.0010559597228699813,1.0559597228699813e-06
2023-08-31,128049,sell,rebalance_resize,131.394,1.3777844670673453e-05,0.0018103261226584677,1.8103261226584677e-06
2023-08-31,113044,buy,rebalance,117.15,9.368001446001515e-07,0.00010974613693990775,1.0974613693990775e-07
2023-08-31,127033,buy,rebalance,107.015,4.785568829690685e-06,0.0005121276483093486,5.121276483093487e-07
2023-08-31,128048,buy,rebalance,115.999,3.195973205248901e-05,0.0037072969583566728,3.7072969583566727e-06
2023-08-31,127012,buy,rebalance,127.02,1.385982173689407e-05,0.0017604745570202847,1.7604745570202846e-06
2023-08-31,110084,buy,rebalance,127.038,2.8829802324652518e-05,0.0036624804277192065,3.6624804277192067e-06
2023-08-31,118028,buy,rebalance,124.908,0.0011487643517006838,0.14348985764222902,0.00014348985764222903
2023-08-31,128087,buy,rebalance,123.844,8.870212625110354e-06,0.0010985226123441667,1.0985226123441667e-06
2023-08-31,113631,buy,rebalance,124.995,0.0011479647797290212,0.14348985764222902,0.00014348985764222903
2023-08-31,128066,buy,rebalance,118.422,1.619107897339639e-05,0.0019173799541875472,1.917379954187547e-06
2023-08-31,123141,buy,rebalance,129.0,0.0011123244778467366,0.14348985764222902,0.00014348985764222903
2023-08-31,127078,buy,rebalance,122.97,0.001166868810622339,0.14348985764222902,0.00014348985764222903
2023-08-31,127032,buy,rebalance,119.74,0.0011983452283466597,0.14348985764222902,0.00014348985764222903
2023-08-31,113050,buy,rebalance,114.136,0.0012571831643147563,0.14348985764222902,0.00014348985764222903
2023-09-06,110053,sell,risk_exit_next_open,125.0,0.0011131971862135739,0.13914964827669674,0.00013914964827669673
2023-09-12,110080,sell,rebalance,128.0,0.0011126797810607904,0.14242301197578117,0.00014242301197578118
2023-09-12,113057,sell,rebalance,131.42,0.001097327901059906,0.14421083275729285,0.00014421083275729284
2023-09-12,128066,sell,rebalance,115.581,0.0012128986366180643,0.1401880373189525,0.0001401880373189525
2023-09-12,113063,sell,rebalance,145.75,0.0010484367367674266,0.15280965438385244,0.00015280965438385245
2023-09-12,113050,sell,rebalance,112.512,0.0012571831643147563,0.14144819218338187,0.00014144819218338186
2023-09-12,113044,sell,rebalance_resize,117.55,6.6721142419857095e-06,0.0007843070291454202,7.843070291454201e-07
2023-09-12,127012,sell,rebalance_resize,127.6,7.429916764568407e-06,0.0009480573791589286,9.480573791589286e-07
2023-09-12,127033,sell,rebalance_resize,107.503,8.822607143190352e-06,0.0009484567357143925,9.484567357143925e-07
2023-09-12,128127,sell,rebalance_resize,109.4,1.3684334000575312e-06,0.00014970661396629392,1.4970661396629392e-07
2023-09-12,128048,sell,rebalance_resize,117.03,1.338816108109397e-05,0.0015668164913204274,1.5668164913204275e-06
2023-09-12,128081,sell,rebalance_resize,130.19,8.136596357805675e-06,0.0010593034798227208,1.0593034798227208e-06
2023-09-12,127032,sell,rebalance_resize,119.99,3.73027880943138e-06,0.0004475961543436713,4.4759615434367127e-07
2023-09-12,127033,buy,rebalance,107.503,2.579245096905276e-19,2.7727658565260793e-17,2.7727658565260796e-20
2023-09-12,111012,buy,rebalance,128.25,0.0011165510488999647,0.14319767202142047,0.0001431976720214205
2023-09-12,128048,buy,rebalance,117.03,2.369277840319644e-19,2.7727658565260793e-17,2.7727658565260796e-20
2023-09-12,118028,buy,rebalance,123.418,1.2656794720664824e-05,0.0015620762908350114,1.5620762908350114e-06
2023-09-12,128087,buy,rebalance,123.062,4.985138723770967e-06,0.0006134811416247027,6.134811416247027e-07
2023-09-12,110084,buy,rebalance,126.592,1.6887597169490081e-06,0.00021378347008800883,2.1378347008800883e-07
2023-09-12,113628,buy,rebalance,127.865,0.0011199129708788212,0.14319767202142047,0.0001431976720214205
2023-09-12,113631,buy,rebalance,124.3,5.222623237831925e-06,0.0006491720684625083,6.491720684625083e-07
2023-09-12,128049,buy,rebalance,130.249,7.345392059319572e-06,0.0009567299703343149,9.56729970334315e-07
2023-09-12,127032,buy,rebalance,119.99,2.31083078300365e-19,2.7727658565260793e-17,2.7727658565260796e-20
2023-09-12,123141,buy,rebalance,128.547,2.765643676543047e-06,0.0003555151976885791,3.555151976885791e-07
2023-09-12,127078,buy,rebalance,122.1,7.09495337443979e-06,0.0008662938070190983,8.662938070190983e-07
2023-09-12,113065,buy,rebalance,102.3,0.0013997817401898386,0.14319767202142047,0.0001431976720214205
2023-09-12,128130,buy,rebalance,120.459,0.0011887669001188826,0.14319767202142047,0.0001431976720214205
2023-09-12,123129,buy,rebalance,114.863,0.0012466823260877783,0.14319767202142047,0.0001431976720214205
2023-09-12,113056,buy,rebalance,103.498,0.0013835791225088453,0.14319767202142047,0.0001431976720214205
2023-09-21,128049,sell,rebalance,129.814,0.0011005142805712565,0.14286216081807707,0.00014286216081807706
2023-09-21,123141,sell,rebalance,127.628,0.0011150901215232797,0.14231672202977314,0.00014231672202977313
2023-09-21,123129,sell,rebalance,112.785,0.0012466823260877783,0.14060706614781007,0.00014060706614781008
2023-09-21,113044,sell,rebalance_resize,117.72,1.1572063719928677e-05,0.0013622633411100038,1.362263341110004e-06
2023-09-21,128048,sell,rebalance_resize,116.63,5.702060986340417e-06,0.0006650313728368829,6.650313728368828e-07
2023-09-21,128087,sell,rebalance_resize,122.913,7.979564057413572e-06,0.0009807921569888745,9.807921569888745e-07
2023-09-21,113056,sell,rebalance_resize,103.777,1.3459689046521295e-05,0.0013968061501808404,1.3968061501808405e-06
2023-09-21,110084,sell,rebalance_resize,125.902,2.9662187200095234e-06,0.000373452869286639,3.73452869286639e-07
2023-09-21,113065,sell,rebalance_resize,102.49,1.2457274911083413e-05,0.001276746105636939,1.276746105636939e-06
2023-09-21,128130,sell,rebalance_resize,119.7,9.065455122024275e-07,0.00010851349781063058,1.0851349781063058e-07
2023-09-21,127032,sell,rebalance_resize,120.981,1.9332182438100428e-05,0.0023388267635438276,2.3388267635438275e-06
2023-09-21,113631,sell,rebalance_resize,125.055,1.6192605106554717e-05,0.0020249662316002004,2.0249662316002004e-06
2023-09-21,127012,buy,rebalance,126.551,1.851146076479591e-07,2.3426438712456875e-05,2.3426438712456877e-08
2023-09-21,127033,buy,rebalance,105.515,1.4161554468159402e-05,0.0014942564197078392,1.4942564197078392e-06
2023-09-21,128081,buy,rebalance,128.936,1.7488158062861631e-06,0.00022548531479931274,2.2548531479931274e-07
2023-09-21,128127,buy,rebalance,108.432,1.0444063661461281e-06,0.00011324707109395697,1.1324707109395697e-07
2023-09-21,113056,buy,rebalance,103.777,2.67180378069572e-19,2.7727178094925974e-17,2.772717809492597e-20
2023-09-21,118028,buy,rebalance,122.4,2.361643715085576e-07,2.890651907264745e-05,2.8906519072647453e-08
2023-09-21,113628,buy,rebalance,126.035,8.2325583056011e-06,0.0010375904860464346,1.0375904860464346e-06
2023-09-21,127078,buy,rebalance,119.013,2.073225564395972e-05,0.002467407940954578,2.467407940954578e-06
2023-09-21,128075,buy,rebalance,135.33,0.0010495929135542845,0.14204140899130133,0.00014204140899130133
2023-09-21,113021,buy,rebalance,115.95,0.0012250229322233836,0.14204140899130133,0.00014204140899130133
2023-09-21,111012,buy,rebalance,123.824,3.171473527211996e-05,0.003927045380334982,3.927045380334982e-06
2023-09-21,113062,buy,rebalance,117.21,0.0012118540140883998,0.14204140899130133,0.00014204140899130133
2023-10-11,127032,sell,rebalance,120.6,0.001175282767099128,0.14173910171215484,0.00014173910171215483
2023-10-11,128130,sell,rebalance,119.51,0.0011878603546066802,0.14196119097904436,0.00014196119097904437
2023-10-11,128075,sell,rebalance,142.5,0.0010495929135542845,0.14956699018148556,0.00014956699018148556
2023-10-11,113021,sell,rebalance,116.05,0.0012250229322233836,0.14216391128452366,0.00014216391128452367
2023-10-11,113062,sell,rebalance,117.171,0.0012118540140883998,0.1419941466847519,0.0001419941466847519
2023-10-11,118028,sell,rebalance_resize,124.38,8.603344204142328e-06,0.0010700839521112226,1.0700839521112226e-06
2023-10-11,111012,sell,rebalance_resize,126.46,1.4177120845306459e-05,0.0017928387020974546,1.7928387020974545e-06
2023-10-11,113628,sell,rebalance_resize,127.751,5.517507765377728e-06,0.0007048671345347701,7.048671345347701e-07
2023-10-11,110084,sell,rebalance_resize,129.17,1.9050351357696795e-05,0.002460733884873695,2.4607338848736947e-06
2023-10-11,127078,sell,rebalance_resize,123.084,2.9501092889053445e-05,0.003631112517156254,3.631112517156254e-06
2023-10-11,113044,buy,rebalance,117.59,1.1783171062252176e-05,0.0013855830852102335,1.3855830852102336e-06
2023-10-11,128048,buy,rebalance,116.32,1.3809060812783035e-05,0.0016062699537429225,1.6062699537429226e-06
2023-10-11,127012,buy,rebalance,127.244,3.54368148038914e-06,0.0004509122062906357,4.509122062906357e-07
2023-10-11,123129,buy,rebalance,119.623,0.001197693399892279,0.1432716775753141,0.0001432716775753141
2023-10-11,128087,buy,rebalance,122.629,1.2696214717547334e-05,0.0015569241145981121,1.556924114598112e-06
2023-10-11,127033,buy,rebalance,105.766,8.437137898121072e-06,0.0008923623269326734,8.923623269326734e-07
2023-10-11,128081,buy,rebalance,129.727,2.7561424976141582e-06,0.00035754609778799193,3.5754609778799194e-07
2023-10-11,123140,buy,rebalance,134.088,0.0010684899288177473,0.1432716775753141,0.0001432716775753141
2023-10-11,128127,buy,rebalance,108.483,1.071163399207354e-05,0.001162030190362114,1.162030190362114e-06
2023-10-11,113065,buy,rebalance,102.762,8.288594973842744e-06,0.000851752596702028,8.517525967020279e-07
2023-10-11,123141,buy,rebalance,130.506,0.0010978167867784936,0.1432716775753141,0.0001432716775753141
2023-10-11,113056,buy,rebalance,103.934,9.754573748685428e-06,0.0010138318679958713,1.0138318679958713e-06
2023-10-11,113631,buy,rebalance,124.755,1.2580465981241691e-05,0.001569476033489807,1.5694760334898071e-06
2023-10-11,113066,buy,rebalance,125.79,0.0011389750979832584,0.1432716775753141,0.0001432716775753141
2023-10-11,110063,buy,rebalance,111.802,0.0012814768749692678,0.1432716775753141,0.0001432716775753141
2023-10-13,123140,sell,risk_exit_next_open,122.58,0.0010684899288177473,0.13097549547447945,0.00013097549547447945
2023-10-23,113631,sell,rebalance,119.874,0.00114957526384154,0.13780418517774076,0.00013780418517774076
2023-10-23,113065,sell,rebalance,101.7,0.0013956130602525978,0.1419338482276892,0.00014193384822768922
2023-10-23,113056,sell,rebalance,102.4,0.0013798740072110095,0.14129909833840737,0.00014129909833840738
2023-10-23,113066,sell,rebalance,124.51,0.0011389750979832584,0.1418137894498955,0.0001418137894498955
2023-10-23,113044,sell,rebalance_resize,115.13,9.169168781353736e-06,0.0010556464017972556,1.0556464017972555e-06
2023-10-23,123129,sell,rebalance_resize,127.98,0.00010877692999969369,0.013921271501360799,1.39212715013608e-05
2023-10-23,128087,sell,rebalance_resize,119.189,2.7390488004283446e-07,3.2646448747425394e-05,3.26464487474254e-08
2023-10-23,127078,sell,rebalance_resize,121.726,2.033245023185304e-05,0.002474987836922543,2.4749878369225433e-06
2023-10-23,128127,sell,rebalance_resize,105.8,4.81276623059427e-06,0.0005091906671968738,5.091906671968738e-07
2023-10-23,118028,sell,rebalance_resize,121.195,3.1754252557140335e-06,0.0003848456638662623,3.848456638662623e-07
2023-10-23,128048,buy,rebalance,112.4,6.909440908863976e-06,0.000776621158156311,7.76621158156311e-07
2023-10-23,127012,buy,rebalance,123.104,4.944547780445168e-06,0.000608693609963922,6.08693609963922e-07
2023-10-23,110063,buy,rebalance,107.721,1.2218686478329818e-05,0.0013162091261321664,1.3162091261321664e-06
2023-10-23,127033,buy,rebalance,101.163,2.1577955841013144e-05,0.0021828907467444127,2.1828907467444128e-06
2023-10-23,110080,buy,rebalance,134.0,0.0010389306969917932,0.13921671339690028,0.0001392167133969003
2023-10-23,113628,buy,rebalance,122.22,1.7589001195306953e-05,0.002149727726090416,2.149727726090416e-06
2023-10-23,113519,buy,rebalance,131.518,0.0010585373363106213,0.13921671339690028,0.0001392167133969003
2023-10-23,113549,buy,rebalance,122.71,0.0011345180783709583,0.13921671339690028,0.0001392167133969003
2023-10-23,128081,buy,rebalance,125.37,6.0543601895775735e-06,0.0007590351369673404,7.590351369673404e-07
2023-10-23,123141,buy,rebalance,123.849,2.73925371413153e-05,0.003392538332414759,3.392538332414759e-06
2023-10-23,118028,buy,rebalance,121.195,2.287811506054264e-19,2.772713154762465e-17,2.772713154762465e-20
2023-10-23,111012,buy,rebalance,122.0,8.194158646384795e-06,0.000999687354858945,9.99687354858945e-07
2023-10-23,110084,buy,rebalance,123.25,2.0389841695101957e-05,0.002513047988921316,2.513047988921316e-06
2023-10-23,128130,buy,rebalance,114.95,0.0012111066846185322,0.13921671339690028,0.0001392167133969003
2023-10-23,123063,buy,rebalance,117.538,0.0011844400397905382,0.13921671339690028,0.0001392167133969003
2023-10-31,118028,sell,rebalance,129.0,0.0011498785413330012,0.14833433183195716,0.00014833433183195717
2023-10-31,127078,sell,rebalance,127.786,0.001144862476519832,0.14629739642456327,0.00014629739642456327
2023-10-31,111012,sell,rebalance,123.001,0.0011422828219731633,0.14050192938552106,0.00014050192938552106
2023-10-31,123141,sell,rebalance,124.576,0.001125209323919809,0.14017407673663412,0.00014017407673663413
2023-10-31,128130,sell,rebalance,119.69,0.0012111066846185322,0.14495735908199212,0.00014495735908199212
2023-10-31,123063,sell,rebalance,123.246,0.0011844400397905382,0.14597749714402466,0.00014597749714402467
2023-10-31,128087,sell,rebalance_resize,124.3,2.0513479694676316e-05,0.002549825526048266,2.5498255260482662e-06
2023-10-31,127033,sell,rebalance_resize,103.94,3.820530874102973e-06,0.000397105979054263,3.97105979054263e-07
2023-10-31,110063,sell,rebalance_resize,112.4,2.3360629597630205e-05,0.0026257347667736353,2.6257347667736352e-06
2023-10-31,113549,sell,rebalance_resize,127.5,1.463065609694802e-05,0.0018654086523608726,1.8654086523608727e-06
2023-10-31,123129,sell,rebalance_resize,133.0,1.5340181622387416e-05,0.0020402441557775264,2.0402441557775264e-06
2023-10-31,110084,sell,rebalance_resize,126.5,1.944919943543709e-06,0.00024603237285827917,2.460323728582792e-07
2023-10-31,113044,buy,rebalance,115.82,2.2347491113864218e-05,0.0025882864208077536,2.5882864208077536e-06
2023-10-31,128048,buy,rebalance,112.16,3.3173272599887605e-05,0.0037207142548033936,3.720714254803394e-06
2023-10-31,127012,buy,rebalance,124.063,1.8851292166178406e-05,0.0023387478600125915,2.3387478600125917e-06
2023-10-31,113519,buy,rebalance,130.236,3.778526726362047e-05,0.004921002067344875,4.921002067344875e-06
2023-10-31,128127,buy,rebalance,108.199,2.4574173026539842e-06,0.0002658900947298584,2.658900947298584e-07
2023-10-31,110047,buy,rebalance,113.098,0.001261219634738474,0.14264141824965193,0.00014264141824965195
2023-10-31,113549,buy,rebalance,127.5,2.174708992051015e-19,2.7727539648650442e-17,2.772753964865044e-20
2023-10-31,128066,buy,rebalance,116.8,0.0012212450192607186,0.14264141824965193,0.00014264141824965195
2023-10-31,128081,buy,rebalance,125.54,2.5765939088250814e-05,0.0032346559931390076,3.2346559931390075e-06
2023-10-31,113631,buy,rebalance,127.246,0.0011209894083087243,0.14264141824965193,0.00014264141824965195
2023-10-31,113628,buy,rebalance,125.005,2.020415636160735e-06,0.00025256205659827263,2.5256205659827263e-07
2023-10-31,110080,buy,rebalance,136.427,7.669963510178593e-06,0.0010463901118031348,1.046390111803135e-06
2023-10-31,123099,buy,rebalance,139.0,0.0010261972535946181,0.14264141824965193,0.00014264141824965195
2023-10-31,113066,buy,rebalance,124.468,0.001146008759276697,0.14264141824965193,0.00014264141824965195
2023-10-31,113591,buy,rebalance,129.899,0.0010980948140451577,0.14264141824965193,0.00014264141824965195
2023-11-13,110080,sell,risk_exit_next_open,159.66,0.0010466006605019719,0.16710026145574483,0.00016710026145574483
2023-11-13,113519,sell,rebalance,129.999,0.0010963226035742419,0.14252084214204785,0.00014252084214204787
2023-11-13,113549,sell,rebalance,126.717,0.0011198874222740104,0.14190877448829578,0.00014190877448829579
2023-11-13,123099,sell,rebalance,135.688,0.0010261972535946181,0.13924265294574653,0.00013924265294574652
2023-11-13,113591,sell,rebalance,131.336,0.0010980948140451577,0.14421938049743485,0.00014421938049743487
2023-11-13,127012,sell,rebalance_resize,125.499,3.661521973151367e-06,0.00045951734610852335,4.595173461085234e-07
2023-11-13,128087,sell,rebalance_resize,126.516,1.0708197609310656e-05,0.001354758328739547,1.3547583287395472e-06
2023-11-13,128066,sell,rebalance_resize,119.228,1.3672577549894325e-05,0.0016301540761188005,1.6301540761188005e-06
2023-11-13,113066,sell,rebalance_resize,126.16,4.787713935082205e-06,0.0006040179900499709,6.040179900499709e-07
2023-11-13,110084,sell,rebalance_resize,128.5,8.301010382744176e-06,0.0010666798341826267,1.0666798341826267e-06
2023-11-13,113628,sell,rebalance_resize,127.35,1.1680335146483067e-05,0.0014874906809046184,1.4874906809046185e-06
2023-11-13,113044,buy,rebalance,115.192,1.7063979239503906e-05,0.0019656338965569338,1.965633896556934e-06
2023-11-13,128048,buy,rebalance,109.22,4.515898801247993e-05,0.004932264670723058,4.932264670723058e-06
2023-11-13,128087,buy,rebalance,126.516,2.191628128337642e-19,2.7727602428476515e-17,2.772760242847652e-20
2023-11-13,128081,buy,rebalance,120.673,5.5710477654873615e-05,0.006722750470046564,6.7227504700465635e-06
2023-11-13,127033,buy,rebalance,104.414,5.163178813333755e-06,0.0005391081526154307,5.391081526154307e-07
2023-11-13,128127,buy,rebalance,108.016,1.3249173262169216e-05,0.00143112269908647,1.4311226990864702e-06
2023-11-13,113066,buy,rebalance,126.16,2.197812494330732e-19,2.7727602428476515e-17,2.772760242847652e-20
2023-11-13,123129,buy,rebalance,129.17,4.100993847371538e-05,0.005297253752649815,5.297253752649815e-06
2023-11-13,110060,buy,rebalance,132.3,0.0010871605579537988,0.1438313418172876,0.0001438313418172876
2023-11-13,110063,buy,rebalance,111.65,1.9179503638679715e-05,0.00214139158125859,2.14139158125859e-06
2023-11-13,113631,buy,rebalance,127.373,9.354110853946421e-06,0.0011914611617997175,1.1914611617997175e-06
2023-11-13,127078,buy,rebalance,129.735,0.0011086548874034577,0.1438313418172876,0.0001438313418172876
2023-11-13,110092,buy,rebalance,107.988,0.0013319196745683558,0.1438313418172876,0.0001438313418172876
2023-11-13,113050,buy,rebalance,108.308,0.0013279844685276027,0.1438313418172876,0.0001438313418172876
2023-11-13,110047,buy,rebalance,112.5,1.8552289367390182e-05,0.0020871325538313955,2.0871325538313956e-06
2023-11-13,123141,buy,rebalance,127.1,0.001131639196044749,0.1438313418172876,0.0001438313418172876
2023-11-21,128048,sell,rebalance,109.33,0.0013181786406365064,0.14411647078078924,0.00014411647078078923
2023-11-21,123129,sell,rebalance,145.6,0.0011145862267439132,0.16228375461391376,0.00016228375461391375
2023-11-21,110047,sell,rebalance,110.86,0.0012797719241058642,0.14187551550637612,0.00014187551550637613
2023-11-21,110060,sell,rebalance,145.209,0.0010871605579537988,0.15786549745991318,0.0001578654974599132
2023-11-21,127033,sell,rebalance_resize,109.067,4.025300689475404e-05,0.004390274702990138,4.390274702990138e-06
2023-11-21,128066,sell,rebalance_resize,122.7,1.766514605913083e-05,0.0021675134214553526,2.1675134214553525e-06
2023-11-21,113044,buy,rebalance,114.941,2.0345341270275852e-05,0.002338513870946777,2.338513870946777e-06
2023-11-21,128127,buy,rebalance,108.2,1.6447032926676397e-05,0.001779568962666386,1.7795689626663862e-06
2023-11-21,127012,buy,rebalance,124.739,2.3201639551935577e-05,0.002894149316068892,2.894149316068892e-06
2023-11-21,128087,buy,rebalance,126.746,1.3899100788144846e-05,0.0017616554284942065,1.7616554284942066e-06
2023-11-21,110063,buy,rebalance,109.9,3.894143293145931e-05,0.004279663479167378,4.279663479167378e-06
2023-11-21,128081,buy,rebalance,121.886,4.792944772789939e-06,0.0005841928665762745,5.841928665762745e-07
2023-11-21,110084,buy,rebalance,127.19,2.743475873452845e-05,0.0034894269634446738,3.4894269634446737e-06
2023-11-21,113591,buy,rebalance,134.698,0.0010828239303844773,0.14585421777492832,0.00014585421777492833
2023-11-21,113066,buy,rebalance,125.938,1.8074200799192127e-05,0.002276228700248658,2.2762287002486582e-06
2023-11-21,113057,buy,rebalance,135.8,0.0010740369497417401,0.14585421777492832,0.00014585421777492833
2023-11-21,113631,buy,rebalance,126.79,2.1158286579087788e-05,0.002682659155362541,2.682659155362541e-06
2023-11-21,113532,buy,rebalance,119.55,0.0012200269157250383,0.14585421777492832,0.00014585421777492833
2023-11-21,113628,buy,rebalance,127.4,1.5436912367531445e-05,0.001966662635623506,1.9666626356235063e-06
2023-11-21,128130,buy,rebalance,118.467,0.0012311801410935393,0.14585421777492832,0.00014585421777492833
2023-11-21,127078,buy,rebalance,128.351,2.8834379095528612e-05,0.0037009213912901928,3.700921391290193e-06
2023-11-21,113050,buy,rebalance,107.82,2.611291322257346e-05,0.00281549430365787,2.8154943036578703e-06
2023-11-21,110092,buy,rebalance,108.28,1.6434838377712372e-05,0.0017795642995386957,1.7795642995386957e-06
2023-11-21,123141,buy,rebalance,128.97,4.191937926127469e-07,5.406342343326596e-05,5.406342343326597e-08
2023-11-27,113057,sell,risk_exit_next_open,128.0,0.0010740369497417401,0.13747672956694273,0.00013747672956694273
2023-12-01,113628,sell,rebalance,125.8,0.0011459940154715609,0.14416604714632236,0.00014416604714632237
2023-12-01,110092,sell,rebalance,106.0,0.0013483545129460682,0.14292557837228323,0.00014292557837228324
2023-12-01,113050,sell,rebalance,105.7,0.0013540973817501762,0.14312809325099363,0.00014312809325099364
2023-12-01,123141,sell,rebalance,128.5,0.0011320583898373618,0.145469503094101,0.000145469503094101
2023-12-01,113044,sell,rebalance_resize,116.35,3.0168875048858754e-05,0.003510148611934716,3.510148611934716e-06
2023-12-01,127012,sell,rebalance_resize,125.6,2.1716590132663856e-05,0.0027276037206625803,2.7276037206625804e-06
2023-12-01,127033,sell,rebalance_resize,108.663,1.0877430786288492e-05,0.0011819742615304663,1.1819742615304662e-06
2023-12-01,128081,sell,rebalance_resize,122.5,2.006264820301241e-05,0.0024576744048690202,2.4576744048690203e-06
2023-12-01,113066,sell,rebalance_resize,129.77,4.749097934644267e-05,0.0061629043897878655,6.162904389787866e-06
2023-12-01,113532,sell,rebalance_resize,118.885,6.426884586503949e-06,0.000764060174066522,7.64060174066522e-07
2023-12-01,128066,sell,rebalance_resize,121.84,5.7408502979126526e-06,0.0006994652002976776,6.994652002976776e-07
2023-12-01,128130,sell,rebalance_resize,118.852,1.7243146327741022e-05,0.002049382427344676,2.049382427344676e-06
2023-12-01,128127,buy,rebalance,106.863,7.767955255354935e-07,8.301070024529944e-05,8.301070024529944e-08
2023-12-01,128081,buy,rebalance,122.5,2.2634373148208495e-19,2.7727107106555407e-17,2.772710710655541e-20
2023-12-01,128087,buy,rebalance,124.215,9.606337359022476e-06,0.0011932511950509769,1.193251195050977e-06
2023-12-01,113591,buy,rebalance,129.58,3.057915113016925e-05,0.003962446403447332,3.962446403447332e-06
2023-12-01,110084,buy,rebalance,123.95,1.6117803669455886e-05,0.0019978017648290573,1.9978017648290574e-06
2023-12-01,110063,buy,rebalance,107.562,1.2886023638343517e-05,0.0013860464745875053,1.3860464745875054e-06
2023-12-01,123187,buy,rebalance,132.0,0.0010919004158823587,0.14413085489647134,0.00014413085489647134
2023-12-01,113631,buy,rebalance,125.13,1.5281899934562374e-06,0.00019122241388117898,1.91222413881179e-07
2023-12-01,113532,buy,rebalance,118.885,2.332262868028381e-19,2.7727107106555407e-17,2.772710710655541e-20
2023-12-01,127078,buy,rebalance,125.267,1.4266621152027573e-05,0.0017871368318510379,1.7871368318510378e-06
2023-12-01,123164,buy,rebalance,132.7,0.0010861405794760463,0.14413085489647134,0.00014413085489647134
2023-12-01,113033,buy,rebalance,106.091,0.0013585587363345746,0.14413085489647134,0.00014413085489647134
2023-12-01,127032,buy,rebalance,114.0,0.001264305744705889,0.14413085489647134,0.00014413085489647134
2023-12-01,113604,buy,rebalance,133.782,0.001077356108418706,0.14413085489647134,0.00014413085489647134
2023-12-07,123164,sell,risk_exit_next_open,124.7,0.0010861405794760463,0.13544173026066297,0.00013544173026066298
2023-12-12,127078,sell,rebalance,125.059,0.0011517558876510139,0.14403743955374815,0.00014403743955374815
2023-12-12,128130,sell,rebalance,118.351,0.0012139369947657983,0.14367065726752698,0.00014367065726752698
2023-12-12,113033,sell,rebalance,106.4,0.0013585587363345746,0.14455064954599875,0.00014455064954599876
2023-12-12,127032,sell,rebalance,115.05,0.001264305744705889,0.14545837592841254,0.00014545837592841253
2023-12-12,113044,sell,rebalance_resize,117.311,2.135794496313734e-05,0.002505521881570605,2.505521881570605e-06
2023-12-12,127012,sell,rebalance_resize,126.995,2.296391157621763e-05,0.002916301950621758,2.916301950621758e-06
2023-12-12,128081,sell,rebalance_resize,121.385,5.025496192248411e-09,6.100198552960734e-07,6.100198552960734e-10
2023-12-12,128087,sell,rebalance_resize,124.814,1.6090858188139374e-05,0.002008364373894428,2.0083643738944278e-06
2023-12-12,127033,sell,rebalance_resize,107.708,4.254754566810284e-07,4.582711048820021e-05,4.582711048820021e-08
2023-12-12,113066,sell,rebalance_resize,129.695,9.487309362309088e-06,0.0012304565877446771,1.2304565877446771e-06
2023-12-12,110084,sell,rebalance_resize,123.891,1.0033942479729208e-05,0.0012431151677561314,1.2431151677561314e-06
2023-12-12,113631,sell,rebalance_resize,125.149,1.0671704465205274e-05,0.001335553142115975,1.335553142115975e-06
2023-12-12,128066,sell,rebalance_resize,120.86,1.2688961716658912e-06,0.0001533587913075396,1.533587913075396e-07
2023-12-12,128127,sell,rebalance_resize,107.0,1.400676866123793e-05,0.0014987242467524586,1.4987242467524588e-06
2023-12-12,110063,sell,rebalance_resize,107.302,8.980912820873578e-06,0.0009636699075053767,9.636699075053767e-07
2023-12-12,113532,sell,rebalance_resize,119.0,1.2213495053236914e-05,0.0014534059113351927,1.4534059113351928e-06
2023-12-12,113591,buy,rebalance,122.8,5.075517116098707e-05,0.006232735018569212,6.232735018569212e-06
2023-12-12,127012,buy,rebalance,126.995,2.1833349954262957e-19,2.7727262774416242e-17,2.772726277441624e-20
2023-12-12,113604,buy,rebalance,128.001,3.950886776066204e-05,0.005057174582232502,5.057174582232502e-06
2023-12-12,110092,buy,rebalance,103.935,0.0013741200019340763,0.14281916240101822,0.00014281916240101823
2023-12-12,113549,buy,rebalance,129.735,0.001100852988021877,0.14281916240101822,0.00014281916240101823
2023-12-12,110088,buy,rebalance,124.8,0.001144384314110723,0.14281916240101822,0.00014281916240101823
2023-12-12,113628,buy,rebalance,126.082,0.0011327482305247237,0.14281916240101822,0.00014281916240101823
2023-12-12,113532,buy,rebalance,119.0,2.330022081883718e-19,2.7727262774416242e-17,2.772726277441624e-20
2023-12-12,118028,buy,rebalance,127.97,0.0011160362772604379,0.14281916240101822,0.00014281916240101823
2023-12-12,123187,buy,rebalance,129.399,1.2924891923900958e-05,0.0016724680900608601,1.6724680900608601e-06
2023-12-15,113604,sell,risk_exit_next_open,126.66,0.0011168649761793682,0.14146211788287877,0.00014146211788287877
2023-12-18,113591,sell,risk_exit_next_open,125.423,0.0011641582526756337,0.146012220525336,0.000146012220525336
2023-12-21,110084,sell,rebalance,122.802,0.0011539578968137348,0.14170833764452026,0.00014170833764452027
2023-12-21,113549,sell,rebalance,122.231,0.001100852988021877,0.13455836157890205,0.00013455836157890205
2023-12-21,113044,sell,rebalance_resize,115.861,1.2095970998604595e-06,0.0001401451295869327,1.401451295869327e-07
2023-12-21,128087,sell,rebalance_resize,123.45,2.7936620315026692e-06,0.0003448775777890045,3.448775777890045e-07
2023-12-21,128127,sell,rebalance_resize,106.4,1.0390634763669521e-05,0.0011055635388544371,1.1055635388544372e-06
2023-12-21,128066,sell,rebalance_resize,119.5,2.4978724417886903e-06,0.0002984957567937485,2.9849575679374853e-07
2023-12-21,113066,sell,rebalance_resize,129.5,1.3067834880171243e-05,0.001692284616982176,1.692284616982176e-06
2023-12-21,113532,sell,rebalance_resize,117.512,1.0175408297578543e-06,0.00011957325798650498,1.1957325798650498e-07
2023-12-21,113631,sell,rebalance_resize,123.887,3.7581042409509133e-06,0.0004655802600986858,4.655802600986858e-07
2023-12-21,110088,sell,rebalance_resize,125.339,1.8974335010291275e-05,0.0023782241758548983,2.3782241758548986e-06
2023-12-21,110063,sell,rebalance_resize,106.352,6.031795296804253e-06,0.0006414934934057259,6.41493493405726e-07
2023-12-21,128081,buy,rebalance,117.942,1.819277684671728e-05,0.0021456924868555292,2.1456924868555292e-06
2023-12-21,127033,buy,rebalance,103.092,4.0890572122380656e-05,0.004215490861240467,4.215490861240467e-06
2023-12-21,127012,buy,rebalance,125.099,1.8142543002195033e-06,0.00022696139870315965,2.2696139870315967e-07
2023-12-21,110092,buy,rebalance,101.5,1.5595846327691524e-05,0.0015829784022606897,1.5829784022606898e-06
2023-12-21,113628,buy,rebalance,124.2,2.9795205770677864e-06,0.0003700564556718191,3.7005645567181907e-07
2023-12-21,123107,buy,rebalance,122.823,0.0011473020874731954,0.14091508428972027,0.00014091508428972028
2023-12-21,113063,buy,rebalance,128.927,0.00109298350453916,0.14091508428972027,0.00014091508428972028
2023-12-21,123187,buy,rebalance,126.8,7.609900156020436e-06,0.0009649353397833913,9.649353397833914e-07
2023-12-21,111012,buy,rebalance,133.8,0.0010531770126287014,0.14091508428972027,0.00014091508428972028
2023-12-21,128083,buy,rebalance,126.149,0.0011170527256634637,0.14091508428972027,0.00014091508428972028
2023-12-21,118028,buy,rebalance,125.001,1.2404226750112497e-05,0.0015505407479908123,1.5505407479908123e-06
2024-01-11,110063,sell,rebalance,106.397,0.0013263291839407721,0.14111744618374633,0.00014111744618374635
2024-01-11,123187,sell,rebalance,125.601,0.0011124352079622802,0.13972297455527036,0.00013972297455527036
2024-01-11,110092,sell,rebalance,102.754,0.0013897158482617678,0.1427988622722897,0.0001427988622722897
2024-01-11,118028,sell,rebalance,122.999,0.0011284405040105504,0.13879705355279368,0.00013879705355279368
2024-01-11,111012,sell,rebalance,129.577,0.0010531770126287014,0.13646751776538923,0.00013646751776538924
2024-01-11,113044,sell,rebalance_resize,118.35,2.4909291820230857e-05,0.0029480146869243218,2.948014686924322e-06
2024-01-11,127012,sell,rebalance_resize,126.82,1.465096318935248e-05,0.0018580351516736815,1.8580351516736815e-06
2024-01-11,110088,sell,rebalance_resize,126.4,8.795741727408656e-06,0.0011117817543444541,1.1117817543444542e-06
2024-01-11,128127,sell,rebalance_resize,107.01,6.78831491343956e-06,0.0007264175788871674,7.264175788871675e-07
2024-01-11,128066,sell,rebalance_resize,119.729,1.5704907958174152e-06,0.0001880332924924233,1.880332924924233e-07
2024-01-11,113631,sell,rebalance_resize,124.275,2.892767162230205e-06,0.00035949863908615876,3.5949863908615876e-07
2024-01-11,113532,sell,rebalance_resize,118.482,9.13286146348633e-06,0.0010820796919167874,1.0820796919167875e-06
2024-01-11,113066,sell,rebalance_resize,131.312,1.4404176134572135e-05,0.0018914411765829364,1.8914411765829364e-06
2024-01-11,113628,sell,rebalance_resize,125.14,7.870634241074701e-06,0.0009849311689280882,9.849311689280881e-07
2024-01-11,113063,sell,rebalance_resize,131.689,2.1215630199237043e-05,0.002793865125307327,2.793865125307327e-06
2024-01-11,123107,sell,rebalance_resize,124.283,1.1667772209240467e-05,0.001450105733481033,1.450105733481033e-06
2024-01-11,127033,buy,rebalance,101.202,2.6380629044679747e-05,0.0026697724205796795,2.6697724205796794e-06
2024-01-11,127049,buy,rebalance,101.338,0.0013913438435051151,0.14099600241312135,0.00014099600241312136
2024-01-11,128087,buy,rebalance,123.3,2.055263262948436e-06,0.00025341396032154214,2.5341396032154213e-07
2024-01-11,128081,buy,rebalance,117.573,4.4672558932627144e-06,0.0005252286771385771,5.25228677138577e-07
2024-01-11,127015,buy,rebalance,104.202,0.0013531026507468318,0.14099600241312135,0.00014099600241312136
2024-01-11,127027,buy,rebalance,116.16,0.0012138085607190199,0.14099600241312135,0.00014099600241312136
2024-01-11,127032,buy,rebalance,115.499,0.001220755178946323,0.14099600241312135,0.00014099600241312136
2024-01-11,118025,buy,rebalance,129.65,0.00108751255235728,0.14099600241312135,0.00014099600241312136
2024-01-11,128083,buy,rebalance,121.619,4.3412710753049986e-05,0.005279810469075186,5.2798104690751865e-06
2024-01-23,128127,sell,rebalance,106.0,0.0013189425250345773,0.1398079076536652,0.00013980790765366518
2024-01-23,113532,sell,rebalance,111.002,0.0011912361337920536,0.13222959332318554,0.00013222959332318554
2024-01-23,128083,sell,rebalance,114.3,0.0011604654364165137,0.1326411993824075,0.00013264119938240752
2024-01-23,127015,sell,rebalance,101.75,0.0013531026507468318,0.13767819471349013,0.00013767819471349014
2024-01-23,127027,sell,rebalance,112.112,0.0012138085607190199,0.13608250535933075,0.00013608250535933076
2024-01-23,118025,sell,rebalance,124.33,0.00108751255235728,0.13521043563458063,0.00013521043563458063
2024-01-23,113044,sell,rebalance_resize,116.119,2.9484922858726857e-05,0.003423759757432504,3.423759757432504e-06
2024-01-23,127012,sell,rebalance_resize,122.556,1.0924775822194329e-05,0.0013388968256648481,1.3388968256648483e-06
2024-01-23,113063,sell,rebalance_resize,126.02,6.760563578828435e-08,8.519662222039592e-06,8.519662222039593e-09
2024-01-23,127049,sell,rebalance_resize,99.573,3.4995557703792815e-05,0.003484612667239762,3.484612667239762e-06
2024-01-23,110088,sell,rebalance_resize,122.0,9.600566372243822e-06,0.0011712690974137463,1.1712690974137463e-06
2024-01-23,127032,sell,rebalance_resize,115.5,5.144203728316252e-05,0.005941555306205271,5.941555306205271e-06
2024-01-23,127033,buy,rebalance,92.001,7.329586479942282e-05,0.0067432928574116995,6.7432928574117e-06
2024-01-23,123107,buy,rebalance,118.76,1.5791979795792037e-06,0.00018754555205482623,1.8754555205482624e-07
2024-01-23,128087,buy,rebalance,116.1,1.8565294484872644e-05,0.002155430689693714,2.155430689693714e-06
2024-01-23,128081,buy,rebalance,110.495,2.1814871410338895e-05,0.0024104342164853964,2.4104342164853963e-06
2024-01-23,113066,buy,rebalance,122.582,2.6885413471308394e-05,0.0032956677541399254,3.2956677541399254e-06
2024-01-23,113050,buy,rebalance,106.06,0.0012720935645209657,0.13491824345309364,0.00013491824345309363
2024-01-23,113649,buy,rebalance,124.45,0.0010841160582811863,0.13491824345309364,0.00013491824345309363
2024-01-23,128066,buy,rebalance,114.5,6.955890573092318e-07,7.964494706190705e-05,7.964494706190705e-08
2024-01-23,123187,buy,rebalance,117.6,0.0011472639749412724,0.13491824345309364,0.00013491824345309363
2024-01-23,113628,buy,rebalance,118.889,8.11580795762774e-06,0.0009648802922744044,9.648802922744045e-07
2024-01-23,110068,buy,rebalance,118.216,0.0011412858111684852,0.13491824345309364,0.00013491824345309363
2024-01-23,127063,buy,rebalance,128.45,0.001050356118747323,0.13491824345309364,0.00013491824345309363
2024-01-23,113062,buy,rebalance,106.001,0.0012728016099196576,0.13491824345309364,0.00013491824345309363
2024-01-23,113631,buy,rebalance,117.141,1.720756897163671e-05,0.002015711836906496,2.0157118369064957e-06
2024-01-26,113063,sell,risk_exit_next_open,126.501,0.0010717002687041348,0.13557115569134176,0.00013557115569134176
2024-01-31,113649,sell,rebalance,115.5,0.0010841160582811863,0.12521540473147702,0.000125215404731477
2024-01-31,123187,sell,rebalance,116.0,0.0011472639749412724,0.1330826210931876,0.00013308262109318762
2024-01-31,110068,sell,rebalance,120.586,0.0011412858111684852,0.13762309082556295,0.00013762309082556297
2024-01-31,113062,sell,rebalance,110.054,0.0012728016099196576,0.140076908378098,0.000140076908378098
2024-01-31,113044,sell,rebalance_resize,118.69,1.6911261689365406e-05,0.00200719764991078,2.00719764991078e-06
2024-01-31,128081,sell,rebalance_resize,111.477,1.9261362009594436e-06,0.0002147198852743559,2.1471988527435592e-07
2024-01-31,128087,sell,rebalance_resize,117.564,6.104962172604581e-06,0.0007177237728600849,7.17723772860085e-07
2024-01-31,113050,sell,rebalance_resize,108.151,1.423419679363908e-05,0.00153944261742886,1.5394426174288601e-06
2024-01-31,110088,sell,rebalance_resize,125.6,2.390261623104886e-05,0.0030021685986197366,3.0021685986197368e-06
2024-01-31,113066,sell,rebalance_resize,127.92,3.826297027731561e-05,0.004894599157874213,4.894599157874213e-06
2024-01-31,127012,sell,rebalance_resize,129.0,4.742753862169674e-05,0.00611815248219888,6.11815248219888e-06
2024-01-31,113631,sell,rebalance_resize,118.481,4.7245745182103426e-06,0.0005597723134920796,5.597723134920796e-07
2024-01-31,127033,buy,rebalance,91.676,1.5985781674941114e-05,0.0014655125208319017,1.4655125208319016e-06
2024-01-31,128081,buy,rebalance,111.477,2.487246878947622e-19,2.7727082032444407e-17,2.772708203244441e-20
2024-01-31,127063,buy,rebalance,127.111,1.985931781828703e-05,0.0025243377472002827,2.524337747200283e-06
2024-01-31,123107,buy,rebalance,119.001,5.953522483162838e-06,0.0007084751290188609,7.08475129018861e-07
2024-01-31,127049,buy,rebalance,99.56,1.0041038801392723e-05,0.0009996858230666595,9.996858230666594e-07
2024-01-31,127103,buy,rebalance,107.0,0.0012700849768683114,0.1358990925249093,0.00013589909252490932
2024-01-31,113021,buy,rebalance,115.45,0.0011771250976605396,0.1358990925249093,0.00013589909252490932
2024-01-31,110091,buy,rebalance,126.108,0.0010776405345014534,0.1358990925249093,0.00013589909252490932
2024-01-31,127032,buy,rebalance,116.1,2.422082295393372e-06,0.0002812037544951705,2.812037544951705e-07
2024-01-31,110084,buy,rebalance,113.877,0.0011933849023499856,0.1358990925249093,0.00013589909252490932
2024-01-31,128066,buy,rebalance,114.5,8.577750548689518e-06,0.0009821524378249497,9.821524378249498e-07
2024-01-31,113628,buy,rebalance,117.3,2.3753291662368093e-05,0.002786261111995777,2.7862611119957774e-06
2024-01-31,113532,buy,rebalance,113.394,0.0011984681069978067,0.1358990925249093,0.00013589909252490932
2024-02-20,128066,sell,rebalance,108.4,0.0011881025255505075,0.12879031376967504,0.00012879031376967503
2024-02-20,113631,sell,rebalance,121.927,0.0011481904143202549,0.13999541264682572,0.00013999541264682572
2024-02-20,113066,sell,rebalance,139.4,0.0010634673896113048,0.1482473541118159,0.00014824735411181588
2024-02-20,113628,sell,rebalance,114.948,0.0011597262164807127,0.13330820913202496,0.00013330820913202496
2024-02-20,110091,sell,rebalance,142.7,0.0010776405345014534,0.1537793042733574,0.0001537793042733574
2024-02-20,113532,sell,rebalance,108.75,0.0011984681069978067,0.13033340663601148,0.00013033340663601148
2024-02-20,113044,sell,rebalance_resize,121.18,1.5083485144091757e-05,0.0018278167297610393,1.8278167297610393e-06
2024-02-20,127032,sell,rebalance_resize,117.601,6.2273498110600005e-06,0.0007323425651304671,7.323425651304671e-07
2024-02-20,123107,sell,rebalance_resize,120.758,8.129261768702925e-06,0.0009816733926650278,9.81673392665028e-07
2024-02-20,128081,sell,rebalance_resize,115.75,3.618425804797254e-05,0.004188327869052821,4.188327869052821e-06
2024-02-20,113050,sell,rebalance_resize,110.0,1.1814899476241107e-05,0.0012996389423865218,1.2996389423865217e-06
2024-02-20,127063,sell,rebalance_resize,130.1,1.668052874378522e-05,0.002170136789566457,2.170136789566457e-06
2024-02-20,110088,sell,rebalance_resize,132.6,4.943917311347508e-05,0.0065556343548467955,6.555634354846795e-06
2024-02-20,127012,sell,rebalance_resize,133.8,3.01626598775071e-05,0.00403576389161045,4.03576389161045e-06
2024-02-20,110084,sell,rebalance_resize,116.4,1.585147015394265e-05,0.0018451111259189248,1.8451111259189248e-06
2024-02-20,127049,buy,rebalance,98.959,1.865896884264437e-05,0.0018464728976992442,1.8464728976992442e-06
2024-02-20,113021,buy,rebalance,115.761,6.90122005979785e-06,0.0007988921353422589,7.98892135342259e-07
2024-02-20,128081,buy,rebalance,115.75,2.3954283585061723e-19,2.7727083249708944e-17,2.772708324970895e-20
2024-02-20,128087,buy,rebalance,112.287,6.345420533081643e-05,0.0071250823539813855,7.1250823539813855e-06
2024-02-20,127015,buy,rebalance,102.731,0.0013328419672441955,0.13692418813696344,0.00013692418813696344
2024-02-20,110079,buy,rebalance,109.2,0.0012538845067487495,0.13692418813696344,0.00013692418813696344
2024-02-20,113062,buy,rebalance,111.551,0.0012274581862732152,0.13692418813696344,0.00013692418813696344
2024-02-20,127103,buy,rebalance,106.344,1.8777953515836143e-05,0.0019969226886880787,1.9969226886880788e-06
2024-02-20,113648,buy,rebalance,132.29,0.0010350305248844466,0.13692418813696344,0.00013692418813696344
2024-02-20,127033,buy,rebalance,76.81,0.00030026664375891335,0.023063480907122135,2.3063480907122134e-05
2024-02-20,113055,buy,rebalance,115.866,0.0011817460526553384,0.13692418813696344,0.00013692418813696344
2024-02-20,118019,buy,rebalance,129.453,0.0010577135187053483,0.13692418813696344,0.00013692418813696344
2024-02-21,127033,sell,rebalance,79.18,0.0017841582015625395,0.1412696463997219,0.0001412696463997219
2024-02-21,127012,sell,rebalance,140.1,0.0010244012818207728,0.14351861958309026,0.00014351861958309027
2024-02-21,113648,sell,rebalance,136.176,0.0010350305248844466,0.14094631675666439,0.00014094631675666438
2024-02-21,118019,sell,rebalance,129.318,0.0010577135187053483,0.13678139681193824,0.00013678139681193825
2024-02-21,113044,sell,rebalance_resize,124.2,1.507553721786647e-05,0.0018723817224590156,1.8723817224590157e-06
2024-02-21,127032,sell,rebalance_resize,119.5,5.6050560347552835e-06,0.0006698041961532564,6.698041961532564e-07
2024-02-21,123107,sell,rebalance_resize,122.611,4.565085826649532e-06,0.0005597297382913258,5.597297382913258e-07
2024-02-21,113050,sell,rebalance_resize,111.72,5.367894992293493e-06,0.0005997012285390291,5.997012285390291e-07
2024-02-21,110079,sell,rebalance_resize,110.551,8.864090880007536e-08,9.799341108757131e-06,9.799341108757131e-09
2024-02-21,127063,sell,rebalance_resize,132.0,3.4713717273381452e-06,0.00045822106800863516,4.582210680086352e-07
2024-02-21,127049,buy,rebalance,99.501,7.978781805808904e-06,0.0007938967684597918,7.938967684597918e-07
2024-02-21,113044,buy,rebalance,124.2,2.232499480303792e-19,2.7727643545373097e-17,2.7727643545373096e-20
2024-02-21,113021,buy,rebalance,116.87,1.976540695742704e-06,0.0002309983111114498,2.3099831111144982e-07
2024-02-21,127015,buy,rebalance,103.8,2.4964308721028845e-06,0.0002591295245242794,2.591295245242794e-07
2024-02-21,128087,buy,rebalance,112.974,6.298331027515113e-06,0.0007115476495024925,7.115476495024925e-07
2024-02-21,128081,buy,rebalance,114.859,2.2601225746646663e-05,0.002595954188034089,2.595954188034089e-06
2024-02-21,110088,buy,rebalance,133.29,6.222718263255425e-06,0.0008294261173093156,8.294261173093156e-07
2024-02-21,113062,buy,rebalance,111.795,1.2373588497528065e-05,0.00138330532608115,1.38330532608115e-06
2024-02-21,127103,buy,rebalance,106.001,1.873215360646641e-05,0.001985627014439046,1.985627014439046e-06
2024-02-21,113055,buy,rebalance,116.45,8.527767734773543e-06,0.000993058552714379,9.93058552714379e-07
2024-02-21,110084,buy,rebalance,116.1,1.6320813694812772e-05,0.0018948464699677628,1.8948464699677628e-06
2024-02-21,113065,buy,rebalance,103.285,0.0013406486612991568,0.1384688969822834,0.00013846889698228341
2024-02-21,110068,buy,rebalance,127.071,0.001089697074724236,0.1384688969822834,0.00013846889698228341
2024-02-21,128123,buy,rebalance,131.605,0.001052155290317871,0.1384688969822834,0.00013846889698228341
2024-02-21,127027,buy,rebalance,117.89,0.0011745601576239155,0.1384688969822834,0.00013846889698228341
2024-03-01,110079,sell,rebalance,111.45,0.0012537958658399495,0.13973554924786238,0.00013973554924786238
2024-03-01,113062,sell,rebalance,112.2,0.0012398317747707433,0.1391091251292774,0.0001391091251292774
2024-03-01,113065,sell,rebalance,105.101,0.0013406486612991568,0.14090351495120268,0.0001409035149512027
2024-03-01,110068,sell,rebalance,126.801,0.001089697074724236,0.13817467877210785,0.00013817467877210785
2024-03-01,128123,sell,rebalance,130.0,0.001052155290317871,0.13678018774132322,0.00013678018774132322
2024-03-01,127027,sell,rebalance,115.732,0.0011745601576239155,0.13593419616213098,0.000135934196162131
2024-03-01,127049,sell,rebalance_resize,100.06,8.884449777919902e-06,0.0008889780447786654,8.889780447786654e-07
2024-03-01,127015,sell,rebalance_resize,104.201,6.202294769370319e-06,0.0006462853172631566,6.462853172631567e-07
2024-03-01,113021,sell,rebalance_resize,117.3,5.2926188180130505e-06,0.0006208241873529308,6.208241873529308e-07
2024-03-01,128087,sell,rebalance_resize,113.999,1.1999492809423682e-05,0.0013679301807814903,1.3679301807814902e-06
2024-03-01,113050,sell,rebalance_resize,112.905,1.4005379734561677e-05,0.001581277398930686,1.581277398930686e-06
2024-03-01,127103,sell,rebalance_resize,106.4,5.928626238233753e-06,0.0006308058317480714,6.308058317480714e-07
2024-03-01,127063,sell,rebalance_resize,132.002,8.573793328224805e-07,0.00011317578669123307,1.1317578669123307e-07
2024-03-01,110084,sell,rebalance_resize,117.11,1.1228414579667503e-05,0.0013149596314248613,1.3149596314248612e-06
2024-03-01,110088,sell,rebalance_resize,133.335,1.177750593727822e-06,0.00015703537541469914,1.5703537541469914e-07
2024-03-01,113055,sell,rebalance_resize,117.599,1.2565582183551868e-05,0.0014776998992035162,1.4776998992035162e-06
2024-03-01,113044,buy,rebalance,119.68,4.117903961223475e-05,0.004928307460792255,4.928307460792255e-06
2024-03-01,128081,buy,rebalance,113.7,1.1335593618720037e-05,0.0012888569944484683,1.2888569944484683e-06
2024-03-01,123107,buy,rebalance,122.1,3.817566449218584e-06,0.0004661248634495891,4.661248634495891e-07
2024-03-01,113058,buy,rebalance,114.554,0.0012077928351473981,0.13835750043747505,0.00013835750043747505
2024-03-01,111007,buy,rebalance,131.4,0.0010529490139838283,0.13835750043747505,0.00013835750043747505
2024-03-01,127032,buy,rebalance,118.601,7.847627438976763e-06,0.000930736461890083,9.30736461890083e-07
2024-03-01,123207,buy,rebalance,114.66,0.0012066762640631,0.13835750043747505,0.00013835750043747505
2024-03-01,123214,buy,rebalance,109.79,0.0012602012973629206,0.13835750043747505,0.00013835750043747505
2024-03-01,123208,buy,rebalance,116.994,0.0011826033851092795,0.13835750043747505,0.00013835750043747505
2024-03-01,127012,buy,rebalance,134.149,0.0010313718360738808,0.13835750043747505,0.00013835750043747505
2024-03-06,127012,sell,risk_exit_next_open,137.0,0.0010313718360738808,0.14129794154212166,0.00014129794154212167
2024-03-11,110088,sell,risk_exit_next_open,130.7,0.0010387168493257827,0.1357602922068798,0.0001357602922068798
2024-03-12,113021,sell,rebalance,115.1,0.001180710239598067,0.1358997485777375,0.0001358997485777375
2024-03-12,113055,sell,rebalance,117.95,0.0011777082382065601,0.13891068669646378,0.00013891068669646378
2024-03-12,123214,sell,rebalance,105.6,0.0012602012973629206,0.1330772570015244,0.0001330772570015244
2024-03-12,123208,sell,rebalance,116.211,0.0011826033851092795,0.13743152198693448,0.00013743152198693448
2024-03-12,127049,sell,rebalance_resize,100.53,1.576060332165029e-05,0.0015844134519255038,1.5844134519255038e-06
2024-03-12,128087,sell,rebalance_resize,113.253,2.4327392803023367e-07,2.7551502171208053e-05,2.7551502171208054e-08
2024-03-12,127015,sell,rebalance_resize,104.497,1.2701711097388376e-05,0.0013272907045437932,1.3272907045437932e-06
2024-03-12,113050,sell,rebalance_resize,113.36,1.3161625008879815e-05,0.0014920018110066158,1.4920018110066157e-06
2024-03-12,127063,sell,rebalance_resize,131.999,7.050953412395417e-06,0.0009307187994827826,9.307187994827826e-07
2024-03-12,127032,sell,rebalance_resize,119.503,1.6620811258850994e-05,0.0019862368078664705,1.9862368078664706e-06
2024-03-12,113044,buy,rebalance,118.722,1.5120973468612553e-06,0.00017951922121406193,1.7951922121406194e-07
2024-03-12,123204,buy,rebalance,113.5,0.0012107912476001404,0.13742480660261594,0.00013742480660261595
2024-03-12,123207,buy,rebalance,112.462,1.6506428329881662e-05,0.0018563459428351514,1.8563459428351515e-06
2024-03-12,128081,buy,rebalance,112.084,9.23248412463239e-06,0.0010348137506252968,1.0348137506252968e-06
2024-03-12,123205,buy,rebalance,116.629,0.001178307338677481,0.13742480660261594,0.00013742480660261595
2024-03-12,123107,buy,rebalance,120.8,4.475467913452551e-06,0.0005406365239450682,5.406365239450682e-07
2024-03-12,110084,buy,rebalance,115.18,1.1696842332225549e-05,0.001347242299825739,1.347242299825739e-06
2024-03-12,127103,buy,rebalance,104.9,9.700730961757499e-06,0.0010176066778883617,1.0176066778883618e-06
2024-03-12,113058,buy,rebalance,113.527,3.9276793783271115e-06,0.00044589765678334196,4.4589765678334196e-07
2024-03-12,123221,buy,rebalance,128.632,0.001068356292389265,0.13742480660261594,0.00013742480660261595
2024-03-12,111007,buy,rebalance,129.37,1.0373941580292109e-05,0.0013420768222423903,1.3420768222423904e-06
2024-03-12,128123,buy,rebalance,132.001,0.0010410891326779034,0.13742480660261594,0.00013742480660261595
2024-03-12,113628,buy,rebalance,115.294,0.001191951069462556,0.13742480660261594,0.00013742480660261595
2024-03-12,113631,buy,rebalance,120.701,0.0011385556590468675,0.13742480660261594,0.00013742480660261595
2024-03-21,123107,sell,rebalance,122.91,0.0011387657224940155,0.13996569495173944,0.00013996569495173944
2024-03-21,127032,sell,rebalance,119.927,0.0011511296342928642,0.13805152365184034,0.00013805152365184035
2024-03-21,111007,sell,rebalance,130.897,0.0010633229555641205,0.13918578491447667,0.00013918578491447668
2024-03-21,123205,sell,rebalance,124.744,0.001178307338677481,0.1469867706559837,0.0001469867706559837
2024-03-21,113628,sell,rebalance,124.07,0.001191951069462556,0.14788536918821932,0.00014788536918821933
2024-03-21,127049,sell,rebalance_resize,103.8,1.3924567821358003e-05,0.0014453701398569607,1.4453701398569608e-06
2024-03-21,123207,sell,rebalance_resize,117.0,2.1535822653845682e-05,0.0025196912504999447,2.5196912504999447e-06
2024-03-21,128087,sell,rebalance_resize,116.677,9.682656693448097e-06,0.0011297433350214436,1.1297433350214436e-06
2024-03-21,123204,sell,rebalance_resize,123.571,7.304304001519783e-05,0.009026001497718011,9.026001497718012e-06
2024-03-21,128081,sell,rebalance_resize,115.02,4.982737836599717e-06,0.0005731145059656995,5.731145059656995e-07
2024-03-21,113044,buy,rebalance,119.303,1.9729709864300564e-05,0.00235381357594065,2.35381357594065e-06
2024-03-21,127049,buy,rebalance,103.8,2.6712222170004925e-19,2.7727286612465114e-17,2.7727286612465116e-20
2024-03-21,127015,buy,rebalance,106.319,5.926060187804268e-06,0.0006300527931071621,6.30052793107162e-07
2024-03-21,127063,buy,rebalance,127.866,5.731773156082334e-05,0.007328989063756237,7.328989063756237e-06
2024-03-21,127103,buy,rebalance,106.152,1.3066346608484586e-05,0.0013870188251838558,1.3870188251838557e-06
2024-03-21,113050,buy,rebalance,113.303,2.731835133497829e-05,0.0030952511613070452,3.0952511613070452e-06
2024-03-21,128123,buy,rebalance,130.369,3.729394373170223e-05,0.004861974150358288,4.861974150358288e-06
2024-03-21,123221,buy,rebalance,129.986,1.3228873359859455e-05,0.001719568332554691,1.7195683325546909e-06
2024-03-21,123198,buy,rebalance,99.23,0.0014153924121704797,0.14044938905967672,0.0001404493890596767
2024-03-21,123228,buy,rebalance,120.567,0.0011649073880885875,0.14044938905967672,0.0001404493890596767
2024-03-21,113058,buy,rebalance,115.5,5.526520236608716e-06,0.0006383130873283066,6.383130873283066e-07
2024-03-21,113631,buy,rebalance,122.7,7.261575784382311e-06,0.0008909953487437096,8.909953487437096e-07
2024-03-21,110063,buy,rebalance,103.231,0.0013605350045981994,0.14044938905967672,0.0001404493890596767
2024-03-21,110084,buy,rebalance,117.58,1.3952748130411463e-06,0.000164056412517378,1.64056412517378e-07
2024-03-21,123202,buy,rebalance,115.94,0.0012113971800903633,0.14044938905967672,0.0001404493890596767
2024-03-21,127027,buy,rebalance,115.608,0.0012148760385066492,0.14044938905967672,0.0001404493890596767
2024-04-03,127063,sell,risk_exit_next_open,121.775,0.0010994729349100923,0.13388831664867648,0.0001338883166486765
2024-04-11,127103,sell,rebalance,104.999,0.0013244335353226222,0.13906419677534002,0.00013906419677534002
2024-04-11,123221,sell,rebalance,127.633,0.0010815851657491244,0.138045959460058,0.00013804595946005798
2024-04-11,128123,sell,rebalance,126.419,0.0010783830764096057,0.13632811013662594,0.00013632811013662593
2024-04-11,123198,sell,rebalance,95.1,0.0014153924121704797,0.13460381839741262,0.00013460381839741262
2024-04-11,123202,sell,rebalance,115.948,0.0012113971800903633,0.14045908023711745,0.00014045908023711747
2024-04-11,113044,sell,rebalance_resize,120.213,1.6640415328209155e-05,0.002000394247850007,2.000394247850007e-06
2024-04-11,127049,sell,rebalance_resize,104.065,1.2389903482753238e-05,0.0012893553059327156,1.2893553059327157e-06
2024-04-11,128087,sell,rebalance_resize,117.7,1.8378180879307808e-05,0.002163111889494529,2.163111889494529e-06
2024-04-11,127015,sell,rebalance_resize,106.44,1.0238508817053562e-05,0.0010897868784871811,1.0897868784871811e-06
2024-04-11,128081,sell,rebalance_resize,115.91,1.7412647765623867e-05,0.0020183000025134623,2.0183000025134625e-06
2024-04-11,113050,sell,rebalance_resize,114.731,2.3526060030893083e-05,0.002699168393404394,2.6991683934043942e-06
2024-04-11,110084,sell,rebalance_resize,117.5,7.102972465444543e-06,0.0008345992646897338,8.345992646897338e-07
2024-04-11,113631,sell,rebalance_resize,126.056,3.787901944329747e-05,0.004774877674944306,4.774877674944305e-06
2024-04-11,113058,sell,rebalance_resize,116.5,1.8429355114748353e-05,0.002147019870868183,2.147019870868183e-06
2024-04-11,123228,sell,rebalance_resize,121.681,1.7133621609484643e-05,0.002084836211063701,2.0848362110637008e-06
2024-04-11,127027,sell,rebalance_resize,117.449,2.5744929012794745e-05,0.00302371616762373,3.0237161676237303e-06
2024-04-11,123207,buy,rebalance,113.72,2.6449911497710447e-05,0.003007883935519632,3.007883935519632e-06
2024-04-11,123204,buy,rebalance,119.76,2.840710774149792e-05,0.0034020352231217913,3.4020352231217912e-06
2024-04-11,110063,buy,rebalance,101.248,1.885319427958087e-05,0.0019088482144190041,1.9088482144190044e-06
2024-04-11,113628,buy,rebalance,121.719,0.0011462364924316863,0.1395187596222924,0.0001395187596222924
2024-04-11,127075,buy,rebalance,84.384,0.0016533793091378982,0.1395187596222924,0.0001395187596222924
2024-04-11,123228,buy,rebalance,121.681,2.278667774017774e-19,2.7727057341025677e-17,2.772705734102568e-20
2024-04-11,110079,buy,rebalance,112.899,0.0012357838388497011,0.1395187596222924,0.0001395187596222924
2024-04-11,123229,buy,rebalance,115.666,0.0012062210124175851,0.1395187596222924,0.0001395187596222924
2024-04-11,118026,buy,rebalance,101.99,0.0013679650909137406,0.1395187596222924,0.0001395187596222924
2024-04-11,113055,buy,rebalance,119.9,0.0011636260185345487,0.1395187596222924,0.0001395187596222924
2024-04-23,110084,sell,rebalance,116.755,0.0011886149759910104,0.13877674152183042,0.00013877674152183042
2024-04-23,127027,sell,rebalance,122.027,0.0011891311094938545,0.14510610189820658,0.00014510610189820658
2024-04-23,113628,sell,rebalance,114.854,0.0011462364924316863,0.1316498461017489,0.0001316498461017489
2024-04-23,118026,sell,rebalance,92.5,0.0013679650909137406,0.126536770909521,0.00012653677090952102
2024-04-23,113055,sell,rebalance,122.196,0.0011636260185345487,0.1421904449608477,0.0001421904449608477
2024-04-23,113044,sell,rebalance_resize,120.666,9.476472119868338e-06,0.0011434879848160329,1.143487984816033e-06
2024-04-23,127075,sell,rebalance_resize,93.2,0.00016147949628240378,0.015049889053520032,1.5049889053520032e-05
2024-04-23,128087,sell,rebalance_resize,122.001,4.68909537260199e-05,0.005720743245528154,5.720743245528154e-06
2024-04-23,110079,sell,rebalance_resize,116.4,4.123862786918505e-05,0.00480017628397314,4.80017628397314e-06
2024-04-23,123228,sell,rebalance_resize,123.0,1.732610340485828e-05,0.0021311107187975686,2.1311107187975687e-06
2024-04-23,123229,sell,rebalance_resize,116.632,1.4051945968136587e-05,0.0016389065621557064,1.6389065621557064e-06
2024-04-23,113050,sell,rebalance_resize,117.2,3.0910541064043e-05,0.00362271541270584,3.62271541270584e-06
2024-04-23,113058,sell,rebalance_resize,116.1,1.1857885353367648e-06,0.00013767004895259838,1.3767004895259838e-07
2024-04-23,127049,buy,rebalance,103.144,5.993556301057703e-06,0.0006181993711162957,6.181993711162957e-07
2024-04-23,110092,buy,rebalance,82.2,0.001689775300177534,0.1388995296745933,0.0001388995296745933
2024-04-23,127015,buy,rebalance,105.001,1.2091466819770382e-05,0.0012696161075427099,1.2696161075427099e-06
2024-04-23,123204,buy,rebalance,113.2,6.209289991648207e-05,0.00702891627054577,7.02891627054577e-06
2024-04-23,110063,buy,rebalance,98.77,2.8348248277820612e-05,0.0027999564824003416,2.799956482400342e-06
2024-04-23,123205,buy,rebalance,122.0,0.00113852073503765,0.1388995296745933,0.0001388995296745933
2024-04-23,123156,buy,rebalance,95.859,0.0014489983170551883,0.1388995296745933,0.0001388995296745933
2024-04-23,110079,buy,rebalance,116.4,2.382003863331134e-19,2.7726524969174403e-17,2.7726524969174404e-20
2024-04-23,128081,buy,rebalance,114.51,9.331683392677582e-06,0.00106857106529551,1.06857106529551e-06
2024-04-23,123207,buy,rebalance,106.239,8.06136663502273e-05,0.008564315299381798,8.5643152993818e-06
2024-04-23,123229,buy,rebalance,116.632,2.377265670585637e-19,2.7726524969174403e-17,2.7726524969174404e-20
2024-04-23,113050,buy,rebalance,117.2,2.365744451294744e-19,2.7726524969174403e-17,2.7726524969174404e-20
2024-04-23,127103,buy,rebalance,100.55,0.0013813976098915296,0.1388995296745933,0.0001388995296745933
2024-04-23,113631,buy,rebalance,124.395,9.822003276539916e-06,0.0012218080975851828,1.2218080975851828e-06
2024-04-23,127055,buy,rebalance,111.4,0.0012468539468096344,0.1388995296745933,0.0001388995296745933
2024-05-06,113058,sell,rebalance,112.111,0.0011976318911122489,0.13426770894448534,0.00013426770894448535
2024-05-06,123228,sell,rebalance,129.7,0.0011304476630742447,0.14661906190072954,0.00014661906190072954
2024-05-06,127075,sell,rebalance,122.5,0.0014918998128554944,0.18275772707479807,0.00018275772707479807
2024-05-06,123229,sell,rebalance,121.519,0.0011921690664494487,0.14487119278587057,0.00014487119278587058
2024-05-06,110092,sell,rebalance_resize,87.689,3.884847552851577e-05,0.003406583970620019,3.4065839706200194e-06
2024-05-06,127055,sell,rebalance_resize,119.0,3.0315103728560934e-05,0.003607497343698751,3.6074973436987513e-06
2024-05-06,123204,sell,rebalance_resize,124.0,6.0763357769956775e-05,0.00753465636347464,7.53465636347464e-06
2024-05-06,123205,sell,rebalance_resize,132.0,4.179253559334901e-05,0.00551661469832207,5.51661469832207e-06
2024-05-06,113044,buy,rebalance,118.3,7.142378312903891e-05,0.008449433544165302,8.449433544165303e-06
2024-05-06,127049,buy,rebalance,102.7,6.15603371226115e-05,0.0063222466224922,6.3222466224922e-06
2024-05-06,128087,buy,rebalance,121.85,4.838042770336023e-05,0.0058951551156544435,5.895155115654444e-06
2024-05-06,127015,buy,rebalance,104.8,5.7161802600471046e-05,0.005990556912529366,5.990556912529365e-06
2024-05-06,123207,buy,rebalance,110.2,4.97487298141734e-06,0.0005482310025521908,5.482310025521909e-07
2024-05-06,110079,buy,rebalance,118.6,2.60966298849791e-05,0.003095060304358521,3.0950603043585213e-06
2024-05-06,110063,buy,rebalance,100.8,2.845524259288866e-05,0.002868288453363177,2.868288453363177e-06
2024-05-06,113050,buy,rebalance,117.2,4.88315679907478e-05,0.005723059768515643,5.723059768515642e-06
2024-05-06,128081,buy,rebalance,115.256,4.180561296364936e-05,0.00481834772773837,4.818347727738371e-06
2024-05-06,127103,buy,rebalance,104.457,4.513552851491414e-06,0.0004714721902082386,4.7147219020823863e-07
2024-05-06,123205,buy,rebalance,132.0,2.1026951223961299e-19,2.7755575615628914e-17,2.7755575615628914e-20
2024-05-06,123198,buy,rebalance,94.1,0.0015384497590504543,0.14476812232664774,0.00014476812232664773
2024-05-06,123190,buy,rebalance,97.5,0.0014848012546322844,0.14476812232664774,0.00014476812232664773
2024-05-06,123156,buy,rebalance,98.0,2.822742097182939e-05,0.0027662872552392803,2.7662872552392806e-06
2024-05-06,113055,buy,rebalance,124.865,0.0011593971275108937,0.14476812232664774,0.00014476812232664773
2024-05-06,113631,buy,rebalance,127.77,1.527666265857046e-05,0.0019518991878855474,1.9518991878855476e-06
2024-05-13,113631,sell,rebalance,129.2,0.0011330368813230627,0.1463883650669397,0.00014638836506693969
2024-05-13,110092,sell,rebalance,94.017,0.0016509268246490182,0.15521518727302674,0.00015521518727302675
2024-05-13,123156,sell,rebalance,106.2,0.0014772257380270177,0.15688137337846927,0.00015688137337846927
2024-05-13,127103,sell,rebalance,107.881,0.001385911162743021,0.14951348214787985,0.00014951348214787985
2024-05-13,123190,sell,rebalance,103.2,0.0014848012546322844,0.15323148947805176,0.00015323148947805177
2024-05-13,127049,sell,rebalance_resize,105.578,2.190191130219267e-06,0.0002312359991462898,2.312359991462898e-07
2024-05-13,123207,sell,rebalance_resize,115.0,2.156552192402304e-05,0.00248003502126265,2.48003502126265e-06
2024-05-13,127015,sell,rebalance_resize,107.592,2.8947391388845436e-07,3.114507734308658e-05,3.114507734308658e-08
2024-05-13,123198,sell,rebalance_resize,96.664,1.2303511621625498e-06,0.00011893066473928073,1.1893066473928073e-07
2024-05-13,123204,sell,rebalance_resize,130.5,2.8835226483587463e-05,0.003762997056108164,3.7629970561081637e-06
2024-05-13,123205,sell,rebalance_resize,135.99,4.046554881363779e-06,0.0005502909983166604,5.502909983166604e-07
2024-05-13,127075,buy,rebalance,125.261,0.0011850788640264754,0.14844416358682033,0.00014844416358682032
2024-05-13,113033,buy,rebalance,113.671,0.0013059105980137442,0.14844416358682033,0.00014844416358682032
2024-05-13,113044,buy,rebalance,119.56,1.9082018302947714e-05,0.002281446108300429,2.281446108300429e-06
2024-05-13,128087,buy,rebalance,124.2,8.31412796937503e-06,0.0010326146937963787,1.0326146937963788e-06
2024-05-13,123056,buy,rebalance,117.55,0.0012628172146900922,0.14844416358682033,0.00014844416358682032
2024-05-13,110063,buy,rebalance,102.159,1.8324213086807818e-05,0.0018719832847351999,1.8719832847352e-06
2024-05-13,110079,buy,rebalance,120.909,8.32178253230438e-06,0.0010061784041983904,1.0061784041983904e-06
2024-05-13,113050,buy,rebalance,117.927,2.4800934011347475e-05,0.002924699745156174,2.924699745156174e-06
2024-05-13,113055,buy,rebalance,126.26,1.7472454286924157e-05,0.002206072078267044,2.206072078267044e-06
2024-05-13,111015,buy,rebalance,132.99,0.0011162054559502243,0.14844416358682033,0.00014844416358682032
2024-05-13,113062,buy,rebalance,120.48,0.0012321062714709522,0.14844416358682033,0.00014844416358682032
2024-05-13,128081,buy,rebalance,114.679,3.963949695340656e-05,0.004545817871119711,4.545817871119711e-06
2024-05-13,123107,buy,rebalance,129.14,0.0011494824499521477,0.14844416358682033,0.00014844416358682032
2024-05-13,127055,buy,rebalance,118.478,3.7612016590640644e-05,0.004456196501625922,4.456196501625922e-06
2024-05-21,123204,sell,rebalance,129.66,0.0011386496309893782,0.14763731115408277,0.00014763731115408277
2024-05-21,123205,sell,rebalance,133.45,0.0010926816445629374,0.14581836546692398,0.00014581836546692398
2024-05-21,123056,sell,rebalance,116.398,0.0012628172146900922,0.14698939815549733,0.00014698939815549733
2024-05-21,127049,sell,rebalance_resize,112.66,8.282939347333947e-05,0.009331559468706424,9.331559468706423e-06
2024-05-21,127015,sell,rebalance_resize,113.739,6.904988941676804e-05,0.00785366537237378,7.853665372373781e-06
2024-05-21,113062,sell,rebalance_resize,121.563,4.515265077958352e-06,0.0005488891686718511,5.488891686718511e-07
2024-05-21,113050,sell,rebalance_resize,119.3,9.14665805714037e-06,0.0010911963062168462,1.0911963062168461e-06
2024-05-21,128087,sell,rebalance_resize,125.5,7.3180006416618726e-06,0.000918409080528565,9.184090805285649e-07
2024-05-21,123198,sell,rebalance_resize,99.63,3.9380950494419146e-05,0.003923524097758979,3.923524097758979e-06
2024-05-21,110063,sell,rebalance_resize,103.141,7.665033538397722e-06,0.0007905792241838795,7.905792241838795e-07
2024-05-21,128081,sell,rebalance_resize,115.882,7.924205444704369e-06,0.0009182727753432317,9.182727753432317e-07
2024-05-21,123107,sell,rebalance_resize,131.59,1.543240427883271e-05,0.0020307500790515964,2.0307500790515966e-06
2024-05-21,113033,buy,rebalance,111.65,3.0641337451284025e-05,0.0034211053264358612,3.4211053264358613e-06
2024-05-21,113044,buy,rebalance,119.69,3.977755248412423e-06,0.0004760975256824829,4.760975256824829e-07
2024-05-21,127075,buy,rebalance,123.21,2.6074810648982404e-05,0.003212677420061122,3.212677420061122e-06
2024-05-21,110079,buy,rebalance,121.2,2.301642088566127e-06,0.0002789590211342146,2.789590211342146e-07
2024-05-21,123207,buy,rebalance,111.1,5.102730857845572e-05,0.00566913398306643,5.66913398306643e-06
2024-05-21,111015,buy,rebalance,129.021,4.0382459971948924e-05,0.005210185368040822,5.210185368040822e-06
2024-05-21,113055,buy,rebalance,125.998,7.503539876696151e-06,0.0009454310173839616,9.454310173839617e-07
2024-05-21,127032,buy,rebalance,124.35,0.0011988083920456201,0.14907182355087287,0.00014907182355087287
2024-05-21,113068,buy,rebalance,119.011,0.0012525886140850246,0.14907182355087287,0.00014907182355087287
2024-05-21,123107,buy,rebalance,131.59,2.107015877741602e-19,2.772622193520174e-17,2.772622193520174e-20
2024-05-21,127055,buy,rebalance,118.599,4.115472839469949e-06,0.0004880909632882965,4.880909632882965e-07
2024-05-21,113631,buy,rebalance,130.055,0.0011462213951856741,0.14907182355087287,0.00014907182355087287
2024-05-31,128081,sell,rebalance,112.6,0.0012877724367041604,0.14500317637288845,0.00014500317637288846
2024-05-31,123207,sell,rebalance,111.5,0.001343147107222924,0.14976090245535603,0.00014976090245535603
2024-05-31,127055,sell,rebalance,113.6,0.001258266332511184,0.1429390553732705,0.0001429390553732705
2024-05-31,123198,sell,rebalance,95.84,0.0014978384573938726,0.14355283775662875,0.00014355283775662874
2024-05-31,113044,sell,rebalance_resize,119.809,2.41440052102664e-05,0.002892669120236807,2.892669120236807e-06
2024-05-31,127075,sell,rebalance_resize,121.22,2.732282181095472e-06,0.00033120724599239315,3.3120724599239314e-07
2024-05-31,113050,sell,rebalance_resize,121.048,4.0738695330655184e-05,0.004931337592385149,4.931337592385149e-06
2024-05-31,110079,sell,rebalance_resize,120.362,1.4229646286230928e-05,0.001712708686303327,1.712708686303327e-06
2024-05-31,127049,sell,rebalance_resize,112.1,1.78682182923377e-05,0.002003027270571056,2.0030272705710562e-06
2024-05-31,113055,sell,rebalance_resize,125.7,1.9020367512488592e-05,0.002390860196319816,2.3908601963198162e-06
2024-05-31,113062,sell,rebalance_resize,121.5,2.195445332166377e-05,0.002667466078582148,2.6674660785821482e-06
2024-05-31,123107,sell,rebalance_resize,129.188,1.6113030836927489e-07,2.0816102277609883e-05,2.0816102277609882e-08
2024-05-31,127032,sell,rebalance_resize,124.999,2.6920287355449673e-05,0.0033650089991438537,3.365008999143854e-06
2024-05-31,127015,sell,rebalance_resize,113.344,1.964418188302458e-05,0.002226550151349538,2.226550151349538e-06
2024-05-31,113631,sell,rebalance_resize,128.3,4.484519128257243e-06,0.0005753638041554043,5.753638041554043e-07
2024-05-31,110072,buy,rebalance,96.26,0.0015201838761704895,0.14633289992017132,0.0001463328999201713
2024-05-31,113033,buy,rebalance,108.31,1.5890628660970065e-05,0.0017211139902696677,1.7211139902696678e-06
2024-05-31,110092,buy,rebalance,82.1,0.0017823739332542183,0.14633289992017132,0.0001463328999201713
2024-05-31,111015,buy,rebalance,119.662,6.749704682800238e-05,0.00807683161753242,8.076831617532421e-06
2024-05-31,128087,buy,rebalance,121.25,1.902181007302329e-05,0.0023063944713540736,2.3063944713540738e-06
2024-05-31,113068,buy,rebalance,114.0,3.233256152287825e-05,0.0036859120136081207,3.685912013608121e-06
2024-05-31,110063,buy,rebalance,99.83,2.047077026982333e-05,0.002043596996036463,2.043596996036463e-06
2024-05-31,123225,buy,rebalance,126.5,0.0011567818175507614,0.14633289992017132,0.0001463328999201713
2024-05-31,123201,buy,rebalance,124.518,0.001175194750318599,0.14633289992017132,0.0001463328999201713
2024-06-12,113068,sell,rebalance,114.317,0.0012849211756079029,0.14688833403196863,0.00014688833403196864
2024-06-12,113631,sell,rebalance,128.0,0.001141736876057417,0.14614232013534936,0.00014614232013534937
2024-06-12,123225,sell,rebalance,122.2,0.0011567818175507614,0.14135873810470304,0.00014135873810470305
2024-06-12,123201,sell,rebalance,135.5,0.001175194750318599,0.15923888866817015,0.00015923888866817016
2024-06-12,113044,sell,rebalance_resize,119.66,3.371390127963273e-05,0.004034205427120852,4.034205427120852e-06
2024-06-12,127049,sell,rebalance_resize,110.78,2.249045249464417e-05,0.0024914923273566814,2.4914923273566813e-06
2024-06-12,113050,sell,rebalance_resize,119.81,2.2687833330843073e-05,0.0027182293113683087,2.7182293113683088e-06
2024-06-12,127015,sell,rebalance_resize,111.47,1.609795235008941e-05,0.0017944387484644664,1.7944387484644664e-06
2024-06-12,111015,sell,rebalance_resize,117.46,1.2877228507074738e-05,0.0015125592604409988,1.5125592604409988e-06
2024-06-12,110079,sell,rebalance_resize,119.461,2.611590093061907e-05,0.0031198316410726845,3.1198316410726844e-06
2024-06-12,123107,sell,rebalance_resize,129.0,3.103263269677069e-05,0.004003209617883419,4.003209617883419e-06
2024-06-12,113062,sell,rebalance_resize,120.45,2.4495328794081237e-05,0.0029504623532470853,2.9504623532470855e-06
2024-06-12,127032,sell,rebalance_resize,124.013,2.468208222321456e-05,0.0030608990627475074,3.0608990627475074e-06
2024-06-12,113055,sell,rebalance_resize,126.2,3.8027393906917555e-05,0.004799057111052996,4.799057111052996e-06
2024-06-12,110072,buy,rebalance,85.8,0.00013781213172674536,0.011824280902154751,1.1824280902154751e-05
2024-06-12,110092,buy,rebalance,70.0,0.0002497706498436697,0.01748394548905688,1.7483945489056878e-05
2024-06-12,113033,buy,rebalance,103.306,2.4687373057142455e-05,0.0025503537610411585,2.5503537610411587e-06
2024-06-12,110063,buy,rebalance,84.1,0.00022410156035213688,0.01884694122561471,1.884694122561471e-05
2024-06-12,128087,buy,rebalance,117.498,2.7105238661683915e-06,0.0003184811332270537,3.184811332270537e-07
2024-06-12,127075,buy,rebalance,114.944,2.9267670637846105e-05,0.0033641431337965827,3.364143133796583e-06
2024-06-12,127049,buy,rebalance,110.78,2.502842763080812e-19,2.7726492129409235e-17,2.7726492129409234e-20
2024-06-12,127032,buy,rebalance,124.013,2.235773034231027e-19,2.7726492129409235e-17,2.7726492129409234e-20
2024-06-12,123049,buy,rebalance,84.2,0.0016878786870629648,0.14211938545070163,0.00014211938545070164
2024-06-12,123191,buy,rebalance,126.49,0.0011235622219203229,0.14211938545070163,0.00014211938545070164
2024-06-12,123203,buy,rebalance,126.812,0.0011207092818558309,0.14211938545070163,0.00014211938545070164
2024-06-12,123198,buy,rebalance,90.974,0.0015621978307065933,0.14211938545070163,0.00014211938545070164
2024-06-21,110079,sell,rebalance,120.459,0.0011909197182695156,0.14345699834302758,0.00014345699834302758
2024-06-21,113055,sell,rebalance,125.1,0.0011273253602551078,0.141028402567914,0.000141028402567914
2024-06-21,113062,sell,rebalance,120.763,0.0011811412242772488,0.1426381576673934,0.0001426381576673934
2024-06-21,123107,sell,rebalance,126.172,0.0011028562826681753,0.139149582896809,0.000139149582896809
2024-06-21,127032,sell,rebalance,123.85,0.001147206022466956,0.1420814658825325,0.00014208146588253251
2024-06-21,123191,sell,rebalance,119.59,0.0011235622219203229,0.13436680611945143,0.00013436680611945143
2024-06-21,123203,sell,rebalance,132.897,0.0011207092818558309,0.14893890143079436,0.00014893890143079436
2024-06-21,113033,sell,rebalance_resize,101.098,2.32873571800246e-05,0.002354305236186127,2.3543052361861274e-06
2024-06-21,128087,sell,rebalance_resize,114.356,1.3929957745824629e-05,0.0015929742479815212,1.5929742479815211e-06
2024-06-21,113044,sell,rebalance_resize,119.7,4.5490734148980886e-05,0.005445240877633012,5.445240877633012e-06
2024-06-21,127075,sell,rebalance_resize,112.1,1.67187049417087e-05,0.0018741668239655451,1.8741668239655452e-06
2024-06-21,111015,sell,rebalance_resize,119.76,6.833217351201343e-05,0.008183461099798728,8.183461099798728e-06
2024-06-21,113050,sell,rebalance_resize,122.411,6.932581557355648e-05,0.008486242410174621,8.486242410174622e-06
2024-06-21,110072,buy,rebalance,66.395,0.0004030519990313965,0.026760637475689568,2.676063747568957e-05
2024-06-21,110092,buy,rebalance,60.01,0.0002483996891043223,0.014906465343150379,1.4906465343150379e-05
2024-06-21,123156,buy,rebalance,66.665,0.0020510057163818755,0.13673029608259774,0.00013673029608259773
2024-06-21,110063,buy,rebalance,80.1,1.730779594052119e-05,0.0013863544548357472,1.3863544548357472e-06
2024-06-21,113629,buy,rebalance,99.746,0.001370784754101395,0.13673029608259774,0.00013673029608259773
2024-06-21,123198,buy,rebalance,81.999,0.00010686854388815041,0.008763113730284445,8.763113730284446e-06
2024-06-21,123056,buy,rebalance,83.396,0.0016395306259604505,0.13673029608259774,0.00013673029608259773
2024-06-21,128119,buy,rebalance,89.948,0.0015201037942210805,0.13673029608259774,0.00013673029608259773
2024-06-21,123049,buy,rebalance,77.749,7.246534939146928e-05,0.005634108449837345,5.634108449837345e-06
2024-06-21,127049,buy,rebalance,104.499,2.5511336167782142e-05,0.002665909118197066,2.665909118197066e-06
2024-06-21,127075,buy,rebalance,112.1,2.473424435367063e-19,2.7727087920464773e-17,2.7727087920464775e-20
2024-06-21,118016,buy,rebalance,78.603,0.001739504803666498,0.13673029608259774,0.00013673029608259773
2024-06-21,113628,buy,rebalance,112.744,0.001212750089429129,0.13673029608259774,0.00013673029608259773
2024-06-21,127015,buy,rebalance,106.33,1.092140747953715e-05,0.0011612732572991852,1.1612732572991852e-06
2024-06-21,123147,buy,rebalance,115.172,0.0011871834828135115,0.13673029608259774,0.00013673029608259773
2024-06-24,110072,sell,risk_exit_next_open,46.034,0.0020610480069286315,0.09487828395095262,9.487828395095262e-05
2024-07-11,113050,sell,rebalance,124.399,0.0011181248184652934,0.13909360929226405,0.00013909360929226407
2024-07-11,111015,sell,rebalance,114.73,0.0011428755607310874,0.13112211308267765,0.00013112211308267764
2024-07-11,123198,sell,rebalance,88.2,0.0016690663745947438,0.14721165423925642,0.00014721165423925642
2024-07-11,123056,sell,rebalance,87.5,0.0016395306259604505,0.14345892977153943,0.00014345892977153944
2024-07-11,118016,sell,rebalance,79.3,0.001739504803666498,0.1379427309307533,0.0001379427309307533
2024-07-11,113628,sell,rebalance,107.9,0.001212750089429129,0.13085573464940303,0.00013085573464940303
2024-07-11,123147,sell,rebalance,112.012,0.0011871834828135115,0.13297879627690704,0.00013297879627690703
2024-07-11,110092,sell,rebalance_resize,59.878,1.1781153398627522e-05,0.0007054319032030187,7.054319032030187e-07
2024-07-11,113033,sell,rebalance_resize,106.33,7.62257453588865e-05,0.008105083504010402,8.105083504010402e-06
2024-07-11,123156,sell,rebalance_resize,68.9,7.932214558766781e-05,0.005465295830990313,5.465295830990313e-06
2024-07-11,123049,sell,rebalance_resize,80.3,6.857569239813344e-05,0.0055066280995701156,5.506628099570115e-06
2024-07-11,110063,sell,rebalance_resize,88.383,0.000171682038167054,0.015173773579318733,1.5173773579318733e-05
2024-07-11,127049,sell,rebalance_resize,105.11,1.7308534869338684e-05,0.001819300100116189,1.819300100116189e-06
2024-07-11,128087,sell,rebalance_resize,117.412,3.985499128126852e-05,0.004679454236316299,4.679454236316299e-06
2024-07-11,113044,sell,rebalance_resize,120.4,1.5134493579024531e-05,0.0018221930269145536,1.8221930269145538e-06
2024-07-11,128119,sell,rebalance_resize,92.654,5.3906997237453844e-05,0.004994698922039048,4.994698922039048e-06
2024-07-11,127015,sell,rebalance_resize,107.6,2.4677966564840252e-05,0.002655349202376811,2.6553492023768113e-06
2024-07-11,127061,buy,rebalance,90.001,0.0015078394542840684,0.13570705872502045,0.00013570705872502045
2024-07-11,123156,buy,rebalance,68.9,4.0241764467203604e-19,2.7726575717903286e-17,2.772657571790329e-20
2024-07-11,127075,buy,rebalance,95.038,0.0002082295353393668,0.01978971857958274,1.9789718579582742e-05
2024-07-11,113629,buy,rebalance,96.552,3.6180863019770443e-05,0.003493334686284876,3.493334686284876e-06
2024-07-11,127019,buy,rebalance,96.0,0.0014136151950522964,0.13570705872502045,0.00013570705872502045
2024-07-11,123146,buy,rebalance,91.441,0.0014840942107481375,0.13570705872502045,0.00013570705872502045
2024-07-11,123224,buy,rebalance,106.1,0.001279048621347978,0.13570705872502045,0.00013570705872502045
2024-07-11,123202,buy,rebalance,107.566,0.0012616166699981448,0.13570705872502045,0.00013570705872502045
2024-07-11,123213,buy,rebalance,116.748,0.001162393006518488,0.13570705872502045,0.00013570705872502045
2024-07-11,127055,buy,rebalance,106.611,0.0012729179796176797,0.13570705872502045,0.00013570705872502045
2024-07-11,127103,buy,rebalance,91.054,0.0014904019452744574,0.13570705872502045,0.00013570705872502045
2024-07-23,127015,sell,rebalance,106.915,0.0012625371563914586,0.1349841600755928,0.0001349841600755928
2024-07-23,123049,sell,rebalance,81.001,0.0016917683440563008,0.13703492763690442,0.00013703492763690443
2024-07-23,128119,sell,rebalance,95.11,0.0014661967969836266,0.13944997736111273,0.00013944997736111274
2024-07-23,123224,sell,rebalance,105.388,0.001279048621347978,0.1347963761066207,0.00013479637610662072
2024-07-23,123202,sell,rebalance,103.316,0.0012616166699981448,0.13034518787752833,0.00013034518787752834
2024-07-23,123213,sell,rebalance,118.168,0.001162393006518488,0.1373576567942767,0.0001373576567942767
2024-07-23,127061,sell,rebalance_resize,90.6,2.037285709965791e-05,0.0018457808532290065,1.8457808532290067e-06
2024-07-23,113629,sell,rebalance_resize,96.3,7.542214162623649e-06,0.0007263152238606574,7.263152238606574e-07
2024-07-23,123156,sell,rebalance_resize,71.8,9.474104008518866e-05,0.006802406678116546,6.802406678116546e-06
2024-07-23,127055,sell,rebalance_resize,109.15,3.824575144628654e-05,0.004174523770362176,4.174523770362176e-06
2024-07-23,113044,sell,rebalance_resize,120.266,7.760549575449231e-06,0.0009333302552409772,9.333302552409773e-07
2024-07-23,127049,sell,rebalance_resize,105.05,9.58569789055302e-06,0.0010069775634025946,1.0069775634025946e-06
2024-07-23,110092,buy,rebalance,57.0,9.542868852706427e-05,0.005439435246042663,5.4394352460426635e-06
2024-07-23,113033,buy,rebalance,103.376,2.5990742282857484e-05,0.0026868189742326755,2.6868189742326756e-06
2024-07-23,113629,buy,rebalance,96.3,2.8792660597992e-19,2.7727332155866295e-17,2.7727332155866297e-20
2024-07-23,127019,buy,rebalance,93.996,2.0089964503592198e-05,0.0018883763034796522,1.8883763034796522e-06
2024-07-23,123207,buy,rebalance,95.002,0.0014171000648155172,0.13462734035760376,0.00013462734035760377
2024-07-23,123056,buy,rebalance,80.429,0.0016738656499223385,0.13462734035760376,0.00013462734035760377
2024-07-23,127075,buy,rebalance,92.39,2.941797837520027e-05,0.002717927022084753,2.717927022084753e-06
2024-07-23,127103,buy,rebalance,87.84,4.3757418409647195e-05,0.0038436516331034096,3.8436516331034095e-06
2024-07-23,123146,buy,rebalance,88.168,4.43570418006666e-05,0.0039108716614811734,3.910871661481174e-06
2024-07-23,127055,buy,rebalance,109.15,2.540296120555776e-19,2.7727332155866295e-17,2.7727332155866297e-20
2024-07-23,128144,buy,rebalance,97.13,0.0013860531283599689,0.13462734035760376,0.00013462734035760377
2024-07-23,113602,buy,rebalance,122.5,0.0010989986967967654,0.13462734035760376,0.00013462734035760377
2024-07-23,128087,buy,rebalance,115.758,7.1559338139346315e-06,0.000828356586433445,8.28356586433445e-07
2024-07-23,113058,buy,rebalance,112.1,0.0012009575411026207,0.13462734035760376,0.00013462734035760377
2024-07-23,111015,buy,rebalance,110.36,0.0012198925367669787,0.13462734035760376,0.00013462734035760377
2024-07-23,110063,buy,rebalance,85.7,3.542923251838398e-05,0.003036285226825507,3.036285226825507e-06
2024-07-26,113602,sell,risk_exit_next_open,111.19,0.0010989986967967654,0.12219766509683234,0.00012219766509683234
2024-07-31,128087,sell,rebalance,116.0,0.0011641841594443722,0.13504536249554716,0.00013504536249554718
2024-07-31,127075,sell,rebalance,96.0,0.001458617871905067,0.14002731570288643,0.00014002731570288642
2024-07-31,127055,sell,rebalance,105.48,0.0012346722281713933,0.13023322662751857,0.0001302332266275186
2024-07-31,111015,sell,rebalance,108.8,0.0012198925367669787,0.1327243080002473,0.0001327243080002473
2024-07-31,110092,sell,rebalance_resize,58.155,6.877022606740088e-05,0.003999332496949698,3.999332496949698e-06
2024-07-31,113033,sell,rebalance_resize,103.7,1.633426874614142e-05,0.0016938636689748652,1.6938636689748652e-06
2024-07-31,123207,sell,rebalance_resize,94.3,1.5089507289416203e-06,0.0001422940537391948,1.422940537391948e-07
2024-07-31,123056,sell,rebalance_resize,82.599,5.7741458850242377e-05,0.00476938675957117,4.769386759571171e-06
2024-07-31,123146,sell,rebalance_resize,88.301,1.6687602552042026e-05,0.001473531992947863,1.473531992947863e-06
2024-07-31,113629,sell,rebalance_resize,100.99,7.760696510960567e-05,0.007837527406419076,7.837527406419076e-06
2024-07-31,113044,sell,rebalance_resize,120.449,1.228148773723166e-05,0.0014792929164618163,1.4792929164618162e-06
2024-07-31,128144,sell,rebalance_resize,97.301,1.4122294572401864e-05,0.0013741133841892739,1.374113384189274e-06
2024-07-31,113058,sell,rebalance_resize,113.423,2.403361863218636e-05,0.0027259651261184736,2.725965126118474e-06
2024-07-31,127061,buy,rebalance,85.38,7.593837933057822e-05,0.006483618827244768,6.483618827244769e-06
2024-07-31,127103,buy,rebalance,86.101,1.621512566251832e-05,0.00139613853466849,1.39613853466849e-06
2024-07-31,123156,buy,rebalance,69.6,4.097821241626661e-05,0.0028520835841721556,2.8520835841721556e-06
2024-07-31,127049,buy,rebalance,100.125,5.032338528710947e-05,0.0050386289518718355,5.038628951871836e-06
2024-07-31,113668,buy,rebalance,108.511,0.0012289253823338149,0.13335192216242459,0.00013335192216242458
2024-07-31,127019,buy,rebalance,93.033,1.1634331835934905e-06,0.00010823767936925321,1.0823767936925321e-07
2024-07-31,113629,buy,rebalance,100.99,2.745501123684091e-19,2.7726815848085636e-17,2.7726815848085636e-20
2024-07-31,128119,buy,rebalance,95.62,0.0013946028253757016,0.13335192216242459,0.00013335192216242458
2024-07-31,127081,buy,rebalance,113.2,0.0011780205138023374,0.13335192216242459,0.00013335192216242458
2024-07-31,110063,buy,rebalance,83.8,2.04629002839156e-05,0.0017147910437921273,1.7147910437921273e-06
2024-07-31,128144,buy,rebalance,97.301,2.849592074910395e-19,2.7726815848085636e-17,2.7726815848085636e-20
2024-07-31,123049,buy,rebalance,83.28,0.0016012478645824277,0.13335192216242459,0.00013335192216242458
2024-07-31,123213,buy,rebalance,116.639,0.00114328759816549,0.13335192216242459,0.00013335192216242458
2024-08-13,113044,sell,rebalance,118.83,0.0011082718997946356,0.13169594985259656,0.00013169594985259657
2024-08-13,128119,sell,rebalance,98.55,0.0013946028253757016,0.1374381084407754,0.00013743810844077538
2024-08-13,127081,sell,rebalance,112.327,0.0011780205138023374,0.13232351025387515,0.00013232351025387515
2024-08-13,123213,sell,rebalance,118.243,0.00114328759816549,0.13518575546988204,0.00013518575546988203
2024-08-13,123156,sell,rebalance_resize,76.0,0.00013712053820221203,0.010421160903368115,1.0421160903368116e-05
2024-08-13,127061,sell,rebalance_resize,88.81,3.946830751202033e-05,0.003505180390142526,3.505180390142526e-06
2024-08-13,123056,sell,rebalance_resize,84.79,1.9935777648890613e-05,0.0016903545868494352,1.6903545868494353e-06
2024-08-13,123146,sell,rebalance_resize,89.615,1.516307764394615e-06,0.00013588392030622343,1.3588392030622343e-07
2024-08-13,113629,sell,rebalance_resize,104.101,2.1725030714003836e-05,0.0022615974223585134,2.2615974223585133e-06
2024-08-13,127049,sell,rebalance_resize,102.2,8.909552583897511e-06,0.0009105562740743256,9.105562740743257e-07
2024-08-13,113668,sell,rebalance_resize,111.75,1.7821887263088895e-05,0.001991595901650184,1.9915959016501837e-06
2024-08-13,110092,buy,rebalance,57.54,5.663671208546091e-05,0.0032588764133974204,3.2588764133974204e-06
2024-08-13,127075,buy,rebalance,96.5,0.0014010417923889286,0.1352005329655316,0.0001352005329655316
2024-08-13,113033,buy,rebalance,104.23,1.119742573310689e-05,0.001167107684161731,1.1671076841617311e-06
2024-08-13,123207,buy,rebalance,94.008,2.405730927875707e-05,0.0022615795306773945,2.2615795306773944e-06
2024-08-13,127103,buy,rebalance,86.7,1.0638872959995769e-05,0.0009223902856316332,9.223902856316332e-07
2024-08-13,123146,buy,rebalance,89.615,3.0939916957467396e-19,2.7726806581434404e-17,2.772680658143441e-20
2024-08-13,113600,buy,rebalance,107.998,0.0012518799696802868,0.1352005329655316,0.0001352005329655316
2024-08-13,111019,buy,rebalance,104.705,0.0012912519265128848,0.1352005329655316,0.0001352005329655316
2024-08-13,113647,buy,rebalance,88.001,0.0015363522342420155,0.1352005329655316,0.0001352005329655316
2024-08-13,127019,buy,rebalance,94.233,1.3658689260484334e-06,0.00012870992650832204,1.2870992650832204e-07
2024-08-13,128144,buy,rebalance,96.7,2.763527574998536e-05,0.0026723311650235847,2.672331165023585e-06
2024-08-13,113058,buy,rebalance,112.19,2.9399219480038603e-05,0.0032982984334655307,3.2982984334655305e-06
2024-08-13,123049,buy,rebalance,84.03,9.367378133284008e-06,0.0007871407845398551,7.871407845398552e-07
2024-08-13,110063,buy,rebalance,84.242,1.3616509921612132e-05,0.0011470820288164492,1.1470820288164492e-06
2024-08-21,110063,sell,rebalance,86.298,0.0016065576004162384,0.13864270780072055,0.00013864270780072056
2024-08-21,127019,sell,rebalance,94.0,0.0014362344616655307,0.1350060393965599,0.0001350060393965599
2024-08-21,128144,sell,rebalance,94.655,0.0013995661095375525,0.13247593009827704,0.00013247593009827705
2024-08-21,123049,sell,rebalance,84.438,0.0016106152427157116,0.13599712986442927,0.00013599712986442927
2024-08-21,123056,sell,rebalance_resize,89.46,0.0001271053105825137,0.011370841084711675,1.1370841084711675e-05
2024-08-21,113033,sell,rebalance_resize,101.891,8.620066238514413e-06,0.0008783071691084721,8.783071691084721e-07
2024-08-21,123207,sell,rebalance_resize,93.53,3.4493132227427395e-05,0.003226142657231284,3.226142657231284e-06
2024-08-21,113629,sell,rebalance_resize,101.899,1.0342004489879399e-05,0.0010538399155142208,1.0538399155142208e-06
2024-08-21,123146,sell,rebalance_resize,88.0,1.6790815185455553e-05,0.0014775917363200886,1.4775917363200886e-06
2024-08-21,111019,sell,rebalance_resize,103.85,2.5732673935819095e-05,0.002672338188234813,2.672338188234813e-06
2024-08-21,127103,buy,rebalance,78.002,0.00012374046062126864,0.009652003409380196,9.652003409380197e-06
2024-08-21,110092,buy,rebalance,54.9,4.1781347714448196e-05,0.002293795989523206,2.293795989523206e-06
2024-08-21,123156,buy,rebalance,71.6,5.467627135859453e-05,0.003914821029275368,3.914821029275368e-06
2024-08-21,127061,buy,rebalance,84.241,3.612339066305804e-05,0.0030430705528466722,3.043070552846672e-06
2024-08-21,127075,buy,rebalance,92.488,1.992378104394211e-05,0.0018427106611921178,1.8427106611921178e-06
2024-08-21,123168,buy,rebalance,88.0,0.0014919097942708752,0.13128806189583703,0.00013128806189583703
2024-08-21,113058,buy,rebalance,105.766,3.623307961350333e-05,0.003832227898401793,3.832227898401793e-06
2024-08-21,123099,buy,rebalance,78.8,0.001666092156038541,0.13128806189583703,0.00013128806189583703
2024-08-21,127049,buy,rebalance,97.4,2.502410362830991e-05,0.0024373476933973854,2.4373476933973856e-06
2024-08-21,113647,buy,rebalance,83.45,3.849311135318599e-05,0.0032122501424233707,3.2122501424233707e-06
2024-08-21,111015,buy,rebalance,103.243,0.0012716412918632454,0.13128806189583703,0.00013128806189583703
2024-08-21,113600,buy,rebalance,102.2,3.403556968739821e-05,0.0034784352220520974,3.4784352220520973e-06
2024-08-21,113668,buy,rebalance,105.305,3.6891820720260534e-05,0.003884893180947036,3.884893180947036e-06
2024-08-21,127105,buy,rebalance,86.884,0.0015110729466396233,0.13128806189583703,0.00013128806189583703
2024-09-02,113647,sell,rebalance,92.7,0.0015748453455952014,0.14598816353667518,0.0001459881635366752
2024-09-02,123168,sell,rebalance,94.65,0.0014919097942708752,0.14120926202773834,0.00014120926202773834
2024-09-02,123099,sell,rebalance,78.4,0.001666092156038541,0.13062162503342162,0.00013062162503342162
2024-09-02,127105,sell,rebalance,91.323,0.0015110729466396233,0.1379957147059703,0.0001379957147059703
2024-09-02,127103,sell,rebalance_resize,80.4,1.7481522508944577e-06,0.0001405514409719144,1.405514409719144e-07
2024-09-02,123156,sell,rebalance_resize,74.599,2.159618401997312e-05,0.0016110537317059748,1.6110537317059747e-06
2024-09-02,127075,sell,rebalance_resize,97.28,2.999460383552045e-05,0.0029178750611194293,2.9178750611194292e-06
2024-09-02,113058,sell,rebalance_resize,110.279,1.554422542300454e-05,0.0017142016354235179,1.7142016354235179e-06
2024-09-02,113668,sell,rebalance_resize,116.2,8.350602213840286e-05,0.009703399772482413,9.703399772482413e-06
2024-09-02,113600,sell,rebalance_resize,107.745,3.0046070506668558e-05,0.003237313866741004,3.237313866741004e-06
2024-09-02,110092,buy,rebalance,55.49,4.4637482709201915e-05,0.0024769339155336144,2.4769339155336145e-06
2024-09-02,127061,buy,rebalance,84.22,4.656072588447685e-05,0.00392134433399064,3.9213443339906404e-06
2024-09-02,113033,buy,rebalance,104.01,1.1105605184194834e-05,0.0011550939952081048,1.1550939952081049e-06
2024-09-02,127049,buy,rebalance,94.08,8.889279319151922e-05,0.008363033983458128,8.363033983458128e-06
2024-09-02,123056,buy,rebalance,87.07,8.490810052855858e-05,0.007392948313021595,7.3929483130215945e-06
2024-09-02,123207,buy,rebalance,94.4,2.8222907839498175e-05,0.0026642425000486278,2.664242500048628e-06
2024-09-02,113629,buy,rebalance,104.1,1.0083171088974749e-05,0.0010496581103622714,1.0496581103622713e-06
2024-09-02,111019,buy,rebalance,106.0,1.1013287150391496e-05,0.0011674084379414986,1.1674084379414986e-06
2024-09-02,113068,buy,rebalance,99.87,0.0013534988597221605,0.13517393112045217,0.00013517393112045219
2024-09-02,123146,buy,rebalance,88.801,3.0297427323822986e-05,0.002690441843782805,2.690441843782805e-06
2024-09-02,123202,buy,rebalance,113.339,0.0011926515243689479,0.13517393112045217,0.00013517393112045219
2024-09-02,127019,buy,rebalance,95.4,0.0014169175169858718,0.13517393112045217,0.00013517393112045219
2024-09-02,111015,buy,rebalance,104.509,2.3090850593358532e-05,0.002413201704661307,2.413201704661307e-06
2024-09-02,110079,buy,rebalance,114.4,0.0011815903069969595,0.13517393112045217,0.00013517393112045219
2024-09-11,123156,sell,rebalance,78.8,0.0018138802922616952,0.1429337670302216,0.0001429337670302216
2024-09-11,123146,sell,rebalance,90.645,0.0015237539543707349,0.13812067719393525,0.00013812067719393524
2024-09-11,127103,sell,rebalance,85.55,0.001683005670676993,0.14398113512641675,0.00014398113512641676
2024-09-11,113068,sell,rebalance,98.666,0.0013534988597221605,0.1335443184933467,0.0001335443184933467
2024-09-11,123202,sell,rebalance,108.5,0.0011926515243689479,0.12940269039403085,0.00012940269039403085
2024-09-11,127019,sell,rebalance,94.798,0.0014169175169858718,0.13432094677522669,0.0001343209467752267
2024-09-11,110079,sell,rebalance,111.6,0.0011815903069969595,0.13186547826086067,0.00013186547826086068
2024-09-11,127061,sell,rebalance_resize,84.261,5.097408156798618e-06,0.00042951270870000835,4.2951270870000837e-07
2024-09-11,123056,sell,rebalance_resize,88.595,3.081313121426517e-05,0.002729889359927823,2.729889359927823e-06
2024-09-11,113033,sell,rebalance_resize,104.176,5.591109073727286e-06,0.0005824593788646137,5.824593788646137e-07
2024-09-11,123207,sell,rebalance_resize,95.1,1.4388069612829939e-05,0.001368305420180127,1.3683054201801271e-06
2024-09-11,113600,sell,rebalance_resize,113.21,6.38726372863241e-05,0.007231021267184751,7.231021267184751e-06
2024-09-11,110092,buy,rebalance,53.503,8.365113919098732e-05,0.004475586900135395,4.475586900135395e-06
2024-09-11,118026,buy,rebalance,91.5,0.0014733270718356151,0.1348094270729588,0.0001348094270729588
2024-09-11,123247,buy,rebalance,90.29,0.0014930715148184603,0.1348094270729588,0.0001348094270729588
2024-09-11,123198,buy,rebalance,98.8,0.001364467885353834,0.1348094270729588,0.0001348094270729588
2024-09-11,127075,buy,rebalance,93.501,5.2233006601353896e-05,0.004883838350233191,4.883838350233191e-06
2024-09-11,127049,buy,rebalance,92.9,1.4388176672912448e-05,0.0013366616129135665,1.3366616129135665e-06
2024-09-11,113058,buy,rebalance,108.9,1.2148897894278183e-05,0.0013230149806868943,1.3230149806868944e-06
2024-09-11,113629,buy,rebalance,103.668,1.8783118854759149e-06,0.00019472083654351716,1.9472083654351717e-07
2024-09-11,128087,buy,rebalance,112.34,0.001200012703159683,0.1348094270729588,0.0001348094270729588
2024-09-11,110063,buy,rebalance,83.35,0.0016173896469461164,0.1348094270729588,0.0001348094270729588
2024-09-11,113050,buy,rebalance,117.699,0.001145374447301666,0.1348094270729588,0.0001348094270729588
2024-09-11,111019,buy,rebalance,104.646,1.3001540274465255e-05,0.0013605591835616911,1.3605591835616913e-06
2024-09-11,113668,buy,rebalance,114.271,1.6423278975601645e-05,0.0018767045118209754,1.8767045118209756e-06
2024-09-11,113600,buy,rebalance,113.21,2.4492088478295703e-19,2.7727493366278566e-17,2.7727493366278566e-20
2024-09-11,111015,buy,rebalance,100.004,5.461817736075841e-05,0.005462036208785284,5.462036208785285e-06
2024-09-11,123172,buy,rebalance,90.2,0.0014945612757534233,0.1348094270729588,0.0001348094270729588
2024-09-23,113050,sell,rebalance,118.78,0.001145374447301666,0.13604757685049187,0.0001360475768504919
2024-09-23,110092,sell,rebalance_resize,54.349,0.00010784347189133766,0.00586118485382231,5.86118485382231e-06
2024-09-23,127061,sell,rebalance_resize,84.391,4.6689756391791106e-05,0.003940195231659643,3.940195231659643e-06
2024-09-23,113033,sell,rebalance_resize,103.194,2.3838097193253243e-05,0.0024599486017605754,2.4599486017605754e-06
2024-09-23,123207,sell,rebalance_resize,95.0,3.779050715433648e-05,0.0035900981796619658,3.590098179661966e-06
2024-09-23,113058,sell,rebalance_resize,108.8,3.315019449506147e-05,0.0036067411610626876,3.6067411610626875e-06
2024-09-23,128087,sell,rebalance_resize,110.99,1.7798412593212852e-05,0.0019754458137206943,1.9754458137206944e-06
2024-09-23,111019,sell,rebalance_resize,101.765,1.5203204857412116e-07,1.547154142314544e-05,1.547154142314544e-08
2024-09-23,118026,buy,rebalance,85.162,6.73536523018051e-05,0.005735971737326327,5.735971737326327e-06
2024-09-23,127061,buy,rebalance,84.391,3.285196208485353e-19,2.7724099323028745e-17,2.7724099323028744e-20
2024-09-23,123247,buy,rebalance,87.205,1.1576360475320338e-05,0.00100951651525031,1.0095165152503102e-06
2024-09-23,127049,buy,rebalance,86.4,6.602597970888897e-05,0.0057046446468480075,5.704644646848008e-06
2024-09-23,123198,buy,rebalance,96.008,2.2278199379735867e-06,0.0002138885366049681,2.138885366049681e-07
2024-09-23,127075,buy,rebalance,90.319,9.56878368491415e-06,0.0008642429736377612,8.642429736377612e-07
2024-09-23,110063,buy,rebalance,79.998,2.2800024026934134e-05,0.001823956322106677,1.823956322106677e-06
2024-09-23,123056,buy,rebalance,86.129,2.801905826364814e-07,2.4132534691897507e-05,2.413253469189751e-08
2024-09-23,111015,buy,rebalance,95.0,3.18131835973173e-05,0.0030222524417451435,3.0222524417451434e-06
2024-09-23,113629,buy,rebalance,99.813,1.2872439025339073e-05,0.0012848367564361688,1.284836756436169e-06
2024-09-23,123216,buy,rebalance,78.5,0.0016696198793117675,0.13106516052597375,0.00013106516052597376
2024-09-23,123172,buy,rebalance,83.545,7.593081735151344e-05,0.006343640135632191,6.343640135632191e-06
2024-09-23,113668,buy,rebalance,110.8,3.325205470497439e-06,0.0003684327661311162,3.684327661311162e-07
2024-09-23,113600,buy,rebalance,109.221,9.354594542636584e-06,0.0010217181705413105,1.0217181705413105e-06
2024-10-08,113058,sell,rebalance,129.0,0.0012060106995401883,0.1555753802406843,0.0001555753802406843
2024-10-08,113668,sell,rebalance,141.2,0.0011842377780986828,0.167214374267534,0.00016721437426753399
2024-10-08,113600,sell,rebalance,138.004,0.001201351426117329,0.16579130220989585,0.00016579130220989585
2024-10-08,111019,sell,rebalance,125.0,0.0012893820479533483,0.16117275599416853,0.00016117275599416853
2024-10-08,111015,sell,rebalance,119.91,0.0013811635034146797,0.16561531569445423,0.00016561531569445423
2024-10-08,128087,sell,rebalance,140.933,0.00118221429056647,0.1666130066124043,0.0001666130066124043
2024-10-08,123172,sell,rebalance,112.0,0.0015704920931049367,0.1758951144277529,0.0001758951144277529
2024-10-08,110092,sell,rebalance_resize,82.0,0.00033404652791775737,0.027391815289256105,2.7391815289256105e-05
2024-10-08,123056,sell,rebalance_resize,114.1,2.8457933389256716e-05,0.003247050199714191,3.247050199714191e-06
2024-10-08,118026,sell,rebalance_resize,130.2,0.00023054602691277747,0.030017092704043624,3.0017092704043624e-05
2024-10-08,123216,sell,rebalance_resize,104.308,3.4275154279665865e-05,0.003575172792603387,3.5751727926033874e-06
2024-10-08,123198,sell,rebalance_resize,129.9,5.353529283108043e-05,0.006954234538757348,6.954234538757348e-06
2024-10-08,123247,buy,rebalance,113.0,4.900369846023594e-06,0.0005537417926006662,5.537417926006662e-07
2024-10-08,127061,buy,rebalance,107.58,3.074026465636407e-05,0.0033070376717316465,3.3070376717316465e-06
2024-10-08,127049,buy,rebalance,110.001,3.2069862332469667e-05,0.0035277169264339957,3.527716926433996e-06
2024-10-08,123049,buy,rebalance,98.999,0.0017212219246221226,0.1703992493156655,0.0001703992493156655
2024-10-08,110063,buy,rebalance,103.66,5.372246574468406e-06,0.0005568870799093949,5.56887079909395e-07
2024-10-08,113033,buy,rebalance,123.33,0.00011146970782228164,0.013747559065721993,1.3747559065721994e-05
2024-10-08,123207,buy,rebalance,122.0,1.6975348260331264e-05,0.0020709924877604143,2.070992487760414e-06
2024-10-08,123156,buy,rebalance,95.0,0.0017936763085859525,0.1703992493156655,0.0001703992493156655
2024-10-08,127075,buy,rebalance,115.601,2.2791897044600655e-05,0.0026347660902528804,2.6347660902528806e-06
2024-10-08,127103,buy,rebalance,106.001,0.0016075249225541786,0.1703992493156655,0.0001703992493156655
2024-10-08,127019,buy,rebalance,115.0,0.0014817326027449173,0.1703992493156655,0.0001703992493156655
2024-10-08,123146,buy,rebalance,108.0,0.0015777708269969026,0.1703992493156655,0.0001703992493156655
2024-10-08,113068,buy,rebalance,118.0,0.0014440614348785212,0.1703992493156655,0.0001703992493156655
2024-10-08,113629,buy,rebalance,124.114,5.973136863542548e-05,0.007413499086817198,7.4134990868171984e-06
2024-10-08,127015,buy,rebalance,115.033,0.0014813075318879409,0.1703992493156655,0.0001703992493156655
2024-10-11,110063,sell,rebalance,99.244,0.001645561917547519,0.16331214694508597,0.00016331214694508597
2024-10-11,123216,sell,rebalance,97.421,0.0016353447250321016,0.15931691845735238,0.00015931691845735239
2024-10-11,123146,sell,rebalance,103.266,0.0015777708269969026,0.16293008222066216,0.00016293008222066215
2024-10-11,127015,sell,rebalance,106.4,0.0014813075318879409,0.15761112139287692,0.00015761112139287692
2024-10-11,113033,sell,rebalance_resize,112.0,1.2690514141338852e-05,0.0014213375838299513,1.4213375838299514e-06
2024-10-11,127049,sell,rebalance_resize,101.502,3.864275396344658e-05,0.003922316812797755,3.922316812797755e-06
2024-10-11,123049,sell,rebalance_resize,93.63,8.206459096139562e-05,0.007683707651715471,7.68370765171547e-06
2024-10-11,123056,sell,rebalance_resize,104.0,1.9285895207462676e-05,0.002005733101576118,2.005733101576118e-06
2024-10-11,113629,sell,rebalance_resize,111.725,6.355601350110771e-07,7.100795608411259e-05,7.100795608411259e-08
2024-10-11,127103,sell,rebalance_resize,95.808,5.630496716525827e-06,0.0005394466294169065,5.394466294169065e-07
2024-10-11,110092,buy,rebalance,66.75,0.00021877822000799878,0.014603446185533919,1.460344618553392e-05
2024-10-11,127061,buy,rebalance,94.6,3.6738408287718866e-05,0.0034754534240182045,3.4754534240182045e-06
2024-10-11,123247,buy,rebalance,100.064,2.4188395168998096e-05,0.002420387574190625,2.4203875741906254e-06
2024-10-11,118026,buy,rebalance,109.573,9.043073977395988e-05,0.009908767449252105,9.908767449252105e-06
2024-10-11,123198,buy,rebalance,111.777,5.9818427028209386e-05,0.00668632431793216,6.6863243179321605e-06
2024-10-11,127019,buy,rebalance,102.97,8.734333041846071e-06,0.0008993742733188899,8.993742733188899e-07
2024-10-11,123156,buy,rebalance,85.2,7.657414611031605e-06,0.0006524117248598927,6.524117248598927e-07
2024-10-11,123207,buy,rebalance,107.728,2.6444298236272137e-05,0.0028487913603971247,2.8487913603971248e-06
2024-10-11,127075,buy,rebalance,103.255,1.0786230872293425e-05,0.0011137322687186577,1.1137322687186577e-06
2024-10-11,113068,buy,rebalance,105.157,1.5400542397006976e-05,0.0016194748368420625,1.6194748368420627e-06
2024-10-11,113058,buy,rebalance,114.4,0.0013401865035187008,0.15331733600253938,0.00015331733600253939
2024-10-11,110079,buy,rebalance,119.499,0.0012830009958454832,0.15331733600253938,0.00015331733600253939
2024-10-11,113044,buy,rebalance,116.9,0.0013115255432210383,0.15331733600253938,0.00015331733600253939
2024-10-11,123149,buy,rebalance,105.741,0.0014499327224306502,0.15331733600253938,0.00015331733600253939
2024-10-22,123056,sell,rebalance,108.888,0.0014757144341409026,0.16068759330473462,0.00016068759330473462
2024-10-22,113058,sell,rebalance,116.001,0.0013401865035187008,0.15546297459467281,0.00015546297459467282
2024-10-22,110079,sell,rebalance,124.3,0.0012830009958454832,0.15947702378359355,0.00015947702378359355
2024-10-22,110092,sell,rebalance_resize,68.5,8.232868398724125e-06,0.0005639514853126026,5.639514853126027e-07
2024-10-22,123207,sell,rebalance_resize,111.06,1.1701227906359134e-05,0.0012995383712802455,1.2995383712802455e-06
2024-10-22,123049,sell,rebalance_resize,95.877,2.490796208559891e-06,0.00023881006808809666,2.3881006808809666e-07
2024-10-22,123149,sell,rebalance_resize,114.996,8.53750194557518e-05,0.009817785737333634,9.817785737333634e-06
2024-10-22,123198,sell,rebalance_resize,117.0,3.179356075986451e-05,0.003719846608904148,3.7198466089041484e-06
2024-10-22,127019,sell,rebalance_resize,108.331,4.1955636054448566e-05,0.004545096009414468,4.545096009414468e-06
2024-10-22,123156,sell,rebalance_resize,89.0,3.820251408123792e-05,0.0034000237532301747,3.4000237532301746e-06
2024-10-22,127061,buy,rebalance,93.111,6.290796268881071e-05,0.005857423313917854,5.8574233139178544e-06
2024-10-22,123247,buy,rebalance,100.15,3.306525281969422e-05,0.003311485069892376,3.3114850698923762e-06
2024-10-22,113033,buy,rebalance,109.477,6.297613951524265e-05,0.00689443882571022,6.89443882571022e-06
2024-10-22,127049,buy,rebalance,101.0,4.157444720185742e-05,0.0041990191673875995,4.1990191673875994e-06
2024-10-22,118026,buy,rebalance,111.98,7.436396431483766e-07,8.327276723975522e-05,8.327276723975523e-08
2024-10-22,127075,buy,rebalance,105.4,2.4385660630675365e-06,0.00025702486304731836,2.5702486304731835e-07
2024-10-22,113629,buy,rebalance,112.45,2.1750978899736573e-05,0.0024458975772753775,2.4458975772753773e-06
2024-10-22,127103,buy,rebalance,97.498,7.55301307216277e-06,0.0007364036685097257,7.364036685097257e-07
2024-10-22,113044,buy,rebalance,118.029,1.794822226177779e-05,0.002118410725335371,2.118410725335371e-06
2024-10-22,113068,buy,rebalance,105.604,2.642638836260357e-05,0.002790732316644387,2.7907323166443872e-06
2024-10-22,113569,buy,rebalance,115.2,0.0013607162632318292,0.15675451352430672,0.00015675451352430673
2024-10-22,123216,buy,rebalance,99.711,0.0015720884709240377,0.15675451352430672,0.00015675451352430673
2024-10-22,123234,buy,rebalance,115.874,0.0013528014353893602,0.15675451352430672,0.00015675451352430673
2024-10-31,123156,sell,rebalance,91.95,0.0017631312091157462,0.16211991467819287,0.00016211991467819287
2024-10-31,127103,sell,rebalance,100.5,0.0016094474389098156,0.16174946761043646,0.00016174946761043647
2024-10-31,123149,sell,rebalance,116.2,0.0013645577029748983,0.15856160508568318,0.00015856160508568318
2024-10-31,113569,sell,rebalance,116.6,0.0013607162632318292,0.1586595162928313,0.00015865951629283128
2024-10-31,123216,sell,rebalance,102.8,0.0015720884709240377,0.16161069481099108,0.00016161069481099107
2024-10-31,123234,sell,rebalance,113.181,0.0013528014353893602,0.15311141925880317,0.00015311141925880318
2024-10-31,127061,sell,rebalance_resize,99.0,6.144976010490484e-05,0.006083526250385579,6.083526250385579e-06
2024-10-31,110092,sell,rebalance_resize,87.0,0.00044304477388466937,0.03854489532796623,3.8544895327966235e-05
2024-10-31,127049,sell,rebalance_resize,103.501,4.499608203894749e-07,4.6571394871131044e-05,4.657139487113105e-08
2024-10-31,123049,sell,rebalance_resize,98.48,4.322110599401127e-06,0.000425641451829023,4.2564145182902303e-07
2024-10-31,127061,buy,rebalance,99.0,2.8006664516904686e-19,2.7726597871735638e-17,2.772659787173564e-20
2024-10-31,123247,buy,rebalance,101.61,1.5243775038002294e-05,0.001548919981611413,1.548919981611413e-06
2024-10-31,113033,buy,rebalance,112.0,2.0126320857053974e-06,0.00022541479359900453,2.2541479359900452e-07
2024-10-31,118026,buy,rebalance,109.9,6.135000021246316e-05,0.006742365023349701,6.742365023349701e-06
2024-10-31,123207,buy,rebalance,108.88,6.344180411212574e-05,0.00690754363172825,6.90754363172825e-06
2024-10-31,123198,buy,rebalance,116.613,3.7295112061583674e-05,0.004349094902837457,4.349094902837457e-06
2024-10-31,113629,buy,rebalance,115.016,2.22770402415083e-06,0.0002562216060417319,2.562216060417319e-07
2024-10-31,113068,buy,rebalance,106.0,3.062000205124505e-05,0.0032457202174319753,3.2457202174319754e-06
2024-10-31,127075,buy,rebalance,107.56,5.7497132116640086e-06,0.0006184391530465808,6.184391530465808e-07
2024-10-31,123056,buy,rebalance,109.732,0.0014634331588554354,0.16058544738752464,0.00016058544738752466
2024-10-31,113044,buy,rebalance,115.939,5.699991841757591e-05,0.0066085135414153335,6.6085135414153335e-06
2024-10-31,127019,buy,rebalance,107.206,5.0915732096374764e-05,0.005458471975123953,5.458471975123953e-06
2024-10-31,118016,buy,rebalance,108.5,0.0014800502063366326,0.16058544738752464,0.00016058544738752466
2024-10-31,123169,buy,rebalance,113.5,0.0014148497567182789,0.16058544738752464,0.00016058544738752466
2024-10-31,113609,buy,rebalance,117.687,0.0013645130506132763,0.16058544738752464,0.00016058544738752466
2024-10-31,127015,buy,rebalance,107.651,0.0014917227651162056,0.16058544738752464,0.00016058544738752466
2024-10-31,113058,buy,rebalance,115.739,0.0013874791331143748,0.16058544738752464,0.00016058544738752466
2024-11-12,118026,sell,rebalance,139.0,0.0014626590768542142,0.20330961168273579,0.00020330961168273578
2024-11-12,118016,sell,rebalance,111.4,0.0014800502063366326,0.16487759298590088,0.00016487759298590087
2024-11-12,123169,sell,rebalance,123.001,0.0014148497567182789,0.17402793492610502,0.00017402793492610503
2024-11-12,113609,sell,rebalance,121.777,0.0013645130506132763,0.16616630576453295,0.00016616630576453295
2024-11-12,113058,sell,rebalance,120.076,0.0013874791331143748,0.16660294438784165,0.00016660294438784165
2024-11-12,127075,sell,rebalance_resize,114.18,1.8333693447863858e-05,0.0020933411178770955,2.0933411178770957e-06
2024-11-12,123049,sell,rebalance_resize,104.102,1.3229126678184706e-05,0.0013771785454523844,1.3771785454523843e-06
2024-11-12,113629,sell,rebalance_resize,123.082,2.82200349250759e-05,0.003473378338648192,3.473378338648192e-06
2024-11-12,113068,sell,rebalance_resize,112.651,2.026651472070145e-05,0.002283043149801739,2.283043149801739e-06
2024-11-12,123198,sell,rebalance_resize,123.9,1.80837727214527e-05,0.0022405794401879897,2.24057944018799e-06
2024-11-12,127047,buy,rebalance,87.88,0.0019160511928562325,0.1683825788282057,0.0001683825788282057
2024-11-12,110092,buy,rebalance,83.03,0.000182103688241721,0.015120069234710095,1.5120069234710095e-05
2024-11-12,127061,buy,rebalance,100.999,4.504338039008082e-05,0.004549336376017773,4.549336376017773e-06
2024-11-12,110095,buy,rebalance,105.601,0.001594516896887394,0.1683825788282057,0.0001683825788282057
2024-11-12,123247,buy,rebalance,105.31,1.847821227852519e-05,0.0019459405350514879,1.945940535051488e-06
2024-11-12,127049,buy,rebalance,106.0,3.692979073801895e-05,0.003914557818230009,3.914557818230009e-06
2024-11-12,113033,buy,rebalance,114.9,3.162803059863815e-05,0.0036340607157835238,3.6340607157835237e-06
2024-11-12,123056,buy,rebalance,113.76,1.8204000829312317e-05,0.002070887134342569,2.0708871343425694e-06
2024-11-12,113044,buy,rebalance,118.241,3.899185567156103e-05,0.004610436006461048,4.610436006461048e-06
2024-11-12,123207,buy,rebalance,113.294,1.1378562851759775e-05,0.0012891228997272718,1.2891228997272718e-06
2024-11-12,127075,buy,rebalance,114.18,2.428401577968101e-19,2.772748921723978e-17,2.772748921723978e-20
2024-11-12,111019,buy,rebalance,120.771,0.0013942302276888135,0.1683825788282057,0.0001683825788282057
2024-11-12,127015,buy,rebalance,109.8,4.33257070026596e-05,0.004757162628892024,4.757162628892024e-06
2024-11-12,113685,buy,rebalance,119.904,0.0014043116061866635,0.1683825788282057,0.0001683825788282057
2024-11-12,123156,buy,rebalance,94.0,0.0017913040300872947,0.1683825788282057,0.0001683825788282057
2024-11-12,113068,buy,rebalance,112.651,2.4613620134077623e-19,2.772748921723978e-17,2.772748921723978e-20
2024-11-12,127019,buy,rebalance,110.998,1.9077769825313228e-05,0.0021175942950701176,2.117594295070118e-06
2024-11-21,113629,sell,rebalance,121.003,0.0013694377811440687,0.16570607983177574,0.00016570607983177574
2024-11-21,127015,sell,rebalance,107.8,0.0015350484721188653,0.16547822529441367,0.00016547822529441368
2024-11-21,123156,sell,rebalance,93.1,0.0017913040300872947,0.16677040520112713,0.00016677040520112713
2024-11-21,123207,sell,rebalance_resize,112.8,1.7986205859430397e-05,0.0020288440209437486,2.028844020943749e-06
2024-11-21,113685,sell,rebalance_resize,119.37,1.545302886508561e-05,0.0018446280556252694,1.8446280556252695e-06
2024-11-21,113044,sell,rebalance_resize,119.2,3.462620756795363e-05,0.004127443942100073,4.127443942100073e-06
2024-11-21,127019,sell,rebalance_resize,119.698,0.0001334520156853419,0.015973939373504054,1.5973939373504053e-05
2024-11-21,123049,sell,rebalance_resize,104.289,2.9416977485929775e-05,0.0030678671650301303,3.0678671650301303e-06
2024-11-21,127047,buy,rebalance,85.542,2.201511327384251e-05,0.001883216819671036,1.883216819671036e-06
2024-11-21,110092,buy,rebalance,81.3,9.36101385738946e-06,0.000761050426605763,7.61050426605763e-07
2024-11-21,127061,buy,rebalance,97.45,3.2414717474679635e-05,0.003158814217907531,3.158814217907531e-06
2024-11-21,113691,buy,rebalance,104.852,0.001579501455434599,0.16561388660522858,0.00016561388660522858
2024-11-21,123247,buy,rebalance,102.4,1.8480595025933178e-05,0.0018924129306555574,1.8924129306555575e-06
2024-11-21,123099,buy,rebalance,103.78,0.0015958169840550064,0.16561388660522858,0.00016561388660522858
2024-11-21,110095,buy,rebalance,100.55,5.4238083273298553e-05,0.005453639273130169,5.45363927313017e-06
2024-11-21,127049,buy,rebalance,103.261,1.5421553985100994e-05,0.0015924450860555137,1.5924450860555138e-06
2024-11-21,113033,buy,rebalance,112.55,6.087402879675401e-06,0.0006851371941074664,6.851371941074664e-07
2024-11-21,127075,buy,rebalance,111.65,8.676117855670537e-06,0.0009686885585856155,9.686885585856154e-07
2024-11-21,111019,buy,rebalance,118.127,9.23300607318971e-06,0.001090667308407681,1.090667308407681e-06
2024-11-21,123056,buy,rebalance,108.85,4.140655776549168e-05,0.0045071038127737694,4.507103812773769e-06
2024-11-21,113068,buy,rebalance,108.605,3.0249501621185634e-05,0.003285247123568866,3.285247123568866e-06
2024-11-21,123198,buy,rebalance,120.522,1.5170710720995372e-05,0.0018284043975158044,1.8284043975158044e-06
2024-11-21,113058,buy,rebalance,116.9,0.0014167141711311255,0.16561388660522858,0.00016561388660522858
2024-12-11,113685,sell,rebalance,125.9,0.0013888585773215779,0.17485729488478666,0.00017485729488478667
2024-12-11,127047,sell,rebalance_resize,92.11,6.771324492518599e-05,0.0062370669900588815,6.237066990058881e-06
2024-12-11,110092,sell,rebalance_resize,87.58,7.210808205558177e-05,0.006315225826427851,6.315225826427851e-06
2024-12-11,127061,sell,rebalance_resize,103.003,2.8673227389990014e-05,0.0029534284408511413,2.9534284408511413e-06
2024-12-11,113691,sell,rebalance_resize,113.359,5.9743690567386424e-05,0.006772485019028357,6.772485019028357e-06
2024-12-11,123247,sell,rebalance_resize,107.849,2.160236263187366e-05,0.0023297932074849426,2.3297932074849426e-06
2024-12-11,113068,sell,rebalance_resize,116.0,4.133428159346158e-05,0.0047947766648415435,4.794776664841544e-06
2024-12-11,110095,sell,rebalance_resize,105.879,2.1631372385946477e-05,0.002290308076851627,2.2903080768516272e-06
2024-12-11,123056,sell,rebalance_resize,113.285,2.2932167874655072e-06,0.00025978706376802996,2.5978706376803e-07
2024-12-11,113033,sell,rebalance_resize,118.133,1.46692696872042e-05,0.0017329248359584937,1.7329248359584937e-06
2024-12-11,111019,sell,rebalance_resize,123.981,1.3909830679415209e-05,0.001724554717464577,1.724554717464577e-06
2024-12-11,123099,buy,rebalance,96.999,0.0001800550165227892,0.017465156547694028,1.7465156547694028e-05
2024-12-11,123056,buy,rebalance,113.285,2.4472061034739597e-19,2.7723174343204754e-17,2.7723174343204754e-20
2024-12-11,113044,buy,rebalance,121.0,3.2909151660754606e-05,0.003982007350951307,3.982007350951307e-06
2024-12-11,127049,buy,rebalance,105.41,2.8821355405779955e-05,0.003038059073323265,3.0380590733232653e-06
2024-12-11,123207,buy,rebalance,117.099,1.4646318854415484e-06,0.00017150692915331988,1.7150692915331988e-07
2024-12-11,123198,buy,rebalance,123.0,2.503934540512093e-05,0.003079839484829874,3.0798394848298744e-06
2024-12-11,127019,buy,rebalance,119.957,5.105400855026092e-05,0.006124285703663648,6.124285703663648e-06
2024-12-11,127075,buy,rebalance,116.001,2.62371900121023e-07,3.043540278593879e-05,3.0435402785938793e-08
2024-12-11,113629,buy,rebalance,126.292,0.0013625337037477267,0.17207710651370792,0.00017207710651370793
2024-12-11,113058,buy,rebalance,120.55,1.2373155198528379e-05,0.001491583859182596,1.491583859182596e-06
2024-12-11,123049,buy,rebalance,106.868,2.234110946168656e-05,0.002387549685951519,2.3875496859515193e-06
2024-12-23,123049,sell,rebalance,106.71,0.0016120394321503379,0.17202072780476255,0.00017202072780476255
2024-12-23,127019,sell,rebalance,122.5,0.001436106794518922,0.17592308232856793,0.00017592308232856793
2024-12-23,110095,sell,rebalance,104.623,0.001627123607774746,0.17023455321621725,0.00017023455321621726
2024-12-23,113629,sell,rebalance,125.899,0.0013625337037477267,0.17154163076813506,0.00017154163076813506
2024-12-23,127047,sell,rebalance_resize,92.29,2.5398314412153163e-05,0.0023440104370976156,2.3440104370976154e-06
2024-12-23,110092,sell,rebalance_resize,87.349,1.77786561335294e-05,0.0015529478346076597,1.5529478346076598e-06
2024-12-23,127061,sell,rebalance_resize,101.998,3.2003445385307933e-06,0.0003264287422410639,3.264287422410639e-07
2024-12-23,113691,sell,rebalance_resize,114.013,2.632391450364346e-05,0.0030012684643039023,3.001268464303902e-06
2024-12-23,113044,sell,rebalance_resize,119.83,2.8115431531826176e-06,0.00033690721604587304,3.3690721604587306e-07
2024-12-23,123247,sell,rebalance_resize,107.68,1.6134713308050998e-05,0.0017373859290109315,1.7373859290109316e-06
2024-12-23,113033,sell,rebalance_resize,118.099,1.6577306204354814e-05,0.001957763285428099,1.957763285428099e-06
2024-12-23,127049,sell,rebalance_resize,105.697,2.339563785034364e-05,0.002472848733867772,2.472848733867772e-06
2024-12-23,113068,sell,rebalance_resize,118.0,4.218356806841977e-05,0.004977661032073533,4.9776610320735325e-06
2024-12-23,111019,sell,rebalance_resize,123.3,8.605523265056767e-06,0.0010610610185814995,1.0610610185814995e-06
2024-12-23,123056,sell,rebalance_resize,113.049,1.4581727993386332e-05,0.0016484497679243315,1.6484497679243314e-06
2024-12-23,113058,sell,rebalance_resize,120.38,1.4642455242250441e-05,0.0017626587620621081,1.7626587620621083e-06
2024-12-23,123099,buy,rebalance,78.5,0.0003927781850763428,0.03083308752849291,3.083308752849291e-05
2024-12-23,123198,buy,rebalance,120.735,9.669287726165696e-06,0.0011674214536186154,1.1674214536186155e-06
2024-12-23,123207,buy,rebalance,115.467,3.4076678869619607e-06,0.00039347318790383673,3.9347318790383673e-07
2024-12-23,123146,buy,rebalance,122.0,0.0013942234147705625,0.17009525660200864,0.00017009525660200865
2024-12-23,128130,buy,rebalance,119.101,0.0014281597686166248,0.17009525660200864,0.00017009525660200865
2024-12-23,127075,buy,rebalance,113.8,1.1073721002679544e-05,0.0012601894501049322,1.2601894501049322e-06
2024-12-23,110079,buy,rebalance,127.273,0.0013364598666017824,0.17009525660200864,0.00017009525660200865
2024-12-23,127032,buy,rebalance,127.95,0.0013293884845799815,0.17009525660200864,0.00017009525660200865
2024-12-26,113044,sell,risk_exit_next_open,120.002,0.0014209369405115714,0.1705152747352696,0.0001705152747352696
2024-12-31,123056,sell,rebalance,108.573,0.0015061687726693877,0.1635292621550334,0.00016352926215503343
2024-12-31,111019,sell,rebalance,116.95,0.0013809478798175313,0.1615018545446603,0.0001615018545446603
2024-12-31,123146,sell,rebalance,115.537,0.0013942234147705625,0.16108439067234648,0.00016108439067234647
2024-12-31,128130,sell,rebalance_resize,124.5,8.022450117123325e-05,0.00998795039581854,9.98795039581854e-06
2024-12-31,127049,sell,rebalance_resize,104.78,9.311953212935766e-06,0.0009757064576514096,9.757064576514097e-07
2024-12-31,110079,sell,rebalance_resize,130.101,4.655478672575338e-05,0.00605682430780724,6.0568243078072406e-06
2024-12-31,113058,sell,rebalance_resize,121.856,3.726245251998564e-05,0.00454065341427537,4.54065341427537e-06
2024-12-31,123099,sell,rebalance_resize,85.082,0.0001962242812683542,0.01669515429887411,1.669515429887411e-05
2024-12-31,127032,sell,rebalance_resize,132.393,6.181436210408583e-05,0.008183788842046234,8.183788842046234e-06
2024-12-31,127047,buy,rebalance,87.135,8.091228572335085e-05,0.007050292016504176,7.050292016504176e-06
2024-12-31,127061,buy,rebalance,99.456,1.7984441749488483e-05,0.0017886606386371265,1.7886606386371266e-06
2024-12-31,110092,buy,rebalance,81.461,0.00011066685733427557,0.009015032865307422,9.015032865307422e-06
2024-12-31,113691,buy,rebalance,111.303,1.4308464009934455e-05,0.0015925749696977347,1.5925749696977347e-06
2024-12-31,123247,buy,rebalance,105.35,1.1676399927316735e-05,0.001230108732342818,1.2301087323428182e-06
2024-12-31,123198,buy,rebalance,116.578,2.9226415334364406e-05,0.003407157046849534,3.407157046849534e-06
2024-12-31,113033,buy,rebalance,116.0,4.937232713606882e-06,0.0005727189947783983,5.727189947783983e-07
2024-12-31,123147,buy,rebalance,129.999,0.0012895422758390839,0.16763920631680507,0.00016763920631680508
2024-12-31,113068,buy,rebalance,116.3,1.0493869817038723e-09,1.2204370597216035e-07,1.2204370597216036e-10
2024-12-31,113629,buy,rebalance,116.27,0.0014418096354760909,0.16763920631680507,0.00016763920631680508
2024-12-31,123207,buy,rebalance,110.196,4.8228183520332394e-05,0.005314552911206549,5.314552911206549e-06
2024-12-31,113050,buy,rebalance,130.544,0.0012841586462557072,0.16763920631680507,0.00016763920631680508
2024-12-31,127075,buy,rebalance,111.4,1.0216134244771514e-05,0.0011380773548675467,1.1380773548675468e-06
2024-12-31,113631,buy,rebalance,128.5,0.0013045852631657982,0.16763920631680507,0.00016763920631680508
2025-01-08,123099,sell,risk_exit_next_open,56.32,0.001972425904385784,0.11108702693500735,0.00011108702693500735
2025-01-13,123207,sell,rebalance,110.329,0.0015228526851976717,0.16801481390517392,0.00016801481390517394
2025-01-13,128130,sell,rebalance,120.0,0.0013479352674453915,0.161752232093447,0.000161752232093447
2025-01-13,123147,sell,rebalance,119.6,0.0012895422758390839,0.1542292561903544,0.00015422925619035442
2025-01-13,127047,sell,rebalance_resize,83.409,2.4081272296156497e-06,0.00020085948409501173,2.0085948409501173e-07
2025-01-13,127061,sell,rebalance_resize,95.28,3.525612084656074e-06,0.00033592031942603073,3.3592031942603073e-07
2025-01-13,113691,sell,rebalance_resize,107.777,1.917069119750802e-05,0.002066159585193822,2.066159585193822e-06
2025-01-13,123247,sell,rebalance_resize,102.502,2.7766692367372617e-05,0.002846141501040428,2.846141501040428e-06
2025-01-13,113033,sell,rebalance_resize,115.269,5.488039126696101e-05,0.006326007820951329,6.326007820951329e-06
2025-01-13,113050,sell,rebalance_resize,128.351,3.4197338349736166e-05,0.004389262574526986,4.389262574526986e-06
2025-01-13,123198,sell,rebalance_resize,113.198,2.2217762412483668e-05,0.002515006269568326,2.5150062695683263e-06
2025-01-13,127032,sell,rebalance_resize,129.45,2.822469156790584e-05,0.0036536863234654104,3.6536863234654106e-06
2025-01-13,110079,sell,rebalance_resize,128.0,3.6516143696034564e-05,0.004674066393092424,4.674066393092424e-06
2025-01-13,127049,sell,rebalance_resize,102.6,3.793977839309294e-05,0.0038926212631313355,3.892621263131335e-06
2025-01-13,113629,sell,rebalance_resize,112.99,2.1915982665759994e-05,0.0024762868814042216,2.4762868814042216e-06
2025-01-13,113058,sell,rebalance_resize,118.001,1.7585603023148697e-05,0.0020751187423345696,2.07511874233457e-06
2025-01-13,113068,sell,rebalance_resize,114.89,4.6562474664519454e-05,0.00534956271420664,5.349562714206641e-06
2025-01-13,127075,sell,rebalance_resize,108.8,3.185859959533489e-05,0.0034662156359724357,3.4662156359724358e-06
2025-01-13,113631,sell,rebalance_resize,126.845,3.978346702847079e-05,0.0050463338752263776,5.046333875226378e-06
2025-01-13,110092,buy,rebalance,76.378,4.0496240686823336e-05,0.0030930218711781926,3.0930218711781925e-06
2025-01-13,113691,buy,rebalance,107.777,2.5725087255130687e-19,2.77257272909622e-17,2.77257272909622e-20
2025-01-13,113033,buy,rebalance,115.269,2.4053064823120006e-19,2.77257272909622e-17,2.77257272909622e-20
2025-01-13,113685,buy,rebalance,120.0,0.0013355104455276448,0.16026125346331738,0.00016026125346331737
2025-01-13,118041,buy,rebalance,125.0,0.001282090027706539,0.16026125346331738,0.00016026125346331737
2025-01-13,123204,buy,rebalance,127.0,0.0012618996335694282,0.16026125346331738,0.00016026125346331737
2025-01-13,113068,buy,rebalance,114.89,2.4132411255080684e-19,2.77257272909622e-17,2.77257272909622e-20
2025-01-13,110095,buy,rebalance,99.005,0.0016187187865594403,0.16026125346331738,0.00016026125346331737
2025-01-21,127075,sell,rebalance,116.136,0.0014745752190352876,0.17125126763788215,0.00017125126763788216
2025-01-21,123204,sell,rebalance,130.001,0.0012618996335694282,0.16404821426365923,0.00016404821426365922
2025-01-21,110095,sell,rebalance,105.61,0.0016187187865594403,0.1709528910485425,0.0001709528910485425
2025-01-21,127047,sell,rebalance_resize,87.46,2.0165326348499976e-05,0.0017636594424398078,1.7636594424398079e-06
2025-01-21,110092,sell,rebalance_resize,83.302,0.00010218386653333416,0.008512120449959804,8.512120449959805e-06
2025-01-21,113691,sell,rebalance_resize,112.5,8.908899496751961e-06,0.0010022511933845957,1.0022511933845957e-06
2025-01-21,123247,sell,rebalance_resize,107.419,1.5525216699938505e-05,0.0016677032526906943,1.6677032526906943e-06
2025-01-21,113685,sell,rebalance_resize,128.614,4.123411158332363e-05,0.005303284027177585,5.303284027177585e-06
2025-01-21,113068,sell,rebalance_resize,120.203,1.1570965752162412e-05,0.0013908647963071785,1.3908647963071785e-06
2025-01-21,127061,buy,rebalance,98.48,6.49273887305255e-06,0.0006394049242182152,6.394049242182152e-07
2025-01-21,127032,buy,rebalance,129.88,4.2267148476201406e-05,0.005489657244089038,5.489657244089038e-06
2025-01-21,113050,buy,rebalance,129.26,3.7807426056722616e-05,0.004886987892091965,4.886987892091965e-06
2025-01-21,110079,buy,rebalance,129.453,3.246536156885132e-05,0.00420273845117251,4.20273845117251e-06
2025-01-21,123198,buy,rebalance,117.38,8.611642318946635e-07,0.0001010834575397956,1.010834575397956e-07
2025-01-21,113033,buy,rebalance,118.6,1.172575896558372e-05,0.0013906750133182292,1.3906750133182292e-06
2025-01-21,127049,buy,rebalance,104.74,2.5579658296362544e-05,0.002679213409961013,2.679213409961013e-06
2025-01-21,113629,buy,rebalance,117.199,4.427202468262997e-07,5.1886370207795495e-05,5.18863702077955e-08
2025-01-21,118041,buy,rebalance,128.431,1.401596671110828e-05,0.0018000846206743478,1.800084620674348e-06
2025-01-21,113058,buy,rebalance,121.468,1.081097980543023e-05,0.0013131880950059992,1.3131880950059992e-06
2025-01-21,113631,buy,rebalance,128.906,2.6515214251796737e-05,0.0034179702083421103,3.4179702083421103e-06
2025-01-21,113068,buy,rebalance,120.203,2.306665495082899e-19,2.7726811250544974e-17,2.7726811250544973e-20
2025-01-21,128127,buy,rebalance,110.062,0.0015108715470885403,0.16628954421565892,0.0001662895442156589
2025-01-21,118016,buy,rebalance,109.929,0.0015126995080066126,0.16628954421565892,0.0001662895442156589
2025-01-21,123056,buy,rebalance,109.2,0.0015227980239529205,0.16628954421565892,0.0001662895442156589
2025-01-23,127032,sell,risk_exit_next_open,125.5,0.0012816165793841914,0.16084288071271602,0.00016084288071271602
2025-02-11,118041,sell,rebalance,128.1,0.0012961059944176473,0.1660311778849006,0.0001660311778849006
2025-02-11,128127,sell,rebalance,111.5,0.0015108715470885403,0.16846217750037223,0.00016846217750037223
2025-02-11,127047,sell,rebalance_resize,90.922,4.203129068024898e-05,0.0038215690112295975,3.821569011229598e-06
2025-02-11,110092,sell,rebalance_resize,84.98,6.8899433963108486e-06,0.0005855073898184959,5.855073898184959e-07
2025-02-11,123198,sell,rebalance_resize,120.5,1.3750013324483536e-05,0.001656876605600266,1.656876605600266e-06
2025-02-11,113629,sell,rebalance_resize,121.68,2.9559829886804163e-05,0.0035968401006263306,3.5968401006263307e-06
2025-02-11,123056,sell,rebalance_resize,111.249,1.6185996617483737e-06,0.00018006759376984482,1.8006759376984482e-07
2025-02-11,127049,sell,rebalance_resize,107.024,8.030544868248321e-06,0.0008594610339794083,8.594610339794083e-07
2025-02-11,118016,sell,rebalance_resize,114.0,2.822854508583541e-05,0.003218054139785237,3.218054139785237e-06
2025-02-11,113685,sell,rebalance_resize,139.04,7.714680450697505e-05,0.01072649169864981,1.0726491698649809e-05
2025-02-11,113058,sell,rebalance_resize,125.5,2.1964052138793983e-05,0.002756488543418645,2.756488543418645e-06
2025-02-11,127061,buy,rebalance,99.379,1.2551928971135188e-05,0.001247398149222444,1.2473981492224438e-06
2025-02-11,110079,buy,rebalance,129.11,2.4859911265325274e-05,0.0032096631434661463,3.209663143466146e-06
2025-02-11,113050,buy,rebalance,128.827,2.5823822183516832e-05,0.003326805540435923,3.3268055404359232e-06
2025-02-11,123247,buy,rebalance,108.92,4.050142852963832e-06,0.0004411415595448205,4.411415595448205e-07
2025-02-11,113691,buy,rebalance,114.242,1.6619199690232473e-06,0.00018986106110115383,1.8986106110115383e-07
2025-02-11,113033,buy,rebalance,117.8,3.3003575900720574e-05,0.0038878212411048835,3.887821241104884e-06
2025-02-11,123243,buy,rebalance,130.999,0.0012904812919000705,0.16905175875761733,0.00016905175875761734
2025-02-11,113629,buy,rebalance,121.68,2.2786318971558034e-19,2.7726392924591818e-17,2.772639292459182e-20
2025-02-11,113631,buy,rebalance,129.53,1.5157345514661477e-05,0.001963330964514101,1.963330964514101e-06
2025-02-11,113065,buy,rebalance,125.73,0.0013445618289796971,0.16905175875761733,0.00016905175875761734
2025-02-11,127087,buy,rebalance,132.864,0.0012723669222484445,0.16905175875761733,0.00016905175875761734
2025-02-11,113068,buy,rebalance,122.005,2.228298257849642e-06,0.0002718635289489456,2.718635289489456e-07
2025-02-21,113068,sell,rebalance,123.146,0.0013870694121561294,0.17081204982937873,0.00017081204982937872
2025-02-21,113631,sell,rebalance,129.7,0.0013064743559037856,0.16944972396072097,0.00016944972396072097
2025-02-21,113685,sell,rebalance,145.0,0.0012171295294373461,0.1764837817684152,0.0001764837817684152
2025-02-21,127087,sell,rebalance,136.002,0.0012723669222484445,0.17304444615963296,0.00017304444615963297
2025-02-21,127061,sell,rebalance_resize,100.06,6.5817793168557635e-06,0.0006585728384445877,6.585728384445877e-07
2025-02-21,127049,sell,rebalance_resize,109.598,3.257658219466507e-05,0.0035703282553709026,3.5703282553709026e-06
2025-02-21,123247,sell,rebalance_resize,112.294,4.222812840251283e-05,0.0047419654508317755,4.741965450831776e-06
2025-02-21,113065,sell,rebalance_resize,127.442,1.2744604907019586e-05,0.00162419793856039,1.62419793856039e-06
2025-02-21,118016,sell,rebalance_resize,116.75,3.068551820754238e-05,0.003582534250730573,3.582534250730573e-06
2025-02-21,127047,buy,rebalance,90.49,1.4393827209215386e-05,0.0013024974241619002,1.3024974241619002e-06
2025-02-21,110092,buy,rebalance,82.3,7.08478831224578e-05,0.0058307807809782775,5.830780780978278e-06
2025-02-21,110079,buy,rebalance,128.799,7.064053757168364e-06,0.0009098430598695281,9.098430598695281e-07
2025-02-21,113050,buy,rebalance,127.919,1.324491290817334e-05,0.0016942760143006253,1.6942760143006254e-06
2025-02-21,123243,buy,rebalance,128.615,2.9159687883993578e-05,0.0037503732571998343,3.7503732571998345e-06
2025-02-21,123198,buy,rebalance,120.01,9.888377391882817e-06,0.001186704170799857,1.186704170799857e-06
2025-02-21,113033,buy,rebalance,116.266,2.326356269079173e-05,0.0027047613798075916,2.704761379807592e-06
2025-02-21,127055,buy,rebalance,132.35,0.0012811218176674306,0.16955647256828443,0.00016955647256828443
2025-02-21,113691,buy,rebalance,112.88,2.2279936078070303e-05,0.002514959184492576,2.514959184492576e-06
2025-02-21,113629,buy,rebalance,120.98,1.216567179482885e-05,0.0014718029737383943,1.4718029737383943e-06
2025-02-21,123056,buy,rebalance,110.422,1.59024909960361e-05,0.001755984860764298,1.755984860764298e-06
2025-02-21,113042,buy,rebalance,120.615,0.0014057660537104377,0.16955647256828443,0.00016955647256828443
2025-02-21,128130,buy,rebalance,135.838,0.001248225625879978,0.16955647256828443,0.00016955647256828443
2025-02-21,111019,buy,rebalance,126.1,0.0013446191321830646,0.16955647256828443,0.00016955647256828443
2025-02-21,113058,buy,rebalance,124.97,9.707917104933452e-06,0.0012131984006035336,1.2131984006035336e-06
2025-03-03,113058,sell,rebalance,126.068,0.0013581516603158388,0.17121946351269718,0.00017121946351269718
2025-03-03,127055,sell,rebalance,145.0,0.0012811218176674306,0.18576266356177742,0.00018576266356177743
2025-03-03,113042,sell,rebalance,120.25,0.0014057660537104377,0.16904336795868014,0.00016904336795868014
2025-03-03,123056,sell,rebalance_resize,111.671,1.7263370700535237e-05,0.0019278178694994705,1.9278178694994707e-06
2025-03-03,127049,sell,rebalance_resize,110.2,8.548857240575142e-06,0.0009420840679113808,9.420840679113808e-07
2025-03-03,118016,sell,rebalance_resize,118.215,1.809913847004771e-05,0.00213958965423669,2.13958965423669e-06
2025-03-03,123247,sell,rebalance_resize,114.67,3.140364503039309e-05,0.0036010559756351757,3.601055975635176e-06
2025-03-03,127047,buy,rebalance,90.131,7.369500345322608e-06,0.000664220435624272,6.64220435624272e-07
2025-03-03,110092,buy,rebalance,81.001,3.2991037809900904e-05,0.0026723070536397832,2.6723070536397833e-06
2025-03-03,127061,buy,rebalance,98.502,2.6703341107938064e-05,0.002630332505814115,2.630332505814115e-06
2025-03-03,123198,buy,rebalance,117.86,2.570040528685219e-05,0.003029049767108399,3.0290497671083994e-06
2025-03-03,110079,buy,rebalance,128.183,6.2572310874279784e-06,0.0008020706524797805,8.020706524797805e-07
2025-03-03,113050,buy,rebalance,126.9,1.0580123223100723e-05,0.001342617637011482,1.342617637011482e-06
2025-03-03,123243,buy,rebalance,127.9,7.323093633427871e-06,0.0009366236757154248,9.366236757154249e-07
2025-03-03,113033,buy,rebalance,115.1,1.4712314568549808e-05,0.0016933874068400829,1.6933874068400828e-06
2025-03-03,113691,buy,rebalance,112.7,2.3349881782832057e-06,0.0002631531676925173,2.631531676925173e-07
2025-03-03,113065,buy,rebalance,126.286,1.210137225237273e-05,0.0015282338962631426,1.5282338962631426e-06
2025-03-03,113629,buy,rebalance,119.656,1.5438640373165536e-05,0.0018473259524914953,1.8473259524914953e-06
2025-03-03,128105,buy,rebalance,129.16,0.0013126926274271903,0.1695473797584959,0.0001695473797584959
2025-03-03,123225,buy,rebalance,133.992,0.0012653544969736695,0.1695473797584959,0.0001695473797584959
2025-03-03,128130,buy,rebalance,132.277,3.4801500101572114e-05,0.004603438028935654,4.603438028935654e-06
2025-03-03,118041,buy,rebalance,131.908,0.0012853456936538794,0.1695473797584959,0.0001695473797584959
2025-03-03,111019,buy,rebalance,123.1,3.405996132986031e-05,0.004192781239705803,4.192781239705804e-06
2025-03-11,118016,sell,rebalance,144.0,0.0014356863062431873,0.20673882809901897,0.00020673882809901897
2025-03-11,128105,sell,rebalance,127.593,0.0013126926274271903,0.1674903904113175,0.0001674903904113175
2025-03-11,123225,sell,rebalance,134.58,0.0012653544969736695,0.17029140820271646,0.00017029140820271646
2025-03-11,118041,sell,rebalance,134.1,0.0012853456936538794,0.17236485751898523,0.00017236485751898523
2025-03-11,127061,sell,rebalance_resize,103.0,4.2328791869147435e-05,0.004359865562522186,4.359865562522186e-06
2025-03-11,123247,sell,rebalance_resize,121.17,5.1440377336877614e-05,0.006233030521909461,6.2330305219094605e-06
2025-03-11,123198,sell,rebalance_resize,120.9,8.164177384011082e-06,0.0009870490457269399,9.8704904572694e-07
2025-03-11,113629,sell,rebalance_resize,123.1,1.2149475489436004e-05,0.001495600432749572,1.495600432749572e-06
2025-03-11,127047,buy,rebalance,89.59,3.976584017847502e-05,0.0035626216215895773,3.5626216215895772e-06
2025-03-11,110092,buy,rebalance,80.158,5.200523948577478e-05,0.0041686359867007345,4.168635986700734e-06
2025-03-11,110079,buy,rebalance,129.052,1.4017573586682694e-05,0.001808995906508575,1.808995906508575e-06
2025-03-11,113050,buy,rebalance,126.602,2.4184572523447156e-05,0.003061815250613457,3.061815250613457e-06
2025-03-11,113065,buy,rebalance,126.185,2.2581918648011895e-05,0.002849499404599381,2.8494994045993812e-06
2025-03-11,127049,buy,rebalance,111.65,8.357845160688057e-06,0.0009331534121908216,9.331534121908216e-07
2025-03-11,123243,buy,rebalance,130.185,2.212364876974662e-06,0.0002880167215089464,2.880167215089464e-07
2025-03-11,128130,buy,rebalance,129.535,4.3126659696826504e-05,0.005586411863828421,5.586411863828421e-06
2025-03-11,113033,buy,rebalance,115.5,1.9593756376597237e-05,0.002263078861496981,2.2630788614969808e-06
2025-03-11,113691,buy,rebalance,112.747,2.3783395567174447e-05,0.0026815065000122176,2.6815065000122175e-06
2025-03-11,113058,buy,rebalance,126.241,0.0011085594856377807,0.13994565802639908,0.0001399456580263991
2025-03-11,127087,buy,rebalance,135.838,0.0010302393882889846,0.13994565802639908,0.0001399456580263991
2025-03-11,111019,buy,rebalance,124.151,1.2650244765712346e-05,0.0015705405379079535,1.5705405379079535e-06
2025-03-11,113042,buy,rebalance,120.77,0.001158778322649657,0.13994565802639908,0.0001399456580263991
2025-03-11,113663,buy,rebalance,137.0,0.0010215011534773655,0.13994565802639908,0.0001399456580263991
2025-03-11,111008,buy,rebalance,138.529,0.0010102264365324163,0.13994565802639908,0.0001399456580263991
2025-03-13,111008,sell,risk_exit_next_open,133.99,0.0010102264365324163,0.13536024023097845,0.00013536024023097845
2025-03-20,127087,sell,risk_exit_next_open,127.0,0.0010302393882889846,0.13084040231270105,0.00013084040231270104
2025-03-21,128130,sell,rebalance,128.403,0.0013261537856783766,0.17028212454246058,0.00017028212454246058
2025-03-21,111019,sell,rebalance,123.683,0.0013913293382786373,0.1720837865463167,0.0001720837865463167
2025-03-21,113042,sell,rebalance,120.53,0.001158778322649657,0.13966755122896315,0.00013966755122896317
2025-03-21,127047,sell,rebalance_resize,91.59,2.7992896954018518e-05,0.002563869432018556,2.563869432018556e-06
2025-03-21,127061,sell,rebalance_resize,105.55,3.645801635685236e-05,0.003848143626465766,3.848143626465766e-06
2025-03-21,110092,sell,rebalance_resize,83.598,7.130824485119595e-05,0.0059612266530702784,5.961226653070279e-06
2025-03-21,110079,sell,rebalance_resize,129.852,1.5730746677273736e-06,0.00020426689175373491,2.0426689175373493e-07
2025-03-21,123056,sell,rebalance_resize,130.001,0.00018487035170990402,0.024033330592639235,2.4033330592639234e-05
2025-03-21,127047,buy,rebalance,91.59,3.0272467634554096e-19,2.7726553106488098e-17,2.77265531064881e-20
2025-03-21,123247,buy,rebalance,121.132,4.05583036874947e-06,0.0004912908442273609,4.912908442273609e-07
2025-03-21,123198,buy,rebalance,120.105,1.3106586850089233e-05,0.0015741666136299673,1.5741666136299672e-06
2025-03-21,113629,buy,rebalance,123.288,1.4029314635179986e-06,0.000172964614274207,1.72964614274207e-07
2025-03-21,113663,buy,rebalance,129.801,0.00031517404903567595,0.04090990673887977,4.090990673887977e-05
2025-03-21,113050,buy,rebalance,127.277,1.914770112687702e-06,0.00024370619563255264,2.4370619563255263e-07
2025-03-21,110079,buy,rebalance,129.852,2.1352426690761865e-19,2.7726553106488098e-17,2.77265531064881e-20
2025-03-21,123243,buy,rebalance,129.723,8.623559090058438e-06,0.0011186739558396509,1.1186739558396509e-06
2025-03-21,113058,buy,rebalance,123.395,0.00029754423370189384,0.036715470717645186,3.6715470717645184e-05
2025-03-21,113691,buy,rebalance,111.79,2.266944509821762e-05,0.002534217267529748,2.5342172675297483e-06
2025-03-21,113065,buy,rebalance,124.914,2.278827888867998e-05,0.0028465750691005712,2.8465750691005713e-06
2025-03-21,127049,buy,rebalance,110.0,2.918401116014963e-05,0.0032102412276164595,3.2102412276164595e-06
2025-03-21,127081,buy,rebalance,129.828,0.0013353293110082382,0.17336313378957754,0.00017336313378957756
2025-03-21,128141,buy,rebalance,131.5,0.0013183508272971677,0.17336313378957754,0.00017336313378957756
2025-03-21,113033,buy,rebalance,116.147,6.088742997571854e-08,7.0718923293897804e-06,7.071892329389781e-09
2025-03-21,123063,buy,rebalance,129.0,0.0013439002619347097,0.17336313378957754,0.00017336313378957756
2025-03-21,123201,buy,rebalance,135.9,0.001275666915302263,0.17336313378957754,0.00017336313378957756
2025-04-01,127049,sell,rebalance,109.0,0.001577647633930079,0.1719635920983786,0.00017196359209837862
2025-04-01,123056,sell,rebalance,121.0,0.001334948192876769,0.16152873133808907,0.00016152873133808908
2025-04-01,127081,sell,rebalance,169.031,0.0013353293110082382,0.2257120487690335,0.0002257120487690335
2025-04-01,128141,sell,rebalance,131.838,0.0013183508272971677,0.173808736369204,0.000173808736369204
2025-04-01,123201,sell,rebalance,129.723,0.001275666915302263,0.16548333925375547,0.00016548333925375547
2025-04-01,110092,sell,rebalance_resize,86.598,7.96923601646527e-05,0.006901199005538594,6.901199005538594e-06
2025-04-01,113050,sell,rebalance_resize,126.8,1.7918221664804681e-07,2.2720305070972335e-05,2.2720305070972337e-08
2025-04-01,113065,sell,rebalance_resize,124.686,2.836208631836614e-06,0.0003536355094691801,3.536355094691801e-07
2025-04-01,127047,buy,rebalance,88.83,5.124037988157004e-05,0.004551682944879867,4.551682944879866e-06
2025-04-01,127061,buy,rebalance,100.66,7.311060934445099e-05,0.007359313936612437,7.359313936612438e-06
2025-04-01,123247,buy,rebalance,119.85,9.70106285867074e-06,0.0011626723836116882,1.1626723836116882e-06
2025-04-01,113050,buy,rebalance,126.8,2.1867213059613133e-19,2.7727626159589455e-17,2.7727626159589456e-20
2025-04-01,110079,buy,rebalance,127.358,2.086346938683592e-05,0.0026571297341686493,2.6571297341686494e-06
2025-04-01,123198,buy,rebalance,116.027,4.495013870370302e-05,0.00521542974337455,5.21542974337455e-06
2025-04-01,123063,buy,rebalance,125.0,3.90302119349812e-05,0.00487877649187265,4.87877649187265e-06
2025-04-01,113663,buy,rebalance,128.5,8.617488814045143e-06,0.0011073473126048008,1.1073473126048009e-06
2025-04-01,113058,buy,rebalance,120.82,2.4687709313116648e-05,0.0029827690392107533,2.9827690392107533e-06
2025-04-01,113629,buy,rebalance,117.661,6.153498734531131e-05,0.007240268146036675,7.240268146036675e-06
2025-04-01,113068,buy,rebalance,119.799,0.0014415575110082682,0.17269714826127955,0.00017269714826127956
2025-04-01,113033,buy,rebalance,111.42,5.7289461468862004e-05,0.006383191796860604,6.3831917968606046e-06
2025-04-01,113042,buy,rebalance,120.746,0.0014302515053192615,0.17269714826127955,0.00017269714826127956
2025-04-01,113691,buy,rebalance,110.665,9.710729790053094e-06,0.0010746379122162258,1.0746379122162258e-06
2025-04-01,123146,buy,rebalance,117.295,0.0014723317128716444,0.17269714826127955,0.00017269714826127956
2025-04-01,118023,buy,rebalance,125.487,0.0013762154506943313,0.17269714826127955,0.00017269714826127956
2025-04-01,123243,buy,rebalance,128.054,1.217466607518806e-05,0.0015590146895921317,1.5590146895921318e-06
2025-04-01,128144,buy,rebalance,130.297,0.0013254115463999904,0.17269714826127955,0.00017269714826127956
2025-04-11,113033,sell,rebalance,114.462,0.0015514700483091244,0.17758436466955901,0.000177584364669559
2025-04-11,123198,sell,rebalance,118.849,0.001489877096599293,0.17707040305372937,0.00017707040305372937
2025-04-11,113629,sell,rebalance,116.603,0.001469169298657741,0.17130954773138857,0.00017130954773138856
2025-04-11,113058,sell,rebalance,122.291,0.0014307914286527913,0.17497291460137848,0.00017497291460137848
2025-04-11,113663,sell,rebalance,129.947,0.0013452926913270866,0.17481674935988092,0.00017481674935988092
2025-04-11,113068,sell,rebalance,118.205,0.0014415575110082682,0.17039930558873234,0.00017039930558873236
2025-04-11,123146,sell,rebalance,117.0,0.0014723317128716444,0.1722628104059824,0.0001722628104059824
2025-04-11,128144,sell,rebalance,141.85,0.0013254115463999904,0.18800962785683864,0.00018800962785683864
2025-04-11,127047,sell,rebalance_resize,90.3,2.3109009833758694e-05,0.00208674358798841,2.08674358798841e-06
2025-04-11,123063,sell,rebalance_resize,131.472,6.21886231613055e-05,0.008176062664263156,8.176062664263157e-06
2025-04-11,113042,sell,rebalance_resize,122.0,6.9681233821068555e-06,0.0008501110526170363,8.501110526170364e-07
2025-04-11,113065,sell,rebalance_resize,125.527,3.159966141319991e-06,0.00039666106982147453,3.9666106982147454e-07
2025-04-11,127078,buy,rebalance,110.999,0.001562768097335717,0.17346569603616724,0.00017346569603616724
2025-04-11,127061,buy,rebalance,98.02,5.412260507852519e-05,0.005305097749797039,5.305097749797039e-06
2025-04-11,127049,buy,rebalance,112.0,0.0015488008574657789,0.17346569603616724,0.00017346569603616724
2025-04-11,113050,buy,rebalance,125.549,1.969261870261874e-05,0.00247238858549508,2.4723885854950804e-06
2025-04-11,110092,buy,rebalance,81.018,0.00014683681907847748,0.011896425408100089,1.189642540810009e-05
2025-04-11,110079,buy,rebalance,126.995,9.948941900134487e-06,0.0012634658766075794,1.2634658766075794e-06
2025-04-11,127039,buy,rebalance,135.0,0.001284931081749387,0.17346569603616724,0.00017346569603616724
2025-04-11,123247,buy,rebalance,119.502,1.063736674514825e-05,0.001271186600778706,1.271186600778706e-06
2025-04-11,123056,buy,rebalance,135.0,0.001284931081749387,0.17346569603616724,0.00017346569603616724
2025-04-11,128133,buy,rebalance,128.975,0.0013449559684913142,0.17346569603616724,0.00017346569603616724
2025-04-11,118023,buy,rebalance,125.674,5.453642680360648e-06,0.0006853810902116441,6.853810902116441e-07
2025-04-11,128141,buy,rebalance,128.333,0.0013516842592019764,0.17346569603616724,0.00017346569603616724
2025-04-11,110084,buy,rebalance,121.0,0.0014336007936873326,0.17346569603616724,0.00017346569603616724
2025-04-11,123243,buy,rebalance,127.0,1.7256542764064286e-05,0.0021915809310361642,2.1915809310361644e-06
2025-04-11,113691,buy,rebalance,109.69,2.088767932443316e-05,0.0022911695450970734,2.2911695450970735e-06
2025-04-11,123204,buy,rebalance,128.5,0.0013499275956121964,0.17346569603616724,0.00017346569603616724
2025-04-22,127078,sell,rebalance,116.852,0.001562768097335717,0.18261257770987321,0.0001826125777098732
2025-04-22,127039,sell,rebalance,129.55,0.001284931081749387,0.1664628216406331,0.00016646282164063311
2025-04-22,128141,sell,rebalance,125.77,0.0013516842592019764,0.17000132927983258,0.0001700013292798326
2025-04-22,110084,sell,rebalance,119.63,0.0014336007936873326,0.17150166294881558,0.0001715016629488156
2025-04-22,123204,sell,rebalance,128.999,0.0013499275956121964,0.17413930990637772,0.0001741393099063777
2025-04-22,127047,sell,rebalance_resize,93.002,6.558876275829902e-05,0.006099886114047325,6.0998861140473255e-06
2025-04-22,110092,sell,rebalance_resize,82.745,5.5510865806029006e-05,0.0045932465911198705,4.593246591119871e-06
2025-04-22,127061,sell,rebalance_resize,98.2,1.2399571968598648e-05,0.0012176379673163873,1.2176379673163873e-06
2025-04-22,113050,sell,rebalance_resize,126.892,2.1743267794383357e-05,0.002759046736964893,2.7590467369648932e-06
2025-04-22,110079,sell,rebalance_resize,127.3,1.0368263053916103e-05,0.0013198798867635197,1.3198798867635197e-06
2025-04-22,113042,sell,rebalance_resize,122.779,1.6394230285227745e-05,0.0020128672001899772,2.012867200189977e-06
2025-04-22,118023,sell,rebalance_resize,125.802,8.587241332022213e-06,0.0010802921340510585,1.0802921340510586e-06
2025-04-22,123243,sell,rebalance_resize,128.07,1.8465350436536764e-05,0.0023648574304072634,2.3648574304072636e-06
2025-04-22,128133,sell,rebalance_resize,129.307,9.0929204686089e-06,0.0011757782670344108,1.1757782670344108e-06
2025-04-22,127049,buy,rebalance,110.129,1.9670858104929107e-05,0.0021663319322377376,2.1663319322377377e-06
2025-04-22,127020,buy,rebalance,118.542,0.0014556822252953013,0.1725594823509556,0.00017255948235095562
2025-04-22,113065,buy,rebalance,124.303,6.341056961497218e-06,0.0007882124034849886,7.882124034849886e-07
2025-04-22,113068,buy,rebalance,120.407,0.0014331349701508685,0.1725594823509556,0.00017255948235095562
2025-04-22,123247,buy,rebalance,118.65,2.821620943714199e-06,0.00033478532497168974,3.3478532497168975e-07
2025-04-22,113042,buy,rebalance,122.779,2.2582967171467973e-19,2.772714126345666e-17,2.772714126345666e-20
2025-04-22,123243,buy,rebalance,128.07,2.1649989274191194e-19,2.772714126345666e-17,2.772714126345666e-20
2025-04-22,113058,buy,rebalance,119.979,0.0014382473795493847,0.1725594823509556,0.00017255948235095562
2025-04-22,123056,buy,rebalance,124.7,0.00010018224450734326,0.012492725890065705,1.2492725890065706e-05
2025-04-22,123078,buy,rebalance,128.469,0.001343199389354285,0.1725594823509556,0.00017255948235095562
2025-04-22,113637,buy,rebalance,132.87,0.0012987091318653993,0.1725594823509556,0.00017255948235095562
2025-04-22,113691,buy,rebalance,107.049,3.059813789113052e-05,0.0032755000631076317,3.2755000631076318e-06
2025-04-22,123063,buy,rebalance,126.9,4.0417986064128864e-05,0.005129042431537953,5.129042431537953e-06
2025-04-28,123078,sell,risk_exit_next_open,118.996,0.001343199389354285,0.1598353545356025,0.0001598353545356025
2025-04-28,113637,sell,risk_exit_next_open,128.05,0.0012987091318653993,0.1662997043353644,0.0001662997043353644
2025-05-06,127047,sell,rebalance_resize,94.444,3.1706703320254044e-05,0.002994507888378073,2.994507888378073e-06
2025-05-06,110092,sell,rebalance_resize,82.682,2.233916253086622e-06,0.0001847046636377081,1.847046636377081e-07
2025-05-06,123247,sell,rebalance_resize,120.409,2.3891165111831907e-05,0.0028767112999505684,2.8767112999505683e-06
2025-05-06,113050,sell,rebalance_resize,127.15,5.24918599501244e-06,0.0006674339992658318,6.674339992658318e-07
2025-05-06,110079,sell,rebalance_resize,129.566,2.6172082414106226e-05,0.0033910120300660873,3.3910120300660872e-06
2025-05-06,123243,sell,rebalance_resize,129.29,1.517299304351538e-05,0.0019617162705961033,1.9617162705961034e-06
2025-05-06,123063,sell,rebalance_resize,128.545,1.9837955531421443e-05,0.002550069993786569,2.550069993786569e-06
2025-05-06,113068,sell,rebalance_resize,122.269,2.2963780199725687e-05,0.00280775844124026,2.80775844124026e-06
2025-05-06,123056,sell,rebalance_resize,124.677,2.1780517142222626e-06,0.00027155295357408904,2.7155295357408906e-07
2025-05-06,113042,sell,rebalance_resize,122.95,4.528669959074035e-06,0.0005567999714681526,5.567999714681527e-07
2025-05-06,113065,sell,rebalance_resize,125.5,1.5767371475291517e-05,0.0019788051201490853,1.9788051201490854e-06
2025-05-06,113058,sell,rebalance_resize,124.605,5.451300914581925e-05,0.006792593504614808,6.792593504614808e-06
2025-05-06,127061,buy,rebalance,97.11,1.6469934549274933e-05,0.0015993953440800888,1.5993953440800888e-06
2025-05-06,110092,buy,rebalance,82.682,3.3532961647286283e-19,2.7725723349209245e-17,2.7725723349209244e-20
2025-05-06,113050,buy,rebalance,127.15,2.180552367220546e-19,2.7725723349209245e-17,2.7725723349209244e-20
2025-05-06,123161,buy,rebalance,129.701,0.0013279371490144685,0.17223477616432556,0.00017223477616432555
2025-05-06,127049,buy,rebalance,109.153,1.1135922106430828e-05,0.0012155193056832443,1.2155193056832444e-06
2025-05-06,123063,buy,rebalance,128.545,2.1568885097988445e-19,2.7725723349209245e-17,2.7725723349209244e-20
2025-05-06,118023,buy,rebalance,124.259,1.4489934483413043e-05,0.0018005047689744213,1.8005047689744213e-06
2025-05-06,113691,buy,rebalance,106.15,1.0706828910673908e-05,0.0011365298888680354,1.1365298888680354e-06
2025-05-06,123198,buy,rebalance,121.81,0.0014139625331608698,0.17223477616432556,0.00017223477616432555
2025-05-06,128133,buy,rebalance,128.134,9.750731269579624e-06,0.0012494002004963154,1.2494002004963155e-06
2025-05-06,127020,buy,rebalance,117.764,8.425251798032001e-06,0.0009921913527434405,9.921913527434406e-07
2025-05-13,110092,sell,rebalance_resize,84.588,3.727069446734955e-06,0.00031526535036041636,3.152653503604164e-07
2025-05-13,127061,sell,rebalance_resize,99.2,5.007101612223313e-07,4.967044799325526e-05,4.9670447993255267e-08
2025-05-13,123247,sell,rebalance_resize,124.5,1.766048481713211e-05,0.0021987303597329477,2.1987303597329477e-06
2025-05-13,118023,sell,rebalance_resize,129.44,2.7253360027617295e-05,0.0035276749219747827,3.527674921974783e-06
2025-05-13,110079,sell,rebalance_resize,132.6,2.8514769529200556e-06,0.00037810584395719937,3.7810584395719937e-07
2025-05-13,128133,sell,rebalance_resize,131.265,4.208095172668902e-06,0.0005523756128403834,5.523756128403834e-07
2025-05-13,123063,sell,rebalance_resize,132.0,7.385387862597793e-06,0.0009748711978629088,9.748711978629089e-07
2025-05-13,123198,sell,rebalance_resize,124.55,2.3618128643084158e-07,2.941637922496132e-05,2.9416379224961322e-08
2025-05-13,123161,sell,rebalance_resize,134.52,1.8989653281779174e-05,0.002554488159464935,2.554488159464935e-06
2025-05-13,127047,buy,rebalance,96.44,1.5967114751187464e-07,1.539868546604519e-05,1.539868546604519e-08
2025-05-13,127061,buy,rebalance,99.2,2.792350798396349e-19,2.7700119920091782e-17,2.770011992009178e-20
2025-05-13,123056,buy,rebalance,127.17,1.6616749934678414e-06,0.0002113152089193054,2.113152089193054e-07
2025-05-13,113050,buy,rebalance,129.576,2.8470500434696755e-06,0.00036890935643262663,3.6890935643262666e-07
2025-05-13,113065,buy,rebalance,127.825,3.6317415183682246e-06,0.0004642273595854183,4.642273595854183e-07
2025-05-13,123243,buy,rebalance,131.676,3.6186503128029884e-06,0.00047648939858864627,4.764893985886463e-07
2025-05-13,113058,buy,rebalance,125.181,2.2820123610406926e-05,0.0028566458936743495,2.8566458936743494e-06
2025-05-13,127049,buy,rebalance,110.245,1.7523746489211565e-05,0.0019319054317031292,1.9319054317031292e-06
2025-05-13,113042,buy,rebalance,124.933,7.0178398963422715e-06,0.0008767597917697291,8.767597917697291e-07
2025-05-13,113691,buy,rebalance,107.78,9.38015831406994e-06,0.001010993463090458,1.010993463090458e-06
2025-05-13,118023,buy,rebalance,129.44,2.139996903591763e-19,2.7700119920091782e-17,2.770011992009178e-20
2025-05-13,113068,buy,rebalance,123.886,1.1110162125190325e-05,0.0013763935450413285,1.3763935450413285e-06
2025-05-13,127020,buy,rebalance,119.6,8.113880289719375e-06,0.0009704200826504373,9.704200826504373e-07
2025-05-21,123056,sell,rebalance,172.97,0.0013845969495359758,0.23949373436123772,0.00023949373436123772
2025-05-21,123161,sell,rebalance,152.474,0.0013089474957326892,0.19958046046434605,0.00019958046046434605
2025-05-21,127047,sell,rebalance_resize,102.993,6.360209928431529e-05,0.0065505710115894835,6.550571011589484e-06
2025-05-21,110092,sell,rebalance_resize,88.4,2.8521355139376982e-05,0.0025212877943209255,2.5212877943209254e-06
2025-05-21,127061,buy,rebalance,99.939,4.10042518831322e-05,0.004097923928948349,4.097923928948349e-06
2025-05-21,113065,buy,rebalance,127.27,4.850294445776477e-05,0.006172969741139722,6.172969741139722e-06
2025-05-21,110093,buy,rebalance,122.501,0.0014800569644219852,0.18130845819865762,0.00018130845819865762
2025-05-21,113691,buy,rebalance,108.088,4.5404408674781144e-05,0.004907671724839744,4.907671724839744e-06
2025-05-21,113050,buy,rebalance,129.4,4.3647348568949485e-05,0.0056479669048220636,5.6479669048220635e-06
2025-05-21,123243,buy,rebalance,130.888,4.936977220755461e-05,0.006461910744702408,6.461910744702408e-06
2025-05-21,127049,buy,rebalance,109.89,5.440510144248398e-05,0.005978576597514565,5.978576597514565e-06
2025-05-21,123198,buy,rebalance,124.198,4.7548540073715377e-05,0.005905433580075302,5.905433580075302e-06
2025-05-21,113042,buy,rebalance,125.9,3.21571315048488e-05,0.004048582856460464,4.048582856460464e-06
2025-05-21,128133,buy,rebalance,130.478,4.9532636796915376e-05,0.006462919383987925,6.462919383987925e-06
2025-05-21,118023,buy,rebalance,128.4,5.312771277183733e-05,0.006821598319903913,6.821598319903913e-06
2025-05-21,123247,buy,rebalance,127.364,1.0692968632206059e-05,0.0013618992568722925,1.3618992568722926e-06
2025-05-21,113058,buy,rebalance,125.592,3.850975870609152e-05,0.004836517615415445,4.836517615415445e-06
2025-05-21,113056,buy,rebalance,124.0,0.0014621649854730454,0.18130845819865762,0.00018130845819865762
2025-05-21,123063,buy,rebalance,132.821,3.248178742759609e-05,0.004314263487920741,4.314263487920741e-06
2025-05-21,113068,buy,rebalance,122.736,5.7390410916518806e-05,0.007043869474249852,7.043869474249852e-06
2025-05-21,110079,buy,rebalance,133.56,3.0958549490177214e-05,0.0041348238699080685,4.134823869908068e-06
2025-05-21,127020,buy,rebalance,118.902,5.413544798965215e-05,0.00643681303686562,6.4368130368656204e-06
2025-05-28,110079,sell,risk_exit_next_open,140.99,0.0013588591311339284,0.19158554889857257,0.00019158554889857257
2025-06-03,113050,sell,rebalance,139.23,0.001402532316222614,0.19527457438767454,0.00019527457438767455
2025-06-03,113042,sell,rebalance,126.443,0.0014415354530940441,0.18227206729557022,0.00018227206729557022
2025-06-03,113056,sell,rebalance,124.6,0.0014621649854730454,0.18218575718994146,0.00018218575718994146
2025-06-03,127047,sell,rebalance_resize,109.331,9.662303391760001e-05,0.010563892921245127,1.0563892921245128e-05
2025-06-03,113065,sell,rebalance_resize,129.822,2.332406026918241e-05,0.003027976152265799,3.027976152265799e-06
2025-06-03,110092,buy,rebalance,87.717,2.2858762728509902e-05,0.002005102090256703,2.0051020902567033e-06
2025-06-03,127061,buy,rebalance,99.392,1.6105764740757173e-05,0.001600784169113337,1.6007841691133369e-06
2025-06-03,113691,buy,rebalance,106.401,3.2321084757625185e-05,0.0034389957392960773,3.4389957392960773e-06
2025-06-03,113058,buy,rebalance,123.8,2.58167765192181e-05,0.0031961169330792004,3.1961169330792007e-06
2025-06-03,123247,buy,rebalance,124.311,3.9833284271614626e-05,0.004951715401088686,4.951715401088687e-06
2025-06-03,110093,buy,rebalance,122.953,9.82144305581842e-07,0.00012075758880420423,1.2075758880420422e-07
2025-06-03,123243,buy,rebalance,129.4,2.064904612875141e-05,0.0026719865690604328,2.6719865690604327e-06
2025-06-03,123198,buy,rebalance,122.8,2.1588513359557257e-05,0.002651069440553631,2.6510694405536313e-06
2025-06-03,113068,buy,rebalance,120.01,3.864849077979612e-05,0.004638205378483333,4.638205378483333e-06
2025-06-03,127049,buy,rebalance,109.811,6.745203452508477e-06,0.0007406975363234084,7.406975363234084e-07
2025-06-03,123063,buy,rebalance,130.46,2.9369123211513366e-05,0.003831495814174034,3.831495814174034e-06
2025-06-03,128133,buy,rebalance,129.027,2.036048179120967e-05,0.0026270518840744096,2.62705188407441e-06
2025-06-03,111019,buy,rebalance,122.667,0.001482983788140117,0.18191317233978374,0.00018191317233978374
2025-06-03,118023,buy,rebalance,127.51,1.4649094666235783e-05,0.0018679060608917247,1.8679060608917248e-06
2025-06-03,113631,buy,rebalance,128.117,0.0014198987826735232,0.18191317233978374,0.00018191317233978374
2025-06-03,123207,buy,rebalance,115.0,0.0015818536725198586,0.18191317233978374,0.00018191317233978374
2025-06-03,127020,buy,rebalance,118.393,1.171481032313922e-05,0.0013869515385874216,1.3869515385874216e-06
2025-06-03,113629,buy,rebalance,121.74,0.0014942760993903708,0.18191317233978374,0.00018191317233978374
2025-06-11,127049,sell,rebalance,110.9,0.0016582816890613429,0.18390343931690292,0.00018390343931690292
2025-06-11,123207,sell,rebalance,117.15,0.0015818536725198586,0.18531415773570145,0.00018531415773570146
2025-06-11,113629,sell,rebalance,124.0,0.0014942760993903708,0.18529023632440597,0.00018529023632440596
2025-06-11,127047,sell,rebalance_resize,119.0,0.00011312175781755649,0.013461489180289221,1.3461489180289221e-05
2025-06-11,127061,sell,rebalance_resize,100.997,2.9308158286309334e-06,0.0002960036062442384,2.960036062442384e-07
2025-06-11,113691,sell,rebalance_resize,108.036,1.4045654401939596e-06,0.00015174363189679463,1.5174363189679462e-07
2025-06-11,123198,sell,rebalance_resize,128.299,4.293618893854456e-05,0.005508670104626329,5.508670104626329e-06
2025-06-11,113068,sell,rebalance_resize,124.44,3.2739556786568104e-05,0.004074110446520535,4.0741104465205344e-06
2025-06-11,110092,buy,rebalance,88.243,1.758069277558572e-05,0.0015513730725960104,1.5513730725960103e-06
2025-06-11,127061,buy,rebalance,100.997,2.745301490186881e-19,2.772672146044044e-17,2.772672146044044e-20
2025-06-11,123247,buy,rebalance,124.406,2.0145100370710625e-05,0.002506171356718626,2.5061713567186262e-06
2025-06-11,113058,buy,rebalance,124.953,7.5967511893010225e-06,0.0009492368513567307,9.492368513567307e-07
2025-06-11,113691,buy,rebalance,108.036,2.5664335462661003e-19,2.772672146044044e-17,2.772672146044044e-20
2025-06-11,127043,buy,rebalance,129.899,0.0014207127734701497,0.18454916856099898,0.00018454916856099898
2025-06-11,123243,buy,rebalance,129.599,1.823408364095005e-05,0.0023631190057834856,2.3631190057834857e-06
2025-06-11,113065,buy,rebalance,129.902,1.946122836015337e-05,0.002528052486440643,2.528052486440643e-06
2025-06-11,118023,buy,rebalance,128.32,1.1584278173855605e-05,0.0014864945752691512,1.4864945752691513e-06
2025-06-11,128133,buy,rebalance,130.5,4.338230038490688e-06,0.0005661390200230348,5.661390200230348e-07
2025-06-11,127078,buy,rebalance,131.4,0.0014044837790030363,0.18454916856099898,0.00018454916856099898
2025-06-11,123063,buy,rebalance,130.6,1.875067805633557e-05,0.0024488385541574257,2.4488385541574258e-06
2025-06-11,123204,buy,rebalance,134.331,0.0013738390137868325,0.18454916856099898,0.00018454916856099898
2025-06-11,113631,buy,rebalance,128.407,1.879778384132171e-05,0.0024137670297125972,2.413767029712597e-06
2025-06-11,110093,buy,rebalance,121.212,4.303271381065867e-05,0.005216081306417559,5.216081306417559e-06
2025-06-11,127020,buy,rebalance,119.7,5.291481943385571e-06,0.0006333903886232529,6.333903886232529e-07
2025-06-11,111019,buy,rebalance,123.613,1.1517116926417558e-05,0.0014236653746252537,1.4236653746252537e-06
2025-06-16,123204,sell,risk_exit_next_open,130.0,0.0013738390137868325,0.17859907179228823,0.00017859907179228825
2025-06-23,123243,sell,rebalance,129.52,0.0014254644150337847,0.1846261510351758,0.0001846261510351758
2025-06-23,123063,sell,rebalance,130.265,0.00141453808207394,0.18426480326136177,0.0001842648032613618
2025-06-23,128133,sell,rebalance,127.36,0.0014156370327462317,0.18029553249056007,0.00018029553249056008
2025-06-23,127020,sell,rebalance,118.21,0.0015433630976392295,0.1824409517719333,0.00018244095177193332
2025-06-23,113631,sell,rebalance,127.75,0.001438696566514845,0.18379348637227144,0.00018379348637227144
2025-06-23,127078,sell,rebalance,124.082,0.0014044837790030363,0.17427115626625475,0.00017427115626625475
2025-06-23,127061,sell,rebalance_resize,100.69,2.1694130606636142e-05,0.002184382010782193,2.1843820107821934e-06
2025-06-23,127047,sell,rebalance_resize,119.86,3.4048418735350176e-05,0.004081043469619072,4.081043469619072e-06
2025-06-23,113058,sell,rebalance_resize,123.907,9.67228039691428e-06,0.0011984632471404577,1.1984632471404578e-06
2025-06-23,113691,sell,rebalance_resize,106.541,1.7785971474728995e-06,0.00018949351868891018,1.8949351868891017e-07
2025-06-23,113065,sell,rebalance_resize,130.959,3.242624046579439e-05,0.004246508025159967,4.246508025159968e-06
2025-06-23,127043,sell,rebalance_resize,129.701,1.7521717946877022e-05,0.0022725843394278966,2.2725843394278966e-06
2025-06-23,118023,sell,rebalance_resize,129.001,2.887430058161565e-05,0.0037248136493290007,3.724813649329001e-06
2025-06-23,111019,sell,rebalance_resize,121.902,1.5370234860520924e-06,0.00018736623699672217,1.8736623699672217e-07
2025-06-23,123128,buy,rebalance,124.5,0.0014603286028572263,0.18181091105572467,0.00018181091105572467
2025-06-23,110092,buy,rebalance,85.249,4.129248245921656e-05,0.0035201428371657525,3.5201428371657527e-06
2025-06-23,113691,buy,rebalance,106.541,2.602515235278157e-19,2.7727457568177012e-17,2.7727457568177016e-20
2025-06-23,113062,buy,rebalance,128.744,0.0014121893917831095,0.18181091105572467,0.00018181091105572467
2025-06-23,113042,buy,rebalance,127.871,0.0014218306813564036,0.18181091105572467,0.00018181091105572467
2025-06-23,113068,buy,rebalance,121.965,7.604295181272177e-06,0.0009274578617838611,9.274578617838611e-07
2025-06-23,113629,buy,rebalance,130.5,0.0013931870578982734,0.18181091105572467,0.00018181091105572467
2025-06-23,113628,buy,rebalance,121.944,0.0014909377341708052,0.18181091105572467,0.00018181091105572467
2025-06-23,110093,buy,rebalance,119.11,3.883965862810038e-06,0.0004626191739193037,4.626191739193037e-07
2025-06-23,123198,buy,rebalance,122.127,5.023516867876175e-05,0.006135070445231136,6.135070445231136e-06
2025-06-23,123247,buy,rebalance,122.502,6.853630575520167e-07,8.395834527623715e-05,8.395834527623715e-08
2025-06-23,113056,buy,rebalance,125.299,0.0014510164570804608,0.18181091105572467,0.00018181091105572467
2025-06-23,128130,buy,rebalance,122.52,0.0014839284284665743,0.18181091105572467,0.00018181091105572467
2025-06-25,127043,sell,risk_exit_next_open,128.5,0.0014031910555232726,0.18031005063474054,0.00018031005063474055
2025-07-01,111019,sell,rebalance,126.888,0.0014929638815804824,0.18943920100598424,0.00018943920100598425
2025-07-01,113629,sell,rebalance,143.0,0.0013931870578982734,0.19922574927945308,0.00019922574927945308
2025-07-01,113628,sell,rebalance,126.16,0.0014909377341708052,0.18809670454298877,0.00018809670454298877
2025-07-01,113056,sell,rebalance,126.169,0.0014510164570804608,0.18307329537338465,0.00018307329537338465
2025-07-01,128130,sell,rebalance,127.3,0.0014839284284665743,0.1889040889437949,0.0001889040889437949
2025-07-01,110092,sell,rebalance_resize,88.553,2.8746545347138733e-05,0.0025455928301251762,2.545592830125176e-06
2025-07-01,127061,sell,rebalance_resize,103.684,8.750615797657537e-06,0.000907298848364324,9.072988483643239e-07
2025-07-01,127047,sell,rebalance_resize,128.01,6.148465372051364e-05,0.00787065052276295,7.87065052276295e-06
2025-07-01,110093,sell,rebalance_resize,124.413,2.8919650790736925e-05,0.003597980513827953,3.597980513827953e-06
2025-07-01,113068,sell,rebalance_resize,128.25,3.799721058052857e-05,0.004873142256952789,4.873142256952789e-06
2025-07-01,123198,sell,rebalance_resize,127.703,2.974577002314406e-05,0.003798624069265566,3.798624069265566e-06
2025-07-01,118023,sell,rebalance_resize,137.05,4.9991034305063845e-05,0.006851271251509,6.851271251509001e-06
2025-07-01,113691,buy,rebalance,108.214,1.5199167288625757e-05,0.0016447626889713476,1.6447626889713476e-06
2025-07-01,113065,buy,rebalance,129.5,5.0387588559735396e-05,0.0065251927184857336,6.5251927184857334e-06
2025-07-01,113058,buy,rebalance,126.782,2.2179448970511596e-06,0.00028119548993794013,2.811954899379401e-07
2025-07-01,113062,buy,rebalance,128.884,3.480929381244759e-05,0.004486361023723495,4.4863610237234946e-06
2025-07-01,113042,buy,rebalance,127.698,3.8603496977794214e-05,0.004929589357070365,4.929589357070365e-06
2025-07-01,113631,buy,rebalance,129.678,0.001436699925705097,0.18630837296558558,0.0001863083729655856
2025-07-01,123207,buy,rebalance,120.2,0.00154998646393998,0.18630837296558558,0.0001863083729655856
2025-07-01,123247,buy,rebalance,123.6,2.3221640116320555e-05,0.0028701947183772205,2.8701947183772204e-06
2025-07-01,123146,buy,rebalance,121.8,0.0015296253938061213,0.18630837296558558,0.0001863083729655856
2025-07-01,123156,buy,rebalance,135.0,0.0013800620219673006,0.18630837296558558,0.0001863083729655856
2025-07-01,123128,buy,rebalance,114.968,0.0001616923461620433,0.018589445653557794,1.8589445653557793e-05
2025-07-01,118028,buy,rebalance,137.755,0.001352461783351498,0.18630837296558558,0.0001863083729655856
2025-07-01,113052,buy,rebalance,124.794,0.0014929273279611647,0.18630837296558558,0.0001863083729655856
2025-07-07,113065,sell,risk_exit_next_open,129.79,0.0014400995067358363,0.18691051497924419,0.00018691051497924418
2025-07-07,118028,sell,risk_exit_next_open,124.0,0.001352461783351498,0.16770526113558573,0.00016770526113558574
2025-07-11,123247,sell,rebalance,124.743,0.0015088724699099411,0.18822127851397577,0.00018822127851397577
2025-07-11,123128,sell,rebalance,116.1,0.0016220209490192695,0.18831663218113717,0.00018831663218113717
2025-07-11,123146,sell,rebalance,121.579,0.0015296253938061213,0.1859703257535544,0.0001859703257535544
2025-07-11,127061,sell,rebalance_resize,110.77,0.00010417197754631904,0.01153912995280576,1.153912995280576e-05
2025-07-11,127047,sell,rebalance_resize,130.297,1.6311102071273404e-05,0.0021252876665807108,2.1252876665807107e-06
2025-07-11,113058,sell,rebalance_resize,129.676,2.3521532236545774e-05,0.0030501782143063094,3.0501782143063096e-06
2025-07-11,113042,sell,rebalance_resize,128.9,4.218057075312257e-06,0.0005437075570077499,5.437075570077499e-07
2025-07-11,113691,sell,rebalance_resize,110.87,3.0387243132075944e-05,0.00336903364605326,3.36903364605326e-06
2025-07-11,113052,sell,rebalance_resize,126.68,1.1191789357830861e-05,0.0014177758758500136,1.4177758758500137e-06
2025-07-11,123198,sell,rebalance_resize,129.933,1.5777777852777803e-05,0.002050054009744978,2.050054009744978e-06
2025-07-11,123207,sell,rebalance_resize,123.42,2.911255346946991e-05,0.003593071349201976,3.5930713492019764e-06
2025-07-11,113068,sell,rebalance_resize,130.181,1.2301039049353802e-05,0.0016013615644839274,1.6013615644839274e-06
2025-07-11,110092,sell,rebalance_resize,94.988,0.00012997369238673635,0.012345941092431312,1.2345941092431312e-05
2025-07-11,127047,buy,rebalance,130.297,2.1279570897593e-19,2.772664249243675e-17,2.772664249243675e-20
2025-07-11,118023,buy,rebalance,129.45,8.91218536746045e-05,0.011536823958177553,1.1536823958177553e-05
2025-07-11,113062,buy,rebalance,129.386,3.743686628485999e-06,0.0004843806381132895,4.843806381132895e-07
2025-07-11,123156,buy,rebalance,131.9,4.298832785698065e-05,0.0056701604443357475,5.670160444335747e-06
2025-07-11,123082,buy,rebalance,132.8,0.0014119773209139638,0.1875105882173744,0.0001875105882173744
2025-07-11,113631,buy,rebalance,129.816,9.231296294886411e-06,0.0011983699598169743,1.1983699598169743e-06
2025-07-11,110093,buy,rebalance,124.95,3.2114757996596227e-06,0.00040127390116746986,4.0127390116746986e-07
2025-07-11,123141,buy,rebalance,134.791,0.0013911209815000586,0.1875105882173744,0.0001875105882173744
2025-07-11,113056,buy,rebalance,127.578,0.0014697721254242455,0.1875105882173744,0.0001875105882173744
2025-07-11,110095,buy,rebalance,117.4,0.0015971941074733765,0.1875105882173744,0.0001875105882173744
2025-07-11,123120,buy,rebalance,131.806,0.001422625587737845,0.1875105882173744,0.0001875105882173744
2025-07-16,118023,sell,risk_exit_next_open,116.517,0.001449936030898319,0.16894219651217943,0.00016894219651217944
2025-07-16,123082,sell,risk_exit_next_open,120.4,0.0014119773209139638,0.17000206943804125,0.00017000206943804124
2025-07-22,110092,sell,rebalance,96.404,0.001976104960945281,0.19050442265496886,0.00019050442265496886
2025-07-22,113068,sell,rebalance,144.583,0.0014418867425374697,0.20847231089629498,0.00020847231089629497
2025-07-22,123156,sell,rebalance,185.64,0.0014230503498242812,0.26417506694137954,0.00026417506694137953
2025-07-22,123141,sell,rebalance,149.501,0.0013911209815000586,0.20797397785524027,0.00020797397785524027
2025-07-22,110095,sell,rebalance,118.033,0.0015971941074733765,0.18852161208740503,0.00018852161208740505
2025-07-22,113691,sell,rebalance_resize,115.924,2.0805599795980286e-05,0.002411868350749219,2.4118683507492188e-06
2025-07-22,123120,sell,rebalance_resize,142.3,6.035598619736199e-05,0.008588656835884612,8.588656835884612e-06
2025-07-22,127047,buy,rebalance,130.68,4.2755772165664545e-05,0.005587324306609043,5.5873243066090435e-06
2025-07-22,113058,buy,rebalance,130.987,3.239065976456571e-05,0.004242755350581168,4.242755350581168e-06
2025-07-22,113042,buy,rebalance,128.32,5.441298925148567e-05,0.006982274780750641,6.982274780750641e-06
2025-07-22,127061,buy,rebalance,111.1,5.022392837309936e-05,0.005579878442251339,5.5798784422513385e-06
2025-07-22,113062,buy,rebalance,128.99,5.204233124062947e-05,0.006712940306728796,6.712940306728796e-06
2025-07-22,113631,buy,rebalance,131.92,2.350358300778367e-05,0.0031005926703868217,3.1005926703868216e-06
2025-07-22,123247,buy,rebalance,128.711,0.0015045784366523238,0.19365579515995726,0.00019365579515995726
2025-07-22,113052,buy,rebalance,126.291,5.3165582574977364e-05,0.006714334588976466,6.714334588976466e-06
2025-07-22,110093,buy,rebalance,127.003,2.407761098527806e-05,0.0030579288279632697,3.0579288279632696e-06
2025-07-22,123063,buy,rebalance,141.0,0.0013734453557443778,0.19365579515995726,0.00019365579515995726
2025-07-22,123198,buy,rebalance,133.872,3.3899286362737586e-06,0.00045381652639524066,4.538165263952407e-07
2025-07-22,123207,buy,rebalance,126.73,8.754797282029062e-06,0.0011094954595515431,1.1094954595515432e-06
2025-07-22,128130,buy,rebalance,135.5,0.0014291940602210867,0.19365579515995726,0.00019365579515995726
2025-07-22,123236,buy,rebalance,134.604,0.0014387075804579155,0.19365579515995726,0.00019365579515995726
2025-07-22,128133,buy,rebalance,136.995,0.0014135975412238203,0.19365579515995726,0.00019365579515995726
2025-07-22,113056,buy,rebalance,126.065,6.786593369013888e-05,0.008555518930647358,8.555518930647358e-06
2025-07-22,128132,buy,rebalance,132.92,0.0014569349620821342,0.19365579515995726,0.00019365579515995726
2025-07-22,123120,buy,rebalance,142.3,1.948533471803261e-19,2.772763130376041e-17,2.772763130376041e-20
2025-07-22,111019,buy,rebalance,133.01,0.0014559491403650648,0.19365579515995726,0.00019365579515995726
2025-07-31,113691,sell,rebalance,120.323,0.0016722245980056824,0.20120708030583773,0.00020120708030583773
2025-07-31,113056,sell,rebalance,125.0,0.0015376380591143844,0.19220475738929804,0.00019220475738929805
2025-07-31,123120,sell,rebalance,146.231,0.0013622696015404832,0.19920604610286638,0.00019920604610286637
2025-07-31,123063,sell,rebalance,166.498,0.0013734453557443778,0.2286759048407274,0.0002286759048407274
2025-07-31,123236,sell,rebalance,135.254,0.0014387075804579155,0.19459095508725488,0.00019459095508725488
2025-07-31,128133,sell,rebalance,158.0,0.0014135975412238203,0.2233484115133636,0.0002233484115133636
2025-07-31,111019,sell,rebalance,131.83,0.0014559491403650648,0.1919377751743265,0.00019193777517432652
2025-07-31,123247,sell,rebalance_resize,135.388,4.3839291096339516e-05,0.005935313942951215,5.935313942951215e-06
2025-07-31,127047,buy,rebalance,124.5,0.00010502206118071226,0.013075246616998677,1.3075246616998678e-05
2025-07-31,113058,buy,rebalance,132.538,1.2244941527762156e-05,0.0016229200602065408,1.6229200602065408e-06
2025-07-31,113062,buy,rebalance,129.23,2.7533169009736123e-05,0.0035581114311281988,3.558111431128199e-06
2025-07-31,113042,buy,rebalance,127.335,4.244839364144771e-05,0.005405166204333744,5.405166204333744e-06
2025-07-31,128130,buy,rebalance,135.45,3.084548348635339e-05,0.004178020738226567,4.178020738226567e-06
2025-07-31,113068,buy,rebalance,133.904,0.001475446356007707,0.197568168854856,0.000197568168854856
2025-07-31,123141,buy,rebalance,136.0,0.0014527071239327648,0.197568168854856,0.000197568168854856
2025-07-31,113631,buy,rebalance,131.786,3.1198213692119326e-05,0.004111487789629637,4.111487789629638e-06
2025-07-31,113641,buy,rebalance,135.42,0.0014589290271367304,0.197568168854856,0.000197568168854856
2025-07-31,123087,buy,rebalance,135.8,0.0014548466042331074,0.197568168854856,0.000197568168854856
2025-07-31,127061,buy,rebalance,112.349,1.548949985743637e-05,0.001740229819483119,1.740229819483119e-06
2025-07-31,123198,buy,rebalance,133.855,2.94102428398383e-05,0.0039367080553265555,3.936708055326556e-06
2025-07-31,123207,buy,rebalance,125.399,4.742198846720406e-05,0.005946669931798923,5.946669931798923e-06
2025-07-31,110093,buy,rebalance,127.001,3.084847896903019e-05,0.003917787677545803,3.9177876775458035e-06
2025-07-31,113052,buy,rebalance,124.831,4.932370222751669e-05,0.006157127072763136,6.157127072763136e-06
2025-07-31,127077,buy,rebalance,136.0,0.0014527071239327648,0.197568168854856,0.000197568168854856
2025-07-31,128132,buy,rebalance,133.532,2.4083238042852367e-05,0.0032158829423381626,3.215882942338163e-06
2025-07-31,113606,buy,rebalance,141.117,0.0014000309590967497,0.197568168854856,0.000197568168854856
2025-07-31,123107,buy,rebalance,125.833,0.001570082322243418,0.197568168854856,0.000197568168854856
2025-08-01,123087,sell,risk_exit_next_open,131.4,0.0014548466042331074,0.19116684379623033,0.00019116684379623034
2025-08-04,113068,sell,risk_exit_next_open,129.5,0.001475446356007707,0.19107030310299808,0.00019107030310299808
2025-08-04,123141,sell,risk_exit_next_open,129.01,0.0014527071239327648,0.18741374605856598,0.000187413746058566
2025-08-12,123247,sell,rebalance,144.71,0.0014607391455559843,0.2113835617534065,0.0002113835617534065
2025-08-12,128132,sell,rebalance,176.0,0.0014810182001249866,0.26065920322199765,0.00026065920322199766
2025-08-12,127077,sell,rebalance,138.33,0.0014527071239327648,0.20095297645361937,0.0002009529764536194
2025-08-12,113606,sell,rebalance,182.4,0.0014000309590967497,0.2553656469392472,0.0002553656469392472
2025-08-12,123107,sell,rebalance,127.75,0.001570082322243418,0.20057801666659664,0.00020057801666659665
2025-08-12,110093,sell,rebalance_resize,133.4,1.6275211447569143e-05,0.0021711132071057238,2.1711132071057237e-06
2025-08-12,127047,buy,rebalance,128.899,6.317609644974972e-06,0.0008143335656276289,8.143335656276289e-07
2025-08-12,128130,buy,rebalance,131.0,0.00010898003016035101,0.014276383951005982,1.4276383951005982e-05
2025-08-12,113062,buy,rebalance,131.8,2.9257224544682308e-05,0.0038561021949891287,3.856102194989129e-06
2025-08-12,123206,buy,rebalance,129.998,0.001579641578411689,0.20535024591036274,0.00020535024591036274
2025-08-12,113058,buy,rebalance,135.455,2.5358477270855863e-05,0.003434932538723781,3.434932538723781e-06
2025-08-12,113042,buy,rebalance,127.831,5.4895776692876656e-05,0.007017382030427116,7.017382030427116e-06
2025-08-12,123207,buy,rebalance,127.972,2.9176605511910035e-05,0.0037337885605701507,3.7337885605701507e-06
2025-08-12,128131,buy,rebalance,138.2,0.0014858917938521184,0.20535024591036274,0.00020535024591036274
2025-08-12,113631,buy,rebalance,134.974,2.2273975007501394e-05,0.003006407502662493,3.006407502662493e-06
2025-08-12,123198,buy,rebalance,138.11,1.0898922321008613e-05,0.0015052501617544996,1.5052501617544996e-06
2025-08-12,113632,buy,rebalance,138.0,0.00148804526022002,0.20535024591036274,0.00020535024591036274
2025-08-12,127061,buy,rebalance,113.196,5.560092680896289e-05,0.006293802511067363,6.293802511067363e-06
2025-08-12,113052,buy,rebalance,125.701,5.1000352418390585e-05,0.006410795299344115,6.410795299344115e-06
2025-08-12,123145,buy,rebalance,140.02,0.0014665779596512122,0.20535024591036274,0.00020535024591036274
2025-08-12,128127,buy,rebalance,125.386,0.001637744611921289,0.20535024591036274,0.00020535024591036274
2025-08-12,113641,buy,rebalance,138.005,3.0521654309563434e-05,0.004212140902991301,4.2121409029913015e-06
2025-08-12,113663,buy,rebalance,141.66,0.0014495993640432213,0.20535024591036274,0.00020535024591036274
2025-08-12,113056,buy,rebalance,125.55,0.0016356053039455415,0.20535024591036274,0.00020535024591036274
2025-08-12,128141,buy,rebalance,134.9,0.0015222405182384192,0.20535024591036274,0.00020535024591036274
2025-08-13,123206,sell,risk_exit_next_open,129.4,0.001579641578411689,0.20440562024647257,0.00020440562024647257
2025-08-18,123145,sell,risk_exit_next_open,140.05,0.0014665779596512122,0.2053942432491523,0.00020539424324915229
2025-08-21,113058,sell,rebalance,141.204,0.001517495991255358,0.21427650394922157,0.00021427650394922158
2025-08-21,128131,sell,rebalance,158.193,0.0014858917938521184,0.23505768054484819,0.0002350576805448482
2025-08-21,113663,sell,rebalance,158.882,0.0014495993640432213,0.2303152461579151,0.0002303152461579151
2025-08-21,113056,sell,rebalance,126.344,0.0016356053039455415,0.20664891652169548,0.00020664891652169548
2025-08-21,128141,sell,rebalance,141.003,0.0015222405182384192,0.2146404797931718,0.00021464047979317182
2025-08-21,127047,sell,rebalance_resize,138.988,7.918406762473649e-05,0.011005635191026876,1.1005635191026876e-05
2025-08-21,123207,sell,rebalance_resize,131.3,1.9750432473591953e-06,0.00025932317837826235,2.5932317837826237e-07
2025-08-21,113631,sell,rebalance_resize,139.1,8.612805792306056e-06,0.0011980412857097722,1.1980412857097723e-06
2025-08-21,128130,buy,rebalance,131.199,3.6430945984632264e-05,0.004779703682237769,4.779703682237769e-06
2025-08-21,113062,buy,rebalance,130.916,4.9332983387271626e-05,0.006458476853128052,6.458476853128052e-06
2025-08-21,123198,buy,rebalance,135.105,7.066208145955435e-05,0.00954680051559309,9.54680051559309e-06
2025-08-21,113641,buy,rebalance,137.188,4.590206687830842e-05,0.006297212750901375,6.297212750901375e-06
2025-08-21,123130,buy,rebalance,136.301,0.0015438344166013459,0.21042617481718,0.00021042617481718
2025-08-21,127061,buy,rebalance,114.398,2.5377702071788747e-05,0.002903158361608489,2.903158361608489e-06
2025-08-21,113046,buy,rebalance,139.0,0.0015138573727854676,0.21042617481718,0.00021042617481718
2025-08-21,113042,buy,rebalance,128.113,3.6150674563945986e-05,0.004631371370410812,4.631371370410812e-06
2025-08-21,128127,buy,rebalance,125.0,4.731425926689674e-05,0.005914282408362092,5.914282408362092e-06
2025-08-21,113632,buy,rebalance,141.2,3.7238009633299973e-06,0.0005258006960221956,5.258006960221956e-07
2025-08-21,113052,buy,rebalance,125.867,3.8235458071614564e-05,0.00481258240109991,4.81258240109991e-06
2025-08-21,118031,buy,rebalance,125.277,0.0016796872116763653,0.21042617481718,0.00021042617481718
2025-08-21,110093,buy,rebalance,133.193,4.051255393524763e-05,0.005395988596297438,5.3959885962974375e-06
2025-08-21,123169,buy,rebalance,147.729,0.0014244066826227754,0.21042617481718,0.00021042617481718
2025-08-21,127089,buy,rebalance,126.687,0.0016609926418431253,0.21042617481718,0.00021042617481718
2025-08-21,123146,buy,rebalance,128.39,0.0016389607821261783,0.21042617481718,0.00021042617481718
2025-08-21,123247,buy,rebalance,146.1,0.0014402886708910338,0.21042617481718,0.00021042617481718
2025-08-25,123130,sell,risk_exit_next_open,125.9,0.0015438344166013459,0.19436875305010945,0.00019436875305010946
2025-08-26,123169,sell,risk_exit_next_open,149.6,0.0014244066826227754,0.2130912397203672,0.0002130912397203672
2025-09-01,113641,sell,risk_exit_next_open,139.5,0.0015353527483246024,0.21418170839128203,0.00021418170839128205
2025-09-11,113052,sell,rebalance,123.554,0.0016734606338958333,0.2067627551603658,0.0002067627551603658
2025-09-11,128130,sell,rebalance,154.253,0.0016054505198524235,0.24764555903879587,0.0002476455590387959
2025-09-11,113632,sell,rebalance,137.472,0.0014917690611833498,0.20507647637899748,0.00020507647637899747
2025-09-11,128127,sell,rebalance,119.018,0.0016850588711881857,0.2005523367310755,0.0002005523367310755
2025-09-11,113046,sell,rebalance,131.01,0.0015138573727854676,0.1983304544086241,0.0001983304544086241
2025-09-11,123247,sell,rebalance,180.972,0.0014402886708910338,0.2606519213484922,0.0002606519213484922
2025-09-11,110093,sell,rebalance_resize,134.799,1.27151143653334e-05,0.001713984701332577,1.713984701332577e-06
2025-09-11,127089,sell,rebalance_resize,127.818,6.619682882229232e-06,0.000846114626640776,8.46114626640776e-07
2025-09-11,123146,sell,rebalance_resize,136.187,8.625279334263972e-05,0.011746509166954078,1.1746509166954078e-05
2025-09-11,127047,buy,rebalance,130.71,0.0001021520911384748,0.013352299832710041,1.3352299832710042e-05
2025-09-11,113062,buy,rebalance,130.77,8.110918122537027e-06,0.001060664762884167,1.060664762884167e-06
2025-09-11,123198,buy,rebalance,129.259,7.685231723618023e-05,0.00993385367363142,9.93385367363142e-06
2025-09-11,123166,buy,rebalance,133.649,0.001580601802468392,0.21124585029809811,0.00021124585029809811
2025-09-11,127061,buy,rebalance,113.038,2.9406047557329788e-05,0.0033240008037854446,3.3240008037854447e-06
2025-09-11,127086,buy,rebalance,136.3,0.001549859503287587,0.21124585029809811,0.00021124585029809811
2025-09-11,123207,buy,rebalance,125.481,8.085085147131877e-05,0.010145245693472551,1.014524569347255e-05
2025-09-11,118031,buy,rebalance,124.11,2.4088723599291397e-05,0.0029896514859080554,2.9896514859080553e-06
2025-09-11,113631,buy,rebalance,135.68,4.4171362031080246e-05,0.0059931704003769685,5.9931704003769685e-06
2025-09-11,128141,buy,rebalance,132.95,0.0015889119992335324,0.21124585029809811,0.00021124585029809811
2025-09-11,113042,buy,rebalance,125.0,4.749734242605924e-05,0.005937167803257404,5.937167803257405e-06
2025-09-11,123107,buy,rebalance,128.956,0.0016381234707814924,0.21124585029809811,0.00021124585029809811
2025-09-11,123146,buy,rebalance,136.187,2.0359979257752082e-19,2.772764495175483e-17,2.772764495175483e-20
2025-09-11,113685,buy,rebalance,135.298,0.001561337568168769,0.21124585029809811,0.00021124585029809811
2025-09-11,111015,buy,rebalance,120.8,0.0017487239263087593,0.21124585029809811,0.00021124585029809811
2025-09-11,113681,buy,rebalance,134.222,0.001573854139396657,0.21124585029809811,0.00021124585029809811
2025-09-11,113058,buy,rebalance,135.29,0.0015614298935479201,0.21124585029809811,0.00021124585029809811
2025-09-11,127105,buy,rebalance,130.035,0.0016245307055646411,0.21124585029809811,0.00021124585029809811
2025-09-23,118031,sell,rebalance,122.351,0.0017037759352756567,0.20845868945691187,0.00020845868945691188
2025-09-23,127086,sell,rebalance,138.6,0.001549859503287587,0.21481052715565954,0.00021481052715565955
2025-09-23,111015,sell,rebalance,118.57,0.0017487239263087593,0.2073461959424296,0.0002073461959424296
2025-09-23,127105,sell,rebalance,126.599,0.0016245307055646411,0.205663962793778,0.000205663962793778
2025-09-23,127047,sell,rebalance_resize,129.85,1.540549117745668e-05,0.00200040302939275,2.00040302939275e-06
2025-09-23,127061,sell,rebalance_resize,111.948,1.2172456389665234e-05,0.0013626821479102436,1.3626821479102437e-06
2025-09-23,123198,sell,rebalance_resize,127.56,4.826956860720491e-06,0.0006157266171535059,6.157266171535059e-07
2025-09-23,113685,sell,rebalance_resize,138.101,5.480541738856995e-05,0.0075686829467788985,7.568682946778898e-06
2025-09-23,113058,sell,rebalance_resize,134.08,9.717508741116261e-06,0.0013029235720088683,1.3029235720088684e-06
2025-09-23,123107,sell,rebalance_resize,128.789,2.2662549779727424e-05,0.002918687123581315,2.918687123581315e-06
2025-09-23,123166,buy,rebalance,127.5,4.102657984876583e-05,0.005230888930717643,5.230888930717643e-06
2025-09-23,113062,buy,rebalance,126.805,1.9008172464876278e-05,0.0024103313094086367,2.4103313094086366e-06
2025-09-23,110093,buy,rebalance,132.352,2.6253189313524003e-06,0.0003474662112023529,3.4746621120235294e-07
2025-09-23,113631,buy,rebalance,132.5,9.417133210929427e-06,0.0012477701504481492,1.2477701504481493e-06
2025-09-23,123146,buy,rebalance,133.465,4.932546517077202e-06,0.0006583223209017088,6.583223209017088e-07
2025-09-23,113657,buy,rebalance,133.98,0.0012445318258472995,0.16674237402702116,0.00016674237402702116
2025-09-23,113042,buy,rebalance,120.399,2.9182784730973635e-05,0.003513578098824495,3.5135780988244948e-06
2025-09-23,128141,buy,rebalance,130.164,7.600727458979948e-06,0.0009893410889706658,9.893410889706658e-07
2025-09-23,110081,buy,rebalance,127.29,0.001309940875379222,0.16674237402702116,0.00016674237402702116
2025-09-23,127089,buy,rebalance,124.272,1.5873497892422968e-05,0.001972631330087187,1.972631330087187e-06
2025-09-23,113676,buy,rebalance,132.755,0.0012560157736207387,0.16674237402702116,0.00016674237402702116
2025-09-23,127040,buy,rebalance,126.665,0.0013164044844828577,0.16674237402702116,0.00016674237402702116
2025-09-23,113656,buy,rebalance,131.396,0.001269006469200137,0.16674237402702116,0.00016674237402702116
2025-09-23,113681,buy,rebalance,131.088,1.0639182529196736e-05,0.0013946691593873417,1.3946691593873418e-06
2025-10-09,123166,sell,risk_exit_next_open,121.15,0.0016216283823171577,0.19646027851772366,0.00019646027851772367
2025-10-09,123207,sell,rebalance,197.993,0.0016851031099556128,0.33363862004944167,0.0003336386200494417
2025-10-09,113058,sell,rebalance,141.328,0.0015517123848068038,0.219300407919976,0.000219300407919976
2025-10-09,113657,sell,rebalance,138.833,0.0012445318258472995,0.17278208697785813,0.00017278208697785814
2025-10-09,113656,sell,rebalance,132.901,0.001269006469200137,0.1686522287631674,0.0001686522287631674
2025-10-09,113685,sell,rebalance_resize,146.706,1.0843647347903803e-05,0.0015908281278215752,1.5908281278215753e-06
2025-10-09,127061,buy,rebalance,112.46,6.834867079303097e-05,0.007686491517384262,7.686491517384262e-06
2025-10-09,113628,buy,rebalance,138.393,0.001169444501495929,0.1618429328955261,0.0001618429328955261
2025-10-09,127047,buy,rebalance,133.576,2.9833190241977747e-05,0.003984998219762419,3.984998219762419e-06
2025-10-09,113062,buy,rebalance,128.969,4.8209313528730287e-05,0.006217506956486816,6.2175069564868165e-06
2025-10-09,110093,buy,rebalance,135.76,3.316199263251055e-05,0.0045020721197896315,4.502072119789632e-06
2025-10-09,123243,buy,rebalance,142.465,0.0011360189021550984,0.1618429328955261,0.0001618429328955261
2025-10-09,118031,buy,rebalance,126.353,0.0012808792264174661,0.1618429328955261,0.0001618429328955261
2025-10-09,123198,buy,rebalance,132.0,2.3083383570336506e-05,0.003047006631284419,3.047006631284419e-06
2025-10-09,127089,buy,rebalance,129.088,2.1813279858781836e-05,0.0028158326704104293,2.8158326704104293e-06
2025-10-09,113631,buy,rebalance,134.903,4.327141486318907e-05,0.005837443679288795,5.837443679288795e-06
2025-10-09,113042,buy,rebalance,122.788,4.885024671380752e-05,0.005998224093494997,5.998224093494997e-06
2025-10-09,128141,buy,rebalance,133.138,3.805899174588492e-05,0.005067098043063626,5.0670980430636265e-06
2025-10-09,113686,buy,rebalance,141.007,0.0011477652378642626,0.1618429328955261,0.0001618429328955261
2025-10-09,113691,buy,rebalance,127.89,0.0012654854397961225,0.1618429328955261,0.0001618429328955261
2025-10-09,127078,buy,rebalance,141.585,0.0011430796545928317,0.1618429328955261,0.0001618429328955261
2025-10-09,123107,buy,rebalance,131.12,4.2792038794517626e-05,0.005610892126737151,5.610892126737151e-06
2025-10-09,113676,buy,rebalance,136.926,0.0002555710364772101,0.034994319740678466,3.4994319740678464e-05
2025-10-09,127040,buy,rebalance,133.998,0.00023685737801512063,0.03173841493927013,3.173841493927013e-05
2025-10-09,113681,buy,rebalance,135.979,2.152666623532419e-05,0.002927174548013148,2.927174548013148e-06
2025-10-13,123146,sell,rebalance,160.0,0.001557640535300616,0.24922248564809857,0.00024922248564809857
2025-10-13,110081,sell,rebalance,108.0,0.001309940875379222,0.14147361454095597,0.00014147361454095597
2025-10-13,113676,sell,rebalance,134.477,0.0015115868100979489,0.20327365946154188,0.0002032736594615419
2025-10-13,127078,sell,rebalance,142.587,0.0011430796545928317,0.16298829870942808,0.00016298829870942807
2025-10-13,127061,sell,rebalance_resize,113.0,5.366520688560372e-06,0.000606416837807322,6.06416837807322e-07
2025-10-13,113042,sell,rebalance_resize,124.302,2.2894784268025066e-05,0.0028458674740840517,2.8458674740840516e-06
2025-10-13,110093,sell,rebalance_resize,138.43,3.5995885078835516e-05,0.004982910371463201,4.982910371463201e-06
2025-10-13,113681,sell,rebalance_resize,135.728,6.3080277402328416e-06,0.0008561759891263232,8.561759891263232e-07
2025-10-13,113628,buy,rebalance,133.81,0.00045273910124091584,0.06058101913704695,6.058101913704695e-05
2025-10-13,113685,buy,rebalance,133.999,0.00012453861880680825,0.0166880503814935,1.66880503814935e-05
2025-10-13,127047,buy,rebalance,131.427,1.9948734974307197e-05,0.0026218023914682718,2.621802391468272e-06
2025-10-13,113062,buy,rebalance,128.74,2.3054182143484247e-06,0.0002967995409152162,2.967995409152162e-07
2025-10-13,118031,buy,rebalance,125.345,0.0004508891056911948,0.05651669495286281,5.651669495286281e-05
2025-10-13,113686,buy,rebalance,136.9,0.00043780847111253086,0.05993597969530547,5.993597969530547e-05
2025-10-13,127089,buy,rebalance,127.744,7.62650207067001e-06,0.0009742398805156697,9.742398805156698e-07
2025-10-13,113691,buy,rebalance,127.943,0.0004311284812258997,0.05515987127348528,5.515987127348528e-05
2025-10-13,123243,buy,rebalance,140.0,0.00041445949524446897,0.058024329334225654,5.8024329334225654e-05
2025-10-13,113631,buy,rebalance,134.69,8.852833476157882e-07,0.0001192388140903705,1.1923881409037051e-07
2025-10-13,123198,buy,rebalance,130.1,1.4790224229737407e-05,0.0019242081722888366,1.9242081722888367e-06
2025-10-13,127040,buy,rebalance,130.25,0.00011361511864462605,0.014798369203462544,1.4798369203462544e-05
2025-10-13,128141,buy,rebalance,131.744,1.350261103725456e-05,0.001778887988492065,1.778887988492065e-06
2025-10-13,123107,buy,rebalance,130.039,1.1432290456296137e-05,0.0014866436186462932,1.4866436186462933e-06
2025-10-13,113058,buy,rebalance,141.999,0.0015275189499856746,0.2169061633790158,0.0002169061633790158
2025-10-13,111017,buy,rebalance,134.55,0.001612085941129809,0.2169061633790158,0.0002169061633790158
2025-10-15,113628,sell,risk_exit_next_open,132.242,0.0016221836027368447,0.2145208039931258,0.00021452080399312582
2025-10-17,113685,sell,risk_exit_next_open,122.0,0.0016202271222391037,0.19766770891317065,0.00019766770891317066
2025-10-21,123107,sell,rebalance,129.388,0.0016696852502525786,0.21603723515968065,0.00021603723515968066
2025-10-21,127040,sell,rebalance,127.568,0.0016668769811426043,0.21264016273039973,0.00021264016273039974
2025-10-21,123243,sell,rebalance,149.748,0.0015504783973995673,0.2321810390537904,0.0002321810390537904
2025-10-21,113686,sell,rebalance,143.0,0.0015855737089767933,0.22673704038368145,0.00022673704038368145
2025-10-21,111017,sell,rebalance,136.6,0.001612085941129809,0.2202109395583319,0.00022021093955833191
2025-10-21,127061,sell,rebalance_resize,115.324,3.767542166762965e-05,0.004344880328397721,4.344880328397721e-06
2025-10-21,118031,sell,rebalance_resize,125.886,6.029865674778563e-06,0.0007590756703351742,7.590756703351742e-07
2025-10-21,113062,sell,rebalance_resize,130.215,1.8175642432775022e-05,0.0023667412793837994,2.3667412793837996e-06
2025-10-21,113042,sell,rebalance_resize,126.0,2.2582460999585773e-05,0.0028453900859478076,2.8453900859478077e-06
2025-10-21,123198,sell,rebalance_resize,132.255,2.626684884741423e-05,0.0034739220943147686,3.4739220943147687e-06
2025-10-21,113681,sell,rebalance_resize,136.7,1.0492409685789929e-05,0.001434312404047483,1.434312404047483e-06
2025-10-21,113631,sell,rebalance_resize,138.66,4.5283917748281715e-05,0.0062790680349767425,6.279068034976743e-06
2025-10-21,128141,sell,rebalance_resize,133.095,1.580931136456047e-05,0.002104140296066176,2.104140296066176e-06
2025-10-21,110093,buy,rebalance,129.794,0.0001051836219700258,0.01365220302997753,1.365220302997753e-05
2025-10-21,127078,buy,rebalance,131.404,0.0016515932607111474,0.2170259608304876,0.0002170259608304876
2025-10-21,123146,buy,rebalance,138.201,0.001570364619868797,0.2170259608304876,0.0002170259608304876
2025-10-21,123128,buy,rebalance,136.185,0.0015936113436170476,0.2170259608304876,0.0002170259608304876
2025-10-21,127089,buy,rebalance,127.351,6.193665800129538e-06,0.0007887695333122967,7.887695333122967e-07
2025-10-21,127047,buy,rebalance,129.99,1.9191584594876386e-05,0.0024947140814879816,2.4947140814879818e-06
2025-10-21,110081,buy,rebalance,112.56,0.001928091336447118,0.2170259608304876,0.0002170259608304876
2025-10-21,113058,buy,rebalance,142.0,2.3822410238821904e-06,0.00033827822539127104,3.3827822539127104e-07
2025-10-21,113047,buy,rebalance,135.673,0.0015996252815997849,0.2170259608304876,0.0002170259608304876
2025-10-21,113056,buy,rebalance,125.601,0.0017278999437145214,0.2170259608304876,0.0002170259608304876
2025-10-21,113691,buy,rebalance,125.65,3.2333056131286275e-05,0.004062648502896121,4.062648502896121e-06
2025-10-21,113676,buy,rebalance,135.574,0.0016007933735855517,0.2170259608304876,0.0002170259608304876
2025-10-31,128141,sell,rebalance,135.228,0.0016322650181110913,0.22072793386912667,0.00022072793386912669
2025-10-31,113691,sell,rebalance,127.943,0.0017289469771533084,0.22120666309792575,0.00022120666309792577
2025-10-31,113058,sell,rebalance,150.807,0.0015299011910095569,0.23071980891257823,0.00023071980891257825
2025-10-31,123146,sell,rebalance,150.4,0.001570364619868797,0.23618283882826707,0.00023618283882826708
2025-10-31,123128,sell,rebalance,134.4,0.0015936113436170476,0.2141813645821312,0.0002141813645821312
2025-10-31,113676,sell,rebalance,136.0,0.0016007933735855517,0.21770789880763503,0.00021770789880763502
2025-10-31,118031,sell,rebalance_resize,128.62,1.578420547156919e-05,0.0020301645077532293,2.0301645077532293e-06
2025-10-31,127061,sell,rebalance_resize,117.199,7.2023110620936795e-06,0.0008441036541663172,8.441036541663172e-07
2025-10-31,110081,sell,rebalance_resize,118.5,7.2105538599247e-05,0.00854450632401077,8.54450632401077e-06
2025-10-31,127089,sell,rebalance_resize,131.224,2.985785796815961e-05,0.003918067554013777,3.918067554013777e-06
2025-10-31,110093,sell,rebalance_resize,132.0,7.501911419144737e-06,0.0009902523073271052,9.902523073271052e-07
2025-10-31,127078,buy,rebalance,129.9,4.146959807011546e-05,0.005386900789307998,5.386900789307998e-06
2025-10-31,113047,buy,rebalance,133.0,5.3961589353554864e-05,0.0071768913840227965,7.176891384022797e-06
2025-10-31,113671,buy,rebalance,133.92,0.0016406209871322412,0.21971196259674972,0.00021971196259674972
2025-10-31,113621,buy,rebalance,137.1,0.0016025671961834406,0.21971196259674972,0.00021971196259674972
2025-10-31,113045,buy,rebalance,137.2,0.001601399144291179,0.21971196259674972,0.00021971196259674972
2025-10-31,113062,buy,rebalance,129.706,2.7243356206530106e-05,0.0035336267601241934,3.5336267601241937e-06
2025-10-31,127047,buy,rebalance,129.88,2.2108617200630833e-05,0.0028714672020179323,2.8714672020179323e-06
2025-10-31,113042,buy,rebalance,125.588,2.703227742667474e-05,0.003394929657461227,3.394929657461227e-06
2025-10-31,113056,buy,rebalance,126.68,8.232528698419757e-06,0.0010428967355158149,1.0428967355158148e-06
2025-10-31,113631,buy,rebalance,135.25,5.931624089916062e-05,0.008022521581611474,8.022521581611474e-06
2025-10-31,110092,buy,rebalance,103.6,0.0021207718397369666,0.21971196259674972,0.00021971196259674972
2025-10-31,113053,buy,rebalance,133.942,0.0016403515148105128,0.21971196259674972,0.00021971196259674972
2025-10-31,123198,buy,rebalance,132.298,1.9763905012094437e-05,0.0026147251052900697,2.61472510529007e-06
2025-10-31,110095,buy,rebalance,129.439,0.0016974170273005025,0.21971196259674972,0.00021971196259674972
2025-10-31,113681,buy,rebalance,135.106,3.8606292460988515e-05,0.005215941749234314,5.215941749234315e-06
2025-11-04,113621,sell,risk_exit_next_open,128.0,0.0016025671961834406,0.2051286011114804,0.0002051286011114804
2025-11-07,113047,sell,risk_exit_next_open,124.632,0.0016535868709533397,0.20608983890065663,0.00020608983890065664
2025-11-11,113681,sell,rebalance,138.923,0.0016278258431961436,0.22614244961433785,0.00022614244961433787
2025-11-11,113045,sell,rebalance,136.434,0.001601399144291179,0.2184852908522227,0.0002184852908522227
2025-11-11,110095,sell,rebalance,133.1,0.0016974170273005025,0.22592620633369687,0.00022592620633369686
2025-11-11,110092,sell,rebalance_resize,110.12,9.689069499056583e-05,0.01066960333236111,1.066960333236111e-05
2025-11-11,113042,sell,rebalance_resize,127.8,7.314278031083295e-06,0.0009347647323724451,9.34764732372445e-07
2025-11-11,127089,sell,rebalance_resize,133.529,6.9479753682426925e-06,0.0009277562029460785,9.277562029460785e-07
2025-11-11,110081,sell,rebalance_resize,122.0,2.9184226868578747e-05,0.003560475677966607,3.560475677966607e-06
2025-11-11,118031,sell,rebalance_resize,138.9,0.00010542012374508019,0.014642855188191639,1.464285518819164e-05
2025-11-11,127047,sell,rebalance_resize,134.404,3.513514395697535e-05,0.004722303888393314,4.722303888393315e-06
2025-11-11,127061,sell,rebalance_resize,121.39,4.060720450987253e-05,0.004929308555453427,4.929308555453427e-06
2025-11-11,123198,sell,rebalance_resize,135.36,1.5899348977275772e-05,0.0021521358775640487,2.1521358775640487e-06
2025-11-11,113053,sell,rebalance_resize,137.8,2.3009049937699652e-05,0.0031706470814150123,3.1706470814150125e-06
2025-11-11,110093,sell,rebalance_resize,137.632,4.685240045496615e-05,0.006448389579417901,6.448389579417902e-06
2025-11-11,113631,buy,rebalance,129.601,9.349155354726132e-05,0.012116598831278615,1.2116598831278615e-05
2025-11-11,127078,buy,rebalance,129.844,2.3355455685103972e-05,0.00303256578797664,3.03256578797664e-06
2025-11-11,127089,buy,rebalance,133.529,2.0764458562970863e-19,2.7726573874549363e-17,2.772657387454936e-20
2025-11-11,113056,buy,rebalance,127.7,9.118691629750379e-06,0.0011644569211191234,1.1644569211191235e-06
2025-11-11,113062,buy,rebalance,130.7,9.581521669138461e-06,0.0012523048821563968,1.2523048821563968e-06
2025-11-11,123240,buy,rebalance,139.1,0.0016005529510783518,0.22263691549499873,0.00022263691549499873
2025-11-11,127040,buy,rebalance,136.001,0.00163702410640362,0.22263691549499873,0.00022263691549499873
2025-11-11,113671,buy,rebalance,133.8,2.5046324803029762e-05,0.0033511982586453826,3.351198258645383e-06
2025-11-11,110082,buy,rebalance,142.622,0.0015610278603230827,0.22263691549499873,0.00022263691549499873
2025-11-11,123212,buy,rebalance,138.6,0.0016063269516233675,0.22263691549499873,0.00022263691549499873
2025-11-11,128141,buy,rebalance,136.97,0.0016254429108198782,0.22263691549499873,0.00022263691549499873
2025-11-19,123240,sell,risk_exit_next_open,123.002,0.0016005529510783518,0.19687121408853941,0.00019687121408853942
2025-11-19,123212,sell,risk_exit_next_open,118.6,0.0016063269516233675,0.19051037646253138,0.00019051037646253139
2025-11-21,110093,sell,rebalance,130.001,0.0016193166680675544,0.21051278616545013,0.00021051278616545014
2025-11-21,127078,sell,rebalance,134.977,0.0017164183144663667,0.2316769948317268,0.0002316769948317268
2025-11-21,113053,sell,rebalance,132.5,0.0016173424648728131,0.21429787659564775,0.00021429787659564775
2025-11-21,128141,sell,rebalance,134.283,0.0016254429108198782,0.2182693503936257,0.0002182693503936257
2025-11-21,113631,sell,rebalance_resize,130.094,5.497805920132664e-05,0.007152315633737388,7.152315633737388e-06
2025-11-21,113042,sell,rebalance_resize,127.8,4.943071047236402e-05,0.006317244798368121,6.317244798368122e-06
2025-11-21,113056,sell,rebalance_resize,127.505,4.6866419435770026e-05,0.005975702810157857,5.975702810157857e-06
2025-11-21,113062,sell,rebalance_resize,130.3,4.3237593581854696e-05,0.005633858443715667,5.633858443715667e-06
2025-11-21,127040,sell,rebalance_resize,132.99,8.687036991592588e-06,0.0011552890495118984,1.1552890495118984e-06
2025-11-21,127047,sell,rebalance_resize,133.6,3.7305730124765656e-05,0.0049840455446686915,4.984045544668692e-06
2025-11-21,127061,sell,rebalance_resize,122.701,7.110142962577893e-05,0.0087242165165127,8.724216516512701e-06
2025-11-21,110081,sell,rebalance_resize,120.079,2.338426353081629e-05,0.002807958980516889,2.807958980516889e-06
2025-11-21,113671,sell,rebalance_resize,134.654,5.745257742232998e-05,0.007736219360226421,7.73621936022642e-06
2025-11-21,110092,sell,rebalance_resize,109.765,5.100685092682676e-05,0.0055987669919831395,5.59876699198314e-06
2025-11-21,123198,sell,rebalance_resize,134.802,4.0047622784382826e-05,0.005398499646580374,5.398499646580374e-06
2025-11-21,110082,buy,rebalance,128.739,0.00012095080215799813,0.015571085319018522,1.5571085319018523e-05
2025-11-21,123225,buy,rebalance,132.545,0.001632095906604114,0.21632615194084226,0.00021632615194084226
2025-11-21,127082,buy,rebalance,134.339,0.0016103004484240783,0.21632615194084226,0.00021632615194084226
2025-11-21,118031,buy,rebalance,130.6,5.354571196317659e-05,0.006993069982390862,6.993069982390862e-06
2025-11-21,113654,buy,rebalance,134.389,0.0016097013292817287,0.21632615194084226,0.00021632615194084226
2025-11-21,123128,buy,rebalance,136.029,0.001590294363266967,0.21632615194084226,0.00021632615194084226
2025-11-21,127061,buy,rebalance,122.701,2.259684806268283e-19,2.772655854139246e-17,2.772655854139246e-20
2025-11-21,110081,buy,rebalance,120.079,2.309026436045642e-19,2.772655854139246e-17,2.772655854139246e-20
2025-11-21,127089,buy,rebalance,129.47,3.5301501138631616e-06,0.0004570485352418635,4.5704853524186355e-07
2025-11-21,127075,buy,rebalance,130.0,0.0016640473226218636,0.21632615194084226,0.00021632615194084226
2025-11-21,110092,buy,rebalance,109.765,2.5259926699214194e-19,2.772655854139246e-17,2.772655854139246e-20
2025-11-21,123158,buy,rebalance,136.903,0.0015801417933927107,0.21632615194084226,0.00021632615194084226
2025-11-24,110082,sell,risk_exit_next_open,125.0,0.0016819786624810808,0.2102473328101351,0.0002102473328101351
2025-12-11,127089,sell,rebalance,124.7,0.0016726042213603615,0.2085737464036371,0.0002085737464036371
2025-12-11,118031,sell,rebalance,127.2,0.0016580798491804096,0.2109077568157481,0.00021090775681574812
2025-12-11,127040,sell,rebalance,133.67,0.0016283370694120274,0.2176598160683057,0.00021765981606830572
2025-12-11,123225,sell,rebalance,136.5,0.001632095906604114,0.22278109125146156,0.00022278109125146157
2025-12-11,127082,sell,rebalance,150.902,0.0016103004484240783,0.24299755826809025,0.00024299755826809026
2025-12-11,113654,sell,rebalance,162.0,0.0016097013292817287,0.2607716153436401,0.00026077161534364006
2025-12-11,127075,sell,rebalance,123.2,0.0016640473226218636,0.2050106301470136,0.0002050106301470136
2025-12-11,123158,sell,rebalance,139.96,0.0015801417933927107,0.22115664540324378,0.00022115664540324378
2025-12-11,113671,sell,rebalance_resize,138.829,4.254655093945054e-05,0.005906695120372979,5.906695120372979e-06
2025-12-11,113631,sell,rebalance_resize,133.59,3.7516194767665874e-05,0.005011788459012484,5.011788459012484e-06
2025-12-11,123128,buy,rebalance,129.86,8.342545569744409e-05,0.01083362967687009,1.0833629676870091e-05
2025-12-11,123173,buy,rebalance,134.402,0.0016156145380344144,0.21714182514090133,0.00021714182514090134
2025-12-11,113062,buy,rebalance,128.785,2.5795867705993974e-05,0.003322120822516434,3.322120822516434e-06
2025-12-11,113042,buy,rebalance,126.098,2.9246077054606596e-05,0.0036878718244317825,3.6878718244317824e-06
2025-12-11,127028,buy,rebalance,134.83,0.0016104859833931714,0.21714182514090133,0.00021714182514090134
2025-12-11,113056,buy,rebalance,126.566,1.8962214524247032e-05,0.0023999716434758497,2.3999716434758496e-06
2025-12-11,123230,buy,rebalance,138.831,0.0015640730466603377,0.21714182514090133,0.00021714182514090134
2025-12-11,113069,buy,rebalance,141.806,0.0015312597854879293,0.21714182514090133,0.00021714182514090134
2025-12-11,113671,buy,rebalance,138.829,1.9972554059170482e-19,2.7727697074805788e-17,2.772769707480579e-20
2025-12-11,127047,buy,rebalance,130.407,4.5834447388789476e-05,0.005977132780629869,5.97713278062987e-06
2025-12-11,113045,buy,rebalance,138.316,0.001569896650719377,0.21714182514090133,0.00021714182514090134
2025-12-11,123233,buy,rebalance,140.55,0.0015449436153746091,0.21714182514090133,0.00021714182514090134
2025-12-11,127061,buy,rebalance,117.312,8.786974669956555e-05,0.010308175724819433,1.0308175724819433e-05
2025-12-11,128141,buy,rebalance,132.107,0.0016436814486810035,0.21714182514090133,0.00021714182514090134
2025-12-11,123198,buy,rebalance,134.052,1.4997290910223034e-05,0.002010416841097218,2.010416841097218e-06
2025-12-11,110081,buy,rebalance,117.0,5.430713491025152e-05,0.006353934784499428,6.353934784499429e-06
2025-12-11,111019,buy,rebalance,135.367,0.0016040971960736468,0.21714182514090133,0.00021714182514090134
2025-12-11,110092,buy,rebalance,106.198,7.379578149634226e-05,0.007836964403348554,7.836964403348554e-06
2025-12-11,113691,buy,rebalance,131.4,0.0016525253054863113,0.21714182514090133,0.00021714182514090134
2025-12-22,113069,sell,risk_exit_next_open,134.88,0.0015312597854879293,0.20653631986661192,0.00020653631986661193
2025-12-23,128141,sell,rebalance,130.7,0.0016436814486810035,0.21482916534260715,0.00021482916534260716
2025-12-23,111019,sell,rebalance,134.421,0.0016040971960736468,0.21562434919341567,0.00021562434919341567
2025-12-23,113691,sell,rebalance,134.9,0.0016525253054863113,0.22292566371010342,0.0002229256637101034
2025-12-23,127028,sell,rebalance_resize,135.802,1.4000091803089852e-05,0.001901240467043208,1.901240467043208e-06
2025-12-23,113062,sell,rebalance_resize,129.693,1.6063376436753322e-05,0.002083307480211849,2.083307480211849e-06
2025-12-23,113042,sell,rebalance_resize,126.6,1.1182985142025098e-05,0.0014157659189803773,1.4157659189803774e-06
2025-12-23,113056,sell,rebalance_resize,126.4,2.109798927717546e-06,0.0002666785844634978,2.666785844634978e-07
2025-12-23,123128,sell,rebalance_resize,133.5,4.9705009603240565e-05,0.006635618782032615,6.635618782032615e-06
2025-12-23,113631,sell,rebalance_resize,134.805,1.877571342001981e-05,0.0025310600475857703,2.5310600475857705e-06
2025-12-23,123173,sell,rebalance_resize,134.6,4.87176649120296e-06,0.0006557397697159184,6.557397697159185e-07
2025-12-23,113671,sell,rebalance_resize,138.89,4.677636739907969e-06,0.0006496769668058178,6.496769668058178e-07
2025-12-23,113045,sell,rebalance_resize,152.0,0.00014354153855019106,0.02181831385962904,2.1818313859629042e-05
2025-12-23,123230,buy,rebalance,126.5,0.00014965222963678816,0.018931007049053702,1.8931007049053702e-05
2025-12-23,123233,buy,rebalance,137.374,3.323870658235972e-05,0.004566134078045085,4.5661340780450845e-06
2025-12-23,127047,buy,rebalance,129.587,6.310126534753328e-06,0.0008177103672590794,8.177103672590795e-07
2025-12-23,110092,buy,rebalance,103.29,5.2278026782196215e-05,0.005399797386333048,5.3997973863330474e-06
2025-12-23,113052,buy,rebalance,122.795,0.0017637547172508251,0.21658026050481508,0.00021658026050481508
2025-12-23,127061,buy,rebalance,116.7,5.051084778750481e-06,0.0005894615936801811,5.894615936801811e-07
2025-12-23,118009,buy,rebalance,139.476,0.0015528138210503246,0.21658026050481508,0.00021658026050481508
2025-12-23,127040,buy,rebalance,134.86,0.0016059636697672776,0.21658026050481508,0.00021658026050481508
2025-12-23,123198,buy,rebalance,132.72,1.2100233602943434e-05,0.0016059430037826527,1.6059430037826527e-06
2025-12-23,110081,buy,rebalance,115.86,1.3536929121931608e-05,0.001568388608066996,1.5683886080669961e-06
2025-12-23,127039,buy,rebalance,142.142,0.0015236894127338512,0.21658026050481508,0.00021658026050481508
2025-12-24,123230,sell,risk_exit_next_open,120.0,0.001713725276297126,0.2056470331556551,0.0002056470331556551
2025-12-24,123233,sell,risk_exit_next_open,142.714,0.001578182321956969,0.22522871189576685,0.00022522871189576684
2025-12-31,113671,sell,rebalance,139.1,0.0015609905468335825,0.2171337850645513,0.00021713378506455131
2025-12-31,123173,sell,rebalance,138.002,0.0016107427715432113,0.22228572395850626,0.00022228572395850628
2025-12-31,113045,sell,rebalance,165.0,0.0014263551121691859,0.23534859350791568,0.0002353485935079157
2025-12-31,113042,sell,rebalance_resize,127.4,1.7272400903307385e-06,0.0002200503875081361,2.2005038750813611e-07
2025-12-31,110092,sell,rebalance_resize,105.16,2.6335429655298388e-05,0.0027694337825511783,2.7694337825511784e-06
2025-12-31,127028,sell,rebalance_resize,137.5,1.1351719705817619e-05,0.0015608614595499226,1.5608614595499226e-06
2025-12-31,127061,sell,rebalance_resize,117.55,3.645638759744036e-06,0.0004285448362079114,4.285448362079114e-07
2025-12-31,123128,sell,rebalance_resize,135.949,2.0796333064277613e-05,0.0028272406837554775,2.8272406837554777e-06
2025-12-31,127040,sell,rebalance_resize,136.246,6.240018180542804e-06,0.0008501775170262349,8.501775170262349e-07
2025-12-31,113042,buy,rebalance,127.4,2.1764233104159746e-19,2.7727632974699515e-17,2.772763297469952e-20
2025-12-31,113062,buy,rebalance,129.24,1.4742535274874904e-05,0.0019053252589248328,1.9053252589248328e-06
2025-12-31,113056,buy,rebalance,126.46,8.271415787684824e-06,0.001046003240510623,1.046003240510623e-06
2025-12-31,118009,buy,rebalance,137.975,2.6836240133442192e-05,0.0037027302324116862,3.7027302324116865e-06
2025-12-31,113052,buy,rebalance,121.299,3.30606506730944e-05,0.004010223865995678,4.0102238659956786e-06
2025-12-31,127047,buy,rebalance,128.047,2.9079662414407205e-05,0.0037235635331775993,3.7235635331775995e-06
2025-12-31,127039,buy,rebalance,137.763,5.835980562751747e-05,0.00803982190266369,8.039821902663689e-06
2025-12-31,113631,buy,rebalance,134.719,9.553127917061161e-06,0.0012869878398585625,1.2869878398585625e-06
2025-12-31,110081,buy,rebalance,114.95,2.480713606028299e-05,0.0028515802901295296,2.8515802901295298e-06
2025-12-31,123198,buy,rebalance,132.765,8.112456403278953e-06,0.0010770502743813301,1.07705027438133e-06
2025-12-31,110093,buy,rebalance,133.829,0.0016269756459318617,0.21773652371941513,0.00021773652371941514
2025-12-31,118031,buy,rebalance,128.256,0.001697671249059811,0.21773652371941513,0.00021773652371941514
2025-12-31,113691,buy,rebalance,134.085,0.0016238693643540673,0.21773652371941513,0.00021773652371941514
2025-12-31,127049,buy,rebalance,117.901,0.0018467741895269348,0.21773652371941513,0.00021773652371941514
2025-12-31,118034,buy,rebalance,120.25,0.001810698741949398,0.21773652371941513,0.00021773652371941514
2026-01-05,127028,sell,risk_exit_next_open,135.208,0.001585134171884264,0.21432282111212755,0.00021432282111212756
2026-01-12,118009,sell,risk_exit_next_open,131.0,0.0015796500611837668,0.20693415801507345,0.00020693415801507345
2026-01-13,127040,sell,rebalance,140.45,0.0015997236515867348,0.22468118686535687,0.0002246811868653569
2026-01-13,110093,sell,rebalance,140.5,0.0016269756459318617,0.22859007825342656,0.00022859007825342656
2026-01-13,113691,sell,rebalance,138.18,0.0016238693643540673,0.22438626876644505,0.00022438626876644506
2026-01-13,110092,sell,rebalance_resize,111.5,5.8798445559337474e-05,0.006556026679866128,6.556026679866128e-06
2026-01-13,127047,sell,rebalance_resize,135.9,4.988012924734255e-05,0.006778709564713853,6.778709564713853e-06
2026-01-13,118031,sell,rebalance_resize,138.4,7.527033650556537e-05,0.010417414572370248,1.0417414572370249e-05
2026-01-13,110081,sell,rebalance_resize,119.4,1.549659550151513e-05,0.0018502935028809067,1.8502935028809067e-06
2026-01-13,123128,sell,rebalance_resize,140.8,8.472124752094601e-06,0.00119287516509492,1.19287516509492e-06
2026-01-13,118034,sell,rebalance_resize,127.69,5.221893697244121e-05,0.006667836062011018,6.667836062011018e-06
2026-01-13,113631,sell,rebalance_resize,139.847,1.2232524141522095e-05,0.0017106818036194404,1.7106818036194404e-06
2026-01-13,127061,sell,rebalance_resize,124.183,4.601494611346973e-05,0.005714274053209012,5.7142740532090124e-06
2026-01-13,123198,sell,rebalance_resize,137.706,1.1081683299630966e-05,0.0015260142804589816,1.5260142804589815e-06
2026-01-13,113042,buy,rebalance,128.39,3.805264213014125e-05,0.004885578723088834,4.8855787230888346e-06
2026-01-13,113062,buy,rebalance,130.9,2.8898878665347096e-05,0.003782863217293935,3.782863217293935e-06
2026-01-13,113056,buy,rebalance,127.4,3.8933670821517266e-05,0.0049601496626613,4.9601496626613e-06
2026-01-13,127039,buy,rebalance,138.9,3.447576412445375e-05,0.004788683636886626,4.788683636886627e-06
2026-01-13,113052,buy,rebalance,123.588,2.0009256694991012e-05,0.002472904016420549,2.472904016420549e-06
2026-01-13,118029,buy,rebalance,154.128,0.0014553336327013478,0.2243076621409933,0.0002243076621409933
2026-01-13,123160,buy,rebalance,170.0,0.00131945683612349,0.2243076621409933,0.0002243076621409933
2026-01-13,127089,buy,rebalance,130.744,0.0017156249016474431,0.2243076621409933,0.0002243076621409933
2026-01-13,110095,buy,rebalance,139.35,0.0016096710594976197,0.2243076621409933,0.0002243076621409933
2026-01-13,127049,buy,rebalance,120.75,1.2759462388646117e-05,0.0015407050834290188,1.5407050834290188e-06
2026-01-13,123242,buy,rebalance,148.399,0.0015115173427111591,0.2243076621409933,0.0002243076621409933
2026-01-19,118029,sell,risk_exit_next_open,138.69,0.0014553336327013478,0.2018402215193499,0.0002018402215193499
2026-01-21,123242,sell,risk_exit_next_open,135.999,0.0015115173427111591,0.20556484709137493,0.00020556484709137492
2026-01-21,127061,sell,rebalance,121.0,0.0018081402953504715,0.21878497573740704,0.00021878497573740705
2026-01-21,127049,sell,rebalance,119.2,0.0018595336519155808,0.22165641130833724,0.00022165641130833725
2026-01-21,118034,sell,rebalance,123.799,0.001758479804976957,0.2176980413763423,0.0002176980413763423
2026-01-21,123160,sell,rebalance,188.356,0.00131945683612349,0.24852761182487607,0.0002485276118248761
2026-01-21,127089,sell,rebalance,125.17,0.0017156249016474431,0.21474476893921046,0.00021474476893921046
2026-01-21,110092,sell,rebalance_resize,110.922,2.728482484345926e-05,0.003026487341286188,3.026487341286188e-06
2026-01-21,113062,sell,rebalance_resize,131.17,3.544779490850118e-05,0.0046496872581481,4.6496872581481e-06
2026-01-21,127047,sell,rebalance_resize,136.742,4.0818939583705295e-05,0.005581663436555029,5.581663436555029e-06
2026-01-21,113042,sell,rebalance_resize,127.811,2.4824306489067806e-05,0.0031728194366742457,3.172819436674246e-06
2026-01-21,113056,sell,rebalance_resize,128.069,4.188680925100461e-05,0.005364401773966909,5.3644017739669095e-06
2026-01-21,113631,sell,rebalance_resize,138.849,1.8639452194550338e-05,0.0025880692977611197,2.58806929776112e-06
2026-01-21,123198,sell,rebalance_resize,138.389,3.832787507025182e-05,0.0053041563030970795,5.30415630309708e-06
2026-01-21,113052,sell,rebalance_resize,123.603,3.410240644392438e-05,0.004215159743688385,4.215159743688385e-06
2026-01-21,127039,buy,rebalance,134.131,2.6243786165135317e-05,0.003520105282115765,3.520105282115765e-06
2026-01-21,110092,buy,rebalance,110.922,2.4997066079283136e-19,2.772724563646244e-17,2.772724563646244e-20
2026-01-21,123128,buy,rebalance,135.6,3.022140087791433e-05,0.004098021959045183,4.098021959045183e-06
2026-01-21,113623,buy,rebalance,138.0,0.0015951080026387762,0.2201249043641511,0.00022012490436415112
2026-01-21,111016,buy,rebalance,131.0,0.0016803427814057336,0.2201249043641511,0.00022012490436415112
2026-01-21,110094,buy,rebalance,141.284,0.0015580313720177168,0.2201249043641511,0.00022012490436415112
2026-01-21,110081,buy,rebalance,117.03,2.2747284349977074e-06,0.0002662114687477817,2.6621146874778173e-07
2026-01-21,118000,buy,rebalance,137.328,0.0016029134944377775,0.2201249043641511,0.00022012490436415112
2026-01-21,110089,buy,rebalance,146.6,0.0015015341361811127,0.2201249043641511,0.00022012490436415112
2026-01-21,118031,buy,rebalance,130.15,7.057203957875675e-05,0.009184950951175191,9.184950951175192e-06
2026-01-21,113676,buy,rebalance,148.5,0.001482322588310782,0.2201249043641511,0.00022012490436415112
2026-01-21,127040,buy,rebalance,139.25,0.0015807892593475842,0.2201249043641511,0.00022012490436415112
2026-01-21,110095,buy,rebalance,135.863,1.2169507882839722e-05,0.001653385849486253,1.6533858494862532e-06
2026-01-22,111016,sell,risk_exit_next_open,136.0,0.0016803427814057336,0.22852661827117976,0.00022852661827117978
2026-01-26,127039,sell,risk_exit_next_open,132.222,0.0016427687686509577,0.21721017212856694,0.00021721017212856695
2026-01-29,110089,sell,risk_exit_next_open,153.892,0.0015015341361811127,0.2310740912851838,0.00023107409128518382
2026-02-02,113042,sell,rebalance,125.5,0.0017240285603984226,0.21636558433000203,0.00021636558433000202
2026-02-02,113052,sell,rebalance,123.608,0.0017827222181749861,0.2203587279441737,0.0002203587279441737
2026-02-02,127040,sell,rebalance,135.782,0.0015807892593475842,0.2146427272127337,0.0002146427272127337
2026-02-02,113062,sell,rebalance_resize,131.237,1.4976040076724873e-06,0.0001965410571549142,1.965410571549142e-07
2026-02-02,123128,sell,rebalance_resize,137.001,1.719974187675975e-05,0.0023563818368579625,2.3563818368579624e-06
2026-02-02,113056,sell,rebalance_resize,128.075,7.363845629674976e-07,9.431245290206225e-05,9.431245290206225e-08
2026-02-02,110095,sell,rebalance_resize,150.0,0.0001534017326284187,0.023010259894262808,2.301025989426281e-05
2026-02-02,118031,sell,rebalance_resize,133.6,4.4276655629962695e-05,0.005915361192163016,5.915361192163016e-06
2026-02-02,113631,sell,rebalance_resize,140.0,1.3647119309397843e-05,0.001910596703315698,1.910596703315698e-06
2026-02-02,123198,sell,rebalance_resize,139.908,1.788758392565747e-05,0.002502616091870885,2.502616091870885e-06
2026-02-02,113623,buy,rebalance,131.798,7.605193865356919e-05,0.01002349341066311,1.002349341066311e-05
2026-02-02,118000,buy,rebalance,132.102,6.441245276114287e-05,0.008509013834652496,8.509013834652495e-06
2026-02-02,123221,buy,rebalance,135.888,0.0016192746576172662,0.22003999467429508,0.00022003999467429508
2026-02-02,113676,buy,rebalance,139.508,9.645436316927018e-05,0.013456155297018544,1.3456155297018544e-05
2026-02-02,110094,buy,rebalance,136.0,6.150715818624968e-05,0.008364973513329956,8.364973513329957e-06
2026-02-02,110092,buy,rebalance,109.52,2.4638018042999244e-05,0.002698355736069277,2.698355736069277e-06
2026-02-02,127047,buy,rebalance,136.662,3.283942634076967e-07,4.487901682582265e-05,4.487901682582265e-08
2026-02-02,118039,buy,rebalance,137.971,0.0015948278600161996,0.22003999467429508,0.00022003999467429508
2026-02-02,110081,buy,rebalance,114.79,3.597544260928589e-05,0.004129621057119928,4.129621057119928e-06
2026-02-02,127078,buy,rebalance,140.605,0.0015649514218861,0.22003999467429508,0.00022003999467429508
2026-02-02,127103,buy,rebalance,129.3,0.0017017787677826377,0.22003999467429508,0.00022003999467429508
2026-02-02,118008,buy,rebalance,139.796,0.0015740078018991609,0.22003999467429508,0.00022003999467429508
2026-02-02,127061,buy,rebalance,123.0,0.0017889430461324803,0.22003999467429508,0.00022003999467429508
2026-02-06,123128,sell,risk_exit_next_open,124.916,0.0016077680105459529,0.20083594880535824,0.00020083594880535824
2026-02-09,113623,sell,risk_exit_next_open,130.0,0.0016711599412923453,0.21725079236800487,0.0002172507923680049
2026-02-09,113676,sell,risk_exit_next_open,136.008,0.0015787769514800521,0.21472629561689893,0.00021472629561689892
2026-02-11,110094,sell,risk_exit_next_open,129.1,0.0016195385302039665,0.20908242424933207,0.00020908242424933206
2026-02-11,113631,sell,rebalance,141.4,0.0015733273229486151,0.2224684834649342,0.0002224684834649342
2026-02-11,110095,sell,rebalance,168.0,0.0014684388347520408,0.24669772423834285,0.00024669772423834284
2026-02-11,118039,sell,rebalance,152.0,0.0015948278600161996,0.24241383472246233,0.00024241383472246235
2026-02-11,127103,sell,rebalance,134.07,0.0017017787677826377,0.22815747939661823,0.00022815747939661823
2026-02-11,127061,sell,rebalance,123.8,0.0017889430461324803,0.22147114911120105,0.00022147114911120106
2026-02-11,118000,sell,rebalance_resize,137.044,5.354217889850975e-05,0.007337634364967371,7.337634364967371e-06
2026-02-11,113062,sell,rebalance_resize,132.12,4.453934459442496e-06,0.0005884538207815426,5.884538207815426e-07
2026-02-11,118031,sell,rebalance_resize,135.425,1.5619813261677674e-05,0.0021153132109626993,2.1153132109626993e-06
2026-02-11,110092,sell,rebalance_resize,111.84,3.3705128032216803e-05,0.0037695815191231274,3.7695815191231275e-06
2026-02-11,113056,sell,rebalance_resize,129.29,9.250697031773633e-06,0.001196022619238013,1.196022619238013e-06
2026-02-11,123198,sell,rebalance_resize,141.77,1.4374721975031647e-05,0.0020379043344002368,2.037904334400237e-06
2026-02-11,118034,buy,rebalance,131.95,0.0016743961977336696,0.22093657829095767,0.00022093657829095768
2026-02-11,127047,buy,rebalance,134.068,3.781205092287213e-05,0.005069386043127621,5.069386043127621e-06
2026-02-11,123221,buy,rebalance,132.332,5.191941529392838e-05,0.00687060006467613,6.87060006467613e-06
2026-02-11,123178,buy,rebalance,134.65,0.0016408212275600272,0.22093657829095767,0.00022093657829095768
2026-02-11,127078,buy,rebalance,134.172,8.329197324276234e-05,0.011175450633927908,1.117545063392791e-05
2026-02-11,118008,buy,rebalance,140.001,5.6850581533110425e-06,0.0007959138265216993,7.959138265216993e-07
2026-02-11,110092,buy,rebalance,111.84,2.479221529263004e-19,2.772761358327744e-17,2.772761358327744e-20
2026-02-11,123146,buy,rebalance,145.085,0.0015228078594682955,0.22093657829095767,0.00022093657829095768
2026-02-11,123210,buy,rebalance,139.321,0.0015858095928894974,0.22093657829095767,0.00022093657829095768
2026-02-11,111019,buy,rebalance,149.797,0.0014749065621538326,0.22093657829095767,0.00022093657829095768
2026-02-11,127067,buy,rebalance,140.799,0.0015691629790762552,0.22093657829095767,0.00022093657829095768
2026-02-11,127094,buy,rebalance,142.165,0.0015540855927334977,0.22093657829095767,0.00022093657829095768
2026-02-11,110081,buy,rebalance,113.29,3.329706800149778e-05,0.003772224833889684,3.7722248338896843e-06
2026-02-11,127089,buy,rebalance,130.4,0.0016942989132742153,0.22093657829095767,0.00022093657829095768
2026-02-11,118016,buy,rebalance,161.8,0.0013654918312172909,0.22093657829095767,0.00022093657829095768
2026-02-13,123221,sell,risk_exit_next_open,124.0,0.0016711940729111946,0.20722806504098815,0.00020722806504098814
2026-02-13,123210,sell,risk_exit_next_open,146.804,0.0015858095928894974,0.23280319147454978,0.0002328031914745498
2026-02-25,118000,sell,rebalance,129.001,0.0016137837683004106,0.20817971989452128,0.0002081797198945213
2026-02-25,127094,sell,rebalance,149.0,0.0015540855927334977,0.23155875331729114,0.00023155875331729115
2026-02-25,118016,sell,rebalance,163.1,0.0013654918312172909,0.22271171767154013,0.00022271171767154015
2026-02-25,127078,sell,rebalance_resize,155.077,0.00021765560033328238,0.03375337753288443,3.375337753288443e-05
2026-02-25,110092,sell,rebalance_resize,113.999,3.1381506662207886e-05,0.0035774603779850367,3.577460377985037e-06
2026-02-25,113056,sell,rebalance_resize,129.861,2.1935286244867834e-06,0.0002848538207044782,2.848538207044782e-07
2026-02-25,111019,sell,rebalance_resize,153.796,3.2403093575233995e-05,0.004983466179496687,4.9834661794966875e-06
2026-02-25,127089,sell,rebalance_resize,130.998,7.519625305845124e-07,9.850558758150996e-05,9.850558758150996e-08
2026-02-25,127047,buy,rebalance,130.319,5.274820562448292e-05,0.006874093408776989,6.874093408776989e-06
2026-02-25,118034,buy,rebalance,128.3,5.4707337506525985e-05,0.007018951402087284,7.018951402087285e-06
2026-02-25,123178,buy,rebalance,133.004,2.7155054776258806e-05,0.0036117309054615257,3.6117309054615257e-06
2026-02-25,118008,buy,rebalance,134.8,6.601955226007112e-05,0.008899435644657588,8.899435644657588e-06
2026-02-25,113062,buy,rebalance,132.199,4.228931728919483e-06,0.0005590605456314269,5.590605456314268e-07
2026-02-25,123146,buy,rebalance,142.0,3.9484029897744725e-05,0.005606732245479751,5.606732245479751e-06
2026-02-25,118031,buy,rebalance,134.91,1.1350728969111193e-05,0.001531326845222791,1.531326845222791e-06
2026-02-25,123198,buy,rebalance,140.62,1.765958158384674e-05,0.0024832903623205286,2.4832903623205287e-06
2026-02-25,113644,buy,rebalance,141.361,0.0015677690680902605,0.22162140323430732,0.00022162140323430732
2026-02-25,127067,buy,rebalance,140.718,7.3956989680519e-06,0.0010407079673863272,1.0407079673863271e-06
2026-02-25,110081,buy,rebalance,112.2,2.513876361230434e-05,0.002820569277300547,2.8205692773005468e-06
2026-02-25,127089,buy,rebalance,130.998,2.116583310285432e-19,2.77268180480771e-17,2.77268180480771e-20
2026-02-25,127061,buy,rebalance,125.1,0.001771553982688308,0.22162140323430732,0.00022162140323430732
2026-02-25,113631,buy,rebalance,143.333,0.0015461994323310564,0.22162140323430732,0.00022162140323430732
2026-02-25,123114,buy,rebalance,149.9,0.0014784616626704957,0.22162140323430732,0.00022162140323430732
2026-02-25,127103,buy,rebalance,138.169,0.0016039878933357505,0.22162140323430732,0.00022162140323430732
2026-03-02,118008,sell,risk_exit_next_open,125.45,0.001645712412312543,0.20645462212460852,0.00020645462212460851
2026-03-02,111019,sell,risk_exit_next_open,151.2,0.0014425034685785986,0.2181065244490841,0.0002181065244490841
2026-03-04,123146,sell,risk_exit_next_open,123.0,0.0015622918893660402,0.19216190239202294,0.00019216190239202294
2026-03-11,110081,sell,rebalance,115.728,0.001977257914697513,0.22882410395211378,0.0002288241039521138
2026-03-11,127078,sell,rebalance,157.84,0.00143058779479558,0.22580397753053433,0.00022580397753053434
2026-03-11,123178,sell,rebalance,139.142,0.0016679762823362861,0.23208555587683552,0.0002320855558768355
2026-03-11,127067,sell,rebalance,143.357,0.0015765586780443072,0.22601072240839773,0.00022601072240839774
2026-03-11,113644,sell,rebalance,143.867,0.0015677690680902605,0.2255502325189415,0.0002255502325189415
2026-03-11,127103,sell,rebalance,140.61,0.0016039878933357505,0.2255367376819399,0.00022553673768193992
2026-03-11,118034,sell,rebalance_resize,130.81,4.867012193264061e-05,0.0063665386500087184,6.366538650008719e-06
2026-03-11,113062,sell,rebalance_resize,131.39,5.141637590895562e-06,0.0006755597630677679,6.755597630677679e-07
2026-03-11,127047,sell,rebalance_resize,137.199,0.0001001361080775019,0.013738573892125183,1.3738573892125184e-05
2026-03-11,113056,sell,rebalance_resize,130.5,2.394957987298606e-05,0.003125420173424681,3.125420173424681e-06
2026-03-11,118031,sell,rebalance_resize,134.788,1.3588452122325609e-05,0.0018315602846640244,1.8315602846640244e-06
2026-03-11,127061,sell,rebalance_resize,124.61,7.510207752418069e-06,0.0009358469880288156,9.358469880288156e-07
2026-03-11,123198,sell,rebalance_resize,139.851,5.848958467872749e-06,0.0008179826906904719,8.17982690690472e-07
2026-03-11,127089,sell,rebalance_resize,130.98,1.529458553702482e-05,0.002003284813639511,2.003284813639511e-06
2026-03-11,113653,buy,rebalance,133.7,0.0016424433362821505,0.2195946740609235,0.00021959467406092352
2026-03-11,110092,buy,rebalance,101.621,0.0002168101392553642,0.022032463161269365,2.2032463161269366e-05
2026-03-11,127094,buy,rebalance,139.544,0.0015736590183807507,0.2195946740609235,0.00021959467406092352
2026-03-11,118044,buy,rebalance,142.69,0.0015389633054938925,0.2195946740609235,0.00021959467406092352
2026-03-11,118006,buy,rebalance,146.0,0.0015040731100063253,0.2195946740609235,0.00021959467406092352
2026-03-11,113632,buy,rebalance,141.79,0.0015487317445583152,0.2195946740609235,0.00021959467406092352
2026-03-11,113654,buy,rebalance,147.577,0.001488000664472943,0.2195946740609235,0.00021959467406092352
2026-03-11,113631,buy,rebalance,142.1,7.209817304842588e-07,0.00010245150390181316,1.0245150390181317e-07
2026-03-11,123114,buy,rebalance,142.456,6.452822414555417e-05,0.009192432698879064,9.192432698879064e-06
2026-03-11,113051,buy,rebalance,133.895,0.0016400513391905858,0.2195946740609235,0.00021959467406092352
2026-03-11,110087,buy,rebalance,140.101,0.0015674026171185323,0.2195946740609235,0.00021959467406092352
2026-03-11,127040,buy,rebalance,138.562,0.0015848116659756895,0.2195946740609235,0.00021959467406092352
2026-03-13,127094,sell,risk_exit_next_open,132.0,0.0015736590183807507,0.2077229904262591,0.0002077229904262591
2026-03-16,113653,sell,risk_exit_next_open,110.518,0.0016424433362821505,0.1815195526392307,0.0001815195526392307
2026-03-23,123198,sell,rebalance,132.501,0.0015717978047690847,0.2082647809297085,0.00020826478092970848
2026-03-23,123114,sell,rebalance,140.385,0.0015429898868160499,0.21661263526067115,0.00021661263526067117
2026-03-23,110092,sell,rebalance_resize,104.062,0.00014114585645659506,0.014687920114586195,1.4687920114586195e-05
2026-03-23,118034,sell,rebalance_resize,125.48,3.777091298364517e-06,0.0004739494161187796,4.739494161187796e-07
2026-03-23,113062,sell,rebalance_resize,129.06,4.2867918816213456e-05,0.0055325336024205085,5.532533602420508e-06
2026-03-23,113051,sell,rebalance_resize,136.501,9.876713405133255e-05,0.013481812565140944,1.3481812565140945e-05
2026-03-23,113056,sell,rebalance_resize,127.0,2.783599325122067e-05,0.0035351711429050248,3.535171142905025e-06
2026-03-23,118031,sell,rebalance_resize,131.001,2.4844643358403442e-05,0.0032546731245942095,3.2546731245942096e-06
2026-03-23,127047,sell,rebalance_resize,132.411,1.3287579091092089e-05,0.0017594216350305947,1.7594216350305947e-06
2026-03-23,127061,sell,rebalance_resize,120.343,1.5817161957044382e-05,0.0019034847213965922,1.9034847213965923e-06
2026-03-23,113631,sell,rebalance_resize,136.8,9.00495144667806e-06,0.0012318773579055586,1.2318773579055586e-06
2026-03-23,110087,sell,rebalance_resize,134.617,4.547737826071214e-06,0.0006122028229322285,6.122028229322285e-07
2026-03-23,127089,sell,rebalance_resize,127.8,3.2032996773795306e-05,0.00409381698769104,4.09381698769104e-06
2026-03-23,118006,buy,rebalance,130.988,0.0001019724853016794,0.013357171904696381,1.3357171904696381e-05
2026-03-23,113051,buy,rebalance,136.501,2.0312111351125183e-19,2.7726235115399386e-17,2.7726235115399385e-20
2026-03-23,113048,buy,rebalance,131.736,0.0015953454996833624,0.2101644347462874,0.0002101644347462874
2026-03-23,123149,buy,rebalance,142.0,0.0014800312306076577,0.2101644347462874,0.0002101644347462874
2026-03-23,118044,buy,rebalance,135.296,1.603122534766761e-05,0.0021689606646380366,2.168960664638037e-06
2026-03-23,127040,buy,rebalance,132.488,3.153984436868052e-06,0.0004178650900717745,4.178650900717745e-07
2026-03-23,113661,buy,rebalance,139.868,0.0015025912628069853,0.2101644347462874,0.0002101644347462874
2026-03-23,113654,buy,rebalance,135.6,6.345751737842371e-05,0.008604839356514255,8.604839356514256e-06
2026-03-23,113054,buy,rebalance,128.365,0.0016372409515544532,0.2101644347462874,0.0002101644347462874
2026-03-23,113632,buy,rebalance,133.7,2.4815931006032395e-05,0.003317889975506531,3.317889975506531e-06
2026-03-31,127089,sell,rebalance,127.159,0.001646219368432811,0.20933160867054781,0.00020933160867054782
2026-03-31,118044,sell,rebalance,144.888,0.00155499453084156,0.22530004758457195,0.00022530004758457194
2026-03-31,113654,sell,rebalance,139.447,0.0015514581818513668,0.21634618908462755,0.00021634618908462756
2026-03-31,113054,sell,rebalance,127.001,0.0016372409515544532,0.2079312380883671,0.00020793123808836712
2026-03-31,127047,sell,rebalance_resize,134.097,1.5309970209228843e-05,0.00205302107514696,2.05302107514696e-06
2026-03-31,127040,sell,rebalance_resize,135.499,3.0664955616306e-05,0.004155070821053847,4.155070821053847e-06
2026-03-31,113632,sell,rebalance_resize,134.752,7.614057924555446e-06,0.0010260095334496955,1.0260095334496955e-06
2026-03-31,113051,sell,rebalance_resize,144.093,7.686409559751801e-05,0.011075578126933161,1.1075578126933162e-05
2026-03-31,110092,buy,rebalance,103.4,1.897720997431326e-05,0.0019622435113439913,1.962243511343991e-06
2026-03-31,118006,buy,rebalance,130.501,1.0886355033966262e-05,0.0014206802182876311,1.4206802182876312e-06
2026-03-31,110087,buy,rebalance,132.834,2.5663170358329973e-05,0.0034089415713784038,3.4089415713784037e-06
2026-03-31,123149,buy,rebalance,133.5,0.00010048555936718874,0.013414822175519698,1.3414822175519698e-05
2026-03-31,113062,buy,rebalance,129.279,2.07748409014287e-06,0.0002685750656895801,2.685750656895801e-07
2026-03-31,118034,buy,rebalance,125.11,9.950790641873658e-06,0.0012449434172048133,1.2449434172048134e-06
2026-03-31,113056,buy,rebalance,126.52,1.122008493741645e-05,0.0014195651462819293,1.4195651462819293e-06
2026-03-31,113661,buy,rebalance,137.251,3.479506812830524e-05,0.004775657895678022,4.775657895678022e-06
2026-03-31,113631,buy,rebalance,136.75,5.133679112116562e-06,0.0007020306185819399,7.020306185819399e-07
2026-03-31,113048,buy,rebalance,132.008,3.135382477788015e-06,0.00041389557012784034,4.1389557012784034e-07
2026-03-31,118031,buy,rebalance,129.501,2.3410997439402883e-05,0.003031747579400113,3.031747579400113e-06
2026-03-31,111000,buy,rebalance,139.98,0.0015059114209255786,0.21079748070116247,0.00021079748070116248
2026-03-31,113640,buy,rebalance,141.0,0.0014950175936252657,0.21079748070116247,0.00021079748070116248
2026-03-31,127061,buy,rebalance,120.579,1.766912724652625e-06,0.00021305256942588888,2.1305256942588887e-07
2026-03-31,123236,buy,rebalance,149.29,0.0014120000046966474,0.21079748070116247,0.00021079748070116248
2026-03-31,113052,buy,rebalance,119.707,0.0017609453139846665,0.21079748070116247,0.00021079748070116248
2026-04-03,118006,sell,risk_exit_next_open,124.995,0.001616931950341971,0.20210840913299466,0.00020210840913299465
2026-04-13,118031,sell,rebalance,128.86,0.0016294051141691472,0.20996514301183633,0.00020996514301183634
2026-04-13,127061,sell,rebalance,121.55,0.0017499935257034983,0.21271171304926023,0.00021271171304926024
2026-04-13,113051,sell,rebalance,140.0,0.0014644201095417354,0.20501881533584296,0.00020501881533584296
2026-04-13,113661,sell,rebalance,140.008,0.0015373863309352906,0.2152463854215882,0.0002152463854215882
2026-04-13,123236,sell,rebalance,152.4,0.0014120000046966474,0.21518880071576907,0.00021518880071576908
2026-04-13,110092,sell,rebalance_resize,104.548,1.1596883452680571e-05,0.0012124309712108483,1.2124309712108484e-06
2026-04-13,111000,sell,rebalance_resize,141.0,1.3653091097206999e-06,0.0001925085844706187,1.925085844706187e-07
2026-04-13,118034,sell,rebalance_resize,125.886,1.4236787026030202e-06,0.0001792212171558838,1.792212171558838e-07
2026-04-13,127047,sell,rebalance_resize,136.916,2.4157980270471857e-05,0.0033076140267119247,3.307614026711925e-06
2026-04-13,123149,sell,rebalance_resize,135.602,1.6078199349074213e-05,0.0021802359881331612,2.180235988133161e-06
2026-04-13,110087,sell,rebalance_resize,134.333,9.300718346971678e-06,0.0012493933977037464,1.2493933977037465e-06
2026-04-13,127040,sell,rebalance_resize,138.275,2.3104334166810316e-05,0.0031947518069156966,3.1947518069156966e-06
2026-04-13,113048,sell,rebalance_resize,134.065,1.6106647528427465e-05,0.002159337700898628,2.159337700898628e-06
2026-04-13,113632,sell,rebalance_resize,137.61,2.432325672099288e-05,0.0033471233573758308,3.3471233573758307e-06
2026-04-13,113631,sell,rebalance_resize,139.0,1.6854884417367878e-05,0.002342828934014135,2.3428289340141353e-06
2026-04-13,110081,buy,rebalance,110.701,0.0019143988059010851,0.211925862212056,0.000211925862212056
2026-04-13,113654,buy,rebalance,134.7,0.0015733174625987827,0.211925862212056,0.000211925862212056
2026-04-13,113062,buy,rebalance,129.508,5.822374802014892e-06,0.0007540441158593446,7.540441158593446e-07
2026-04-13,113640,buy,rebalance,138.944,3.17595399814525e-05,0.004412797523182936,4.412797523182936e-06
2026-04-13,113056,buy,rebalance,127.046,1.98542573745684e-06,0.0002522403982409417,2.5224039824094175e-07
2026-04-13,123129,buy,rebalance,138.502,0.001530128533971033,0.211925862212056,0.000211925862212056
2026-04-13,127047,buy,rebalance,136.916,2.0251415264039834e-19,2.7727427722912778e-17,2.7727427722912777e-20
2026-04-13,127088,buy,rebalance,147.0,0.0014416725320548027,0.211925862212056,0.000211925862212056
2026-04-13,118003,buy,rebalance,154.48,0.0013718660163908338,0.211925862212056,0.000211925862212056
2026-04-13,118044,buy,rebalance,147.68,0.00143503427825065,0.211925862212056,0.000211925862212056
2026-04-13,113632,buy,rebalance,137.61,2.0149282554256795e-19,2.7727427722912778e-17,2.7727427722912777e-20
2026-04-13,113052,buy,rebalance,120.428,6.128522414358754e-07,7.38045697316396e-05,7.380456973163961e-08
2026-04-16,113654,sell,risk_exit_next_open,123.051,0.0015733174625987827,0.19359828709024282,0.0001935982870902428
2026-04-16,123129,sell,risk_exit_next_open,143.672,0.001530128533971033,0.21983662673268625,0.00021983662673268626
2026-04-21,111000,sell,rebalance,218.58,0.001504546111815858,0.3288636891207103,0.0003288636891207103
2026-04-21,127088,sell,rebalance,190.0,0.0014416725320548027,0.27391778109041254,0.00027391778109041255
2026-04-21,118003,sell,rebalance,167.885,0.0013718660163908338,0.23031572616177512,0.0002303157261617751
2026-04-21,118044,sell,rebalance,180.41,0.00143503427825065,0.2588945341391998,0.0002588945341391998
2026-04-21,113048,sell,rebalance_resize,147.0,5.287773345983588e-05,0.007773026818595874,7.773026818595874e-06
2026-04-21,110081,buy,rebalance,99.18,0.0003521960236882336,0.03493080162939901,3.493080162939901e-05
2026-04-21,110092,buy,rebalance,103.02,0.00015317051754770096,0.01577962671776415,1.577962671776415e-05
2026-04-21,113640,buy,rebalance,136.787,0.00011679957200754854,0.015976663056196543,1.5976663056196544e-05
2026-04-21,113062,buy,rebalance,131.196,7.561780598841577e-05,0.009920753674456195,9.920753674456194e-06
2026-04-21,127047,buy,rebalance,140.05,5.5917287373001386e-05,0.007831216096588845,7.831216096588845e-06
2026-04-21,113056,buy,rebalance,128.685,7.730851873956042e-05,0.009948446734000332,9.948446734000333e-06
2026-04-21,118034,buy,rebalance,128.89,5.9159194829947965e-05,0.007625028621631992,7.625028621631993e-06
2026-04-21,123236,buy,rebalance,141.423,0.0015882156377251357,0.22461022013400186,0.00022461022013400188
2026-04-21,123149,buy,rebalance,139.3,4.955313525560081e-05,0.006902751741105194,6.902751741105194e-06
2026-04-21,127040,buy,rebalance,139.501,7.744174163534841e-05,0.010803200399872738,1.0803200399872738e-05
2026-04-21,113052,buy,rebalance,120.533,0.0001036855749565085,0.012497533406232839,1.249753340623284e-05
2026-04-21,127084,buy,rebalance,145.8,0.0015405364892592719,0.22461022013400186,0.00022461022013400188
2026-04-21,118031,buy,rebalance,130.9,0.0017158916740565458,0.22461022013400186,0.00022461022013400188
2026-04-21,123126,buy,rebalance,153.991,0.0014585931654057824,0.22461022013400186,0.00022461022013400188
2026-04-21,127066,buy,rebalance,147.5,0.00152278115345086,0.22461022013400186,0.00022461022013400188
2026-04-21,110087,buy,rebalance,135.82,7.610291761206466e-05,0.010336298270070621,1.0336298270070622e-05
2026-04-21,113631,buy,rebalance,141.035,6.792320891304465e-05,0.009579549769051253,9.579549769051253e-06
2026-04-21,113632,buy,rebalance,138.447,8.229289350661104e-05,0.01139320422730978,1.139320422730978e-05
2026-04-21,127049,buy,rebalance,118.31,0.001898488886264913,0.22461022013400186,0.00022461022013400188
2026-04-22,123236,sell,risk_exit_next_open,137.0,0.0015882156377251357,0.2175855423683436,0.0002175855423683436
2026-04-30,110092,sell,risk_exit_next_open,84.0,0.002182295912256696,0.18331285662956245,0.00018331285662956246
2026-05-06,110081,sell,risk_exit_next_open,84.5,0.0022665948295893185,0.1915272631002974,0.00019152726310029742
2026-05-06,113631,sell,rebalance,142.844,0.0015941174662226561,0.22771011534510907,0.0002277101153451091
2026-05-06,113048,sell,rebalance,157.411,0.001529496501172887,0.24075957374612533,0.00024075957374612535
2026-05-06,123149,sell,rebalance,139.533,0.0016139917258813732,0.22520510748740563,0.00022520510748740564
2026-05-06,113640,sell,rebalance,137.666,0.0016435767056142666,0.22626463075509362,0.00022626463075509364
2026-05-06,113052,sell,rebalance,120.25,0.0018652437411826109,0.22429555987720895,0.00022429555987720895
2026-05-06,127049,sell,rebalance,117.768,0.001898488886264913,0.22358123915764627,0.00022358123915764628
2026-05-06,113062,sell,rebalance_resize,131.027,2.5180586407116858e-05,0.0032993366951653003,3.2993366951653003e-06
2026-05-06,113056,sell,rebalance_resize,128.258,2.2165519258230566e-05,0.0028429051690221363,2.8429051690221363e-06
2026-05-06,110087,sell,rebalance_resize,137.341,4.446065285109642e-05,0.006106270523222435,6.1062705232224344e-06
2026-05-06,118034,sell,rebalance_resize,128.269,1.9552790367460073e-05,0.0025080168676437364,2.5080168676437364e-06
2026-05-06,118031,sell,rebalance_resize,131.098,2.832155259676757e-05,0.0037128989023310355,3.7128989023310354e-06
2026-05-06,127047,sell,rebalance_resize,154.101,0.0001696789996871499,0.02614770353078949,2.6147703530789492e-05
2026-05-06,113632,sell,rebalance_resize,136.91,7.972586226344861e-06,0.0010915267802488748,1.0915267802488748e-06
2026-05-06,113062,buy,rebalance,131.027,2.11614523693359e-19,2.7727216195969747e-17,2.772721619596975e-20
2026-05-06,127084,buy,rebalance,137.806,6.482126982893552e-05,0.008932759910046289,8.93275991004629e-06
2026-05-06,123121,buy,rebalance,149.0,0.001483295419675158,0.22101101753159855,0.00022101101753159856
2026-05-06,123126,buy,rebalance,151.0,6.546283309399905e-06,0.0009884887797193857,9.884887797193857e-07
2026-05-06,127066,buy,rebalance,141.6,3.958702768932074e-05,0.005605523120807816,5.605523120807816e-06
2026-05-06,123225,buy,rebalance,151.422,0.0014595700593810579,0.22101101753159855,0.00022101101753159856
2026-05-06,113661,buy,rebalance,141.216,0.0015650564916978142,0.22101101753159855,0.00022101101753159856
2026-05-06,123198,buy,rebalance,141.68,0.0015599309537803398,0.22101101753159855,0.00022101101753159856
2026-05-06,127061,buy,rebalance,116.1,0.0019036263353281529,0.22101101753159855,0.00022101101753159856
2026-05-06,127040,buy,rebalance,137.233,4.887126153141064e-07,6.706749833740076e-05,6.706749833740076e-08
2026-05-06,118041,buy,rebalance,157.87,0.0013999557707708781,0.22101101753159855,0.00022101101753159856
2026-05-06,110093,buy,rebalance,124.7,0.0017723417604779354,0.22101101753159855,0.00022101101753159856
2026-05-06,113058,buy,rebalance,143.008,0.0015454451326610997,0.22101101753159855,0.00022101101753159856
2026-05-06,113681,buy,rebalance,142.743,0.0015483142257875942,0.22101101753159855,0.00022101101753159856
2026-05-11,123126,sell,risk_exit_next_open,153.5,0.0014651394487151823,0.22489890537778048,0.0002248989053777805
2026-05-12,127047,sell,rebalance,181.426,0.0014356627652197848,0.26046655284276465,0.0002604665528427647
2026-05-12,123121,sell,rebalance,170.51,0.001483295419675158,0.25291670200881117,0.00025291670200881116
2026-05-12,118041,sell,rebalance,173.68,0.0013999557707708781,0.24314431826748611,0.0002431443182674861
2026-05-12,110093,sell,rebalance,124.415,0.0017723417604779354,0.22050590012986235,0.00022050590012986235
2026-05-12,113681,sell,rebalance,144.6,0.0015483142257875942,0.2238862370488861,0.0002238862370488861
2026-05-12,118034,sell,rebalance_resize,132.594,1.8632599706037644e-05,0.002470570925422355,2.470570925422355e-06
2026-05-12,127084,sell,rebalance_resize,143.589,2.9845617428059075e-05,0.004285502360877574,4.285502360877574e-06
2026-05-12,127061,buy,rebalance,104.302,0.0002650610902683043,0.02764640183716468,2.764640183716468e-05
2026-05-12,113062,buy,rebalance,131.4,3.314280697782785e-05,0.00435496483688658,4.354964836886581e-06
2026-05-12,127066,buy,rebalance,138.2,7.450495683035323e-05,0.010296585033954817,1.0296585033954816e-05
2026-05-12,113056,buy,rebalance,128.046,4.177762050996388e-05,0.005349457195818835,5.349457195818835e-06
2026-05-12,118031,buy,rebalance,131.25,3.6021975173277706e-05,0.004727884241492699,4.727884241492699e-06
2026-05-12,127040,buy,rebalance,139.572,8.721134069116177e-06,0.0012172261242946831,1.217226124294683e-06
2026-05-12,123198,buy,rebalance,144.0,1.1073288027556342e-05,0.001594553475968113,1.5945534759681132e-06
2026-05-12,123225,buy,rebalance,152.69,2.2012466930683238e-05,0.0033610835756460234,3.3610835756460237e-06
2026-05-12,113661,buy,rebalance,143.65,9.776796401051027e-06,0.00140443680301098,1.40443680301098e-06
2026-05-12,113644,buy,rebalance,147.201,0.0015353098539359802,0.22599914580923022,0.00022599914580923022
2026-05-12,111010,buy,rebalance,151.301,0.0014937055657876037,0.22599914580923022,0.00022599914580923022
2026-05-12,127049,buy,rebalance,116.28,0.0019435771053425371,0.22599914580923022,0.00022599914580923022
2026-05-12,113058,buy,rebalance,143.757,2.8197473747533188e-05,0.004053584233524129,4.053584233524129e-06
2026-05-12,113052,buy,rebalance,119.599,0.001889640764632064,0.22599914580923022,0.00022599914580923022
2026-05-12,110087,buy,rebalance,136.017,5.230798235039396e-05,0.007114774835353535,7.114774835353536e-06
2026-05-12,113632,buy,rebalance,138.389,1.8762870044302643e-05,0.002596574822560999,2.596574822560999e-06
2026-05-12,113631,buy,rebalance,143.49,0.0015750166966982382,0.22599914580923022,0.00022599914580923022
2026-05-12,118018,buy,rebalance,147.17,0.0015356332527636763,0.22599914580923022,0.00022599914580923022
2026-05-20,127066,sell,risk_exit_next_open,137.734,0.001636873137970534,0.22545308478523354,0.00022545308478523355
2026-05-21,110087,sell,rebalance,133.997,0.0016631675784151818,0.22285946600489914,0.00022285946600489914
2026-05-21,123225,sell,rebalance,161.0,0.001481582526311741,0.23853478673619033,0.00023853478673619034
2026-05-21,113661,sell,rebalance,139.051,0.0015748332880988652,0.2189821435434353,0.0002189821435434353
2026-05-21,111010,sell,rebalance,163.9,0.0014937055657876037,0.24481834223258825,0.00024481834223258824
2026-05-21,118018,sell,rebalance,177.0,0.0015356332527636763,0.27180708573917073,0.00027180708573917075
2026-05-21,113062,sell,rebalance_resize,130.399,6.420729494846784e-07,8.372567053985258e-05,8.372567053985258e-08
2026-05-21,113056,sell,rebalance_resize,127.99,1.333806876911119e-05,0.0017071394217585412,1.7071394217585412e-06
2026-05-21,127061,buy,rebalance,100.246,6.988317427239187e-05,0.007005508688110195,7.005508688110195e-06
2026-05-21,123198,buy,rebalance,139.1,4.2287441120880665e-05,0.0058821830599145005,5.882183059914501e-06
2026-05-21,110084,buy,rebalance,138.0,0.0016245673183733216,0.22419028993551837,0.0002241902899355184
2026-05-21,113644,buy,rebalance,140.382,6.322753332776364e-05,0.008876007583618116,8.876007583618115e-06
2026-05-21,127084,buy,rebalance,136.876,6.397173763086946e-05,0.008756195559962888,8.756195559962889e-06
2026-05-21,118031,buy,rebalance,127.9,3.0987999777093124e-05,0.003963365171490211,3.963365171490211e-06
2026-05-21,127040,buy,rebalance,134.246,5.076936938926785e-05,0.006815584763031652,6.815584763031652e-06
2026-05-21,118034,buy,rebalance,127.616,5.2306270278471435e-05,0.0066751169878574105,6.6751169878574105e-06
2026-05-21,113058,buy,rebalance,136.844,6.622241603756902e-05,0.009062140300245094,9.062140300245094e-06
2026-05-21,123183,buy,rebalance,140.509,0.0015955582200109487,0.22419028993551837,0.0002241902899355184
2026-05-21,127090,buy,rebalance,148.0,0.00151479925632107,0.22419028993551837,0.0002241902899355184
2026-05-21,113631,buy,rebalance,140.649,2.0528751213984932e-05,0.0028873483294957667,2.887348329495767e-06
2026-05-21,123216,buy,rebalance,139.71,0.0016046832004546444,0.22419028993551837,0.0002241902899355184
2026-05-21,118011,buy,rebalance,150.0,0.0014946019329034558,0.22419028993551837,0.0002241902899355184
2026-05-21,127049,buy,rebalance,111.886,6.210551086931933e-05,0.006948737189124663,6.948737189124663e-06
2026-05-21,113632,buy,rebalance,133.8,4.2504282767420154e-05,0.005687073034280817,5.687073034280817e-06
2026-05-21,113052,buy,rebalance,116.801,3.167034487041297e-05,0.003699127951209105,3.699127951209105e-06
2026-05-21,113681,buy,rebalance,142.3,0.0015754763874597213,0.22419028993551837,0.0002241902899355184
2026-05-25,127090,sell,risk_exit_next_open,132.998,0.00151479925632107,0.20146527149218968,0.0002014652714921897
2026-05-29,113644,sell,risk_exit_next_open,123.9,0.0015985373872637438,0.19805878228197787,0.0001980587822819779
2026-06-02,123198,sell,risk_exit_next_open,125.907,0.0016132916829287769,0.2031247159225135,0.0002031247159225135
2026-06-11,127049,sell,rebalance,110.518,0.0020056826162118567,0.22166403137850196,0.00022166403137850198
2026-06-11,123216,sell,rebalance,134.78,0.0016046832004546444,0.21627920175727697,0.00021627920175727698
2026-06-11,113056,sell,rebalance_resize,129.4,8.725460600130399e-05,0.011290746016568737,1.1290746016568736e-05
2026-06-11,113062,sell,rebalance_resize,130.574,6.984282038607154e-05,0.009119656429090905,9.119656429090906e-06
2026-06-11,113632,sell,rebalance_resize,139.72,0.0001341382827288873,0.01874180086288013,1.874180086288013e-05
2026-06-11,113052,sell,rebalance_resize,118.001,9.42394856285503e-05,0.011120353543654565,1.1120353543654566e-05
2026-06-11,113058,sell,rebalance_resize,131.669,2.453948550697169e-06,0.0003231089517217456,3.231089517217456e-07
2026-06-11,113631,sell,rebalance_resize,135.5,4.4290000247898594e-06,0.0006001295033590259,6.00129503359026e-07
2026-06-11,127084,sell,rebalance_resize,139.005,8.848730586741987e-05,0.0123001779521007,1.23001779521007e-05
2026-06-11,118031,sell,rebalance_resize,123.0,1.7648225178951104e-06,0.00021707316970109858,2.1707316970109857e-07
2026-06-11,123183,sell,rebalance_resize,137.52,2.7813319714648368e-05,0.0038248877271584436,3.824887727158444e-06
2026-06-11,127061,buy,rebalance,94.501,4.280194482250292e-05,0.004044826587671349,4.044826587671349e-06
2026-06-11,110084,buy,rebalance,132.498,2.5962138162716997e-06,0.0003439931382283677,3.439931382283677e-07
2026-06-11,113681,buy,rebalance,136.605,2.7665588684902828e-06,0.00037792577423011506,3.7792577423011505e-07
2026-06-11,118011,buy,rebalance,137.3,7.557482296447797e-05,0.010376423193022826,1.0376423193022826e-05
2026-06-11,127040,buy,rebalance,124.596,5.868317667839156e-05,0.007311689081420875,7.311689081420875e-06
2026-06-11,127110,buy,rebalance,136.6,0.0015766307356462194,0.21536775848927356,0.00021536775848927356
2026-06-11,113051,buy,rebalance,138.538,0.0015545753402624084,0.21536775848927356,0.00021536775848927356
2026-06-11,118031,buy,rebalance,123.0,2.2541590432352594e-19,2.772615623179369e-17,2.772615623179369e-20
2026-06-11,111015,buy,rebalance,133.444,0.0016139186362015047,0.21536775848927356,0.00021536775848927356
2026-06-11,127078,buy,rebalance,140.06,0.0015376821254410506,0.21536775848927356,0.00021536775848927356
2026-06-11,123142,buy,rebalance,134.74,0.0015983951201519486,0.21536775848927356,0.00021536775848927356
2026-06-11,118034,buy,rebalance,118.835,5.5726351155845004e-05,0.006622240939604841,6.622240939604841e-06
2026-06-23,113051,sell,rebalance,134.724,0.0015545753402624084,0.2094386081415127,0.0002094386081415127
2026-06-23,111015,sell,rebalance,126.785,0.0016139186362015047,0.20462067429080777,0.00020462067429080776
2026-06-23,127078,sell,rebalance,144.04,0.0015376821254410506,0.22148773334852892,0.00022148773334852893
2026-06-23,123142,sell,rebalance,131.0,0.0015983951201519486,0.20938976073990526,0.00020938976073990527
2026-06-23,113632,sell,rebalance_resize,141.821,2.4684869243203827e-05,0.00350083284094041,3.50083284094041e-06
2026-06-23,127040,sell,rebalance_resize,125.95,2.059494568986797e-05,0.002593933409638871,2.593933409638871e-06
2026-06-23,113058,sell,rebalance_resize,133.631,2.5977993713981844e-05,0.0034714652779931077,3.471465277993108e-06
2026-06-23,113631,sell,rebalance_resize,135.73,4.60341511842805e-06,0.0006248215340242391,6.248215340242391e-07
2026-06-23,123183,sell,rebalance_resize,142.0,5.12842387629404e-05,0.0072823619043375365,7.2823619043375365e-06
2026-06-23,118031,sell,rebalance_resize,123.6,1.06031870173583e-05,0.001310553915345486,1.310553915345486e-06
2026-06-23,127084,sell,rebalance_resize,140.718,2.0720319229130246e-05,0.0029157218812847496,2.9157218812847496e-06
2026-06-23,127061,buy,rebalance,92.999,2.686460503303417e-05,0.0024983814034671447,2.4983814034671447e-06
2026-06-23,113681,buy,rebalance,130.992,5.171105271041283e-05,0.006773734216642397,6.773734216642397e-06
2026-06-23,113062,buy,rebalance,129.369,1.0537219193558558e-05,0.0013631895098514771,1.3631895098514772e-06
2026-06-23,113056,buy,rebalance,128.522,7.3784418627914184e-06,0.0009482921050896786,9.482921050896786e-07
2026-06-23,113052,buy,rebalance,115.222,3.293831795605433e-05,0.003795218871532492,3.795218871532492e-06
2026-06-23,123216,buy,rebalance,138.4,0.0012254689208372612,0.16960489864387696,0.00016960489864387696
2026-06-23,110084,buy,rebalance,129.477,2.8330063530790798e-05,0.0036680916357762004,3.6680916357762006e-06
2026-06-23,113631,buy,rebalance,135.73,1.6106207426396426e-19,2.186095533984787e-17,2.186095533984787e-20
2026-06-23,113661,buy,rebalance,140.0,0.0012114635617419783,0.16960489864387696,0.00016960489864387696
2026-06-23,127110,buy,rebalance,136.3,2.5578688967780878e-06,0.0003486375306308534,3.486375306308534e-07
2026-06-23,123178,buy,rebalance,160.41,0.0010573212308701264,0.16960489864387696,0.00016960489864387696
2026-06-23,123149,buy,rebalance,137.5,0.0012334901719554688,0.16960489864387696,0.00016960489864387696
2026-06-23,118034,buy,rebalance,118.5,2.3656335111290217e-06,0.0002803275710687891,2.803275710687891e-07
2026-06-23,118040,buy,rebalance,151.002,0.0011231963725240523,0.16960489864387696,0.00016960489864387696
2026-06-26,113632,sell,risk_exit_next_open,138.2,0.0015183746690386973,0.20983937926114796,0.00020983937926114795
2026-07-01,118034,sell,rebalance,114.64,0.001816555493650357,0.20824992179207694,0.00020824992179207695
2026-07-01,127084,sell,rebalance,137.787,0.0015302762541944677,0.21085217423669314,0.00021085217423669314
2026-07-01,110084,sell,rebalance,127.305,0.0016554935957203841,0.2107526122031835,0.0002107526122031835
2026-07-01,118011,sell,rebalance,197.2,0.0015701767558679337,0.30963885625715654,0.00030963885625715653
2026-07-01,123178,sell,rebalance,165.0,0.0010573212308701264,0.17445800309357085,0.00017445800309357084
2026-07-01,123149,sell,rebalance,132.8,0.0012334901719554688,0.16380749483568627,0.00016380749483568626
2026-07-01,118040,sell,rebalance,171.715,0.0011231963725240523,0.19286966510796766,0.00019286966510796767
2026-07-01,113681,buy,rebalance,130.736,1.8841208948666263e-05,0.002463224293112832,2.4632242931128323e-06
2026-07-01,127061,buy,rebalance,91.792,4.0068536660074835e-05,0.003677971117101589,3.6779711171015892e-06
2026-07-01,113062,buy,rebalance,126.798,3.830370915191758e-05,0.004856833713044845,4.856833713044845e-06
2026-07-01,123188,buy,rebalance,138.688,0.0015527227267405496,0.21534400952619331,0.00021534400952619333
2026-07-01,113056,buy,rebalance,124.68,5.534431807571153e-05,0.006900329577679714,6.900329577679714e-06
2026-07-01,113058,buy,rebalance,127.5,7.914936681025164e-05,0.010091544268307084,1.0091544268307085e-05
2026-07-01,127040,buy,rebalance,122.15,5.494972228283479e-05,0.00671210857684827,6.71210857684827e-06
2026-07-01,113658,buy,rebalance,140.51,0.0015325884956671647,0.21534400952619331,0.00021534400952619333
2026-07-01,127067,buy,rebalance,145.0,0.0014851311001806435,0.21534400952619331,0.00021534400952619333
2026-07-01,113631,buy,rebalance,131.299,5.517585291487381e-05,0.007244534311870017,7.2445343118700175e-06
2026-07-01,113052,buy,rebalance,115.1,1.2777919136369567e-05,0.0014707384925961371,1.4707384925961372e-06
2026-07-01,127110,buy,rebalance,131.799,5.627097464601135e-05,0.00741645818736965,7.41645818736965e-06
2026-07-01,123216,buy,rebalance,127.954,0.0004587352191621673,0.05869700623267595,5.869700623267595e-05
2026-07-01,127089,buy,rebalance,122.14,0.0017630916122989464,0.21534400952619331,0.00021534400952619333
2026-07-01,118031,buy,rebalance,121.46,3.249075528369812e-05,0.003946327136757973,3.946327136757973e-06
2026-07-01,123183,buy,rebalance,135.56,7.360554949813613e-05,0.009977968289967333,9.977968289967334e-06
2026-07-01,113661,buy,rebalance,139.72,0.0003310006961913719,0.04624741727185848,4.624741727185848e-05
2026-07-01,127103,buy,rebalance,143.92,0.0014962757749179636,0.21534400952619331,0.00021534400952619333
2026-07-01,127045,buy,rebalance,117.361,0.0018348856053219836,0.21534400952619331,0.00021534400952619333
2026-07-01,123171,buy,rebalance,132.366,0.0016268831083978764,0.21534400952619331,0.00021534400952619333
2026-07-13,127040,sell,rebalance,120.96,0.0017646552716098461,0.21345270165392696,0.00021345270165392698
2026-07-13,118031,sell,rebalance,122.45,0.0017747028421585937,0.2173123630223198,0.0002173123630223198
2026-07-13,113661,sell,rebalance,137.54,0.0015424642579333501,0.21215053403615297,0.00021215053403615298
2026-07-13,113681,sell,rebalance_resize,136.75,5.320462404542043e-05,0.007275732338211244,7.275732338211244e-06
2026-07-13,113062,sell,rebalance_resize,128.846,6.512040545857428e-06,0.0008390503761715462,8.390503761715462e-07
2026-07-13,127061,sell,rebalance_resize,96.89,9.629812777107697e-05,0.009330325599739647,9.330325599739648e-06
2026-07-13,123188,sell,rebalance_resize,149.0,8.831324785430271e-05,0.013158673930291104,1.3158673930291105e-05
2026-07-13,113058,sell,rebalance_resize,132.135,3.9263626436654374e-05,0.0051880992792073255,5.188099279207326e-06
2026-07-13,113631,sell,rebalance_resize,133.48,7.009440418290649e-06,0.0009356201070334358,9.356201070334359e-07
2026-07-13,127110,sell,rebalance_resize,133.6,2.2484088742574097e-06,0.0003003874256007899,3.003874256007899e-07
2026-07-13,127045,sell,rebalance_resize,121.967,4.590159854924352e-05,0.005598480270255585,5.598480270255585e-06
2026-07-13,123171,sell,rebalance_resize,139.2,5.9375835739465507e-05,0.008265116334933598,8.265116334933597e-06
2026-07-13,127089,sell,rebalance_resize,123.9,2.018066261409872e-06,0.0002500384097886832,2.500384097886832e-07
2026-07-13,113658,buy,rebalance,135.0,8.359593292629786e-05,0.01128545094505021,1.1285450945050211e-05
2026-07-13,113062,buy,rebalance,128.846,2.151856715036812e-19,2.772581303056331e-17,2.7725813030563306e-20
2026-07-13,127067,buy,rebalance,140.0,7.334026013749545e-05,0.010267636419249363,1.0267636419249364e-05
2026-07-13,113056,buy,rebalance,125.09,1.5458124547136615e-05,0.0019336567996013194,1.9336567996013196e-06
2026-07-13,123178,buy,rebalance,135.46,0.001609058301240509,0.21796303748603935,0.00021796303748603934
2026-07-13,113052,buy,rebalance,115.57,1.520319421317175e-05,0.0017570331552162592,1.7570331552162593e-06
2026-07-13,113631,buy,rebalance,133.48,2.0771511110700712e-19,2.772581303056331e-17,2.7725813030563306e-20
2026-07-13,127084,buy,rebalance,140.0,0.0015568788391859953,0.21796303748603935,0.00021796303748603934
2026-07-13,123183,buy,rebalance,135.35,2.2004828547548433e-05,0.0029783535439106804,2.9783535439106806e-06
2026-07-13,123216,buy,rebalance,125.22,5.824262130050173e-05,0.007293141039248827,7.293141039248827e-06
2026-07-13,123149,buy,rebalance,133.949,0.0016272091429278257,0.21796303748603935,0.00021796303748603934
2026-07-13,127103,buy,rebalance,141.3,4.788380989731599e-05,0.0067659823384907496,6.76598233849075e-06
2026-07-15,123188,sell,risk_exit_next_open,136.8,0.001464409478886247,0.2003312167116386,0.0002003312167116386
2026-07-17,113658,sell,risk_exit_next_open,118.989,0.0016161844285934627,0.19230816897390754,0.00019230816897390754
