date,nav,cash,cash_weight,holdings,locked_today,daily_return
2018-01-11,1.003320358543275,-2.7755575615628914e-16,-2.766372213948429e-16,20,0,0.0033203585432750593
2018-01-12,1.0016262922301318,-2.7755575615628914e-16,-2.7710510228151883e-16,20,0,-0.0016884600204892797
2018-01-15,0.9870928000565127,-2.7755575615628914e-16,-2.811850680507432e-16,20,0,-0.014509894844373705
2018-01-16,0.9869284921342725,-2.7755575615628914e-16,-2.812318808995611e-16,20,0,-0.00016645640838508502
2018-01-17,0.9878804479592378,-2.7755575615628914e-16,-2.8096087611579265e-16,20,0,0.0009645641326117005
2018-01-18,0.9924803668989646,-2.7755575615628914e-16,-2.796586868751073e-16,20,0,0.004656351838149275
2018-01-19,0.9974034417020483,-2.7755575615628914e-16,-2.7827832204252873e-16,20,0,0.004960375003151052
2018-01-22,1.0093160783656177,-2.7755575615628914e-16,-2.749938915128889e-16,20,0,0.011943649044603877
2018-01-23,1.0143659692564828,-2.168404344971009e-17,-2.1376942944570798e-17,20,0,0.005003279942832561
2018-01-24,1.0256126564771852,-2.168404344971009e-17,-2.1142527164389036e-17,20,0,0.011087405888573043
2018-01-25,1.0371997654575629,-2.168404344971009e-17,-2.0906332773941697e-17,20,0,0.011297743750723122
2018-01-26,1.0344181773756707,-2.168404344971009e-17,-2.0962550662752975e-17,20,0,-0.0026818248273177137
2018-01-29,1.0190719236985761,-2.168404344971009e-17,-2.1278226733016987e-17,20,0,-0.014835638055035072
2018-01-30,1.0149231581045526,-2.168404344971009e-17,-2.136520708642289e-17,20,0,-0.004071121475868189
2018-01-31,1.0054493026323288,-2.4828111359814676e-17,-2.4693548739666076e-17,20,0,-0.009334554440473042
2018-02-01,0.9906219423930875,-2.4828111359814676e-17,-2.506315507188984e-17,20,0,-0.01474699937671875
2018-02-02,0.9941167986569033,-2.4828111359814676e-17,-2.497504457560578e-17,20,0,0.0035279415024596084
2018-02-05,0.9955660265667126,-2.4828111359814676e-17,-2.4938688843608257e-17,20,0,0.0014578044670074952
2018-02-06,0.9832531468712999,-2.4828111359814676e-17,-2.5250985912241865e-17,20,0,-0.012367717827690972
2018-02-07,0.9846277631913716,-2.4828111359814676e-17,-2.5215733587830086e-17,20,0,0.0013980289048101113
2018-02-08,0.9882783282282408,-2.4828111359814676e-17,-2.512259011520151e-17,20,0,0.003707558504177255
2018-02-09,0.9725142625209335,-2.4828111359814676e-17,-2.5529817213637262e-17,20,0,-0.015951038545556906
2018-02-12,0.9870113063926863,-2.4828111359814676e-17,-2.515483986759592e-17,20,0,0.014906767366242857
2018-02-13,0.9937884573196094,-3.469419039622429e-17,-3.4911041822521787e-17,20,0,0.006866335656976474
2018-02-14,0.995139941157101,-3.469419039622429e-17,-3.486362968798494e-17,20,0,0.0013599311076089027
2018-02-22,1.0038116701105129,-3.469419039622429e-17,-3.4562449739605733e-17,20,0,0.008714079894460713
2018-02-23,1.0025914380695264,-1.3877787807814457e-17,-1.3841917336273998e-17,20,0,-0.0012155985802118074
2018-02-26,1.0137125385504397,-1.3877787807814457e-17,-1.36900623007574e-17,20,0,0.011092355329032966
2018-02-27,1.0123464605938106,-1.3877787807814457e-17,-1.3708535909410087e-17,20,0,-0.0013475989540215894
2018-02-28,1.0106713955525952,-1.3877787807814457e-17,-1.373125614208823e-17,20,0,-0.0016546361412997923
2018-03-01,1.0141799981982311,0.0011257233110032877,0.0011099837435201067,20,1,0.003471556295226552
2018-03-02,1.010853878916517,0.0011257233110032877,0.0011136360402651802,20,1,-0.0032796143560545055
2018-03-05,1.0106626923430908,0.0011257233110032877,0.001113846706257103,20,1,-0.00018913373872697647
2018-03-06,1.0096492470255403,0.0011257233110032877,0.0011149647407945932,20,1,-0.0010027532679582896
2018-03-07,1.010516248519762,0.0011257233110032877,0.001114008124710795,20,1,0.0008587155358912302
2018-03-08,1.0111722616828598,0.0011257233110032877,0.0011132853952399609,20,1,0.0006491861601025661
2018-03-09,1.0172139601248575,0.0011257233110032877,0.0011066730846528209,20,1,0.005974944795205106
2018-03-12,1.024111290946546,0.0011257233110032877,0.0010992197048846379,20,1,0.006780609677084826
2018-03-13,1.0271895375037765,0.0,0.0,21,1,0.003005773478374163
2018-03-14,1.0220058738876974,0.0,0.0,21,1,-0.005046452895807518
2018-03-15,1.0192474348974578,0.0,0.0,21,1,-0.0026990441647331
2018-03-16,1.0211907847517951,0.0,0.0,21,1,0.0019066516998718086
2018-03-19,1.0224686826566207,0.0,0.0,21,1,0.0012513801768552213
2018-03-20,1.020360178704731,0.0,0.0,21,1,-0.0020621697149797447
2018-03-21,1.0208018748238517,-1.214306433183765e-17,-1.1895613273567941e-17,21,1,0.0004328825529837932
2018-03-22,1.0212301801036636,-1.214306433183765e-17,-1.1890624237725745e-17,21,1,0.0004195772856372404
2018-03-23,1.005151164142273,-1.214306433183765e-17,-1.2080833973066834e-17,21,1,-0.015744752039896115
2018-03-26,1.0129772500513388,-1.214306433183765e-17,-1.1987499552652566e-17,21,1,0.007785979052955749
2018-03-27,1.022001899966762,-1.214306433183765e-17,-1.1881645554898257e-17,21,1,0.008909035138711996
2018-03-28,1.0187654995309152,-1.214306433183765e-17,-1.1919391005514865e-17,21,1,-0.003166726437545786
2018-03-29,1.0187262041504497,-1.214306433183765e-17,-1.1919850772822874e-17,21,1,-3.857156576625442e-05
2018-03-30,1.0275763278724683,-1.214306433183765e-17,-1.181718963590675e-17,21,1,0.00868744092962559
2018-04-02,1.0336476905094685,-5.377642775528102e-17,-5.2025877142699826e-17,21,1,0.005908429838560547
2018-04-03,1.0318142860994275,-5.377642775528102e-17,-5.21183205929163e-17,21,2,-0.0017737227363583408
2018-04-04,1.0331014078955745,-5.377642775528102e-17,-5.2053387348318007e-17,21,2,0.0012474355254497027
2018-04-09,1.0352861263377708,-5.377642775528102e-17,-5.194354139131582e-17,21,2,0.0021147182895109307
2018-04-10,1.0308039362877792,-5.377642775528102e-17,-5.2169404735633206e-17,21,1,-0.004329421534747024
2018-04-11,1.0319672251740108,-2.0816681711721685e-17,-2.0171843837590447e-17,21,1,0.001128525847913453
2018-04-12,1.0292860419666456,-2.0816681711721685e-17,-2.0224389395145665e-17,21,1,-0.0025981282563630748
2018-04-13,1.0286783187786328,-2.0816681711721685e-17,-2.023633757192208e-17,21,1,-0.000590431778178635
2018-04-16,1.0253967062568283,-2.0816681711721685e-17,-2.03011006225212e-17,21,1,-0.0031901250973198625
2018-04-17,1.0229091929518956,-2.0816681711721685e-17,-2.0350468893186133e-17,21,1,-0.0024259033501417004
2018-04-18,1.024251476297727,-2.0816681711721685e-17,-2.0323799568213402e-17,21,1,0.001312221412301362
2018-04-19,1.0258769948274606,-2.0816681711721685e-17,-2.029159618227211e-17,21,1,0.0015870306925103161
2018-04-20,1.0232214396886854,-2.0816681711721685e-17,-2.0344258734507313e-17,21,1,-0.002588570707954929
2018-04-23,1.0084220204169885,-2.0816681711721685e-17,-2.06428273979121e-17,21,1,-0.014463554708352921
2018-04-24,1.019440241021088,-2.0816681711721685e-17,-2.0419717482283567e-17,21,1,0.010926199925249014
2018-04-25,1.017305295724105,-2.0816681711721685e-17,-2.0462570871514663e-17,21,1,-0.0020942329045640085
2018-04-26,1.0158179725809942,-2.0816681711721685e-17,-2.0492531411735688e-17,21,1,-0.0014620224129003878
2018-04-27,1.0153591964824176,-2.0816681711721685e-17,-2.050179068041972e-17,21,1,-0.00045163219293209433
2018-05-02,1.013731487045908,-2.0816681711721685e-17,-2.0534709612683637e-17,21,1,-0.001603087303634565
2018-05-03,1.02194077649926,-2.0816681711721685e-17,-2.036975350277234e-17,21,1,0.008098090626813326
2018-05-04,1.0251791216375368,-2.0816681711721685e-17,-2.0305409340048625e-17,21,1,0.003168818793364725
2018-05-07,1.035006110989657,-2.0816681711721685e-17,-2.0112617201667626e-17,21,1,0.009585631568874708
2018-05-08,1.0425245441645605,-2.0816681711721685e-17,-1.9967569903501293e-17,21,1,0.007264143752460095
2018-05-09,1.043309157655566,-2.0816681711721685e-17,-1.99525534296077e-17,21,1,0.0007526091307847871
2018-05-10,1.0457508844825787,-2.0816681711721685e-17,-1.9905966153709214e-17,21,1,0.0023403674827311427
2018-05-11,1.0416719452950725,-1.0301036125475469e-17,-9.888944568395296e-18,21,1,-0.0039004883935856993
2018-05-14,1.037689815100622,-1.0301036125475469e-17,-9.926893350568932e-18,21,1,-0.003822825614567593
2018-05-15,1.0465596001921913,-1.0301036125475469e-17,-9.842761103699948e-18,21,0,0.008547626624541227
2018-05-16,1.0430133097077772,-1.0301036125475469e-17,-9.876226918294578e-18,21,0,-0.003388522243513825
2018-05-17,1.0430207973020404,-1.0301036125475469e-17,-9.87615601924807e-18,21,0,7.178809890096005e-06
2018-05-18,1.0415461178364311,-1.0301036125475469e-17,-9.890139235383514e-18,21,0,-0.0014138543252674163
2018-05-21,1.0444772799568578,-1.0301036125475469e-17,-9.862384106527385e-18,21,1,0.00281424131896868
2018-05-22,1.0468088421822244,-1.3877787807814457e-17,-1.3257232121658622e-17,21,1,0.002232276632635699
2018-05-23,1.0421635372397455,-1.3877787807814457e-17,-1.3316324465324225e-17,21,1,-0.0044375866493399085
2018-05-24,1.0415773024670703,-1.3877787807814457e-17,-1.332381934105482e-17,21,1,-0.0005625170635196186
2018-05-25,1.0359212790710766,-1.3877787807814457e-17,-1.3396566021173772e-17,21,2,-0.0054302483191568385
2018-05-28,1.0269913914905238,-1.3877787807814457e-17,-1.351305173811918e-17,21,1,-0.008620237619368476
2018-05-29,1.019531035752155,-1.3877787807814457e-17,-1.3611932664292239e-17,21,1,-0.0072642826416891015
2018-05-30,1.0024343517490184,-1.3877787807814457e-17,-1.3844086431795653e-17,21,1,-0.016769164845014783
2018-05-31,1.006469606045787,3.618375423331389e-17,3.5951164362997953e-17,21,1,0.004025454923534788
2018-06-01,1.0056784521310145,3.618375423331389e-17,3.5979446667710905e-17,21,1,-0.0007860683621443432
2018-06-04,0.9981302980824378,3.618375423331389e-17,3.625153379556603e-17,21,0,-0.007505534231724176
2018-06-05,1.0078425336808947,3.618375423331389e-17,3.590219009825047e-17,21,0,0.009730428599467933
2018-06-06,1.01056450898373,3.618375423331389e-17,3.580548684586393e-17,21,0,0.0027007942330972146
2018-06-07,1.0146882859342747,3.618375423331389e-17,3.565997039179148e-17,21,0,0.004080666710422731
2018-06-08,1.0084938607869216,3.618375423331389e-17,3.5879002976854933e-17,21,0,-0.006104756734872097
2018-06-11,1.0065966513890328,3.618375423331389e-17,3.594662686725894e-17,21,0,-0.0018812304880154729
2018-06-12,1.0094139166939085,8.673617379884035e-19,8.59272617153167e-19,20,0,0.0027988025799490224
2018-06-13,1.0053844292181413,8.673617379884035e-19,8.627165020478047e-19,20,0,-0.0039919079865321505
2018-06-14,1.0015731400654477,8.673617379884035e-19,8.659993996361822e-19,20,0,-0.0037908774414354696
2018-06-15,0.9930139676675217,8.673617379884035e-19,8.73463784226257e-19,20,0,-0.008545728769610128
2018-06-19,0.9575370073729107,8.673617379884035e-19,9.05825812798702e-19,20,0,-0.03572654710783418
2018-06-20,0.9592586039201985,8.673617379884035e-19,9.042001129244602e-19,20,0,0.0017979425693541717
2018-06-21,0.9508653584142062,2.7755575615628914e-17,2.918980628542187e-17,20,0,-0.008749721369911811
2018-06-22,0.9541569216741366,2.7755575615628914e-17,2.908910996204877e-17,20,0,0.0034616502018960382
2018-06-25,0.9579540398277684,2.7755575615628914e-17,2.897380715740717e-17,20,0,0.003979553118966583
2018-06-26,0.9600068169270366,2.7755575615628914e-17,2.8911852630873994e-17,20,0,0.0021428763948188045
2018-06-27,0.9579533798628836,2.7755575615628914e-17,2.897382711839453e-17,20,0,-0.002138981752989988
2018-06-28,0.9558963740296648,2.7755575615628914e-17,2.903617627360888e-17,20,0,-0.002147292213232066
2018-06-29,0.9698892869569482,2.7755575615628914e-17,2.8617261772952174e-17,20,0,0.01463852495673268
2018-07-02,0.9656364899982783,2.7755575615628914e-17,2.874329616073063e-17,20,0,-0.0043848272332330795
2018-07-03,0.9725866182521856,2.7755575615628914e-17,2.853789584881176e-17,20,0,0.007197458180064897
2018-07-04,0.9689227504126187,2.7755575615628914e-17,2.864580855781239e-17,20,0,-0.0037671378269127365
2018-07-05,0.9640070219669271,2.7755575615628914e-17,2.879188116181704e-17,20,0,-0.005073395627874566
2018-07-06,0.9641888782731913,2.7755575615628914e-17,2.878645070594219e-17,20,0,0.00018864624646930395
2018-07-09,0.9735816825719036,2.7755575615628914e-17,2.850872824795472e-17,20,0,0.009741664221987634
2018-07-10,0.9741376995100977,2.7755575615628914e-17,2.849245607637137e-17,20,0,0.0005711045597378561
2018-07-11,0.9658097750130382,-8.326672684688674e-17,-8.621441716694435e-17,20,0,-0.008549021869544315
2018-07-12,0.981159974328308,-8.326672684688674e-17,-8.486559687057177e-17,20,0,0.015893605254784893
2018-07-13,0.981926347313419,-8.326672684688674e-17,-8.479936104648489e-17,20,0,0.0007810887165833336
2018-07-16,0.9808659149654576,-8.326672684688674e-17,-8.489103920979768e-17,20,0,-0.0010799510073874474
2018-07-17,0.988684070424116,-8.326672684688674e-17,-8.421975162517568e-17,20,0,0.007970666876454535
2018-07-18,0.991777157669387,-8.326672684688674e-17,-8.395709278338113e-17,20,0,0.003128489006547941
2018-07-19,0.9961167008507358,-8.326672684688674e-17,-8.359133701480218e-17,20,0,0.004375522412258803
2018-07-20,1.001466438729328,-8.326672684688674e-17,-8.314480009188976e-17,20,0,0.005370593499760767
2018-07-23,1.002660642411455,-4.119968255444917e-17,-4.109035581107644e-17,20,0,0.0011924550199029493
2018-07-24,1.0052281158931862,-4.119968255444917e-17,-4.098540610142164e-17,20,0,0.0025606604798571464
2018-07-25,1.0052729549273993,-4.119968255444917e-17,-4.098357799491841e-17,20,0,4.460582976562044e-05
2018-07-26,1.0003182140195799,-4.119968255444917e-17,-4.118657640841751e-17,20,0,-0.004928751821615673
2018-07-27,0.9965080249124199,-4.119968255444917e-17,-4.1344054964404415e-17,20,0,-0.003808977037266459
2018-07-30,0.9922768638134892,-4.119968255444917e-17,-4.152034987101459e-17,20,0,-0.0042459879831900915
2018-07-31,0.9943458851298164,5.339695699491109e-18,5.370058627832495e-18,20,0,0.002085125020828915
2018-08-01,0.9897844850518661,5.339695699491109e-18,5.394806425169719e-18,20,0,-0.004587337410618231
2018-08-02,0.9812390790921042,5.339695699491109e-18,5.441788666256226e-18,20,0,-0.008633602656758277
2018-08-03,0.9816066208002413,5.339695699491109e-18,5.4397511043048954e-18,20,0,0.000374568966899691
2018-08-06,0.9761730299826027,5.339695699491109e-18,5.4700299388380696e-18,20,0,-0.00553540563246091
2018-08-07,0.9827634532174727,5.339695699491109e-18,5.433347853961664e-18,20,0,0.006751285922115047
2018-08-08,0.9797786348528676,5.339695699491109e-18,5.449900119829584e-18,20,0,-0.0030371686643749785
2018-08-09,0.988457962756847,5.339695699491109e-18,5.402046319297681e-18,20,0,0.008858458018206061
2018-08-10,0.9889164008894322,5.339695699491109e-18,5.399542059054317e-18,20,0,0.00046379122821416097
2018-08-13,0.9891966972914642,4.3408744480888384e-17,4.388282391130761e-17,20,0,0.00028343791424623177
2018-08-14,0.9841199996981383,4.3408744480888384e-17,4.410919856745444e-17,20,0,-0.005132141673366286
2018-08-15,0.9787413761858942,4.3408744480888384e-17,4.4351598427411e-17,20,0,-0.005465414292864623
2018-08-16,0.9741939460494061,4.3408744480888384e-17,4.4558626808266895e-17,20,0,-0.004646201996904575
2018-08-17,0.9709103962433182,4.3408744480888384e-17,4.4709320910402316e-17,20,0,-0.003370529882066653
2018-08-20,0.968951483430295,4.3408744480888384e-17,4.47997089877113e-17,20,0,-0.002017604117334315
2018-08-21,0.9746090036905274,-7.253305093467643e-17,-7.442271788996136e-17,20,0,0.005838806541895725
2018-08-22,0.9732770810542656,-7.253305093467643e-17,-7.452456484037182e-17,20,0,-0.0013666225442390267
2018-08-23,0.9760246957926834,-7.253305093467643e-17,-7.431477015626982e-17,20,0,0.0028230550085917017
2018-08-24,0.9775578890307183,-7.253305093467643e-17,-7.419821552112418e-17,20,0,0.0015708549636541669
2018-08-27,0.9843253520726548,-7.253305093467643e-17,-7.368808573501279e-17,20,0,0.006922825868293847
2018-08-28,0.9903097233092208,-7.253305093467643e-17,-7.324279387291064e-17,20,0,0.006079667890261042
2018-08-29,0.9869751062837469,-7.253305093467643e-17,-7.349025367801303e-17,20,0,-0.003367246576486238
2018-08-30,0.9812821388211374,-7.253305093467643e-17,-7.391661181341175e-17,20,0,-0.005768096303913062
2018-08-31,0.9787442292223514,-6.938893903907228e-17,-7.089588573534106e-17,20,0,-0.002586319977081142
2018-09-03,0.9756124142421086,-6.938893903907228e-17,-7.112346873217696e-17,20,0,-0.003199829829628853
2018-09-04,0.9789916068310776,-6.938893903907228e-17,-7.087797132774108e-17,20,0,0.003463662966603387
2018-09-05,0.9751566972212832,-6.938893903907228e-17,-7.115670664704106e-17,20,0,-0.003917203766646837
2018-09-06,0.9743993804551994,-6.938893903907228e-17,-7.121201063023728e-17,20,0,-0.0007766103316951822
2018-09-07,0.9744773155369354,-6.938893903907228e-17,-7.120631535772496e-17,20,0,7.998268810438525e-05
2018-09-10,0.9684564801730985,-6.938893903907228e-17,-7.164900071366134e-17,20,0,-0.0061785279840193
2018-09-11,0.9674275348959365,-7.188260403578894e-17,-7.430283038565898e-17,20,0,-0.001062458972836966
2018-09-12,0.9678641407149049,-7.188260403578894e-17,-7.426931220191033e-17,20,0,0.0004513059668240782
2018-09-13,0.9704414525518755,-7.188260403578894e-17,-7.407206673495474e-17,20,0,0.002662885965655226
2018-09-14,0.9710468564717525,-7.188260403578894e-17,-7.402588614206589e-17,20,0,0.0006238438375494315
2018-09-17,0.9644076536996699,-7.188260403578894e-17,-7.453549726615318e-17,20,0,-0.006837160048286273
2018-09-18,0.9672464348606029,-7.188260403578894e-17,-7.431674229551281e-17,20,0,0.002943548975418153
2018-09-19,0.9713811180971555,-7.188260403578894e-17,-7.400041311962108e-17,20,0,0.004274694728803485
2018-09-20,0.9717246152053051,-7.188260403578894e-17,-7.397425454803535e-17,20,0,0.0003536172381262137
2018-09-21,0.9772755080426552,1.4203048459560108e-17,1.4533310558459414e-17,20,0,0.005712413527959592
2018-09-25,0.9766867276681468,1.4203048459560108e-17,1.4542071738263594e-17,20,0,-0.0006024712270622512
2018-09-26,0.9781571076724216,1.4203048459560108e-17,1.4520211884323e-17,20,0,0.001505477613876538
2018-09-27,0.9698931439952247,1.4203048459560108e-17,1.464393118715564e-17,20,0,-0.00844850342790171
2018-09-28,0.9729748221591604,1.4203048459560108e-17,1.4597549840027368e-17,20,0,0.003177337816041792
2018-10-08,0.9610545784014927,1.4203048459560108e-17,1.4778607561688973e-17,20,0,-0.012251338355513841
2018-10-09,0.9605098591694801,1.4203048459560108e-17,1.4786988726842426e-17,20,0,-0.0005667932334484371
2018-10-10,0.9602180360943978,1.4203048459560108e-17,1.4791482690045852e-17,20,0,-0.00030382100953607605
2018-10-11,0.9355606227810637,-1.3227266504323154e-17,-1.4138331800459444e-17,20,0,-0.025678973302382446
2018-10-12,0.9365766223439638,-1.3227266504323154e-17,-1.4122994519358562e-17,20,0,0.0010859793990471989
2018-10-15,0.9337895359637768,-1.3227266504323154e-17,-1.4165147492974543e-17,20,0,-0.0029758231346963537
2018-10-16,0.9279724863339425,-1.3227266504323154e-17,-1.4253942545838753e-17,20,0,-0.0062295082626198095
2018-10-17,0.9268922088541367,-1.3227266504323154e-17,-1.4270555279211226e-17,20,0,-0.0011641266262898409
2018-10-18,0.9170247213928275,-1.3227266504323154e-17,-1.4424111145262098e-17,20,0,-0.010645776679370056
2018-10-19,0.9223323870450204,-1.3227266504323154e-17,-1.4341105972328296e-17,20,0,0.005787919920120954
2018-10-22,0.9371977444952296,-1.3227266504323154e-17,-1.4113634589941632e-17,20,0,0.016117137009397542
2018-10-23,0.9357578789336299,-4.5644911461639737e-17,-4.8778548905894036e-17,20,0,-0.0015363519279223414
2018-10-24,0.9394412885550139,-4.5644911461639737e-17,-4.858729546776436e-17,20,0,0.003936284913338417
2018-10-25,0.9397935347174343,-4.5644911461639737e-17,-4.8569084352515465e-17,20,0,0.00037495282218458215
2018-10-26,0.943176811881572,-4.5644911461639737e-17,-4.8394861797525874e-17,20,0,0.0036000217485587793
2018-10-29,0.9394180843240677,-4.5644911461639737e-17,-4.85884956052153e-17,20,0,-0.003985178081303609
2018-10-30,0.9423102240722897,-4.5644911461639737e-17,-4.843936773218972e-17,20,0,0.0030786502798729742
2018-10-31,0.9473378885262292,2.7755575615628914e-17,2.929849629344835e-17,20,0,0.005335466309823067
2018-11-01,0.9515638023036338,2.7755575615628914e-17,2.9168381088515184e-17,20,0,0.004460830532154514
2018-11-02,0.9694746389039975,2.7755575615628914e-17,2.862950148650296e-17,20,0,0.018822528302362418
2018-11-05,0.974097866246306,2.7755575615628914e-17,2.849362120316026e-17,20,0,0.004768796579903478
2018-11-06,0.9700976531919134,2.7755575615628914e-17,2.861111510197423e-17,20,0,-0.004106582298355144
2018-11-07,0.9711839415356279,2.7755575615628914e-17,2.857911300689551e-17,20,0,0.0011197721591638121
2018-11-08,0.9689720001043944,2.7755575615628914e-17,2.8644352584634644e-17,20,0,-0.0022775720814904865
2018-11-09,0.9663935544487916,2.7755575615628914e-17,2.872077890819548e-17,20,0,-0.0026610115207922336
2018-11-12,0.9758003442329177,2.7755575615628914e-17,2.84439084077673e-17,20,0,0.009733911966633091
2018-11-13,0.9835690367961758,0.0,0.0,20,0,0.007961354604117288
2018-11-14,0.9844186128731061,0.0,0.0,20,0,0.0008637686274648448
2018-11-15,0.9955973963341102,0.0,0.0,20,0,0.01135572135148677
2018-11-16,1.0004643481526145,0.0,0.0,20,0,0.0048884738313146325
2018-11-19,1.0027692086945852,0.0,0.0,20,0,0.0023037907809775326
2018-11-20,0.9882056723479231,0.0,0.0,20,0,-0.014523318247496864
2018-11-21,0.9879061722783719,2.0599841277224584e-17,2.0852022039416885e-17,20,0,-0.0003030746310529464
2018-11-22,0.9896127947284236,2.0599841277224584e-17,2.0816061986019226e-17,20,0,0.0017275147154063308
2018-11-23,0.9764936477878029,2.0599841277224584e-17,2.1095724814895095e-17,20,0,-0.01325684854774023
2018-11-26,0.9767813555895705,2.0599841277224584e-17,2.108951113710686e-17,20,0,0.00029463356205061686
2018-11-27,0.9791175191702607,2.0599841277224584e-17,2.1039191796590085e-17,20,0,0.0023916955082339264
2018-11-28,0.9871093373045133,2.0599841277224584e-17,2.0868854643272147e-17,20,0,0.008162266508136007
2018-11-29,0.9788425823309813,2.0599841277224584e-17,2.1045101274781944e-17,20,0,-0.008374710542305208
2018-11-30,0.9796147778650468,2.0599841277224584e-17,2.1028512168956326e-17,20,0,0.0007888863316782846
2018-12-03,0.9939102795627441,4.163336342344337e-17,4.188845238803581e-17,20,0,0.014592982895636375
2018-12-04,0.9961448164107114,4.163336342344337e-17,4.179448885098439e-17,20,0,0.002248227927525104
2018-12-05,0.9940603774614175,4.163336342344337e-17,4.188212745161879e-17,20,0,-0.0020925059438692273
2018-12-06,0.9876816203888024,4.163336342344337e-17,4.2152615340816337e-17,20,0,-0.006416870863422686
2018-12-07,0.9910192978937677,4.163336342344337e-17,4.201064854330037e-17,20,0,0.0033793050676103054
2018-12-10,0.9850032506881604,4.163336342344337e-17,4.226723454400453e-17,20,0,-0.006070565142771045
2018-12-11,0.9849782079382489,-2.3310346708438345e-18,-2.3665850188941175e-18,20,0,-2.5424027681131278e-05
2018-12-12,0.984023550093714,-2.3310346708438345e-18,-2.368880979141035e-18,20,0,-0.0009692172241385633
2018-12-13,0.9903122928099737,-2.3310346708438345e-18,-2.3538379638099934e-18,20,0,0.006390845743133644
2018-12-14,0.982347250982705,-2.3310346708438345e-18,-2.3729232901216456e-18,20,0,-0.008042959665448657
2018-12-17,0.9810709865528958,-2.3310346708438345e-18,-2.3760101998675847e-18,20,0,-0.0012991988612300887
2018-12-18,0.9767260087888903,-2.3310346708438345e-18,-2.3865799107103177e-18,20,0,-0.004428810782869164
2018-12-19,0.9751735846628916,-2.3310346708438345e-18,-2.3903792181262286e-18,20,0,-0.001589416184302861
2018-12-20,0.9744417312299055,-2.3310346708438345e-18,-2.3921745099131643e-18,20,0,-0.0007504852925637184
2018-12-21,0.971623091297677,2.0816681711721685e-17,2.1424646962557687e-17,20,0,-0.00289256898785617
2018-12-24,0.975029085515607,2.0816681711721685e-17,2.1349805888830052e-17,20,0,0.0035054685797770713
2018-12-25,0.9712155852712441,2.0816681711721685e-17,2.1433636390738045e-17,20,0,-0.00391116562676308
2018-12-26,0.969866774819061,2.0816681711721685e-17,2.1463444518557984e-17,20,0,-0.0013887858397642061
2018-12-27,0.969110466379026,2.0816681711721685e-17,2.1480194914725164e-17,20,0,-0.0007798065256706677
2018-12-28,0.9687881731647217,2.0816681711721685e-17,2.148734087423903e-17,20,0,-0.00033256602367381927
2019-01-02,0.9702095670598928,2.0816681711721685e-17,2.1455861103085405e-17,20,0,0.0014671874972709276
2019-01-03,0.9698071521657394,2.0816681711721685e-17,2.1464764066994763e-17,20,0,-0.0004147711049405922
2019-01-04,0.9803850718717433,2.0816681711721685e-17,2.1233168791502143e-17,20,0,0.010907240354313341
2019-01-07,1.0005659728774186,2.0816681711721685e-17,2.0804906698812935e-17,20,0,0.02058466778481849
2019-01-08,1.001652901901151,2.0816681711721685e-17,2.0782330558031963e-17,20,0,0.0010863141993593395
2019-01-09,1.0134142232107106,2.0816681711721685e-17,2.0541138297595662e-17,20,0,0.01174191307910788
2019-01-10,1.0152045612823675,2.0816681711721685e-17,2.050491349785392e-17,20,0,0.0017666399687825685
2019-01-11,1.0235506407626853,-1.3010426069826053e-17,-1.2711072175316606e-17,20,0,0.008221081542202135
2019-01-14,1.0220007757502823,-1.3010426069826053e-17,-1.2730348526667897e-17,20,0,-0.001514204525579932
2019-01-15,1.0321973528374015,-1.3010426069826053e-17,-1.2604591587124076e-17,20,0,0.009977073725441876
2019-01-16,1.0365819255246578,-1.3010426069826053e-17,-1.2551276217980483e-17,20,0,0.0042478046230243205
2019-01-17,1.031346791230612,-1.3010426069826053e-17,-1.2614986714897225e-17,20,0,-0.005050381610113508
2019-01-18,1.0291870791056994,-1.3010426069826053e-17,-1.2641458811483834e-17,20,0,-0.0020940697574048928
2019-01-21,1.0326614514872199,-1.3010426069826053e-17,-1.2598926832301796e-17,20,0,0.003375841430636184
2019-01-22,1.0289072301597315,-1.457167719820518e-16,-1.4162284772693275e-16,20,0,-0.0036354812335461784
2019-01-23,1.0300431890124557,-1.457167719820518e-16,-1.4146666230738964e-16,20,0,0.0011040439987459738
2019-01-24,1.0349182035518076,-1.457167719820518e-16,-1.4080027917371276e-16,20,0,0.004732825372133931
2019-01-25,1.0389000839205507,-1.457167719820518e-16,-1.4026062201492267e-16,20,0,0.0038475314813066763
2019-01-28,1.0318644367669472,-1.457167719820518e-16,-1.4121697268549513e-16,20,0,-0.006772207705530997
2019-01-29,1.0237522789199265,-1.457167719820518e-16,-1.4233596836119878e-16,20,0,-0.0078616507730781
2019-01-30,1.0191930182096167,-1.457167719820518e-16,-1.4297269445391976e-16,20,0,-0.004453480401645504
2019-01-31,1.0129490224760143,-5.551115123125783e-17,-5.480152505164423e-17,20,0,-0.0061264114078911636
2019-02-01,1.0285770438114357,-5.551115123125783e-17,-5.396888017795819e-17,20,0,0.01542824069983384
2019-02-11,1.042404344315022,-5.551115123125783e-17,-5.325299298108256e-17,20,0,0.01344313543334441
2019-02-12,1.0484777755747103,-3.469446951953614e-17,-3.3090324208845336e-17,20,0,0.005826367947151301
2019-02-13,1.060184526524916,-3.469446951953614e-17,-3.272493481229918e-17,20,0,0.011165473625598388
2019-02-14,1.0683206722150407,-3.469446951953614e-17,-3.247570736191141e-17,20,0,0.007674273191661696
2019-02-15,1.0700262993096148,-3.469446951953614e-17,-3.242394092735959e-17,20,0,0.0015965497429135667
2019-02-18,1.0985399016869397,-3.469446951953614e-17,-3.158234804785755e-17,20,0,0.02664757155569175
2019-02-19,1.09923342425712,-3.469446951953614e-17,-3.1562422278947015e-17,20,0,0.0006313130448110105
2019-02-20,1.1123830054388768,-3.469446951953614e-17,-3.1189320000306793e-17,20,0,0.011962501222744004
2019-02-21,1.1197708823056929,-4.163336342344337e-17,-3.718025185448395e-17,20,0,0.00664148663787012
2019-02-22,1.130544684938189,-4.163336342344337e-17,-3.682593353284361e-17,20,0,0.009621434887029823
2019-02-25,1.1537101710915194,-4.163336342344337e-17,-3.6086501156572324e-17,20,0,0.020490553325273275
2019-02-26,1.1630655026246213,-4.163336342344337e-17,-3.5796232739679594e-17,20,0,0.008108909644309437
2019-02-27,1.1612954252170837,-4.163336342344337e-17,-3.585079431072481e-17,20,0,-0.0015219068947905923
2019-02-28,1.166014055279068,-4.163336342344337e-17,-3.570571318154398e-17,20,0,0.004063246921946817
2019-03-01,1.1741797972270738,1.3877787807814457e-17,1.1819133526729076e-17,20,0,0.007003124800284866
2019-03-04,1.1934202332085808,1.3877787807814457e-17,1.1628584317280431e-17,20,0,0.01638627749084498
2019-03-05,1.2231628734109328,1.3877787807814457e-17,1.134582164770471e-17,20,1,0.02492218530800927
2019-03-06,1.2652703920649149,1.3877787807814457e-17,1.096823880085108e-17,20,0,0.034425111789536444
2019-03-07,1.2846647989356805,1.3877787807814457e-17,1.0802652815981204e-17,20,0,0.015328270536002941
2019-03-08,1.257856819873929,1.3877787807814457e-17,1.1032883543299771e-17,20,0,-0.020867683993491037
2019-03-11,1.2955030882572351,1.3877787807814457e-17,1.0712276901233356e-17,20,0,0.029928897938542143
2019-03-12,1.310926738997748,-8.326672684688674e-17,-6.35174524783492e-17,20,0,0.01190552989052418
2019-03-13,1.2908028213033176,-8.326672684688674e-17,-6.450770440896055e-17,20,0,-0.015350909471734342
2019-03-14,1.262006404258808,-8.326672684688674e-17,-6.597963890348903e-17,20,0,-0.022308920130368226
2019-03-15,1.2770397586027364,-8.326672684688674e-17,-6.520292440854967e-17,20,0,0.01191226470261686
2019-03-18,1.3038155443215755,-8.326672684688674e-17,-6.386388566199644e-17,20,0,0.0209670729031457
2019-03-19,1.3297553105595585,-8.326672684688674e-17,-6.261808182728615e-17,20,0,0.019895273032260352
2019-03-20,1.3322292358632377,-8.326672684688674e-17,-6.250180119559742e-17,20,0,0.0018604364908594295
2019-03-21,1.3442510167386321,-1.1102230246251565e-16,-8.259045452081822e-17,20,0,0.009023808029257507
2019-03-22,1.345291461312501,-1.1102230246251565e-16,-8.252657929917985e-17,20,0,0.0007739957499852679
2019-03-25,1.334399100990591,-1.1102230246251565e-16,-8.320022276701046e-17,20,0,-0.008096654617344656
2019-03-26,1.3029294881945304,-1.1102230246251565e-16,-8.520975499323397e-17,20,0,-0.023583358811242516
2019-03-27,1.3040340516893565,-1.1102230246251565e-16,-8.513757928229553e-17,20,0,0.0008477538537843277
2019-03-28,1.2993624543194513,-1.1102230246251565e-16,-8.544367439081055e-17,20,0,-0.0035824197718251627
2019-03-29,1.3214527619529508,-1.1102230246251565e-16,-8.401533952559744e-17,20,0,0.017000881901785725
2019-04-01,1.352899191778976,-1.1102230246251565e-16,-8.206250926687923e-17,20,0,0.02379686261319791
2019-04-02,1.364616176713958,-1.1102230246251565e-16,-8.135789708272485e-17,20,0,0.008660648928006776
2019-04-03,1.3750183412697083,-1.1102230246251565e-16,-8.074241566843126e-17,20,0,0.007622776816847532
2019-04-04,1.3936197246576771,-1.1102230246251565e-16,-7.966470371950763e-17,20,0,0.013528098374885777
2019-04-08,1.3969211459648783,-1.1102230246251565e-16,-7.947642770188763e-17,20,0,0.0023689542052169887
2019-04-09,1.38241482974942,-1.1102230246251565e-16,-8.031041050293119e-17,20,0,-0.010384491821432307
2019-04-10,1.3744100271059425,-1.1102230246251565e-16,-8.077815227839415e-17,20,0,-0.005790449054231095
2019-04-11,1.3553933269303549,0.0681002541060616,0.05024390540588876,19,0,-0.013836264142826904
2019-04-12,1.363861481591919,0.0681002541060616,0.049931943254658086,19,0,0.006247747051213892
2019-04-15,1.3485383567036147,0.0681002541060616,0.050499308208427074,19,0,-0.011235103487503006
2019-04-16,1.3458843678058536,0.0681002541060616,0.0505988892768574,19,0,-0.0019680485056787766
2019-04-17,1.353231701385438,0.0681002541060616,0.050324164026264384,19,0,0.005459112056976023
2019-04-18,1.3629240386835118,0.0681002541060616,0.04996628731549972,19,0,0.007162363465288868
2019-04-19,1.3636525686772702,0.0681002541060616,0.04993959287747185,19,0,0.0005345345544438551
2019-04-22,1.351711102159909,0.0681002541060616,0.05038077589008754,19,0,-0.00875697138087328
2019-04-23,1.330221857745973,-5.551115123125783e-17,-4.1730746572846167e-17,20,0,-0.015897808621678333
2019-04-24,1.323584984378083,-5.551115123125783e-17,-4.193999772318438e-17,20,0,-0.004989298085310456
2019-04-25,1.292617710890379,-5.551115123125783e-17,-4.2944755254065586e-17,20,0,-0.02339651314664526
2019-04-26,1.281928798908196,-5.551115123125783e-17,-4.330283497690046e-17,20,0,-0.008269198148940893
2019-04-29,1.2579304185579285,-5.551115123125783e-17,-4.4128952136235744e-17,20,0,-0.018720525173244074
2019-04-30,1.2633372613382503,-5.551115123125783e-17,-4.39400886287918e-17,20,0,0.004298204972672526
2019-05-06,1.216630673817997,-1.6653345369377348e-16,-1.3688086062400743e-16,20,0,-0.036970798653383374
2019-05-07,1.2266862524084954,-1.6653345369377348e-16,-1.3575880007361217e-16,20,0,0.008265103623388281
2019-05-08,1.2324486580667793,-1.6653345369377348e-16,-1.351240496744084e-16,20,0,0.004697538304492932
2019-05-09,1.2384639055540738,-1.6653345369377348e-16,-1.344677490776515e-16,20,0,0.004880728659910405
2019-05-10,1.2581543564356112,-1.6653345369377348e-16,-1.3236329297906477e-16,20,0,0.015899091441609725
2019-05-13,1.254991498699436,-2.7755575615628914e-17,-2.2116146320028763e-17,20,0,-0.002513886885179839
2019-05-14,1.2561470985003909,-2.7755575615628914e-17,-2.2095800443088215e-17,20,0,0.0009208028916152244
2019-05-15,1.2760828417492633,-2.7755575615628914e-17,-2.175060639290579e-17,20,0,0.015870548339977253
2019-05-16,1.2849228633419298,-2.7755575615628914e-17,-2.1600966413999357e-17,20,0,0.006927466856735176
2019-05-17,1.2543380527314196,-2.7755575615628914e-17,-2.2127667701054726e-17,20,0,-0.023802837884729366
2019-05-20,1.245617219757334,-2.7755575615628914e-17,-2.2282588242506906e-17,20,0,-0.006952537998106023
2019-05-21,1.2519199427928027,-1.3877787807814457e-17,-1.1085203880414005e-17,20,0,0.0050599196410408
2019-05-22,1.2508009357734928,-1.3877787807814457e-17,-1.109512106275525e-17,20,0,-0.0008938327292826731
2019-05-23,1.2425323629588885,-1.3877787807814457e-17,-1.1168954806751886e-17,20,0,-0.006610622504444441
2019-05-24,1.2412614684099388,-1.3877787807814457e-17,-1.1180390402025419e-17,20,0,-0.001022826114503217
2019-05-27,1.2474486629608745,-1.3877787807814457e-17,-1.1124937017347804e-17,20,0,0.0049846021232429205
2019-05-28,1.2476986770586966,-1.3877787807814457e-17,-1.1122707800355864e-17,20,0,0.0002004203501477786
2019-05-29,1.2478681695365954,-1.3877787807814457e-17,-1.1121197051582837e-17,20,0,0.00013584407919564612
2019-05-30,1.2416196036610279,-1.3877787807814457e-17,-1.1177165507772705e-17,20,0,-0.005007392630175023
2019-05-31,1.2357022060284417,0.0,0.0,20,0,-0.004765870009734163
2019-06-03,1.2269640809244982,0.0,0.0,20,0,-0.0070713842391104675
2019-06-04,1.2098760504758088,0.0,0.0,20,0,-0.013927082882339792
2019-06-05,1.2084742678779319,0.0,0.0,20,0,-0.0011586167007154868
2019-06-06,1.2001074945836767,0.0,0.0,20,0,-0.006923418658261626
2019-06-10,1.2047951566268311,0.0,0.0,20,0,0.003906035137944519
2019-06-11,1.2323004723021895,1.5265566588595902e-16,1.2387860697705243e-16,20,0,0.022829869064519892
2019-06-12,1.228136229536397,1.5265566588595902e-16,1.2429864229604582e-16,20,0,-0.0033792430169348187
2019-06-13,1.2332844921520523,1.5265566588595902e-16,1.2377976602914912e-16,20,0,0.004191931230299151
2019-06-14,1.2247702569631487,1.5265566588595902e-16,1.2464024580779166e-16,20,0,-0.006903707330371489
2019-06-17,1.224779495134585,1.5265566588595902e-16,1.2463930568104787e-16,20,0,7.54277905090639e-06
2019-06-18,1.2219424428191887,1.5265566588595902e-16,1.2492868774879567e-16,20,0,-0.0023163780310385684
2019-06-19,1.232377342499798,1.5265566588595902e-16,1.2387087998251156e-16,20,0,0.008539599996653324
2019-06-20,1.2483828845824774,1.5265566588595902e-16,1.2228272893777684e-16,20,0,0.012987533550570918
2019-06-21,1.264032281190624,-1.6653345369377348e-16,-1.3174778537848052e-16,20,0,0.01253573467036162
2019-06-24,1.2632879611480268,-1.6653345369377348e-16,-1.3182541021164675e-16,20,0,-0.000588845754711298
2019-06-25,1.2602801777906436,-1.6653345369377348e-16,-1.3214002459811586e-16,20,0,-0.0023809166634104484
2019-06-26,1.2584277523700529,-1.6653345369377348e-16,-1.323345367901603e-16,20,0,-0.0014698520640371582
2019-06-27,1.2605468899788175,-1.6653345369377348e-16,-1.3211206581658534e-16,20,0,0.0016839565122221956
2019-06-28,1.2561033699607003,-1.6653345369377348e-16,-1.3257941796540504e-16,20,0,-0.0035250731674026925
2019-07-01,1.2717117648365688,-1.6653345369377348e-16,-1.3095220025362836e-16,20,0,0.012426043309124113
2019-07-02,1.275299199092469,-1.6653345369377348e-16,-1.3058382990617603e-16,20,0,0.0028209491766093553
2019-07-03,1.2755315112358934,-1.6653345369377348e-16,-1.3056004671528277e-16,20,0,0.00018216285526539977
2019-07-04,1.279716652799438,-1.6653345369377348e-16,-1.3013306760482802e-16,20,0,0.003281096175734133
2019-07-05,1.2743581586224304,-1.6653345369377348e-16,-1.3068025858114695e-16,20,0,-0.004187250486492933
2019-07-08,1.2575785481059516,-1.6653345369377348e-16,-1.3242389824841618e-16,20,0,-0.013167107224092645
2019-07-09,1.2573730436079211,-1.6653345369377348e-16,-1.3244554155218757e-16,20,0,-0.00016341285269216854
2019-07-10,1.2583276764702125,-1.6653345369377348e-16,-1.3234506147152659e-16,20,0,0.0007592280327182177
2019-07-11,1.2570416969116749,1.5265566588595902e-16,1.2144041543013768e-16,20,0,-0.0010219751044060477
2019-07-12,1.2599729047561385,1.5265566588595902e-16,1.2115789578467545e-16,20,0,0.0023318302421193593
2019-07-15,1.2637814564629797,1.5265566588595902e-16,1.2079277244121426e-16,20,0,0.0030227250859637955
2019-07-16,1.266990314059904,1.5265566588595902e-16,1.2048684523624652e-16,20,0,0.0025390921670152
2019-07-17,1.269764553788207,1.5265566588595902e-16,1.2022360006075706e-16,20,0,0.0021896297844719026
2019-07-18,1.262993649898705,1.5265566588595902e-16,1.208681182983005e-16,20,0,-0.005332408964560886
2019-07-19,1.264034724522007,1.5265566588595902e-16,1.2076856982207158e-16,20,0,0.0008242912570346483
2019-07-22,1.2467193372695182,1.5265566588595902e-16,1.2244589565787543e-16,20,0,-0.013698505995582089
2019-07-23,1.2537627730458878,-5.551115123125783e-17,-4.427564163226763e-17,20,0,0.005649576104109766
2019-07-24,1.2570592446558768,-5.551115123125783e-17,-4.415953461799976e-17,20,0,0.0026292626331378965
2019-07-25,1.2583969618402282,-5.551115123125783e-17,-4.411259158642643e-17,20,0,0.001064163992300582
2019-07-26,1.262705814316553,-5.551115123125783e-17,-4.396206194813759e-17,20,0,0.0034240804825400595
2019-07-29,1.2670595988032307,-5.551115123125783e-17,-4.381100248456307e-17,20,0,0.0034479800736755273
2019-07-30,1.269885705119227,-5.551115123125783e-17,-4.371350193759839e-17,20,0,0.0022304446599556993
2019-07-31,1.2692901418957017,-2.3418315195917435e-17,-1.844993073131559e-17,20,0,-0.0004689896272747074
2019-08-01,1.2670746104908144,-2.3418315195917435e-17,-1.848219118434242e-17,20,0,-0.0017454885465181258
2019-08-02,1.2629917757661313,-2.3418315195917435e-17,-1.8541937996161435e-17,20,0,-0.0032222528104335346
2019-08-05,1.2564492013072228,-2.3418315195917435e-17,-1.863848946026053e-17,20,0,-0.005180219368364214
2019-08-06,1.243315336758985,-2.3418315195917435e-17,-1.8835378687568656e-17,20,0,-0.010453160012018903
2019-08-07,1.2509902203599386,-2.3418315195917435e-17,-1.8719822757031184e-17,20,0,0.006172917983108039
2019-08-08,1.2519334546121006,-2.3418315195917435e-17,-1.8705718830058243e-17,20,0,0.0007539901086441869
2019-08-09,1.2509078637552657,-2.3418315195917435e-17,-1.8721055222736307e-17,20,0,-0.0008192055680408261
2019-08-12,1.2543261091364484,-2.3418315195917435e-17,-1.8670037261713365e-17,20,0,0.002732611633698534
2019-08-13,1.2530454543757226,-1.3877787807814457e-17,-1.1075246918898472e-17,20,0,-0.0010209902762906564
2019-08-14,1.2557991536056292,-1.3877787807814457e-17,-1.1050961268741731e-17,20,0,0.00219760521878154
2019-08-15,1.2553865603015395,-1.3877787807814457e-17,-1.1054593259689717e-17,20,0,-0.00032855039191981295
2019-08-16,1.2635504233438215,-1.3877787807814457e-17,-1.098316897483893e-17,20,0,0.006503067103347915
2019-08-19,1.2823031507894302,-1.3877787807814457e-17,-1.0822548318056311e-17,20,0,0.014841297267727649
2019-08-20,1.291320071749162,-1.3877787807814457e-17,-1.074697753982578e-17,20,0,0.0070318168946093
2019-08-21,1.288237677020378,-5.930585883495709e-17,-4.603642626889181e-17,20,0,-0.002387010622864949
2019-08-22,1.2884268477815852,-5.930585883495709e-17,-4.6029667060314666e-17,20,0,0.00014684461150427097
2019-08-23,1.2939757316444862,-5.930585883495709e-17,-4.5832280609765795e-17,20,0,0.0043067123853053335
2019-08-26,1.28971996468659,-5.930585883495709e-17,-4.598351615760929e-17,20,0,-0.0032889078626595625
2019-08-27,1.3015253708195609,-5.930585883495709e-17,-4.556642549166186e-17,20,0,0.009153464671565192
2019-08-28,1.301274984362616,-5.930585883495709e-17,-4.5575193212529167e-17,20,0,-0.00019237923636272747
2019-08-29,1.3073274232496,-5.930585883495709e-17,-4.53641970483122e-17,20,0,0.00465116056153847
2019-08-30,1.302463148796381,-5.930585883495709e-17,-4.553361750753733e-17,20,0,-0.0037207774936197646
2019-09-02,1.3124922732488784,-1.9504797083014225e-16,-1.486088526428656e-16,20,0,0.007700121467363985
2019-09-03,1.3191793943794266,-1.9504797083014225e-16,-1.4785553175040114e-16,20,0,0.0050949794271895055
2019-09-04,1.3258668699212668,-1.9504797083014225e-16,-1.4710977041135712e-16,20,0,0.005069420861433471
2019-09-05,1.3347033921265081,-1.9504797083014225e-16,-1.4613581712666757e-16,20,0,0.00666471303092897
2019-09-06,1.3418498986779674,-1.9504797083014225e-16,-1.453575180221794e-16,20,0,0.005354378054043263
2019-09-09,1.3561298990065294,-1.9504797083014225e-16,-1.4382690844957408e-16,20,0,0.01064202511967327
2019-09-10,1.3718853080928046,-1.9504797083014225e-16,-1.4217512913036293e-16,20,0,0.01161792030233788
2019-09-11,1.3647399313355164,-1.942890293094024e-16,-1.423634092096021e-16,20,0,-0.005208435949519474
2019-09-12,1.3608838338081848,-1.942890293094024e-16,-1.427667994010334e-16,20,0,-0.0028255182095815456
2019-09-16,1.3606556908580796,-1.942890293094024e-16,-1.427907373002472e-16,20,0,-0.00016764322158691058
2019-09-17,1.343716943752326,-1.942890293094024e-16,-1.4459074153433743e-16,20,0,-0.012448959144889526
2019-09-18,1.3436738037641414,-1.942890293094024e-16,-1.4459538376436673e-16,20,0,-3.2104967035762044e-05
2019-09-19,1.349640115109956,-1.942890293094024e-16,-1.4395617552726161e-16,20,0,0.004440297436104412
2019-09-20,1.359556843833639,-1.942890293094024e-16,-1.4290614635983283e-16,20,0,0.007347683736323329
2019-09-23,1.372684150604064,-1.1102230246251565e-16,-8.087971469158374e-17,20,0,0.009655577720023123
2019-09-24,1.3700816048461872,-1.1102230246251565e-16,-8.103335018134165e-17,20,0,-0.0018959538191880565
2019-09-25,1.360781917984601,-1.1102230246251565e-16,-8.158713824397835e-17,20,0,-0.006787688287100413
2019-09-26,1.3508806251382826,-1.1102230246251565e-16,-8.218513197726179e-17,20,0,-0.007276179022853935
2019-09-27,1.3579712509745487,-1.1102230246251565e-16,-8.175600358464175e-17,20,0,0.005248891504044062
2019-09-30,1.3565112943039792,-1.1102230246251565e-16,-8.184399416997171e-17,20,0,-0.0010751013097823892
2019-10-08,1.3565501461322815,-6.158268339717665e-17,-4.539654031423585e-17,20,0,2.8640991391215564e-05
2019-10-09,1.3630879165114347,-6.158268339717665e-17,-4.517880516084822e-17,20,0,0.00481940929186675
2019-10-10,1.3734590930420685,-6.158268339717665e-17,-4.483765385452976e-17,20,0,0.007608589589127135
2019-10-11,1.378823111254758,5.551115123125783e-17,4.025980619134061e-17,20,0,0.003905480869334621
2019-10-14,1.3874091967849227,5.551115123125783e-17,4.001065537110117e-17,20,0,0.006227111701334387
2019-10-15,1.3803497723798235,5.551115123125783e-17,4.021527901261762e-17,20,0,-0.005088206436470344
2019-10-16,1.3792635182944548,5.551115123125783e-17,4.0246950995920507e-17,20,0,-0.0007869411848389074
2019-10-17,1.3807335890523207,5.551115123125783e-17,4.02040999591807e-17,20,0,0.0010658374838214968
2019-10-18,1.374356220631774,5.551115123125783e-17,4.039065738410967e-17,20,0,-0.004618826159595191
2019-10-21,1.3658485960034865,5.551115123125783e-17,4.064224350611415e-17,20,0,-0.006190261666205288
2019-10-22,1.3686241419677625,-3.686287386450715e-17,-2.6934256626152254e-17,20,0,0.002032103684403541
2019-10-23,1.37285138028981,-3.686287386450715e-17,-2.6851321558729375e-17,20,0,0.0030886773018410363
2019-10-24,1.3697771161238121,-3.686287386450715e-17,-2.691158541823323e-17,20,0,-0.0022393277306891335
2019-10-25,1.3782616154335015,-3.686287386450715e-17,-2.674591924473842e-17,20,0,0.006194072896836378
2019-10-28,1.3910084469886792,-3.686287386450715e-17,-2.6500826752209623e-17,20,0,0.009248484766927634
2019-10-29,1.3767003004038962,-3.686287386450715e-17,-2.677625177657935e-17,20,0,-0.010286168006929053
2019-10-30,1.3633761372188944,-3.686287386450715e-17,-2.7037933889397904e-17,20,0,-0.009678332445407944
2019-10-31,1.3539524298021404,-2.7755575615628914e-17,-2.049966823404938e-17,20,0,-0.006912037815167471
2019-11-01,1.3609557735514994,-2.7755575615628914e-17,-2.0394178969680256e-17,20,0,0.005172518321328701
2019-11-04,1.3650628514852854,-2.7755575615628914e-17,-2.033281880422493e-17,20,0,0.003017789419466732
2019-11-05,1.3687250548828325,-2.7755575615628914e-17,-2.0278415680791995e-17,20,0,0.0026828093619002402
2019-11-06,1.3623784594937316,-2.7755575615628914e-17,-2.0372882015429882e-17,20,0,-0.004636866525135841
2019-11-07,1.3798633102723015,-2.7755575615628914e-17,-2.0114728327802008e-17,20,0,0.012834062852892902
2019-11-08,1.373824519060565,-2.7755575615628914e-17,-2.0203144747051434e-17,20,0,-0.004376369142349956
2019-11-11,1.3629156397164213,-2.7755575615628914e-17,-2.036485223795946e-17,20,0,-0.007940518743691727
2019-11-12,1.3626588258814782,-2.7755575615628914e-17,-2.0368690304907655e-17,20,0,-0.0001884297365583043
2019-11-13,1.3585103571615973,-2.7755575615628914e-17,-2.043088995921975e-17,20,0,-0.0030443928011087973
2019-11-14,1.360593375601622,-2.7755575615628914e-17,-2.0399611017770876e-17,20,0,0.0015333106803667729
2019-11-15,1.349686437544405,-2.7755575615628914e-17,-2.0564462117680386e-17,20,0,-0.008016309834225188
2019-11-18,1.3550122116314378,-2.7755575615628914e-17,-2.0483635038396545e-17,20,0,0.0039459343584442585
2019-11-19,1.3622798408558319,-2.7755575615628914e-17,-2.0374356856218242e-17,20,0,0.005363515665769425
2019-11-20,1.3647058016688494,-2.7755575615628914e-17,-2.0338138506986357e-17,20,0,0.00178080944917558
2019-11-21,1.357398200136624,-3.599551212651875e-17,-2.6518019637049578e-17,20,0,-0.005354708335883918
2019-11-22,1.3518066348584854,-3.599551212651875e-17,-2.662770783802741e-17,20,0,-0.004119325690557063
2019-11-25,1.3527063716867158,-3.599551212651875e-17,-2.6609996729471486e-17,20,0,0.0006655810121278805
2019-11-26,1.3537229796131425,-3.599551212651875e-17,-2.6590013369504367e-17,20,0,0.000751536288809751
2019-11-27,1.350211751069959,-3.599551212651875e-17,-2.6659160756077364e-17,20,0,-0.0025937570655607534
2019-11-28,1.3451215873991305,-3.599551212651875e-17,-2.676004345162442e-17,20,0,-0.0037699002891915523
2019-11-29,1.3442540000238654,-3.599551212651875e-17,-2.677731449999754e-17,20,0,-0.0006449880690284626
2019-12-02,1.3433965970958384,-3.599551212651875e-17,-2.679440472332149e-17,20,0,-0.0006378280652404866
2019-12-03,1.3459190895796451,-3.599551212651875e-17,-2.6744187228788615e-17,20,0,0.0018776975386567418
2019-12-04,1.3510632709906771,-3.599551212651875e-17,-2.6642358577422336e-17,20,0,0.003822058436394382
2019-12-05,1.3551613023676683,-3.599551212651875e-17,-2.6561791621137083e-17,20,0,0.0030331898327649043
2019-12-06,1.3623696130471827,-3.599551212651875e-17,-2.6421252927102772e-17,20,0,0.00531915327490573
2019-12-09,1.3636906482178335,-3.599551212651875e-17,-2.6395658116127882e-17,20,0,0.0009696598911186349
2019-12-10,1.3719196935492888,-3.599551212651875e-17,-2.6237331744538835e-17,20,0,0.006034393021767448
2019-12-11,1.3715227692669045,-2.7755575615628914e-17,-2.0237050552550874e-17,20,0,-0.00028932034743034407
2019-12-12,1.3730013811303243,-2.7755575615628914e-17,-2.0215256879624635e-17,20,0,0.0010780804347929607
2019-12-13,1.3805435131643116,-2.7755575615628914e-17,-2.010481766852173e-17,20,0,0.005493171483759385
2019-12-16,1.4016224629227685,-2.7755575615628914e-17,-1.980246203942173e-17,20,0,0.01526858773914519
2019-12-17,1.4139964843886663,-2.7755575615628914e-17,-1.962916875824404e-17,20,0,0.008828355561664392
2019-12-18,1.4179130478473678,-2.7755575615628914e-17,-1.9574949012400004e-17,20,0,0.0027698537457077066
2019-12-19,1.4248386478765023,-2.7755575615628914e-17,-1.947980261273389e-17,20,0,0.004884361590189679
2019-12-20,1.4266768077913798,-2.7755575615628914e-17,-1.9454704432040894e-17,20,0,0.001290082857885011
2019-12-23,1.406969044045548,-3.382710778154774e-17,-2.4042538764237837e-17,20,0,-0.01381375490104253
2019-12-24,1.4235021377970627,-3.382710778154774e-17,-2.3763299599884548e-17,20,0,0.011750858216450943
2019-12-25,1.4285120947944763,-3.382710778154774e-17,-2.3679958962065722e-17,20,0,0.0035194587098876795
2019-12-26,1.4378008634139743,-3.382710778154774e-17,-2.3526976956480083e-17,20,0,0.006502408102351032
2019-12-27,1.4362167819012597,-3.382710778154774e-17,-2.3552926137492635e-17,20,0,-0.0011017391580592228
2019-12-30,1.4395199587234533,-3.382710778154774e-17,-2.3498880704332266e-17,20,0,0.0022999152104468124
2019-12-31,1.4418493247647923,0.0,0.0,20,0,0.0016181547377811523
2020-01-02,1.4639999092890692,0.0,0.0,20,0,0.015362620867399146
2020-01-03,1.4723767329358282,0.0,0.0,20,0,0.005721874430188123
2020-01-06,1.4787904086314376,0.0,0.0,20,0,0.004356001797733544
2020-01-07,1.491594273978439,0.0,0.0,20,0,0.008658336754328033
2020-01-08,1.4820411924328447,0.0,0.0,20,0,-0.006404611302317398
2020-01-09,1.509681847081359,0.0,0.0,20,0,0.018650395677019427
2020-01-10,1.5109785438787937,0.0,0.0,20,0,0.0008589205731932559
2020-01-13,1.5151518982305554,-6.873841773558098e-17,-4.536734423515951e-17,20,0,0.002762020922579378
2020-01-14,1.5303519080484174,-6.873841773558098e-17,-4.4916739329086545e-17,20,0,0.010032003943375667
2020-01-15,1.5179661668869109,-6.873841773558098e-17,-4.5283234392866426e-17,20,0,-0.00809339413788912
2020-01-16,1.5070011200347544,-6.873841773558098e-17,-4.561271841257539e-17,20,0,-0.007223512019799427
2020-01-17,1.5004904052398813,-6.873841773558098e-17,-4.581063464020742e-17,20,0,-0.0043203118486885295
2020-01-20,1.5052087323828012,-6.873841773558098e-17,-4.566703358594361e-17,20,0,0.0031445233681222096
2020-01-21,1.5041125718525556,-4.163336342344337e-17,-2.7679685817774406e-17,20,0,-0.000728244865089378
2020-01-22,1.5011987871077441,-4.163336342344337e-17,-2.773341131167278e-17,20,0,-0.0019372118811710193
2020-01-23,1.478463033778837,-4.163336342344337e-17,-2.815989475031494e-17,20,0,-0.015145065080095499
2020-02-03,1.4182255490915998,-4.163336342344337e-17,-2.9355953607034035e-17,20,0,-0.04074331472006765
2020-02-04,1.455357183720686,-4.163336342344337e-17,-2.860697283742113e-17,20,0,0.02618175554154245
2020-02-05,1.4865720916819691,-4.163336342344337e-17,-2.80062861777108e-17,20,0,0.02144827971473018
2020-02-06,1.514427822232905,-4.163336342344337e-17,-2.7491150659169905e-17,20,0,0.01873823052834167
2020-02-07,1.5321944863187609,-4.163336342344337e-17,-2.7172375175080665e-17,20,0,0.011731601747556608
2020-02-10,1.5108254426894219,-4.163336342344337e-17,-2.7556699964842914e-17,20,0,-0.01394669137641924
2020-02-11,1.511206188931888,-2.7755575615628914e-17,-1.8366504729077636e-17,20,0,0.00025201206685299127
2020-02-12,1.5251517418994003,-2.7755575615628914e-17,-1.819856664299026e-17,20,0,0.00922809413410941
2020-02-13,1.5217458157778523,-2.7755575615628914e-17,-1.8239298132350333e-17,20,0,-0.0022331719710108056
2020-02-14,1.5262898746709,-2.7755575615628914e-17,-1.8184996229247474e-17,20,0,0.0029860827254681865
2020-02-17,1.5478648596494016,-2.7755575615628914e-17,-1.7931523829487075e-17,20,0,0.01413557498909146
2020-02-18,1.563622478911793,-2.7755575615628914e-17,-1.7750816447040003e-17,20,0,0.010180229342476643
2020-02-19,1.5589754059843979,-2.7755575615628914e-17,-1.7803728980639665e-17,20,0,-0.0029719916348537323
2020-02-20,1.5770745407681235,-2.7755575615628914e-17,-1.75994063046065e-17,20,0,0.011609634580666883
2020-02-21,1.6037433094287747,-3.3610267347050637e-18,-2.0957385854362207e-18,20,0,0.016910277841186927
2020-02-24,1.6251461644360807,-3.3610267347050637e-18,-2.068138120900237e-18,20,0,0.013345561525634153
2020-02-25,1.628885523939652,-3.3610267347050637e-18,-2.063390388893643e-18,20,0,0.0023009373466840177
2020-02-26,1.5982568631681622,-3.3610267347050637e-18,-2.1029327714211292e-18,20,0,-0.01880344586611027
2020-02-27,1.584075998690139,-3.3610267347050637e-18,-2.1217585125235613e-18,20,0,-0.00887270676248686
2020-02-28,1.5594198058376532,-3.3610267347050637e-18,-2.155305917061676e-18,20,0,-0.01556503152176647
2020-03-02,1.5891521688653736,-3.3610267347050637e-18,-2.114981057543896e-18,20,0,0.019066298193993747
2020-03-03,1.5934911991600973,-3.3610267347050637e-18,-2.1092220254976026e-18,20,0,0.002730405797338964
2020-03-04,1.5937016877151926,-3.3610267347050637e-18,-2.1089434494629877e-18,20,0,0.00013209270010805518
2020-03-05,1.6162614231837766,-3.3610267347050637e-18,-2.0795068709147177e-18,20,0,0.01415555724291595
2020-03-06,1.6268546258005285,-3.3610267347050637e-18,-2.0659662402540722e-18,20,0,0.006554139364339351
2020-03-09,1.622319448845558,-3.3610267347050637e-18,-2.0717416271479514e-18,20,0,-0.002787696505297199
2020-03-10,1.6318352632704838,-3.3610267347050637e-18,-2.059660561550176e-18,20,0,0.005865561453816781
2020-03-11,1.6396027527394563,-3.885780586188048e-16,-2.369952465434488e-16,20,0,0.004759971575442723
2020-03-12,1.6308560380015138,-3.885780586188048e-16,-2.382663150911694e-16,20,0,-0.005334654826193996
2020-03-13,1.657972324222014,-3.885780586188048e-16,-2.343694481155715e-16,20,0,0.016627026290885194
2020-03-16,1.7503883307923545,0.08445442930132559,0.04824896728093206,19,0,0.05574037951068078
2020-03-17,1.752575004646097,0.08445442930132559,0.048188767429317374,19,0,0.0012492507035584133
2020-03-18,1.7721114964488138,0.08445442930132559,0.0476575144795157,19,0,0.011147307105787263
2020-03-19,1.7671381248865075,0.08445442930132559,0.04779164011684123,19,0,-0.0028064665074813977
2020-03-20,1.7796572222088336,0.08445442930132559,0.04745544717679082,19,0,0.007084390940368612
2020-03-23,1.722139553872378,-4.718447854656915e-16,-2.739875432305751e-16,20,0,-0.03231952064626642
2020-03-24,1.7271322711879031,-4.718447854656915e-16,-2.731955122007892e-16,20,0,0.0028991363123265224
2020-03-25,1.760848961819384,-4.718447854656915e-16,-2.679643715598193e-16,20,0,0.01952177675904987
2020-03-26,1.7487103957952066,-4.718447854656915e-16,-2.6982442981996765e-16,20,0,-0.006893587290777825
2020-03-27,1.740834037484094,0.08284665362670547,0.047590207821555444,19,0,-0.004504095320786883
2020-03-30,1.7246279473482782,0.08284665362670547,0.04803740641805516,19,0,-0.00930938262169867
2020-03-31,1.7190554511860319,5.2909066017292616e-17,3.077798681874337e-17,20,0,-0.003231129456538362
2020-04-01,1.7219035888492649,5.2909066017292616e-17,3.0727078077961e-17,20,0,0.0016568038344941804
2020-04-02,1.7295870584055602,5.2909066017292616e-17,3.059057695891148e-17,20,0,0.004462194983535728
2020-04-03,1.7132646074379063,5.2909066017292616e-17,3.088201658260789e-17,20,0,-0.009437195363094841
2020-04-07,1.7376982459488222,5.2909066017292616e-17,3.04477869737407e-17,20,0,0.014261450569188483
2020-04-08,1.7346735931984933,5.2909066017292616e-17,3.0500877066869836e-17,20,0,-0.0017406087376680146
2020-04-09,1.7414244826641825,5.2909066017292616e-17,3.0382635907557546e-17,20,0,0.0038917347287459325
2020-04-10,1.7170444364128872,5.2909066017292616e-17,3.081403421790646e-17,20,0,-0.014000059430654521
2020-04-13,1.688195634728071,-2.2985086056692694e-16,-1.361517917939354e-16,20,0,-0.01680142987160238
2020-04-14,1.7179076899584744,-2.2985086056692694e-16,-1.3379697984382556e-16,20,0,0.01759988867355955
2020-04-15,1.739021598764791,-2.2985086056692694e-16,-1.3217251627592643e-16,20,0,0.012290479243868502
2020-04-16,1.764137134366339,-2.2985086056692694e-16,-1.3029081248237946e-16,20,0,0.014442336782583665
2020-04-17,1.7536043178103247,-2.2985086056692694e-16,-1.310733888098172e-16,20,0,-0.005970520290531467
2020-04-20,1.7679358436923132,-2.2985086056692694e-16,-1.3001086062426684e-16,20,0,0.008172610968410376
2020-04-21,1.7557620664919142,1.3877787807814457e-17,7.904139218329768e-18,20,0,-0.006885870459515164
2020-04-22,1.7640555486803706,1.3877787807814457e-17,7.866978915826065e-18,20,0,0.004723579775833153
2020-04-23,1.7779568056750072,1.3877787807814457e-17,7.805469606189734e-18,20,0,0.007880283024554124
2020-04-24,1.7595122165730994,1.3877787807814457e-17,7.887292669580564e-18,20,0,-0.010374036671214504
2020-04-27,1.7573594404884538,1.3877787807814457e-17,7.896954651438386e-18,20,0,-0.0012235073245688843
2020-04-28,1.7418946144722476,1.3877787807814457e-17,7.96706510974494e-18,20,0,-0.008800035815045182
2020-04-29,1.7398770382035709,1.3877787807814457e-17,7.976303786469485e-18,20,0,-0.0011582654036094153
2020-04-30,1.751207536607904,1.3877787807814457e-17,7.924696255416869e-18,20,0,0.006512240897225796
2020-05-06,1.757536464586832,1.218643241873707e-16,6.933814839285226e-17,20,0,0.0036140365128780605
2020-05-07,1.7476870819970072,1.218643241873707e-16,6.972891511455331e-17,20,0,-0.005604084346631399
2020-05-08,1.7530134443111682,1.218643241873707e-16,6.951705052967021e-17,20,0,0.003047663605818318
2020-05-11,1.7498380188476177,1.218643241873707e-16,6.964320289921823e-17,20,0,-0.001811409646546247
2020-05-12,1.7455054193190476,-2.0816681711721685e-16,-1.1925876299967398e-16,20,0,-0.0024760003394047603
2020-05-13,1.7458269725210152,-2.0816681711721685e-16,-1.1923679745686314e-16,20,0,0.00018421781932542736
2020-05-14,1.7294454884678157,-2.0816681711721685e-16,-1.2036622056335531e-16,20,0,-0.009383223143553665
2020-05-15,1.7162231213018582,-2.0816681711721685e-16,-1.212935629018387e-16,20,0,-0.007645437369449337
2020-05-18,1.6928979485679478,-2.0816681711721685e-16,-1.229647760476695e-16,20,0,-0.013590990847516804
2020-05-19,1.6942927860311354,-2.0816681711721685e-16,-1.2286354450274537e-16,20,0,0.0008239347589542589
2020-05-20,1.673453469752985,-2.0816681711721685e-16,-1.2439354955470852e-16,20,0,-0.012299713750754004
2020-05-21,1.6737733014405864,-8.326672684688674e-17,-4.9747911963478314e-17,20,0,0.00019112075321014999
2020-05-22,1.6594264842793613,-8.326672684688674e-17,-5.017801489593976e-17,20,0,-0.008571541408192496
2020-05-25,1.6568194047232456,-8.326672684688674e-17,-5.025697225027104e-17,20,0,-0.001571072645166205
2020-05-26,1.6761947366206913,-8.326672684688674e-17,-4.967604600331668e-17,20,0,0.011694293199494554
2020-05-27,1.688356800974644,-8.326672684688674e-17,-4.9318205013785624e-17,20,0,0.007255758587138894
2020-05-28,1.68384027832948,-8.326672684688674e-17,-4.945049000104379e-17,20,0,-0.0026750996250062276
2020-05-29,1.69771460557582,-8.326672684688674e-17,-4.904636301850325e-17,20,0,0.008239693173336393
2020-06-01,1.7270062425741868,-8.326672684688674e-17,-4.821449094635213e-17,20,0,0.01725356953528223
2020-06-02,1.7415840495115573,-8.326672684688674e-17,-4.781091493703082e-17,20,0,0.00844108525956555
2020-06-03,1.743494336549144,-8.326672684688674e-17,-4.77585301548467e-17,20,0,0.0010968675546394469
2020-06-04,1.739926111457597,-8.326672684688674e-17,-4.78564729263884e-17,20,0,-0.0020465940248532988
2020-06-05,1.749317065609701,-8.326672684688674e-17,-4.7599562414298655e-17,20,0,0.005397329283274521
2020-06-08,1.7469928287924992,-8.326672684688674e-17,-4.766288989545522e-17,20,0,-0.0013286538289111194
2020-06-09,1.7448559587131631,-8.326672684688674e-17,-4.7721261133954126e-17,20,0,-0.001223170492813619
2020-06-10,1.739880287595962,-8.326672684688674e-17,-4.785773333976819e-17,20,0,-0.002851622847349966
2020-06-11,1.73744026305299,-9.71445146547012e-17,-5.591243435558533e-17,20,0,-0.0014024094418263466
2020-06-12,1.7455312862981858,-9.71445146547012e-17,-5.565326466345914e-17,20,0,0.0046568641335491545
2020-06-15,1.7394751951872172,-9.71445146547012e-17,-5.584702496677205e-17,20,0,-0.0034694829926605886
2020-06-16,1.7486521404743365,-9.71445146547012e-17,-5.555393917760563e-17,20,0,0.005275697700381166
2020-06-17,1.7523133049386201,-9.71445146547012e-17,-5.543786854834385e-17,20,0,0.0020937065637827157
2020-06-18,1.748046298407736,-9.71445146547012e-17,-5.55731931947045e-17,20,0,-0.0024350705543684237
2020-06-19,1.7447471760949953,-9.71445146547012e-17,-5.567827590477901e-17,20,0,-0.001887319755629946
2020-06-22,1.7421159175070515,-9.71445146547012e-17,-5.576237130862906e-17,20,0,-0.0015081030787698069
2020-06-23,1.732595927544282,2.7755575615628914e-17,1.6019647267074355e-17,20,0,-0.00546461338599824
2020-06-24,1.7270891319080932,2.7755575615628914e-17,1.6070725652106022e-17,20,0,-0.003178349636313582
2020-06-29,1.7202814654959646,2.7755575615628914e-17,1.6134322302674384e-17,20,0,-0.0039416995257259835
2020-06-30,1.7304967769425754,2.7755575615628914e-17,1.6039079636234395e-17,20,0,0.005938162824805859
2020-07-01,1.7339356598520668,9.71445146547012e-17,5.60254436793746e-17,20,0,0.0019872229496822325
2020-07-02,1.7521380322054567,9.71445146547012e-17,5.544341419974952e-17,20,0,0.0104977207487289
2020-07-03,1.7732265611468792,9.71445146547012e-17,5.478403988708049e-17,20,0,0.012035883334418518
2020-07-06,1.8199857433311186,9.71445146547012e-17,5.337652506931052e-17,20,0,0.02636954758561516
2020-07-07,1.8222419572955078,9.71445146547012e-17,5.3310436775848836e-17,20,0,0.001239687713300297
2020-07-08,1.8339235813980905,9.71445146547012e-17,5.2970862930200795e-17,20,0,0.006410577945378915
2020-07-09,1.8500373675183714,9.71445146547012e-17,5.2509487840783586e-17,20,0,0.008786509036541545
2020-07-10,1.8375407374784374,9.71445146547012e-17,5.2866591022089457e-17,20,1,-0.0067547987188479874
2020-07-13,1.8720511192933469,5.160802341031001e-17,2.7567635775774523e-17,21,1,0.01878074380123196
2020-07-14,1.861851778155481,5.160802341031001e-17,2.771865301836089e-17,21,1,-0.005448217216266982
2020-07-15,1.8418809053016951,5.160802341031001e-17,2.80191967144894e-17,21,1,-0.010726349480714825
2020-07-16,1.7927042344419641,5.160802341031001e-17,2.878780694483864e-17,21,1,-0.026699158842561577
2020-07-17,1.7975250499825952,5.160802341031001e-17,2.871060039514315e-17,21,1,0.002689130447740329
2020-07-20,1.85262090999251,5.160802341031001e-17,2.785676396717268e-17,21,1,0.03065095532907769
2020-07-21,1.8659408270259836,-2.7755575615628914e-17,-1.48748423388468e-17,20,0,0.007189769348726394
2020-07-22,1.8851376033137517,-2.7755575615628914e-17,-1.4723368504685985e-17,20,0,0.010287987705571933
2020-07-23,1.8786381893301465,-2.7755575615628914e-17,-1.477430607621446e-17,20,0,-0.0034477132980533787
2020-07-24,1.8478808699148248,-2.7755575615628914e-17,-1.5020219142648662e-17,20,0,-0.01637213572576668
2020-07-27,1.844045291471597,-2.7755575615628914e-17,-1.5051460907166346e-17,20,0,-0.0020756632668667008
2020-07-28,1.8578290542592129,-2.7755575615628914e-17,-1.4939789832652884e-17,20,0,0.007474741998671819
2020-07-29,1.8738714819130884,-2.7755575615628914e-17,-1.481188858656009e-17,20,0,0.008635039707822978
2020-07-30,1.8832407922868617,-2.7755575615628914e-17,-1.473819796666824e-17,20,0,0.004999974899136506
2020-07-31,1.892544217767639,-1.713039432527097e-17,-9.05151603035052e-18,20,0,0.004940114678314789
2020-08-03,1.916944089767046,-1.713039432527097e-17,-8.936303576466186e-18,20,0,0.01289262981035555
2020-08-04,1.9131923506436619,-1.713039432527097e-17,-8.953827522626114e-18,20,0,-0.001957145825698059
2020-08-05,1.9176959334242236,-1.713039432527097e-17,-8.932800047546153e-18,20,0,0.0023539623598467507
2020-08-06,1.9107745975499837,-1.713039432527097e-17,-8.9651570348673e-18,20,0,-0.0036091935919586593
2020-08-07,1.8976634453585028,-1.713039432527097e-17,-9.027098228176456e-18,20,0,-0.006861694837419385
2020-08-10,1.9187298934003103,-1.713039432527097e-17,-8.927986364413725e-18,20,0,0.011101256175500396
2020-08-11,1.9030767507968114,-1.3877787807814457e-16,-7.292290130707486e-17,20,0,-0.008158075119035657
2020-08-12,1.9084859154313043,-1.3877787807814457e-16,-7.271621810569231e-17,20,0,0.0028423260555456853
2020-08-13,1.9087032478938242,-1.3877787807814457e-16,-7.270793835096172e-17,20,0,0.00011387690145503448
2020-08-14,1.913391539519263,-1.3877787807814457e-16,-7.252978557280143e-17,20,0,0.00245627057564457
2020-08-17,1.9270631912552647,-1.3877787807814457e-16,-7.20152191728318e-17,20,0,0.007145245211775508
2020-08-18,1.9402179717156869,-1.3877787807814457e-16,-7.152695217817549e-17,20,0,0.006826335804719141
2020-08-19,1.9370315671109464,-1.3877787807814457e-16,-7.16446135594629e-17,20,0,-0.001642292078102403
2020-08-20,1.9236350925430048,-1.3877787807814457e-16,-7.214355706865544e-17,20,0,-0.006915981543822891
2020-08-21,1.9333433154662845,0.0,0.0,20,0,0.005046811092661807
2020-08-24,1.9394781726397856,0.0,0.0,20,0,0.0031731856025900562
2020-08-25,1.938241899862784,0.0,0.0,20,0,-0.0006374254654895051
2020-08-26,1.920074314622056,0.0,0.0,20,0,-0.009373229028850405
2020-08-27,1.9250146535302874,0.0,0.0,20,0,0.002572993592283801
2020-08-28,1.9335530560553298,0.0,0.0,20,0,0.004435500015225191
2020-08-31,1.9319446245270766,0.0,0.0,20,0,-0.0008318528023919525
2020-09-01,1.9415721693559669,-1.1102230246251565e-16,-5.718165114580445e-17,20,0,0.004983344091058939
2020-09-02,1.955437737227161,-1.1102230246251565e-16,-5.677618895702958e-17,20,0,0.007141412557326365
2020-09-03,1.9556376096361667,-1.1102230246251565e-16,-5.677038624920422e-17,20,0,0.00010221364004614486
2020-09-04,1.9621041063984088,-1.1102230246251565e-16,-5.658328836908941e-17,20,0,0.003306592555992527
2020-09-07,1.953218613674057,-1.1102230246251565e-16,-5.684069447489019e-17,20,0,-0.004528553146276093
2020-09-08,1.9598275202411681,-1.1102230246251565e-16,-5.664901697515388e-17,20,0,0.00338359798582899
2020-09-09,1.9479811249059473,-1.1102230246251565e-16,-5.69935206471141e-17,20,0,-0.006044611177703607
2020-09-10,1.9025345128425388,-1.1102230246251565e-16,-5.835494794606352e-17,20,0,-0.023330109045898828
2020-09-11,1.913679524494259,-1.6653345369377348e-16,-8.70226448902328e-17,20,0,0.00585798132779658
2020-09-14,1.9211618641394275,-1.6653345369377348e-16,-8.668371822400873e-17,20,0,0.003909923030161355
2020-09-15,1.9112613895507815,-1.6653345369377348e-16,-8.713274626079017e-17,20,0,-0.005153378678522169
2020-09-16,1.902181700932547,-1.6653345369377348e-16,-8.754865721404545e-17,20,0,-0.004750626297310712
2020-09-17,1.921122244717641,-1.6653345369377348e-16,-8.668550590764198e-17,20,0,0.009957273679905843
2020-09-18,1.9531745830548577,-1.6653345369377348e-16,-8.526296376092877e-17,20,0,0.016684174276440977
2020-09-21,1.969936712687511,-1.6653345369377348e-16,-8.453746387952643e-17,20,0,0.008581992504959057
2020-09-22,1.9594438806482373,-4.163336342344337e-17,-2.1247540608139247e-17,20,0,-0.005326481795934757
2020-09-23,1.9619242185470187,-4.163336342344337e-17,-2.1220678673448772e-17,20,0,0.0012658376814347339
2020-09-24,1.9347956671549447,-4.163336342344337e-17,-2.151822237883337e-17,20,0,-0.01382752255954367
2020-09-25,1.923468710963952,-4.163336342344337e-17,-2.164493926318078e-17,20,0,-0.005854342338717622
2020-09-28,1.890158269198308,-4.163336342344337e-17,-2.2026390118697177e-17,20,0,-0.017317901547226344
2020-09-29,1.896890442909619,-4.163336342344337e-17,-2.194821718832766e-17,20,0,0.0035616984148985065
2020-09-30,1.8971423568764265,-4.163336342344337e-17,-2.19453027721078e-17,20,0,0.00013280364596135463
2020-10-09,1.9388850415013652,-2.949029909160572e-17,-1.52099265610766e-17,20,0,0.022002926914597154
2020-10-12,1.9878263915439747,-2.949029909160572e-17,-1.483545002574403e-17,20,0,0.025242007130403143
2020-10-13,1.995703855907705,2.301761212186726e-16,1.1533581023923098e-16,20,0,0.003962853294050328
2020-10-14,1.9882882149745564,2.301761212186726e-16,1.1576597370800091e-16,20,0,-0.0037158022775757305
2020-10-15,1.998085392572625,2.301761212186726e-16,1.1519834040841992e-16,20,0,0.004927443377817253
2020-10-16,2.003693062397646,2.301761212186726e-16,1.1487593860470863e-16,20,0,0.0028065216060664255
2020-10-19,2.004190196937584,2.301761212186726e-16,1.1484744390546528e-16,20,0,0.0002481091287220849
2020-10-20,2.0222920517415823,2.301761212186726e-16,1.138194263387658e-16,20,0,0.00903200446327812
2020-10-21,2.0193539825634175,-2.3765711620882257e-16,-1.176896761345105e-16,20,0,-0.0014528411836631783
2020-10-22,2.0447912370206476,-2.3765711620882257e-16,-1.1622561360107336e-16,20,0,0.012596728793898393
2020-10-23,2.027838644941645,-2.3765711620882257e-16,-1.1719725176440832e-16,20,0,-0.00829062242251355
2020-10-26,2.0469115530985578,-2.3765711620882257e-16,-1.1610522000770567e-16,20,0,0.00940553539823763
2020-10-27,2.0372611608761266,-2.3765711620882257e-16,-1.1665520394381731e-16,20,0,-0.004714611243374245
2020-10-28,2.0375044056651674,-2.3765711620882257e-16,-1.1664127721541618e-16,20,0,0.00011939794156590189
2020-10-29,2.031165105857432,-2.3765711620882257e-16,-1.170053165660792e-16,20,0,-0.0031113060615277632
2020-10-30,1.985230573857717,-2.3765711620882257e-16,-1.1971260131613088e-16,20,0,-0.02261486861272366
2020-11-02,1.969755283234697,0.0,0.0,20,0,-0.007795210705902167
2020-11-03,1.9823733745743295,0.0,0.0,20,1,0.006405918261537247
2020-11-04,1.983414052871197,0.0,0.0,20,1,0.0005249658365145127
2020-11-05,1.997570775562495,0.0,0.0,20,1,0.007137552883022424
2020-11-06,1.9942610602697415,0.0,0.0,20,1,-0.001656870101046315
2020-11-09,2.014452481696274,0.0,0.0,20,1,0.010124763416782256
2020-11-10,2.0223509691817485,0.0,0.0,20,0,0.00392091030056152
2020-11-11,2.0052511062131266,-8.326672684688674e-17,-4.152433906601062e-17,20,0,-0.008455437868700177
2020-11-12,2.0158684834067127,-8.326672684688674e-17,-4.130563453532956e-17,20,0,0.005294786852723332
2020-11-13,2.038114109667845,-8.326672684688674e-17,-4.0854791423065545e-17,20,0,0.011035256736361188
2020-11-16,2.0359512315994954,-8.326672684688674e-17,-4.0898193215301267e-17,20,0,-0.0010612153942164415
2020-11-17,2.014465904898188,-8.326672684688674e-17,-4.133439371916056e-17,20,0,-0.010552967265541113
2020-11-18,2.024075024925698,-8.326672684688674e-17,-4.113816228227182e-17,20,0,0.004770058408109623
2020-11-19,2.014360936055245,-8.326672684688674e-17,-4.133654766456567e-17,20,0,-0.004799273125169701
2020-11-20,2.022213094124004,-8.326672684688674e-17,-4.117603979958244e-17,20,0,0.0038980889314386147
2020-11-23,2.041209741554601,0.0,0.0,20,0,0.009393988935091135
2020-11-24,2.0481265055224878,0.0,0.0,20,0,0.0033885611199457877
2020-11-25,2.058425941025751,0.0,0.0,20,0,0.005028710616991727
2020-11-26,2.040587209210746,0.0,0.0,20,0,-0.008666200449317873
2020-11-27,2.039461330047023,0.0,0.0,20,0,-0.0005517427329942981
2020-11-30,2.0391125322865276,0.0,0.0,20,0,-0.00017102445403427424
2020-12-01,2.0494302437460274,-2.498001805406602e-16,-1.2188762281758165e-16,20,0,0.005059902921557002
2020-12-02,2.076693979558816,-2.498001805406602e-16,-1.2028742944289225e-16,20,0,0.013303080646919208
2020-12-03,2.052815321073272,-2.498001805406602e-16,-1.2168663102633967e-16,20,0,-0.011498400207534232
2020-12-04,2.0424673987942423,-2.498001805406602e-16,-1.2230314211532981e-16,20,0,-0.00504084423610951
2020-12-07,2.046068874205402,-2.498001805406602e-16,-1.2208786502246705e-16,20,0,0.0017632963998768236
2020-12-08,2.065143243548393,-2.498001805406602e-16,-1.209602197431331e-16,20,0,0.0093224473444955
2020-12-09,2.0330393917638827,-2.498001805406602e-16,-1.228703101143217e-16,20,0,-0.015545581104266848
2020-12-10,2.0287791226662377,-2.498001805406602e-16,-1.2312832764779777e-16,20,0,-0.0020955172412812084
2020-12-11,2.009035320640522,-4.163336342344337e-16,-2.0723061957004216e-16,20,0,-0.00973186376236379
2020-12-14,2.0150576258179225,-4.163336342344337e-16,-2.066112794493615e-16,20,0,0.002997610403126405
2020-12-15,1.9720446936299028,-4.163336342344337e-16,-2.1111774777685024e-16,20,0,-0.021345757876557236
2020-12-16,1.9518851026800836,-4.163336342344337e-16,-2.1329822829365142e-16,20,0,-0.010222684615079247
2020-12-17,1.9672330842363093,-4.163336342344337e-16,-2.1163411573878483e-16,20,0,0.007863158305348783
2020-12-18,1.9746858941547816,-4.163336342344337e-16,-2.1083537157317653e-16,20,0,0.0037884732511834773
2020-12-21,1.9938041325359708,-4.163336342344337e-16,-2.0881370814739372e-16,20,0,0.009681660479664345
2020-12-22,1.9696252159096916,-5.828670879282072e-16,-2.9592791726064697e-16,20,0,-0.012127027039273597
2020-12-23,1.9603989048246422,-5.828670879282072e-16,-2.9732065575722443e-16,20,0,-0.004684297809818716
2020-12-24,1.9040519287676976,-5.828670879282072e-16,-3.061193232820277e-16,20,0,-0.02874260739397061
2020-12-25,1.9195928836880154,-5.828670879282072e-16,-3.036409922547611e-16,20,0,0.008162043632064186
2020-12-28,1.9076147286795408,-5.828670879282072e-16,-3.055475925852545e-16,20,0,-0.006239945516708478
2020-12-29,1.9067818755532415,-5.828670879282072e-16,-3.0568105109510324e-16,20,1,-0.00043659399027384804
2020-12-30,1.9285078684021186,-5.828670879282072e-16,-3.0223733979947234e-16,20,1,0.011394063016554323
2020-12-31,1.9518968389271187,-1.592692991381206e-16,-8.159719097944987e-17,21,1,0.012128014050769353
2021-01-04,1.9665806866770599,-1.592692991381206e-16,-8.098793007432543e-17,21,0,0.0075228605616330935
2021-01-05,1.9599691567738393,-1.592692991381206e-16,-8.126112525172694e-17,21,0,-0.003361941845565486
2021-01-06,1.9654419356904231,-1.592692991381206e-16,-8.103485340673382e-17,21,0,0.002792278081351185
2021-01-07,1.928758248130674,-1.592692991381206e-16,-8.257608193897925e-17,21,0,-0.01866434560777952
2021-01-08,1.9192397768439797,-1.592692991381206e-16,-8.298561808677438e-17,21,0,-0.004935025577165741
2021-01-11,1.8950229577737534,-1.592692991381206e-16,-8.404610534387824e-17,21,0,-0.012617922660006942
2021-01-12,1.892882070190464,-1.3877787807814457e-16,-7.33156493284236e-17,20,0,-0.001129742293889846
2021-01-13,1.8556434125393766,-1.3877787807814457e-16,-7.478693219848332e-17,20,0,-0.01967299402193634
2021-01-14,1.876508436755747,-1.3877787807814457e-16,-7.395537124153543e-17,20,0,0.01124409144309535
2021-01-15,1.8880807190234294,-1.3877787807814457e-16,-7.350208954515702e-17,20,0,0.006166922589322166
2021-01-18,1.9006429767132749,-1.3877787807814457e-16,-7.301627911104536e-17,20,0,0.006653453723283187
2021-01-19,1.911070501188266,-1.3877787807814457e-16,-7.261787463720214e-17,20,0,0.005486314159339534
2021-01-20,1.914676139611479,-1.3877787807814457e-16,-7.248112367781686e-17,20,0,0.0018867113594036589
2021-01-21,1.9144002118461043,1.1102230246251565e-16,5.799325646514322e-17,20,0,-0.00014411197782548957
2021-01-22,1.9063137075368108,1.1102230246251565e-16,5.823926147285064e-17,20,0,-0.004224040646911287
2021-01-25,1.889113669017083,1.1102230246251565e-16,5.876951942245022e-17,20,0,-0.009022669485995727
2021-01-26,1.873711757569264,1.1102230246251565e-16,5.92526048972138e-17,20,0,-0.00815298290432298
2021-01-27,1.8610498079327464,0.09382796375644763,0.05041668597826068,19,0,-0.006757682757428829
2021-01-28,1.8528833595401142,0.09382796375644763,0.050638893847983896,19,0,-0.004388086959211224
2021-01-29,1.8319297074047591,0.09382796375644763,0.051218102625439126,19,0,-0.011308673062159547
2021-02-01,1.8170603525537588,0.09382796375644763,0.051637230224399866,19,0,-0.008116771506514464
2021-02-02,1.7985122368283752,0.09382796375644763,0.05216976667443228,19,0,-0.010207759857461696
2021-02-03,1.7932049471497606,0.09382796375644763,0.052324171816268986,19,0,-0.0029509333158466156
2021-02-04,1.7710183980688867,0.09382796375644763,0.05297966630880705,19,0,-0.012372567405716017
2021-02-05,1.761909727638297,0.09382796375644763,0.053253559069803606,19,0,-0.005143182273273927
2021-02-08,1.7524993607070014,0.09382796375644763,0.053539513828179154,19,0,-0.00534100401608506
2021-02-09,1.7734227391062363,0.09382796375644763,0.05290783843435702,19,0,0.011939164640147881
2021-02-10,1.7894616244640376,0.09382796375644763,0.052433627228273244,19,0,0.009044028253457848
2021-02-18,1.815104032018201,1.0386656812411132e-16,5.722347936642663e-17,20,0,0.014329677263597906
2021-02-19,1.8572776334543473,1.0386656812411132e-16,5.592409355133949e-17,20,0,0.023234812270927385
2021-02-22,1.8874432182777863,1.0386656812411132e-16,5.5030300842048785e-17,20,0,0.016241828512915557
2021-02-23,1.8745430934948633,-8.326672684688674e-17,-4.4419745342661504e-17,20,0,-0.006834708805011802
2021-02-24,1.8667500097115568,-8.326672684688674e-17,-4.460518356164509e-17,20,0,-0.004157324422335407
2021-02-25,1.8603603603989824,-8.326672684688674e-17,-4.4758385858656403e-17,20,0,-0.0034228735927858134
2021-02-26,1.8633083572541203,-8.326672684688674e-17,-4.468757225432802e-17,20,0,0.0015846375346901809
2021-03-01,1.8844579183151011,-8.326672684688674e-17,-4.4186036757634657e-17,20,0,0.011350542693936205
2021-03-02,1.88688525290161,-8.326672684688674e-17,-4.412919477686363e-17,20,0,0.001288081077808867
2021-03-03,1.9062561608242774,-8.326672684688674e-17,-4.3680764714686445e-17,20,0,0.01026607627192977
2021-03-04,1.9095917905569,-8.326672684688674e-17,-4.3604464188968584e-17,20,0,0.0017498328929623774
2021-03-05,1.9459267616495017,-8.326672684688674e-17,-4.279026759275571e-17,20,0,0.019027611698102964
2021-03-08,1.9502227541323576,-8.326672684688674e-17,-4.26960082741582e-17,20,0,0.002207684568361845
2021-03-09,1.9468191626036138,-8.326672684688674e-17,-4.2770652994563953e-17,20,0,-0.001745232190287993
2021-03-10,1.9536657635187393,-8.326672684688674e-17,-4.262076369548258e-17,20,0,0.003516814014697278
2021-03-11,1.9686766724254317,-2.220446049250313e-16,-1.12788762134043e-16,20,0,0.007683458034119628
2021-03-12,1.9838033103360173,-2.220446049250313e-16,-1.1192873999561041e-16,20,0,0.007683657820737766
2021-03-15,1.9910077594257158,-2.220446049250313e-16,-1.1152372655196363e-16,20,0,0.0036316347755656064
2021-03-16,2.0026919961509595,-2.220446049250313e-16,-1.1087306752700178e-16,20,0,0.005868503861890417
2021-03-17,2.011913011031738,-2.220446049250313e-16,-1.1036491324799557e-16,20,0,0.00460431004792583
2021-03-18,2.0169507895807017,-2.220446049250313e-16,-1.1008925258468579e-16,20,0,0.0025039743375288026
2021-03-19,2.0211634470264412,-2.220446049250313e-16,-1.0985979647104041e-16,20,0,0.002088626786286296
2021-03-22,2.0461415621814485,-2.220446049250313e-16,-1.0851869148696797e-16,20,0,0.012358285616017595
2021-03-23,2.0274403161203796,-5.551115123125783e-17,-2.7379918801990442e-17,20,0,-0.009139761591632545
2021-03-24,2.0220853132161696,-5.551115123125783e-17,-2.7452427881475565e-17,20,0,-0.00264126290753508
2021-03-25,2.0043191105662164,-5.551115123125783e-17,-2.769576507983104e-17,20,0,-0.00878607966431233
2021-03-26,2.020691230337729,-5.551115123125783e-17,-2.7471367420137685e-17,20,0,0.00816841973176996
2021-03-29,2.0175516353191014,-5.551115123125783e-17,-2.7514116744019804e-17,20,0,-0.0015537232861168038
2021-03-30,1.9995289003616692,-5.551115123125783e-17,-2.7762114976791344e-17,20,0,-0.008932973333583005
2021-03-31,1.9945290535622595,-3.3306690738754696e-16,-1.669902510533423e-16,20,0,-0.0025005123949473074
2021-04-01,2.013304014686789,-3.3306690738754696e-16,-1.6543299221472143e-16,20,0,0.009413230201383627
2021-04-02,2.0045253490173334,-3.3306690738754696e-16,-1.6615749336910325e-16,20,0,-0.00436032790150731
2021-04-06,2.0215161877845373,-3.3306690738754696e-16,-1.6476094003114003e-16,20,0,0.008476240410495883
2021-04-07,2.0363151845568406,-3.3306690738754696e-16,-1.6356353373656725e-16,20,0,0.007320741165333988
2021-04-08,2.0352897053853813,-3.3306690738754696e-16,-1.636459450987499e-16,20,0,-0.00050359550389667
2021-04-09,2.0389051905297357,-3.3306690738754696e-16,-1.633557602062956e-16,20,0,0.0017763982860954375
2021-04-12,2.027512123126972,-3.3306690738754696e-16,-1.6427369463708445e-16,20,0,-0.005587835793288476
2021-04-13,2.0065109475169334,-6.635317295611287e-17,-3.3068931439534496e-17,20,0,-0.010358101128218666
2021-04-14,2.0204574621532236,-6.635317295611287e-17,-3.2840668115526456e-17,20,0,0.006950629725469115
2021-04-15,2.016451339121268,-6.635317295611287e-17,-3.290591330858911e-17,20,1,-0.001982780190623923
2021-04-16,2.0379743012696236,-6.635317295611287e-17,-3.2558395321656393e-17,20,0,0.010673682885764535
2021-04-19,2.0577221364156397,-6.635317295611287e-17,-3.224593436686934e-17,20,0,0.009689933348871804
2021-04-20,2.0662848912100356,-6.635317295611287e-17,-3.211230611924759e-17,20,0,0.004161278455851791
2021-04-21,2.062130101623921,1.2993485410880967e-18,6.301001765431113e-19,20,0,-0.002010753504412155
2021-04-22,2.068558419311821,1.2993485410880967e-18,6.281420572692217e-19,20,0,0.0031173191656712618
2021-04-23,2.0669514212719693,1.2993485410880967e-18,6.286304204907235e-19,20,0,-0.0007768685790302543
2021-04-26,2.0772560689506845,1.2993485410880967e-18,6.255119725053715e-19,20,0,0.004985432929223821
2021-04-27,2.0622173034239095,1.2993485410880967e-18,6.300735324695326e-19,20,0,-0.007239726363813981
2021-04-28,2.058129422824503,1.2993485410880967e-18,6.31324991848626e-19,20,0,-0.001982274415319507
2021-04-29,2.0624944495089768,1.2993485410880967e-18,6.299888668294045e-19,20,0,0.002120870843235645
2021-04-30,2.0750164691458224,1.2993485410880967e-18,6.261870979862496e-19,20,0,0.0060712985869255665
2021-05-06,2.090649793789157,-8.326672684688674e-17,-3.9828156343665576e-17,20,0,0.0075340725607686565
2021-05-07,2.0925386431693624,-8.326672684688674e-17,-3.9792205089589564e-17,20,0,0.0009034747884684169
2021-05-10,2.0932650427532313,-8.326672684688674e-17,-3.977839649840405e-17,20,0,0.00034713795429297534
2021-05-11,2.09956874143415,2.7755575615628914e-17,1.3219655573967987e-17,20,0,0.0030114192671117923
2021-05-12,2.1079307320401446,2.7755575615628914e-17,1.3167214270255404e-17,20,0,0.003982718184441403
2021-05-13,2.106164159701239,2.7755575615628914e-17,1.3178258440959352e-17,20,0,-0.000838059957120052
2021-05-14,2.1147678942811337,2.7755575615628914e-17,1.3124643934063402e-17,20,0,0.004085025633099315
2021-05-17,2.092562493103023,2.7755575615628914e-17,1.3263917186277517e-17,20,0,-0.010500159964675015
2021-05-18,2.1037517231214777,2.7755575615628914e-17,1.3193370353820128e-17,20,0,0.005347142584909204
2021-05-19,2.111792702564069,2.7755575615628914e-17,1.3143134542480902e-17,20,0,0.003822209319767289
2021-05-20,2.116044876305424,2.7755575615628914e-17,1.3116723528136911e-17,20,0,0.0020135374727794364
2021-05-21,2.126280484388101,-5.551115123125783e-17,-2.6107163019573482e-17,20,0,0.004837141308906778
2021-05-24,2.1338167557287093,-5.551115123125783e-17,-2.601495703987969e-17,20,0,0.00354434487638966
2021-05-25,2.141702543480165,-5.551115123125783e-17,-2.5919169494497047e-17,20,0,0.003695625564043681
2021-05-26,2.1499832063012225,-5.551115123125783e-17,-2.5819341783026215e-17,20,0,0.0038663925792430387
2021-05-27,2.1626309340832197,-5.551115123125783e-17,-2.5668342367806766e-17,20,0,0.005882710034631478
2021-05-28,2.1536867037833343,-5.551115123125783e-17,-2.577494262918678e-17,20,0,-0.004135809841117055
2021-05-31,2.163105294335331,-5.551115123125783e-17,-2.56627134040255e-17,20,0,0.004373240794703914
2021-06-01,2.1707664417976233,2.7755575615628914e-17,1.2786071813715884e-17,20,0,0.0035417358010056965
2021-06-02,2.1682087704859203,2.7755575615628914e-17,1.2801154572125715e-17,20,0,-0.0011782342229249565
2021-06-03,2.175066051258146,2.7755575615628914e-17,1.2760796666185825e-17,20,0,0.003162647834271448
2021-06-04,2.1805487235869423,2.7755575615628914e-17,1.2728711500640885e-17,20,0,0.002520692337423469
2021-06-07,2.178241444074954,2.7755575615628914e-17,1.2742194255428847e-17,20,0,-0.0010581187602141107
2021-06-08,2.1736261407423196,2.7755575615628914e-17,1.2769250008260412e-17,20,0,-0.0021188208245640494
2021-06-09,2.1721019727833006,2.7755575615628914e-17,1.277821021453395e-17,20,0,-0.000701209803493863
2021-06-10,2.169644863967065,2.7755575615628914e-17,1.2792681455194246e-17,20,0,-0.0011312124601071671
2021-06-11,2.1737877137789283,-8.326672684688674e-17,-3.8304902690859016e-17,20,0,0.0019094598755156067
2021-06-15,2.1524320880373424,-8.326672684688674e-17,-3.868494960173728e-17,20,0,-0.00982415421994498
2021-06-16,2.154460414474648,-8.326672684688674e-17,-3.864852948212131e-17,20,0,0.000942341664844415
2021-06-17,2.1552596630550984,-8.326672684688674e-17,-3.863419720334554e-17,20,0,0.00037097389911666667
2021-06-18,2.148534222816876,-8.326672684688674e-17,-3.8755131737077176e-17,20,0,-0.0031204779421748485
2021-06-21,2.1720118567474733,-8.326672684688674e-17,-3.833622113443539e-17,20,0,0.010927279482575214
2021-06-22,2.1881951011703595,-9.107298248878237e-18,-4.162013818606569e-18,20,0,0.007450808508531859
2021-06-23,2.1966966908269,-9.107298248878237e-18,-4.145906117539599e-18,20,0,0.003885206420576104
2021-06-24,2.2091495640956635,-9.107298248878237e-18,-4.122535837724684e-18,20,0,0.005668908830593233
2021-06-25,2.2159900822995877,-9.107298248878237e-18,-4.1098100219958425e-18,20,0,0.003096448658388873
2021-06-28,2.216966357062695,-9.107298248878237e-18,-4.108000204813521e-18,20,0,0.00044055917528940114
2021-06-29,2.2002496062820147,-9.107298248878237e-18,-4.139211398050317e-18,20,0,-0.00754037188134371
2021-06-30,2.204443660837177,-9.107298248878237e-18,-4.131336359677969e-18,20,0,0.0019061721648250263
2021-07-01,2.1884960193228857,-1.6696713456276768e-16,-7.629309493303388e-17,20,0,-0.007234315758486987
2021-07-02,2.19515138800704,-1.6696713456276768e-16,-7.606178574970895e-17,20,0,0.0030410695863241077
2021-07-05,2.2075030058983405,-1.6696713456276768e-16,-7.563619805573974e-17,20,0,0.005626772694941273
2021-07-06,2.2051689081506867,-1.6696713456276768e-16,-7.571625644894057e-17,20,0,-0.0010573474832954455
2021-07-07,2.211074590098234,-1.6696713456276768e-16,-7.551402169356469e-17,20,0,0.0026781086590323966
2021-07-08,2.2174772757703898,-1.6696713456276768e-16,-7.529598448974429e-17,20,0,0.0028957348163778374
2021-07-09,2.2344485357117834,-1.6696713456276768e-16,-7.472409048328353e-17,20,0,0.007653408730196487
2021-07-12,2.2417021171925824,-1.6696713456276768e-16,-7.448230221233435e-17,20,0,0.0032462513075910415
2021-07-13,2.2540732639248064,-2.220446049250313e-16,-9.85081578663534e-17,20,0,0.00551863989302781
2021-07-14,2.2405250747857517,-2.220446049250313e-16,-9.910382500238884e-17,20,0,-0.0060105362837517
2021-07-15,2.2448106077297334,-2.220446049250313e-16,-9.891462743469209e-17,20,0,0.0019127359886348394
2021-07-16,2.2574965762538977,-2.220446049250313e-16,-9.835877815305189e-17,20,0,0.005651242238646548
2021-07-19,2.262500250004625,-2.220446049250313e-16,-9.814125100077994e-17,20,0,0.002216470139250637
2021-07-20,2.2576635213527734,-2.220446049250313e-16,-9.835150491867097e-17,20,0,-0.0021377803833798614
2021-07-21,2.2659083185781337,-1.1102230246251565e-16,-4.899682019446514e-17,20,0,0.003651915862298294
2021-07-22,2.2848374488767083,-1.1102230246251565e-16,-4.8590897578774106e-17,20,0,0.008353881815682973
2021-07-23,2.3012720805408,-1.1102230246251565e-16,-4.8243883633449104e-17,20,0,0.00719291066949701
2021-07-26,2.27348363014964,-1.1102230246251565e-16,-4.8833561407789064e-17,20,0,-0.012075256388036193
2021-07-27,2.2612498153913707,-1.1102230246251565e-16,-4.9097760763465324e-17,20,0,-0.005381087682370667
2021-07-28,2.242339270975533,-1.1102230246251565e-16,-4.951182182802125e-17,20,0,-0.008362872729550608
2021-07-29,2.2772804470646757,-1.1102230246251565e-16,-4.8752143200289186e-17,20,0,0.015582466284837171
2021-07-30,2.2915279316300476,-1.1102230246251565e-16,-4.844902867212333e-17,20,0,0.006256359239256826
2021-08-02,2.3216686790371006,-3.0531133177191805e-16,-1.3150512582981662e-16,20,0,0.013153122417151941
2021-08-03,2.3317327809155906,-3.0531133177191805e-16,-1.3093753035115494e-16,20,0,0.004334857066109921
2021-08-04,2.3478609706745073,-3.0531133177191805e-16,-1.3003807959046502e-16,20,0,0.006916825929163206
2021-08-05,2.3515828908977388,-3.0531133177191805e-16,-1.2983226445203579e-16,20,0,0.0015852387640151733
2021-08-06,2.358454114681645,-3.0531133177191805e-16,-1.2945400543149018e-16,20,0,0.0029219568702012477
2021-08-09,2.370084285984185,-3.0531133177191805e-16,-1.2881876546645115e-16,20,0,0.0049312688468861055
2021-08-10,2.374685724427812,-3.0531133177191805e-16,-1.2856915280672933e-16,20,0,0.001941466162548755
2021-08-11,2.3850135002850545,-1.1102230246251565e-16,-4.6549968144518415e-17,20,0,0.004349112706158786
2021-08-12,2.3935072161953372,-1.1102230246251565e-16,-4.6384778667596456e-17,20,0,0.0035612863026843744
2021-08-13,2.395713502484078,-1.1102230246251565e-16,-4.6342061497503085e-17,20,0,0.0009217796686855628
2021-08-16,2.410312868201372,-1.1102230246251565e-16,-4.6061365695384984e-17,20,0,0.006093953096710347
2021-08-17,2.391281281024649,-1.1102230246251565e-16,-4.642795615200203e-17,20,0,-0.007895899087542402
2021-08-18,2.404477432379092,-1.1102230246251565e-16,-4.6173152206575494e-17,20,0,0.0055184437979578504
2021-08-19,2.4000947146294433,-1.1102230246251565e-16,-4.6257467168189097e-17,20,0,-0.0018227319128182318
2021-08-20,2.3951126982663706,-1.1102230246251565e-16,-4.6353686213962196e-17,20,0,-0.0020757582326670354
2021-08-23,2.410972421843502,-1.3877787807814457e-17,-5.756095624355206e-18,20,0,0.006621702431209631
2021-08-24,2.41888908506818,-1.3877787807814457e-17,-5.737256781835158e-18,20,0,0.0032835975861660316
2021-08-25,2.4471102278972374,-1.3877787807814457e-17,-5.671092233446066e-18,20,0,0.011666985064865854
2021-08-26,2.460002040376921,-1.3877787807814457e-17,-5.641372478572459e-18,20,0,0.005268178087245889
2021-08-27,2.4533765582989777,-1.3877787807814457e-17,-5.656607323841258e-18,20,0,-0.002693283163671012
2021-08-30,2.457867944911818,-1.3877787807814457e-17,-5.646270718711195e-18,20,0,0.0018306959841314363
2021-08-31,2.4727922660250248,0.0,0.0,20,0,0.00607205978828218
2021-09-01,2.4857216576962085,0.0,0.0,20,0,0.0052286606719162965
2021-09-02,2.5210942715745017,0.0,0.0,20,0,0.014230319701634242
2021-09-03,2.5300194376064606,0.0,0.0,20,0,0.0035401952765474753
2021-09-06,2.541637010798163,0.0,0.0,20,0,0.0045918908839266415
2021-09-07,2.5778316179534606,0.0,0.0,20,0,0.014240667334290746
2021-09-08,2.600415404639318,0.0,0.0,20,0,0.008760768751756798
2021-09-09,2.5987566197313643,0.0,0.0,20,0,-0.0006378922786699492
2021-09-10,2.5868643977188506,0.0,0.0,20,0,-0.00457611994991014
2021-09-13,2.5912762511399463,4.996003610813204e-16,1.9280088754008292e-16,20,0,0.0017054830647429409
2021-09-14,2.550379206695849,4.996003610813204e-16,1.9589257933473318e-16,20,0,-0.015782587605665754
2021-09-15,2.5478899929512715,4.996003610813204e-16,1.9608396063545248e-16,20,0,-0.0009760171107269233
2021-09-16,2.5176608785649877,4.996003610813204e-16,1.9843830649903965e-16,20,0,-0.011864371880227376
2021-09-17,2.5022423250878085,4.996003610813204e-16,1.9966106242879113e-16,20,0,-0.006124158185262574
2021-09-22,2.5028422807294612,4.996003610813204e-16,1.9961320172987902e-16,20,0,0.00023976720225604709
2021-09-23,2.554097382126321,-3.885780586188048e-16,-1.5213909279187635e-16,20,0,0.020478758007045128
2021-09-24,2.5300235001084843,-3.885780586188048e-16,-1.5358673885920151e-16,20,0,-0.009425592847910447
2021-09-27,2.485587773169081,-3.885780586188048e-16,-1.563324630147237e-16,20,0,-0.01756336529581559
2021-09-28,2.499169907647829,-3.885780586188048e-16,-1.5548284949722647e-16,20,0,0.005464355202162485
2021-09-29,2.4756461227885147,-3.885780586188048e-16,-1.5696025980527412e-16,20,0,-0.009412639287680324
2021-09-30,2.4895263021653493,-3.885780586188048e-16,-1.560851388799652e-16,20,0,0.005606689602793535
2021-10-08,2.509092598446503,1.3877787807814457e-16,5.5309986631847895e-17,20,0,0.00785944549536799
2021-10-11,2.506097205016244,1.3877787807814457e-16,5.537609546842978e-17,20,0,-0.001193815418416011
2021-10-12,2.4786877608720124,-5.4643789493269423e-17,-2.2045450966379694e-17,20,0,-0.01093710335312148
2021-10-13,2.4501666387460017,-5.4643789493269423e-17,-2.2302070654768273e-17,20,0,-0.011506540910976581
2021-10-14,2.464979469247498,-5.4643789493269423e-17,-2.2168050555792633e-17,20,0,0.006045642066646151
2021-10-15,2.466701615192017,-5.4643789493269423e-17,-2.2152573767628458e-17,20,0,0.0006986451473549593
2021-10-18,2.489499271285234,-5.4643789493269423e-17,-2.1949710981461305e-17,20,0,0.009242162064844184
2021-10-19,2.5019087230127752,-5.4643789493269423e-17,-2.184084055131631e-17,20,0,0.0049847179594211255
2021-10-20,2.502192246126562,-5.4643789493269423e-17,-2.1838365768201454e-17,20,0,0.00011332272483777217
2021-10-21,2.514810760173106,4.1303020574014193e-17,1.6423908004581273e-17,20,0,0.005042983434257575
2021-10-22,2.5017820937858097,4.1303020574014193e-17,1.6509439681660123e-17,20,0,-0.005180774073990091
2021-10-25,2.5137357111464844,4.1303020574014193e-17,1.6430932015194383e-17,20,0,0.004778040977416298
2021-10-26,2.5074541663414323,4.1303020574014193e-17,1.6472093938322494e-17,20,0,-0.0024988883187673228
2021-10-27,2.488759458370951,4.1303020574014193e-17,1.659582666178981e-17,20,0,-0.007455652917380484
2021-10-28,2.453950729749133,4.1303020574014193e-17,1.6831234658992764e-17,20,0,-0.01398637723092866
2021-10-29,2.4621801022423275,4.1303020574014193e-17,1.677497943241406e-17,20,0,0.0033535198540990407
2021-11-01,2.4735439528033125,4.1303020574014193e-17,1.669791253444465e-17,20,0,0.004615361220178693
2021-11-02,2.4680165637857856,4.1303020574014193e-17,1.6735309308725992e-17,20,0,-0.002234603113182021
2021-11-03,2.4803944773954667,4.1303020574014193e-17,1.665179508760411e-17,20,0,0.005015328418499054
2021-11-04,2.491764030779419,4.1303020574014193e-17,1.6575815391754687e-17,20,0,0.004583768222178319
2021-11-05,2.4883367073945815,4.1303020574014193e-17,1.659864617648976e-17,20,0,-0.001375460654581051
2021-11-08,2.5004518351478824,4.1303020574014193e-17,1.6518222824144676e-17,20,0,0.004868765435681821
2021-11-09,2.5053130238836236,4.1303020574014193e-17,1.6486171660093837e-17,20,0,0.0019441241248518981
2021-11-10,2.511951282472364,4.1303020574014193e-17,1.6442604146909286e-17,20,0,0.002649672326554331
2021-11-11,2.5355812806332354,5.551115123125783e-17,2.1892869952642373e-17,20,0,0.009407028840787701
2021-11-12,2.5447296715407366,5.551115123125783e-17,2.1814164330330593e-17,20,0,0.0036080053821885283
2021-11-15,2.5668787293607593,5.551115123125783e-17,2.1625934484673533e-17,20,0,0.008703894196593565
2021-11-16,2.5473344652435648,5.551115123125783e-17,2.1791858112338656e-17,20,0,-0.007614019273151196
2021-11-17,2.5557671782510094,5.551115123125783e-17,2.1719956224356018e-17,20,0,0.0033104066711704405
2021-11-18,2.55132546288058,5.551115123125783e-17,2.175776945705031e-17,20,0,-0.001737918621159018
2021-11-19,2.5635069744996,5.551115123125783e-17,2.1654378858124106e-17,20,0,0.004774581603268491
2021-11-22,2.5710606038714277,5.551115123125783e-17,2.1590759528449373e-17,20,0,0.00294659989107382
2021-11-23,2.5821037647185223,0.0,0.0,20,0,0.0042951771850365805
2021-11-24,2.5815303112461225,0.0,0.0,20,0,-0.00022208769462928046
2021-11-25,2.578780824480333,0.0,0.0,20,0,-0.0010650608105633452
2021-11-26,2.5790703579020735,0.0,0.0,20,0,0.0001122753120357256
2021-11-29,2.5729050339114603,0.0,0.0,20,0,-0.0023905218295898756
2021-11-30,2.5843055524262395,0.0,0.0,20,0,0.004430990792321454
2021-12-01,2.599924920241165,-6.938893903907228e-18,-2.668882416521315e-18,20,0,0.006043932305242139
2021-12-02,2.5970383251955877,-6.938893903907228e-18,-2.671848865913308e-18,20,0,-0.0011102609244999506
2021-12-03,2.606207423567139,-6.938893903907228e-18,-2.6624488293452494e-18,20,0,0.0035305980210595944
2021-12-06,2.572798018158054,-6.938893903907228e-18,-2.697022407097079e-18,20,0,-0.012819165929378484
2021-12-07,2.5321576264729213,-6.938893903907228e-18,-2.7403088304469076e-18,20,0,-0.015796184309185834
2021-12-08,2.5478610340152583,-6.938893903907228e-18,-2.7234192961348432e-18,20,0,0.006201591630063952
2021-12-09,2.569076029556861,-6.938893903907228e-18,-2.70092975999006e-18,20,0,0.008326590523726196
2021-12-10,2.577079604956547,-6.938893903907228e-18,-2.6925415460824413e-18,20,0,0.0031153517091770944
2021-12-13,2.592594071395426,-2.7755575615628914e-17,-1.0705715916680269e-17,20,0,0.006020173536370299
2021-12-14,2.591786582848368,-2.7755575615628914e-17,-1.0709051354500645e-17,20,0,-0.0003114596904957301
2021-12-15,2.5863820878153456,-2.7755575615628914e-17,-1.0731428951038466e-17,20,0,-0.002085239220230517
2021-12-16,2.610976781464404,-2.7755575615628914e-17,-1.0630341798773791e-17,20,1,0.009509304044799105
2021-12-17,2.605751329411382,-2.7755575615628914e-17,-1.0651659389884557e-17,20,1,-0.002001339916202216
2021-12-20,2.601464535282828,-2.7755575615628914e-17,-1.066921160722699e-17,20,1,-0.0016451278677932502
2021-12-21,2.6308480288081957,1.7780915628762273e-17,6.758625140661292e-18,21,1,0.011294981394844639
2021-12-22,2.6294092724450446,1.7780915628762273e-17,6.762323315391708e-18,21,1,-0.0005468793132087368
2021-12-23,2.6518972396972567,1.7780915628762273e-17,6.704979123094589e-18,21,0,0.008552478873439462
2021-12-24,2.6643540534120773,1.7780915628762273e-17,6.6736309335432835e-18,21,0,0.004697321422696854
2021-12-27,2.6529575446596776,1.7780915628762273e-17,6.702299350607669e-18,21,0,-0.004277400271861409
2021-12-28,2.6486038406961776,1.7780915628762273e-17,6.713316410539e-18,21,0,-0.0016410756260550885
2021-12-29,2.642934823324183,1.7780915628762273e-17,6.727716276558842e-18,21,0,-0.002140379502925005
2021-12-30,2.6484055259468544,1.7780915628762273e-17,6.713819109105379e-18,21,0,0.002069934746173896
2021-12-31,2.6740030253706912,-1.3877787807814457e-17,-5.189892336000858e-18,20,0,0.009665249212423843
2022-01-04,2.7280362165382104,-1.3877787807814457e-17,-5.087098083113031e-18,20,0,0.020206854911852146
2022-01-05,2.7289225631780964,-1.3877787807814457e-17,-5.0854458074663795e-18,20,0,0.0003249028126945941
2022-01-06,2.741213860571635,-1.3877787807814457e-17,-5.062643235329502e-18,20,0,0.004504084344270964
2022-01-07,2.7438359333189934,-1.3877787807814457e-17,-5.057805256973814e-18,20,0,0.0009565370966027054
2022-01-10,2.7661770574765927,-1.3877787807814457e-17,-5.016955718833949e-18,20,0,0.008142295931876209
2022-01-11,2.7797061196192567,5.551115123125783e-17,1.997015110318976e-17,20,0,0.00489088798784465
2022-01-12,2.7939781119235403,5.551115123125783e-17,1.986814105463434e-17,20,0,0.005134352946000842
2022-01-13,2.776637204896409,5.551115123125783e-17,1.999222337486789e-17,20,0,-0.006206529304265906
2022-01-14,2.7364482688977017,5.551115123125783e-17,2.0285839810017265e-17,20,0,-0.014473960057812763
2022-01-17,2.759321714377371,5.551115123125783e-17,2.011767998708468e-17,20,0,0.008358807926189371
2022-01-18,2.7584789471605955,5.551115123125783e-17,2.0123826316817646e-17,20,0,-0.00030542550090628673
2022-01-19,2.803758592720924,0.1352824368675283,0.04825038689805411,19,0,0.016414714930826912
2022-01-20,2.8104026672817017,0.1352824368675283,0.04813631813066032,19,0,0.002369702790399497
2022-01-21,2.8199700287625156,-2.220446049250313e-16,-7.874005846171029e-17,20,0,0.0034042671508234257
2022-01-24,2.819358959077478,-2.220446049250313e-16,-7.87571246329295e-17,20,0,-0.00021669368071464135
2022-01-25,2.75318797812326,-2.220446049250313e-16,-8.064999799846226e-17,20,0,-0.023470222101789284
2022-01-26,2.7596238197682306,-2.220446049250313e-16,-8.046191054535829e-17,20,0,0.0023375961598370854
2022-01-27,2.7319003411675897,-2.220446049250313e-16,-8.127844254748013e-17,20,0,-0.010046107879649102
2022-01-28,2.7389251292169288,-2.220446049250313e-16,-8.106997980938416e-17,20,0,0.0025713925004806626
2022-02-07,2.7689019976715157,-2.220446049250313e-16,-8.019229467556374e-17,20,0,0.010944756442888837
2022-02-08,2.79867197443708,-2.220446049250313e-16,-7.93392748250509e-17,20,0,0.01075154584402016
2022-02-09,2.813116813958225,-2.220446049250313e-16,-7.893188218252521e-17,20,0,0.0051613192446573475
2022-02-10,2.8218992994494405,-2.220446049250313e-16,-7.868622560994744e-17,20,0,0.003121976822163308
2022-02-11,2.805392301511478,5.551115123125783e-17,1.978730432864942e-17,20,0,-0.005849605597614049
2022-02-14,2.7529634661266615,5.551115123125783e-17,2.0164143808766332e-17,20,0,-0.018688593162734857
2022-02-15,2.693068299892814,5.551115123125783e-17,2.0612604304713405e-17,20,0,-0.02175661499719006
2022-02-16,2.722145262848269,5.551115123125783e-17,2.039242798276485e-17,20,0,0.010796964546577748
2022-02-17,2.707004922539473,5.551115123125783e-17,2.0506483297851625e-17,20,0,-0.005561914904186449
2022-02-18,2.7409957901032183,5.551115123125783e-17,2.0252184053579823e-17,20,0,0.012556633082092095
2022-02-21,2.764321487293727,0.1356100929798396,0.04905727991594856,19,0,0.008509935431031845
2022-02-22,2.762462454837919,0.0,0.0,20,0,-0.0006725094980279955
2022-02-23,2.765489573957711,0.0,0.0,20,0,0.0010958046197118154
2022-02-24,2.762381174008335,0.0,0.0,20,0,-0.0011239962640421375
2022-02-25,2.7853826084249973,0.0,0.0,20,0,0.008326669263853503
2022-02-28,2.757607227949037,0.0,0.0,20,0,-0.009971836684822932
2022-03-01,2.779641283635211,-1.9081958235744878e-17,-6.864899563870889e-18,20,0,0.00799028065449403
2022-03-02,2.780896713783424,-1.9081958235744878e-17,-6.861800418967656e-18,20,0,0.0004516518572392769
2022-03-03,2.7827865411333343,-1.9081958235744878e-17,-6.857140479044233e-18,20,0,0.000679574807846528
2022-03-04,2.7385687049572054,-1.9081958235744878e-17,-6.967858137429152e-18,20,0,-0.015889769309478052
2022-03-07,2.694480135198601,-1.9081958235744878e-17,-7.081870074480401e-18,20,0,-0.016099128599110002
2022-03-08,2.628890077346119,-1.9081958235744878e-17,-7.258560713580019e-18,20,0,-0.02434237944294504
2022-03-09,2.606505405958833,-1.9081958235744878e-17,-7.32089724123375e-18,20,0,-0.008514875376563258
2022-03-10,2.65050180772032,-1.9081958235744878e-17,-7.199375673000257e-18,20,0,0.016879459241061046
2022-03-11,2.647532191883606,0.0,0.0,20,0,-0.0011203975896429963
2022-03-14,2.6293953278739925,0.0,0.0,20,0,-0.006850479123621023
2022-03-15,2.5674657983691547,0.0,0.0,20,0,-0.02355276471678802
2022-03-16,2.6146445746861398,0.0,0.0,20,0,0.018375620172604856
2022-03-17,2.646502256890629,0.0,0.0,20,0,0.01218432612712328
2022-03-18,2.7016839139866646,0.0,0.0,20,0,0.020850787847378704
2022-03-21,2.7086064366681257,0.0,0.0,20,0,0.0025622992555209834
2022-03-22,2.7192658775600784,1.6783449630075609e-16,6.17205171755214e-17,20,0,0.003935396721963302
2022-03-23,2.7028012633043845,1.6783449630075609e-16,6.209649913200254e-17,20,0,-0.006054801184232517
2022-03-24,2.6588566776585165,1.6783449630075609e-16,6.31228067729311e-17,20,0,-0.01625890376865602
2022-03-25,2.636061779065848,1.6783449630075609e-16,6.366865057321694e-17,20,0,-0.00857319568377124
2022-03-28,2.6379514525237346,1.6783449630075609e-16,6.36230420920705e-17,20,0,0.0007168547690701299
2022-03-29,2.6219530630631303,1.6783449630075609e-16,6.401125125584105e-17,20,0,-0.006064702004010991
2022-03-30,2.6629200606411714,1.6783449630075609e-16,6.302648689361907e-17,20,0,0.01562461134608606
2022-03-31,2.682910039331814,-8.586881206085195e-17,-3.200584842652339e-17,20,0,0.007506788876654902
2022-04-01,2.713885010083822,-8.586881206085195e-17,-3.164054915436516e-17,20,0,0.011545288622395455
2022-04-06,2.7364720792735495,-8.586881206085195e-17,-3.137938541790184e-17,20,0,0.00832278048104551
2022-04-07,2.6979273108927164,-8.586881206085195e-17,-3.1827696659640116e-17,20,0,-0.014085569764360817
2022-04-08,2.702325508235735,-8.586881206085195e-17,-3.177589516849621e-17,20,0,0.0016302134328307627
2022-04-11,2.6779568994916754,-8.586881206085195e-17,-3.2065046333326503e-17,20,1,-0.00901764375527403
2022-04-12,2.705284871465896,1.8041124150158794e-16,6.668844505230593e-17,21,1,0.010204784094698605
2022-04-13,2.667482523635298,1.8041124150158794e-16,6.763352333259899e-17,21,1,-0.013973518363747939
2022-04-14,2.6693774169025852,1.8041124150158794e-16,6.758551277133688e-17,21,1,0.000710367640836429
2022-04-15,2.650583591464581,1.8041124150158794e-16,6.806472434317819e-17,21,1,-0.007040527622284132
2022-04-18,2.6608331769168543,1.8041124150158794e-16,6.780253759111386e-17,21,1,0.003866916510491869
2022-04-19,2.674783376302272,1.8041124150158794e-16,6.744891683564883e-17,21,1,0.005242793688247094
2022-04-20,2.646048762954871,1.8041124150158794e-16,6.818137444304722e-17,21,1,-0.010742781491010045
2022-04-21,2.613763862071501,5.551115123125783e-17,2.1238013133773783e-17,21,1,-0.012201173816357436
2022-04-22,2.600707269772407,5.551115123125783e-17,2.1344636467339024e-17,21,1,-0.004995322067367636
2022-04-25,2.527134042874399,5.551115123125783e-17,2.1966049402001105e-17,21,0,-0.02828969940336523
2022-04-26,2.5210161016469597,5.551115123125783e-17,2.201935608225304e-17,21,0,-0.0024209009588113117
2022-04-27,2.552663631411537,5.551115123125783e-17,2.174636350366383e-17,21,0,0.012553481805968048
2022-04-28,2.5613722952901603,5.551115123125783e-17,2.167242588409794e-17,21,0,0.003411598681259731
2022-04-29,2.6028390665043086,5.551115123125783e-17,2.1327154623436237e-17,21,0,0.01618927919631097
2022-05-05,2.626598155661645,5.551115123125783e-17,2.1134238258563943e-17,21,0,0.009128143750064988
2022-05-06,2.604099296986418,5.551115123125783e-17,2.1316833538374615e-17,21,0,-0.008565778753301334
2022-05-09,2.6269644956731195,5.551115123125783e-17,2.1131291010095642e-17,21,0,0.008780463445907216
2022-05-10,2.632531927967105,5.551115123125783e-17,2.1086601321536363e-17,21,0,0.0021193405176034297
2022-05-11,2.637822086945684,-1.6653345369377348e-16,-6.313293626508428e-17,20,0,0.0020095326945053227
2022-05-12,2.640721798986583,-1.6653345369377348e-16,-6.306361153139388e-17,20,0,0.00109928264504644
2022-05-13,2.6565398764204957,-1.6653345369377348e-16,-6.268810612328012e-17,20,0,0.00599005826360921
2022-05-16,2.653939657214076,-1.6653345369377348e-16,-6.274952531083126e-17,20,0,-0.0009787992378731403
2022-05-17,2.656977917921116,-1.6653345369377348e-16,-6.267777107612295e-17,20,0,0.0011448115253041014
2022-05-18,2.65274565334845,-1.6653345369377348e-16,-6.277776894425037e-17,20,0,-0.001592886619086964
2022-05-19,2.6514127554746363,-1.6653345369377348e-16,-6.280932810250507e-17,20,0,-0.0005024597334204461
2022-05-20,2.6687178486694356,-1.6653345369377348e-16,-6.240204590260579e-17,20,0,0.0065267443400005565
2022-05-23,2.6707611375603704,-2.7755575615628914e-16,-1.0392384113010751e-16,20,0,0.000765644405591015
2022-05-24,2.6117639279886404,-2.7755575615628914e-16,-1.0627137972995864e-16,20,0,-0.02209003596091763
2022-05-25,2.635550236517996,0.11612918020263112,0.044062594062353085,19,0,0.009107373095421423
2022-05-26,2.642550353750997,0.11612918020263112,0.04394587222823977,19,0,0.0026560363509704477
2022-05-27,2.643284257729505,0.11612918020263112,0.04393367072158267,19,0,0.0002777256363217795
2022-05-30,2.6418648603005543,0.11612918020263112,0.043957275009676146,19,0,-0.0005369825151418928
2022-05-31,2.6510021717448042,-5.551115123125783e-17,-2.0939685309545475e-17,20,0,0.003458659669370867
2022-06-01,2.6433563732765784,-5.551115123125783e-17,-2.100025247918004e-17,20,0,-0.0028841162597741388
2022-06-02,2.6374347892030103,-5.551115123125783e-17,-2.104740236934252e-17,20,0,-0.0022401762143891
2022-06-06,2.6587538675965616,-5.551115123125783e-17,-2.0878634877713724e-17,20,0,0.00808326275243898
2022-06-07,2.674096914794613,-5.551115123125783e-17,-2.075884046091928e-17,20,0,0.005770766292075402
2022-06-08,2.6840800964262357,0.14016503463178215,0.05222088372787655,19,0,0.0037332908827611977
2022-06-09,2.680595958976773,0.14016503463178215,0.052288758461489816,19,0,-0.0012980750664265406
2022-06-10,2.68636436101824,0.26366574127601916,0.09814965724756684,18,0,0.0021519102952274327
2022-06-13,2.6631349490229956,5.551115123125783e-17,2.0844287763796117e-17,20,0,-0.00864715610894995
2022-06-14,2.6795038985475346,5.551115123125783e-17,2.07169510973089e-17,20,0,0.006146496455444073
2022-06-15,2.6998481247983874,5.551115123125783e-17,2.0560842190115103e-17,20,0,0.007592534671019058
2022-06-16,2.688509587268997,5.551115123125783e-17,2.0647555617477404e-17,20,0,-0.004199694577352364
2022-06-17,2.693003526599623,5.551115123125783e-17,2.061310008804561e-17,20,0,0.001671535542185465
2022-06-20,2.6739329950821515,5.551115123125783e-17,2.076011303699566e-17,20,0,-0.0070815100422654265
2022-06-21,2.665737128667696,-5.551115123125783e-17,-2.0823940453199016e-17,20,0,-0.0030650979024265945
2022-06-22,2.654470731753049,-5.551115123125783e-17,-2.091232371381149e-17,20,0,-0.004226372058027228
2022-06-23,2.659790699595404,-5.551115123125783e-17,-2.0870496028015266e-17,20,0,0.0020041538897817013
2022-06-24,2.674129185214862,-5.551115123125783e-17,-2.075858995076844e-17,20,0,0.00539083230181947
2022-06-27,2.6924554767467788,-5.551115123125783e-17,-2.0617295888706934e-17,20,0,0.006853181077878467
2022-06-28,2.7069040012444003,-5.551115123125783e-17,-2.0507247839501734e-17,20,0,0.005366300249866729
2022-06-29,2.6942628465894605,-5.551115123125783e-17,-2.0603465360303193e-17,20,0,-0.004669967848556333
2022-06-30,2.6990483774020344,-5.551115123125783e-17,-2.0566934515153085e-17,20,0,0.0017761930015967042
2022-07-01,2.712684675243387,1.1140177322288558e-16,4.106698218173493e-17,20,0,0.005052261365718014
2022-07-04,2.7221515252970723,1.1140177322288558e-16,4.092416318034616e-17,20,0,0.0034898453698219978
2022-07-05,2.7300018198653384,1.1140177322288558e-16,4.080648313574408e-17,20,0,0.0028838565727562493
2022-07-06,2.7044778010030286,1.1140177322288558e-16,4.11916020096631e-17,20,0,-0.009349451226215222
2022-07-07,2.710918362964812,1.1140177322288558e-16,4.1093739577259115e-17,20,0,0.0023814438260112425
2022-07-08,2.7346314977208603,1.1140177322288558e-16,4.0737398554698067e-17,20,0,0.008747269958404136
2022-07-11,2.719374707557219,0.15342503306507183,0.056419232200218425,19,0,-0.005579102769918576
2022-07-12,2.7153427346480203,-1.1102230246251565e-16,-4.088703096145506e-17,20,0,-0.0014826838309535129
2022-07-13,2.70346143116864,-1.1102230246251565e-16,-4.106672326911039e-17,20,0,-0.004375618343781862
2022-07-14,2.7124860766873473,-1.1102230246251565e-16,-4.093009118708651e-17,20,0,0.003338181715729638
2022-07-15,2.7000512358892537,-1.1102230246251565e-16,-4.111859100553357e-17,20,0,-0.004584296636567342
2022-07-18,2.724542420582356,-1.1102230246251565e-16,-4.074897187278341e-17,20,0,0.009070637018869787
2022-07-19,2.7343749285319277,-1.1102230246251565e-16,-4.060244310465609e-17,20,0,0.003608865795332372
2022-07-20,2.7459977805239704,-1.1102230246251565e-16,-4.043058710751442e-17,20,0,0.004250643125331299
2022-07-21,2.733658773180086,1.6653345369377348e-16,6.091962000803921e-17,20,0,-0.004493451317185704
2022-07-22,2.727419409733548,1.6653345369377348e-16,6.105898238439346e-17,20,0,-0.002282422191003719
2022-07-25,2.7241036695522927,1.6653345369377348e-16,6.113330250795606e-17,20,0,-0.0012157060147852672
2022-07-26,2.7454248669019448,1.6653345369377348e-16,6.065853620743844e-17,20,0,0.007826867085846345
2022-07-27,2.753970056864691,1.6653345369377348e-16,6.047032112010929e-17,20,0,0.0031125200568278277
2022-07-28,2.760369249465152,1.6653345369377348e-16,6.033013653011855e-17,20,0,0.0023236246104092473
2022-07-29,2.754775785731683,1.6653345369377348e-16,6.045263449618327e-17,20,0,-0.0020263461979055375
2022-08-01,2.754109420441891,1.6653345369377348e-16,6.046726119801498e-17,20,0,-0.00024189456479284388
2022-08-02,2.7271509473931626,1.6653345369377348e-16,6.106499306646741e-17,20,0,-0.009788453882272896
2022-08-03,2.711804883150338,1.6653345369377348e-16,6.14105589707138e-17,20,0,-0.005627141488993681
2022-08-04,2.7127550814778494,1.6653345369377348e-16,6.138904865788684e-17,20,0,0.0003503933241713053
2022-08-05,2.723612195309008,1.6653345369377348e-16,6.114433397698874e-17,20,0,0.0040022462423126015
2022-08-08,2.730331453335781,1.6653345369377348e-16,6.099385973461622e-17,20,0,0.0024670391909484835
2022-08-09,2.735946712304896,1.6653345369377348e-16,6.086867589371925e-17,20,0,0.0020566217197750536
2022-08-10,2.7300479717536223,1.6653345369377348e-16,6.100019318957322e-17,20,0,-0.0021560144153189853
2022-08-11,2.757095421731414,-6.179952383167375e-17,-2.24147207037414e-17,20,0,0.0099073167422834
2022-08-12,2.7694691863122607,-6.179952383167375e-17,-2.2314573542507646e-17,20,0,0.004487971102964616
2022-08-15,2.7740266294781954,-6.179952383167375e-17,-2.2277912971332387e-17,20,0,0.0016456016873049872
2022-08-16,2.7816060628178887,-6.179952383167375e-17,-2.2217209207930807e-17,20,0,0.0027322857175018367
2022-08-17,2.7929882790943013,-6.179952383167375e-17,-2.2126667803888475e-17,20,0,0.004091958393591444
2022-08-18,2.77649071459059,-6.179952383167375e-17,-2.2258141727942518e-17,20,0,-0.005906778996244477
2022-08-19,2.7640102910115902,-6.179952383167375e-17,-2.235864462322822e-17,20,0,-0.00449503523041328
2022-08-22,2.79090923103914,-6.179952383167375e-17,-2.214315074971604e-17,20,0,0.009731852343322966
2022-08-23,2.7914043415214747,-5.551115123125783e-17,-1.9886460161124878e-17,20,0,0.00017740114111508554
2022-08-24,2.759654542403724,-5.551115123125783e-17,-2.0115253695089788e-17,20,0,-0.01137413116597974
2022-08-25,2.7617856038778577,-5.551115123125783e-17,-2.009973227223501e-17,20,0,0.0007722203780902159
2022-08-26,2.7635947212805942,-5.551115123125783e-17,-2.008657449075423e-17,20,0,0.0006550535277598524
2022-08-29,2.764353164901511,-5.551115123125783e-17,-2.00810634241937e-17,20,0,0.0002744409717807539
2022-08-30,2.763975841510536,-5.551115123125783e-17,-2.008380478496531e-17,20,0,-0.0001364960873182497
2022-08-31,2.738339138952365,1.3877787807814457e-16,5.0679580225858464e-17,20,0,-0.009275299072136756
2022-09-01,2.7156371270534123,1.3877787807814457e-16,5.110324818276615e-17,20,0,-0.008290431077736415
2022-09-02,2.7233736584388506,0.11781049846674164,0.04325902841194236,19,0,0.0028488826096706443
2022-09-05,2.7435672407911733,0.11781049846674164,0.04294062733916015,19,0,0.007414914325013511
2022-09-06,2.76300456665604,0.11781049846674164,0.04263854641736016,19,0,0.00708469090018049
2022-09-07,2.768713838824105,0.11781049846674164,0.04255062289744494,19,0,0.002066327445478855
2022-09-08,2.762799752998296,0.11781049846674164,0.04264170732565369,19,0,-0.002136040837040998
2022-09-09,2.7880557874873215,0.11781049846674164,0.04225543082583579,19,0,0.009141464002816901
2022-09-13,2.788370892840308,0.11781049846674164,0.042250655667523764,19,0,0.00011301974458355346
2022-09-14,2.7875490997409207,0.0,0.0,20,0,-0.0002947215886872634
2022-09-15,2.7809261035654465,0.0,0.0,20,0,-0.0023759209034524
2022-09-16,2.7439565373635255,0.0,0.0,20,0,-0.013293976475866054
2022-09-19,2.7363345859306456,0.0,0.0,20,0,-0.002777723090396811
2022-09-20,2.748503406298651,0.0,0.0,20,0,0.004447124423516691
2022-09-21,2.7678372900396138,-1.1102230246251565e-16,-4.011157117582106e-17,20,0,0.007034331373450664
2022-09-22,2.7642203369984433,-1.1102230246251565e-16,-4.0164056741970995e-17,20,0,-0.0013067795040505592
2022-09-23,2.7486392841305674,-1.1102230246251565e-16,-4.039173241229198e-17,20,0,-0.005636689904682024
2022-09-26,2.715045429312688,-1.1102230246251565e-16,-4.089150820972483e-17,20,0,-0.012221994720018503
2022-09-27,2.730173338393729,-1.1102230246251565e-16,-4.066492808395621e-17,20,0,0.0055718806461630965
2022-09-28,2.710994783217531,-1.1102230246251565e-16,-4.0952606456420165e-17,20,0,-0.007024665762607407
2022-09-29,2.7009475273523873,-1.1102230246251565e-16,-4.1104946074737566e-17,20,0,-0.003706114053535492
2022-09-30,2.7027505291900695,-1.1102230246251565e-16,-4.107752501145031e-17,20,0,0.0006675441930741322
2022-10-10,2.693731359757578,-2.7755575615628914e-17,-1.0303765264152685e-17,20,0,-0.003337033638540876
2022-10-11,2.711017563811388,-5.551115123125783e-17,-2.0476131166489144e-17,20,0,0.006417196722751761
2022-10-12,2.7437452006811616,-5.551115123125783e-17,-2.023189005213627e-17,20,0,0.012072085886364547
2022-10-13,2.743088082146931,-5.551115123125783e-17,-2.0236736688313323e-17,20,0,-0.00023949692342706275
2022-10-14,2.762559820177157,-5.551115123125783e-17,-2.0094099257440884e-17,20,0,0.007098473489406176
2022-10-17,2.769432244216756,-5.551115123125783e-17,-2.0044235184730926e-17,20,0,0.0024877014388626773
2022-10-18,2.7693341656673507,-5.551115123125783e-17,-2.0044945069993322e-17,20,0,-3.5414677362122227e-05
2022-10-19,2.752820410622311,-5.551115123125783e-17,-2.016519167652815e-17,20,0,-0.005963077785905324
2022-10-20,2.7396993432205465,-5.551115123125783e-17,-2.0261767543442873e-17,20,0,-0.004766408789739551
2022-10-21,2.738938511944355,-3.86843335142828e-16,-1.4123841534077023e-16,20,0,-0.00027770612059097033
2022-10-24,2.694271057071673,-3.86843335142828e-16,-1.4357996168480432e-16,20,0,-0.016308308740006328
2022-10-25,2.68377957703459,-3.86843335142828e-16,-1.4414124708790947e-16,20,0,-0.0038939957468443476
2022-10-26,2.6862871733943394,-3.86843335142828e-16,-1.4400669406242982e-16,20,0,0.0009343525754526016
2022-10-27,2.6931499054877044,-3.86843335142828e-16,-1.436397336645003e-16,20,0,0.0025547276409370046
2022-10-28,2.6596972481609003,-3.86843335142828e-16,-1.4544637943672663e-16,20,0,-0.012421387037772846
2022-10-31,2.6249682999888355,-3.86843335142828e-16,-1.473706692551195e-16,20,0,-0.013057481710024965
2022-11-01,2.650417487804669,5.0308067621146405e-17,1.8981186116009363e-17,20,0,0.009695045771006772
2022-11-02,2.6661685453333894,5.0308067621146405e-17,1.886905001156094e-17,20,0,0.005942859040583448
2022-11-03,2.668661327012594,5.0308067621146405e-17,1.8851424537059283e-17,20,0,0.0009349677774752596
2022-11-04,2.713279569707647,5.0308067621146405e-17,1.8541424253810693e-17,20,0,0.016719334987703505
2022-11-07,2.703673315070715,5.0308067621146405e-17,1.8607302642934355e-17,20,0,-0.0035404588396199532
2022-11-08,2.6997262442910834,5.0308067621146405e-17,1.8634507008823303e-17,20,0,-0.0014598919024831902
2022-11-09,2.698015693166458,5.0308067621146405e-17,1.8646321349637377e-17,20,0,-0.0006336016950766465
2022-11-10,2.6893798228104018,5.0308067621146405e-17,1.870619657158522e-17,20,0,-0.003200822878061449
2022-11-11,2.7335394425849566,-1.1102230246251565e-16,-4.061485293862379e-17,20,0,0.016420001146735697
2022-11-14,2.7299096349073304,-1.1102230246251565e-16,-4.066885622984529e-17,20,0,-0.001327878288887474
2022-11-15,2.7360864542211325,-1.1102230246251565e-16,-4.057704473893161e-17,20,0,0.002262646072536345
2022-11-16,2.711975247076447,-1.1102230246251565e-16,-4.0937800808543325e-17,20,0,-0.008812297253066537
2022-11-17,2.6855110756351044,-1.1102230246251565e-16,-4.1341219356639465e-17,20,0,-0.009758264375706038
2022-11-18,2.672907171227952,-1.1102230246251565e-16,-4.1536160947748604e-17,20,0,-0.004693298240883825
2022-11-21,2.666599904654474,-1.1102230246251565e-16,-4.163440577220804e-17,20,0,-0.0023597028139890064
2022-11-22,2.6754560273634955,-5.551115123125783e-17,-2.0748295118107697e-17,20,0,0.00332112916285765
2022-11-23,2.6822822552663466,-5.551115123125783e-17,-2.069549210276741e-17,20,0,0.0025514259374981307
2022-11-24,2.687643694971892,-5.551115123125783e-17,-2.065420774900684e-17,20,0,0.001998835020072587
2022-11-25,2.711915618035993,-5.551115123125783e-17,-2.0469350470225832e-17,20,0,0.00903093036830338
2022-11-28,2.700769395868909,-5.551115123125783e-17,-2.0553828592758627e-17,20,0,-0.004110091808518845
2022-11-29,2.7406678249339986,-5.551115123125783e-17,-2.0254607554490723e-17,20,0,0.014772986218711592
2022-11-30,2.7498314984955585,-5.551115123125783e-17,-2.018711010533851e-17,20,0,0.003343591470002627
2022-12-01,2.756286893955249,-6.331740687315346e-17,-2.2971994320334884e-17,20,0,0.0023475603735074735
2022-12-02,2.7579797407250566,-6.331740687315346e-17,-2.295789412017497e-17,20,0,0.0006141765479927841
2022-12-05,2.7724701859292153,-6.331740687315346e-17,-2.283790361191283e-17,20,0,0.005254007123471238
2022-12-06,2.7643864844856294,-6.331740687315346e-17,-2.290468689110776e-17,20,0,-0.0029157036510661927
2022-12-07,2.7513088732031736,-6.331740687315346e-17,-2.301355819764323e-17,20,0,-0.004730746353974191
2022-12-08,2.7406494018805883,-6.331740687315346e-17,-2.310306704305414e-17,20,0,-0.0038743273888312
2022-12-09,2.73846005288412,-6.331740687315346e-17,-2.312153752488307e-17,20,0,-0.0007988431482573999
2022-12-12,2.7259964187708365,-6.331740687315346e-17,-2.3227252404720162e-17,20,0,-0.004551329532872628
2022-12-13,2.7148753292303853,2.7755575615628914e-16,1.0223517565168299e-16,20,0,-0.004079642021490915
2022-12-14,2.705008857411077,2.7755575615628914e-16,1.0260807664117356e-16,20,0,-0.0036342264829174464
2022-12-15,2.6952458163581574,2.7755575615628914e-16,1.0297975586186984e-16,20,0,-0.0036092455025318326
2022-12-16,2.666817844117082,2.7755575615628914e-16,1.0407750824398022e-16,20,0,-0.010547450651268497
2022-12-19,2.629865850946047,0.11908862700434417,0.04528315653876572,19,0,-0.013856211909092253
2022-12-20,2.616601966111472,0.11908862700434417,0.04551270256107068,19,0,-0.0050435594765427805
2022-12-21,2.6167870567082767,0.13051908349965125,0.049877609706551564,19,0,7.07370089918502e-05
2022-12-22,2.6066219473253436,0.13051908349965125,0.05007211867972529,19,0,-0.00388457645297291
2022-12-23,2.5913207313140743,0.13051908349965125,0.050367784243158596,19,0,-0.005870132424446894
2022-12-26,2.6029240644201472,0.13051908349965125,0.05014325438215461,19,0,0.004477768022250528
2022-12-27,2.633770712929586,0.13051908349965125,0.0495559779972163,19,0,0.011850767731217182
2022-12-28,2.6274001734211083,0.13051908349965125,0.0496761341572509,19,0,-0.002418790472991428
2022-12-29,2.6137769306766656,0.13051908349965125,0.049935050680037146,19,0,-0.005185065785659915
2022-12-30,2.6143539267789886,0.13051908349965125,0.04992402985790723,19,0,0.00022075185359193839
2023-01-03,2.633251868830772,-2.4123498337802474e-16,-9.161105560522738e-17,20,0,0.007228532395025189
2023-01-04,2.6635632401209213,-2.4123498337802474e-16,-9.056852104892132e-17,20,0,0.011511003428475108
2023-01-05,2.683973789521521,-2.4123498337802474e-16,-8.987978359543903e-17,20,0,0.007662873962652084
2023-01-06,2.685228099289261,-2.4123498337802474e-16,-8.983779941893054e-17,20,0,0.00046733309119373345
2023-01-09,2.6958084344442,-2.4123498337802474e-16,-8.948520981527406e-17,20,0,0.0039401997758550245
2023-01-10,2.6729857674963293,-2.4123498337802474e-16,-9.024925845526635e-17,20,0,-0.008465982469773037
2023-01-11,2.6766341744907938,-5.551115123125783e-17,-2.073916254985362e-17,20,0,0.001364918226961498
2023-01-12,2.6772282208095386,-5.551115123125783e-17,-2.0734560766908544e-17,20,0,0.000221937806968997
2023-01-13,2.690369062543149,-5.551115123125783e-17,-2.0633284854526357e-17,20,0,0.004908375622021843
2023-01-16,2.713681086738972,-5.551115123125783e-17,-2.0456033504646463e-17,20,0,0.008664991179234915
2023-01-17,2.7253034094329114,-5.551115123125783e-17,-2.0368796750894146e-17,20,0,0.004282862400720067
2023-01-18,2.7418399002997846,-5.551115123125783e-17,-2.0245949161797668e-17,20,0,0.006067761413146355
2023-01-19,2.7517008222071686,-5.551115123125783e-17,-2.0173396316657614e-17,20,0,0.0035964615973040903
2023-01-20,2.767044696203375,-5.551115123125783e-17,-2.0061530378393938e-17,20,0,0.005576141807414503
2023-01-30,2.758995084466819,2.220446049250313e-16,8.048024665761297e-17,20,0,-0.0029091007267069147
2023-01-31,2.754326059468661,1.1102230246251565e-16,4.030833680015831e-17,20,0,-0.0016922918871601356
2023-02-01,2.7690392484238453,1.1102230246251565e-16,4.009415992413623e-17,20,0,0.005341847202368966
2023-02-02,2.7674475751895566,1.1102230246251565e-16,4.0117219729053464e-17,20,0,-0.0005748106442314826
2023-02-03,2.755493759134023,1.1102230246251565e-16,4.029125527666118e-17,20,0,-0.004319437218142985
2023-02-06,2.739116242472581,1.1102230246251565e-16,4.053216170274563e-17,20,0,-0.0059435869187340895
2023-02-07,2.745438818007465,1.1102230246251565e-16,4.043881864506142e-17,20,0,0.0023082538217424897
2023-02-08,2.736113371284439,1.1102230246251565e-16,4.0576645554126805e-17,20,0,-0.0033967053506563927
2023-02-09,2.74931642521765,1.1102230246251565e-16,4.038178415702971e-17,20,0,0.004825477654462951
2023-02-10,2.7477029580857453,1.1102230246251565e-16,4.040549657516912e-17,20,0,-0.0005868611983347316
2023-02-13,2.7518165062960644,-8.326672684688674e-17,-3.025882236565383e-17,20,0,0.0014970862109435767
2023-02-14,2.757111255724964,-8.326672684688674e-17,-3.02007134002985e-17,20,0,0.0019240924737478071
2023-02-15,2.741474545901068,-8.326672684688674e-17,-3.037297098796102e-17,20,0,-0.00567141053572906
2023-02-16,2.721335357898723,-8.326672684688674e-17,-3.059774555355834e-17,20,0,-0.007346115262115593
2023-02-17,2.7097463142396268,-8.326672684688674e-17,-3.072860599876928e-17,20,0,-0.004258587103371458
2023-02-20,2.737602448204673,-8.326672684688674e-17,-3.0415930881963264e-17,20,0,0.010279978542147239
2023-02-21,2.7380299100429206,-1.3877739063124542e-16,-5.068512587178786e-17,20,0,0.0001561445996398625
2023-02-22,2.7350677564904142,-1.3877739063124542e-16,-5.074001925616712e-17,20,0,-0.0010818558050229576
2023-02-23,2.7319494478137583,-1.3877739063124542e-16,-5.07979350578035e-17,20,0,-0.0011401211795415422
2023-02-24,2.7291219338880683,-1.3877739063124542e-16,-5.0850564391432287e-17,20,0,-0.0010349803243806521
2023-02-27,2.72438910504793,-1.3877739063124542e-16,-5.0938902366812955e-17,20,0,-0.0017341947171249927
2023-02-28,2.734341870772616,-1.3877739063124542e-16,-5.075348920873324e-17,20,0,0.003653210074231028
2023-03-01,2.7542515808797,-1.1102230246251565e-16,-4.030942679065485e-17,20,0,0.007281353630246068
2023-03-02,2.7658755554575163,-1.1102230246251565e-16,-4.014002084925724e-17,20,0,0.004220375022569112
2023-03-03,2.772138680115418,-1.1102230246251565e-16,-4.004933204059374e-17,20,0,0.0022644274958587562
2023-03-06,2.7685325034766604,-1.1102230246251565e-16,-4.010149865428575e-17,20,0,-0.0013008644425421823
2023-03-07,2.7553467148324797,-1.1102230246251565e-16,-4.0293405495890785e-17,20,0,-0.0047627357192383535
2023-03-08,2.743388167844729,-1.1102230246251565e-16,-4.046904618304066e-17,20,0,-0.004340124211365426
2023-03-09,2.7411455796804938,-1.1102230246251565e-16,-4.050215475073613e-17,20,0,-0.000817452007164321
2023-03-10,2.7233097698506366,-1.1102230246251565e-16,-4.0767416065416906e-17,20,0,-0.006506699228990276
2023-03-13,2.7293555664019102,-1.3877787807814457e-16,-5.084639018326749e-17,20,0,0.0022200179422133814
2023-03-14,2.716047827951461,-1.3877787807814457e-16,-5.1095520723144163e-17,20,0,-0.004875780427536225
2023-03-15,2.7304675469879034,-1.3877787807814457e-16,-5.082568303411496e-17,20,0,0.0053090814116179
2023-03-16,2.718674296204051,-1.3877787807814457e-16,-5.1046158148445063e-17,20,0,-0.004319132376014445
2023-03-17,2.728318523840444,-1.3877787807814457e-16,-5.0865717058137925e-17,20,0,0.003547400896774855
2023-03-20,2.72346586608275,-1.3877787807814457e-16,-5.0956349336499426e-17,20,0,-0.0017786258148713152
2023-03-21,2.731626032795077,-6.310056643865636e-17,-2.310000186009725e-17,20,0,0.0029962434315595754
2023-03-22,2.7466548038932697,-6.310056643865636e-17,-2.2973606420877467e-17,20,0,0.005501767415364123
2023-03-23,2.7458730332164274,-6.310056643865636e-17,-2.2980147179180526e-17,20,0,-0.0002846264757165873
2023-03-24,2.7387209897100373,-6.310056643865636e-17,-2.3040158773288237e-17,20,0,-0.0026046519339651963
2023-03-27,2.726434739361524,-6.310056643865636e-17,-2.3143985633572597e-17,20,0,-0.00448612706247753
2023-03-28,2.7180055327443906,-6.310056643865636e-17,-2.321576085054663e-17,20,0,-0.0030916590430134505
2023-03-29,2.7087343013219174,-6.310056643865636e-17,-2.3295221833999002e-17,20,0,-0.0034110421449775608
2023-03-30,2.7148610227301515,-6.310056643865636e-17,-2.324265069568843e-17,20,0,0.0022618391937681004
2023-03-31,2.7214132078435456,-1.6653345369377348e-16,-6.119374052194558e-17,20,0,0.002413451391631405
2023-04-03,2.7319465845686253,-1.6653345369377348e-16,-6.095780006623707e-17,20,0,0.0038705539808217004
2023-04-04,2.7357158440816214,-1.6653345369377348e-16,-6.087381262715854e-17,20,0,0.0013796973682747016
2023-04-06,2.7315713086710325,-1.6653345369377348e-16,-6.096617473068845e-17,20,0,-0.001514972916341062
2023-04-07,2.737672445006224,-1.6653345369377348e-16,-6.08303064150521e-17,20,0,0.0022335629005270086
2023-04-10,2.734476003325737,-1.6653345369377348e-16,-6.090141346686948e-17,20,0,-0.0011675763790945926
2023-04-11,2.728013723740501,-9.73613550891983e-17,-3.5689466750813046e-17,20,0,-0.0023632606676292633
2023-04-12,2.7299351595655432,-9.73613550891983e-17,-3.566434709925232e-17,20,0,0.0007043351022471
2023-04-13,2.72920420503599,-9.73613550891983e-17,-3.567389897375392e-17,20,0,-0.00026775527139966115
2023-04-14,2.7346859355823816,-9.73613550891983e-17,-3.5602389957245356e-17,20,0,0.0020085453980600576
2023-04-17,2.758736179832105,-9.73613550891983e-17,-3.5292013713005225e-17,20,0,0.0087945178408948
2023-04-18,2.761350341209966,-9.73613550891983e-17,-3.525860287852377e-17,20,0,0.0009475938282796914
2023-04-19,2.7536276105309088,-9.73613550891983e-17,-3.535748796128126e-17,20,0,-0.0027967225178943123
2023-04-20,2.7415751715024745,-9.73613550891983e-17,-3.551292559884143e-17,20,0,-0.004376931354966529
2023-04-21,2.724375258958245,-5.551115123125783e-17,-2.0375736069664778e-17,20,0,-0.006273733699887374
2023-04-24,2.723430218281293,-5.551115123125783e-17,-2.0382806527824273e-17,20,0,-0.0003468834456061831
2023-04-25,2.7251684869770814,-5.551115123125783e-17,-2.036980520526791e-17,20,0,0.0006382644519842273
2023-04-26,2.744930498488142,-5.551115123125783e-17,-2.0223153650641562e-17,20,0,0.007251665944875807
2023-04-27,2.764651625782096,-5.551115123125783e-17,-2.0078895551823533e-17,20,0,0.007184563436056557
2023-04-28,2.7743318593693296,-5.551115123125783e-17,-2.0008836017143533e-17,20,0,0.003501429799313227
2023-05-04,2.7864147766157803,-5.551115123125783e-17,-1.9922070359775542e-17,20,0,0.004355253033498929
2023-05-05,2.7677356637311656,-5.551115123125783e-17,-2.005652200052357e-17,20,0,-0.006703636889013764
2023-05-08,2.7922578390648685,-5.551115123125783e-17,-1.9880381551672392e-17,20,0,0.008860013495885832
2023-05-09,2.7757462146811624,0.13348146084405976,0.048088496036872805,19,0,-0.005913359487330072
2023-05-10,2.7639817892985246,0.13348146084405976,0.04829317666305473,19,0,-0.004238292867126958
2023-05-11,2.7645437762576384,5.551115123125783e-17,2.0079678863469922e-17,20,0,0.00020332513089971194
2023-05-12,2.7325782611325264,5.551115123125783e-17,2.0314569584642396e-17,20,0,-0.01156267279962686
2023-05-15,2.7448938895033415,5.551115123125783e-17,2.02234233693099e-17,20,0,0.004506962726736674
2023-05-16,2.7453091495488833,5.551115123125783e-17,2.0220364340525938e-17,20,0,0.00015128455315882583
2023-05-17,2.7543772150936285,5.551115123125783e-17,2.0153794087122108e-17,20,0,0.003303112709996725
2023-05-18,2.763129045170214,5.551115123125783e-17,2.0089959724569518e-17,20,0,0.0031774261087502698
2023-05-19,2.758189736005971,5.551115123125783e-17,2.0125936409161394e-17,20,0,-0.0017875781707975547
2023-05-22,2.766239725135881,5.551115123125783e-17,2.0067368249702603e-17,20,0,0.002918577001728151
2023-05-23,2.755609189772749,-1.1102230246251565e-16,-4.028956750273848e-17,20,0,-0.0038429552097513087
2023-05-24,2.7372869277147935,-1.1102230246251565e-16,-4.055924913768609e-17,20,0,-0.006649078587035118
2023-05-25,2.7504684140487794,-1.1102230246251565e-16,-4.0364870905420505e-17,20,0,0.004815529640142646
2023-05-26,2.7591334347257197,-1.1102230246251565e-16,-4.023810558243341e-17,20,0,0.0031503799980692193
2023-05-29,2.755653369244137,-1.1102230246251565e-16,-4.0288921568161e-17,20,0,-0.0012612893011201276
2023-05-30,2.747933069283428,-1.1102230246251565e-16,-4.0402113029436585e-17,20,0,-0.002801622311018992
2023-05-31,2.7424285388394414,-1.6653345369377348e-16,-6.072481063234857e-17,20,0,-0.0020031530263661113
2023-06-01,2.745510328476248,-1.6653345369377348e-16,-6.065664804335272e-17,20,0,0.0011237447368859232
2023-06-02,2.767433347865914,-1.6653345369377348e-16,-6.017613895640686e-17,20,0,0.007985043495295496
2023-06-05,2.774975225704629,-1.6653345369377348e-16,-6.00125911579938e-17,20,0,0.0027252247446287736
2023-06-06,2.765988638065662,-1.6653345369377348e-16,-6.020756969205602e-17,20,0,-0.0032384388717145995
2023-06-07,2.7647747641046,-1.6653345369377348e-16,-6.023400381683786e-17,20,0,-0.00043885717546221503
2023-06-08,2.778023681724043,-1.6653345369377348e-16,-5.994673651969112e-17,20,0,0.004792042299957
2023-06-09,2.779394893622705,-1.6653345369377348e-16,-5.991716185270503e-17,20,0,0.0004935925880267256
2023-06-12,2.775628730097615,-1.6653345369377348e-16,-5.999846156943213e-17,20,0,-0.0013550300224453027
2023-06-13,2.769577450411573,-5.0523821237824507e-17,-1.8242429447248863e-17,20,0,-0.002180147373611163
2023-06-14,2.7625282705772936,-5.0523821237824507e-17,-1.828897889514318e-17,20,0,-0.0025452185253861392
2023-06-15,2.763233956226113,-5.0523821237824507e-17,-1.8284308183164997e-17,20,0,0.0002554492043884693
2023-06-16,2.7622592389481575,-5.0523821237824507e-17,-1.829076015944959e-17,20,0,-0.0003527451143828797
2023-06-19,2.755221872561811,-5.0523821237824507e-17,-1.833747827751068e-17,20,0,-0.0025476849844934257
2023-06-20,2.744481319542629,-5.0523821237824507e-17,-1.8409242168295888e-17,20,0,-0.0038982533951776865
2023-06-21,2.732957327862451,-1.1102230246251565e-16,-4.062350382519525e-17,20,0,-0.004198968890084753
2023-06-26,2.705535637894401,-1.1102230246251565e-16,-4.103523934688194e-17,20,0,-0.010033705864517573
2023-06-27,2.717100065687276,-1.1102230246251565e-16,-4.0860586573366835e-17,20,0,0.004274357961100428
2023-06-28,2.714449393980716,-1.1102230246251565e-16,-4.090048711488499e-17,20,0,-0.0009755517435789951
2023-06-29,2.722299769151183,-1.1102230246251565e-16,-4.0782541188376385e-17,20,0,0.0028920690832827667
2023-06-30,2.7326200016018656,-1.1102230246251565e-16,-4.0628518563662064e-17,20,0,0.0037909978054695426
2023-07-03,2.748729478777062,5.551115123125783e-17,2.0195203514881833e-17,20,0,0.005895249674580771
2023-07-04,2.745640443191074,5.551115123125783e-17,2.021792451699937e-17,20,0,-0.001123804874156753
2023-07-05,2.746219323770484,5.551115123125783e-17,2.0213662743819942e-17,20,0,0.00021083626621454243
2023-07-06,2.74647619527285,5.551115123125783e-17,2.0211772207165644e-17,20,0,9.3536412092865e-05
2023-07-07,2.752873554292713,5.551115123125783e-17,2.0164802391557765e-17,20,0,0.002329297093808469
2023-07-10,2.7552504819927135,5.551115123125783e-17,2.0147406413339894e-17,20,0,0.0008634351172045474
2023-07-11,2.7583426633371966,-1.6653345369377348e-16,-6.037446177636684e-17,20,0,0.0011222868355136306
2023-07-12,2.756638591173135,-1.6653345369377348e-16,-6.041178347681126e-17,20,0,-0.0006177884229945363
2023-07-13,2.766841734427989,-1.6653345369377348e-16,-6.01890059780388e-17,20,0,0.0037012988527131974
2023-07-14,2.7667307426872636,-1.6653345369377348e-16,-6.019142055436276e-17,20,0,-4.011495827327405e-05
2023-07-17,2.7743834046623244,-1.6653345369377348e-16,-6.002539281842431e-17,20,0,0.0027659583410086785
2023-07-18,2.7763351284604787,-1.6653345369377348e-16,-5.998319582770214e-17,20,0,0.0007034802020782216
2023-07-19,2.7854280653830084,-1.6653345369377348e-16,-5.978738268757783e-17,20,0,0.0032751582578476324
2023-07-20,2.779171862332306,-1.6653345369377348e-16,-5.992197026419846e-17,20,0,-0.0022460472515710705
2023-07-21,2.783092483230104,-5.551115123125783e-17,-1.9945852164722406e-17,20,0,0.001410715526785733
2023-07-24,2.7758877845670398,-5.551115123125783e-17,-1.999762077555163e-17,20,0,-0.0025887385009578656
2023-07-25,2.7966828378879733,-5.551115123125783e-17,-1.984892619185209e-17,20,0,0.0074913162688154955
2023-07-26,2.8021270624219614,-5.551115123125783e-17,-1.9810361912452997e-17,20,0,0.0019466721289351785
2023-07-27,2.8023313387778375,-5.551115123125783e-17,-1.9808917833202246e-17,20,0,7.290046144436957e-05
2023-07-28,2.828461832118541,-5.551115123125783e-17,-1.962591490572794e-17,20,0,0.009324555229825116
2023-07-31,2.8379458165305547,-5.551115123125783e-17,-1.956032807529825e-17,20,0,0.0033530537001837946
2023-08-01,2.8298742673445534,-1.101529128114753e-16,-3.8925020126367174e-17,20,0,-0.0028441519704096585
2023-08-02,2.826440474632731,-1.101529128114753e-16,-3.8972309447199174e-17,20,0,-0.0012134082250390144
2023-08-03,2.8369955895000025,-1.101529128114753e-16,-3.882731197015673e-17,20,0,0.003734419656809873
2023-08-04,2.8375788638705104,-1.101529128114753e-16,-3.8819330878869274e-17,20,0,0.0002055957974227418
2023-08-07,2.8201227884274496,-1.101529128114753e-16,-3.9059615866193724e-17,20,0,-0.0061517498827329264
2023-08-08,2.8212668681838475,-1.101529128114753e-16,-3.9043776416083866e-17,20,0,0.00040568437696864024
2023-08-09,2.820282596555555,-1.101529128114753e-16,-3.9057402597174616e-17,20,0,-0.0003488757619467542
2023-08-10,2.8360175304509005,-1.101529128114753e-16,-3.8840702368282615e-17,20,0,0.005579204691956274
2023-08-11,2.818300721948469,-1.3877787807814457e-16,-4.924168560060499e-17,20,0,-0.006247072986045654
2023-08-14,2.814636736855973,-1.3877787807814457e-16,-4.930578651977779e-17,20,0,-0.001300068890435102
2023-08-15,2.81158428272944,-1.3877787807814457e-16,-4.935931635790099e-17,20,0,-0.0010844931022758741
2023-08-16,2.8131659923563586,-1.3877787807814457e-16,-4.933156395862077e-17,20,0,0.0005625688109847093
2023-08-17,2.8213726438902738,-1.3877787807814457e-16,-4.91880710542332e-17,20,0,0.002917229753314654
2023-08-18,2.8192750534418507,-1.3877787807814457e-16,-4.922466784811245e-17,20,0,-0.0007434645164527964
2023-08-21,2.8154614802673135,-1.3877787807814457e-16,-4.929134319570528e-17,20,0,-0.0013526786504500787
2023-08-22,2.8094735033564295,8.326672684688674e-17,2.963784023853915e-17,20,0,-0.002126818979002798
2023-08-23,2.7905253792157376,8.326672684688674e-17,2.9839086025545634e-17,20,0,-0.006744368337361029
2023-08-24,2.7882885106629995,8.326672684688674e-17,2.986302404807011e-17,20,0,-0.0008015940544381372
2023-08-25,2.7857060780785807,8.326672684688674e-17,2.9890707961666694e-17,20,0,-0.0009261712245856035
2023-08-28,2.7900178989402207,8.326672684688674e-17,2.9844513498825704e-17,20,0,0.0015478376902613444
2023-08-29,2.8072496298768446,8.326672684688674e-17,2.966131902225585e-17,20,0,0.006176208024747609
2023-08-30,2.80642313371189,8.326672684688674e-17,2.9670054328819176e-17,20,0,-0.00029441491635029404
2023-08-31,2.802809269882839,-1.6653345369377348e-16,-5.941662013296209e-17,20,0,-0.0012877116731400129
2023-09-01,2.818817269936834,-1.6653345369377348e-16,-5.907919447985548e-17,20,0,0.005711412555255313
2023-09-04,2.851775344641532,-1.6653345369377348e-16,-5.839641401160466e-17,20,0,0.011692164318773512
2023-09-05,2.8387280545683127,-1.6653345369377348e-16,-5.866481413243311e-17,20,0,-0.004575146530295671
2023-09-06,2.838751649935041,0.13583309141028896,0.04784958607189087,19,0,8.311950378869781e-06
2023-09-07,2.8119052024689224,0.13583309141028896,0.04830642629453658,19,0,-0.009457131435479105
2023-09-08,2.7978924347272796,0.13583309141028896,0.04854836080341634,19,0,-0.004983371320391394
2023-09-11,2.8032195288450814,0.13583309141028896,0.04845610199721026,19,0,0.0019039667328457632
2023-09-12,2.7967168393477166,0.0,0.0,20,0,-0.002319721816451459
2023-09-13,2.787992278071631,0.0,0.0,20,0,-0.0031195726193433693
2023-09-14,2.780337563981956,0.0,0.0,20,0,-0.0027456008934750864
2023-09-15,2.7776363725079545,0.0,0.0,20,0,-0.0009715336400134555
2023-09-18,2.789856158407774,0.0,0.0,20,0,0.004399346876634569
2023-09-19,2.7856111782575996,0.0,0.0,20,0,-0.0015215767083121001
2023-09-20,2.7822538300712862,0.0,0.0,20,0,-0.001205246522744563
2023-09-21,2.7688572003975707,1.1102230246251565e-16,4.009679605238376e-17,20,0,-0.004815027848617315
2023-09-22,2.784412471035619,1.1102230246251565e-16,3.9872793135861306e-17,20,0,0.005617938922893861
2023-09-25,2.790716499959536,1.1102230246251565e-16,3.978272334869035e-17,20,0,0.002264042770061536
2023-09-26,2.805412810129167,1.1102230246251565e-16,3.957431935209705e-17,20,0,0.005266142286342479
2023-09-27,2.818950053160093,1.1102230246251565e-16,3.9384274417369577e-17,20,0,0.004825401446107547
2023-09-28,2.8129457406159175,1.1102230246251565e-16,3.946834126925122e-17,20,0,-0.0021299818836606477
2023-10-09,2.8091425407894346,1.1102230246251565e-16,3.952177607595369e-17,20,0,-0.0013520345492515906
2023-10-10,2.803059270734143,1.1102230246251565e-16,3.960754723300519e-17,20,0,-0.002165525589022721
2023-10-11,2.7944055840929494,-2.220446049250313e-16,-7.94604069606116e-17,20,0,-0.0030872292753648667
2023-10-12,2.7917609535176506,-2.220446049250313e-16,-7.953567967388203e-17,20,0,-0.0009464018359944815
2023-10-13,2.7868130446599046,0.12778351561978843,0.04585292001006217,19,0,-0.0017723254032590008
2023-10-16,2.775080731316459,0.12778351561978843,0.046046774127241244,19,0,-0.004209939151076925
2023-10-17,2.7712703282275273,0.12778351561978843,0.046110086886224956,19,0,-0.0013730782841492317
2023-10-18,2.736828931291779,0.12778351561978843,0.046690355454359664,19,0,-0.012428017788425838
2023-10-19,2.7162708644002156,0.12778351561978843,0.04704373090862738,19,0,-0.0075116375219914655
2023-10-20,2.7172862932375863,0.12778351561978843,0.0470261510308276,19,0,0.0003738319512531785
2023-10-23,2.6815283611153946,0.0,0.0,20,0,-0.013159427555050507
2023-10-24,2.744385239932915,0.0,0.0,20,0,0.023440691409049697
2023-10-25,2.7775362851508523,0.0,0.0,20,0,0.012079588803920016
2023-10-26,2.775794118505467,0.0,0.0,20,0,-0.0006272345224431763
2023-10-27,2.788682914810592,0.0,0.0,20,0,0.00464328251839663
2023-10-30,2.794057152557268,0.0,0.0,20,0,0.0019271598495955722
2023-10-31,2.7993620569039477,-1.6653345369377348e-16,-5.948978742605269e-17,20,0,0.001898638451909962
2023-11-01,2.78187021041277,-1.6653345369377348e-16,-5.986384737520284e-17,20,0,-0.006248511673593082
2023-11-02,2.7683824240516626,-1.6653345369377348e-16,-6.015550895242416e-17,20,0,-0.004848459971504626
2023-11-03,2.78166797909937,-1.6653345369377348e-16,-5.986819956409484e-17,20,0,0.004799031713351054
2023-11-06,2.805484015281359,-1.6653345369377348e-16,-5.935997239216921e-17,20,0,0.00856178248480255
2023-11-07,2.8306822187519733,-1.6653345369377348e-16,-5.883156102460587e-17,20,0,0.008981766901312138
2023-11-08,2.825264394921209,-1.6653345369377348e-16,-5.894437844229364e-17,20,0,-0.0019139639889189652
2023-11-09,2.8166800401938166,-1.6653345369377348e-16,-5.91240223658184e-17,20,0,-0.0030384252683832713
2023-11-10,2.8059120777200337,-1.6653345369377348e-16,-5.935091659361314e-17,20,0,-0.0038229271057148573
2023-11-13,2.8209726876990033,-2.7755575615628914e-17,-9.839008983198785e-18,20,0,0.005367456128991588
2023-11-14,2.8340099187487686,-2.7755575615628914e-17,-9.793746815072247e-18,20,0,0.004621537495423045
2023-11-15,2.838989772092053,-2.7755575615628914e-17,-9.776567668003895e-18,20,0,0.001757175693119395
2023-11-16,2.8346104961194074,-2.7755575615628914e-17,-9.791671784757166e-18,20,0,-0.001542547287663787
2023-11-17,2.8351535876158067,-2.7755575615628914e-17,-9.789796128459369e-18,20,0,0.00019159298857562845
2023-11-20,2.8441548241390286,-2.7755575615628914e-17,-9.758813191202055e-18,20,0,0.00317486733788952
2023-11-21,2.8435694721539133,-2.6085904270001237e-16,-9.173647602230725e-17,20,0,-0.00020580876264097991
2023-11-22,2.8162061352929277,-2.6085904270001237e-16,-9.262782274028357e-17,20,0,-0.009622883185709141
2023-11-23,2.8112018270628765,-2.6085904270001237e-16,-9.279271242241473e-17,20,0,-0.0017769680164164692
2023-11-24,2.8050765771982387,-2.6085904270001237e-16,-9.299533738952792e-17,20,0,-0.002178872326302317
2023-11-27,2.8097741554574722,0.13367735816999085,0.047575837335661675,19,0,0.0016746702380316947
2023-11-28,2.821629349393113,0.13367735816999085,0.04737594546170379,19,0,0.004219269336154241
2023-11-29,2.812918356642627,0.13367735816999085,0.04752265840006183,19,0,-0.003087220776307742
2023-11-30,2.8096830011916687,0.13367735816999085,0.047577380833814485,19,0,-0.0011501775169968642
2023-12-01,2.8170362431486797,-2.220446049250313e-16,-7.882206182652655e-17,20,0,0.002617107322745005
2023-12-04,2.821290907611343,-2.220446049250313e-16,-7.870319374935577e-17,20,0,0.0015103335901378578
2023-12-05,2.780629455727045,-2.220446049250313e-16,-7.985407925090609e-17,20,0,-0.014412357043579127
2023-12-06,2.777537442275693,-2.220446049250313e-16,-7.994297450158066e-17,20,0,-0.001111983275938977
2023-12-07,2.777256345334134,0.13169883737769572,0.0474204830241736,19,0,-0.0001012036551805151
2023-12-08,2.775461787317307,0.13169883737769572,0.04745114415896627,19,0,-0.0006461621808308005
2023-12-11,2.7827722087566493,0.13169883737769572,0.047326488658782154,19,0,0.002633947789426605
2023-12-12,2.7877148899421744,8.847089727481716e-17,3.1735991938778325e-17,20,0,0.0017761716787207948
2023-12-13,2.7844509748511515,8.847089727481716e-17,3.177319265947807e-17,20,0,-0.0011708209841684303
2023-12-14,2.7839115905901037,8.847089727481716e-17,3.177934873142435e-17,20,0,-0.00019371296744652433
2023-12-15,2.7729406148251563,0.13755285330802738,0.04960540899167456,19,0,-0.003940849200107621
2023-12-18,2.7574136907229283,0.2795300684921347,0.10137400471775004,18,0,-0.005599443428112139
2023-12-19,2.7443776753261853,0.2795300684921347,0.10185553941984712,18,0,-0.004727624092315752
2023-12-20,2.7435970595364374,0.2795300684921347,0.10188451963837741,18,0,-0.00028444182328335454
2023-12-21,2.75831590428172,-1.8735013540549517e-16,-6.792192841823248e-17,20,0,0.005364798265153903
2023-12-22,2.7495415013996456,-1.8735013540549517e-16,-6.813868250765634e-17,20,0,-0.0031810725045865462
2023-12-25,2.741574079618082,-1.8735013540549517e-16,-6.833670364712312e-17,20,0,-0.002897727412918827
2023-12-26,2.716567215734749,-1.8735013540549517e-16,-6.896576470493208e-17,20,0,-0.009121352608796318
2023-12-27,2.73808096634753,-1.8735013540549517e-16,-6.842388435847145e-17,20,0,0.00791946191803028
2023-12-28,2.761691387214051,-1.8735013540549517e-16,-6.783891070265128e-17,20,0,0.008622981261951601
2023-12-29,2.7854606828374697,-1.8735013540549517e-16,-6.726001790649829e-17,20,0,0.008606789206594412
2024-01-02,2.807775109515149,-1.8735013540549517e-16,-6.672547768181017e-17,20,0,0.008011036312653319
2024-01-03,2.8035816561064966,-1.8735013540549517e-16,-6.682528222333985e-17,20,0,-0.0014935147029551121
2024-01-04,2.7901687344228088,-1.8735013540549517e-16,-6.714652525996839e-17,20,0,-0.00478420938961166
2024-01-05,2.7705553776187304,-1.8735013540549517e-16,-6.762186993949244e-17,20,0,-0.007029451861496727
2024-01-08,2.752197453240211,-1.8735013540549517e-16,-6.807292666626245e-17,20,0,-0.006626081011345097
2024-01-09,2.7593223911838454,-1.8735013540549517e-16,-6.789715330259595e-17,20,0,0.002588817868153459
2024-01-10,2.744409708253886,-1.8735013540549517e-16,-6.826609556220217e-17,20,0,-0.005404472843624997
2024-01-11,2.7596294355661803,-4.0766001685454967e-17,-1.4772273827805143e-17,20,0,0.005545719819646688
2024-01-12,2.7671052206724043,-4.0766001685454967e-17,-1.473236412583865e-17,20,0,0.002708981506674757
2024-01-15,2.7579092312670848,-4.0766001685454967e-17,-1.4781487810868078e-17,20,0,-0.0033233248004514993
2024-01-16,2.751538961185589,-4.0766001685454967e-17,-1.4815709412266373e-17,20,0,-0.0023098186152301636
2024-01-17,2.7124281866547473,-4.0766001685454967e-17,-1.502933861476049e-17,20,0,-0.0142141452774448
2024-01-18,2.700148075207512,-4.0766001685454967e-17,-1.5097691145076188e-17,20,0,-0.004527349888064802
2024-01-19,2.690547386284338,-4.0766001685454967e-17,-1.5151564285122315e-17,20,0,-0.003555615712829585
2024-01-22,2.6296583387363333,-4.0766001685454967e-17,-1.55023947730962e-17,20,0,-0.022630728549290713
2024-01-23,2.645377983585565,1.3617579286417936e-16,5.147687540651778e-17,20,0,0.0059778278484594605
2024-01-24,2.6439642392983305,1.3617579286417936e-16,5.150440041515782e-17,20,0,-0.0005344205236479382
2024-01-25,2.696358587642402,1.3617579286417936e-16,5.0503591580245464e-17,20,0,0.019816587367299743
2024-01-26,2.7052383570011256,0.13155495555020205,0.04862970954472065,19,0,0.003293244970984377
2024-01-29,2.678307040627048,0.13155495555020205,0.04911869832496959,19,0,-0.009955247124298516
2024-01-30,2.6462477683708343,0.13155495555020205,0.049713770994011655,19,0,-0.011969976470176502
2024-01-31,2.6290560674190573,-1.3877787807814457e-16,-5.27861995025396e-17,20,0,-0.0064966331411820955
2024-02-01,2.6169125865706535,-1.3877787807814457e-16,-5.303114776944336e-17,20,0,-0.004618950884651585
2024-02-02,2.6009549259595075,-1.3877787807814457e-16,-5.3356510215934864e-17,20,0,-0.006097895930126551
2024-02-05,2.5660604800323923,-1.3877787807814457e-16,-5.4082076068757633e-17,20,0,-0.013416013318355513
2024-02-06,2.6166617037269604,-1.3877787807814457e-16,-5.303623234156736e-17,20,0,0.01971941974412439
2024-02-07,2.611211965124781,-1.3877787807814457e-16,-5.3146921786379314e-17,20,0,-0.0020827066007108597
2024-02-08,2.6338880793665647,-1.3877787807814457e-16,-5.268936032829454e-17,20,0,0.008684133859925947
2024-02-19,2.6634193359804224,-1.3877787807814457e-16,-5.210515528042433e-17,20,0,0.01121203928336989
2024-02-20,2.697687136795584,1.1102230246251565e-16,4.115462499272328e-17,20,0,0.012866092977637411
2024-02-21,2.723144375355966,-1.6653345369377348e-16,-6.11548382086809e-17,20,0,0.009436690494295519
2024-02-22,2.7347444674825465,-1.6653345369377348e-16,-6.089543490221407e-17,20,0,0.00425981531921682
2024-02-23,2.7259576534722734,-1.6653345369377348e-16,-6.109172440065102e-17,20,0,-0.003213029266446177
2024-02-26,2.705862707035827,-1.6653345369377348e-16,-6.154541886428701e-17,20,0,-0.007371701614971804
2024-02-27,2.7105676088481414,-1.6653345369377348e-16,-6.143859062956266e-17,20,0,0.001738780685391239
2024-02-28,2.6738230480813696,-1.6653345369377348e-16,-6.228290006448682e-17,20,0,-0.013556039202573644
2024-02-29,2.69090373305275,-1.6653345369377348e-16,-6.188755533994753e-17,20,0,0.0063881134481345025
2024-03-01,2.691824778306258,-2.7755575615628914e-17,-1.0311063275483032e-17,20,0,0.0003422810122095665
2024-03-04,2.6826912091884143,-2.7755575615628914e-17,-1.0346168623717865e-17,20,0,-0.003393077139140832
2024-03-05,2.666928379529184,-2.7755575615628914e-17,-1.0407319457348475e-17,20,0,-0.005875752529863054
2024-03-06,2.6666081309359684,0.13711208941427738,0.05141816220523996,19,0,-0.00012008143738462262
2024-03-07,2.668745567550332,0.13711208941427738,0.05137698066141762,19,0,0.0008015563252683489
2024-03-08,2.6603426851855763,0.13711208941427738,0.05153925852402467,19,0,-0.0031486262560685985
2024-03-11,2.6683436583130553,0.2688505784596332,0.100755604557174,18,0,0.0030074971814846307
2024-03-12,2.671121758458007,-1.1102230246251565e-16,-4.156392426177043e-17,20,0,0.0010411328152191146
2024-03-13,2.6744484082749365,-1.1102230246251565e-16,-4.1512224397002627e-17,20,0,0.001245413020352082
2024-03-14,2.6680608259222356,-1.1102230246251565e-16,-4.1611608470035514e-17,20,0,-0.00238837374201617
2024-03-15,2.6901256604273476,-1.1102230246251565e-16,-4.1270303501316324e-17,20,0,0.008269989308615111
2024-03-18,2.713021725122558,-1.1102230246251565e-16,-4.092201010941051e-17,20,0,0.008511150624678665
2024-03-19,2.717584650919879,-1.1102230246251565e-16,-4.085330053101955e-17,20,0,0.0016818611347886314
2024-03-20,2.728282301509723,-1.1102230246251565e-16,-4.069311390580085e-17,20,0,0.003936455332209432
2024-03-21,2.7241318613808816,0.0,0.0,20,0,-0.0015212649096263409
2024-03-22,2.700808539468313,0.0,0.0,20,0,-0.008561744841802832
2024-03-25,2.684492616496373,0.0,0.0,20,0,-0.006041125364314781
2024-03-26,2.674283219998918,0.0,0.0,20,0,-0.003803100978828411
2024-03-27,2.645726231533688,0.0,0.0,20,0,-0.010678371031038969
2024-03-28,2.655608074860754,0.0,0.0,20,0,0.0037350211103805986
2024-03-29,2.679613249248609,0.0,0.0,20,0,0.00903942664397639
2024-04-01,2.708338170229615,0.0,0.0,20,0,0.010719801071688462
2024-04-02,2.7027227927920237,0.0,0.0,20,0,-0.002073366427913781
2024-04-03,2.7177326175751793,0.12972131838381049,0.04773144993915947,19,0,0.005553593888054653
2024-04-08,2.700652296659027,0.12972131838381049,0.048033328297866607,19,0,-0.006284768709657551
2024-04-09,2.7205308141162674,0.12972131838381049,0.04768235585155426,19,0,0.007360635607120525
2024-04-10,2.7162454704790107,0.12972131838381049,0.04775758295546613,19,0,-0.0015751865830818668
2024-04-11,2.7379735283902797,-2.4979937808535195e-16,-9.123513266113095e-17,20,0,0.00799929835039448
2024-04-12,2.7519947343133695,-2.4979937808535195e-16,-9.077029653099158e-17,20,0,0.005121015881893287
2024-04-15,2.7118026147133647,-2.4979937808535195e-16,-9.211561959931052e-17,20,0,-0.014604722566823103
2024-04-16,2.6722070649968095,-2.4979937808535195e-16,-9.348054698210679e-17,20,0,-0.014601191658169532
2024-04-17,2.721199609425714,-2.4979937808535195e-16,-9.179752092426252e-17,20,0,0.018334112303891592
2024-04-18,2.7341731313357642,-2.4979937808535195e-16,-9.136194603862335e-17,20,0,0.004767574515707196
2024-04-19,2.725124888931002,-2.4979937808535195e-16,-9.166529545122681e-17,20,0,-0.003309315822419001
2024-04-22,2.7017892349115966,-2.4979937808535195e-16,-9.245701879981229e-17,20,0,-0.008563150303382727
2024-04-23,2.704909165261389,-2.7755575615628914e-16,-1.0261185836510985e-16,20,0,0.0011547645202953927
2024-04-24,2.7154872423791456,-2.7755575615628914e-16,-1.0221213777941066e-16,20,0,0.003910695876079284
2024-04-25,2.73228456944795,-2.7755575615628914e-16,-1.0158376592975762e-16,20,0,0.0061857506846865196
2024-04-26,2.737283403943181,-2.7755575615628914e-16,-1.0139825337648908e-16,20,0,0.0018295438736970482
2024-04-29,2.7574805465277863,-2.7755575615628914e-16,-1.0065556274033801e-16,20,0,0.007378535432432942
2024-04-30,2.7898663225109295,-2.7755575615628914e-16,-9.948711661083604e-17,20,0,0.011744697899654488
2024-05-06,2.855606286312832,0.13988432178339863,0.048985857207933844,19,0,0.023563840056227248
2024-05-07,2.867522313722493,0.13988432178339863,0.04878229582172174,19,0,0.004172853753255712
2024-05-08,2.85485461808942,0.13988432178339863,0.04899875492679717,19,0,-0.004417645007486759
2024-05-09,2.8876592507753758,0.13988432178339863,0.048442115095760616,19,0,0.011490824253569176
2024-05-10,2.8875595260020894,0.13988432178339863,0.04844378809294109,19,0,-3.453481336468389e-05
2024-05-13,2.8697673057319184,-3.122480419458288e-17,-1.0880604895113322e-17,20,0,-0.006161680862317942
2024-05-14,2.8646048784815132,-3.122480419458288e-17,-1.0900213299620822e-17,20,0,-0.0017989009910642784
2024-05-15,2.8635951954096233,-3.122480419458288e-17,-1.0904056636439608e-17,20,0,-0.00035246853046799753
2024-05-16,2.8639509412073516,-3.122480419458288e-17,-1.0902702188543595e-17,20,0,0.00012423047723308933
2024-05-17,2.872022983356449,-3.122480419458288e-17,-1.087205930298349e-17,20,0,0.002818498750434051
2024-05-20,2.894666298934699,-3.122480419458288e-17,-1.0787013413627088e-17,20,0,0.007884099712805126
2024-05-21,2.889615004880442,5.551115123125783e-17,1.9210569967799087e-17,20,0,-0.0017450350170298279
2024-05-22,2.8908035206807456,5.551115123125783e-17,1.9202671794929077e-17,20,0,0.000411305934630235
2024-05-23,2.8696345841401616,5.551115123125783e-17,1.9344327510567283e-17,20,0,-0.0073228555275867135
2024-05-24,2.8648638747137087,5.551115123125783e-17,1.9376540617241424e-17,20,0,-0.0016624797640855116
2024-05-27,2.8823413389973105,5.551115123125783e-17,1.925904835773846e-17,20,0,0.006100626433899414
2024-05-28,2.8599295357865424,5.551115123125783e-17,1.9409971657218143e-17,20,0,-0.007775554861439327
2024-05-29,2.857081652598761,5.551115123125783e-17,1.9429319137857218e-17,20,0,-0.0009957878864307323
2024-05-30,2.8398615274410286,5.551115123125783e-17,1.9547133089013105e-17,20,0,-0.0060271729168359656
2024-05-31,2.808867923417872,0.0,0.0,20,0,-0.010913772986348547
2024-06-03,2.7445889447815808,0.0,0.0,20,0,-0.02288430086028248
2024-06-04,2.7650866949682626,0.0,0.0,20,0,0.007468422630519944
2024-06-05,2.754311069730071,0.0,0.0,20,0,-0.0038970297957747757
2024-06-06,2.7265961741439786,0.0,0.0,20,0,-0.010062369458075926
2024-06-07,2.7550652780204756,0.0,0.0,20,0,0.010441261579718475
2024-06-11,2.759536570455039,0.0,0.0,20,0,0.0016229352060128655
2024-06-12,2.7837289782233414,-1.1102230246251565e-16,-3.988258315770862e-17,20,0,0.008766837166543917
2024-06-13,2.7607081801742632,-1.1102230246251565e-16,-4.021515322039855e-17,20,0,-0.00826976987672512
2024-06-14,2.7691640671023094,-1.1102230246251565e-16,-4.0092352700030113e-17,20,0,0.003062941236879446
2024-06-17,2.7483797729654844,-1.1102230246251565e-16,-4.0395546334094614e-17,20,0,-0.007505620336383356
2024-06-18,2.748056235243285,-1.1102230246251565e-16,-4.04003022349675e-17,20,0,-0.00011771943796923257
2024-06-19,2.729845495238914,-1.1102230246251565e-16,-4.066981177365097e-17,20,0,-0.006626771232270179
2024-06-20,2.6671642404064304,-1.1102230246251565e-16,-4.162559649704877e-17,20,0,-0.02296146611293759
2024-06-21,2.576416221519045,-2.7755575615628914e-17,-1.0772939319278286e-17,20,0,-0.034024158509847524
2024-06-24,2.4556562794049137,0.0918774658397702,0.03741462785746022,19,0,-0.04687128620969927
2024-06-25,2.5138749870567776,0.0918774658397702,0.036548144324129464,19,0,0.02370800349386526
2024-06-26,2.6319372672835626,0.0918774658397702,0.03490868379799852,19,0,0.0469642606870484
2024-06-27,2.609237964160157,0.0918774658397702,0.03521237506957058,19,0,-0.008624560853167207
2024-06-28,2.62672021764148,0.0918774658397702,0.03497801753788097,19,0,0.006700137634610304
2024-07-01,2.6514196297403303,0.0918774658397702,0.0346521783308847,19,0,0.009403137773473125
2024-07-02,2.7304721493004793,0.0918774658397702,0.0336489298611994,19,0,0.029815167193240955
2024-07-03,2.743128748601877,0.0918774658397702,0.03349367611221255,19,0,0.004635315289569952
2024-07-04,2.665827903113244,0.0918774658397702,0.0344648901500628,19,0,-0.028179809470493145
2024-07-05,2.6749416372974792,0.0918774658397702,0.03434746558904176,19,0,0.0034187256325106663
2024-07-08,2.634147691045092,0.0918774658397702,0.03487939045791242,19,0,-0.015250406096187552
2024-07-09,2.635340972404139,0.0918774658397702,0.03486359708358849,19,0,0.0004530047282860217
2024-07-10,2.614801477020496,0.0918774658397702,0.035137453702398236,19,0,-0.007793866372025948
2024-07-11,2.687057057620705,2.7755575615628914e-16,1.0329358484186973e-16,20,0,0.02763329500736811
2024-07-12,2.670879979393248,2.7755575615628914e-16,1.0391921699878941e-16,20,0,-0.006020370197044156
2024-07-15,2.6477498397708494,2.7755575615628914e-16,1.0482703161274114e-16,20,0,-0.008660119436610936
2024-07-16,2.6559281656136293,2.7755575615628914e-16,1.0450424064544015e-16,20,0,0.0030887834341206677
2024-07-17,2.6295862182066068,2.7755575615628914e-16,1.0555111455732521e-16,20,0,-0.009918170132789172
2024-07-18,2.60684961813381,2.7755575615628914e-16,1.0647171751893598e-16,20,0,-0.008646455444348722
2024-07-19,2.6144140791669392,2.7755575615628914e-16,1.0616365569937947e-16,20,0,0.002901763485131381
2024-07-22,2.6073952384235164,2.7755575615628914e-16,1.0644943737954546e-16,20,0,-0.002684670649287235
2024-07-23,2.573842410018905,-6.635317295611287e-17,-2.577981180892326e-17,20,0,-0.012868332315011055
2024-07-24,2.5360897599194216,-6.635317295611287e-17,-2.6163574335878825e-17,20,0,-0.01466781724962174
2024-07-25,2.5397150330831,-6.635317295611287e-17,-2.612622758529058e-17,20,0,0.0014294735229691824
2024-07-26,2.5705744819446967,0.11802599396408908,0.04591424788236433,19,0,0.012150752529166642
2024-07-29,2.579115172615258,0.11802599396408908,0.04576220372679562,19,0,0.00332248325444362
2024-07-30,2.586122090323636,0.11802599396408908,0.045638214222639,19,0,0.002716791317726619
2024-07-31,2.6386120045612635,-5.551115123125783e-17,-2.1038012081843754e-17,20,0,0.020296765738178513
2024-08-01,2.638909190344181,-5.551115123125783e-17,-2.103564284605707e-17,20,0,0.00011262958798163858
2024-08-02,2.630643373401339,-5.551115123125783e-17,-2.110173951837632e-17,20,0,-0.0031322854810945655
2024-08-05,2.59699152742134,-5.551115123125783e-17,-2.137517610093135e-17,20,0,-0.012792249348678508
2024-08-06,2.611090818870265,-5.551115123125783e-17,-2.1259755053359544e-17,20,0,0.005429086425601248
2024-08-07,2.6084387647320826,-5.551115123125783e-17,-2.1281370290078278e-17,20,0,-0.0010156882016573165
2024-08-08,2.6250608146012557,-5.551115123125783e-17,-2.1146615317439768e-17,20,0,0.006372413297147217
2024-08-09,2.6284756518154175,-5.551115123125783e-17,-2.1119142265182396e-17,20,0,0.0013008602296631366
2024-08-12,2.6237281830060875,-5.551115123125783e-17,-2.1157356006161036e-17,20,0,-0.0018061680754208886
2024-08-13,2.633681687107325,-2.862293735361732e-17,-1.0868032189970156e-17,20,0,0.0037936491156769225
2024-08-14,2.619318056225552,-2.862293735361732e-17,-1.0927629535323819e-17,20,0,-0.005453821907213552
2024-08-15,2.6044661706413432,-2.862293735361732e-17,-1.0989943995536325e-17,20,0,-0.005670134464544674
2024-08-16,2.5612407604019722,-2.862293735361732e-17,-1.1175418490968069e-17,20,0,-0.016596648759206856
2024-08-19,2.5792949523307067,-2.862293735361732e-17,-1.1097194342877697e-17,20,0,0.007049002267909055
2024-08-20,2.5445275156627405,-2.862293735361732e-17,-1.124882210053927e-17,20,0,-0.01347943422932285
2024-08-21,2.5613537747881354,-2.220446049250313e-16,-8.669033036773606e-17,20,0,0.006612724374887469
2024-08-22,2.536137884967646,-2.220446049250313e-16,-8.755226056167841e-17,20,0,-0.009844750876936259
2024-08-23,2.5146718195487985,-2.220446049250313e-16,-8.829963544303457e-17,20,0,-0.008464076636401474
2024-08-26,2.553614069486607,-2.220446049250313e-16,-8.695307861053272e-17,20,0,0.015486016757763732
2024-08-27,2.5456599843620342,-2.220446049250313e-16,-8.722476932860212e-17,20,0,-0.0031148344691616092
2024-08-28,2.553411619324306,-2.220446049250313e-16,-8.695997278487736e-17,20,0,0.0030450394042762507
2024-08-29,2.5772868432048384,-2.220446049250313e-16,-8.615440128849623e-17,20,0,0.009350323191076537
2024-08-30,2.6180142883404107,-2.220446049250313e-16,-8.481413027955166e-17,20,0,0.015802449480139424
2024-09-02,2.5984094825637247,-5.551115123125783e-17,-2.1363511641932457e-17,20,0,-0.007488425813410582
2024-09-03,2.604026988510713,-5.551115123125783e-17,-2.1317425463015495e-17,20,0,0.002161901726684734
2024-09-04,2.619676151363947,-5.551115123125783e-17,-2.119008153063335e-17,20,0,0.00600960086906932
2024-09-05,2.651630301159124,-5.551115123125783e-17,-2.093472502821826e-17,20,0,0.012197748098954797
2024-09-06,2.628396560105689,-5.551115123125783e-17,-2.1119777766345007e-17,20,0,-0.008762058965489539
2024-09-09,2.61868060695227,-5.551115123125783e-17,-2.119813736882713e-17,20,0,-0.0036965324414471867
2024-09-10,2.6133723095286743,-5.551115123125783e-17,-2.1241195151895274e-17,20,0,-0.0020270885305764264
2024-09-11,2.6055762260184396,-2.7755575615628914e-16,-1.0652375216840994e-16,20,0,-0.0029831507289678205
2024-09-12,2.5945587408254682,-2.7755575615628914e-16,-1.0697609261603527e-16,20,0,-0.004228425590836471
2024-09-13,2.5680235948779737,-2.7755575615628914e-16,-1.0808146650594849e-16,20,0,-0.010227228826992119
2024-09-18,2.529869200446459,-2.7755575615628914e-16,-1.0971150449489935e-16,20,0,-0.014857493719144577
2024-09-19,2.555531021066664,-2.7755575615628914e-16,-1.0860981685146554e-16,20,0,0.010143536517886576
2024-09-20,2.536109158253926,-2.7755575615628914e-16,-1.0944156534152583e-16,20,0,-0.007599932324293013
2024-09-23,2.534885999396993,-3.9898639947466563e-17,-1.5739816290341176e-17,20,0,-0.00048229740149474676
2024-09-24,2.621200316202379,-3.9898639947466563e-17,-1.5221515006251833e-17,20,0,0.0340505714363164
2024-09-25,2.6482322019006843,-3.9898639947466563e-17,-1.5066141072837414e-17,20,0,0.010312788965884723
2024-09-26,2.714886894826905,-3.9898639947466563e-17,-1.4696243892698305e-17,20,0,0.025169504727863945
2024-09-27,2.8111577975476463,-3.9898639947466563e-17,-1.4192956362062887e-17,20,0,0.03546037328633522
2024-09-30,2.989003136071634,-3.9898639947466563e-17,-1.3348477111303493e-17,20,0,0.06326408950758067
2024-10-08,3.1637837831948254,-3.3306690738754696e-16,-1.0527486396406398e-16,20,0,0.058474561305713824
2024-10-09,2.970880742789529,-3.3306690738754696e-16,-1.1211049389845635e-16,20,0,-0.060972257785107065
2024-10-10,2.967176822698148,-3.3306690738754696e-16,-1.122504411734649e-16,20,0,-0.001246741425205533
2024-10-11,2.8850328893568618,-5.551115123125783e-17,-1.924108090276659e-17,20,0,-0.02768420564386531
2024-10-14,2.9548356683119126,-5.551115123125783e-17,-1.8786544316683152e-17,20,0,0.024194794871337244
2024-10-15,2.9439931685664953,-5.551115123125783e-17,-1.885573371024078e-17,20,0,-0.003669408712536515
2024-10-16,2.9703628551730814,-5.551115123125783e-17,-1.8688340091036864e-17,20,0,0.008957115420015205
2024-10-17,2.953096632695115,-5.551115123125783e-17,-1.8797607439142997e-17,20,0,-0.005812832747991159
2024-10-18,2.986209926653479,-5.551115123125783e-17,-1.8589165730041914e-17,20,0,0.011213074977551196
2024-10-21,3.0312679575960897,-5.551115123125783e-17,-1.831284861905784e-17,20,0,0.015088701748810163
2024-10-22,3.062162320157585,-1.6653345369377348e-16,-5.4384267155767014e-17,20,0,0.010191894281096792
2024-10-23,3.1061552301723583,-1.6653345369377348e-16,-5.3614015190262294e-17,20,0,0.01436661594494093
2024-10-24,3.06844942021874,-1.6653345369377348e-16,-5.42728365005612e-17,20,0,-0.012139061688660635
2024-10-25,3.122544320145951,-1.6653345369377348e-16,-5.3332614886948836e-17,20,0,0.017629392738484517
2024-10-28,3.1636415211659603,-1.6653345369377348e-16,-5.263979897203953e-17,20,0,0.01316144682234266
2024-10-29,3.115060024959941,-1.6653345369377348e-16,-5.3460752717249826e-17,20,0,-0.015356195030628683
2024-10-30,3.1048108432890467,-1.6653345369377348e-16,-5.3637230124253926e-17,20,0,-0.003290203587979379
2024-10-31,3.1198676413497495,0.0,0.0,20,0,0.004849505757572148
2024-11-01,3.090118940665812,0.0,0.0,20,0,-0.00953524447308518
2024-11-04,3.1050205970404456,0.0,0.0,20,0,0.004822356893299018
2024-11-05,3.14451983978248,0.0,0.0,20,0,0.01272108880040368
2024-11-06,3.153716952946215,0.0,0.0,20,0,0.002924806848848327
2024-11-07,3.1982875300000573,0.0,0.0,20,0,0.014132713150495135
2024-11-08,3.181962744629531,0.0,0.0,20,0,-0.005104226939385281
2024-11-11,3.25139304531662,0.0,0.0,20,0,0.02181996027586197
2024-11-12,3.2332785446039702,-3.148523108897905e-16,-9.73786534461278e-17,20,0,-0.005571304502463126
2024-11-13,3.2354607650672826,-3.148523108897905e-16,-9.731297448857892e-17,20,0,0.0006749249819364422
2024-11-14,3.1999368158805237,-3.148523108897905e-16,-9.839328993224288e-17,20,0,-0.01097956420003754
2024-11-15,3.172349953809194,-3.148523108897905e-16,-9.924892129625614e-17,20,0,-0.008621064620533359
2024-11-18,3.1383850496733965,-3.148523108897905e-16,-1.0032303426966565e-16,20,0,-0.010706543928110546
2024-11-19,3.1512973212062363,-3.148523108897905e-16,-9.991196602460635e-17,20,0,0.004114304436348082
2024-11-20,3.1983093783178034,-3.148523108897905e-16,-9.84433566759547e-17,20,0,0.014918318495435345
2024-11-21,3.215550899789898,-1.1102230246251565e-16,-3.4526681717204286e-17,20,0,0.005390823536015388
2024-11-22,3.1733159313107344,-1.1102230246251565e-16,-3.498621154202507e-17,20,0,-0.013134598019245547
2024-11-25,3.1944747988531903,-1.1102230246251565e-16,-3.4754477481673176e-17,20,0,0.006667746924812645
2024-11-26,3.187892008992466,-1.1102230246251565e-16,-3.482624321945092e-17,20,0,-0.002060679853566949
2024-11-27,3.1864391949677935,-1.1102230246251565e-16,-3.484212177588338e-17,20,0,-0.0004557287450687175
2024-11-28,3.21318833849811,-1.1102230246251565e-16,-3.455206815371708e-17,20,0,0.008394681929773107
2024-11-29,3.2447636370034827,-1.1102230246251565e-16,-3.421583661639034e-17,20,0,0.009826781121747619
2024-12-02,3.292041725769719,-1.1102230246251565e-16,-3.3724451787304517e-17,20,0,0.01457058018866908
2024-12-03,3.2766962223118377,-1.1102230246251565e-16,-3.388239096030241e-17,20,0,-0.004661393972548611
2024-12-04,3.229970243340733,-1.1102230246251565e-16,-3.437254652466586e-17,20,0,-0.014260088760421508
2024-12-05,3.263768217558299,-1.1102230246251565e-16,-3.401660138279489e-17,20,0,0.010463865506887382
2024-12-06,3.287914338594559,-1.1102230246251565e-16,-3.37667867922535e-17,20,0,0.0073982340125622326
2024-12-09,3.302308938595919,-1.1102230246251565e-16,-3.361959905232861e-17,20,0,0.00437803376821333
2024-12-10,3.3280065893243247,-1.1102230246251565e-16,-3.336000079406579e-17,20,0,0.00778172218476092
2024-12-11,3.3888200302283487,4.7704895589362195e-18,1.4077140468904659e-18,20,0,0.018273233322044113
2024-12-12,3.4421902117492893,4.7704895589362195e-18,1.3858878404374698e-18,20,0,0.015748898154778868
2024-12-13,3.413815855366028,4.7704895589362195e-18,1.3974068201240836e-18,20,0,-0.008243111111759793
2024-12-16,3.3788092404452867,4.7704895589362195e-18,1.4118848444689129e-18,20,0,-0.010254394614084283
2024-12-17,3.3064451446299117,4.7704895589362195e-18,1.442785030528664e-18,20,0,-0.02141704093535579
2024-12-18,3.2920847908967286,4.7704895589362195e-18,1.449078581489631e-18,20,0,-0.004343139869266044
2024-12-19,3.2566859317626826,4.7704895589362195e-18,1.4648294796895536e-18,20,0,-0.010752717922676513
2024-12-20,3.2836984302059546,4.7704895589362195e-18,1.452779437677233e-18,20,0,0.008294474508523386
2024-12-23,3.2398819212757353,0.0,0.0,20,0,-0.013343645849802077
2024-12-24,3.254539375096617,0.0,0.0,20,0,0.004524070375722333
2024-12-25,3.2260209470103236,0.0,0.0,20,0,-0.008762661869914257
2024-12-26,3.2509538729512304,0.16429383802180847,0.05053711754841412,19,0,0.007728693133258524
2024-12-27,3.2479399824646147,0.16429383802180847,0.05058401291551526,19,0,-0.0009270788219088999
2024-12-30,3.2440111331327337,0.16429383802180847,0.05064527564156363,19,0,-0.0012096434518780175
2024-12-31,3.212132879042841,0.0,0.0,20,0,-0.00982680169137018
2025-01-02,3.1907881745439353,0.0,0.0,20,0,-0.00664502537804923
2025-01-03,3.175930980650382,0.0,0.0,20,0,-0.004656277095447359
2025-01-06,3.144412744723831,0.0,0.0,20,1,-0.009924093476394225
2025-01-07,3.151972314652411,0.0,0.0,20,0,0.002404127747308138
2025-01-08,3.1137536250564875,0.10703386005155571,0.03437454369872118,19,0,-0.012125325282287047
2025-01-09,3.1254489668507994,0.10703386005155571,0.03424591512668433,19,0,0.003756026713288785
2025-01-10,3.1008919637828964,0.10703386005155571,0.03451712000987646,19,0,-0.007857112155200685
2025-01-13,3.1001073794880374,-1.6653345369377348e-16,-5.371860819907322e-17,20,0,-0.00025301890682505324
2025-01-14,3.1689887643321053,-1.6653345369377348e-16,-5.255097637711947e-17,20,0,0.022219031927675825
2025-01-15,3.183556927436555,-1.6653345369377348e-16,-5.231049969879715e-17,20,0,0.004597101532330727
2025-01-16,3.176653326902531,-1.6653345369377348e-16,-5.242418248268713e-17,20,0,-0.0021685180103195867
2025-01-17,3.18394524734621,-1.6653345369377348e-16,-5.230411981254314e-17,20,0,0.00229547252825002
2025-01-20,3.205024783765979,-1.6653345369377348e-16,-5.196011417362357e-17,20,0,0.006620571266839015
2025-01-21,3.2054023844614834,-2.7755575615628914e-16,-8.658998867092915e-17,20,0,0.00011781521859588473
2025-01-22,3.186783423695126,-2.7755575615628914e-16,-8.709589553295054e-17,20,0,-0.005808618866890103
2025-01-23,3.194674429102672,0.1549245185282203,0.04849461876831558,19,0,0.0024761662022192432
2025-01-24,3.2084431257772326,0.1549245185282203,0.048286509205517074,19,0,0.004309890406712924
2025-01-27,3.193013343497265,0.1549245185282203,0.048519846884990954,19,0,-0.004809118215623576
2025-02-05,3.2035942587148227,0.1549245185282203,0.04835959426096954,19,0,0.003313771061779658
2025-02-06,3.23888955684127,0.1549245185282203,0.04783260306020147,19,0,0.011017405849830242
2025-02-07,3.251744597500333,0.1549245185282203,0.04764350762581822,19,0,0.003968965422705084
2025-02-10,3.2660254952489023,0.1549245185282203,0.04743518345266732,19,0,0.004391764888161065
2025-02-11,3.2527569384625754,-3.653615691464634e-17,-1.123236614535215e-17,20,0,-0.004062600492748314
2025-02-12,3.258973596624907,-3.653615691464634e-17,-1.1210939834702651e-17,20,0,0.0019111966494704813
2025-02-13,3.2472733924645794,-3.653615691464634e-17,-1.1251333811138253e-17,20,0,-0.003590150031422379
2025-02-14,3.243650381687728,-3.653615691464634e-17,-1.1263901042144973e-17,20,0,-0.0011157085773125797
2025-02-17,3.256876713722353,-3.653615691464634e-17,-1.1218157801524024e-17,20,0,0.004077607164229224
2025-02-18,3.231158634985966,-3.653615691464634e-17,-1.1307447588318432e-17,20,0,-0.007896546598779142
2025-02-19,3.2528877468186104,-3.653615691464634e-17,-1.1231914458277705e-17,20,0,0.006724866924628481
2025-02-20,3.2697520674844758,-3.653615691464634e-17,-1.1173983886415817e-17,20,0,0.005184415196115788
2025-02-21,3.27984889208834,8.716985466783456e-17,2.6577399610727772e-17,20,0,0.003087948075412239
2025-02-24,3.2899824197338208,8.716985466783456e-17,2.6495538135698342e-17,20,0,0.00308963247359495
2025-02-25,3.289815883387337,8.716985466783456e-17,2.6496879387086154e-17,20,0,-5.061922078519743e-05
2025-02-26,3.3325566425595765,8.716985466783456e-17,2.6157051182446994e-17,20,0,0.01299183926616343
2025-02-27,3.311632362079434,8.716985466783456e-17,2.6322322388798928e-17,20,0,-0.006278747137534513
2025-02-28,3.270032230345295,8.716985466783456e-17,2.66571851674471e-17,20,0,-0.012561820632776222
2025-03-03,3.2508941474663557,-7.37257477290143e-17,-2.267860606488028e-17,20,0,-0.005852567048526658
2025-03-04,3.2678975416444205,-7.37257477290143e-17,-2.2560605646135154e-17,20,0,0.005230374600574628
2025-03-05,3.2681111814644543,-7.37257477290143e-17,-2.2559130835927523e-17,20,0,6.537531159134247e-05
2025-03-06,3.3343784593943218,-7.37257477290143e-17,-2.2110791749298407e-17,20,1,0.020276934978745942
2025-03-07,3.329662592483234,-7.37257477290143e-17,-2.2142107700477324e-17,20,1,-0.0014143166315753186
2025-03-10,3.35143007568922,-7.37257477290143e-17,-2.1998295075230724e-17,20,1,0.0065374441407746176
2025-03-11,3.3440546305524914,-1.6653345369377348e-16,-4.9799860376760496e-17,21,1,-0.0022006859669335688
2025-03-12,3.338903036316438,-1.6653345369377348e-16,-4.9876696592392626e-17,21,1,-0.0015405233482091996
2025-03-13,3.365276187695134,0.1303303423508205,0.03872797805641127,20,0,0.007898747310671084
2025-03-14,3.404831421127089,0.1303303423508205,0.03827806027109493,20,0,0.011753933771197156
2025-03-17,3.392194871409192,0.1303303423508205,0.038420653084909134,20,0,-0.0037113584066120753
2025-03-18,3.385525212516266,0.1303303423508205,0.03849634374867156,20,0,-0.0019661779896964493
2025-03-19,3.368184225366863,0.1303303423508205,0.03869454092482869,20,0,-0.005122096590890357
2025-03-20,3.3524656815687144,0.256308801000385,0.07645381797926439,19,0,-0.004666770801836528
2025-03-21,3.3238727435070303,-1.6653345369377348e-16,-5.010223511687858e-17,20,0,-0.008528927892948568
2025-03-24,3.286915057012337,-1.6653345369377348e-16,-5.066557875856553e-17,20,0,-0.011118863249770183
2025-03-25,3.2968926720606277,-1.6653345369377348e-16,-5.051224600213829e-17,20,0,0.0030355560990249497
2025-03-26,3.321789651983247,-1.6653345369377348e-16,-5.013365418678635e-17,20,0,0.007551650113941433
2025-03-27,3.325401420462989,-1.6653345369377348e-16,-5.007920327122112e-17,20,0,0.0010872959633629886
2025-03-28,3.302267857194143,-1.6653345369377348e-16,-5.043002593837828e-17,20,1,-0.006956622778378829
2025-03-31,3.2934879960108367,-1.6653345369377348e-16,-5.056446354001696e-17,20,1,-0.0026587368326826955
2025-04-01,3.34546494195198,-1.1102230246251565e-16,-3.318591119288113e-17,20,0,0.015781732316650032
2025-04-02,3.351140592113132,-1.1102230246251565e-16,-3.312970596453198e-17,20,0,0.0016965205911978476
2025-04-03,3.346455795065616,-1.1102230246251565e-16,-3.3176085166347986e-17,20,0,-0.001397970905351209
2025-04-07,3.185912208653601,-1.1102230246251565e-16,-3.4847885061288244e-17,20,0,-0.0479742139874485
2025-04-08,3.2643303275255278,-1.1102230246251565e-16,-3.401074380443424e-17,20,0,0.024614023782239425
2025-04-09,3.2978062298095643,-1.1102230246251565e-16,-3.3665502071941556e-17,20,0,0.010255059667755084
2025-04-10,3.3439866412801504,-1.1102230246251565e-16,-3.320058193175494e-17,20,0,0.014003373228284932
2025-04-11,3.315625885413901,-5.551115123125783e-16,-1.6742284307606126e-16,20,0,-0.008481121161235339
2025-04-14,3.3501868295978157,-5.551115123125783e-16,-1.6569568819516208e-16,20,0,0.01042365615974794
2025-04-15,3.323518684781034,-5.551115123125783e-16,-1.6702524190838153e-16,20,0,-0.00796019630343514
2025-04-16,3.309789188948873,-5.551115123125783e-16,-1.677180873531318e-16,20,0,-0.004131012079165108
2025-04-17,3.313820932268656,-5.551115123125783e-16,-1.6751403399837497e-16,20,0,0.001218126922779339
2025-04-18,3.3099918445597516,-5.551115123125783e-16,-1.6770781874431216e-16,20,0,-0.0011554902293053892
2025-04-21,3.323644613595485,-5.551115123125783e-16,-1.670189135269984e-16,20,0,0.004124713798969948
2025-04-22,3.337895087764305,-1.4311468676808659e-16,-4.28757294657645e-17,20,0,0.004287604670646372
2025-04-23,3.352465409091168,-1.4311468676808659e-16,-4.268938506568635e-17,20,0,0.004365122612832506
2025-04-24,3.333578694097984,-1.4311468676808659e-16,-4.293124593742679e-17,20,0,-0.0056336793041823485
2025-04-25,3.327571837350837,-1.4311468676808659e-16,-4.300874444292201e-17,20,0,-0.0018019243876804536
2025-04-28,3.306974450760952,0.3133698611197957,0.09476029095044496,18,0,-0.006189914927962281
2025-04-29,3.316575833188517,0.3133698611197957,0.09448596289701768,18,0,0.0029033736336716576
2025-04-30,3.316439700783666,0.3133698611197957,0.09448984133368903,18,0,-4.104607031407692e-05
2025-05-06,3.3527156858747165,-1.8214596497756474e-17,-5.432788880517414e-18,20,0,0.010938231466255388
2025-05-07,3.36430204144985,-1.8214596497756474e-17,-5.4140788411217895e-18,20,0,0.003455812141765602
2025-05-08,3.381081988769846,-1.8214596497756474e-17,-5.387209348443979e-18,20,0,0.004987645910877969
2025-05-09,3.3693815941124354,-1.8214596497756474e-17,-5.405916779976527e-18,20,0,-0.003460547450867213
2025-05-12,3.379834090519932,-1.8214596497756474e-17,-5.389198407355687e-18,20,0,0.0031022002452203434
2025-05-13,3.391431524835045,7.589415207398531e-19,2.2378205639188517e-19,20,0,0.003431362014970629
2025-05-14,3.4200822852913175,7.589415207398531e-19,2.2190738626489146e-19,20,0,0.008447984353057603
2025-05-15,3.4116688392991765,7.589415207398531e-19,2.2245462748247114e-19,20,0,-0.002460012739554429
2025-05-16,3.417038237990123,7.589415207398531e-19,2.2210507108233503e-19,20,0,0.0015738334943580234
2025-05-19,3.4426946335044164,7.589415207398531e-19,2.2044985150695896e-19,20,0,0.007508372376126671
2025-05-20,3.4944494925535845,7.589415207398531e-19,2.1718485911932677e-19,20,0,0.015033241271383169
2025-05-21,3.498946142911361,-5.637851296924623e-17,-1.6112998219039598e-17,20,0,0.0012867979254982398
2025-05-22,3.491269835996207,-5.637851296924623e-17,-1.6148426107877468e-17,20,0,-0.002193891132250214
2025-05-23,3.4762339903291872,-5.637851296924623e-17,-1.62182733170696e-17,20,0,-0.004306698242569129
2025-05-26,3.475991375559306,-5.637851296924623e-17,-1.6219405308557366e-17,20,0,-6.97924163207686e-05
2025-05-27,3.4781002428983245,-5.637851296924623e-17,-1.6209571039351538e-17,20,0,0.0006066952161754013
2025-05-28,3.4798942214981508,0.18408685560032928,0.052900129682987004,19,0,0.0005157926668413193
2025-05-29,3.500274786462533,0.18408685560032928,0.05259211542827818,19,0,0.0058566622049816
2025-05-30,3.507368069379911,0.18408685560032928,0.052485753407932205,19,0,0.002026493161283227
2025-06-03,3.523841728235898,5.551115123125783e-17,1.5753020570264876e-17,20,0,0.004696871993505658
2025-06-04,3.5425884270013874,5.551115123125783e-17,1.566965860559903e-17,20,1,0.00531996048950667
2025-06-05,3.5411866134375356,5.551115123125783e-17,1.5675861594137084e-17,20,1,-0.00039570319633164264
2025-06-06,3.5523214053376737,5.551115123125783e-17,1.562672542744794e-17,20,0,0.003144367443919993
2025-06-09,3.566787687069001,5.551115123125783e-17,1.5563346097808805e-17,20,0,0.004072345962161661
2025-06-10,3.550299895627843,5.551115123125783e-17,1.5635623148235795e-17,20,0,-0.004622588415041595
2025-06-11,3.570409989796305,1.0191500421363742e-17,2.8544342107739776e-18,20,0,0.005664336748911758
2025-06-12,3.570369803311314,1.0191500421363742e-17,2.8544663390082753e-18,20,0,-1.1255425877210179e-05
2025-06-13,3.5456152287969536,1.0191500421363742e-17,2.8743954895584573e-18,20,0,-0.006933336286734759
2025-06-16,3.5401168112851797,0.17156727389108103,0.0484637324237887,19,0,-0.0015507654262979509
2025-06-17,3.535181136079129,0.17156727389108103,0.048531395503362065,19,0,-0.0013942125272016215
2025-06-18,3.5326657863820543,0.17156727389108103,0.048565951116137145,19,0,-0.000711519325390042
2025-06-19,3.505768174912732,0.17156727389108103,0.04893856790611998,19,0,-0.00761397004296549
2025-06-20,3.5071075546752275,0.17156727389108103,0.048919878052319635,19,0,0.0003820502941638271
2025-06-23,3.522908532171886,-4.440892098500626e-16,-1.2605754756178129e-16,20,0,0.004505415716605121
2025-06-24,3.5318925616216994,-4.440892098500626e-16,-1.2573689660768027e-16,20,0,0.002550173916742171
2025-06-25,3.5560585578329507,0.17321097728584545,0.04870869657202709,19,0,0.006842222912962992
2025-06-26,3.552631161056877,0.17321097728584545,0.0487556882303303,19,0,-0.0009638189923852902
2025-06-27,3.5573037278707274,0.17321097728584545,0.0486916469709274,19,0,0.0013152411837935585
2025-06-30,3.590258925744002,0.17321097728584545,0.04824470347913731,19,0,0.009264094492431818
2025-07-01,3.599163082116132,3.3306690738754696e-16,9.254009884756872e-17,20,0,0.002480087524685981
2025-07-02,3.572494424620598,3.3306690738754696e-16,9.323091033876671e-17,20,0,-0.007409682997707945
2025-07-03,3.58533117731332,3.3306690738754696e-16,9.289711073138068e-17,20,0,0.003593218397838438
2025-07-04,3.5747763070765406,3.3306690738754696e-16,9.317139836923943e-17,20,0,-0.0029439038445225885
2025-07-07,3.569727396388993,0.3406540285851061,0.09542858340659272,18,0,-0.0014123710839061276
2025-07-08,3.586910590343997,0.3406540285851061,0.09497143014998771,18,0,0.0048135871586121315
2025-07-09,3.585948516166621,0.3406540285851061,0.09499691003630616,18,0,-0.00026821805371046725
2025-07-10,3.608002176001099,0.3406540285851061,0.09441624809735212,18,0,0.006150021322127941
2025-07-11,3.6022111911496157,-2.220446049250313e-16,-6.164119568296817e-17,20,0,-0.0016050391793005492
2025-07-14,3.6154186197545943,-2.220446049250313e-16,-6.14160152054821e-17,20,0,0.0036664781447095507
2025-07-15,3.6103963013094935,-2.220446049250313e-16,-6.15014492576606e-17,20,0,-0.0013891388448515896
2025-07-16,3.6364667454764295,0.32559952895151834,0.08953733163009032,18,0,0.007220936980652182
2025-07-17,3.666233532865653,0.32559952895151834,0.0888103624694684,18,0,0.008185634428323096
2025-07-18,3.6995832328211806,0.32559952895151834,0.08800978609237205,18,0,0.009096447254809847
2025-07-21,3.722805780203716,0.32559952895151834,0.08746078849531097,18,0,0.006277071205349483
2025-07-22,3.771624432738907,-5.551115123125783e-16,-1.471810150273799e-16,20,0,0.013113403013068181
2025-07-23,3.765106175121486,-5.551115123125783e-16,-1.4743581893667762e-16,20,0,-0.0017282361310527738
2025-07-24,3.785544936507657,-5.551115123125783e-16,-1.4663978941554838e-16,20,0,0.005428468796238262
2025-07-25,3.7978580990243995,-5.551115123125783e-16,-1.461643636593943e-16,20,0,0.003252678999526637
2025-07-28,3.789943121059725,-5.551115123125783e-16,-1.46469615659393e-16,20,0,-0.002084063637529776
2025-07-29,3.8040665247603416,-5.551115123125783e-16,-1.4592581614948246e-16,20,0,0.0037265476682581955
2025-07-30,3.79959665113988,-5.551115123125783e-16,-1.460974843595687e-16,20,0,-0.0011750250925864902
2025-07-31,3.7598252455964096,-1.6653345369377348e-16,-4.429287076276248e-17,20,0,-0.010467270396066652
2025-08-01,3.764313616867423,0.18333652531309175,0.04870383925812756,19,0,0.0011937712467542383
2025-08-04,3.798772695805266,0.546317621206871,0.14381424342923532,17,0,0.00915414666393266
2025-08-05,3.8259712758151943,0.546317621206871,0.1427918773620348,17,0,0.007159833500951951
2025-08-06,3.8476815015550536,0.546317621206871,0.14198618596317675,17,0,0.005674435110659237
2025-08-07,3.840893075863647,0.546317621206871,0.14223713350417294,17,0,-0.0017642899207388485
2025-08-08,3.8789371162820583,0.546317621206871,0.14084209277682586,17,0,0.00990499856855731
2025-08-11,3.948003461444186,0.546317621206871,0.13837820218299077,17,0,0.017805482040999854
2025-08-12,3.9260648323862872,-4.996003610813204e-16,-1.272521933311173e-16,20,0,-0.005556892052438478
2025-08-13,3.94643187032776,0.19603322338571344,0.04967353544340611,19,0,0.005187646870592699
2025-08-14,3.927244952058273,0.19603322338571344,0.04991622009291074,19,0,-0.0048618394792898645
2025-08-15,3.9493850997283917,0.19603322338571344,0.04963639109267797,19,0,0.00563757747234872
2025-08-18,3.9794956619390933,0.3930145760532685,0.09875989558479976,18,0,0.007624113995055248
2025-08-19,4.016702345458169,0.3930145760532685,0.09784508341716291,18,0,0.009349597707802637
2025-08-20,4.040036768080824,0.3930145760532685,0.09727995031093885,18,0,0.005809348220447319
2025-08-21,4.050652025492555,-2.7755575615628914e-16,-6.852125396343782e-17,20,0,0.002627515050258822
2025-08-22,4.065373524984247,-2.7755575615628914e-16,-6.82731253230574e-17,20,0,0.0036343530372500155
2025-08-25,4.085310580104123,0.18622621664517042,0.045584347381594684,19,0,0.004904113975591651
2025-08-26,4.073184151807944,0.3903905936380224,0.0958440814576826,18,0,-0.0029683002206087883
2025-08-27,3.9589282618192754,0.3903905936380224,0.09861017119280241,18,0,-0.028050754822355528
2025-08-28,3.9747194945876183,0.3903905936380224,0.09821840111474983,18,0,0.003988764565560965
2025-08-29,3.96173052181082,0.3903905936380224,0.09854042103287314,18,0,-0.0032678967143430215
2025-09-01,3.9452895750057166,0.5956000363279712,0.15096484681409175,17,0,-0.0041499407177216785
2025-09-02,3.920908802660601,0.5956000363279712,0.1519035678472849,17,0,-0.0061797168196660035
2025-09-03,3.947374319811188,0.5956000363279712,0.15088511706091762,17,0,0.006749842570331843
2025-09-04,3.971044557032765,0.5956000363279712,0.1499857349304119,17,0,0.005996451135322989
2025-09-05,4.048714320913328,0.5956000363279712,0.14710843717756134,17,0,0.019559026035859794
2025-09-08,4.084722529804242,0.5956000363279712,0.14581162661164035,17,0,0.008893739107478371
2025-09-09,4.072337967030475,0.5956000363279712,0.14625506064327937,17,0,-0.0030319226540855837
2025-09-10,4.059211521656542,0.5956000363279712,0.1467280118688937,17,0,-0.003223319253019885
2025-09-11,4.08933082973589,-5.551115123125783e-17,-1.3574629576947929e-17,20,0,0.007419989798180371
2025-09-12,4.091586282324606,-5.551115123125783e-17,-1.3567146676354472e-17,20,0,0.0005515456397695573
2025-09-15,4.064045923798955,-5.551115123125783e-17,-1.365908561864074e-17,20,0,-0.006730973423345277
2025-09-16,4.062638952178323,-5.551115123125783e-17,-1.3663816028124681e-17,20,0,-0.00034619973470106924
2025-09-17,4.068625511480842,-5.551115123125783e-17,-1.3643711143878083e-17,20,0,0.0014735641963234958
2025-09-18,4.017769633907805,-5.551115123125783e-17,-1.3816409672364913e-17,20,0,-0.012499522855945244
2025-09-19,4.001738015430935,-5.551115123125783e-17,-1.3871760474374781e-17,20,0,-0.0039901786159095565
2025-09-22,3.988244835096736,-5.551115123125783e-17,-1.391869193755538e-17,20,1,-0.0033718300104026433
2025-09-23,3.988642353919499,-1.6653345369377348e-16,-4.1751914289865294e-17,21,1,9.967262271981525e-05
2025-09-24,4.0451942444884095,-1.6653345369377348e-16,-4.116822175367125e-17,21,1,0.01417823047316813
2025-09-25,4.0556004986153065,-1.6653345369377348e-16,-4.106258832708808e-17,21,1,0.00257249800576953
2025-09-26,4.072484939113707,-1.6653345369377348e-16,-4.0892343663280947e-17,21,1,0.00416324056182682
2025-09-29,4.131305620618884,-1.6653345369377348e-16,-4.0310126867066836e-17,21,1,0.014443437455161634
2025-09-30,4.1738603706931166,-1.6653345369377348e-16,-3.9899143455562874e-17,21,1,0.010300557252856501
2025-10-09,4.212210907871104,-2.7625471354930653e-16,-6.558425482282619e-17,22,2,0.00918826548373941
2025-10-10,4.262640317807493,-2.7625471354930653e-16,-6.480835654728647e-17,22,1,0.011972194897020616
2025-10-13,4.207416106505583,-1.6653345369377348e-16,-3.958093268604368e-17,20,0,-0.012955400217843138
2025-10-14,4.183456467794572,-1.6653345369377348e-16,-3.980762199291304e-17,20,0,-0.005694620666105488
2025-10-15,4.188598332853286,0.20528165911346283,0.04900963109862681,19,0,0.0012290949118982653
2025-10-16,4.161337759285371,0.20528165911346283,0.049330689068775795,19,0,-0.006508280670910027
2025-10-17,4.140845363760299,0.39443610411195995,0.09525497077576758,18,0,-0.0049244730205680876
2025-10-20,4.163675269304512,0.39443610411195995,0.09473267692603833,18,0,0.005513344145621657
2025-10-21,4.170688762035832,-1.942890293094024e-16,-4.658439897935812e-17,20,0,0.001684447580008186
2025-10-22,4.155082843207691,-1.942890293094024e-16,-4.675936356527919e-17,20,0,-0.003741808540161373
2025-10-23,4.158968756090919,-1.942890293094024e-16,-4.671567417400311e-17,20,0,0.0009352191111136055
2025-10-24,4.162744194349239,-1.942890293094024e-16,-4.667330497346969e-17,20,0,0.0009077823084846504
2025-10-27,4.227903078803454,-1.942890293094024e-16,-4.5953993194278346e-17,20,0,0.015652867774739843
2025-10-28,4.2207865799818,-1.942890293094024e-16,-4.6031474377517605e-17,20,0,-0.0016832218452056402
2025-10-29,4.246836413709011,-1.942890293094024e-16,-4.574912014087173e-17,20,0,0.0061717959990583715
2025-10-30,4.210607634708993,-1.942890293094024e-16,-4.614275329475819e-17,20,0,-0.00853076866419189
2025-10-31,4.214182183952072,3.443426099813962e-16,8.171042326852388e-17,20,0,0.0008489390494648141
2025-11-03,4.228051244183195,3.443426099813962e-16,8.144239274657106e-17,20,0,0.003291044294178258
2025-11-04,4.206047191266924,0.19615140719836047,0.04663556975909173,19,0,-0.00520430137797967
2025-11-05,4.2390329293163305,0.19615140719836047,0.04627267833703658,19,0,0.007842455528767056
2025-11-06,4.238204961529281,0.19615140719836047,0.04628171808085061,19,0,-0.00019531997058186423
2025-11-07,4.236705803245727,0.39322224112414683,0.09281320426424239,18,0,-0.00035372481915374454
2025-11-10,4.262506339427361,0.39322224112414683,0.09225141496844638,18,0,0.0060897634577006254
2025-11-11,4.261783096592387,-5.273546303127351e-16,-1.237403730692898e-16,20,0,-0.00016967548605950622
2025-11-12,4.2392542024073165,-5.273546303127351e-16,-1.2439797311830694e-16,20,0,-0.005286260157886469
2025-11-13,4.2725680909785595,-5.273546303127351e-16,-1.2342802246410856e-16,20,0,0.007858431455307624
2025-11-14,4.241363746473173,-5.273546303127351e-16,-1.2433610080041991e-16,20,0,-0.007303416549703234
2025-11-17,4.222466959729245,-5.273546303127351e-16,-1.2489254157397842e-16,20,0,-0.004455356313082248
2025-11-18,4.167878161980306,-5.273546303127351e-16,-1.2652832204244913e-16,20,0,-0.012928176411933334
2025-11-19,4.16845307931893,0.37022548355671203,0.08881603715141301,18,0,0.00013794005397471665
2025-11-20,4.1529993734197,0.37022548355671203,0.08914653007805722,18,0,-0.0037072999516056804
2025-11-21,4.129358579633674,1.1102230246251565e-16,2.6886089043002103e-17,20,0,-0.005692462642140739
2025-11-24,4.147576374872976,0.20093623462478213,0.04844666293358758,19,0,0.0044117736176154665
2025-11-25,4.159611519056366,0.20093623462478213,0.04830649057111126,19,0,0.0029017293705069225
2025-11-26,4.126135731285959,0.20093623462478213,0.04869840638086765,19,0,-0.00804781591190551
2025-11-27,4.110708678712037,0.20093623462478213,0.048881166321846796,19,0,-0.003738862116664743
2025-11-28,4.160176645898755,0.20093623462478213,0.04829992851935073,19,0,0.012033926763746594
2025-12-01,4.153779744086762,0.20093623462478213,0.04837431135120512,19,0,-0.0015376514885008241
2025-12-02,4.129628676529846,0.20093623462478213,0.04865721602689716,19,0,-0.005814238848676823
2025-12-03,4.123073975205521,0.20093623462478213,0.04873456936090169,19,0,-0.0015872374583160154
2025-12-04,4.133474040870155,0.20093623462478213,0.04861195029604739,19,0,0.0025224057892667684
2025-12-05,4.183257044740413,0.20093623462478213,0.04803344199884112,19,0,0.012043865130886067
2025-12-08,4.181966250180836,0.20093623462478213,0.0480482678730593,19,0,-0.0003085620954610402
2025-12-09,4.153828449558939,0.20093623462478213,0.04837374414105086,19,0,-0.006728366260889906
2025-12-10,4.159353581869907,0.20093623462478213,0.04830948623859188,19,0,0.001330130114438166
2025-12-11,4.103291667083624,7.494005416219807e-16,1.8263399300459916e-16,20,0,-0.013478516236429039
2025-12-12,4.104207675952465,7.494005416219807e-16,1.8259323133497793e-16,20,0,0.00022323757196907046
2025-12-15,4.10534476193427,7.494005416219807e-16,1.825426572137376e-16,20,0,0.0002770537145249108
2025-12-16,4.071111243137376,7.494005416219807e-16,1.8407763798772048e-16,20,0,-0.008338768308648548
2025-12-17,4.127159477192205,7.494005416219807e-16,1.8157780084907548e-16,20,0,0.013767305953456432
2025-12-18,4.157428413519299,7.494005416219807e-16,1.802557896571469e-16,20,0,0.007334084494279525
2025-12-19,4.159085778832641,7.494005416219807e-16,1.8018395904119102e-16,20,0,0.0003986515577640848
2025-12-22,4.157718466405115,0.1973895692622903,0.04747545339041656,19,0,-0.00032875312033342485
2025-12-23,4.124636212095767,-3.0531133177191805e-16,-7.402139632983206e-17,20,0,-0.007956828865796628
2025-12-24,4.155629037383568,0.4114404290934175,0.09900797818865593,18,0,0.007514074864811482
2025-12-25,4.178823427293148,0.4114404290934175,0.09845843842220678,18,0,0.0055814389833468425
2025-12-26,4.176420470205585,0.4114404290934175,0.09851508774765781,18,0,-0.0005750319747583887
2025-12-29,4.143515369481605,0.4114404290934175,0.09929743041954561,18,0,-0.00787878063492975
2025-12-30,4.165968681941057,0.4114404290934175,0.09876224727203527,18,0,0.0054189041085326295
2025-12-31,4.16513322518068,0.0,0.0,20,0,-0.00020054321675488929
2026-01-05,4.198087318630414,0.2044554554882218,0.04870204928346356,19,0,0.007911894210371528
2026-01-06,4.23890244601975,0.2044554554882218,0.0482331117764226,19,0,0.009722315019081718
2026-01-07,4.240649965852786,0.2044554554882218,0.04821323550271055,19,0,0.0004122576198175576
2026-01-08,4.241340612632892,0.2044554554882218,0.04820538460864199,19,0,0.00016286342557569888
2026-01-09,4.260062383629888,0.2044554554882218,0.047993535558042845,19,0,0.004414116362461806
2026-01-12,4.283426863052809,0.40186260684775343,0.09381801527045215,18,0,0.00548453926700776
2026-01-13,4.23749898062336,5.273559366969494e-16,1.244498085093043e-16,20,0,-0.01072222869628181
2026-01-14,4.22275101520325,5.273559366969494e-16,1.2488444968654317e-16,20,0,-0.003480346659090028
2026-01-15,4.224070392628455,5.273559366969494e-16,1.248454423527726e-16,20,0,0.00031244499627258726
2026-01-16,4.199819303402992,5.273559366969494e-16,1.2556633954933444e-16,20,0,-0.0057411659776750446
2026-01-19,4.251254103989681,0.19233598540541494,0.04524217576759598,19,0,0.01224690799078254
2026-01-20,4.2044340043683475,0.19233598540541494,0.045745987499287794,19,0,-0.011013244204197137
2026-01-21,4.222408309173966,2.909998630951094e-16,6.891798276894684e-17,20,0,0.004275083111530353
2026-01-22,4.258883075812101,0.21776617950807559,0.051132227777009605,19,0,0.008638379798298068
2026-01-23,4.3091620024593755,0.21776617950807559,0.0505356214001213,19,0,0.011805660252292238
2026-01-26,4.228860181299115,0.4247487611865508,0.10044048348178469,18,0,-0.018635136278104536
2026-01-27,4.219111248642118,0.4247487611865508,0.10067256731456234,18,0,-0.002305333408777366
2026-01-28,4.267581385826359,0.4247487611865508,0.09952915311638608,18,0,0.01148823397340859
2026-01-29,4.256688943790896,0.6449424630106535,0.15151270659591223,17,0,-0.0025523689065755084
2026-01-30,4.205449789428689,0.6449424630106535,0.15335873576040698,17,0,-0.012037326438180895
2026-02-02,4.134653426353572,5.551115123125783e-17,1.342582932766245e-17,20,0,-0.016834433085630707
2026-02-03,4.258952815126515,5.551115123125783e-17,1.3033990664113248e-17,20,0,0.030062831380419874
2026-02-04,4.254467790728574,5.551115123125783e-17,1.3047730988169401e-17,20,0,-0.0010530814950593381
2026-02-05,4.166697368310214,5.551115123125783e-17,1.332257812949111e-17,20,0,-0.02063017673083123
2026-02-06,4.200166698854863,0.19111721887567218,0.04550229373700299,19,0,0.008032580143496837
2026-02-09,4.230324206722674,0.6021908455576139,0.1423509915860904,17,0,0.007180074037545392
2026-02-10,4.215720136536924,0.6021908455576139,0.14284412296217888,17,0,-0.003452234266712151
2026-02-11,4.204209801416318,1.6653345369377348e-16,3.961111874998996e-17,20,0,-0.0027303366323698786
2026-02-12,4.1782105068144695,1.6653345369377348e-16,3.985760253634063e-17,20,0,-0.006184109697163431
2026-02-13,4.14920221465637,0.4187374703034348,0.10091999585470045,18,0,-0.006942755064827
2026-02-24,4.18782456262948,0.4187374703034348,0.09998925791688729,18,0,0.009308379291971702
2026-02-25,4.21683796234998,-5.551115123125783e-17,-1.316416512251334e-17,20,0,0.006928036092868961
2026-02-26,4.190004155792843,-5.551115123125783e-17,-1.3248471640418666e-17,20,0,-0.006363490083499235
2026-02-27,4.196538338763775,-5.551115123125783e-17,-1.3227843224616034e-17,20,0,0.0015594693293796702
2026-03-02,4.164469390922048,0.40350016114915277,0.09689113384498055,18,0,-0.007641762150843001
2026-03-03,4.12955397661512,0.40350016114915277,0.09771034921303791,18,0,-0.008384120767711445
2026-03-04,4.139082055060922,0.5861297089856248,0.1416086226821608,17,0,0.0023072899639422495
2026-03-05,4.148046843990027,0.5861297089856248,0.14130257709959312,17,0,0.0021658881872475
2026-03-06,4.1524845192909785,0.5861297089856248,0.14115156992462533,17,0,0.001069822851055946
2026-03-09,4.159684960988677,0.5861297089856248,0.14090723563986277,17,0,0.001734008077392657
2026-03-10,4.183613836131641,0.5861297089856248,0.14010129327031456,17,0,0.005752569092943194
2026-03-11,4.191695792186121,-6.106226635438361e-16,-1.4567437472015932e-16,20,0,0.0019318121535694122
2026-03-12,4.144102937627422,-6.106226635438361e-16,-1.4734736871508053e-16,20,0,-0.011354081240203207
2026-03-13,4.07817195846023,0.197343557384701,0.04839020016684407,19,0,-0.01590959012348747
2026-03-16,4.0687874867067135,0.3697930016142359,0.09088530743431558,18,0,-0.0023011466532322222
2026-03-17,4.033051976449444,0.3697930016142359,0.09169061142122659,18,0,-0.00878284018863651
2026-03-18,4.062375544808807,0.3697930016142359,0.09102875830541657,18,0,0.007270813401512033
2026-03-19,4.026978610408455,0.3697930016142359,0.09182889639851549,18,0,-0.008713358479519484
2026-03-20,4.00511775468798,0.3697930016142359,0.0923301196778532,18,0,-0.00542859990961253
2026-03-23,3.997643264726474,-9.063930161978817e-17,-2.2673184078117055e-17,20,0,-0.0018662347574567306
2026-03-24,4.09935963162388,-9.063930161978817e-17,-2.2110600133875837e-17,20,0,0.025444082966308734
2026-03-25,4.12895522561657,-9.063930161978817e-17,-2.1952115406205005e-17,20,0,0.007219565164368502
2026-03-26,4.059761768285523,-9.063930161978817e-17,-2.232626119292365e-17,20,0,-0.016758103091494392
2026-03-27,4.078009658226707,-9.063930161978817e-17,-2.2226357761791576e-17,20,0,0.004494817918562211
2026-03-30,4.014410358496909,-9.063930161978817e-17,-2.2578484391347993e-17,20,0,-0.015595671678093392
2026-03-31,3.9564529459725075,-1.6653345369377348e-16,-4.209160477020132e-17,20,0,-0.014437341315077346
2026-04-01,4.024931528987194,-1.6653345369377348e-16,-4.137547496011163e-17,20,0,0.017308074669356133
2026-04-02,3.973392998869438,-1.6653345369377348e-16,-4.191215259632203e-17,20,0,-0.012804821584312731
2026-04-03,3.9796493120874743,0.1917552827913196,0.04818396490587679,19,0,0.0015745518300900319
2026-04-07,4.001209463852314,0.1917552827913196,0.04792433001163104,19,0,0.005417600917587029
2026-04-08,4.075182521619222,0.1917552827913196,0.04705440352034295,19,0,0.018487674398252496
2026-04-09,4.047336711243731,0.1917552827913196,0.047378139372148735,19,0,-0.006833021644494841
2026-04-10,4.037659718539794,0.1917552827913196,0.047491689780303534,19,0,-0.0023909532105528264
2026-04-13,4.037482009210157,6.091860956652928e-17,1.508826774399588e-17,20,0,-4.4012953548722145e-05
2026-04-14,4.073749199244348,6.091860956652928e-17,1.49539420781793e-17,20,0,0.0089826257928729
2026-04-15,4.103251645065035,6.091860956652928e-17,1.4846422992310465e-17,20,0,0.007242086927236269
2026-04-16,4.129655964477883,0.3922564578089304,0.09498526298147063,18,0,0.006434974429268436
2026-04-17,4.166489939411273,0.3922564578089304,0.09414554301416518,18,0,0.00891938099692191
2026-04-20,4.218942749895103,0.3922564578089304,0.09297506059277132,18,0,0.01258920848162215
2026-04-21,4.244122766057259,3.885780586188048e-16,9.155674329840116e-17,20,0,0.005968323737690628
2026-04-22,4.254079215965158,0.20639316348790612,0.04851653037238518,19,0,0.0023459382437109877
2026-04-23,4.261019575327971,0.20639316348790612,0.04843750652612761,19,0,0.0016314598319577822
2026-04-24,4.248820728807269,0.20639316348790612,0.04857657610464655,19,0,-0.0028628937992529746
2026-04-27,4.26244909178162,0.20639316348790612,0.04842126182476888,19,0,0.003207563661594248
2026-04-28,4.2519757274947505,0.20639316348790612,0.04854053191162318,19,0,-0.0024571236069570457
2026-04-29,4.2644360980969696,0.20639316348790612,0.04839870002507725,19,1,0.0029304895890269744
2026-04-30,4.204603411759657,0.3802766357638435,0.09044292612717426,18,1,-0.01403062092172358
2026-05-06,4.223678026628623,2.7755575615628914e-16,6.571423162618212e-17,20,0,0.004536602623595121
2026-05-07,4.223661606922366,2.7755575615628914e-16,6.571448709370785e-17,20,0,-3.887537391444873e-06
2026-05-08,4.250091729382028,2.7755575615628914e-16,6.530582722190947e-17,20,0,0.0062576325755701045
2026-05-11,4.292365375442726,0.21319776875739077,0.04966906358371251,19,0,0.00994652556989517
2026-05-12,4.246505579388319,-2.220446049250313e-16,-5.22887820995199e-17,20,0,-0.01068403829664133
2026-05-13,4.254134586839211,-2.220446049250313e-16,-5.2195011792047875e-17,20,0,0.0017965377198423393
2026-05-14,4.215899187608162,-2.220446049250313e-16,-5.2668385804311783e-17,20,0,-0.008987820777775823
2026-05-15,4.190643576737202,-2.220446049250313e-16,-5.2985800595791375e-17,20,0,-0.005990563281302985
2026-05-18,4.20729675874944,-2.220446049250313e-16,-5.27760739632331e-17,20,0,0.003973896063287796
2026-05-19,4.249084149491016,-2.220446049250313e-16,-5.2257050487368983e-17,20,0,0.009932123436426465
2026-05-20,4.252181406026266,0.21372295155234675,0.05026195525182788,19,0,0.0007289233223637392
2026-05-21,4.219467708490585,-3.3306690738754696e-16,-7.893576403424918e-17,20,0,-0.007693391793990423
2026-05-22,4.219850158298447,-3.3306690738754696e-16,-7.8928609996391e-17,20,0,9.063934938824403e-05
2026-05-25,4.19834313467739,0.19098320374330435,0.04549013685085079,19,0,-0.005096632063762652
2026-05-26,4.172455419193853,0.19098320374330435,0.04577237730683857,19,0,-0.006166174286639348
2026-05-27,4.146400417258367,0.19098320374330435,0.04606000012646727,19,0,-0.006244524942226937
2026-05-28,4.157721941307584,0.19098320374330435,0.045934578223199074,19,0,0.0027304463896187237
2026-05-29,4.1414251901376335,0.37873715503001604,0.09145092272388224,18,0,-0.003919634694191543
2026-06-01,4.172482712076029,0.37873715503001604,0.09077021552033572,18,0,0.007499235290391315
2026-06-02,4.17175198599081,0.5712934637128412,0.13694329519858942,17,0,-0.00017512980535627776
2026-06-03,4.15367458981071,0.5712934637128412,0.13753929234472745,17,0,-0.004333286408397696
2026-06-04,4.123862350860414,0.5712934637128412,0.13853359183864244,17,0,-0.007177316928829058
2026-06-05,4.134233269062362,0.5712934637128412,0.13818607382123113,17,0,0.002514855569750951
2026-06-08,4.1186512400372575,0.5712934637128412,0.1387088710399459,17,0,-0.003769025115662683
2026-06-09,4.132660882153987,0.5712934637128412,0.13823865059430596,17,0,0.0034015121213815114
2026-06-10,4.099551903750625,0.5712934637128412,0.13935509956348457,17,0,-0.008011540106359849
2026-06-11,4.115452373190695,7.806255641895632e-17,1.896815935168622e-17,20,0,0.0038785871757160972
2026-06-12,4.152845909951438,7.806255641895632e-17,1.879736405145578e-17,20,1,0.009086130361837252
2026-06-15,4.156880274910257,7.806255641895632e-17,1.8779120700232726e-17,20,1,0.0009714699380374281
2026-06-16,4.160209616013683,7.806255641895632e-17,1.8764092106915503e-17,20,1,0.0008009230199677031
2026-06-17,4.124602449149996,7.806255641895632e-17,1.8926080120774685e-17,20,1,-0.008558983837407164
2026-06-18,4.067809314682754,7.806255641895632e-17,1.9190318517927964e-17,20,1,-0.013769359633422518
2026-06-22,4.08213725718749,7.806255641895632e-17,1.91229621888657e-17,20,1,0.003522274865004116
2026-06-23,4.058979036634611,-5.551115123125783e-17,-1.3676136469352981e-17,21,1,-0.0056730626859996525
2026-06-24,4.023605471531382,-5.551115123125783e-17,-1.3796370350925663e-17,21,1,-0.0087148922879281
2026-06-25,4.015205695026054,-5.551115123125783e-17,-1.3825232241532179e-17,21,1,-0.0020876242874107165
2026-06-26,3.9895322947272125,0.19879236786802182,0.04982848945244957,20,1,-0.006394043605448596
2026-06-29,4.022811070044119,0.19879236786802182,0.04941628239723463,20,0,0.008341522980247484
2026-06-30,4.087209972951396,0.19879236786802182,0.04863766950648556,20,0,0.016008433353190243
2026-07-01,4.13109982252834,1.6653345369377348e-16,4.031213498778412e-17,20,0,0.010738339813075592
2026-07-02,4.181039796612559,1.6653345369377348e-16,3.9830631085764215e-17,20,0,0.012088784156673915
2026-07-03,4.218324452566232,1.6653345369377348e-16,3.947857865519621e-17,20,0,0.008917555863467319
2026-07-06,4.212507610121718,1.6653345369377348e-16,3.953309266281933e-17,20,0,-0.0013789461929546443
2026-07-07,4.178027396735433,1.6653345369377348e-16,3.9859349372360985e-17,20,0,-0.008185199073216354
2026-07-08,4.152860253807845,1.6653345369377348e-16,4.0100904801955574e-17,20,0,-0.006023690258051495
2026-07-09,4.128515028380085,1.6653345369377348e-16,4.0337373740678035e-17,20,0,-0.005862278993240322
2026-07-10,4.134360113938102,1.6653345369377348e-16,4.0280345471683013e-17,20,0,0.0014157840089805696
2026-07-13,4.094829525812308,-6.938893903907228e-18,-1.6945501296615593e-18,20,0,-0.009561476754897269
2026-07-14,4.1411938152764005,-6.938893903907228e-18,-1.6755781577549994e-18,20,0,0.011322642169064423
2026-07-15,4.153853060490176,0.1896342312473665,0.04565260939321447,19,0,0.003056907205617243
2026-07-16,4.132431038695986,0.1896342312473665,0.045889266988761834,19,0,-0.005157144820058246
2026-07-17,4.136946694670099,0.37167394104196344,0.08984257436065479,18,0,0.0010927359541703652
