date,nav,cash,cash_weight,holdings,locked_today,daily_return
2019-01-22,0.9975756219109886,-2.7755575615628914e-16,-2.7823029157889227e-16,20,0,-0.002424378089011414
2019-01-23,0.9985081050504898,-2.7755575615628914e-16,-2.7797045888000524e-16,20,0,0.0009347493252842565
2019-01-24,1.001358338379875,-2.7755575615628914e-16,-2.771792529389171e-16,20,0,0.00285449193148124
2019-01-25,1.006994797400726,-2.7755575615628914e-16,-2.7562779556828027e-16,20,0,0.00562881318786479
2019-01-28,1.0053998220080325,0.049031847917478125,0.04876850666190628,19,0,-0.0015838963585617094
2019-01-29,1.0026944153060522,0.049031847917478125,0.048900090764455034,19,0,-0.0026908764481148317
2019-01-30,1.0019716801010428,0.049031847917478125,0.048935363035942855,19,0,-0.000720793089077687
2019-01-31,1.0023603494316962,1.3877787807814457e-17,1.3845108513802132e-17,20,0,0.00038790450705583623
2019-02-01,1.0115642242800535,1.3877787807814457e-17,1.3719136634840462e-17,20,0,0.009182201643925358
2019-02-11,1.0177213207994944,1.3877787807814457e-17,1.3636137441743327e-17,20,0,0.006086708457708534
2019-02-12,1.0245515873521656,0.0,0.0,20,0,0.006711332869891562
2019-02-13,1.03377182449537,0.0,0.0,20,0,0.00899929028174462
2019-02-14,1.036416519979593,0.0,0.0,20,0,0.0025582971227853246
2019-02-15,1.0352262031961161,0.0,0.0,20,0,-0.0011484926769599335
2019-02-18,1.0529084677243383,0.0,0.0,20,0,0.017080580527840894
2019-02-19,1.0461361949587555,0.0,0.0,20,0,-0.0064319672347395995
2019-02-20,1.0456861655015017,0.0,0.0,20,0,-0.00043018247473169957
2019-02-21,1.0529276391664097,-1.3877787807814457e-17,-1.3180191393590291e-17,20,0,0.006925092732230187
2019-02-22,1.070899778694582,-1.3877787807814457e-17,-1.2958997736213342e-17,20,0,0.017068731847898366
2019-02-25,1.0976796714405492,-1.3877787807814457e-17,-1.2642839408332873e-17,20,0,0.025006908469634492
2019-02-26,1.0925462161657744,-1.3877787807814457e-17,-1.270224325751429e-17,20,0,-0.004676642383326546
2019-02-27,1.0852133009730487,-1.3877787807814457e-17,-1.2788073824169902e-17,20,0,-0.006711766590945856
2019-02-28,1.0893942531532637,-1.3877787807814457e-17,-1.2738994875037249e-17,20,0,0.003852654751343554
2019-03-01,1.0945859116152952,1.3877787807814457e-17,1.267857338610801e-17,20,0,0.004765637827631508
2019-03-04,1.1116257362736472,1.3877787807814457e-17,1.2484226799511758e-17,20,0,0.015567370708440942
2019-03-05,1.1276086672737256,1.3877787807814457e-17,1.2307273090909687e-17,20,0,0.01437797855747358
2019-03-06,1.1404721751909745,1.3877787807814457e-17,1.2168458038435345e-17,20,0,0.011407776731931163
2019-03-07,1.1334967886337404,1.3877787807814457e-17,1.2243341090134044e-17,20,0,-0.006116226865478858
2019-03-08,1.1205468782339656,1.3877787807814457e-17,1.2384834652956689e-17,20,0,-0.011424743792511238
2019-03-11,1.154225897987444,1.3877787807814457e-17,1.2023459040394381e-17,20,0,0.030055877543077925
2019-03-12,1.167217973172893,1.3877787807814457e-17,1.1889628267194976e-17,20,0,0.01125609398307792
2019-03-13,1.1501281860833927,1.3877787807814457e-17,1.2066296588272826e-17,20,0,-0.014641470130077328
2019-03-14,1.1296254576685956,1.3877787807814457e-17,1.2285300152898873e-17,20,0,-0.017826472442707852
2019-03-15,1.139293802254818,1.3877787807814457e-17,1.2181043889072705e-17,20,0,0.008558894030395336
2019-03-18,1.1591593279949932,1.3877787807814457e-17,1.1972286701793595e-17,20,0,0.017436701315199477
2019-03-19,1.170756287374206,1.3877787807814457e-17,1.1853694878666694e-17,20,0,0.01000462930257573
2019-03-20,1.1694084905943947,1.3877787807814457e-17,1.1867356804259702e-17,20,0,-0.00115121891237846
2019-03-21,1.1815699522060532,-3.4693931941147285e-17,-2.936257127762253e-17,20,0,0.010399669328103656
2019-03-22,1.1797174867378966,-3.4693931941147285e-17,-2.9408678205729946e-17,20,0,-0.0015678000821686133
2019-03-25,1.1688234381761056,-3.4693931941147285e-17,-2.968278253838368e-17,20,0,-0.009234455438915878
2019-03-26,1.1427779467189556,-3.4693931941147285e-17,-3.035929424500838e-17,20,0,-0.02228351229659864
2019-03-27,1.145356516788975,-3.4693931941147285e-17,-3.0290945598678975e-17,20,0,0.0022564051725209033
2019-03-28,1.1406295607780657,-3.4693931941147285e-17,-3.041647624622429e-17,20,0,-0.004127060824835049
2019-03-29,1.1626342041640523,-3.4693931941147285e-17,-2.984079757578836e-17,20,0,0.01929166500908197
2019-04-01,1.1907287240244877,-3.4693931941147285e-17,-2.913672211071461e-17,20,0,0.024164539250447925
2019-04-02,1.1944955553258207,-3.4693931941147285e-17,-2.9044839712010374e-17,20,0,0.0031634672325713264
2019-04-03,1.1984103160043527,-3.4693931941147285e-17,-2.8949961025720406e-17,20,0,0.003277333817675032
2019-04-04,1.2039582811532725,-3.4693931941147285e-17,-2.8816556590244925e-17,20,0,0.004629437075789999
2019-04-08,1.1995943617668527,-3.4693931941147285e-17,-2.892138630098882e-17,20,0,-0.003624643357442281
2019-04-09,1.1946286086309472,-3.4693931941147285e-17,-2.9041604805452276e-17,20,1,-0.004139526905237889
2019-04-10,1.1896627575530159,-3.4693931941147285e-17,-2.9162829315181945e-17,20,1,-0.0041568158020443
2019-04-11,1.169750551339364,-6.938893903907228e-17,-5.9319432642816e-17,21,1,-0.016737689809344536
2019-04-12,1.1663874351389076,-6.938893903907228e-17,-5.949047198953116e-17,21,1,-0.0028750712676353096
2019-04-15,1.158447218558506,-6.938893903907228e-17,-5.989823094867907e-17,21,1,-0.006807529249023503
2019-04-16,1.1572004873568311,-6.938893903907228e-17,-5.99627634080625e-17,21,1,-0.0010762088955819094
2019-04-17,1.163563520182064,-6.938893903907228e-17,-5.963485261914616e-17,21,0,0.005498643402550574
2019-04-18,1.169932116326774,-6.938893903907228e-17,-5.931022669668404e-17,21,0,0.005473354943023256
2019-04-19,1.1757344189073844,-6.938893903907228e-17,-5.901752804307265e-17,21,0,0.0049595207274315545
2019-04-22,1.1735946022761228,-6.938893903907228e-17,-5.912513478205866e-17,21,0,-0.0018199829798724032
2019-04-23,1.1544367730319636,-8.326672684688674e-17,-7.212757666078027e-17,20,0,-0.01632406046091528
2019-04-24,1.151268512705239,-8.326672684688674e-17,-7.23260698333766e-17,20,0,-0.0027444208299112205
2019-04-25,1.133205749646612,-8.326672684688674e-17,-7.347891313898937e-17,20,0,-0.015689444173352274
2019-04-26,1.1272649856360408,-8.326672684688674e-17,-7.386615206530597e-17,20,0,-0.005242440759256395
2019-04-29,1.102622106572515,-8.326672684688674e-17,-7.551701199400052e-17,20,0,-0.02186076865469344
2019-04-30,1.1116391511189094,-8.326672684688674e-17,-7.490445686720861e-17,20,0,0.008177819483797366
2019-05-06,1.0729280030334303,1.3877787807814457e-17,1.293450051501923e-17,20,0,-0.03482348390349044
2019-05-07,1.0741803779116372,1.3877787807814457e-17,1.2919420325657869e-17,20,0,0.0011672496893231354
2019-05-08,1.0806230792926752,1.3877787807814457e-17,1.2842394423870904e-17,20,0,0.005997783532001977
2019-05-09,1.0807921732315255,1.3877787807814457e-17,1.2840385183693942e-17,20,0,0.0001564781856788766
2019-05-10,1.1000605228355576,1.3877787807814457e-17,1.2615476621270389e-17,20,0,0.017827987730907102
2019-05-13,1.092394885255706,-4.9873299934333204e-18,-4.5655010479712144e-18,20,0,-0.006968378030776323
2019-05-14,1.0944052622841467,-4.9873299934333204e-18,-4.5571144121001414e-18,20,0,0.001840339107748834
2019-05-15,1.10730973845665,-4.9873299934333204e-18,-4.504006259698012e-18,20,0,0.011791314074614423
2019-05-16,1.1103936079856465,-4.9873299934333204e-18,-4.491497391164548e-18,20,0,0.002785010753445283
2019-05-17,1.0946479026171447,-4.9873299934333204e-18,-4.5561042792932194e-18,20,0,-0.01418029179496616
2019-05-20,1.0859873946441956,-4.9873299934333204e-18,-4.592438197744763e-18,20,0,-0.007911683704178385
2019-05-21,1.0935477162688299,-5.551096266583862e-17,-5.076226838572831e-17,20,0,0.006961702927602786
2019-05-22,1.0900891452286257,-5.551096266583862e-17,-5.0923323939893225e-17,20,0,-0.003162707021148403
2019-05-23,1.0829953440865123,-5.551096266583862e-17,-5.125688025248266e-17,20,0,-0.006507542225480556
2019-05-24,1.0794573450866498,-5.551096266583862e-17,-5.1424878359952855e-17,20,0,-0.003266864459926855
2019-05-27,1.0831459443644487,-5.551096266583862e-17,-5.124975351166593e-17,20,0,0.0034170866450520254
2019-05-28,1.0828510495093757,-5.551096266583862e-17,-5.126371045305801e-17,20,0,-0.0002722577290782402
2019-05-29,1.0828098868221117,-5.551096266583862e-17,-5.126565922735999e-17,20,0,-3.801324963637054e-05
2019-05-30,1.0777449493512978,-5.551096266583862e-17,-5.1506585764332326e-17,20,0,-0.004677587019156881
2019-05-31,1.076995313900417,-2.0816681711721685e-17,-1.932847937502398e-17,20,0,-0.0006955592335015082
2019-06-03,1.0671167919867024,-2.0816681711721685e-17,-1.9507407125480868e-17,20,0,-0.009172297953589759
2019-06-04,1.057692275853602,-2.0816681711721685e-17,-1.9681226938073033e-17,20,0,-0.008831756939701285
2019-06-05,1.0582750900469076,-2.0816681711721685e-17,-1.967038807537178e-17,20,0,0.0005510243448030305
2019-06-06,1.0456292760381467,-2.0816681711721685e-17,-1.9908281251071484e-17,20,0,-0.011949458253052492
2019-06-10,1.051968733314817,-2.0816681711721685e-17,-1.9788308390238046e-17,20,0,0.006062815399249688
2019-06-11,1.0673374221246539,-3.469446951953614e-17,-3.250562455729599e-17,20,0,0.014609453991478505
2019-06-12,1.0705184288835126,-3.469446951953614e-17,-3.240903527062156e-17,20,0,0.002980319712323487
2019-06-13,1.0684534955296394,-3.469446951953614e-17,-3.247167018938701e-17,20,0,-0.001928909674191015
2019-06-14,1.057932780001314,-3.469446951953614e-17,-3.279458787494329e-17,20,0,-0.009846676128014487
2019-06-17,1.0563685900108482,-3.469446951953614e-17,-3.2843147597923043e-17,20,0,-0.0014785343833130238
2019-06-18,1.054659531555167,-3.469446951953614e-17,-3.289636937939279e-17,20,0,-0.0016178618635978026
2019-06-19,1.0610043483958,-3.469446951953614e-17,-3.2699648754496546e-17,20,0,0.006015985871077545
2019-06-20,1.0716329294944287,-3.469446951953614e-17,-3.2375329802439146e-17,20,0,0.010017471761259555
2019-06-21,1.0844035250515054,-8.890457814381136e-18,-8.198477420071896e-18,20,0,0.011916949550161426
2019-06-24,1.0839740142883565,-8.890457814381136e-18,-8.201725961316372e-18,20,0,-0.0003960801982163531
2019-06-25,1.0837607688958406,-8.890457814381136e-18,-8.203339767907386e-18,20,0,-0.0001967255577209892
2019-06-26,1.0883518674668875,-8.890457814381136e-18,-8.168734836715501e-18,20,0,0.00423626569886304
2019-06-27,1.096693282395304,-8.890457814381136e-18,-8.106603694118884e-18,20,0,0.007664262981264436
2019-06-28,1.1013947583672263,-8.890457814381136e-18,-8.071999386996252e-18,20,0,0.004286956113795037
2019-07-01,1.1344765424415006,-8.890457814381136e-18,-7.836616696585044e-18,20,0,0.030036264312095273
2019-07-02,1.1102225342946117,-8.890457814381136e-18,-8.007816036655892e-18,20,0,-0.02137903009849107
2019-07-03,1.1012188720303266,-8.890457814381136e-18,-8.073288644236294e-18,20,0,-0.00810978158536979
2019-07-04,1.101653947356553,-8.890457814381136e-18,-8.07010026670718e-18,20,0,0.00039508524352127594
2019-07-05,1.1065764728950072,-8.890457814381136e-18,-8.034201008378631e-18,20,0,0.004468304725150585
2019-07-08,1.0892415615986808,-8.890457814381136e-18,-8.162062601919636e-18,20,0,-0.015665353205075006
2019-07-09,1.0923400095385247,-8.890457814381136e-18,-8.13891072079017e-18,20,0,0.002844592098832921
2019-07-10,1.0910815821272744,-8.890457814381136e-18,-8.148297945830477e-18,20,0,-0.0011520473481347882
2019-07-11,1.0914555585988557,-8.435092901937224e-17,-7.728297167468444e-17,20,0,0.0003427575698347063
2019-07-12,1.0954495154606414,-8.435092901937224e-17,-7.700120163356164e-17,20,0,0.0036592940778210625
2019-07-15,1.0990735661822935,-8.435092901937224e-17,-7.674730028524925e-17,20,0,0.003308277260160253
2019-07-16,1.1012139271514974,-8.435092901937224e-17,-7.659813133453753e-17,20,0,0.0019474228432574403
2019-07-17,1.1031140251054086,-8.435092901937224e-17,-7.64661921611522e-17,20,0,0.0017254576127876398
2019-07-18,1.0974017528503828,-8.435092901937224e-17,-7.686421932558409e-17,20,0,-0.005178315319198212
2019-07-19,1.104820078341426,-8.435092901937224e-17,-7.634811375441442e-17,20,0,0.006759899436805883
2019-07-22,1.098739327869934,-8.435092901937224e-17,-7.67706469403428e-17,20,0,-0.005503837765711506
2019-07-23,1.1011733464320221,-7.632765588242938e-17,-6.931484141869506e-17,20,0,0.002215283006941071
2019-07-24,1.1067626759959566,-7.632765588242938e-17,-6.896479031852375e-17,20,0,0.005075794453293536
2019-07-25,1.1187744425228006,-7.632765588242938e-17,-6.822434709029727e-17,20,0,0.01085306433561728
2019-07-26,1.1256443156495104,0.06524249989580583,0.057960138019406346,19,0,0.006140534557813604
2019-07-29,1.128714129010431,0.06524249989580583,0.057802501287908384,19,0,0.0027271610740993157
2019-07-30,1.132455306229883,0.06524249989580583,0.05761154505338325,19,0,0.0033145480536616034
2019-07-31,1.1293522805021854,0.0,0.0,20,0,-0.002740086704196787
2019-08-01,1.1319596940209355,0.0,0.0,20,0,0.002308768985343379
2019-08-02,1.1260573965764447,0.0,0.0,20,0,-0.005214229336669041
2019-08-05,1.1194050872600496,0.0,0.0,20,0,-0.005907611225342557
2019-08-06,1.1085286277898914,0.0,0.0,20,0,-0.009716285546620518
2019-08-07,1.1145008067615663,0.0,0.0,20,0,0.005387482850652159
2019-08-08,1.115596114816849,0.0,0.0,20,0,0.0009827790600398512
2019-08-09,1.1145600632287487,0.0,0.0,20,0,-0.0009286977377743755
2019-08-12,1.1291920503477866,0.0,0.0,20,0,0.013128038229407446
2019-08-13,1.1308700032364642,-5.551115123125783e-17,-4.908711971525385e-17,20,0,0.001485976533540878
2019-08-14,1.1334376487885267,-5.551115123125783e-17,-4.897591966403343e-17,20,0,0.0022705046068196566
2019-08-15,1.140679020985142,-5.551115123125783e-17,-4.866500585179158e-17,20,0,0.006388858005868414
2019-08-16,1.1468647217681958,-5.551115123125783e-17,-4.8402527497465164e-17,20,0,0.005422823308972147
2019-08-19,1.1638508757960584,-5.551115123125783e-17,-4.7696102985091577e-17,20,0,0.014810948236051669
2019-08-20,1.162601416755703,-5.551115123125783e-17,-4.774736245046428e-17,20,0,-0.0010735559566432684
2019-08-21,1.1699297283836179,1.3877787807814457e-17,1.1862069550953367e-17,20,0,0.006303374073261425
2019-08-22,1.169236219588536,1.3877787807814457e-17,1.1869105297386499e-17,20,0,-0.0005927781628731754
2019-08-23,1.171339592663851,1.3877787807814457e-17,1.1847791959506554e-17,20,0,0.0017989291129343332
2019-08-26,1.1656524504444234,0.06250294103271584,0.05362056332390122,19,0,-0.004855246296672999
2019-08-27,1.1769535183530047,0.06250294103271584,0.053105700486949285,19,0,0.009695057823000841
2019-08-28,1.18509237690276,0.06250294103271584,0.052740986484165336,19,0,0.00691519114632877
2019-08-29,1.1832007342693747,0.06250294103271584,0.052825306156787794,19,0,-0.0015961984654133676
2019-08-30,1.1741174199000508,0.06250294103271584,0.053233978112714256,19,0,-0.007676900551395249
2019-09-02,1.18670556682146,-1.1102230246251565e-16,-9.355505322173902e-17,20,0,0.010721369692718419
2019-09-03,1.1918014677097797,-1.1102230246251565e-16,-9.315503082561326e-17,20,0,0.0042941577344823845
2019-09-04,1.1928648624765459,-1.1102230246251565e-16,-9.307198657190607e-17,20,0,0.0008922583127957129
2019-09-05,1.2029946275236436,-1.1102230246251565e-16,-9.228827787124396e-17,20,0,0.008491963646298561
2019-09-06,1.2057393754531907,-1.1102230246251565e-16,-9.207819262001514e-17,20,0,0.0022815961657260964
2019-09-09,1.2174909232162126,-1.1102230246251565e-16,-9.11894292971245e-17,20,0,0.00974634154135079
2019-09-10,1.2301953775870036,-1.1102230246251565e-16,-9.024769925593691e-17,20,0,0.01043494791503674
2019-09-11,1.2208599988512785,1.1709383462843448e-17,9.591094371067072e-18,20,0,-0.007588533419818355
2019-09-12,1.2204093332749748,1.1709383462843448e-17,9.59463611395142e-18,20,0,-0.00036913780181813127
2019-09-16,1.2236943360251233,1.1709383462843448e-17,9.568879350114967e-18,20,0,0.002691722080929271
2019-09-17,1.2161508807916588,1.1709383462843448e-17,9.628232522613619e-18,20,0,-0.00616449305303457
2019-09-18,1.2141242669776229,1.1709383462843448e-17,9.644303949209557e-18,20,0,-0.0016664164340502996
2019-09-19,1.217914346338912,1.1709383462843448e-17,9.61429143029821e-18,20,0,0.0031216568718488436
2019-09-20,1.2311876305558727,1.1709383462843448e-17,9.510640922827288e-18,20,0,0.010898372497918807
2019-09-23,1.2348318713012874,-2.461138931542095e-17,-1.9930963791439104e-17,20,0,0.0029599393747721248
2019-09-24,1.2362283154636202,-2.461138931542095e-17,-1.9908449764144895e-17,20,0,0.0011308779719632067
2019-09-25,1.2274517010856205,-2.461138931542095e-17,-2.0050800608816942e-17,20,0,-0.00709950926395686
2019-09-26,1.2132425853788202,-2.461138931542095e-17,-2.028562928141559e-17,20,0,-0.011576109833269177
2019-09-27,1.2203686791310449,-2.461138931542095e-17,-2.016717549072574e-17,20,0,0.005873593490785423
2019-09-30,1.2174750824321658,-2.461138931542095e-17,-2.021510720880994e-17,20,0,-0.002371084040717397
2019-10-08,1.2195935738771437,-1.3747683547116196e-16,-1.1272348298303738e-16,20,0,0.0017400696536193916
2019-10-09,1.2244276094591677,-1.3747683547116196e-16,-1.1227845109755877e-16,20,0,0.003963644680954115
2019-10-10,1.2400041086872844,-1.3747683547116196e-16,-1.1086804834598507e-16,20,0,0.012721453769730662
2019-10-11,1.2433179784340957,-2.835188681049594e-17,-2.2803407738223084e-17,20,0,0.002672466747162261
2019-10-14,1.2558326171136005,-2.835188681049594e-17,-2.2576166938281773e-17,20,0,0.010065517346790287
2019-10-15,1.2422218872654214,-2.835188681049594e-17,-2.282352863135319e-17,20,0,-0.01083801269588136
2019-10-16,1.2402698119327569,-2.835188681049594e-17,-2.2859450853128627e-17,20,0,-0.0015714385269460784
2019-10-17,1.2423838997833658,-2.835188681049594e-17,-2.2820552339288726e-17,20,0,0.0017045386659169104
2019-10-18,1.234923738472168,-2.835188681049594e-17,-2.2958411055870166e-17,20,0,-0.00600471505828315
2019-10-21,1.2308533960762238,-2.835188681049594e-17,-2.3034332846525433e-17,20,0,-0.0032960273328133116
2019-10-22,1.2343819251687032,4.163336342344337e-17,3.372810519544292e-17,20,0,0.002866733848017722
2019-10-23,1.2372905430552172,4.163336342344337e-17,3.364881729447226e-17,20,0,0.0023563354478934873
2019-10-24,1.2315429825485822,4.163336342344337e-17,3.380585494246118e-17,20,0,-0.004645279590065221
2019-10-25,1.2477356402782005,4.163336342344337e-17,3.336713489578659e-17,20,0,0.013148268439733046
2019-10-28,1.2768327134695738,4.163336342344337e-17,3.2606748702664304e-17,20,0,0.023319902271033754
2019-10-29,1.269607814014775,4.163336342344337e-17,3.2792302444791715e-17,20,0,-0.0056584542192424925
2019-10-30,1.254350158425466,4.163336342344337e-17,3.31911812214414e-17,20,1,-0.0120176131722608
2019-10-31,1.245397330300678,1.3877787807814457e-17,1.1143261246965997e-17,21,1,-0.007137423361931128
2019-11-01,1.2480533568707912,1.3877787807814457e-17,1.111954687787535e-17,21,1,0.002132674051478878
2019-11-04,1.247703785087294,0.061958965081570325,0.0496583931395507,20,1,-0.00028009362065550825
2019-11-05,1.2528889195409008,0.061958965081570325,0.0494528797527191,20,0,0.004155741543449665
2019-11-06,1.2441855503061943,0.061958965081570325,0.04979881422535587,20,0,-0.006946640758779821
2019-11-07,1.251579550211035,0.061958965081570325,0.04950461604388081,20,0,0.005942843415132959
2019-11-08,1.2528667471262651,0.061958965081570325,0.049453754937376464,20,0,0.0010284579314299158
2019-11-11,1.2409046423578391,0.061958965081570325,0.049930480527369356,20,0,-0.009547786942117997
2019-11-12,1.244955390128303,3.469446951953614e-17,2.786804233681063e-17,20,0,0.0032643505650580273
2019-11-13,1.2412762365259464,3.469446951953614e-17,2.7950643457606325e-17,20,0,-0.0029552493459041873
2019-11-14,1.2437944337150264,3.469446951953614e-17,2.789405433815055e-17,20,0,0.002028716183375856
2019-11-15,1.2375227054099611,3.469446951953614e-17,2.803542057682304e-17,20,0,-0.005042415478844542
2019-11-18,1.2417878836170881,3.469446951953614e-17,2.793912710637654e-17,20,0,0.003446545415677127
2019-11-19,1.2521815556509965,3.469446951953614e-17,2.7707219742187335e-17,20,0,0.00836992546877946
2019-11-20,1.2459312615400717,3.469446951953614e-17,2.7846214787684974e-17,20,0,-0.00499152385907442
2019-11-21,1.2443007141152629,-8.326672684688674e-17,-6.69184915690513e-17,20,0,-0.0013086977389051846
2019-11-22,1.2399244330852512,-8.326672684688674e-17,-6.715467864416357e-17,20,0,-0.0035170606111266656
2019-11-25,1.2352984516795085,-8.326672684688674e-17,-6.740616142898707e-17,20,0,-0.0037308575283351297
2019-11-26,1.2360049966463489,-8.326672684688674e-17,-6.736762963969746e-17,20,0,0.0005719629664231451
2019-11-27,1.2346833874166923,-8.326672684688674e-17,-6.743974017590399e-17,20,0,-0.001069258808210738
2019-11-28,1.2304893830146655,-8.326672684688674e-17,-6.766960202686636e-17,20,0,-0.0033968258136215512
2019-11-29,1.2315878464962342,-8.326672684688674e-17,-6.760924694391367e-17,20,0,0.0008927045586346605
2019-12-02,1.2322445352957094,-8.326672684688674e-17,-6.757321656687624e-17,20,0,0.0005332050014486001
2019-12-03,1.2381276259983944,-8.326672684688674e-17,-6.725213548138269e-17,20,0,0.004774288328471377
2019-12-04,1.242216364583493,-8.326672684688674e-17,-6.703077597500942e-17,20,0,0.0033023563154901403
2019-12-05,1.2490460270792947,-8.326672684688674e-17,-6.666425819518708e-17,20,0,0.0054979653227251735
2019-12-06,1.2508424797109583,-8.326672684688674e-17,-6.65685153786333e-17,20,0,0.0014382597540174569
2019-12-09,1.2562811275341466,-8.326672684688674e-17,-6.628032931635638e-17,20,0,0.0043479877853565
2019-12-10,1.272216612056663,-8.326672684688674e-17,-6.545011758043146e-17,20,0,0.01268464850203932
2019-12-11,1.2730662992587771,-2.7755575615628914e-17,-2.1802144657971987e-17,20,0,0.0006678793485808132
2019-12-12,1.2719502456681713,-2.7755575615628914e-17,-2.182127462151522e-17,20,0,-0.0008766657253087562
2019-12-13,1.2780180820348757,-2.7755575615628914e-17,-2.1717670513265472e-17,20,0,0.004770498207276042
2019-12-16,1.287133591340325,-2.7755575615628914e-17,-2.156386547780664e-17,20,0,0.00713253547315662
2019-12-17,1.3077852191742207,-2.7755575615628914e-17,-2.1223344023688165e-17,20,0,0.016044665427767058
2019-12-18,1.3192497384045723,-2.7755575615628914e-17,-2.1038909319167252e-17,20,0,0.008766362444125653
2019-12-19,1.3174017045280604,-2.7755575615628914e-17,-2.106842242592356e-17,20,0,-0.001400821863149937
2019-12-20,1.3166720986800662,-2.7755575615628914e-17,-2.1080097044247574e-17,20,0,-0.0005538218490885871
2019-12-23,1.2944792475240632,4.163336342344337e-17,3.216224864405904e-17,20,0,-0.016855260454178955
2019-12-24,1.3032058646431823,4.163336342344337e-17,3.1946881573344194e-17,20,0,0.006741411371260275
2019-12-25,1.3068524699208766,4.163336342344337e-17,3.1857737871486035e-17,20,0,0.0027981805305123952
2019-12-26,1.3144876811663413,4.163336342344337e-17,3.167269196962135e-17,20,0,0.005842443138150966
2019-12-27,1.3098357248849306,4.163336342344337e-17,3.178517934155512e-17,20,0,-0.0035389881153417013
2019-12-30,1.308094398023278,4.163336342344337e-17,3.182749156816012e-17,20,0,-0.001329423857183043
2019-12-31,1.3128060744887713,0.0,0.0,20,0,0.0036019391816166646
2020-01-02,1.3277884952623293,0.0,0.0,20,0,0.011412516337869993
2020-01-03,1.340631363352721,0.0,0.0,20,0,0.009672374882156332
2020-01-06,1.3515804406946796,0.0,0.0,20,0,0.008167105172429023
2020-01-07,1.3714675677170736,0.0,0.0,20,0,0.01471397959278864
2020-01-08,1.3677997082410858,0.0,0.0,20,0,-0.0026744048217584027
2020-01-09,1.386939816517664,0.0,0.0,20,0,0.013993356016424041
2020-01-10,1.3864743955197243,0.0,0.0,20,0,-0.0003355740403417906
2020-01-13,1.3968908889774183,-8.326672684688674e-17,-5.960861188509964e-17,20,0,0.007512936042204599
2020-01-14,1.4056111002875267,-8.326672684688674e-17,-5.92388085366244e-17,20,0,0.006242585859008498
2020-01-15,1.4075247042596581,-8.326672684688674e-17,-5.91582702562113e-17,20,0,0.0013614035715425743
2020-01-16,1.3942926624017455,-8.326672684688674e-17,-5.971969091729654e-17,20,0,-0.009400930454625644
2020-01-17,1.388135209530687,-8.326672684688674e-17,-5.998459391793563e-17,20,0,-0.004416183945522678
2020-01-20,1.4024499079212929,-8.326672684688674e-17,-5.937233577939652e-17,20,0,0.010312178736137323
2020-01-21,1.4025787900037185,2.222614453595284e-17,1.5846628149776822e-17,20,0,9.189781517160434e-05
2020-01-22,1.4090578166958743,2.222614453595284e-17,1.577376334213974e-17,20,0,0.0046193673669758795
2020-01-23,1.3826767049701318,2.222614453595284e-17,1.607472264200254e-17,20,0,-0.018722518986200254
2020-02-03,1.2954721701699023,2.222614453595284e-17,1.715679043343545e-17,20,0,-0.06306935994999152
2020-02-04,1.3426464355622239,2.222614453595284e-17,1.6553981709001297e-17,20,0,0.0364147269841657
2020-02-05,1.3932022942760822,2.222614453595284e-17,1.5953278735807496e-17,20,0,0.037653888153129866
2020-02-06,1.4134638587335187,2.222614453595284e-17,1.572459345077825e-17,20,0,0.014543160415885215
2020-02-07,1.3982402714893853,2.222614453595284e-17,1.5895797731728805e-17,20,0,-0.01077041139047863
2020-02-10,1.4325576794191957,2.222614453595284e-17,1.5515008474188644e-17,20,0,0.024543283890154255
2020-02-11,1.4475930009567293,-1.1102230246251565e-16,-7.669441782955558e-17,20,0,0.010495438859836614
2020-02-12,1.4704840331854339,-1.1102230246251565e-16,-7.550051544729375e-17,20,0,0.015813168627905494
2020-02-13,1.4680248841487544,-1.1102230246251565e-16,-7.562698947497256e-17,20,0,-0.0016723398426519154
2020-02-14,1.464583211293644,-1.1102230246251565e-16,-7.580470785572596e-17,20,0,-0.0023444240572979558
2020-02-17,1.4964210322406655,-1.1102230246251565e-16,-7.419188855978351e-17,20,0,0.021738485530569118
2020-02-18,1.5102136273861135,-1.1102230246251565e-16,-7.351430317489168e-17,20,0,0.009217055125719353
2020-02-19,1.5180876746645495,-1.1102230246251565e-16,-7.313299772824264e-17,20,0,0.005213863214877934
2020-02-20,1.5371348443845125,-1.1102230246251565e-16,-7.222678144868308e-17,20,0,0.012546817972270086
2020-02-21,1.5658126596713284,2.7755575615628914e-17,1.7725987489113123e-17,20,0,0.01865666853599879
2020-02-24,1.5890448010418883,2.7755575615628914e-17,1.7466830134323732e-17,20,0,0.014837114278688057
2020-02-25,1.5920050275598248,2.7755575615628914e-17,1.7434351735793062e-17,20,0,0.0018628968270721913
2020-02-26,1.560877497563352,2.7755575615628914e-17,1.7782033285096024e-17,20,0,-0.019552406843955872
2020-02-27,1.5566987240585204,2.7755575615628914e-17,1.782976704912203e-17,20,0,-0.0026771950466035754
2020-02-28,1.518432062730486,2.7755575615628914e-17,1.8279102698686485e-17,20,0,-0.024581931453164008
2020-03-02,1.5606939337432442,2.7755575615628914e-17,1.7784124750878342e-17,20,0,0.027832572855950977
2020-03-03,1.5656663716930863,2.7755575615628914e-17,1.772764371608396e-17,20,0,0.003186042978917669
2020-03-04,1.5824572298503288,2.7755575615628914e-17,1.7539542359861492e-17,20,0,0.01072441642792965
2020-03-05,1.613894307336605,2.7755575615628914e-17,1.719788928522444e-17,20,0,0.019865988725173755
2020-03-06,1.6437736052519025,2.7755575615628914e-17,1.688527880417904e-17,20,0,0.018513788529688213
2020-03-09,1.6945332015017962,2.7755575615628914e-17,1.637948173044368e-17,20,0,0.030879919283115065
2020-03-10,1.600988193585601,2.7755575615628914e-17,1.7336527356561602e-17,20,0,-0.05520399826529809
2020-03-11,1.6047334922151615,1.249000902703301e-16,7.783229481795074e-17,20,0,0.002339366801433096
2020-03-12,1.5999869541822087,1.249000902703301e-16,7.80631929178257e-17,20,0,-0.002957835712894985
2020-03-13,1.6008786536331594,1.249000902703301e-16,7.801971122975003e-17,20,0,0.0005573167010017865
2020-03-16,1.5475903544628318,0.08280762407734624,0.05350745682702884,19,0,-0.0332869071927413
2020-03-17,1.6070592061654774,0.08280762407734624,0.05152742584694768,19,0,0.03842673969319699
2020-03-18,1.6274728074236426,0.08280762407734624,0.05088111070097335,19,0,0.012702457494937702
2020-03-19,1.786633385831378,0.08280762407734624,0.04634841413691213,19,0,0.09779615221939908
2020-03-20,1.861144589007067,0.08280762407734624,0.044492848415138266,19,0,0.041704808477547095
2020-03-23,1.7422933456717349,-6.938893903907228e-16,-3.982620906602822e-16,20,0,-0.06385922084578077
2020-03-24,1.7623670794473159,-6.938893903907228e-16,-3.9372580121522066e-16,20,0,0.011521443174565826
2020-03-25,1.802222617329208,-6.938893903907228e-16,-3.8501868954404075e-16,20,0,0.02261477665276801
2020-03-26,1.7915284589817058,-6.938893903907228e-16,-3.873169789248704e-16,20,0,-0.00593387201152229
2020-03-27,1.780545530192406,0.08404304310961794,0.04720072679103928,19,0,-0.006130479666252353
2020-03-30,1.770631312830135,0.08404304310961794,0.047465015726670695,19,0,-0.005568078543433663
2020-03-31,1.7753591436549747,-5.551115123125783e-17,-3.126756151263889e-17,20,0,0.002670138492740781
2020-04-01,1.7864078672976937,-5.551115123125783e-17,-3.107417530310688e-17,20,0,0.006223373835207546
2020-04-02,1.780738155147986,-5.551115123125783e-17,-3.1173112717767675e-17,20,0,-0.0031738060795065692
2020-04-03,1.765672773091745,-5.551115123125783e-17,-3.143909340237272e-17,20,0,-0.008460189395441464
2020-04-07,1.7855870824378004,-5.551115123125783e-17,-3.108845923967504e-17,20,0,0.011278595699918403
2020-04-08,1.7768572334658588,-5.551115123125783e-17,-3.12411994535882e-17,20,0,-0.004889063691042805
2020-04-09,1.7760260398904573,-5.551115123125783e-17,-3.1255820570447084e-17,20,0,-0.00046778860999441285
2020-04-10,1.7371322547588777,0.09543234905648733,0.05493672044546418,19,0,-0.02189933270008726
2020-04-13,1.706610256290007,0.08628902994350297,0.050561649694457096,19,0,-0.017570336619595728
2020-04-14,1.7774686905810317,0.08628902994350297,0.04854601962935066,19,0,0.041519986200635906
2020-04-15,1.8138675922490133,0.08628902994350297,0.047571846099589477,19,1,0.020477942515028547
2020-04-16,1.843172110844117,0.08628902994350297,0.0468155032488991,19,0,0.0161558201493468
2020-04-17,1.8524212806562683,0.08628902994350297,0.046581752673955916,19,0,0.005018071702438842
2020-04-20,1.9366408471287468,0.08628902994350297,0.04455603116676725,19,0,0.045464585918944644
2020-04-21,1.917690485427872,-3.7470027081099033e-16,-1.9539142195169613e-16,20,0,-0.009785170920550645
2020-04-22,1.9434676722045363,-3.7470027081099033e-16,-1.9279984749422463e-16,20,0,0.01344178686422004
2020-04-23,1.9615192609262246,-3.7470027081099033e-16,-1.9102553733479925e-16,20,0,0.009288340104578019
2020-04-24,1.9253278605510802,-3.7470027081099033e-16,-1.9461634482541644e-16,20,0,-0.018450698443845504
2020-04-27,1.9318392681882373,-3.7470027081099033e-16,-1.9396037599049351e-16,20,0,0.003381973413761008
2020-04-28,1.934044577607058,-3.7470027081099033e-16,-1.937392111585127e-16,20,0,0.001141559473987197
2020-04-29,1.9267838009717368,-3.7470027081099033e-16,-1.9446928639425834e-16,20,0,-0.0037541930105379206
2020-04-30,1.9534675266584909,-3.7470027081099033e-16,-1.9181289972704838e-16,20,0,0.013848842653387816
2020-05-06,1.9716083064791783,-2.7755575615628914e-17,-1.4077631710323712e-17,20,0,0.00928645066945033
2020-05-07,1.976014985084444,-2.7755575615628914e-17,-1.4046237414764745e-17,20,0,0.0022350679852505273
2020-05-08,1.980599692416675,-2.7755575615628914e-17,-1.4013723076853708e-17,20,0,0.002320178423158792
2020-05-11,1.9773000770869034,-2.7755575615628914e-17,-1.403710844765675e-17,20,0,-0.0016659678088436491
2020-05-12,1.9704236881428832,4.163336342344337e-17,2.1129142769635832e-17,20,0,-0.0034776658453131715
2020-05-13,1.9599350032601648,4.163336342344337e-17,2.1242216376660576e-17,20,0,-0.005323060692903003
2020-05-14,1.9340858466567485,0.08658420722168005,0.04476750986588785,19,0,-0.013188782566982415
2020-05-15,1.9256197236600807,0.08658420722168005,0.04496433338203815,19,0,-0.004377325345357508
2020-05-18,1.9082166809341443,0.08658420722168005,0.04537441061425676,19,0,-0.009037632151408292
2020-05-19,1.9284896443685924,0.08658420722168005,0.044897418803629935,19,0,0.010624036377526958
2020-05-20,1.9032764037865686,0.08658420722168005,0.045492187603135704,19,0,-0.013074086581511768
2020-05-21,1.8891749345641962,-2.220446049250313e-16,-1.175352270785096e-16,20,0,-0.007409049570686443
2020-05-22,1.872930563129059,-2.220446049250313e-16,-1.185546380075441e-16,20,0,-0.008598659201925374
2020-05-25,1.8626507790326177,-2.220446049250313e-16,-1.1920892924456398e-16,20,0,-0.005488609294338698
2020-05-26,1.8836547381857756,-2.220446049250313e-16,-1.1787967318198212e-16,20,0,0.011276380623568283
2020-05-27,1.897797592295244,-2.220446049250313e-16,-1.1700120488428116e-16,20,0,0.007508198728122473
2020-05-28,1.8899481121837427,-2.220446049250313e-16,-1.17487143426636e-16,20,0,-0.004136099731272158
2020-05-29,1.9030880085907043,-2.220446049250313e-16,-1.166759518859363e-16,20,0,0.0069525170147550774
2020-06-01,1.9390448829415543,-2.220446049250313e-16,-1.1451235960468692e-16,20,0,0.01889396296363466
2020-06-02,1.9451771069450956,-2.220446049250313e-16,-1.1415135626069175e-16,20,0,0.00316249719513384
2020-06-03,1.9458918560370597,-2.220446049250313e-16,-1.141094271175173e-16,20,0,0.0003674467941310322
2020-06-04,1.9533154574722353,-2.220446049250313e-16,-1.136757527185992e-16,20,0,0.003815012335934398
2020-06-05,1.9505200198642025,-2.220446049250313e-16,-1.1383867002836008e-16,20,0,-0.0014311245003151285
2020-06-08,1.9494382267792278,-2.220446049250313e-16,-1.1390184201521645e-16,20,0,-0.0005546177808777308
2020-06-09,1.9428736797830461,-2.220446049250313e-16,-1.1428669153098324e-16,20,0,-0.0033674044686337057
2020-06-10,1.9354740653464337,-2.220446049250313e-16,-1.1472362709509474e-16,20,0,-0.0038085926602489106
2020-06-11,1.9342522561294926,2.7755575615628914e-17,1.4349511821776963e-17,20,0,-0.0006312712935899745
2020-06-12,1.9346643527455438,2.7755575615628914e-17,1.434645527852937e-17,20,0,0.00021305215736222571
2020-06-15,1.9336154536903747,2.7755575615628914e-17,1.4354237582584686e-17,20,0,-0.0005421607389832772
2020-06-16,1.9442283583201454,2.7755575615628914e-17,1.427588250981501e-17,20,0,0.00548863250421161
2020-06-17,1.951778531774041,2.7755575615628914e-17,1.4220658319466645e-17,20,0,0.003883377907530905
2020-06-18,1.9538410265738992,2.7755575615628914e-17,1.4205646845433936e-17,20,0,0.0010567258355811404
2020-06-19,1.95577681916843,2.7755575615628914e-17,1.4191586352593244e-17,20,0,0.0009907625892804361
2020-06-22,1.9516470701527544,2.7755575615628914e-17,1.4221616213353832e-17,20,0,-0.0021115645584915965
2020-06-23,1.9435008234607924,0.0,0.0,20,0,-0.004174036800272729
2020-06-24,1.9351578191744114,0.0,0.0,20,0,-0.004292771161025111
2020-06-29,1.9244393884202673,0.0,0.0,20,0,-0.005538788954544738
2020-06-30,1.936460098249795,0.0,0.0,20,0,0.006246343689418676
2020-07-01,1.9406985441339697,-8.326672684688674e-17,-4.2905544036487255e-17,20,0,0.0021887597312257867
2020-07-02,1.9647401433601115,-8.326672684688674e-17,-4.2380529113882426e-17,20,0,0.012388116278445604
2020-07-03,1.9894366001683412,-8.326672684688674e-17,-4.185442594141523e-17,20,0,0.012569833670723396
2020-07-06,2.038817488169759,-8.326672684688674e-17,-4.084069679117529e-17,20,0,0.024821543947286084
2020-07-07,2.050187274435698,-8.326672684688674e-17,-4.0614205290004747e-17,20,0,0.005576657220134784
2020-07-08,2.0712616494068987,-8.326672684688674e-17,-4.0200969718495e-17,20,0,0.010279243869075971
2020-07-09,2.0867795552397213,-8.326672684688674e-17,-3.990202349731253e-17,20,0,0.007492006544545404
2020-07-10,2.087118701635531,-8.326672684688674e-17,-3.989553961719396e-17,20,0,0.00016252142923200985
2020-07-13,2.152426483467779,8.326672684688674e-17,3.868505033107358e-17,20,0,0.03129088047607009
2020-07-14,2.170863853523121,8.326672684688674e-17,3.835649421853525e-17,20,0,0.008565853559670655
2020-07-15,2.1484636004867803,8.326672684688674e-17,3.8756405660315066e-17,20,0,-0.01031858953291187
2020-07-16,2.065341958608529,8.326672684688674e-17,4.031619388732389e-17,20,0,-0.038688876022576424
2020-07-17,2.0751459998794335,8.326672684688674e-17,4.012571975741686e-17,20,0,0.004746933663958286
2020-07-20,2.1187282481756977,8.326672684688674e-17,3.9300333546117784e-17,20,0,0.021002015423876808
2020-07-21,2.129520421498447,-2.220446049250313e-16,-1.0426977017144009e-16,20,0,0.005093703419511986
2020-07-22,2.1582479859131602,-2.220446049250313e-16,-1.0288187751097735e-16,20,0,0.013490156809343512
2020-07-23,2.1628746809287884,-2.220446049250313e-16,-1.026617986159421e-16,20,0,0.0021437272481321656
2020-07-24,2.119399399090054,-2.220446049250313e-16,-1.0476770212370744e-16,20,0,-0.020100693869172903
2020-07-27,2.1209090294180415,-2.220446049250313e-16,-1.0469313008958162e-16,20,0,0.0007122915712043376
2020-07-28,2.1431944028656105,-2.220446049250313e-16,-1.036045095247268e-16,20,0,0.010507463138899498
2020-07-29,2.156406964554561,-2.220446049250313e-16,-1.0296971238492454e-16,20,0,0.006164891841488718
2020-07-30,2.1591426192632275,-2.220446049250313e-16,-1.0283924875736112e-16,20,0,0.0012686170809281805
2020-07-31,2.1657073951238295,-4.0766001685454967e-17,-1.8823411591631045e-17,20,0,0.0030404549481970466
2020-08-03,2.193912732345946,-4.0766001685454967e-17,-1.858141442201485e-17,20,0,0.01302361403281993
2020-08-04,2.1792258707705616,-4.0766001685454967e-17,-1.8706643598646497e-17,20,0,-0.0066943690871787975
2020-08-05,2.1887959764777403,-4.0766001685454967e-17,-1.8624852258297976e-17,20,0,0.0043915161964347416
2020-08-06,2.1740892514363406,-4.0766001685454967e-17,-1.8750840913510046e-17,20,0,-0.00671909360189249
2020-08-07,2.1697900021657497,-4.0766001685454967e-17,-1.8787994066137678e-17,20,0,-0.001977494377358502
2020-08-10,2.235307117988371,-4.0766001685454967e-17,-1.8237315739477305e-17,20,0,0.030195141353414945
2020-08-11,2.2469175750380184,8.066464163292153e-17,3.590013382291367e-17,20,0,0.005194121629289228
2020-08-12,2.2460675751448513,8.066464163292153e-17,3.5913719838869665e-17,20,0,-0.0003782959831771793
2020-08-13,2.248688823222047,8.066464163292153e-17,3.587185598999008e-17,20,0,0.0011670388309783508
2020-08-14,2.2472141910150327,8.066464163292153e-17,3.5895395265587266e-17,20,0,-0.0006557742413204615
2020-08-17,2.2624398360330007,8.066464163292153e-17,3.5653828379525107e-17,20,0,0.006775342145330043
2020-08-18,2.2793569831474274,8.066464163292153e-17,3.538920942586912e-17,20,0,0.0074773909321228516
2020-08-19,2.271317290532331,8.066464163292153e-17,3.551447522068397e-17,20,0,-0.0035271757230387335
2020-08-20,2.261203510864015,8.066464163292153e-17,3.5673322301759225e-17,20,0,-0.004452825552146988
2020-08-21,2.2753134908414583,6.646159317336142e-17,2.920986204357385e-17,20,0,0.006240030987768819
2020-08-24,2.266052046188318,6.646159317336142e-17,2.9329243909095194e-17,20,0,-0.004070403788497434
2020-08-25,2.266276015056828,6.646159317336142e-17,2.932634539297053e-17,20,0,9.883659507603504e-05
2020-08-26,2.248084958676903,6.646159317336142e-17,2.956364834738141e-17,20,0,-0.008026849447757556
2020-08-27,2.2455862331165046,6.646159317336142e-17,2.959654463196617e-17,20,0,-0.0011114907160222343
2020-08-28,2.258663191319664,6.646159317336142e-17,2.942518983298703e-17,20,0,0.005823405046890828
2020-08-31,2.262784504726982,6.646159317336142e-17,2.9371596382475845e-17,20,0,0.0018246693102170752
2020-09-01,2.274343365614095,5.551115123125783e-17,2.440755079929159e-17,20,0,0.005108246438388919
2020-09-02,2.284365866028644,5.551115123125783e-17,2.4300464324378834e-17,20,0,0.00440676661496231
2020-09-03,2.282047144647216,5.551115123125783e-17,2.4325155315684486e-17,20,0,-0.0010150394102409477
2020-09-04,2.2810064290994947,5.551115123125783e-17,2.4336253735669107e-17,20,0,-0.00045604471851612427
2020-09-07,2.2688305550924968,5.551115123125783e-17,2.4466856331188084e-17,20,0,-0.005337939363811772
2020-09-08,2.2862833396876305,5.551115123125783e-17,2.428008386696383e-17,20,0,0.0076924142950913765
2020-09-09,2.260142854239811,5.551115123125783e-17,2.456090380620156e-17,20,0,-0.011433615857687651
2020-09-10,2.2323440632811673,5.551115123125783e-17,2.4866754253672638e-17,20,0,-0.012299572527681546
2020-09-11,2.2447068923723594,1.942890293094024e-16,8.655429801084831e-17,20,0,0.005538048231248371
2020-09-14,2.256312650975207,1.942890293094024e-16,8.610909007908466e-17,20,0,0.005170277973611803
2020-09-15,2.247474466562905,1.942890293094024e-16,8.644771373377664e-17,20,0,-0.003917092078742579
2020-09-16,2.2286217425726425,1.942890293094024e-16,8.717900646752282e-17,20,0,-0.00838840408233621
2020-09-17,2.233807316708791,1.942890293094024e-16,8.697662858211991e-17,20,0,0.00232680765743698
2020-09-18,2.246098278854501,1.942890293094024e-16,8.650068037472021e-17,20,0,0.005502248136522114
2020-09-21,2.2336457225661817,1.942890293094024e-16,8.698292094692099e-17,20,0,-0.005544083447083348
2020-09-22,2.219013163846558,-5.551115123125783e-17,-2.5016143272909557e-17,20,0,-0.006550975641209877
2020-09-23,2.2226848786621343,-5.551115123125783e-17,-2.4974818411807787e-17,20,0,0.0016546611238716924
2020-09-24,2.1836087960104704,-5.551115123125783e-17,-2.5421747399387033e-17,20,0,-0.01758057699802429
2020-09-25,2.1763295625083625,-5.551115123125783e-17,-2.5506776265667038e-17,20,0,-0.003333579492538874
2020-09-28,2.156471917850251,-5.551115123125783e-17,-2.5741652729981253e-17,20,0,-0.009124373900074256
2020-09-29,2.175153868322096,-5.551115123125783e-17,-2.5520562954049263e-17,20,0,0.008663201369424112
2020-09-30,2.164043212146709,-5.551115123125783e-17,-2.565159092927323e-17,20,0,-0.005107986307174461
2020-10-09,2.1872294251818496,8.326672684688674e-17,3.806949828318253e-17,20,0,0.010714302239898554
2020-10-12,2.2317186886481006,8.326672684688674e-17,3.731058366380706e-17,20,0,0.020340464952620207
2020-10-13,2.2431251301841426,-1.734723475976807e-18,-7.7335118430704765e-19,20,0,0.005111057049467016
2020-10-14,2.23803563518683,-1.734723475976807e-18,-7.751098546882581e-19,20,0,-0.0022689304884632167
2020-10-15,2.236501120247081,-1.734723475976807e-18,-7.756416754153742e-19,20,0,-0.0006856525944551883
2020-10-16,2.263408821905877,-1.734723475976807e-18,-7.664207451997572e-19,20,0,0.012031159481746156
2020-10-19,2.2622168068030866,-1.734723475976807e-18,-7.6682459026917005e-19,20,0,-0.0005266459559819525
2020-10-20,2.287898763175887,-1.734723475976807e-18,-7.58216886121655e-19,20,0,0.011352561918719806
2020-10-21,2.284907682134138,-8.326672684688674e-17,-3.644205299756985e-17,20,0,-0.0013073485111714245
2020-10-22,2.3470122378262053,-8.326672684688674e-17,-3.547775572061273e-17,20,0,0.027180334758234448
2020-10-23,2.32860625475506,-8.326672684688674e-17,-3.575818225037163e-17,20,0,-0.00784230383399831
2020-10-26,2.407180907960104,-8.326672684688674e-17,-3.459097177596375e-17,20,0,0.03374321143585046
2020-10-27,2.3592485995829287,-8.326672684688674e-17,-3.529374855265645e-17,20,0,-0.019912216908447467
2020-10-28,2.357908967539785,-8.326672684688674e-17,-3.5313800487287807e-17,20,0,-0.0005678214849340613
2020-10-29,2.3355029190589254,-8.326672684688674e-17,-3.565258949898401e-17,20,0,-0.009502507853065167
2020-10-30,2.27165011946811,-8.326672684688674e-17,-3.665473222891518e-17,20,0,-0.027340064133400732
2020-11-02,2.2395164651799067,-8.326672684688674e-17,-3.718067187338035e-17,20,0,-0.014145512115979808
2020-11-03,2.2554934829862754,-8.326672684688674e-17,-3.6917298797352994e-17,20,0,0.007134137236666893
2020-11-04,2.260550206664791,-8.326672684688674e-17,-3.683471687617955e-17,20,0,0.002241958895762508
2020-11-05,2.283935231667272,-8.326672684688674e-17,-3.6457569239431565e-17,20,0,0.010344837700810627
2020-11-06,2.2777203828243398,-8.326672684688674e-17,-3.655704513810305e-17,20,0,-0.0027211143104068913
2020-11-09,2.294293252591498,-8.326672684688674e-17,-3.6292974646041243e-17,20,0,0.007276077385147683
2020-11-10,2.281348807266696,-8.326672684688674e-17,-3.649890213265955e-17,20,0,-0.005642018652227909
2020-11-11,2.267264754673909,4.163336342344337e-17,1.836281507822024e-17,20,0,-0.006173563879370625
2020-11-12,2.2784842268377923,4.163336342344337e-17,1.827239483734521e-17,20,0,0.004948461418435857
2020-11-13,2.330217898305086,4.163336342344337e-17,1.7866725448176297e-17,20,0,0.022705301558787916
2020-11-16,2.302252198303176,4.163336342344337e-17,1.8083754444508e-17,20,0,-0.012001324005901481
2020-11-17,2.28519099534443,4.163336342344337e-17,1.8218767493947822e-17,20,0,-0.007410657690465228
2020-11-18,2.305752820342113,4.163336342344337e-17,1.8056299468069642e-17,20,0,0.008997858402021164
2020-11-19,2.2912666400776316,4.163336342344337e-17,1.8170457639112997e-17,20,0,-0.006282624979000118
2020-11-20,2.287944816966023,4.163336342344337e-17,1.8196838977371913e-17,20,0,-0.001449775880949522
2020-11-23,2.2885439945583377,-1.3877787807814457e-17,-6.06402491750774e-18,20,0,0.0002618846345732173
2020-11-24,2.293026466713895,-1.3877787807814457e-17,-6.052170792299021e-18,20,0,0.0019586567556557632
2020-11-25,2.3002290635749376,-1.3877787807814457e-17,-6.0332199203874385e-18,20,0,0.003141087538934828
2020-11-26,2.29825025647159,-1.3877787807814457e-17,-6.0384145585261275e-18,20,0,-0.0008602652382246889
2020-11-27,2.3084058678939288,-1.3877787807814457e-17,-6.011849129666196e-18,20,0,0.004418844898958163
2020-11-30,2.2979349464121235,-1.3877787807814457e-17,-6.039243116730748e-18,20,0,-0.004535996735859249
2020-12-01,2.3077264773462955,2.949029909160572e-17,1.2778940390508173e-17,20,0,0.004261013110688827
2020-12-02,2.3394963068711414,2.949029909160572e-17,1.2605405276765001e-17,20,0,0.013766722285640576
2020-12-03,2.3073380839381685,2.949029909160572e-17,1.2781091465049469e-17,20,0,-0.013745789142100229
2020-12-04,2.2975233025997857,2.949029909160572e-17,1.2835690962627311e-17,20,0,-0.0042537248471324896
2020-12-07,2.2937508756601,2.949029909160572e-17,1.2856801235277542e-17,20,0,-0.0016419537226963765
2020-12-08,2.293188042695662,2.949029909160572e-17,1.2859956768717329e-17,20,0,-0.0002453766755625697
2020-12-09,2.2677313030059296,2.949029909160572e-17,1.3004318039141434e-17,20,0,-0.011101025827697786
2020-12-10,2.2609131974450727,2.949029909160572e-17,1.3043534411197653e-17,20,0,-0.003006575581427695
2020-12-11,2.233508429100382,2.7755575615628914e-17,1.242689539649885e-17,20,0,-0.012121105921120368
2020-12-14,2.2394218330755167,2.7755575615628914e-17,1.239408101041451e-17,20,0,0.0026475852511183007
2020-12-15,2.2143120877043865,2.7755575615628914e-17,1.2534626789850373e-17,20,0,-0.011212601842255698
2020-12-16,2.1865840093915527,2.7755575615628914e-17,1.2693578429374998e-17,20,0,-0.012522208801009627
2020-12-17,2.2017216447027974,2.7755575615628914e-17,1.260630547117846e-17,20,0,0.006922960767218322
2020-12-18,2.2085588314875735,2.7755575615628914e-17,1.256727926823401e-17,20,0,0.0031053820092226125
2020-12-21,2.2265422148101166,2.7755575615628914e-17,1.2465775600843911e-17,20,0,0.008142587404126544
2020-12-22,2.200687053168097,-2.7755575615628914e-17,-1.2612231973497614e-17,20,0,-0.01161224856642784
2020-12-23,2.214497128364732,-2.7755575615628914e-17,-1.2533579411830024e-17,20,0,0.0062753471361383095
2020-12-24,2.1452307556595853,-2.7755575615628914e-17,-1.2938270413289418e-17,20,0,-0.03127860127608084
2020-12-25,2.1688149820608444,-2.7755575615628914e-17,-1.2797576485410987e-17,20,0,0.010993794648449295
2020-12-28,2.1699897025572237,-2.7755575615628914e-17,-1.2790648537603826e-17,20,0,0.0005416416366061938
2020-12-29,2.147627994282918,-2.7755575615628914e-17,-1.2923828376942142e-17,20,1,-0.010304983589531913
2020-12-30,2.175471363971423,-2.7755575615628914e-17,-1.2758419198384589e-17,20,1,0.012964707930156028
2020-12-31,2.2067493757953733,0.0,0.0,21,1,0.014377579195917756
2021-01-04,2.2200407766850607,0.0,0.0,21,0,0.006023067701059981
2021-01-05,2.215010932635611,0.0,0.0,21,0,-0.0022656539025198708
2021-01-06,2.1969025620985163,0.0,0.0,21,0,-0.008175296234564255
2021-01-07,2.1609140541245577,0.0,0.0,21,0,-0.01638147662752132
2021-01-08,2.1472518233177325,0.0,0.0,21,0,-0.006322431371459714
2021-01-11,2.1288728787681097,0.0,0.0,21,0,-0.008559286968598423
2021-01-12,2.123586456867991,-1.5265566588595902e-16,-7.188577860451508e-17,20,0,-0.002483202239476956
2021-01-13,2.0782010766449215,-1.5265566588595902e-16,-7.345567645090849e-17,20,0,-0.02137204260099068
2021-01-14,2.090656157655241,-1.5265566588595902e-16,-7.30180643655764e-17,20,0,0.005993203040019157
2021-01-15,2.1219690596872702,-1.5265566588595902e-16,-7.194057104134072e-17,20,0,0.014977547559589244
2021-01-18,2.1416533898964865,-1.5265566588595902e-16,-7.12793520212612e-17,20,0,0.009276445440781877
2021-01-19,2.152058444980927,-1.5265566588595902e-16,-7.093472123955813e-17,20,0,0.004858421597784046
2021-01-20,2.1565305392784135,-1.5265566588595902e-16,-7.078762072019552e-17,20,0,0.0020780542963023674
2021-01-21,2.152224639520416,-1.0234868508263162e-16,-4.755483382321938e-17,20,0,-0.001996679239904542
2021-01-22,2.1482601325993156,-1.0234868508263162e-16,-4.764259389704052e-17,20,0,-0.0018420507080449955
2021-01-25,2.1356691616150956,-1.0234868508263162e-16,-4.7923473786188225e-17,20,0,-0.005861008540425372
2021-01-26,2.121784030340009,-1.0234868508263162e-16,-4.82370889869647e-17,20,0,-0.006501536625919124
2021-01-27,2.142499255335591,-1.0234868508263162e-16,-4.777069808904097e-17,20,0,0.00976311665059626
2021-01-28,2.1111322368477428,-1.0234868508263162e-16,-4.848047095119656e-17,20,0,-0.014640387113196374
2021-01-29,2.0454884232150055,-1.0234868508263162e-16,-5.003630620493301e-17,20,0,-0.031094126879874673
2021-02-01,2.035842038387949,0.09805651304902287,0.048165089039357616,19,0,-0.0047159322524518155
2021-02-02,2.0259712580834055,0.09805651304902287,0.04839975525703438,19,0,-0.0048485000891127505
2021-02-03,2.0068163659915927,0.09805651304902287,0.048861726818024996,19,0,-0.009454671193081743
2021-02-04,1.9773859570913999,0.09805651304902287,0.04958895995866043,19,0,-0.014665222687503365
2021-02-05,1.9587183852519898,0.09805651304902287,0.05006156770025307,19,0,-0.009440530197184605
2021-02-08,1.9511376799451265,0.09805651304902287,0.05025607062838364,19,0,-0.0038702374797426886
2021-02-09,1.9895693338703324,0.09805651304902287,0.049285295757083465,19,0,0.019697048711747822
2021-02-10,2.0097741737815715,0.09805651304902287,0.048789816452124414,19,0,0.01015538366382751
2021-02-18,2.038371668001121,-1.6888063865899205e-16,-8.285075843141045e-17,20,1,0.014229207735185767
2021-02-19,2.0741617852941125,-1.6888063865899205e-16,-8.142115039258862e-17,20,1,0.01755819012539961
2021-02-22,2.0964274442189335,-1.6888063865899205e-16,-8.055639565523431e-17,20,1,0.0107347744436741
2021-02-23,2.114219233564471,-7.003946034256359e-17,-3.312781344084192e-17,20,0,0.008486718390660286
2021-02-24,2.1202320644739667,-7.003946034256359e-17,-3.30338652622634e-17,20,0,0.0028439959366741707
2021-02-25,2.099405409686207,-7.003946034256359e-17,-3.336156990899257e-17,20,0,-0.009822818519126031
2021-02-26,2.1101954025307967,-7.003946034256359e-17,-3.319098328930295e-17,20,0,0.00513954703308217
2021-03-01,2.1298638269345758,-7.003946034256359e-17,-3.2884478085797846e-17,20,0,0.009320664986849136
2021-03-02,2.1175392250282123,-7.003946034256359e-17,-3.3075873879800477e-17,20,0,-0.005786568019281124
2021-03-03,2.1577224399494295,-7.003946034256359e-17,-3.245990264818542e-17,20,0,0.018976373351800246
2021-03-04,2.1560465828219817,-7.003946034256359e-17,-3.2485133160198764e-17,20,0,-0.0007766787314344992
2021-03-05,2.214223333687173,-7.003946034256359e-17,-3.163161514784164e-17,20,0,0.02698306767984837
2021-03-08,2.2091095736914514,-7.003946034256359e-17,-3.170483763081372e-17,20,0,-0.002309505061174666
2021-03-09,2.1740363446978392,-7.003946034256359e-17,-3.2216324494013046e-17,20,0,-0.01587663618468882
2021-03-10,2.197646293204266,-7.003946034256359e-17,-3.187021522032235e-17,20,0,0.010859960351632614
2021-03-11,2.2081087784770084,-5.629177679544739e-16,-2.549320818980364e-16,20,0,0.004760768511791635
2021-03-12,2.2213989254479265,-5.629177679544739e-16,-2.5340687865911625e-16,20,0,0.006018791782570032
2021-03-15,2.2334843424281092,-5.629177679544739e-16,-2.520356902715081e-16,20,0,0.005440453239503373
2021-03-16,2.267660288898165,-5.629177679544739e-16,-2.482372561315127e-16,20,0,0.01530162796346346
2021-03-17,2.2622782815778293,-5.629177679544739e-16,-2.4882781775275946e-16,20,0,-0.0023733745952534413
2021-03-18,2.2549658721858643,-5.629177679544739e-16,-2.4963471726904955e-16,20,0,-0.003232320909196451
2021-03-19,2.2591213254604945,-5.629177679544739e-16,-2.4917553635138653e-16,20,0,0.001842800960265567
2021-03-22,2.2940731699442236,-5.629177679544739e-16,-2.4537916895133743e-16,20,0,0.015471433114201849
2021-03-23,2.2759493586102275,1.3877787807814457e-16,6.097581984991401e-17,20,0,-0.007900276055465505
2021-03-24,2.259264936510082,1.3877787807814457e-16,6.14261195468809e-17,20,0,-0.007330752785437045
2021-03-25,2.2544754462872714,1.3877787807814457e-16,6.155661544537448e-17,20,0,-0.0021199329682020096
2021-03-26,2.281768874771631,1.3877787807814457e-16,6.082030463845031e-17,20,0,0.01210633210900891
2021-03-29,2.2807887646592264,1.3877787807814457e-16,6.084644059480862e-17,20,0,-0.0004295396099234239
2021-03-30,2.28291008888439,1.3877787807814457e-16,6.078990090492893e-17,20,0,0.000930083600039211
2021-03-31,2.28007766603042,2.7755575615628914e-17,1.217308341252732e-17,20,0,-0.0012407071429404448
2021-04-01,2.282174719166345,2.7755575615628914e-17,1.2161897764675852e-17,20,0,0.0009197288176485685
2021-04-02,2.286290891709227,2.7755575615628914e-17,1.214000183278467e-17,20,0,0.0018036184996323978
2021-04-06,2.2988141287427424,2.7755575615628914e-17,1.207386681184567e-17,20,0,0.005477534411272078
2021-04-07,2.3030005192562433,2.7755575615628914e-17,1.2051918956836626e-17,20,0,0.0018211087452253416
2021-04-08,2.3114216536569443,2.7755575615628914e-17,1.200801055563198e-17,20,0,0.0036565924889242485
2021-04-09,2.3284459261596067,2.7755575615628914e-17,1.1920214811003675e-17,20,0,0.007365282087639757
2021-04-12,2.2980901391424227,2.7755575615628914e-17,1.207767055907844e-17,20,0,-0.013036930201445918
2021-04-13,2.28150589110598,-1.3877787807814457e-16,-6.082731524785622e-17,20,0,-0.007216535049679007
2021-04-14,2.2944128880668067,-1.3877787807814457e-16,-6.048513709102899e-17,20,0,0.005657227102126905
2021-04-15,2.277556711890351,-1.3877787807814457e-16,-6.093278703166089e-17,20,0,-0.007346618502765745
2021-04-16,2.2958762195366114,-1.3877787807814457e-16,-6.044658544621139e-17,20,0,0.008043491321476415
2021-04-19,2.3132866240768055,-1.3877787807814457e-16,-5.99916485202211e-17,20,0,0.007583337634686771
2021-04-20,2.3131761664010453,-1.3877787807814457e-16,-5.999451321256785e-17,20,0,-4.774923894457217e-05
2021-04-21,2.313719048507012,1.249000902703301e-16,5.3982392698424284e-17,20,0,0.0002346912067709983
2021-04-22,2.327953917775459,1.249000902703301e-16,5.365230356006439e-17,20,0,0.006152375880568828
2021-04-23,2.3162573850548,1.249000902703301e-16,5.39232345577066e-17,20,0,-0.0050243832712274505
2021-04-26,2.317886419063271,1.249000902703301e-16,5.3885336763311323e-17,20,0,0.0007033043991493404
2021-04-27,2.3075655484138844,1.249000902703301e-16,5.412634555762923e-17,20,0,-0.004452707675623446
2021-04-28,2.3134022412756714,1.249000902703301e-16,5.3989785278956456e-17,20,0,0.0025293725093957775
2021-04-29,2.3243356310097254,1.249000902703301e-16,5.373582395072251e-17,20,0,0.004726108386592154
2021-04-30,2.3199504198321987,1.249000902703301e-16,5.383739635236002e-17,20,0,-0.0018866514452655636
2021-05-06,2.3779713903878568,1.3877787807814457e-16,5.835977616850526e-17,20,0,0.02500957350625388
2021-05-07,2.3777098130123164,1.3877787807814457e-16,5.83661964629431e-17,20,0,-0.00011000021976614871
2021-05-10,2.421572613833139,1.3877787807814457e-16,5.730898891298215e-17,20,0,0.018447499598469808
2021-05-11,2.4633091627886827,-8.326672684688674e-17,-3.3802791831708803e-17,20,0,0.017235307633199026
2021-05-12,2.468052175220325,-8.326672684688674e-17,-3.373783086228858e-17,20,0,0.0019254637230645688
2021-05-13,2.4753309318522976,-8.326672684688674e-17,-3.3638624143309196e-17,20,0,0.0029491907444472165
2021-05-14,2.4766373767014613,-8.326672684688674e-17,-3.362087951599378e-17,20,0,0.0005277859345400593
2021-05-17,2.45230514886016,-8.326672684688674e-17,-3.395447213638539e-17,20,0,-0.009824703475043384
2021-05-18,2.464256041567335,-8.326672684688674e-17,-3.378980326814043e-17,20,0,0.00487333018598024
2021-05-19,2.5267531824643723,-8.326672684688674e-17,-3.2954040554794403e-17,20,0,0.025361464004887813
2021-05-20,2.4995637887394624,-8.326672684688674e-17,-3.33125032543692e-17,20,0,-0.010760605314996341
2021-05-21,2.5286815148923516,-1.6653345369377348e-16,-6.585782065198629e-17,20,0,0.011649123052616117
2021-05-24,2.532903826978252,-1.6653345369377348e-16,-6.574803666843028e-17,20,0,0.001669768241288283
2021-05-25,2.5293486982517446,-1.6653345369377348e-16,-6.584044889060943e-17,20,0,-0.0014035782522182627
2021-05-26,2.5395103580972296,-1.6653345369377348e-16,-6.557699328249696e-17,20,0,0.004017500573372246
2021-05-27,2.546740599395869,-1.6653345369377348e-16,-6.539081904661907e-17,20,0,0.002847100534788538
2021-05-28,2.5389808106360907,-1.6653345369377348e-16,-6.559067047539121e-17,20,0,-0.0030469490146028955
2021-05-31,2.5550562167271447,-1.6653345369377348e-16,-6.517799984342092e-17,20,0,0.006331440562178381
2021-06-01,2.547968360484813,-9.75781955236954e-17,-3.829647064578493e-17,20,0,-0.002774050995797861
2021-06-02,2.5377614177000622,-9.75781955236954e-17,-3.8450500052179516e-17,20,0,-0.004005914258216614
2021-06-03,2.5414642780667243,-9.75781955236954e-17,-3.839447847676321e-17,20,0,0.0014591049973553538
2021-06-04,2.5497956129344277,-9.75781955236954e-17,-3.826902635988055e-17,20,0,0.003278163277605106
2021-06-07,2.5539954140399614,-9.75781955236954e-17,-3.820609660741099e-17,20,0,0.0016471128447430594
2021-06-08,2.552474292806656,-9.75781955236954e-17,-3.8228865144181385e-17,20,0,-0.000595584950913941
2021-06-09,2.554773031958851,-9.75781955236954e-17,-3.819446749399814e-17,20,0,0.0009005924794907028
2021-06-10,2.559436024305938,-9.75781955236954e-17,-3.8124881652455615e-17,20,0,0.0018252080669223236
2021-06-11,2.583887551852291,-2.498001805406602e-16,-9.667610355628206e-17,20,0,0.009553482608725794
2021-06-15,2.5575053587735987,-2.498001805406602e-16,-9.76733752223483e-17,20,0,-0.010210271364084589
2021-06-16,2.5249869620997147,-2.498001805406602e-16,-9.893127540465902e-17,20,0,-0.01271488896878703
2021-06-17,2.5206753507525916,-2.498001805406602e-16,-9.910049720051335e-17,20,0,-0.001707577667465543
2021-06-18,2.529884618456541,-2.498001805406602e-16,-9.873975228682997e-17,20,0,0.003653492188591345
2021-06-21,2.5512506400814385,-2.498001805406602e-16,-9.79128340493768e-17,20,0,0.008445452993794067
2021-06-22,2.591894183125178,3.658098129966092e-16,1.4113609088606149e-16,20,0,0.015930831101111265
2021-06-23,2.590659554481151,3.658098129966092e-16,1.4120335200503504e-16,20,0,-0.00047634222572257023
2021-06-24,2.604338622651173,3.658098129966092e-16,1.4046169335085195e-16,20,0,0.005280148889637459
2021-06-25,2.6074453804898146,3.658098129966092e-16,1.4029433396142356e-16,20,0,0.001192916240469133
2021-06-28,2.6383935989709926,3.658098129966092e-16,1.3864868878520616e-16,20,0,0.011869172298966557
2021-06-29,2.625448450426177,3.658098129966092e-16,1.3933231594672103e-16,20,0,-0.004906450860805767
2021-06-30,2.637397068507673,3.658098129966092e-16,1.3870107666556124e-16,20,0,0.004551077009170124
2021-07-01,2.624461160345085,-2.220446049250313e-16,-8.460578814427382e-17,20,0,-0.004904801145436788
2021-07-02,2.628352658512295,-2.220446049250313e-16,-8.448052212700917e-17,20,0,0.0014827798658290092
2021-07-05,2.6409096759579196,-2.220446049250313e-16,-8.407883349682928e-17,20,0,0.00477752382464991
2021-07-06,2.6472798275832865,-2.220446049250313e-16,-8.387651453066705e-17,20,0,0.0024121050724903448
2021-07-07,2.660749703364832,-2.220446049250313e-16,-8.34518950220044e-17,20,0,0.005088194924161904
2021-07-08,2.6751910097829876,-2.220446049250313e-16,-8.300140218512608e-17,20,0,0.005427532849066052
2021-07-09,2.69023053895215,-2.220446049250313e-16,-8.253738916052826e-17,20,0,0.005621852463679744
2021-07-12,2.7179106821914,-2.220446049250313e-16,-8.169679981757198e-17,20,0,0.01028913427249667
2021-07-13,2.7345417458526313,-2.2985086056692694e-16,-8.405461752980456e-17,20,0,0.006119061884631849
2021-07-14,2.752656728745241,-2.2985086056692694e-16,-8.350146175752947e-17,20,0,0.006624504058160285
2021-07-15,2.7087261521529387,-2.2985086056692694e-16,-8.485570251693322e-17,20,0,-0.01595933707735786
2021-07-16,2.7113638398506095,-2.2985086056692694e-16,-8.477315260632496e-17,20,0,0.0009737742206143984
2021-07-19,2.7314155047757693,-2.2985086056692694e-16,-8.415082222570753e-17,20,0,0.0073954165171223885
2021-07-20,2.744307886614824,-2.2985086056692694e-16,-8.375549321124243e-17,20,0,0.004720036851409981
2021-07-21,2.773033660210872,-2.498001805406602e-16,-9.008191430379697e-17,20,0,0.010467401903465845
2021-07-22,2.793096506656581,-2.498001805406602e-16,-8.943485480910877e-17,20,0,0.007234981216990732
2021-07-23,2.794173288024564,-2.498001805406602e-16,-8.940038959332582e-17,20,0,0.0003855152750422697
2021-07-26,2.7764099529600257,-2.498001805406602e-16,-8.997236891271755e-17,20,0,-0.006357277532023309
2021-07-27,2.7346065195297733,-2.498001805406602e-16,-9.134776018292181e-17,20,0,-0.01505665018441682
2021-07-28,2.7054413596900773,-2.498001805406602e-16,-9.233250598685169e-17,20,0,-0.010665212574974436
2021-07-29,2.7434527571378795,-2.498001805406602e-16,-9.105321018950787e-17,20,0,0.014049980167434306
2021-07-30,2.782340388377627,-2.498001805406602e-16,-8.978059678971121e-17,20,0,0.014174704171074248
2021-08-02,2.81945431633871,-1.6653345369377348e-16,-5.906584573075498e-17,20,0,0.013339104056468098
2021-08-03,2.819583792783263,-1.6653345369377348e-16,-5.906313340288612e-17,20,0,4.592251905033429e-05
2021-08-04,2.838383514408597,-1.6653345369377348e-16,-5.867193522242263e-17,20,0,0.006667552024327783
2021-08-05,2.8262237674156077,-1.6653345369377348e-16,-5.892436954702181e-17,20,0,-0.004284039465161205
2021-08-06,2.872688016445341,-1.6653345369377348e-16,-5.797129821979126e-17,20,0,0.016440399930619076
2021-08-09,2.875301185793273,-1.6653345369377348e-16,-5.791861197588878e-17,20,0,0.0009096599884750312
2021-08-10,2.8762376289859604,-1.6653345369377348e-16,-5.789975487960156e-17,20,0,0.0003256852524926579
2021-08-11,2.902911254673936,-5.5402731014009277e-17,-1.9085230705832335e-17,20,0,0.009273790669855009
2021-08-12,2.9291453403301104,0.1536539686566331,0.0524569288321202,19,0,0.009037164196437297
2021-08-13,2.935401377384713,0.1536539686566331,0.05234513066609332,19,0,0.002135789224408269
2021-08-16,2.9706385544848817,0.1536539686566331,0.051724222196152435,19,0,0.012004210862489595
2021-08-17,2.9142041428679653,0.1536539686566331,0.05272587681706373,19,0,-0.018997400923015495
2021-08-18,2.9439264338222877,0.1536539686566331,0.052193549027356075,19,0,0.010199110802536993
2021-08-19,2.9090649689620602,0.1536539686566331,0.0528190227086802,19,0,-0.011841826093108132
2021-08-20,2.89162496882322,0.1536539686566331,0.05313758537614383,19,0,-0.005995053505134518
2021-08-23,2.9308120699604503,-2.306098020876668e-16,-7.868460910589152e-17,20,0,0.013551930682483393
2021-08-24,2.953053112114806,-2.306098020876668e-16,-7.809199270463422e-17,20,0,0.0075886961099678185
2021-08-25,2.973987198418277,-2.306098020876668e-16,-7.754229816803422e-17,20,0,0.007088963695772943
2021-08-26,2.999767574066447,-2.306098020876668e-16,-7.687589001272357e-17,20,0,0.00866862361138665
2021-08-27,2.9997346684268233,-2.306098020876668e-16,-7.687673330408502e-17,20,0,-1.0969396398663456e-05
2021-08-30,3.0005497321531904,-2.306098020876668e-16,-7.68558506518009e-17,20,0,0.00027171194004127486
2021-08-31,2.9936839140050533,-1.1102230246251565e-16,-3.7085512583052296e-17,20,0,-0.0022881867527688726
2021-09-01,2.988081281223077,-1.1102230246251565e-16,-3.71550476756349e-17,20,0,-0.0018714844128219221
2021-09-02,3.022959147504566,-1.1102230246251565e-16,-3.672636547343482e-17,20,0,0.011672328494094053
2021-09-03,3.0337244980966673,-1.1102230246251565e-16,-3.659603979602304e-17,20,0,0.003561196187843896
2021-09-06,3.051919179454343,-1.1102230246251565e-16,-3.637786452862932e-17,20,0,0.005997473194777836
2021-09-07,3.063358754986302,-1.1102230246251565e-16,-3.6242017779276425e-17,20,0,0.0037483219113305655
2021-09-08,3.092089293101327,-1.1102230246251565e-16,-3.5905270494682793e-17,20,0,0.00937877030180001
2021-09-09,3.068996815326385,-1.1102230246251565e-16,-3.617543749412739e-17,20,0,-0.007468244150148906
2021-09-10,3.0535708257682788,-1.1102230246251565e-16,-3.635818810083844e-17,20,0,-0.0050263947753447225
2021-09-13,3.087532497531565,-2.437286483747414e-16,-7.893962203461785e-17,20,0,0.011121953182383182
2021-09-14,3.070570548595114,-2.437286483747414e-16,-7.937568752043662e-17,20,0,-0.005493690819452723
2021-09-15,3.095114490025778,-2.437286483747414e-16,-7.874624643455806e-17,20,0,0.00799328367227825
2021-09-16,3.0560301325040142,-2.437286483747414e-16,-7.975335248904691e-17,20,0,-0.012627758245362442
2021-09-17,3.0442259945436683,0.13891748072692037,0.0456331037761026,19,0,-0.0038625725037187975
2021-09-22,3.0364797038179856,0.13891748072692037,0.045749517295389584,19,1,-0.0025445846463326705
2021-09-23,3.096794159503113,-1.3877787807814457e-16,-4.481340086885586e-17,21,1,0.019863283001460452
2021-09-24,3.0814659346178948,-1.3877787807814457e-16,-4.503631746146601e-17,21,1,-0.004949707373407608
2021-09-27,3.033813991359447,-1.3877787807814457e-16,-4.574370033014398e-17,21,1,-0.01546404999098483
2021-09-28,3.038209055701586,-1.3877787807814457e-16,-4.567752762691238e-17,21,1,0.001448692752639591
2021-09-29,2.9556690686961535,-1.3877787807814457e-16,-4.695311783986839e-17,21,0,-0.02716731649869053
2021-09-30,2.970598003848752,-1.3877787807814457e-16,-4.6717151865833694e-17,21,0,0.005050949482373612
2021-10-08,3.024016252541418,-1.942890293094024e-16,-6.42486723231463e-17,20,0,0.01798232161452229
2021-10-11,3.0248700449750032,-1.942890293094024e-16,-6.42305376497614e-17,20,0,0.000282337250293363
2021-10-12,2.9887045974097695,0.0,0.0,20,0,-0.01195603349152563
2021-10-13,2.977016893507584,0.0,0.0,20,0,-0.003910625329888728
2021-10-14,2.9846757004834625,0.0,0.0,20,0,0.002572644781620559
2021-10-15,2.983182232036843,0.0,0.0,20,0,-0.000500378800409651
2021-10-18,2.9863844089081772,0.0,0.0,20,0,0.0010734097424374145
2021-10-19,3.0122987497635636,0.0,0.0,20,0,0.008677496700721266
2021-10-20,3.0124785789904713,0.0,0.0,20,0,5.9698337331770546e-05
2021-10-21,3.0111166788766823,-1.6653345369377348e-16,-5.530621076958729e-17,20,0,-0.00045208623997761155
2021-10-22,2.9982946700612296,-1.6653345369377348e-16,-5.554272412136617e-17,20,0,-0.004258223836160369
2021-10-25,3.012811461646348,-1.6653345369377348e-16,-5.5275099624976675e-17,20,0,0.0048416827505555204
2021-10-26,3.0136306323146034,-1.6653345369377348e-16,-5.526007464487057e-17,20,0,0.0002718957620426732
2021-10-27,2.9846049562936643,-1.6653345369377348e-16,-5.579748614388743e-17,20,0,-0.009631464357211628
2021-10-28,3.013546273441935,-1.6653345369377348e-16,-5.5261621552459706e-17,20,0,0.009696866946240945
2021-10-29,2.9900320592656877,-1.6653345369377348e-16,-5.56962100716311e-17,20,0,-0.0078028382651614825
2021-11-01,3.036967885413104,-1.6653345369377348e-16,-5.483543454432043e-17,20,0,0.01569743240777921
2021-11-02,3.0189639247999676,-1.6653345369377348e-16,-5.516245236511323e-17,20,0,-0.005928268355951838
2021-11-03,3.0426173766681712,-1.6653345369377348e-16,-5.473361684279096e-17,20,0,0.007834956779011915
2021-11-04,3.0608010604524662,-1.6653345369377348e-16,-5.440845399771114e-17,20,0,0.005976329433905692
2021-11-05,3.0504870708594773,-1.6653345369377348e-16,-5.4592414203169374e-17,20,0,-0.0033697026985034517
2021-11-08,3.1102787775615917,-1.6653345369377348e-16,-5.3542934766874185e-17,20,0,0.019600708120774968
2021-11-09,3.1107644950649105,-1.6653345369377348e-16,-5.353457452596344e-17,20,0,0.00015616526300576972
2021-11-10,3.119169516084134,-1.6653345369377348e-16,-5.339031842772137e-17,20,0,0.0027019149255937958
2021-11-11,3.1270862544794418,-3.3306690738754696e-16,-1.0651030393243558e-16,20,0,0.0025380917434865147
2021-11-12,3.1536565494917235,-3.3306690738754696e-16,-1.0561292967721153e-16,20,0,0.008496821913441144
2021-11-15,3.234621103582039,-3.3306690738754696e-16,-1.029693731419444e-16,20,0,0.025673231317267176
2021-11-16,3.211977052471837,-3.3306690738754696e-16,-1.0369529481265412e-16,20,0,-0.007000526610404512
2021-11-17,3.233665945806216,-3.3306690738754696e-16,-1.0299978815669128e-16,20,0,0.006752505693553346
2021-11-18,3.2042218371789937,-3.3306690738754696e-16,-1.0394626973792178e-16,20,0,-0.00910548866849048
2021-11-19,3.2379538712986613,-3.3306690738754696e-16,-1.0286338861707201e-16,20,0,0.010527371647078398
2021-11-22,3.265121189406618,-3.3306690738754696e-16,-1.0200751765911524e-16,20,0,0.008390273360213252
2021-11-23,3.27356248085767,1.6653345369377348e-16,5.0872239240150957e-17,20,0,0.0025852919268170016
2021-11-24,3.3014227240130123,1.6653345369377348e-16,5.044293555093283e-17,20,0,0.008510680128531734
2021-11-25,3.336128859926397,1.6653345369377348e-16,4.991817183507942e-17,20,0,0.010512478653808444
2021-11-26,3.3272600373379735,1.6653345369377348e-16,5.0051228886519845e-17,20,0,-0.002658417273671887
2021-11-29,3.3095767685928803,1.6653345369377348e-16,5.0318655628156903e-17,20,0,-0.005314663881588522
2021-11-30,3.3684029321287676,1.6653345369377348e-16,4.9439885028400525e-17,20,0,0.01777452757528808
2021-12-01,3.4142427053809437,-4.996003610813204e-16,-1.4632830884984715e-16,20,0,0.01360875589287236
2021-12-02,3.4305206196184366,-4.996003610813204e-16,-1.456339770191759e-16,20,0,0.0047676500009323775
2021-12-03,3.4078221573268968,-4.996003610813204e-16,-1.466040004485469e-16,20,0,-0.006616623191748827
2021-12-06,3.3467053991768836,-4.996003610813204e-16,-1.4928124871827567e-16,20,0,-0.017934256932572223
2021-12-07,3.272404816488489,-4.996003610813204e-16,-1.5267070827056943e-16,20,0,-0.022201112385532462
2021-12-08,3.305471368274982,-4.996003610813204e-16,-1.511434544181351e-16,20,0,0.010104664196765034
2021-12-09,3.3302786304797336,-4.996003610813204e-16,-1.5001758606887254e-16,20,0,0.007504909116093028
2021-12-10,3.3405448616142834,-4.996003610813204e-16,-1.4955654893971211e-16,20,0,0.0030826943549377983
2021-12-13,3.3336608447680343,-1.3877787807814457e-16,-4.1629273204545535e-17,20,0,-0.0020607467139125424
2021-12-14,3.320765280728482,-1.3877787807814457e-16,-4.179093261529783e-17,20,0,-0.003868289139187908
2021-12-15,3.3198454559586574,-1.3877787807814457e-16,-4.1802511568439944e-17,20,0,-0.0002769918052211162
2021-12-16,3.3347685304386436,-1.3877787807814457e-16,-4.161544551336228e-17,20,0,0.004495111196577417
2021-12-17,3.333809827391492,-1.3877787807814457e-16,-4.1627412858978226e-17,20,0,-0.00028748713393478287
2021-12-20,3.3244493203608037,-1.3877787807814457e-16,-4.174462135072733e-17,20,0,-0.002807750746242177
2021-12-21,3.353684306567735,-2.220446049250313e-16,-6.620915525357802e-17,20,0,0.008793933487835082
2021-12-22,3.358788068852287,-2.220446049250313e-16,-6.61085487900119e-17,20,0,0.001521837423563488
2021-12-23,3.3693240969203586,-2.220446049250313e-16,-6.590182438311152e-17,20,0,0.0031368540831073766
2021-12-24,3.3739898109312065,-2.220446049250313e-16,-6.581069219759971e-17,20,0,0.0013847626042007288
2021-12-27,3.3751539998857725,-2.220446049250313e-16,-6.578799217237083e-17,20,0,0.00034504815361158236
2021-12-28,3.351179889694735,-2.220446049250313e-16,-6.625863493865075e-17,20,0,-0.007103115944294358
2021-12-29,3.3376911570934045,-2.220446049250313e-16,-6.652640836859114e-17,20,0,-0.004025069690472227
2021-12-30,3.3448124337601364,-2.220446049250313e-16,-6.638477024417645e-17,20,0,0.0021335936524855548
2021-12-31,3.3627832116246386,6.895525817007808e-17,2.050541287696158e-17,20,0,0.005372731123311381
2022-01-04,3.4264158848933373,6.895525817007808e-17,2.01246026421059e-17,20,1,0.018922621312230214
2022-01-05,3.40897924451066,6.895525817007808e-17,2.0227538281763937e-17,20,0,-0.005088886162229467
2022-01-06,3.432111192211217,6.895525817007808e-17,2.0091207512904632e-17,20,0,0.006785593587231631
2022-01-07,3.4185823683208536,6.895525817007808e-17,2.0170717198178163e-17,20,0,-0.003941837292761874
2022-01-10,3.4475228687779995,6.895525817007808e-17,2.0001392534495295e-17,20,0,0.008465643749096197
2022-01-11,3.4410652460340443,-5.551115123125783e-17,-1.6131967068987284e-17,20,0,-0.0018731196252351756
2022-01-12,3.4703993502392834,-5.551115123125783e-17,-1.5995609043503983e-17,20,0,0.008524716071294458
2022-01-13,3.4571341252248557,-5.551115123125783e-17,-1.605698512713831e-17,20,0,-0.0038223915105081163
2022-01-14,3.4102081146882335,-5.551115123125783e-17,-1.6277936525974383e-17,20,0,-0.013573673695280841
2022-01-17,3.4720447386715634,-5.551115123125783e-17,-1.598802878689199e-17,20,0,0.018132800668965388
2022-01-18,3.4963551844392753,-5.551115123125783e-17,-1.5876862705000143e-17,20,0,0.0070017662782229095
2022-01-19,3.533144183978319,-5.551115123125783e-17,-1.5711544262185273e-17,20,0,0.010522100186724392
2022-01-20,3.5176496221208304,-5.551115123125783e-17,-1.5780750556330146e-17,20,0,-0.004385488123510917
2022-01-21,3.5308578028850373,-6.062858548538941e-16,-1.717106405017224e-16,20,0,0.0037548312603810086
2022-01-24,3.549511044924789,-6.062858548538941e-16,-1.708082739229061e-16,20,0,0.005282920774807298
2022-01-25,3.457455868329769,-6.062858548538941e-16,-1.7535606467387225e-16,20,0,-0.02593460773326617
2022-01-26,3.5027366914160116,0.1757105243562246,0.050163783303161194,19,0,0.013096572974658605
2022-01-27,3.4202779473327385,0.1757105243562246,0.051373171146295374,19,0,-0.02354123399722019
2022-01-28,3.4336118463845278,0.1757105243562246,0.05117367140413428,19,0,0.0038984840580535973
2022-02-07,3.4877315893150813,0.1757105243562246,0.050379600567465266,19,0,0.015761753323265015
2022-02-08,3.509807543787715,0.1757105243562246,0.050062723429730074,19,0,0.006329602467192386
2022-02-09,3.5300528418135984,0.1757105243562246,0.04977560740024267,19,0,0.0057682074510658765
2022-02-10,3.540649172075652,0.1757105243562246,0.04962664071380361,19,0,0.003001748341140864
2022-02-11,3.499230879141966,-5.551115123125783e-17,-1.5863814977784353e-17,20,0,-0.011697937559118632
2022-02-14,3.4385801998066525,-5.551115123125783e-17,-1.614362556801181e-17,20,0,-0.017332574337074247
2022-02-15,3.3644583797543524,-5.551115123125783e-17,-1.649928308380823e-17,20,0,-0.021555937551338222
2022-02-16,3.3969121057044624,-5.551115123125783e-17,-1.634165074157718e-17,20,0,0.009646047680482717
2022-02-17,3.3785676141019256,-5.551115123125783e-17,-1.6430380436833e-17,20,0,-0.005400343321138812
2022-02-18,3.415387463777673,-5.551115123125783e-17,-1.6253251445110816e-17,20,0,0.010898065062265871
2022-02-21,3.451083747055102,0.1695594639080989,0.049132236809027986,19,0,0.010451605756597315
2022-02-22,3.4242120000543372,0.0,0.0,20,0,-0.007786466214763754
2022-02-23,3.4875455368054262,0.0,0.0,20,0,0.018495798960486143
2022-02-24,3.4496305466093253,0.0,0.0,20,0,-0.010871539825349719
2022-02-25,3.499026987264886,0.0,0.0,20,0,0.014319342314530692
2022-02-28,3.545090763667125,0.0,0.0,20,0,0.0131647388173608
2022-03-01,3.557464228395263,-5.984795992119984e-16,-1.6823207790397562e-16,20,0,0.0034903097136329553
2022-03-02,3.5592839859007954,-5.984795992119984e-16,-1.6814606577691587e-16,20,0,0.000511532200663467
2022-03-03,3.5234884944822147,-5.984795992119984e-16,-1.6985427940213736e-16,20,0,-0.010056936046793585
2022-03-04,3.466873875576559,-5.984795992119984e-16,-1.72628027638435e-16,20,0,-0.01606777459166231
2022-03-07,3.3995627322234907,-5.984795992119984e-16,-1.7604605249351045e-16,20,0,-0.019415515466905786
2022-03-08,3.2900493661101233,-5.984795992119984e-16,-1.8190596328941722e-16,20,0,-0.03221395654074011
2022-03-09,3.272290825831891,-5.984795992119984e-16,-1.8289315683298147e-16,20,0,-0.00539765161616057
2022-03-10,3.3363109679119938,-5.984795992119984e-16,-1.7938363808651584e-16,20,0,0.019564319153639875
2022-03-11,3.3236489922822527,3.608224830031759e-16,1.0856215076893834e-16,20,0,-0.0037952024710889987
2022-03-14,3.3063237998500266,3.608224830031759e-16,1.091310182685503e-16,20,0,-0.005212702205454445
2022-03-15,3.2449259584852874,3.608224830031759e-16,1.1119590635331653e-16,20,0,-0.018569821070617554
2022-03-16,3.3187095893255205,3.608224830031759e-16,1.0872372929639433e-16,20,0,0.022738155441511143
2022-03-17,3.343786163751653,3.608224830031759e-16,1.0790836056284806e-16,20,0,0.0075561219658357714
2022-03-18,3.398951186130498,3.608224830031759e-16,1.0615700645408521e-16,20,0,0.016497772189161486
2022-03-21,3.412954456205043,3.608224830031759e-16,1.0572144680898678e-16,20,0,0.0041198797239825335
2022-03-22,3.4231604745674717,-2.775549978147828e-16,-8.108150344597936e-17,20,0,0.002990376371379222
2022-03-23,3.4113568820421913,-2.775549978147828e-16,-8.136205252398744e-17,20,0,-0.0034481563493665712
2022-03-24,3.3540977861501275,-2.775549978147828e-16,-8.275101547750748e-17,20,0,-0.016784844820394773
2022-03-25,3.346454184747904,-2.775549978147828e-16,-8.294002621634327e-17,20,0,-0.00227888448386504
2022-03-28,3.3545059790572633,-2.775549978147828e-16,-8.274094592396157e-17,20,0,0.002406067396965028
2022-03-29,3.3258369725973145,-2.775549978147828e-16,-8.345418013620374e-17,20,0,-0.008546416861062167
2022-03-30,3.354202130961705,-2.775549978147828e-16,-8.274844120238014e-17,20,0,0.008528727835459327
2022-03-31,3.3476292889389105,8.326672684688674e-16,2.4873341597892277e-16,20,0,-0.001959584356029831
2022-04-01,3.354678314837369,8.326672684688674e-16,2.482107642888061e-16,20,0,0.0021056769701919276
2022-04-06,3.4061697061032357,0.1617182173305601,0.04747802701691302,19,0,0.015349129315358256
2022-04-07,3.346027939935517,0.1617182173305601,0.04833140076340088,19,0,-0.017656714537727103
2022-04-08,3.3368701377950525,0.1617182173305601,0.048464042846276534,19,0,-0.0027369174151727904
2022-04-11,3.2867565279757813,0.1617182173305601,0.04920298049279534,19,0,-0.015018148069851245
2022-04-12,3.3005460622769367,-4.718447854656915e-16,-1.429596123073591e-16,20,0,0.004195483962314617
2022-04-13,3.25632868391403,-4.718447854656915e-16,-1.4490084732433867e-16,20,0,-0.013396988719012848
2022-04-14,3.266345909020262,-4.718447854656915e-16,-1.4445646560661452e-16,20,0,0.0030762328003668404
2022-04-15,3.286132534068464,-4.718447854656915e-16,-1.4358665713385405e-16,20,0,0.006057724931569419
2022-04-18,3.363801803773041,-4.718447854656915e-16,-1.4027128023311072e-16,20,0,0.023635464759669045
2022-04-19,3.402887538329381,-4.718447854656915e-16,-1.3866011737118407e-16,20,0,0.011619511741892463
2022-04-20,3.3561510501035934,-4.718447854656915e-16,-1.4059104564174107e-16,20,0,-0.01373436168529163
2022-04-21,3.298417676652585,-5.885049392251318e-16,-1.7842038119998765e-16,20,0,-0.017202257165757295
2022-04-22,3.2838902911889685,-5.885049392251318e-16,-1.7920968334543756e-16,20,0,-0.004404349869468138
2022-04-25,3.120776609389834,-5.885049392251318e-16,-1.8857643877951097e-16,20,0,-0.04967086818849764
2022-04-26,3.1113012882885682,-5.885049392251318e-16,-1.891507394158058e-16,20,0,-0.003036206139444997
2022-04-27,3.201623234686363,-5.885049392251318e-16,-1.8381455158410694e-16,20,0,0.02903027962537119
2022-04-28,3.2021046132371107,-5.885049392251318e-16,-1.8378691838871348e-16,20,0,0.0001503545281444918
2022-04-29,3.297376716332454,-5.885049392251318e-16,-1.7847670735047323e-16,20,0,0.029752963941746424
2022-05-05,3.3485178771694164,-5.885049392251318e-16,-1.7575087271823357e-16,20,0,0.015509650621250426
2022-05-06,3.31679723642189,-5.885049392251318e-16,-1.774316900541083e-16,20,0,-0.009473039091056235
2022-05-09,3.4249598992229475,-5.885049392251318e-16,-1.718282714371784e-16,20,0,0.032610574325532715
2022-05-10,3.4538410267811797,-5.885049392251318e-16,-1.7039143801403947e-16,20,0,0.008432544732796643
2022-05-11,3.4969401810878087,-6.106226635438361e-16,-1.746162736343654e-16,20,0,0.012478615539174287
2022-05-12,3.4910113602945154,-6.106226635438361e-16,-1.7491282626256522e-16,20,0,-0.0016954310014674068
2022-05-13,3.4986825892954885,-6.106226635438361e-16,-1.7452931152202463e-16,20,0,0.002197423098710738
2022-05-16,3.5061682755664747,-6.106226635438361e-16,-1.7415669059557066e-16,20,0,0.0021395728477597853
2022-05-17,3.5088331098855887,-6.106226635438361e-16,-1.74024424764889e-16,20,0,0.0007600417634499035
2022-05-18,3.521701552853944,-6.106226635438361e-16,-1.7338853232721975e-16,20,0,0.0036674422992932776
2022-05-19,3.542133213949934,-6.106226635438361e-16,-1.7238839610521404e-16,20,0,0.00580164468492006
2022-05-20,3.5733996641776034,-6.106226635438361e-16,-1.7088003608025392e-16,20,0,0.008827011390913686
2022-05-23,3.6238387460862067,-2.419939248987646e-16,-6.677833696659963e-17,20,0,0.014115152697371736
2022-05-24,3.507278998793127,-2.419939248987646e-16,-6.899762607481069e-17,20,0,-0.0321647168817778
2022-05-25,3.5334650741445017,0.16043775777224492,0.04540521963729584,19,0,0.007466208237321581
2022-05-26,3.545330259099196,0.16043775777224492,0.04525326162787701,19,0,0.003357946012121582
2022-05-27,3.5410735503115127,0.16043775777224492,0.04530766037269432,19,0,-0.0012006522599011804
2022-05-30,3.5617873566952722,0.16043775777224492,0.04504417072250592,19,0,0.005849583774371947
2022-05-31,3.567965999140398,-3.885780586188048e-16,-1.0890744438495822e-16,20,0,0.0017347027844072382
2022-06-01,3.5676658052227705,0.18055031372155436,0.050607406516956686,19,0,-8.413586836308884e-05
2022-06-02,3.6018196195768377,0.18055031372155436,0.050127527969534035,19,0,0.009573154050491084
2022-06-06,3.736386583815,0.18055031372155436,0.04832217161458847,19,0,0.037360828262124945
2022-06-07,3.682824589160143,0.18055031372155436,0.04902495607664233,19,0,-0.014335238994506838
2022-06-08,3.7230788632984426,0.36967994702026175,0.09929414890039308,18,0,0.010930271905097655
2022-06-09,3.6733001145196718,0.36967994702026175,0.1006397341613896,18,0,-0.01337031811748135
2022-06-10,3.7144248480720674,0.36967994702026175,0.09952548837059934,18,0,0.01119558224764683
2022-06-13,3.7106275549907055,-8.326672684688674e-17,-2.2440065895294445e-17,20,0,-0.001022309842486857
2022-06-14,3.6981015164823883,-8.326672684688674e-17,-2.251607384918128e-17,20,0,-0.003375719692338852
2022-06-15,3.72276379831532,-8.326672684688674e-17,-2.236691107949632e-17,20,0,0.006668903415174565
2022-06-16,3.7448061132744948,-8.326672684688674e-17,-2.2235257134334657e-17,20,0,0.005920954471822615
2022-06-17,3.763832028597091,0.18697928048739568,0.04967790248522043,19,0,0.005080614255342564
2022-06-20,3.7344867810702254,0.18697928048739568,0.050068266792421566,19,0,-0.007796641110417446
2022-06-21,3.734716630349426,-1.5265566588595902e-16,-4.0874765342418047e-17,20,0,6.154775546818314e-05
2022-06-22,3.726867291878468,-1.5265566588595902e-16,-4.0960853695709506e-17,20,0,-0.0021017226332975536
2022-06-23,3.744719685854841,-1.5265566588595902e-16,-4.076557891972385e-17,20,0,0.004790187730933315
2022-06-24,3.758944941082409,-1.5265566588595902e-16,-4.0611306704056425e-17,20,0,0.003798750352743907
2022-06-27,3.7875974111803,-1.5265566588595902e-16,-4.030408972066229e-17,20,0,0.007622476664859157
2022-06-28,3.8242303811156777,-1.5265566588595902e-16,-3.991800981441484e-17,20,0,0.00967182251926868
2022-06-29,3.768854007043851,-1.5265566588595902e-16,-4.0504531510281675e-17,20,0,-0.0144803969826921
2022-06-30,3.8076965472509126,-1.5265566588595902e-16,-4.0091342361873254e-17,20,0,0.010306193907873906
2022-07-01,3.8443384305336297,-8.326672684688674e-17,-2.1659572473001174e-17,20,0,0.009623110147569891
2022-07-04,3.8542379200976438,-8.326672684688674e-17,-2.160394053846506e-17,20,0,0.002575082746458346
2022-07-05,3.8726382180249095,-8.326672684688674e-17,-2.1501292441759185e-17,20,0,0.004774043094568414
2022-07-06,3.829900753218979,-8.326672684688674e-17,-2.1741223131409398e-17,20,0,-0.011035749378036974
2022-07-07,3.875097604971484,-8.326672684688674e-17,-2.1487646334394587e-17,20,0,0.011801050383490441
2022-07-08,3.890285851950992,-8.326672684688674e-17,-2.1403755409163104e-17,20,0,0.003919448883048071
2022-07-11,3.8873954367016994,0.21653167552205432,0.05570096457842551,19,0,-0.0007429827419604962
2022-07-12,3.824245530119577,-2.220446049250313e-16,-5.80623297265352e-17,20,0,-0.016244785901097458
2022-07-13,3.8596090462527393,-2.220446049250313e-16,-5.753033591332585e-17,20,0,0.009247187675226698
2022-07-14,3.8923868044342766,-2.220446049250313e-16,-5.704587341424396e-17,20,0,0.008492507346919309
2022-07-15,3.89183941054388,-2.220446049250313e-16,-5.705389701421437e-17,20,0,-0.00014063193559621379
2022-07-18,3.9632860888588217,-2.220446049250313e-16,-5.602537892715341e-17,20,0,0.0183580746218297
2022-07-19,4.004156729757137,-2.220446049250313e-16,-5.545352490198327e-17,20,0,0.010312311547028274
2022-07-20,4.012807007131922,-2.220446049250313e-16,-5.533398554438168e-17,20,0,0.002160324372544986
2022-07-21,4.003574084536649,-3.053107638268521e-16,-7.625955143582338e-17,20,0,-0.0023008638538717374
2022-07-22,3.977941426905587,-3.053107638268521e-16,-7.675094503951789e-17,20,0,-0.0064024436890192105
2022-07-25,3.9796260345476773,-3.053107638268521e-16,-7.671845574845668e-17,20,0,0.00042348729186825196
2022-07-26,3.9999284182968533,-3.053107638268521e-16,-7.632905689768611e-17,20,0,0.00510158079501144
2022-07-27,4.044163644561241,-3.053107638268521e-16,-7.549416657198001e-17,20,0,0.011059004471690725
2022-07-28,4.071164116927368,-3.053107638268521e-16,-7.49934797659986e-17,20,0,0.0066764045026808105
2022-07-29,4.069065977838019,-3.053107638268521e-16,-7.50321487755945e-17,20,0,-0.0005153658828503938
2022-08-01,4.091921489450712,-3.053107638268521e-16,-7.461305516588397e-17,20,0,0.005616893836859482
2022-08-02,4.020094221103135,-3.053107638268521e-16,-7.594617116786711e-17,20,0,-0.017553432667941737
2022-08-03,3.9952568013336838,-3.053107638268521e-16,-7.641830776057605e-17,20,0,-0.0061783178212763135
2022-08-04,4.025786095381444,-3.053107638268521e-16,-7.583879436046485e-17,20,0,0.0076413846633260896
2022-08-05,4.024406960223085,-3.053107638268521e-16,-7.586478376678084e-17,20,0,-0.00034257536930271115
2022-08-08,4.042522862557441,-3.053107638268521e-16,-7.552480819705292e-17,20,0,0.0045015085485669015
2022-08-09,4.071989967981607,-3.053107638268521e-16,-7.49782701400386e-17,20,0,0.007289286029052544
2022-08-10,4.1018373965758395,-3.053107638268521e-16,-7.443268328523251e-17,20,0,0.007329936671977455
2022-08-11,4.141381147601937,5.551115123125783e-17,1.3404018913690547e-17,20,0,0.009640496978039259
2022-08-12,4.1725511507624375,5.551115123125783e-17,1.3303887531999324e-17,20,0,0.0075264753592045874
2022-08-15,4.200034109983355,5.551115123125783e-17,1.321683342983084e-17,20,0,0.006586608103269276
2022-08-16,4.226820608070374,5.551115123125783e-17,1.3133074804563271e-17,20,0,0.00637768584387155
2022-08-17,4.265642720605123,5.551115123125783e-17,1.301354915710874e-17,20,0,0.009184707877269549
2022-08-18,4.243329842152459,5.551115123125783e-17,1.3081978845910174e-17,20,0,-0.005230836221909008
2022-08-19,4.198020458542184,5.551115123125783e-17,1.3223173107292283e-17,20,0,-0.010677789683040784
2022-08-22,4.2152324730011035,5.551115123125783e-17,1.3169179063506255e-17,20,0,0.00410003110487378
2022-08-23,4.235595497734871,7.892991815694472e-17,1.8634904631274443e-17,20,0,0.004830818908374335
2022-08-24,4.1458801299926344,7.892991815694472e-17,1.9038157322962676e-17,20,0,-0.021181287918125125
2022-08-25,4.0817017281481585,7.892991815694472e-17,1.9337502692229968e-17,20,0,-0.015480042797231142
2022-08-26,4.082685968922398,7.892991815694472e-17,1.9332840869408782e-17,20,0,0.0002411349088671244
2022-08-29,4.092104160061109,7.892991815694472e-17,1.928834532788775e-17,20,0,0.0023068615147976423
2022-08-30,4.092491892851491,7.892991815694472e-17,1.9286517902409183e-17,20,0,9.475144698578575e-05
2022-08-31,3.968490172859476,-2.220446049250313e-16,-5.595190998420393e-17,20,0,-0.030299808341371137
2022-09-01,3.9252455455051933,-2.220446049250313e-16,-5.656833498716916e-17,20,0,-0.010896997465190461
2022-09-02,3.983648018696596,0.17634988681311095,0.04426844088268888,19,0,0.014878680203402661
2022-09-05,4.032275193218706,0.17634988681311095,0.04373458614870533,19,0,0.012206694540754182
2022-09-06,4.07163582671837,0.17634988681311095,0.04331180250843904,19,0,0.009761395642305937
2022-09-07,4.110837428254354,0.17634988681311095,0.04289877424999437,19,0,0.00962797342501509
2022-09-08,4.06982899624459,0.17634988681311095,0.0433310311012666,19,0,-0.009975688098952107
2022-09-09,4.097183537019855,0.17634988681311095,0.0430417346989004,19,0,0.006721299789378188
2022-09-13,4.1305076943189105,0.17634988681311095,0.042694482098571594,19,0,0.008133430440193212
2022-09-14,4.101505828234725,-7.216449660063518e-16,-1.7594634659264777e-16,20,0,-0.007021380476805561
2022-09-15,4.02279523384094,-7.216449660063518e-16,-1.7938893830231812e-16,20,0,-0.01919065769745887
2022-09-16,3.9690865523213334,-7.216449660063518e-16,-1.8181638432255786e-16,20,0,-0.013351085103162408
2022-09-19,3.9570496707805876,-7.216449660063518e-16,-1.8236944846436473e-16,20,0,-0.0030326578627281053
2022-09-20,3.9949028731532326,-7.216449660063518e-16,-1.8064142957166497e-16,20,0,0.009566016482471351
2022-09-21,4.028339723393966,1.6653345369377348e-16,4.134046905891674e-17,20,0,0.008369878142829856
2022-09-22,4.021331232758866,1.6653345369377348e-16,4.141251840613037e-17,20,0,-0.001739796322142051
2022-09-23,3.9729336043876544,1.6653345369377348e-16,4.191699894250842e-17,20,0,-0.012035225543459704
2022-09-26,3.9242676061086503,1.6653345369377348e-16,4.243682399093827e-17,20,0,-0.01224938625333638
2022-09-27,3.9870439113348586,1.6653345369377348e-16,4.1768653016419436e-17,20,0,0.015996948100198027
2022-09-28,3.9083256896145735,1.6653345369377348e-16,4.260992223250373e-17,20,0,-0.01974350508066769
2022-09-29,3.883211669370457,1.6653345369377348e-16,4.28854947587165e-17,20,0,-0.006425774676570795
2022-09-30,3.8602105450777686,1.6653345369377348e-16,4.31410286431458e-17,20,0,-0.005923221871759865
2022-10-10,3.8044616379513485,-2.2768245622195593e-16,-5.984616954754205e-17,20,0,-0.01444193431301477
2022-10-11,3.8534405612680818,-3.058717052324802e-17,-7.937626138751821e-18,20,1,0.012874074699070315
2022-10-12,3.939941668546297,-3.058717052324802e-17,-7.76335618555836e-18,20,1,0.02244775958079126
2022-10-13,4.024030178735457,-3.058717052324802e-17,-7.601128511630589e-18,20,1,0.021342577444854793
2022-10-14,4.082155130810384,-3.058717052324802e-17,-7.492897634484531e-18,20,1,0.014444462266232971
2022-10-17,4.107657635025479,-3.058717052324802e-17,-7.446377775605023e-18,20,1,0.006247313832493218
2022-10-18,4.129681543791846,-3.058717052324802e-17,-7.406665671165307e-18,20,1,0.005361670987029665
2022-10-19,4.1199699154896505,-3.058717052324802e-17,-7.424124726797378e-18,20,0,-0.0023516651827051316
2022-10-20,4.091878179679303,-3.058717052324802e-17,-7.4750931430821e-18,20,0,-0.006818432266879504
2022-10-21,4.065326264711385,-2.498001805406602e-16,-6.144652711124887e-17,20,0,-0.0064889309510184345
2022-10-24,4.031475242870567,-2.498001805406602e-16,-6.196247415444695e-17,20,0,-0.008326766324921686
2022-10-25,3.9855206738600533,-2.498001805406602e-16,-6.26769250449588e-17,20,0,-0.011398946103360452
2022-10-26,4.067175745780127,-2.498001805406602e-16,-6.141858531681077e-17,20,0,0.020487930838153146
2022-10-27,4.04915080769779,-2.498001805406602e-16,-6.169199232238232e-17,20,0,-0.004431807034903645
2022-10-28,3.9803978133339695,-2.498001805406602e-16,-6.275759164168275e-17,20,0,-0.016979608226276643
2022-10-31,3.9853446411876443,-2.498001805406602e-16,-6.267969348473186e-17,20,0,0.0012427973498285727
2022-11-01,4.059134908326078,3.5561831257524545e-16,8.760938490755823e-17,20,0,0.018515404257847035
2022-11-02,4.094425785779348,3.5561831257524545e-16,8.685425775950554e-17,20,0,0.00869418687732737
2022-11-03,4.110279644667702,3.5561831257524545e-16,8.651925010420931e-17,20,0,0.0038720591647838365
2022-11-04,4.203345444728159,3.5561831257524545e-16,8.460363709132268e-17,20,0,0.022642206396149334
2022-11-07,4.247355348831455,0.20213885497344208,0.04759169845043813,19,0,0.010470208713988294
2022-11-08,4.199003042972074,0.20213885497344208,0.04813972576461084,19,0,-0.011384097135334725
2022-11-09,4.214095654313361,0.20213885497344208,0.04796731530442166,19,0,0.003594332079979834
2022-11-10,4.178083705185391,0.20213885497344208,0.048380757600085644,19,0,-0.008545593665181705
2022-11-11,4.210181457422839,-1.2290515827295678e-15,-2.9192366057350464e-16,20,0,0.007682410047843646
2022-11-14,4.164305206527333,-1.2290515827295678e-15,-2.9513965037987445e-16,20,0,-0.010896502053283963
2022-11-15,4.197275198433296,-1.2290515827295678e-15,-2.928213006353103e-16,20,0,0.007917285182239775
2022-11-16,4.199017092596339,-1.2290515827295678e-15,-2.9269982846619465e-16,20,0,0.0004150059456891064
2022-11-17,4.133934830111149,-1.2290515827295678e-15,-2.973079241059353e-16,20,0,-0.015499404039088782
2022-11-18,4.146567695663609,-1.2290515827295678e-15,-2.964021506304801e-16,20,0,0.0030558937360221083
2022-11-21,4.197377607699771,0.2589533021279338,0.061694068613913515,19,0,0.01225348668232229
2022-11-22,4.198083842190516,-3.885780586188048e-16,-9.256081422519871e-17,20,0,0.00016825612483595265
2022-11-23,4.181749607817522,-3.885780586188048e-16,-9.292236385755431e-17,20,0,-0.00389087855007475
2022-11-24,4.201597438205669,-3.885780586188048e-16,-9.248341002053511e-17,20,0,0.004746298140625882
2022-11-25,4.188402733173433,-3.885780586188048e-16,-9.27747600633405e-17,20,0,-0.003140402008115828
2022-11-28,4.161403171403532,-3.885780586188048e-16,-9.337669113366576e-17,20,0,-0.006446266868287531
2022-11-29,4.206689307753559,-3.885780586188048e-16,-9.237146606063756e-17,20,0,0.01088241981964777
2022-11-30,4.209961766573212,-3.885780586188048e-16,-9.229966450148932e-17,20,0,0.0007779178779903084
2022-12-01,4.281203725611734,-1.6653345369377348e-16,-3.8898745391981507e-17,20,0,0.016922234212238596
2022-12-02,4.276540080771027,0.21372764613835343,0.04997676675576018,19,0,-0.0010893302770917934
2022-12-05,4.298912691231577,0.21372764613835343,0.04971667523611034,19,0,0.005231474518652579
2022-12-06,4.296386782367565,0.21372764613835343,0.049745904399365264,19,0,-0.0005875692402788069
2022-12-07,4.273366949965416,0.21372764613835343,0.050013876327677204,19,0,-0.005357951592399268
2022-12-08,4.241545933370033,0.21372764613835343,0.05038909150007496,19,0,-0.007446357162386952
2022-12-09,4.23312372966442,0.21372764613835343,0.05048934540717916,19,0,-0.001985644818638388
2022-12-12,4.240342185747605,0.21372764613835343,0.05040339594684659,19,0,0.0017052315368435433
2022-12-13,4.186614104796557,2.7755575615628914e-16,6.629599700586128e-17,20,0,-0.012670694627343049
2022-12-14,4.152202094177464,2.7755575615628914e-16,6.684543523194574e-17,20,0,-0.008219532480833958
2022-12-15,4.179227434186046,2.7755575615628914e-16,6.641317337407515e-17,20,0,0.006508676455435403
2022-12-16,4.100043869818761,2.7755575615628914e-16,6.769580154969372e-17,20,0,-0.018946938307200956
2022-12-19,4.040063441366861,0.18523704694030668,0.04585003419590759,19,0,-0.014629216261179079
2022-12-20,4.036831193839221,0.18523704694030668,0.045886745827520545,19,0,-0.0008000487058060779
2022-12-21,4.035325672393919,5.551115123125783e-17,1.3756300169529159e-17,20,0,-0.0003729463465305116
2022-12-22,4.016427289758022,5.551115123125783e-17,1.3821027302750502e-17,20,0,-0.004683236043420802
2022-12-23,3.969440154815989,5.551115123125783e-17,1.3984629838519673e-17,20,0,-0.011698739091294263
2022-12-26,4.034568267268639,5.551115123125783e-17,1.375888262484112e-17,20,0,0.01640737986026375
2022-12-27,4.06960239698784,5.551115123125783e-17,1.3640436046613549e-17,20,0,0.008683489136476652
2022-12-28,4.054336928813956,0.19794150646291725,0.048822164989830406,19,0,-0.0037510957299373704
2022-12-29,4.063789433723574,0.19794150646291725,0.04870860306399959,19,0,0.0023314551986146625
2022-12-30,4.037923620398008,0.19794150646291725,0.049020616799930125,19,0,-0.006364949205024617
2023-01-03,4.0987078496718015,-3.3306690738754696e-16,-8.126144131356345e-17,20,0,0.015053338048975462
2023-01-04,4.128077353239064,-3.3306690738754696e-16,-8.068330093819792e-17,20,0,0.007165551838395734
2023-01-05,4.161809048411935,-3.3306690738754696e-16,-8.002935827020676e-17,20,0,0.008171284665100531
2023-01-06,4.171348888335225,-3.3306690738754696e-16,-7.984633179903424e-17,20,0,0.00229223393296496
2023-01-09,4.215174621697493,-3.3306690738754696e-16,-7.901615882604114e-17,20,0,0.010506369650551628
2023-01-10,4.192798364693108,-3.3306690738754696e-16,-7.943785472543844e-17,20,0,-0.005308500599050636
2023-01-11,4.182355623600594,-1.27675647831893e-15,-3.0527209860259783e-16,20,0,-0.0024906375609310416
2023-01-12,4.2027300648780805,-1.27675647831893e-15,-3.0379216809299607e-16,20,0,0.004871522919408289
2023-01-13,4.197385115422302,-1.27675647831893e-15,-3.041790169855488e-16,20,0,-0.001271780336416617
2023-01-16,4.237456116088325,-1.27675647831893e-15,-3.0130258422535073e-16,20,0,0.009546658113116946
2023-01-17,4.24481225491806,-1.27675647831893e-15,-3.007804354220081e-16,20,0,0.0017359799436755807
2023-01-18,4.277135897018822,-1.27675647831893e-15,-2.985073444144792e-16,20,0,0.007614857892316085
2023-01-19,4.290141166356431,-1.27675647831893e-15,-2.976024398290989e-16,20,0,0.003040649081707647
2023-01-20,4.332466264891747,-1.27675647831893e-15,-2.9469507671996417e-16,20,0,0.009865665695859116
2023-01-30,4.4078162675163775,1.1102230246251565e-16,2.5187597604895664e-17,20,0,0.017391942145108308
2023-01-31,4.40348963471948,-2.7755575615628914e-16,-6.303086396931432e-17,20,0,-0.0009815819295333483
2023-02-01,4.448919679945834,-2.7755575615628914e-16,-6.238722569153426e-17,20,0,0.010316828014799606
2023-02-02,4.465184711141035,-2.7755575615628914e-16,-6.215997189629417e-17,20,0,0.003655950739798186
2023-02-03,4.467925519475476,-2.7755575615628914e-16,-6.212184042604039e-17,20,0,0.0006138174592424939
2023-02-06,4.448989991152549,-2.7755575615628914e-16,-6.238623973266929e-17,20,0,-0.004238102949654876
2023-02-07,4.5337498463008306,-2.7755575615628914e-16,-6.121990969191914e-17,20,0,0.01905148254251854
2023-02-08,4.52690295306286,-2.7755575615628914e-16,-6.131250416324863e-17,20,0,-0.0015102053421753858
2023-02-09,4.51158467371402,-2.7755575615628914e-16,-6.152067981200054e-17,20,0,-0.0033838320608301498
2023-02-10,4.51005562946032,-2.7755575615628914e-16,-6.154153716935458e-17,20,0,-0.00033891511836381394
2023-02-13,4.519188301832671,4.996003610813204e-16,1.1055090598431516e-16,20,0,0.002024957810430328
2023-02-14,4.513545094110019,4.996003610813204e-16,1.1068912587874159e-16,20,0,-0.0012487215282361852
2023-02-15,4.503010762963877,4.996003610813204e-16,1.1094807171912776e-16,20,0,-0.0023339372769065614
2023-02-16,4.436805693907945,4.996003610813204e-16,1.1260361520165463e-16,20,0,-0.01470240080269225
2023-02-17,4.404250196256092,4.996003610813204e-16,1.1343596272210291e-16,20,0,-0.007337598240228171
2023-02-20,4.444832985764322,4.996003610813204e-16,1.1240025501102388e-16,20,0,0.009214460509697764
2023-02-21,4.45547017662829,-3.885780586188048e-16,-8.72137043262321e-17,20,0,0.0023931587301562196
2023-02-22,4.450029377310621,-3.885780586188048e-16,-8.732033559150171e-17,20,0,-0.0012211504290186026
2023-02-23,4.42458310687129,0.21520812051282956,0.04863918595598659,19,0,-0.005718225270393451
2023-02-24,4.422799970500313,0.21520812051282956,0.04865879577377426,19,0,-0.00040300663992665076
2023-02-27,4.407713531531127,0.21520812051282956,0.048825341976812126,19,0,-0.00341106065610286
2023-02-28,4.426141714521785,0.21520812051282956,0.04862205830571364,19,0,0.00418089398479049
2023-03-01,4.465901061857148,5.551115123125783e-17,1.2430000231168013e-17,20,0,0.008982845534501571
2023-03-02,4.4593583470741045,5.551115123125783e-17,1.2448237372015656e-17,20,0,-0.0014650380051910439
2023-03-03,4.462331785087818,0.2126284059850515,0.04764961823224604,19,0,0.000666786067027747
2023-03-06,4.463660426712276,0.2126284059850515,0.047635434970052966,19,0,0.0002977460414079758
2023-03-07,4.425262298320722,0.2126284059850515,0.04804876901098919,19,0,-0.008602385647833999
2023-03-08,4.4307244660040315,0.2126284059850515,0.04798953480779548,19,0,0.001234315011198861
2023-03-09,4.442771620219471,0.2126284059850515,0.04785940493032765,19,0,0.0027190032483117577
2023-03-10,4.419935003129537,0.2126284059850515,0.04810668162190165,19,0,-0.005140173531766101
2023-03-13,4.463657103667324,-1.3877787807814457e-15,-3.1090622522085127e-16,20,0,0.009892023413654139
2023-03-14,4.420936241936477,-1.3877787807814457e-15,-3.1391060735441976e-16,20,0,-0.009570820683279524
2023-03-15,4.452035577985265,-1.3877787807814457e-15,-3.117178100830619e-16,20,0,0.007034558823487025
2023-03-16,4.438275953349158,-1.3877787807814457e-15,-3.1268420336374463e-16,20,0,-0.003090636720008977
2023-03-17,4.480226058239945,-1.3877787807814457e-15,-3.0975641914966985e-16,20,0,0.009451891980518212
2023-03-20,4.479895276261119,-1.3877787807814457e-15,-3.0977929063102424e-16,20,0,-7.383153763373951e-05
2023-03-21,4.514822517759823,-3.3306690738754696e-16,-7.377187166879131e-17,20,0,0.007796441511430663
2023-03-22,4.5519356894641785,-3.3306690738754696e-16,-7.317038950230714e-17,20,0,0.008220294719972765
2023-03-23,4.561945822481763,-3.3306690738754696e-16,-7.300983403751906e-17,20,0,0.00219909368244231
2023-03-24,4.571960592088015,-3.3306690738754696e-16,-7.284990775378387e-17,20,0,0.0021952846429911244
2023-03-27,4.560917578509928,-3.3306690738754696e-16,-7.302629386614818e-17,20,0,-0.0024153781196621926
2023-03-28,4.519948999058495,-3.3306690738754696e-16,-7.368820034405803e-17,20,0,-0.008982530104132636
2023-03-29,4.513371699767733,-3.3306690738754696e-16,-7.379558554964291e-17,20,0,-0.0014551711296150183
2023-03-30,4.501348676679863,-3.3306690738754696e-16,-7.399269225978131e-17,20,0,-0.0026638672565985066
2023-03-31,4.529813768976709,-2.220446049250313e-16,-4.9018484257729535e-17,20,0,0.00632368082133139
2023-04-03,4.5716593754574015,-2.220446049250313e-16,-4.856980511650989e-17,20,0,0.00923782049656885
2023-04-04,4.559909192279624,-2.220446049250313e-16,-4.8694962018317096e-17,20,0,-0.0025702228037497443
2023-04-06,4.553511253814324,0.2285812492719862,0.050198898505084695,19,0,-0.0014030846219773574
2023-04-07,4.576253335999017,0.2285812492719862,0.04994943078737704,19,0,0.004994405617344988
2023-04-10,4.548368332824444,0.4425775485906373,0.09730468515416069,18,0,-0.006093413350877208
2023-04-11,4.53413399273611,1.1102230246251565e-16,2.4485889177597853e-17,20,0,-0.0031295486747651147
2023-04-12,4.581130467508265,1.1102230246251565e-16,2.423469561715017e-17,20,0,0.010365038802877313
2023-04-13,4.562399152706387,1.1102230246251565e-16,2.4334193205488806e-17,20,0,-0.004088797499815833
2023-04-14,4.57419799061218,1.1102230246251565e-16,2.4271424780993613e-17,20,0,0.0025861038262715574
2023-04-17,4.5611384464795774,0.2084927818071434,0.04571068917411712,19,0,-0.002855045662519373
2023-04-18,4.547361019575059,0.2084927818071434,0.0458491817363176,19,0,-0.0030206114254549554
2023-04-19,4.543170978378111,0.2084927818071434,0.045891467171146234,19,0,-0.0009214225962952405
2023-04-20,4.536385611053839,0.2084927818071434,0.045960110026605265,19,0,-0.0014935311386177208
2023-04-21,4.464909711563163,-1.1102230246251565e-16,-2.4865520163821364e-17,20,0,-0.015756133983960807
2023-04-24,4.478282941601778,-1.1102230246251565e-16,-2.4791265739633136e-17,20,0,0.0029951848755152
2023-04-25,4.415615867256291,-1.1102230246251565e-16,-2.5143107054622718e-17,20,0,-0.01399354957305865
2023-04-26,4.482195429183953,-1.1102230246251565e-16,-2.476962555885896e-17,20,0,0.015078205153980617
2023-04-27,4.445988098223552,-1.1102230246251565e-16,-2.4971344954089272e-17,20,0,-0.008078034867612494
2023-04-28,4.516048347345614,-1.1102230246251565e-16,-2.458394904646469e-17,20,0,0.015758082922006755
2023-05-04,4.51814801763507,-1.1102230246251565e-16,-2.4572524412475524e-17,20,0,0.0004649352991736855
2023-05-05,4.505760506626191,-1.1102230246251565e-16,-2.4640080692093103e-17,20,0,-0.0027417231486283056
2023-05-08,4.512045117213381,-1.1102230246251565e-16,-2.4605760709033543e-17,20,1,0.001394794636321084
2023-05-09,4.432441936949845,-1.1102230246251565e-16,-2.5047660869961653e-17,20,1,-0.017642372404444995
2023-05-10,4.457216423949945,-1.1102230246251565e-16,-2.4908438788379203e-17,20,0,0.005589353984216894
2023-05-11,4.4629594016678205,-8.881784197001252e-16,-1.9901109101915882e-16,20,0,0.0012884673239146327
2023-05-12,4.389927155972037,-8.881784197001252e-16,-2.0232190379101195e-16,20,0,-0.0163640847076697
2023-05-15,4.419962014716991,-8.881784197001252e-16,-2.0094707075372798e-16,20,0,0.006841766999275745
2023-05-16,4.44237485543402,-8.881784197001252e-16,-1.9993324485296058e-16,20,0,0.0050708220211850286
2023-05-17,4.49412112522275,-8.881784197001252e-16,-1.9763117080118814e-16,20,0,0.011648334837262464
2023-05-18,4.515581088022869,-8.881784197001252e-16,-1.966919433815352e-16,20,0,0.004775118916950705
2023-05-19,4.504363149966238,-8.881784197001252e-16,-1.9718179687771898e-16,20,0,-0.0024842734164126634
2023-05-22,4.499097139608209,-8.881784197001252e-16,-1.9741259015747095e-16,20,0,-0.0011690909863847354
2023-05-23,4.4685052360673625,-5.273559366969494e-16,-1.1801618412358945e-16,20,0,-0.006799565021952558
2023-05-24,4.464058708056614,0.20784412660166296,0.046559451878746896,19,0,-0.000995081750124971
2023-05-25,4.463324492281598,0.20784412660166296,0.046567110897064876,19,0,-0.00016447269694075395
2023-05-26,4.47366057769159,0.20784412660166296,0.0464595207866464,19,0,0.002315781751442536
2023-05-29,4.448771705523855,0.20784412660166296,0.0467194408613037,19,0,-0.005563424344673384
2023-05-30,4.454756263581596,0.20784412660166296,0.04665667756075112,19,0,0.0013452158154823035
2023-05-31,4.447156326076243,-8.049116928532385e-16,-1.8099469275086573e-16,20,0,-0.0017060276827004506
2023-06-01,4.456451372340053,-8.049116928532385e-16,-1.8061718295617453e-16,20,0,0.00209011007985227
2023-06-02,4.505831880699347,-8.049116928532385e-16,-1.7863775528356124e-16,20,0,0.011080679274497296
2023-06-05,4.50520936129298,-8.049116928532385e-16,-1.7866243903529303e-16,20,0,-0.00013815859598165225
2023-06-06,4.472354905987364,-8.049116928532385e-16,-1.7997491473131148e-16,20,0,-0.007292547953018258
2023-06-07,4.474342070406628,-8.049116928532385e-16,-1.7989498348303265e-16,20,0,0.0004443217188787596
2023-06-08,4.470202275220564,-8.049116928532385e-16,-1.8006158184721592e-16,20,0,-0.0009252299267515918
2023-06-09,4.488120050927715,-8.049116928532385e-16,-1.793427278503523e-16,20,0,0.004008269560076272
2023-06-12,4.522653229534098,-8.049116928532385e-16,-1.7797333821592963e-16,20,0,0.007694352694341378
2023-06-13,4.523142524472525,-1.1102230246251565e-16,-2.4545391143840363e-17,20,0,0.00010818758670927409
2023-06-14,4.540180231792283,-1.1102230246251565e-16,-2.445328088191082e-17,20,0,0.003766785421324803
2023-06-15,4.574233685496574,-1.1102230246251565e-16,-2.427123537971655e-17,20,0,0.007500462969693311
2023-06-16,4.623625707605444,-1.1102230246251565e-16,-2.401195717029907e-17,20,0,0.010797879055780779
2023-06-19,4.618302806475106,-1.1102230246251565e-16,-2.4039632547882412e-17,20,0,-0.0011512396259892865
2023-06-20,4.622425439562988,-1.1102230246251565e-16,-2.4018192162124285e-17,20,0,0.0008926727546105795
2023-06-21,4.58349233760222,-4.2283884726934673e-16,-9.225254808444778e-17,20,0,-0.008422656561973385
2023-06-26,4.542917832669432,-4.2283884726934673e-16,-9.307649023026361e-17,20,0,-0.008852312155061548
2023-06-27,4.599634186457187,-4.2283884726934673e-16,-9.192879914544538e-17,20,0,0.012484565179649687
2023-06-28,4.613334556310526,-4.2283884726934673e-16,-9.165579519719645e-17,20,0,0.0029785781429483293
2023-06-29,4.675622137321908,-4.2283884726934673e-16,-9.043477741585409e-17,20,0,0.013501639703580537
2023-06-30,4.685901746547274,-4.2283884726934673e-16,-9.023638781605018e-17,20,0,0.0021985543150100373
2023-07-03,4.694406160506407,-1.3747683547116196e-16,-2.9285245198368544e-17,20,0,0.001814893785470284
2023-07-04,4.710382810932481,-1.3747683547116196e-16,-2.918591566530166e-17,20,0,0.003403337904692716
2023-07-05,4.702482953809561,-1.3747683547116196e-16,-2.9234946053295024e-17,20,0,-0.001677115733478285
2023-07-06,4.703499862197816,-1.3747683547116196e-16,-2.9228625385123925e-17,20,0,0.00021624924497198883
2023-07-07,4.68581683944047,-1.3747683547116196e-16,-2.9338926420260584e-17,20,0,-0.0037595457160454204
2023-07-10,4.667861224787371,-1.3747683547116196e-16,-2.945178291529527e-17,20,0,-0.003831907065160234
2023-07-11,4.689639756371245,-5.551115123125783e-17,-1.1836975570637713e-17,20,0,0.004665633902787292
2023-07-12,4.665537673935561,-5.551115123125783e-17,-1.189812517030476e-17,20,0,-0.0051394315315882455
2023-07-13,4.7179981946695495,-5.551115123125783e-17,-1.1765827145498908e-17,20,0,0.011244260447635712
2023-07-14,4.6847240745817285,-5.551115123125783e-17,-1.1849396111170986e-17,20,0,-0.0070525927978130065
2023-07-17,4.674773817651653,-5.551115123125783e-17,-1.1874617552971483e-17,20,0,-0.0021239792934792945
2023-07-18,4.686822158554253,-5.551115123125783e-17,-1.1844091658127133e-17,20,0,0.0025773099132850863
2023-07-19,4.6878550107653,-5.551115123125783e-17,-1.18414821072283e-17,20,0,0.00022037367241711792
2023-07-20,4.6727486649002925,-5.551115123125783e-17,-1.1879763970237489e-17,20,0,-0.00322244306411279
2023-07-21,4.668672365601041,-2.7755575615628914e-16,-5.945068199716278e-17,20,0,-0.0008723557784887648
2023-07-24,4.714326367810506,-2.7755575615628914e-16,-5.887495572038545e-17,20,0,0.009778797618322121
2023-07-25,4.793776634042515,-2.7755575615628914e-16,-5.789918415999096e-17,20,0,0.01685294144556826
2023-07-26,4.774634407011371,-2.7755575615628914e-16,-5.813131069233467e-17,20,0,-0.0039931412104616815
2023-07-27,4.757333688792495,-2.7755575615628914e-16,-5.834271344265074e-17,20,0,-0.003623464488395345
2023-07-28,4.779778239542696,-2.7755575615628914e-16,-5.806875178017552e-17,20,0,0.004717884474464418
2023-07-31,4.800127644406148,-2.7755575615628914e-16,-5.782257821408981e-17,20,0,0.004257395185220725
2023-08-01,4.777690509663193,-3.330652103015321e-16,-6.971259641617343e-17,20,0,-0.004674278770295137
2023-08-02,4.779704019402453,-3.330652103015321e-16,-6.968322911826894e-17,20,0,0.0004214399687856307
2023-08-03,4.7760711075291935,-3.330652103015321e-16,-6.973623356998904e-17,20,0,-0.0007600704684875836
2023-08-04,4.7730603216914185,-3.330652103015321e-16,-6.978022230054376e-17,20,0,-0.0006303896591968172
2023-08-07,4.7477594673322905,-3.330652103015321e-16,-7.015208175419162e-17,20,0,-0.0053007614934483804
2023-08-08,4.747586361567343,-3.330652103015321e-16,-7.015463962862504e-17,20,0,-3.646051703720676e-05
2023-08-09,4.748503975530957,-3.330652103015321e-16,-7.014108275318233e-17,20,0,0.0001932800993451611
2023-08-10,4.752950820590654,-3.330652103015321e-16,-7.007545898826315e-17,20,0,0.0009364728517891052
2023-08-11,4.7580832557976915,-2.3765711620882257e-16,-4.9948078550168077e-17,20,0,0.00107984184999399
2023-08-14,4.757117285639314,-2.3765711620882257e-16,-4.9958220901186713e-17,20,0,-0.00020301665743249764
2023-08-15,4.74905382271741,-2.3765711620882257e-16,-5.0043045431907763e-17,20,0,-0.0016950313472922085
2023-08-16,4.729035448483296,-2.3765711620882257e-16,-5.0254881528757485e-17,20,0,-0.004215234230101617
2023-08-17,4.767181451444308,-2.3765711620882257e-16,-4.985275232953843e-17,20,0,0.008066338976851162
2023-08-18,4.7511531555946656,-2.3765711620882257e-16,-5.0020933534624575e-17,20,0,-0.0033622164402377086
2023-08-21,4.716133096426377,-2.3765711620882257e-16,-5.039236835552964e-17,20,0,-0.007370854616010614
2023-08-22,4.702158288255853,-7.28583859910259e-17,-1.5494668942344535e-17,20,0,-0.002963192065362552
2023-08-23,4.667794328623091,-7.28583859910259e-17,-1.5608739559122288e-17,20,0,-0.007308124806982619
2023-08-24,4.671240461540795,-7.28583859910259e-17,-1.559722446122882e-17,20,0,0.0007382786547753817
2023-08-25,4.621150013736267,-7.28583859910259e-17,-1.5766288861962053e-17,20,0,-0.010723157631667979
2023-08-28,4.638277338715553,-7.28583859910259e-17,-1.5708070188662347e-17,20,0,0.003706290626440456
2023-08-29,4.71360928193951,-7.28583859910259e-17,-1.5457027011166876e-17,20,0,0.01624136241167884
2023-08-30,4.739621031524047,-7.28583859910259e-17,-1.5372196533527058e-17,20,0,0.005518435667589694
2023-08-31,4.730451152951992,2.7755575615628914e-16,5.867426746032102e-17,20,0,-0.0019347282221647832
2023-09-01,4.736468213738669,2.7755575615628914e-16,5.859972950968125e-17,20,0,0.0012719845511821593
2023-09-04,4.773269661746425,2.7755575615628914e-16,5.814793125572926e-17,20,0,0.007769807870980472
2023-09-05,4.769445942388009,2.7755575615628914e-16,5.819454911723353e-17,20,0,-0.0008010692102857764
2023-09-06,4.778601940914954,2.7755575615628914e-16,5.808304595949372e-17,20,0,0.0019197195308520154
2023-09-07,4.711531216572524,2.7755575615628914e-16,5.890988372951953e-17,20,0,-0.014035637446208393
2023-09-08,4.7044520895188295,2.7755575615628914e-16,5.899852966398846e-17,20,0,-0.001502510909573207
2023-09-11,4.717930900264141,2.7755575615628914e-16,5.882997483934106e-17,20,0,0.002865118081517126
2023-09-12,4.70874732464605,-4.7704895589362195e-18,-1.0131122419686876e-18,20,0,-0.001946526096339607
2023-09-13,4.684331479330411,-4.7704895589362195e-18,-1.0183928229643825e-18,20,0,-0.005185210339880397
2023-09-14,4.652702513848343,-4.7704895589362195e-18,-1.025315834128078e-18,20,0,-0.006752076709692911
2023-09-15,4.655391979729341,-4.7704895589362195e-18,-1.0247234990540087e-18,20,0,0.0005780438085163375
2023-09-18,4.687200016315192,-4.7704895589362195e-18,-1.017769572949973e-18,20,0,0.006832515226290248
2023-09-19,4.673674344331473,-4.7704895589362195e-18,-1.0207150108184516e-18,20,0,-0.00288566136214341
2023-09-20,4.667728131889238,-4.7704895589362195e-18,-1.0220152982657518e-18,20,0,-0.0012722778705039905
2023-09-21,4.642907565011767,-2.249177406821179e-16,-4.8443294968235674e-17,20,0,-0.005317483404378209
2023-09-22,4.684188370349199,-2.249177406821179e-16,-4.80163740010632e-17,20,0,0.008891153821048992
2023-09-25,4.678588472258114,-2.249177406821179e-16,-4.8073845779721183e-17,20,0,-0.0011954895167181068
2023-09-26,4.6946844270151855,-2.249177406821179e-16,-4.79090222524536e-17,20,0,0.0034403442090522596
2023-09-27,4.741593087174352,-2.249177406821179e-16,-4.743505748953938e-17,20,0,0.009991866522323534
2023-09-28,4.748868474492193,-2.249177406821179e-16,-4.7362385774680535e-17,20,0,0.0015343761440684833
2023-10-09,4.740343166340945,-2.249177406821179e-16,-4.744756503688554e-17,20,0,-0.001795229368225404
2023-10-10,4.725627936603607,-2.249177406821179e-16,-4.759531298263195e-17,20,0,-0.0031042541058680095
2023-10-11,4.714728157500239,5.551115123125783e-17,1.1773987677942812e-17,20,0,-0.0023065250268523574
2023-10-12,4.706917663421773,5.551115123125783e-17,1.1793525020130277e-17,20,0,-0.001656615995142885
2023-10-13,4.716320879087963,0.21574909692436356,0.04574521167145118,19,0,0.0019977438184788365
2023-10-16,4.7042952731790315,0.21574909692436356,0.045862150310681145,19,0,-0.002549785355413947
2023-10-17,4.663017607870233,0.21574909692436356,0.04626812829533875,19,0,-0.00877446310484331
2023-10-18,4.608989824182587,0.21574909692436356,0.04681049539149873,19,0,-0.011586442134908115
2023-10-19,4.559826691029522,0.21574909692436356,0.04731519672640267,19,0,-0.010666791429027489
2023-10-20,4.531839548844512,0.21574909692436356,0.04760739973227281,19,0,-0.006137764454966832
2023-10-23,4.487963892832076,-5.551115123125783e-17,-1.2368894348708357e-17,20,0,-0.00968164374301872
2023-10-24,4.580075093930405,-5.551115123125783e-17,-1.2120139974303515e-17,20,0,0.020524051284245726
2023-10-25,4.650505049564825,-5.551115123125783e-17,-1.1936585519125999e-17,20,0,0.015377467441037185
2023-10-26,4.627081868582668,-5.551115123125783e-17,-1.1997010817589355e-17,20,0,-0.00503669617224678
2023-10-27,4.676617852261726,-5.551115123125783e-17,-1.1869935279063112e-17,20,0,0.0107056639769878
2023-10-30,4.683344410900418,-5.551115123125783e-17,-1.185288681781686e-17,20,0,0.0014383383143949935
2023-10-31,4.641350502725865,-2.42861286636753e-17,-5.2325564831641266e-18,20,0,-0.008966649575635088
2023-11-01,4.636292447337095,-2.42861286636753e-17,-5.238265044653148e-18,20,0,-0.0010897809561677407
2023-11-02,4.634378137259994,-2.42861286636753e-17,-5.240428800666254e-18,20,0,-0.0004128967486077828
2023-11-03,4.688868382886057,-2.42861286636753e-17,-5.179528764833208e-18,20,0,0.01175783330841429
2023-11-06,4.766348363627686,-2.42861286636753e-17,-5.095332277641375e-18,20,0,0.016524238774631383
2023-11-07,4.814747613094899,-2.42861286636753e-17,-5.0441125091631295e-18,20,0,0.010154366776157442
2023-11-08,4.844520223983084,-2.42861286636753e-17,-5.013113278678327e-18,20,0,0.006183628568029453
2023-11-09,4.794988503303376,-2.42861286636753e-17,-5.064898205062231e-18,20,0,-0.010224277821051952
2023-11-10,4.7728676846761795,-2.42861286636753e-17,-5.088372498078798e-18,20,0,-0.004613320472396709
2023-11-13,4.8131089740072195,2.7755575615628914e-16,5.766662621918703e-17,20,0,0.008431260196095414
2023-11-14,4.880732175356325,2.7755575615628914e-16,5.686764734965728e-17,20,0,0.0140497964443147
2023-11-15,4.92221669414363,2.7755575615628914e-16,5.638836593409637e-17,20,0,0.008499650727972208
2023-11-16,4.850478445289072,2.7755575615628914e-16,5.72223460606983e-17,20,0,-0.014574378438054314
2023-11-17,4.902752235068809,2.7755575615628914e-16,5.661223387365274e-17,20,0,0.010777037846752435
2023-11-20,4.9309075540016805,2.7755575615628914e-16,5.628897989195491e-17,20,0,0.005742757859856562
2023-11-21,4.895467773765574,0.0,0.0,20,0,-0.007187273305772068
2023-11-22,4.82864830368446,0.0,0.0,20,0,-0.013649251342066737
2023-11-23,4.8420607818879855,0.0,0.0,20,0,0.002777687949087282
2023-11-24,4.799323619834966,0.0,0.0,20,0,-0.008826234113557763
2023-11-27,4.827834791334643,0.0,0.0,20,0,0.005940664509858085
2023-11-28,4.8669195100257445,0.0,0.0,20,0,0.008095703432365431
2023-11-29,4.860843971851411,0.0,0.0,20,0,-0.0012483333989432577
2023-11-30,4.851029209746383,0.0,0.0,20,0,-0.0020191477368670663
2023-12-01,4.862891307120004,-3.885780586188048e-16,-7.990679496575794e-17,20,0,0.002445274365651784
2023-12-04,4.877870717004882,-3.885780586188048e-16,-7.96614098984157e-17,20,0,0.0030803505443244283
2023-12-05,4.796013264152614,-3.885780586188048e-16,-8.10210558680473e-17,20,0,-0.016781390406043872
2023-12-06,4.7948158043012485,-3.885780586188048e-16,-8.104129010966929e-17,20,0,-0.00024967817756382793
2023-12-07,4.800678374077846,0.22712757664442787,0.04731155868946468,19,0,0.0012226892577058557
2023-12-08,4.78502931509389,0.22712757664442787,0.04746628739096267,19,0,-0.003259759926525274
2023-12-11,4.800523369291177,0.22712757664442787,0.04731308633915982,19,0,0.0032380270165561775
2023-12-12,4.799409179274946,-1.1102230246251565e-16,-2.3132493670666348e-17,20,0,-0.000232097613222515
2023-12-13,4.784017655236495,-1.1102230246251565e-16,-2.320691737853282e-17,20,0,-0.003206962245460465
2023-12-14,4.776989914811128,-1.1102230246251565e-16,-2.324105858341659e-17,20,0,-0.0014690038649156634
2023-12-15,4.768970362494192,0.23728063135862765,0.049755107145293485,19,0,-0.0016787877847660448
2023-12-18,4.73065693587831,0.7014870951070505,0.1482853448506957,17,0,-0.008033899081697049
2023-12-19,4.7137610165925645,0.7014870951070505,0.14881685614476364,17,0,-0.0035715799126339043
2023-12-20,4.708289753256856,0.7014870951070505,0.1489897886216141,17,0,-0.0011607001959687002
2023-12-21,4.747040885882277,-2.7755575615628914e-16,-5.846921541833384e-17,20,0,0.008230405233368598
2023-12-22,4.73706430787206,-2.7755575615628914e-16,-5.859235554287211e-17,20,0,-0.002101641475195204
2023-12-25,4.726277945755199,-2.7755575615628914e-16,-5.872607564385197e-17,20,0,-0.002277014077882722
2023-12-26,4.672460263949201,-2.7755575615628914e-16,-5.940248615869378e-17,20,0,-0.01138690581122781
2023-12-27,4.715006524170035,-2.7755575615628914e-16,-5.886646279988897e-17,20,0,0.009105751106992521
2023-12-28,4.780511445742541,-2.7755575615628914e-16,-5.80598455429861e-17,20,0,0.013892859158670445
2023-12-29,4.85647812690765,-2.7755575615628914e-16,-5.715165370939744e-17,20,0,0.01589091084234573
2024-01-02,4.875049286136415,-2.7755575615628914e-16,-5.693393848254984e-17,20,0,0.0038239972966973568
2024-01-03,4.818367465877201,-2.7755575615628914e-16,-5.760369214716153e-17,20,0,-0.011626922505256432
2024-01-04,4.804240268745522,-2.7755575615628914e-16,-5.777307974414947e-17,20,0,-0.0029319468122191994
2024-01-05,4.772723880214596,-2.7755575615628914e-16,-5.815458072211153e-17,20,0,-0.006560119138078635
2024-01-08,4.718804239812114,-2.7755575615628914e-16,-5.881908679630678e-17,20,0,-0.011297456495651725
2024-01-09,4.732204196487147,-2.7755575615628914e-16,-5.865253159665571e-17,20,0,0.0028396932769489958
2024-01-10,4.705820147240279,-2.7755575615628914e-16,-5.89813778410255e-17,20,0,-0.005575424929138428
2024-01-11,4.753945952655908,-5.551115123125783e-16,-1.1676857874298122e-16,20,0,0.010226868836849201
2024-01-12,4.73676989298923,-5.551115123125783e-16,-1.1719199472496742e-16,20,0,-0.0036130111359558015
2024-01-15,4.727779795979084,-5.551115123125783e-16,-1.1741484084869887e-16,20,0,-0.0018979383025237162
2024-01-16,4.698476887937255,-5.551115123125783e-16,-1.181471199183201e-16,20,0,-0.006198027257265926
2024-01-17,4.617938471092823,-5.551115123125783e-16,-1.2020764585484236e-16,20,0,-0.017141388319096285
2024-01-18,4.611609951776414,-5.551115123125783e-16,-1.20372606989181e-16,20,0,-0.0013704208828299036
2024-01-19,4.587409847888252,-5.551115123125783e-16,-1.2100761229522927e-16,20,0,-0.005247647598392358
2024-01-22,4.458495047347048,-5.551115123125783e-16,-1.2450647727934293e-16,20,0,-0.02810187116822538
2024-01-23,4.493754546746672,-6.38378239159465e-16,-1.4205899154452696e-16,20,0,0.007908385907169357
2024-01-24,4.4749197553306965,-6.38378239159465e-16,-1.42656913210344e-16,20,0,-0.004191326255149175
2024-01-25,4.581782336449426,-6.38378239159465e-16,-1.3932967397446586e-16,20,0,0.023880334611906973
2024-01-26,4.594900568048074,-6.38378239159465e-16,-1.389318941085704e-16,20,0,0.0028631285022617803
2024-01-29,4.509970750345992,-6.38378239159465e-16,-1.4154819942246643e-16,20,0,-0.01848349413536088
2024-01-30,4.409240064583709,-6.38378239159465e-16,-1.4478191928969885e-16,20,0,-0.022335108438243267
2024-01-31,4.31238958634409,-2.7755575615628914e-16,-6.436240293205797e-17,20,0,-0.02196534478073664
2024-02-01,4.310694198336958,-2.7755575615628914e-16,-6.438771654536955e-17,20,0,-0.0003931435166480979
2024-02-02,4.241661455958137,-2.7755575615628914e-16,-6.54356221113344e-17,20,0,-0.01601429820873257
2024-02-05,4.131689955162854,-2.7755575615628914e-16,-6.717729528796383e-17,20,0,-0.025926515337712508
2024-02-06,4.251552056622828,-2.7755575615628914e-16,-6.528339591277694e-17,20,0,0.02901042981460833
2024-02-07,4.216175491337495,-2.7755575615628914e-16,-6.583116777908129e-17,20,0,-0.008320859021407445
2024-02-08,4.295876707568023,-2.7755575615628914e-16,-6.46098049479215e-17,20,0,0.018903676185747287
2024-02-19,4.346437075217321,-2.7755575615628914e-16,-6.38582248754657e-17,20,0,0.011769510880101919
2024-02-20,4.375103252588551,-3.898791012257874e-16,-8.911312001496502e-17,20,0,0.006595327822569885
2024-02-21,4.430584150756253,-2.7755575615628914e-17,-6.264540898267632e-18,20,0,0.012681048872361211
2024-02-22,4.455338577029549,-2.7755575615628914e-17,-6.229734314408499e-18,20,0,0.005587169869930131
2024-02-23,4.462523258027378,-2.7755575615628914e-17,-6.219704416262928e-18,20,1,0.001612600450810131
2024-02-26,4.479589967951328,-2.7755575615628914e-17,-6.196008075337865e-18,20,1,0.003824452879489071
2024-02-27,4.532313422169322,-2.7755575615628914e-17,-6.12393120914046e-18,20,1,0.011769705396073693
2024-02-28,4.380602078754393,-2.7755575615628914e-17,-6.3360184551437514e-18,20,1,-0.03347326834742925
2024-02-29,4.458983997249645,-2.7755575615628914e-17,-6.224641226061562e-18,20,1,0.017892955599733362
2024-03-01,4.467606476780983,8.326672684688674e-17,1.8637883009535435e-17,21,1,0.0019337318852583607
2024-03-04,4.459387084320001,8.326672684688674e-17,1.8672235729360068e-17,21,1,-0.0018397753928639515
2024-03-05,4.429618804850216,8.326672684688674e-17,1.8797718385093033e-17,21,1,-0.006675419493063384
2024-03-06,4.455186797034904,8.326672684688674e-17,1.8689839649889407e-17,21,1,0.005772052474739331
2024-03-07,4.430539751929962,8.326672684688674e-17,1.8793811027339366e-17,21,1,-0.005532213626002314
2024-03-08,4.53300663873935,8.326672684688674e-17,1.8368984094416327e-17,21,0,0.023127404909244476
2024-03-11,4.627050692994428,0.2180357776663731,0.04712197728814373,20,0,0.0207465070647308
2024-03-12,4.650136853712213,0.0,0.0,20,0,0.004989390056335141
2024-03-13,4.649738201602947,0.0,0.0,20,0,-8.572911331583555e-05
2024-03-14,4.675404932217768,0.0,0.0,20,0,0.005520037796100663
2024-03-15,4.712411857213445,0.0,0.0,20,0,0.007915234195152943
2024-03-18,4.758201552927127,0.0,0.0,20,0,0.009716828049227244
2024-03-19,4.757645635928715,0.0,0.0,20,0,-0.00011683342797230711
2024-03-20,4.786810618996835,0.0,0.0,20,0,0.006130129332851508
2024-03-21,4.783573506085966,-8.326672445933171e-16,-1.7406803585937271e-16,20,0,-0.0006762567330369507
2024-03-22,4.7599686972439885,-8.326672445933171e-16,-1.749312437864202e-16,20,0,-0.004934555476558633
2024-03-25,4.750923468141262,-8.326672445933171e-16,-1.7526429338990963e-16,20,0,-0.0019002707114363915
2024-03-26,4.747604963030054,-8.326672445933171e-16,-1.7538680051886324e-16,20,0,-0.0006984968571818184
2024-03-27,4.6573380095288,-8.326672445933171e-16,-1.7878608829543834e-16,20,0,-0.019013155939504034
2024-03-28,4.697421380998923,-8.326672445933171e-16,-1.7726049614400306e-16,20,0,0.008606498258900919
2024-03-29,4.744517049317185,-8.326672445933171e-16,-1.7550094897712545e-16,20,0,0.010025855570199305
2024-04-01,4.823618659845913,-8.326672445933171e-16,-1.7262294209217528e-16,20,0,0.01667221546608455
2024-04-02,4.812703803415963,-8.326672445933171e-16,-1.730144381630771e-16,20,0,-0.002262794221444153
2024-04-03,4.812232913376797,-8.326672445933171e-16,-1.73031368094988e-16,20,0,-9.784313732996708e-05
2024-04-08,4.768841299710643,-8.326672445933171e-16,-1.746057778529641e-16,20,0,-0.009016939630153042
2024-04-09,4.820020790397011,-8.326672445933171e-16,-1.727517952313091e-16,20,0,0.010732059942836436
2024-04-10,4.7998168614477255,-8.326672445933171e-16,-1.734789615164957e-16,20,0,-0.00419166842382479
2024-04-11,4.829821683948849,8.326672684688674e-17,1.7240124438467487e-17,20,0,0.006251243196823353
2024-04-12,4.841957230868561,8.326672684688674e-17,1.7196914982239563e-17,20,0,0.00251262835645516
2024-04-15,4.688128815307836,8.326672684688674e-17,1.77611857794951e-17,20,0,-0.03176988317452156
2024-04-16,4.544577801959897,8.326672684688674e-17,1.8322213960332486e-17,20,0,-0.03062010857705355
2024-04-17,4.681019258545509,8.326672684688674e-17,1.778816156222341e-17,20,0,0.030022911375127137
2024-04-18,4.6901319531601695,8.326672684688674e-17,1.7753600043338303e-17,20,0,0.0019467329894071739
2024-04-19,4.647323468228489,8.326672684688674e-17,1.7917136049629692e-17,20,0,-0.009127351929370864
2024-04-22,4.585462229481027,8.326672684688674e-17,1.8158851317440837e-17,20,0,-0.013311154080489107
2024-04-23,4.6157868596612674,2.975050761300224e-16,6.445381582282485e-17,20,0,0.0066132112015395705
2024-04-24,4.680901048030805,2.975050761300224e-16,6.355722393558801e-17,20,0,0.014106844693932752
2024-04-25,4.700194904720087,2.975050761300224e-16,6.329632752702622e-17,20,0,0.0041218253689423445
2024-04-26,4.754929007023537,2.975050761300224e-16,6.256772197662167e-17,20,0,0.011645070771104438
2024-04-29,4.7965725293554975,2.975050761300224e-16,6.202451319338173e-17,20,0,0.008757969313621494
2024-04-30,4.802539191387424,2.975050761300224e-16,6.194745410168637e-17,20,0,0.0012439428353079318
2024-05-06,4.897649566231436,0.24021856519323873,0.04904772420826307,19,0,0.01980418504748016
2024-05-07,4.944743529887767,0.24021856519323873,0.04858059143841805,19,0,0.009615625417758844
2024-05-08,4.953178595390625,0.24021856519323873,0.04849786062969414,19,0,0.001705865117548111
2024-05-09,5.019536017232522,0.24021856519323873,0.047856727069702586,19,0,0.013396937050412117
2024-05-10,5.036651493530525,0.24021856519323873,0.04769410103156721,19,0,0.0034097725844071114
2024-05-13,4.995938103096857,-3.3306690738754696e-16,-6.66675408130231e-17,20,0,-0.008083424172977471
2024-05-14,4.997293886836758,-3.3306690738754696e-16,-6.664945367028941e-17,20,0,0.00027137720922931763
2024-05-15,4.988596924301873,-3.3306690738754696e-16,-6.676564822565974e-17,20,0,-0.0017403344153510414
2024-05-16,4.990615078876421,-3.3306690738754696e-16,-6.673864886861463e-17,20,0,0.00040455354585122727
2024-05-17,5.048483228635855,-3.3306690738754696e-16,-6.597365828578667e-17,20,0,0.011595394324112496
2024-05-20,5.072820146410618,-3.3306690738754696e-16,-6.565714883923405e-17,20,0,0.004820639521335712
2024-05-21,5.024014912163935,3.885780586188048e-16,7.734412922979107e-17,20,0,-0.0096209273812351
2024-05-22,5.04800811356124,3.885780586188048e-16,7.697651229499966e-17,20,0,0.004775702663464054
2024-05-23,5.002872148501764,3.885780586188048e-16,7.76709951972637e-17,20,0,-0.008941341623089016
2024-05-24,5.028702399975985,3.885780586188048e-16,7.727203316319942e-17,20,0,0.005163084465781731
2024-05-27,5.021418721627067,3.885780586188048e-16,7.73841179476257e-17,20,0,-0.0014484210377914142
2024-05-28,5.015691753734154,3.885780586188048e-16,7.747247592109516e-17,20,0,-0.0011405079341915147
2024-05-29,5.003121946068708,3.885780586188048e-16,7.766711721351043e-17,20,0,-0.0025060965231938903
2024-05-30,5.008370558351733,3.885780586188048e-16,7.758572455682808e-17,20,0,0.0010490674302170433
2024-05-31,5.0322029954904135,-6.106226635438361e-16,-1.21343011021424e-16,20,0,0.004758521131975391
2024-06-03,5.01136716109457,-6.106226635438361e-16,-1.2184752062957318e-16,20,0,-0.004140499581299806
2024-06-04,4.967822080071064,-6.106226635438361e-16,-1.229155661579372e-16,20,0,-0.00868926175706397
2024-06-05,4.93956374446234,-6.106226635438361e-16,-1.2361874350308662e-16,20,0,-0.005688274489959122
2024-06-06,4.879495985288349,-6.106226635438361e-16,-1.2514051971450735e-16,20,0,-0.012160539327249698
2024-06-07,4.938012034138132,-6.106226635438361e-16,-1.2365758919224924e-16,20,0,0.011992232194925068
2024-06-11,4.9736007080135165,-6.106226635438361e-16,-1.2277275547270906e-16,20,0,0.007207085286416559
2024-06-12,4.984785527932276,-2.577148563998044e-16,-5.170028980298102e-17,20,0,0.002248837527455416
2024-06-13,4.961978466580341,-2.577148563998044e-16,-5.193792317632011e-17,20,0,-0.00457533453026937
2024-06-14,4.88893065031332,-2.577148563998044e-16,-5.2713952157060786e-17,20,0,-0.014721510131293192
2024-06-17,4.8676951123996695,0.23825334308435633,0.04894582293731674,19,0,-0.004343595651595034
2024-06-18,4.904400963099565,0.23825334308435633,0.04857949928583755,19,0,0.007540704553659072
2024-06-19,4.86048169428484,0.23825334308435633,0.04901846320386407,19,0,-0.008955073034438099
2024-06-20,4.76589151361568,0.23825334308435633,0.04999134839802588,19,0,-0.019461071272088848
2024-06-21,4.713729708758411,-2.8801830712077425e-16,-6.11019988239075e-17,20,0,-0.010944815824751264
2024-06-24,4.552687482759151,-2.8801830712077425e-16,-6.326335998495137e-17,20,0,-0.0341645015623262
2024-06-25,4.6202434238713215,-2.8801830712077425e-16,-6.233834036377297e-17,20,0,0.014838695027498128
2024-06-26,4.774768202939906,-2.8801830712077425e-16,-6.032089828851514e-17,20,0,0.033445159679293957
2024-06-27,4.739467927916609,-2.8801830712077425e-16,-6.077017747588858e-17,20,0,-0.007393086642732083
2024-06-28,4.789307930234853,-2.8801830712077425e-16,-6.013777174412144e-17,20,0,0.010515948852544144
2024-07-01,4.783351988484852,-2.8801830712077425e-16,-6.021265167483636e-17,20,0,-0.00124359131564733
2024-07-02,4.851803586007276,-2.8801830712077425e-16,-5.936314238923982e-17,20,0,0.014310382695484236
2024-07-03,4.85986992969885,-2.8801830712077425e-16,-5.926461228122246e-17,20,0,0.001662545391333925
2024-07-04,4.719041085915767,-2.8801830712077425e-16,-6.10332272758507e-17,20,0,-0.028977903898718127
2024-07-05,4.743578106120686,-2.8801830712077425e-16,-6.071752181104416e-17,20,0,0.005199577574806602
2024-07-08,4.643647000570265,-2.8801830712077425e-16,-6.202416055428073e-17,20,0,-0.02106660906910729
2024-07-09,4.708323400271432,-2.8801830712077425e-16,-6.117215888444922e-17,20,0,0.013927932009738075
2024-07-10,4.687103814839551,-2.8801830712077425e-16,-6.144909916629053e-17,20,0,-0.004506824112943897
2024-07-11,4.819551473968383,-3.3306690738754696e-16,-6.910744893721451e-17,20,0,0.02825788895682191
2024-07-12,4.781139416959816,-3.3306690738754696e-16,-6.966266371695438e-17,20,0,-0.007970048087678094
2024-07-15,4.697421471680284,-3.3306690738754696e-16,-7.090419912190842e-17,20,0,-0.017510040594625798
2024-07-16,4.711941587924518,-3.3306690738754696e-16,-7.068570379588552e-17,20,0,0.0030910822739185218
2024-07-17,4.621589573902058,-3.3306690738754696e-16,-7.206760835457204e-17,20,0,-0.01917511334478539
2024-07-18,4.58208595017554,-3.3306690738754696e-16,-7.268892618105235e-17,20,0,-0.008547626978733236
2024-07-19,4.615926517079057,-3.3306690738754696e-16,-7.215602461503451e-17,20,0,0.007385406400379768
2024-07-22,4.589962439821562,-3.3306690738754696e-16,-7.256419017679264e-17,20,0,-0.00562488964272434
2024-07-23,4.516387268327623,-3.3306690738754696e-16,-7.374631261656146e-17,20,0,-0.016029580298003276
2024-07-24,4.440005036409544,-3.3306690738754696e-16,-7.501498413994705e-17,20,0,-0.016912241439907105
2024-07-25,4.4608117998462475,-3.3306690738754696e-16,-7.466508840364592e-17,20,0,0.004686202665555861
2024-07-26,4.561779608279458,0.2081221524285344,0.045623017835144976,19,0,0.022634402203807635
2024-07-29,4.557400341498021,0.2081221524285344,0.045666857601569515,19,0,-0.0009599908714329475
2024-07-30,4.555094338122729,0.2081221524285344,0.04568997631656228,19,0,-0.00050599096030568
2024-07-31,4.662325063684724,-3.3306690738754696e-16,-7.143794197917162e-17,20,0,0.023540835293915707
2024-08-01,4.671304204144601,-3.3306690738754696e-16,-7.130062458617753e-17,20,0,0.0019258932693939634
2024-08-02,4.614429917420525,-3.3306690738754696e-16,-7.217942700357057e-17,20,0,-0.012175247904774533
2024-08-05,4.534143831522888,-3.3306690738754696e-16,-7.345750813460176e-17,20,0,-0.01739891759858314
2024-08-06,4.5569812586272915,-3.3306690738754696e-16,-7.308937397031942e-17,20,0,0.005036767238310702
2024-08-07,4.586103306616899,-3.3306690738754696e-16,-7.262525179208088e-17,20,0,0.0063906446695327634
2024-08-08,4.587092270366291,-3.3306690738754696e-16,-7.260959399906528e-17,20,0,0.00021564358307535336
2024-08-09,4.5788423724901515,-3.3306690738754696e-16,-7.274041783762307e-17,20,0,-0.0017985027093168071
2024-08-12,4.555492101589768,-3.3306690738754696e-16,-7.311326635190825e-17,20,0,-0.005099601384112473
2024-08-13,4.580375612886498,-3.0531133177191805e-16,-6.665639623810557e-17,20,0,0.005462310271166171
2024-08-14,4.601024851357923,-3.0531133177191805e-16,-6.63572446651337e-17,20,0,0.004508197627576482
2024-08-15,4.534967055204701,-3.0531133177191805e-16,-6.732382574235411e-17,20,0,-0.014357191775159706
2024-08-16,4.428037857937019,-3.0531133177191805e-16,-6.894957576405178e-17,20,0,-0.023578825593663644
2024-08-19,4.444672189651386,-3.0531133177191805e-16,-6.86915297111855e-17,20,0,0.003756592027448713
2024-08-20,4.360625214954555,-3.0531133177191805e-16,-7.001549473338535e-17,20,0,-0.018909600328347875
2024-08-21,4.401798527311185,-2.3428423101285595e-16,-5.322466022904669e-17,20,0,0.009442066292564721
2024-08-22,4.370097766129882,-2.3428423101285595e-16,-5.3610752791083644e-17,20,0,-0.007201774680193673
2024-08-23,4.359219367879351,-2.3428423101285595e-16,-5.374453801044411e-17,20,0,-0.0024892802936452574
2024-08-26,4.447202850818186,-2.3428423101285595e-16,-5.268125580773832e-17,20,0,0.020183311623896527
2024-08-27,4.419099393966192,-2.3428423101285595e-16,-5.3016284569825705e-17,20,0,-0.006319355737690935
2024-08-28,4.444228389300737,-2.3428423101285595e-16,-5.2716514654576214e-17,20,0,0.005686451716577334
2024-08-29,4.516578992154436,-2.3428423101285595e-16,-5.187205436234404e-17,20,0,0.016279677036373563
2024-08-30,4.590877125641498,-2.3428423101285595e-16,-5.103256406151769e-17,20,0,0.016450090569902986
2024-09-02,4.547146290783696,-9.627715291671279e-17,-2.1173093355683422e-17,20,0,-0.009525594709026586
2024-09-03,4.557531532502905,-9.627715291671279e-17,-2.1124846252866038e-17,20,0,0.0022839031460804016
2024-09-04,4.565842465230757,-9.627715291671279e-17,-2.1086393945886384e-17,20,0,0.0018235601155101033
2024-09-05,4.615567541669625,-9.627715291671279e-17,-2.085922306358141e-17,20,0,0.010890668440168172
2024-09-06,4.56595474137113,-9.627715291671279e-17,-2.1085875434630636e-17,20,0,-0.010749014037946036
2024-09-09,4.556775973041576,-9.627715291671279e-17,-2.1128348965650227e-17,20,0,-0.0020102626612540364
2024-09-10,4.566110253110224,-9.627715291671279e-17,-2.1085157295782167e-17,20,0,0.0020484395379254394
2024-09-11,4.535654808787965,-1.465836602845798e-16,-3.231808117332246e-17,20,0,-0.006669888074102959
2024-09-12,4.525461754207814,-1.465836602845798e-16,-3.2390873737532976e-17,20,0,-0.002247317093091117
2024-09-13,4.476660610623282,-1.465836602845798e-16,-3.2743974367127885e-17,20,0,-0.010783682690314822
2024-09-18,4.436501745307707,-1.465836602845798e-16,-3.304037025109139e-17,20,0,-0.008970719205355082
2024-09-19,4.494797760628022,-1.465836602845798e-16,-3.261184776066518e-17,20,0,0.013140086191101519
2024-09-20,4.450441126801547,-1.465836602845798e-16,-3.2936883357881174e-17,20,0,-0.009868438178690764
2024-09-23,4.445837029671141,0.0,0.0,20,0,-0.0010345260164612569
2024-09-24,4.5856994321262645,0.0,0.0,20,0,0.031459183393744095
2024-09-25,4.640963792948746,0.0,0.0,20,0,0.012051457283770661
2024-09-26,4.7419874221835325,0.0,0.0,20,0,0.02176781240747383
2024-09-27,4.883643957476762,0.0,0.0,20,0,0.029872819702250863
2024-09-30,5.128938399428806,0.0,0.0,20,0,0.05022774880558267
2024-10-08,5.504877471487288,-2.3314683517128287e-15,-4.2352774676434733e-16,20,0,0.07329763837685177
2024-10-09,5.1025971947467905,-2.3314683517128287e-15,-4.569179699532455e-16,20,0,-0.07307706280914017
2024-10-10,5.116707420651508,-2.3314683517128287e-15,-4.556579378181377e-16,20,0,0.0027653027205918335
2024-10-11,4.985505387404682,-1.1102230246251565e-16,-2.2269016646336597e-17,20,0,-0.02564188695200398
2024-10-14,5.153559272774966,-1.1102230246251565e-16,-2.1542839925994488e-17,20,0,0.03370849539042764
2024-10-15,5.154966281568808,-1.1102230246251565e-16,-2.1536959971875568e-17,20,0,0.0002730169033420271
2024-10-16,5.155864857066239,-1.1102230246251565e-16,-2.1533206462996577e-17,20,0,0.00017431258486455548
2024-10-17,5.187341590491281,-1.1102230246251565e-16,-2.140254319592649e-17,20,0,0.006105034615463634
2024-10-18,5.252163803419481,-1.1102230246251565e-16,-2.1138392978191833e-17,20,0,0.012496229869847664
2024-10-21,5.313567882810957,-1.1102230246251565e-16,-2.0894115763847775e-17,20,0,0.01169119656007278
2024-10-22,5.2919947533379394,-1.1102230246251565e-16,-2.0979291862012532e-17,20,0,-0.004060008255997838
2024-10-23,5.322177113050411,-1.1102230246251565e-16,-2.0860317141697512e-17,20,0,0.005703399402169351
2024-10-24,5.257396173205322,-1.1102230246251565e-16,-2.1117355208714988e-17,20,0,-0.012171887268884851
2024-10-25,5.30212944057779,-1.1102230246251565e-16,-2.0939191263956994e-17,20,1,0.008508635434486322
2024-10-28,5.346844911312524,-1.1102230246251565e-16,-2.076407756425131e-17,20,1,0.008433492851479985
2024-10-29,5.263257260529594,-1.1102230246251565e-16,-2.1093839226727156e-17,20,1,-0.01563307935228886
2024-10-30,5.268638464479578,-1.1102230246251565e-16,-2.1072294713522755e-17,20,1,0.0010224094479172052
2024-10-31,5.320930854522986,-2.7755575615628914e-16,-5.2163007515941795e-17,21,1,0.009925218895917132
2024-11-01,5.235477952203892,-2.7755575615628914e-16,-5.301440645728459e-17,21,0,-0.0160597656040683
2024-11-04,5.356164076335169,-2.7755575615628914e-16,-5.18198756051178e-17,21,0,0.02305159628844855
2024-11-05,5.44134838665952,-2.7755575615628914e-16,-5.100863543984223e-17,21,0,0.01590397700860513
2024-11-06,5.442459481992902,-2.7755575615628914e-16,-5.099822186543035e-17,21,0,0.00020419485289813188
2024-11-07,5.482988021210777,0.21695812537100123,0.03956932324705163,20,0,0.007446732373841192
2024-11-08,5.5323050433216645,0.4933511910591443,0.08917642595552362,19,0,0.008994552225922492
2024-11-11,5.657054522947931,0.4933511910591443,0.08720990562453614,19,0,0.02254927713663557
2024-11-12,5.635654310273505,-3.3306690738754696e-16,-5.909995344824172e-17,20,0,-0.003782924945767263
2024-11-13,5.610121547971363,0.28500206821480845,0.05080140702439256,19,0,-0.004530576379675688
2024-11-14,5.512842536052696,0.28500206821480845,0.05169784305482369,19,0,-0.017339911637715533
2024-11-15,5.480812967462279,0.5397456815817532,0.09847912796624142,18,0,-0.005809991557159555
2024-11-18,5.393867054120269,0.5397456815817532,0.10006655265436178,18,0,-0.015863689174977935
2024-11-19,5.46517745955094,0.5397456815817532,0.09876087017787391,18,0,0.013220645728781566
2024-11-20,5.539329213539464,0.5397456815817532,0.09743881628527942,18,0,0.013568041392496122
2024-11-21,5.538030299161983,-5.551115123125783e-16,-1.0023627216279007e-16,20,0,-0.0002344894710908374
2024-11-22,5.452611026442691,-5.551115123125783e-16,-1.0180654912307868e-16,20,0,-0.015424125204265837
2024-11-25,5.485508701905159,-5.551115123125783e-16,-1.0119599520820809e-16,20,0,0.006033380210495487
2024-11-26,5.4845540752299895,-5.551115123125783e-16,-1.0121360910992571e-16,20,0,-0.0001740270095348384
2024-11-27,5.523373082691986,-5.551115123125783e-16,-1.0050226627856679e-16,20,0,0.007077878516562608
2024-11-28,5.548775443673011,-5.551115123125783e-16,-1.0004216569000714e-16,20,0,0.004599066657406503
2024-11-29,5.594019061072726,-5.551115123125783e-16,-9.923303911769805e-17,20,0,0.008153802196357418
2024-12-02,5.657729316941962,-5.551115123125783e-16,-9.811560101511174e-17,20,0,0.011388995134567814
2024-12-03,5.654304608497647,-5.551115123125783e-16,-9.817502783248033e-17,20,0,-0.0006053150040353783
2024-12-04,5.5612415094555905,-5.551115123125783e-16,-9.981791140858404e-17,20,0,-0.016458805367895346
2024-12-05,5.611821955040692,0.2632947880112208,0.046917879811693285,19,0,0.009095171554607262
2024-12-06,5.603102913055037,0.2632947880112208,0.04699088917281048,19,0,-0.0015536918411717116
2024-12-09,5.630588499106042,0.2632947880112208,0.04676150424649637,19,0,0.004905422312869723
2024-12-10,5.660781682422626,0.2632947880112208,0.04651209016393994,19,0,0.005362349481120354
2024-12-11,5.6820921739798065,7.771561172376096e-16,1.3677288108708733e-16,20,0,0.0037645846020439855
2024-12-12,5.725771722099062,7.771561172376096e-16,1.3572949725503638e-16,20,0,0.0076872297706254145
2024-12-13,5.666629027408002,7.771561172376096e-16,1.371461081144908e-16,20,0,-0.010329209329599132
2024-12-16,5.608680093198605,7.771561172376096e-16,1.3856310296250127e-16,20,0,-0.010226350433231612
2024-12-17,5.493144472464342,7.771561172376096e-16,1.4147745815412e-16,20,0,-0.020599431383930722
2024-12-18,5.49952210775236,7.771561172376096e-16,1.413133908748357e-16,20,0,0.0011610172133622587
2024-12-19,5.467977691024443,7.771561172376096e-16,1.4212861887006106e-16,20,0,-0.0057358468808499374
2024-12-20,5.541337868318404,7.771561172376096e-16,1.4024701898811456e-16,20,0,0.013416327102866665
2024-12-23,5.470856045156237,1.1102230246251565e-16,2.029340592151243e-17,20,0,-0.012719279141077844
2024-12-24,5.515619811008791,1.1102230246251565e-16,2.01287083349949e-17,20,0,0.008182223308943914
2024-12-25,5.48771422693942,1.1102230246251565e-16,2.0231064860757965e-17,20,0,-0.005059374109447012
2024-12-26,5.5643285212382985,1.1102230246251565e-16,1.995250676496874e-17,20,0,0.013961057578905312
2024-12-27,5.6140887277896585,1.1102230246251565e-16,1.977565867688497e-17,20,0,0.00894271543483316
2024-12-30,5.572640769719863,1.1102230246251565e-16,1.992274525675136e-17,20,0,-0.007382846990755421
2024-12-31,5.494602653882558,-6.938893903907228e-18,-1.262856359413745e-18,20,0,-0.014003794441827533
2025-01-02,5.464531965820469,-6.938893903907228e-18,-1.2698057120552305e-18,20,0,-0.005472768452299492
2025-01-03,5.411873590755726,-6.938893903907228e-18,-1.282161119904921e-18,20,0,-0.00963639253903359
2025-01-06,5.395907456024328,-6.938893903907228e-18,-1.28595495020216e-18,20,1,-0.0029502046682448047
2025-01-07,5.425380034175144,-6.938893903907228e-18,-1.2789691892914914e-18,20,0,0.005462024393674714
2025-01-08,5.364232115228664,0.18394596349017175,0.0342912013385779,19,0,-0.011270716256059798
2025-01-09,5.396513360635607,0.18394596349017175,0.0340860758044165,19,0,0.006017868860539899
2025-01-10,5.3449050319736084,0.18394596349017175,0.034415197723775014,19,0,-0.009563272656462063
2025-01-13,5.334530996321847,8.881784197001252e-16,1.6649606503599344e-16,20,0,-0.0019409204821606574
2025-01-14,5.441542456149993,8.881784197001252e-16,1.6322181198757571e-16,20,0,0.020060143975530353
2025-01-15,5.427514030434981,8.881784197001252e-16,1.6364368930593871e-16,20,0,-0.0025780237548560514
2025-01-16,5.413166155342887,8.881784197001252e-16,1.6407743531453917e-16,20,0,-0.0026435445420569526
2025-01-17,5.464649788574762,8.881784197001252e-16,1.6253162673975702e-16,20,0,0.009510817099352975
2025-01-20,5.503513058643755,8.881784197001252e-16,1.6138390337879954e-16,20,0,0.007111758588857153
2025-01-21,5.497339283413793,-7.771561172376096e-16,-1.4136950207573932e-16,20,0,-0.0011217880586773532
2025-01-22,5.474324287585399,-7.771561172376096e-16,-1.4196384364734e-16,20,0,-0.00418657001903322
2025-01-23,5.474115870961227,-7.771561172376096e-16,-1.4196924865259471e-16,20,0,-3.8071662039618204e-05
2025-01-24,5.5236482699358,-7.771561172376096e-16,-1.406961629811817e-16,20,0,0.009048474702066267
2025-01-27,5.46670457158322,-7.771561172376096e-16,-1.4216171864808424e-16,20,0,-0.010309073925382606
2025-02-05,5.528423742598374,-7.771561172376096e-16,-1.4057462912065856e-16,20,0,0.011290013975874924
2025-02-06,5.632001842386592,-7.771561172376096e-16,-1.3798932226703345e-16,20,0,0.018735557296397864
2025-02-07,5.627992830547791,-7.771561172376096e-16,-1.380876167821924e-16,20,0,-0.0007118271532919884
2025-02-10,5.637750148805606,-7.771561172376096e-16,-1.3784862697440667e-16,20,0,0.0017337119203231222
2025-02-11,5.6371438376122285,0.0,0.0,20,0,-0.0001075448853485872
2025-02-12,5.639433618161802,0.0,0.0,20,0,0.00040619516115514287
2025-02-13,5.628803694981567,0.2575246323257505,0.04575121931421235,19,0,-0.0018849274412950923
2025-02-14,5.643081016323443,0.2575246323257505,0.04563546608330141,19,0,0.0025364752646472866
2025-02-17,5.6888496096142,0.2575246323257505,0.045268314333803426,19,0,0.008110568173372856
2025-02-18,5.646245556779158,0.2575246323257505,0.04560988886084734,19,0,-0.0074890453709728355
2025-02-19,5.693571244413832,0.2575246323257505,0.04523077366923567,19,0,0.008381797631499044
2025-02-20,5.807858475835669,0.2575246323257505,0.044340721007100015,19,0,0.020073030882676424
2025-02-21,5.8718832649534125,2.940356291780688e-16,5.007518302229084e-17,20,0,0.011023820463967438
2025-02-24,5.859373686593466,2.940356291780688e-16,5.01820919616096e-17,20,0,-0.0021304201387329913
2025-02-25,5.9471975191870445,2.940356291780688e-16,4.9441039788815045e-17,20,0,0.01498860412240366
2025-02-26,5.996929925369095,2.940356291780688e-16,4.903102634803119e-17,20,0,0.008362326292611355
2025-02-27,5.9488168950857245,2.940356291780688e-16,4.9427581040688874e-17,20,0,-0.008022943553139705
2025-02-28,5.8071669442645915,2.940356291780688e-16,5.063323166014214e-17,20,0,-0.02381144911993327
2025-03-03,5.7768902091082115,1.1102230246251565e-16,1.921835078109514e-17,20,0,-0.005213684305439559
2025-03-04,5.831443850570024,1.1102230246251565e-16,1.903856151365724e-17,20,0,0.009443427083969835
2025-03-05,5.903014318851762,1.1102230246251565e-16,1.8807730502695344e-17,20,0,0.01227319856209208
2025-03-06,6.035553666889644,1.1102230246251565e-16,1.8394717136154596e-17,20,0,0.022452825095579998
2025-03-07,6.0200080584348346,1.1102230246251565e-16,1.844221824702686e-17,20,0,-0.0025756723099142897
2025-03-10,6.057668697914809,1.1102230246251565e-16,1.8327562631599864e-17,20,0,0.006255911805168823
2025-03-11,6.008865503143788,6.245004513516506e-17,1.0392984349956196e-17,20,0,-0.008056431806483633
2025-03-12,6.067132992287704,6.245004513516506e-17,1.029317227997953e-17,20,0,0.009696920177932222
2025-03-13,5.9950649807925895,0.2908456179817,0.04851417272598906,19,0,-0.011878429496555376
2025-03-14,6.037693294388786,0.2908456179817,0.048171644997602216,19,0,0.007110567397146106
2025-03-17,6.050874882361269,0.5783230321359916,0.09557676259706582,18,0,0.0021832158955030767
2025-03-18,6.060312744983924,0.5783230321359916,0.09542791873483183,18,0,0.0015597517394001503
2025-03-19,6.047044754635959,0.8675609303617207,0.1434685810282132,17,0,-0.0021893243643155147
2025-03-20,6.021640158850767,1.1486948704513356,0.1907611282223421,16,0,-0.004201158882727873
2025-03-21,5.943728403008131,5.551115123125783e-16,9.339449494893397e-17,20,0,-0.012938626983234669
2025-03-24,5.874166557374756,5.551115123125783e-16,9.450047200579635e-17,20,0,-0.011703402463371315
2025-03-25,5.882208311280121,5.551115123125783e-16,9.437127740751017e-17,20,0,0.0013690033857260975
2025-03-26,5.924994766622283,5.551115123125783e-16,9.368978947284975e-17,20,0,0.007273876251562061
2025-03-27,5.940388523766068,5.551115123125783e-16,9.344700436540647e-17,20,0,0.002598104766354359
2025-03-28,5.8780753650510125,5.551115123125783e-16,9.443763099960879e-17,20,0,-0.010489744646458021
2025-03-31,5.8577971705600245,5.551115123125783e-16,9.476454990665165e-17,20,0,-0.003449801717677059
2025-04-01,5.901373638863087,3.3306690738754696e-16,5.643887809342522e-17,20,0,0.007439053800303741
2025-04-02,5.890066186356572,3.3306690738754696e-16,5.654722660995644e-17,20,0,-0.0019160712739912933
2025-04-03,5.852451052421777,3.3306690738754696e-16,5.691066946210887e-17,20,0,-0.0063861988549337445
2025-04-07,5.512896623395256,3.3306690738754696e-16,6.041595374273848e-17,20,0,-0.05801918307134102
2025-04-08,5.559738947551894,3.3306690738754696e-16,5.99069327767998e-17,20,0,0.008496862422170626
2025-04-09,5.663836185573671,3.3306690738754696e-16,5.880588641244605e-17,20,0,0.018723403923059045
2025-04-10,5.763004709967002,3.3306690738754696e-16,5.779396758283303e-17,20,0,0.017509073557939958
2025-04-11,5.717278942167989,-1.9984014443252818e-15,-3.4953715999161813e-16,20,0,-0.007934362385637272
2025-04-14,5.762738554249461,-1.9984014443252818e-15,-3.467798210022307e-16,20,0,0.007951267122228822
2025-04-15,5.743562719192869,-1.9984014443252818e-15,-3.479376028483786e-16,20,0,-0.003327555965982887
2025-04-16,5.672503095329948,-1.9984014443252818e-15,-3.5229622809206103e-16,20,0,-0.012372046295492711
2025-04-17,5.664139723050398,0.28213316317282155,0.04981041728626002,19,0,-0.0014743706859209338
2025-04-18,5.646588670018753,0.28213316317282155,0.04996524090214713,19,0,-0.0030986264269259323
2025-04-21,5.696022601701907,0.28213316317282155,0.04953160879111037,19,0,0.00875465428279365
2025-04-22,5.72067235956075,-5.551115123125783e-17,-9.70360610470622e-18,20,0,0.0043275386322163545
2025-04-23,5.731884575354152,-5.551115123125783e-17,-9.684624751507317e-18,20,0,0.00195994720352477
2025-04-24,5.687324128227964,-5.551115123125783e-17,-9.7605042335707e-18,20,0,-0.00777413545935457
2025-04-25,5.716504067019869,-5.551115123125783e-17,-9.710681664956276e-18,20,0,0.005130697342723423
2025-04-28,5.671104219877515,0.5372035204199741,0.09472644119941366,18,0,-0.00794189011502311
2025-04-29,5.719716597523663,0.5372035204199741,0.0939213527908979,18,0,0.008571942211140993
2025-04-30,5.701147751715169,0.5372035204199741,0.09422725805665332,18,0,-0.003246462563640473
2025-05-06,5.7815409562241316,-1.1102230246251565e-16,-1.920289128852306e-17,20,0,0.014101231543205861
2025-05-07,5.796922104913838,-1.1102230246251565e-16,-1.9151939676471783e-17,20,0,0.0026603891256962164
2025-05-08,5.864810400631973,-1.1102230246251565e-16,-1.8930245801390653e-17,20,0,0.011711093316328913
2025-05-09,5.833729788500632,-1.1102230246251565e-16,-1.903110128298388e-17,20,0,-0.005299508425369082
2025-05-12,5.874270427733697,-1.1102230246251565e-16,-1.8899760204834192e-17,20,0,0.006949351564581763
2025-05-13,5.881860022574512,-4.969982758673552e-16,-8.449678740396431e-17,20,0,0.0012920063749504163
2025-05-14,5.8776225616146816,-4.969982758673552e-16,-8.455770520433375e-17,20,0,-0.000720428732334133
2025-05-15,5.850105460631001,-4.969982758673552e-16,-8.495543870310815e-17,20,0,-0.00468167200176961
2025-05-16,5.877918175748921,-4.969982758673552e-16,-8.455345260127432e-17,20,0,0.004754224569982535
2025-05-19,5.907962719780636,-4.969982758673552e-16,-8.412346174821646e-17,20,0,0.0051114260412252754
2025-05-20,6.02714388706211,-4.969982758673552e-16,-8.24599984968359e-17,20,0,0.02017297212835123
2025-05-21,6.007011035312628,-2.42861286636753e-16,-4.0429638835200437e-17,20,0,-0.003340363549756864
2025-05-22,5.956541698200121,-2.42861286636753e-16,-4.0772196173853365e-17,20,0,-0.008401738704293837
2025-05-23,5.9308352449065,-2.42861286636753e-16,-4.094891808794155e-17,20,0,-0.004315667478897889
2025-05-26,5.916410518856345,-2.42861286636753e-16,-4.104875512994298e-17,20,0,-0.0024321576058856653
2025-05-27,5.905835684510894,-2.42861286636753e-16,-4.1122255953327653e-17,20,0,-0.0017873733257265378
2025-05-28,5.884467923482282,-2.42861286636753e-16,-4.127157965592813e-17,20,0,-0.0036180757762450666
2025-05-29,5.942657120449709,0.2939259815955232,0.049460363544124586,19,0,0.009888608065177884
2025-05-30,5.923772821933565,0.2939259815955232,0.04961803742831304,19,0,-0.0031777533405318303
2025-06-03,5.947446111341891,-3.885780586188048e-16,-6.533528027732428e-17,20,0,0.003996319595625186
2025-06-04,5.981923411992129,-3.885780586188048e-16,-6.495871509150577e-17,20,0,0.00579699252499144
2025-06-05,6.001346975277491,-3.885780586188048e-16,-6.474847400417765e-17,20,0,0.003247043124360749
2025-06-06,6.00007886831684,-3.885780586188048e-16,-6.476215848939497e-17,20,0,-0.00021130372329325464
2025-06-09,6.060653038192481,-3.885780586188048e-16,-6.411488269829973e-17,20,0,0.01009556227593933
2025-06-10,6.032605883452281,-3.885780586188048e-16,-6.441296947388732e-17,20,0,-0.004627744661087507
2025-06-11,6.064948150255891,-9.992007221626409e-16,-1.6475008481655081e-16,20,0,0.005361243122532722
2025-06-12,6.049080756358886,-9.992007221626409e-16,-1.6518224213030482e-16,20,0,-0.002616245597472311
2025-06-13,6.005063485137078,-9.992007221626409e-16,-1.6639303225281924e-16,20,0,-0.007276687648042457
2025-06-16,6.055995995002545,-9.992007221626409e-16,-1.6499362334241786e-16,20,0,0.008481593906796814
2025-06-17,6.074789355828721,-9.992007221626409e-16,-1.644831884094737e-16,20,0,0.003103265068485017
2025-06-18,6.017530274131689,-9.992007221626409e-16,-1.6604830829984026e-16,20,0,-0.009425690068099679
2025-06-19,5.949091513978008,-9.992007221626409e-16,-1.6795853952068399e-16,20,0,-0.011373230716908433
2025-06-20,5.940779291689496,-9.992007221626409e-16,-1.6819354382688717e-16,20,0,-0.0013972254871154055
2025-06-23,6.002042035362718,-9.436889630712774e-16,-1.572279829949988e-16,20,0,0.010312240308089304
2025-06-24,6.148781291518834,-9.436889630712774e-16,-1.5347577321914685e-16,20,0,0.024448222003704778
2025-06-25,6.211727880981739,0.2933308697392442,0.047222105565397764,19,0,0.010237246452354576
2025-06-26,6.11565897892858,0.2933308697392442,0.04796390229571527,19,0,-0.015465729325859656
2025-06-27,6.2122022762023,0.2933308697392442,0.047218499446313254,19,0,0.01578624602947265
2025-06-30,6.219160602873411,0.2933308697392442,0.04716566888523796,19,0,0.0011201062621168933
2025-07-01,6.246669570703103,1.1102230246251565e-16,1.777303909001535e-17,20,0,0.004423260563006126
2025-07-02,6.178811673086634,1.1102230246251565e-16,1.796822889846298e-17,20,0,-0.010863052199002632
2025-07-03,6.229166401358387,1.1102230246251565e-16,1.782297908084542e-17,20,0,0.008149581333104061
2025-07-04,6.192920110905337,1.1102230246251565e-16,1.7927294470828465e-17,20,0,-0.00581880272858748
2025-07-07,6.157895361069981,0.27912390589160563,0.04532780918237392,19,0,-0.005655611441471753
2025-07-08,6.211326692591925,0.27912390589160563,0.04493788842639832,19,0,0.008676882017147447
2025-07-09,6.1790163177606034,0.27912390589160563,0.04517287081591097,19,0,-0.0052018475972061
2025-07-10,6.18509211899621,0.27912390589160563,0.04512849615195467,19,0,0.0009832958715683127
2025-07-11,6.172836570035916,3.3306690738754696e-16,5.3956864661590914e-17,20,0,-0.0019814658738314117
2025-07-14,6.178414106281075,3.3306690738754696e-16,5.390815533859179e-17,20,0,0.00090356130149849
2025-07-15,6.171205013730465,3.3306690738754696e-16,5.397112989221687e-17,20,0,-0.0011668192559771695
2025-07-16,6.254296190381838,0.557819272145595,0.08918977534249764,18,0,0.013464335809052042
2025-07-17,6.354080516333087,0.557819272145595,0.08778914127885652,18,0,0.015954525163790922
2025-07-18,6.381498850190007,0.557819272145595,0.08741195215117623,18,0,0.004315074979997613
2025-07-21,6.3820080267286885,0.557819272145595,0.08740497815254612,18,0,7.97894899984275e-05
2025-07-22,6.398342497224186,-3.7296554733501353e-16,-5.829096324506205e-17,20,0,0.002559456275687211
2025-07-23,6.369792551632172,-3.7296554733501353e-16,-5.855222824163186e-17,20,0,-0.0044620846108816
2025-07-24,6.447820206341395,-3.7296554733501353e-16,-5.784366427714656e-17,20,0,0.012249638285194875
2025-07-25,6.443657784492389,-3.7296554733501353e-16,-5.7881029658746e-17,20,0,-0.0006455548876675987
2025-07-28,6.4331979106902955,-3.7296554733501353e-16,-5.797513966036116e-17,20,0,-0.0016232820165072992
2025-07-29,6.512478469785216,-3.7296554733501353e-16,-5.726937126401189e-17,20,0,0.012323662383085798
2025-07-30,6.5115562608210995,-3.7296554733501353e-16,-5.727748212498482e-17,20,0,-0.000141606451122267
2025-07-31,6.441011856401316,-4.440892098500626e-16,-6.894711883020528e-17,20,0,-0.010833724165793868
2025-08-01,6.488755761156199,0.31419391566343124,0.04842128864585999,19,0,0.007412485152846537
2025-08-04,6.550839408165142,0.6222193951553621,0.09498315504114038,18,0,0.009567881623869567
2025-08-05,6.634075494596836,0.6222193951553621,0.09379142514463885,18,0,0.01270617110960548
2025-08-06,6.6949705855460895,0.6222193951553621,0.092938331424291,18,0,0.00917913746969723
2025-08-07,6.655924180608515,0.6222193951553621,0.0934835461269446,18,0,-0.005832199624875467
2025-08-08,6.712787805501518,0.6222193951553621,0.0926916525866373,18,0,0.008543310192545617
2025-08-11,6.824814302750234,0.6222193951553621,0.09117015753888319,18,0,0.01668852055131298
2025-08-12,6.7585552277085785,3.0487765090292385e-16,4.5109885268525e-17,20,0,-0.009708553537486675
2025-08-13,6.7609868162161515,0.3394230210490219,0.050203177476240535,19,0,0.00035977933532360673
2025-08-14,6.679407109917829,0.3394230210490219,0.05081633975342424,19,1,-0.012066242475529565
2025-08-15,6.801369276766233,0.3394230210490219,0.04990510105200512,19,1,0.018259430042422586
2025-08-18,6.886534605782823,0.6621442512747551,0.09615057342756012,18,1,0.012521791649737102
2025-08-19,6.928938728301118,0.6621442512747551,0.09556214555199334,18,1,0.006157541484317353
2025-08-20,6.909765072903309,0.6621442512747551,0.09582731746862976,18,1,-0.0027671850119692643
2025-08-21,7.039484141420393,-8.881784197001252e-16,-1.2617095256654886e-16,21,1,0.018773296508411974
2025-08-22,7.054604666485144,-8.881784197001252e-16,-1.259005233730053e-16,21,1,0.002147959248289588
2025-08-25,7.06459949086963,0.2747481946434728,0.03889083804376462,20,1,0.0014167802246904948
2025-08-26,7.044099405247698,0.5607019802207047,0.07959881710399973,19,1,-0.0029018043625015366
2025-08-27,6.835413381497791,0.5607019802207047,0.08202897892590111,19,1,-0.029625650029078354
2025-08-28,6.808110516225968,0.892745559420879,0.13112971026148482,18,0,-0.003994325397455367
2025-08-29,6.720075856367048,0.892745559420879,0.1328475419775258,18,1,-0.012930850586092002
2025-09-01,6.729059251633311,0.892745559420879,0.1326701885117429,18,1,0.00133679968177014
2025-09-02,6.650598572389838,0.892745559420879,0.13423536989995746,18,1,-0.011659977466304539
2025-09-03,6.6551409967128325,0.892745559420879,0.13414374839869386,18,1,0.0006830098484447156
2025-09-04,6.670278620519738,0.892745559420879,0.13383932069562,18,1,0.0022745759728279857
2025-09-05,6.791334603621443,0.892745559420879,0.13145362605824593,18,0,0.018148564698527103
2025-09-08,6.863694172893199,0.892745559420879,0.13006779395075624,18,0,0.010654690645513387
2025-09-09,6.892494141921842,0.892745559420879,0.12952431166984693,18,0,0.0041959866368148635
2025-09-10,6.76340534006145,0.892745559420879,0.13199645955461362,18,0,-0.018728895404530377
2025-09-11,6.834929715278394,-9.992007221626409e-16,-1.4619034339579049e-16,20,0,0.0105752016359697
2025-09-12,6.860114179387162,-9.992007221626409e-16,-1.45653657655579e-16,20,0,0.0036846705317938877
2025-09-15,6.798060220318503,-9.992007221626409e-16,-1.4698321135434516e-16,20,0,-0.009045616070810447
2025-09-16,6.790173773747124,-9.992007221626409e-16,-1.4715392498876163e-16,20,0,-0.0011601024874430266
2025-09-17,6.858510554494652,0.3177194758178845,0.046324850460377355,19,0,0.010064069495796746
2025-09-18,6.813950113849412,0.6321710427148327,0.09277600102030974,18,0,-0.006497101709063924
2025-09-19,6.770253882353388,0.6321710427148327,0.09337479121168284,18,0,-0.006412760699144426
2025-09-22,6.760372241009104,0.6321710427148327,0.09351127721636673,18,0,-0.0014595673243570362
2025-09-23,6.740386228103244,-8.881784197001252e-16,-1.3176966269335876e-16,20,0,-0.002956347992884578
2025-09-24,6.832056970534665,-8.881784197001252e-16,-1.3000161203729218e-16,20,0,0.013600221015408698
2025-09-25,6.849824664452896,-8.881784197001252e-16,-1.2966440211372404e-16,20,0,0.002600636088788466
2025-09-26,6.807814672583878,-8.881784197001252e-16,-1.3046454147422035e-16,20,0,-0.006133002511294783
2025-09-29,6.876515447009272,-8.881784197001252e-16,-1.2916111750849205e-16,20,0,0.010091457792184455
2025-09-30,6.891057719270228,-8.881784197001252e-16,-1.2888854743102987e-16,20,0,0.0021147734449256106
2025-10-09,6.874918856812139,-2.220446049250313e-16,-3.229777827923225e-17,20,0,-0.002342000766146324
2025-10-10,6.880105211550045,-2.220446049250313e-16,-3.2273431596986586e-17,20,0,0.0007543877747397953
2025-10-13,6.861977771810371,-1.1102230246251565e-16,-1.6179344520555776e-17,20,0,-0.0026347619959711244
2025-10-14,6.7861564113858,-1.1102230246251565e-16,-1.6360115466281127e-17,20,0,-0.011049490824067032
2025-10-15,6.8282650406231165,0.33156175246917596,0.04855724704542505,19,0,0.00620507790929592
2025-10-16,6.7608825560071395,0.33156175246917596,0.049041193915516056,19,0,-0.009868170642923335
2025-10-17,6.697980073620097,0.33156175246917596,0.049501752591804116,19,0,-0.009303886270166428
2025-10-20,6.732488194751077,0.33156175246917596,0.04924802582315333,19,0,0.005152019079138315
2025-10-21,6.814894723617786,-8.671448975539064e-16,-1.2724259621336747e-16,20,0,0.012240129723652071
2025-10-22,6.761995657717919,-8.671448975539064e-16,-1.2823801455183957e-16,20,0,-0.007762271912512331
2025-10-23,6.7450203361650924,-8.671448975539064e-16,-1.285607536132241e-16,20,0,-0.0025104011318687336
2025-10-24,6.782947643455898,-8.671448975539064e-16,-1.2784189752526201e-16,20,0,0.005623008590122325
2025-10-27,6.819407379707818,-8.671448975539064e-16,-1.271583950438608e-16,20,0,0.005375205319046783
2025-10-28,6.787299964760558,-8.671448975539064e-16,-1.2775991956390536e-16,20,0,-0.004708241223834286
2025-10-29,6.7985136650016855,-8.671448975539064e-16,-1.2754918799647533e-16,20,0,0.0016521592237486171
2025-10-30,6.722277861029997,-8.671448975539064e-16,-1.2899569394191054e-16,20,0,-0.011213598696454219
2025-10-31,6.753123276616585,-1.1102230246251565e-16,-1.644014153376147e-17,20,0,0.004588536240878183
2025-11-03,6.75704841851673,-1.1102230246251565e-16,-1.643059152251667e-17,20,0,0.0005812335625110521
2025-11-04,6.696044247814814,0.3132843408888332,0.04678648009099856,19,0,-0.00902822755195054
2025-11-05,6.736899962471773,0.3132843408888332,0.04650274497676955,19,0,0.006101470233009776
2025-11-06,6.776196182703228,0.3132843408888332,0.04623306829405501,19,0,0.005832982595905589
2025-11-07,6.776930352568181,0.3132843408888332,0.04622805969521455,19,0,0.00010834542642479406
2025-11-10,6.790062843336367,0.3132843408888332,0.046138651160833405,19,0,0.0019378228910393869
2025-11-11,6.781419530412701,-5.551115123125783e-17,-8.185771575155674e-18,20,0,-0.0012729356300653638
2025-11-12,6.7681881387218885,-5.551115123125783e-17,-8.201774255309134e-18,20,0,-0.0019511241903665821
2025-11-13,6.828942683511172,-5.551115123125783e-17,-8.128806142317217e-18,20,0,0.008976485810389345
2025-11-14,6.770700578084866,-5.551115123125783e-17,-8.198730779933485e-18,20,0,-0.008528714930780446
2025-11-17,6.750541272744666,0.31760181287070827,0.047048347686285054,19,0,-0.0029774327054796768
2025-11-18,6.736113931836974,0.31760181287070827,0.04714911536303196,19,0,-0.002137212458198312
2025-11-19,6.717121349907335,0.31760181287070827,0.04728242893439609,19,0,-0.0028195161367260413
2025-11-20,6.714814952406054,0.31760181287070827,0.04729866945282016,19,0,-0.0003433609996211784
2025-11-21,6.64969236288335,-7.846371122277596e-16,-1.179960018312089e-16,20,0,-0.009698344628152333
2025-11-24,6.71651884059172,0.33868307158900074,0.050425388453040204,19,0,0.010049559297115263
2025-11-25,6.7220385363380215,0.33868307158900074,0.05038398244195515,19,0,0.0008218090170375447
2025-11-26,6.636394717055245,0.33868307158900074,0.05103419643177643,19,0,-0.012740751011735996
2025-11-27,6.6220407721716255,0.33868307158900074,0.051144818227679585,19,0,-0.002162913071871664
2025-11-28,6.707131246248435,0.6418991118130382,0.09570397361346966,18,0,0.012849584743481746
2025-12-01,6.6673193155806745,0.6418991118130382,0.09627544166258872,18,0,-0.005935761386811844
2025-12-02,6.625633152711764,0.6418991118130382,0.09688117301669794,18,0,-0.006252312345607192
2025-12-03,6.611841269617232,0.6418991118130382,0.09708326102181195,18,0,-0.002081594736178083
2025-12-04,6.622171844404107,0.9518582835381828,0.14373808259635026,17,0,0.001562435389117267
2025-12-05,6.689711309527873,0.9518582835381828,0.14228689991188279,17,0,0.01019899010637082
2025-12-08,6.7539541732881965,0.9518582835381828,0.14093348268526462,17,0,0.009603234099029967
2025-12-09,6.701346798289312,0.9518582835381828,0.1420398484348204,17,0,-0.007789122290309036
2025-12-10,6.7723488527793805,0.9518582835381828,0.14055068695221437,17,0,0.010595191776702872
2025-12-11,6.6596929248000425,5.551115123125783e-16,8.335392015529688e-17,20,0,-0.0166346906262963
2025-12-12,6.67933359750888,5.551115123125783e-16,8.3108816801666e-17,20,0,0.002949185935540388
2025-12-15,6.646601905192454,0.3120611391852482,0.04695047840031761,19,0,-0.004900442811934691
2025-12-16,6.597484914244292,0.3120611391852482,0.04730001557282729,19,0,-0.007389789797669466
2025-12-17,6.659008307717455,0.3120611391852482,0.0468630049347716,19,0,0.009325279901789552
2025-12-18,6.7446767007334,0.3120611391852482,0.04626776835001082,19,0,0.012865037713897909
2025-12-19,6.756990916924825,0.3120611391852482,0.04618344807947002,19,0,0.0018257681928750547
2025-12-22,6.766354722707229,0.3120611391852482,0.046119535846679945,19,0,0.0013857952300853071
2025-12-23,6.707856268157848,6.661338147750939e-16,9.930651286271994e-17,20,0,-0.00864549036323281
2025-12-24,6.757584058734366,0.6697855591868435,0.09911612691241731,18,0,0.0074133655505672635
2025-12-25,6.843705613941584,0.6697855591868435,0.09786884430306247,18,0,0.012744429733863694
2025-12-26,6.818182653980289,0.6697855591868435,0.09823520330536158,18,0,-0.0037294064650152947
2025-12-29,6.79085291583294,0.6697855591868435,0.0986305501662732,18,0,-0.004008361103584379
2025-12-30,6.8013696180449665,0.6697855591868435,0.09847804145356408,18,0,0.001548657045348012
2025-12-31,6.827964269423683,1.1102230246251565e-16,1.6259941921442792e-17,20,0,0.003910190575168393
2026-01-05,6.924352127941127,0.3337292867868243,0.048196463816471836,19,0,0.014116631943883906
2026-01-06,6.99313771022425,0.3337292867868243,0.047722395956667434,19,0,0.009933865437830702
2026-01-07,7.091865148443687,0.3337292867868243,0.047058041826988396,19,0,0.01411775976827867
2026-01-08,7.136405315602756,0.3337292867868243,0.04676434031250603,19,0,0.006280458839356795
2026-01-09,7.143996716679679,0.3337292867868243,0.046714647279671756,19,0,0.0010637569954616843
2026-01-12,7.362728663584483,0.6559530352067954,0.0890910238823673,18,0,0.03061758782644919
2026-01-13,7.280419069803308,-1.3877787807814457e-15,-1.9061798056893154e-16,20,0,-0.011179224108620489
2026-01-14,7.285712207909025,-1.3877787807814457e-15,-1.9047949482206262e-16,20,0,0.0007270375585481936
2026-01-15,7.306378897990906,-1.3877787807814457e-15,-1.8994070799737124e-16,20,0,0.002836605330011066
2026-01-16,7.304112009842379,-1.3877787807814457e-15,-1.8999965757800495e-16,20,0,-0.00031026150986368517
2026-01-19,7.383714855959783,0.33228137037469463,0.045001923402620686,19,0,0.01089836054131399
2026-01-20,7.3051781170500405,0.33228137037469463,0.045485731497656584,19,0,-0.010636480476538424
2026-01-21,7.404194127176476,1.1102230246251565e-16,1.4994515345703533e-17,20,0,0.013554222571977359
2026-01-22,7.453358808344582,0.37858814942473407,0.05079430081923291,19,0,0.006640112390847719
2026-01-23,7.465206007485017,0.37858814942473407,0.05071369082717091,19,0,0.0015895114464596904
2026-01-26,7.342340258242241,0.7380675115898864,0.10052210679849098,18,0,-0.016458453942139628
2026-01-27,7.342135402014624,0.7380675115898864,0.1005249115110798,18,0,-2.7900672048941644e-05
2026-01-28,7.39498978996744,0.7380675115898864,0.09980642739915617,18,0,0.00719877597712415
2026-01-29,7.341792696676779,0.7380675115898864,0.10052960388325435,18,0,-0.007193666901721962
2026-01-30,7.282385306518834,0.7380675115898864,0.10134969251478695,18,0,-0.008091673602393601
2026-02-02,7.134832989747904,-3.3306690738754696e-16,-4.6681808511304097e-17,20,0,-0.020261536647731115
2026-02-03,7.369960255356005,-3.3306690738754696e-16,-4.5192497089179786e-17,20,0,0.0329548380383895
2026-02-04,7.307097527713162,-3.3306690738754696e-16,-4.5581286704378226e-17,20,0,-0.008529588419036394
2026-02-05,7.249926790634547,-3.3306690738754696e-16,-4.594072699020943e-17,20,0,-0.007824000824101174
2026-02-06,7.361021613081658,0.33067923748883704,0.04492300863526465,19,0,0.015323578520906489
2026-02-09,7.456046200158158,0.6838915935763286,0.09172308958625039,18,0,0.01290915746091903
2026-02-10,7.524621531978184,0.6838915935763286,0.09088717494559982,18,0,0.009197278286522836
2026-02-11,7.5163728925339806,9.992007221626409e-16,1.32936555496754e-16,20,0,-0.0010962198443001947
2026-02-12,7.4741205880313215,9.992007221626409e-16,1.336880654244073e-16,20,0,-0.0056213688579273
2026-02-13,7.435948052726738,0.7496703019850615,0.10081704399618012,18,0,-0.005107294544552943
2026-02-24,7.480555188671028,0.7496703019850615,0.10021586407388641,18,0,0.005998849861240219
2026-02-25,7.487457723239579,-5.551115123125783e-16,-7.41388509733581e-17,20,0,0.0009227302512258007
2026-02-26,7.433722905041622,-5.551115123125783e-16,-7.467476517534658e-17,20,0,-0.00717664395368478
2026-02-27,7.444195584804999,-5.551115123125783e-16,-7.456971085575251e-17,20,0,0.0014088068518500751
2026-03-02,7.380745324316288,0.3505536221939561,0.04749569410544991,19,0,-0.008523454249136697
2026-03-03,7.242637242805705,0.3505536221939561,0.048401377901698704,19,0,-0.018711942418007332
2026-03-04,7.263378285631131,0.6768387188965597,0.09318511197957628,18,0,0.0028637417738999194
2026-03-05,7.292105547900565,0.6768387188965597,0.09281800907166313,18,0,0.003955082764484974
2026-03-06,7.322592766518925,0.6768387188965597,0.09243156631504457,18,0,0.004180852624539488
2026-03-09,7.295857564176716,0.6768387188965597,0.09277027586447077,18,0,-0.0036510568311883818
2026-03-10,7.337203619705196,0.6768387188965597,0.09224750381450564,18,0,0.005667059035183719
2026-03-11,7.322707385563257,3.3306690738754696e-16,4.54841208108615e-17,20,0,-0.0019757164845483066
2026-03-12,7.179957099598314,3.3306690738754696e-16,4.6388425831427396e-17,20,0,-0.01949419503589278
2026-03-13,7.0642710096356565,0.34729171025167854,0.04916171955718759,19,0,-0.01611236506818825
2026-03-16,7.080747659474944,0.9750937152885601,0.13771055857127748,17,0,0.0023323920920945707
2026-03-17,6.941239377930709,0.9750937152885601,0.14047832990586914,17,0,-0.019702478926438616
2026-03-18,7.062121118119111,1.346045060272888,0.19060067616503676,16,0,0.017415008128481846
2026-03-19,6.9825341099423,1.346045060272888,0.19277314497558695,16,0,-0.011269561488065793
2026-03-20,6.938084406169179,1.346045060272888,0.1940081701911866,16,0,-0.006365841265254968
2026-03-23,6.898123850880736,-3.3306690738754696e-16,-4.828369489843558e-17,20,0,-0.005759594860637818
2026-03-24,7.116220093466394,-3.3306690738754696e-16,-4.68039075538635e-17,20,0,0.03161674787236701
2026-03-25,7.140888404125528,-3.3306690738754696e-16,-4.6642222723313135e-17,20,0,0.003466490683977419
2026-03-26,7.030380897068065,-3.3306690738754696e-16,-4.737537158569153e-17,20,0,-0.015475316347699719
2026-03-27,7.135645010029211,-3.3306690738754696e-16,-4.667649622695896e-17,20,0,0.014972746783185498
2026-03-30,7.09846250941982,-3.3306690738754696e-16,-4.692099267208352e-17,20,0,-0.005210811434303464
2026-03-31,7.003273193008024,-5.551115123125783e-16,-7.926458057737835e-17,20,0,-0.013409849849242317
2026-04-01,7.136308642162452,0.3344666792961959,0.04686830349798961,19,0,0.01899618156939087
2026-04-02,7.085681950610224,0.3344666792961959,0.047203174179641434,19,0,-0.007094240746976177
2026-04-03,7.093163114757054,0.6742796110304575,0.09506049700558057,18,0,0.0010558142743317678
2026-04-07,7.167284246447634,0.6742796110304575,0.09407742010018019,18,0,0.010449658423387076
2026-04-08,7.3051065782913565,0.6742796110304575,0.09230250151780395,18,0,0.019229365978059576
2026-04-09,7.252906271374204,0.6742796110304575,0.09296681713531948,18,0,-0.007145728314529531
2026-04-10,7.2246660104121805,0.6742796110304575,0.09333021208989958,18,0,-0.00389364758145061
2026-04-13,7.19869882081416,-4.40619762898109e-16,-6.120825080556374e-17,20,0,-0.0035942408355759126
2026-04-14,7.261915431742004,-4.40619762898109e-16,-6.067541918378031e-17,20,0,0.008781671868957952
2026-04-15,7.300398613605619,-4.40619762898109e-16,-6.035557593758429e-17,20,0,0.005299315617943501
2026-04-16,7.360290985053763,0.7021155512553117,0.0953923632477396,18,0,0.008203986469522917
2026-04-17,7.442708707793979,0.7021155512553117,0.0943360245336565,18,0,0.011197617445774632
2026-04-20,7.614464643497332,0.7021155512553117,0.09220813072589555,18,0,0.02307707347507648
2026-04-21,7.699489406791582,-1.6653345369377348e-16,-2.1629155505672534e-17,20,0,0.011166216835330589
2026-04-22,7.831876604577125,0.37186046105454923,0.04748037792592718,19,0,0.017194282736302746
2026-04-23,7.785473164678946,0.37186046105454923,0.047763373296513555,19,0,-0.005924945225906586
2026-04-24,7.949710495295459,0.8228422976782863,0.10350594504859444,18,0,0.021095356331279014
2026-04-27,8.019056365789424,0.8228422976782863,0.10261086344132248,18,0,0.008723068662060518
2026-04-28,8.07199549172388,0.8228422976782863,0.1019379035236004,18,0,0.00660166527327366
2026-04-29,8.02325547081119,0.8228422976782863,0.1025571603287229,18,0,-0.006038162553815063
2026-04-30,7.96017258369609,0.8228422976782863,0.10336990674845668,18,0,-0.00786250510713482
2026-05-06,8.118949081768239,-2.220446049250313e-16,-2.734893428801648e-17,20,0,0.01994636377574932
2026-05-07,8.188492760636835,-2.220446049250313e-16,-2.711666376410919e-17,20,0,0.0085656010609505
2026-05-08,8.19127428005594,-2.220446049250313e-16,-2.7107455730748028e-17,20,0,0.0003396863745761536
2026-05-11,8.226766995509914,0.40617421305697515,0.049372276287715566,19,0,0.004332990721650276
2026-05-12,8.038842032498778,-3.3306690738754696e-16,-4.143219956817799e-17,20,0,-0.022843112381048858
2026-05-13,8.058242594981598,-3.3306690738754696e-16,-4.133244978191272e-17,20,0,0.0024133528690313266
2026-05-14,7.930459902667824,-3.3306690738754696e-16,-4.199843533355519e-17,20,0,-0.015857389599235105
2026-05-15,7.8957536561796235,-3.3306690738754696e-16,-4.2183041909732285e-17,20,0,-0.004376322043633918
2026-05-18,7.975984837160368,-3.3306690738754696e-16,-4.175871872721944e-17,20,0,0.010161307517231322
2026-05-19,8.10142746986071,-3.3306690738754696e-16,-4.111212605761605e-17,20,0,0.015727541521380672
2026-05-20,8.034050713162618,0.41012716618254325,0.05104861555212862,19,0,-0.008316652460168328
2026-05-21,7.961584368088508,1.3010426069826053e-16,1.6341503736334478e-17,20,0,-0.009019901374954453
2026-05-22,8.025893852118434,1.3010426069826053e-16,1.6210563346027747e-17,20,0,0.008077473158193182
2026-05-25,8.052485872648765,0.36200200120750037,0.04495531031443143,19,0,0.003313278373761719
2026-05-26,7.9568621792680405,0.36200200120750037,0.045495572632979965,19,0,-0.01187505261021593
2026-05-27,7.889463065376166,0.36200200120750037,0.0458842380283379,19,0,-0.008470564447815354
2026-05-28,7.844571278710487,0.36200200120750037,0.046146817760448385,19,0,-0.005690094027145154
2026-05-29,7.707739944133108,1.0862900462908516,0.14093496331796998,17,0,-0.017442805950240725
2026-06-01,7.782289686122747,1.0862900462908516,0.1395848895509385,17,0,0.009672062437236617
2026-06-02,7.798807670237905,1.4509444961353237,0.1860469648036675,16,0,0.002122509541711448
2026-06-03,7.797089218020107,1.4509444961353237,0.18608796892845586,16,0,-0.00022034806991799716
2026-06-04,7.725790012442336,1.4509444961353237,0.18780532396021465,16,0,-0.009144336249608198
2026-06-05,7.71747904396776,1.4509444961353237,0.18800757188572226,16,0,-0.0010757435111737879
2026-06-08,7.652917314830662,1.4509444961353237,0.18959364598432604,16,0,-0.00836565007423784
2026-06-09,7.812101857010941,1.4509444961353237,0.18573036075216803,16,0,0.020800504648311513
2026-06-10,7.6915060255166985,1.4509444961353237,0.1886424441873661,16,0,-0.015437053139036316
2026-06-11,7.727404600471736,6.895525817007808e-16,8.923469358116508e-17,20,0,0.004667301154799075
2026-06-12,7.793920353408985,6.895525817007808e-16,8.847313680838133e-17,20,1,0.008607774068564833
2026-06-15,7.883936782214698,6.895525817007808e-16,8.74629770315176e-17,20,1,0.011549570014061095
2026-06-16,7.894336453063549,6.895525817007808e-16,8.734775693949384e-17,20,1,0.0013190961744280472
2026-06-17,7.830263500061529,6.895525817007808e-16,8.806250028435984e-17,20,1,-0.00811631900704668
2026-06-18,7.744979924201335,6.895525817007808e-16,8.9032197429729e-17,20,1,-0.010891533325733338
2026-06-22,7.756703339746434,6.895525817007808e-16,8.889763492274055e-17,20,1,0.0015136792683563272
2026-06-23,7.738236969565081,-2.220446049250313e-16,-2.869446952818131e-17,21,1,-0.0023806982647806008
2026-06-24,7.651870646594006,-2.220446049250313e-16,-2.901834272693405e-17,21,1,-0.011160981927893832
2026-06-25,7.534665858154715,-2.220446049250313e-16,-2.946973483697542e-17,21,1,-0.01531714189280775
2026-06-26,7.414468420524526,0.28121425526703664,0.0379277703157501,20,1,-0.01595259031959595
2026-06-29,7.45783689267311,0.6297848266374014,0.08444604457039391,19,0,0.005849168097949331
2026-06-30,7.589851353327946,0.6297848266374014,0.08297722805351883,19,0,0.01770144112222849
2026-07-01,7.666273781553806,-9.992007221626409e-16,-1.3033720822322657e-16,20,0,0.01006902832060752
2026-07-02,7.758167930865781,-9.992007221626409e-16,-1.2879338666894956e-16,20,0,0.011986807663076915
2026-07-03,7.877925455011214,-9.992007221626409e-16,-1.2683551372360866e-16,20,0,0.01543631501826348
2026-07-06,7.778204472479303,0.2957589489142664,0.03802406454609353,19,0,-0.012658279530745942
2026-07-07,7.699144575043197,0.2957589489142664,0.038414520734286514,19,0,-0.010164286335726302
2026-07-08,7.629901637968966,0.2957589489142664,0.038763140463367186,19,0,-0.00899358836547659
2026-07-09,7.619082366362443,0.2957589489142664,0.03881818501136243,19,0,-0.0014180093164873897
2026-07-10,7.58739854680645,0.2957589489142664,0.038980283833745875,19,0,-0.0041584823516115366
2026-07-13,7.437226859986263,1.1102230246251565e-16,1.492791662169637e-17,20,0,-0.019792249727463518
2026-07-14,7.5223742844349495,1.1102230246251565e-16,1.4758944219545068e-17,20,0,0.011448813657520152
2026-07-15,7.525496121961113,0.34835057422193894,0.046289383261440074,19,0,0.00041500693904894526
2026-07-16,7.4917151924033165,0.34835057422193894,0.04649810694554571,19,0,-0.004488864124082892
2026-07-17,7.446491184684904,0.6827547044872184,0.09168811021913659,18,0,-0.006036535900920348
