date,nav,cash,cash_weight,holdings,locked_today,daily_return
2019-01-22,0.9975756219109886,-2.7755575615628914e-16,-2.7823029157889227e-16,20,0,-0.002424378089011414
2019-01-23,0.9985081050504898,-2.7755575615628914e-16,-2.7797045888000524e-16,20,0,0.0009347493252842565
2019-01-24,1.001358338379875,-2.7755575615628914e-16,-2.771792529389171e-16,20,0,0.00285449193148124
2019-01-25,1.006994797400726,-2.7755575615628914e-16,-2.7562779556828027e-16,20,0,0.00562881318786479
2019-01-28,1.0053998220080325,0.049031847917478125,0.04876850666190628,19,0,-0.0015838963585617094
2019-01-29,1.0026944153060522,0.049031847917478125,0.048900090764455034,19,0,-0.0026908764481148317
2019-01-30,1.0019716801010428,0.049031847917478125,0.048935363035942855,19,0,-0.000720793089077687
2019-01-31,1.0023603494316962,1.3877787807814457e-17,1.3845108513802132e-17,20,0,0.00038790450705583623
2019-02-01,1.0115642242800535,1.3877787807814457e-17,1.3719136634840462e-17,20,0,0.009182201643925358
2019-02-11,1.0177213207994944,1.3877787807814457e-17,1.3636137441743327e-17,20,0,0.006086708457708534
2019-02-12,1.0245515873521656,0.0,0.0,20,0,0.006711332869891562
2019-02-13,1.03377182449537,0.0,0.0,20,0,0.00899929028174462
2019-02-14,1.036416519979593,0.0,0.0,20,0,0.0025582971227853246
2019-02-15,1.0352262031961161,0.0,0.0,20,0,-0.0011484926769599335
2019-02-18,1.0529084677243383,0.0,0.0,20,0,0.017080580527840894
2019-02-19,1.0461361949587555,0.0,0.0,20,0,-0.0064319672347395995
2019-02-20,1.0456861655015017,0.0,0.0,20,0,-0.00043018247473169957
2019-02-21,1.0529276391664097,-1.3877787807814457e-17,-1.3180191393590291e-17,20,0,0.006925092732230187
2019-02-22,1.070899778694582,-1.3877787807814457e-17,-1.2958997736213342e-17,20,0,0.017068731847898366
2019-02-25,1.0976796714405492,-1.3877787807814457e-17,-1.2642839408332873e-17,20,0,0.025006908469634492
2019-02-26,1.0925462161657744,-1.3877787807814457e-17,-1.270224325751429e-17,20,0,-0.004676642383326546
2019-02-27,1.0852133009730487,-1.3877787807814457e-17,-1.2788073824169902e-17,20,0,-0.006711766590945856
2019-02-28,1.0893942531532637,-1.3877787807814457e-17,-1.2738994875037249e-17,20,0,0.003852654751343554
2019-03-01,1.0945859116152952,1.3877787807814457e-17,1.267857338610801e-17,20,0,0.004765637827631508
2019-03-04,1.1116257362736472,1.3877787807814457e-17,1.2484226799511758e-17,20,0,0.015567370708440942
2019-03-05,1.1276086672737256,1.3877787807814457e-17,1.2307273090909687e-17,20,0,0.01437797855747358
2019-03-06,1.1404721751909745,1.3877787807814457e-17,1.2168458038435345e-17,20,0,0.011407776731931163
2019-03-07,1.1334967886337404,1.3877787807814457e-17,1.2243341090134044e-17,20,0,-0.006116226865478858
2019-03-08,1.1205468782339656,1.3877787807814457e-17,1.2384834652956689e-17,20,0,-0.011424743792511238
2019-03-11,1.154225897987444,1.3877787807814457e-17,1.2023459040394381e-17,20,0,0.030055877543077925
2019-03-12,1.167217973172893,1.3877787807814457e-17,1.1889628267194976e-17,20,0,0.01125609398307792
2019-03-13,1.1501281860833927,1.3877787807814457e-17,1.2066296588272826e-17,20,0,-0.014641470130077328
2019-03-14,1.1296254576685956,1.3877787807814457e-17,1.2285300152898873e-17,20,0,-0.017826472442707852
2019-03-15,1.139293802254818,1.3877787807814457e-17,1.2181043889072705e-17,20,0,0.008558894030395336
2019-03-18,1.1591593279949932,1.3877787807814457e-17,1.1972286701793595e-17,20,0,0.017436701315199477
2019-03-19,1.170756287374206,1.3877787807814457e-17,1.1853694878666694e-17,20,0,0.01000462930257573
2019-03-20,1.1694084905943947,1.3877787807814457e-17,1.1867356804259702e-17,20,0,-0.00115121891237846
2019-03-21,1.1815699522060532,-3.4693931941147285e-17,-2.936257127762253e-17,20,0,0.010399669328103656
2019-03-22,1.1797174867378966,-3.4693931941147285e-17,-2.9408678205729946e-17,20,0,-0.0015678000821686133
2019-03-25,1.1690691177248764,0.0002456795487709616,0.0002101497208728584,20,0,-0.009026202571994157
2019-03-26,1.1430236262677265,0.0002456795487709616,0.00021493829447180381,20,0,-0.022278829422709423
2019-03-27,1.1456021963377458,0.0002456795487709616,0.00021445450223153248,20,0,0.002255920184641491
2019-03-28,1.1408752403268365,0.0002456795487709616,0.0002153430454854815,20,0,-0.00412617575806018
2019-03-29,1.1628798837128231,0.0002456795487709616,0.00021126820767297145,20,0,0.019287510683186238
2019-04-01,1.1909744035732586,0.0002456795487709616,0.00020628449111404393,20,0,0.024159434051551187
2019-04-02,1.1947412348745916,0.0002456795487709616,0.00020563410854129417,20,0,0.003162814658343116
2019-04-03,1.1986559955531235,0.0002456795487709616,0.0002049625160866876,20,0,0.003276659886057187
2019-04-04,1.2042039607020434,0.0002456795487709616,0.0002040182201590933,20,0,0.004628488214718951
2019-04-08,1.1998400413156236,0.0002456795487709616,0.00020476025162618694,20,0,-0.0036239038641557864
2019-04-09,1.194874288179718,0.0002456795487709616,0.00020561121048577586,20,1,-0.004138679294667158
2019-04-10,1.1899084371017867,0.0002456795487709616,0.0002064692888213766,20,1,-0.004155961114115536
2019-04-11,1.169991896984211,-9.71445146547012e-17,-8.303007474248531e-17,21,1,-0.016737876206748936
2019-04-12,1.1666280197604195,-9.71445146547012e-17,-8.326948522516281e-17,21,1,-0.002875128650430936
2019-04-15,1.1586864093423417,-9.71445146547012e-17,-8.384021239175439e-17,21,1,-0.0068073201428067165
2019-04-16,1.1574394331211313,-9.71445146547012e-17,-8.39305382854833e-17,21,1,-0.0010761981940551335
2019-04-17,1.1638037855285348,-9.71445146547012e-17,-8.347155754488595e-17,21,0,0.0054986483312060574
2019-04-18,1.1701732429484621,-9.71445146547012e-17,-8.301720727259846e-17,21,0,0.005472965029955423
2019-04-19,1.175976738501151,-9.71445146547012e-17,-8.260751380041529e-17,21,0,0.004959518248824457
2019-04-22,1.1743169776694191,0.00048067940652940397,0.0004093267964867315,21,0,-0.0014113891690131775
2019-04-23,1.1551486568819618,-1.734723475976807e-16,-1.5017318036444455e-16,20,0,-0.01632295296070685
2019-04-24,1.1519784423707464,-1.734723475976807e-16,-1.5058645302483128e-16,20,0,-0.0027444212416543046
2019-04-25,1.1339045391134979,-1.734723475976807e-16,-1.529867300234143e-16,20,0,-0.015689445733075402
2019-04-26,1.127960112453362,-1.734723475976807e-16,-1.5379298051627982e-16,20,0,-0.005242440130615589
2019-04-29,1.1033020389265353,-1.734723475976807e-16,-1.5723015228582531e-16,20,0,-0.021860767286526084
2019-04-30,1.1123246445459292,-1.734723475976807e-16,-1.5595478212972188e-16,20,0,0.008177820126365809
2019-05-06,1.0735896251896435,8.326672684688674e-17,7.755917614440261e-17,20,0,-0.03482348390482526
2019-05-07,1.0748427723462037,8.326672684688674e-17,7.746875076912809e-17,20,0,0.0011672496894135076
2019-05-08,1.081289446625643,8.326672684688674e-17,7.700688017138745e-17,20,0,0.005997783531973999
2019-05-09,1.0814586448367671,8.326672684688674e-17,7.69948321597215e-17,20,0,0.00015647818597708252
2019-05-10,1.1007388762882466,8.326672684688674e-17,7.564621241294469e-17,20,0,0.017827987730764994
2019-05-13,1.0930685116847223,1.6479873021779667e-17,1.5076706396362662e-17,20,0,-0.006968378031117828
2019-05-14,1.0950801284142246,1.6479873021779667e-17,1.504901111267905e-17,20,0,0.001840339107749056
2019-05-15,1.1079925621452258,1.6479873021779667e-17,1.487363145278915e-17,20,0,0.011791314074614423
2019-05-16,1.1110783333455374,1.6479873021779667e-17,1.483232327297534e-17,20,0,0.0027850107534450608
2019-05-17,1.0953229183716335,1.6479873021779667e-17,1.504567533954237e-17,20,0,-0.014180291794965716
2019-05-20,1.086657069887539,1.6479873021779667e-17,1.5165661254553114e-17,20,0,-0.007911683704178829
2019-05-21,1.0942220535922755,-4.163336342344337e-17,-3.8048368049943017e-17,20,0,0.006961702927602786
2019-05-22,1.090761349820684,-4.163336342344337e-17,-3.81690856852305e-17,20,0,-0.003162707021148181
2019-05-23,1.0836631742788037,-4.163336342344337e-17,-3.841909959813028e-17,20,0,-0.006507542225480667
2019-05-24,1.0801229935682206,-4.163336342344337e-17,-3.8545020957202506e-17,20,0,-0.003266864459926966
2019-05-27,1.083813867424556,-4.163336342344337e-17,-3.841375781837508e-17,20,0,0.0034170866450520254
2019-05-28,1.0835187907222676,-4.163336342344337e-17,-3.8424219109011296e-17,20,0,-0.0002722577290782402
2019-05-29,1.0834776026519903,-4.163336342344337e-17,-3.842567979396975e-17,20,0,-3.8013249636259516e-05
2019-05-30,1.078409541882278,-4.163336342344337e-17,-3.860626395309489e-17,20,0,-0.004677587019156881
2019-05-31,1.0776594441679255,-2.0816681711721685e-17,-1.9316567793635874e-17,20,0,-0.0006955592335017302
2019-06-03,1.0677748306535173,-2.0816681711721685e-17,-1.9495385276108366e-17,20,0,-0.009172297953589759
2019-06-04,1.058344502882855,-2.0816681711721685e-17,-1.966909796859012e-17,20,0,-0.008831756939700952
2019-06-05,1.058927676469132,-2.0816681711721685e-17,-1.9658265785565663e-17,20,0,0.0005510243448030305
2019-06-06,1.0462740644061623,-2.0816681711721685e-17,-1.989601235459916e-17,20,0,-0.01194945825305238
2019-06-10,1.053428558986136,0.0008111280704566776,0.0007699886846027237,20,0,0.006838069319853091
2019-06-11,1.0688173163840018,-2.0816681711721685e-17,-1.9476370182837424e-17,20,0,0.014608259161567272
2019-06-12,1.0720027329387742,-2.0816681711721685e-17,-1.9418496867685314e-17,20,0,0.0029803189992740897
2019-06-13,1.0699349346046942,-2.0816681711721685e-17,-1.945602581844172e-17,20,0,-0.0019289114388835182
2019-06-14,1.0593996336286902,-2.0816681711721685e-17,-1.9649508127938188e-17,20,0,-0.009846674442774872
2019-06-17,1.0578332748818315,-2.0816681711721685e-17,-1.9678603619315224e-17,20,0,-0.001478534348264282
2019-06-18,1.0561218432012298,-2.0816681711721685e-17,-1.971049253997424e-17,20,0,-0.0016178652357035084
2019-06-19,1.0624754576116404,-2.0816681711721685e-17,-1.959262358729294e-17,20,0,0.0060159861774584655
2019-06-20,1.0731187770331234,-2.0816681711721685e-17,-1.9398301620696687e-17,20,0,0.010017473199247728
2019-06-21,1.0859070790422,-3.7947076036992655e-19,-3.4945048954338725e-19,20,0,0.011916949253681697
2019-06-24,1.085476972750874,-3.7947076036992655e-19,-3.495889548059701e-19,20,0,-0.0003960801984139728
2019-06-25,1.0852634316910508,-3.7947076036992655e-19,-3.496577414191848e-19,20,0,-0.00019672555492544763
2019-06-26,1.0898608959388394,-3.7947076036992655e-19,-3.481827467926894e-19,20,0,0.004236265696914598
2019-06-27,1.0982138764574743,-3.7947076036992655e-19,-3.455344796716568e-19,20,0,0.007664262980496606
2019-06-28,1.1029218711454956,-3.7947076036992655e-19,-3.4405951164592277e-19,20,0,0.004286956110232332
2019-07-01,1.1360495239704569,-3.7947076036992655e-19,-3.340266003929902e-19,20,0,0.0300362643008929
2019-07-02,1.1117618870147803,-3.7947076036992655e-19,-3.4132377157563207e-19,20,0,-0.021379030089103912
2019-07-03,1.1027457409384467,-3.7947076036992655e-19,-3.441144647242015e-19,20,0,-0.008109781583305664
2019-07-04,1.103181419510308,-3.7947076036992655e-19,-3.439785638688241e-19,20,0,0.00039508524557119173
2019-07-05,1.1081107702618578,-3.7947076036992655e-19,-3.4244840006406017e-19,20,0,0.004468304727011985
2019-07-08,1.0907518236622278,-3.7947076036992655e-19,-3.4789835060357134e-19,20,0,-0.01566535319887552
2019-07-09,1.0938545676778981,-3.7947076036992655e-19,-3.4691152881090074e-19,20,0,0.0028445920954345283
2019-07-10,1.0925943954221196,-3.7947076036992655e-19,-3.473116482748564e-19,20,0,-0.001152047349816998
2019-07-11,1.09296889042202,-5.681219383824043e-17,-5.197969890643819e-17,20,0,0.00034275756993595863
2019-07-12,1.0969683850099832,-5.681219383824043e-17,-5.179018339505145e-17,20,0,0.0036592940778203964
2019-07-15,1.1005974605732276,-5.681219383824043e-17,-5.161941206792423e-17,20,0,0.003308277260161363
2019-07-16,1.1027407892091794,-5.681219383824043e-17,-5.151908262954777e-17,20,0,0.0019474228432576624
2019-07-17,1.1046435216988522,-5.681219383824043e-17,-5.14303417548386e-17,20,0,0.0017254576127878618
2019-07-18,1.0989233292281861,-5.681219383824043e-17,-5.1698050562036667e-17,20,0,-0.00517831531919799
2019-07-19,1.1063519404225282,-5.681219383824043e-17,-5.1350923483302446e-17,20,0,0.006759899436805439
2019-07-22,1.1002627588306613,-5.681219383824043e-17,-5.163511477805481e-17,20,0,-0.005503837765712616
2019-07-23,1.1027001522234674,-4.163336342344337e-17,-3.775583356862199e-17,20,0,0.002215283006939739
2019-07-24,1.108297231539769,-4.163336342344337e-17,-3.756516053514065e-17,20,0,0.005075794453293314
2019-07-25,1.1203256526966565,-4.163336342344337e-17,-3.716184068733109e-17,20,0,0.01085306433561728
2019-07-26,1.1272050510830451,0.06533296033694531,0.05796013801940638,19,0,0.006140534557813382
2019-07-29,1.130279120820887,0.06533296033694531,0.05780250128790841,19,0,0.002727161074099538
2019-07-30,1.1340254852808984,0.06533296033694531,0.05761154505338328,19,0,0.0033145480536616034
2019-07-31,1.13091815712646,0.0,0.0,20,0,-0.002740086704196787
2019-08-01,1.133529185892595,0.0,0.0,20,0,0.002308768985343379
2019-08-02,1.1276187047575437,0.0,0.0,20,0,-0.005214229336668819
2019-08-05,1.120957171839412,0.0,0.0,20,0,-0.005907611225342335
2019-08-06,1.1100656318722877,0.0,0.0,20,0,-0.009716285546620962
2019-08-07,1.1160460914270982,0.0,0.0,20,0,0.005387482850652381
2019-08-08,1.1171429181557917,0.0,0.0,20,0,0.000982779060039407
2019-08-09,1.1161054300549296,0.0,0.0,20,0,-0.0009286977377744865
2019-08-12,1.1307577048087405,0.0,0.0,20,0,0.01312803822940789
2019-08-13,1.1324379842232064,-8.326672684688674e-17,-7.352873005580379e-17,20,0,0.001485976533540434
2019-08-14,1.135009189883323,-8.326672684688674e-17,-7.33621609314427e-17,20,0,0.0022705046068198786
2019-08-15,1.1422606024328432,-8.326672684688674e-17,-7.289643595300507e-17,20,0,0.006388858005868414
2019-08-16,1.1484548798526368,-8.326672684688674e-17,-7.250326356536623e-17,20,0,0.005422823308972369
2019-08-19,1.1654645856295751,-8.326672684688674e-17,-7.144509397675665e-17,20,0,0.014810948236051669
2019-08-20,1.1642133941814157,-8.326672684688674e-17,-7.152187671353277e-17,20,0,-0.0010735559566432684
2019-08-21,1.1715518667060425,4.163336342344337e-17,3.5536935757270845e-17,20,0,0.006303374073261425
2019-08-22,1.1708573963427855,4.163336342344337e-17,3.5558013771349656e-17,20,0,-0.0005927781628735085
2019-08-23,1.1729636858001613,4.163336342344337e-17,3.549416228946791e-17,20,0,0.0017989291129345553
2019-08-26,1.1672686582085479,0.06258960300347671,0.05362056332390128,19,0,-0.004855246296673221
2019-08-27,1.1785853953448568,0.06258960300347671,0.05310570048694931,19,0,0.009695057823001285
2019-08-28,1.1867355386359377,0.06258960300347671,0.05274098648416538,19,0,0.006915191146328548
2019-08-29,1.1848412731903155,0.06258960300347671,0.052825306156787835,19,0,-0.0015961984654133676
2019-08-30,1.1757453645668452,0.06258960300347671,0.053233978112714284,19,0,-0.007676900551395027
2019-09-02,1.1883509652848663,-1.249000902703301e-16,-1.0510370582346404e-16,20,0,0.010721369692718419
2019-09-03,1.1934539317737238,-1.249000902703301e-16,-1.0465430373563081e-16,20,0,0.0042941577344823845
2019-09-04,1.1945188009652876,-1.249000902703301e-16,-1.045610083067748e-16,20,0,0.0008922583127957129
2019-09-05,1.204662611197905,-1.249000902703301e-16,-1.036805567877056e-16,20,0,0.008491963646298561
2019-09-06,1.2074111647926078,-1.249000902703301e-16,-1.0344453812615167e-16,20,0,0.0022815961657260964
2019-09-09,1.2191790063855166,-1.249000902703301e-16,-1.0244606379880155e-16,20,0,0.009746341541350567
2019-09-10,1.2319010758162554,-1.249000902703301e-16,-1.0138808441868722e-16,20,0,0.010434947915036519
2019-09-11,1.2225527533325133,-8.283304597789254e-17,-6.775416909585362e-17,20,0,-0.007588533419818577
2019-09-12,1.2221014628965416,-8.283304597789254e-17,-6.77791889566741e-17,20,0,-0.00036913780181802025
2019-09-16,1.2253910203893568,-8.283304597789254e-17,-6.759723598396625e-17,20,0,0.002691722080929715
2019-09-17,1.2178371059569155,-8.283304597789254e-17,-6.801652336977076e-17,20,0,-0.006164493053034681
2019-09-18,1.2158076821895527,-8.283304597789254e-17,-6.813005641543421e-17,20,0,-0.0016664164340502996
2019-09-19,1.2196030165955063,-8.283304597789254e-17,-6.791803960039315e-17,20,0,0.0031216568718488436
2019-09-20,1.2328947045699497,-8.283304597789254e-17,-6.718582346964157e-17,20,0,0.010898372497918807
2019-09-23,1.2365439981509536,-1.4842727741326556e-16,-1.2003396372083318e-16,20,0,0.0029599393747716807
2019-09-24,1.2379423785198258,-1.4842727741326556e-16,-1.1989837329160346e-16,20,0,0.0011308779719632067
2019-09-25,1.2291535951352797,-1.4842727741326556e-16,-1.2075567935586584e-16,20,0,-0.007099509263956749
2019-09-26,1.2149247781160362,-1.4842727741326556e-16,-1.2216993190593189e-16,20,0,-0.011576109833269066
2019-09-27,1.2220607523845721,-1.4842727741326556e-16,-1.214565455306896e-16,20,0,0.0058735934907852005
2019-09-30,1.2191631436378068,-1.4842727741326556e-16,-1.2174521366384158e-16,20,0,-0.002371084040716731
2019-10-08,1.2212845724268613,-1.6002824065886045e-16,-1.310327210151048e-16,20,0,0.0017400696536187255
2019-10-09,1.2261253105262924,-1.6002824065886045e-16,-1.3051540432696164e-16,20,0,0.003963644680954115
2019-10-10,1.2417234069800496,-1.6002824065886045e-16,-1.2887591532808368e-16,20,0,0.012721453769730884
2019-10-11,1.245041871494377,2.5045070184415152e-17,2.0115845705939588e-17,20,0,0.002672466747162483
2019-10-14,1.2575738620493833,2.5045070184415152e-17,1.9915387032297962e-17,20,0,0.010065517346789843
2019-10-15,1.2439442605664839,2.5045070184415152e-17,2.013359519260919e-17,20,0,-0.010838012695881027
2019-10-16,1.241989478630056,2.5045070184415152e-17,2.016528369631638e-17,20,0,-0.0015714385269463005
2019-10-17,1.2441064977190428,2.5045070184415152e-17,2.013096968011423e-17,20,0,0.0017045386659166883
2019-10-18,1.2366359926980814,2.5045070184415152e-17,2.02525806561493e-17,20,0,-0.006004715058283039
2019-10-21,1.2325600066654083,2.5045070184415152e-17,2.0319554463050093e-17,20,0,-0.0032960273328128675
2019-10-22,1.236093428156229,-1.3877787807814457e-17,-1.1227135013988968e-17,20,0,0.002866733848017722
2019-10-23,1.239006078917902,-1.3877787807814457e-17,-1.1200742307846268e-17,20,0,0.0023563354478937093
2019-10-24,1.2332505492675376,-1.3877787807814457e-17,-1.1253015712060188e-17,20,0,-0.004645279590065443
2019-10-25,1.2494656585427557,-1.3877787807814457e-17,-1.1106978181377179e-17,20,0,0.013148268439733268
2019-10-28,1.2786030755909854,-1.3877787807814457e-17,-1.085386706222334e-17,20,0,0.023319902271033532
2019-10-29,1.2713681586231709,-1.3877787807814457e-17,-1.0915632669960382e-17,20,0,-0.0056584542192427145
2019-10-30,1.2560893478933088,-1.3877787807814457e-17,-1.1048408165462146e-17,20,1,-0.012017613172260244
2019-10-31,1.247124106436982,2.0816681711721685e-17,1.6691748322622586e-17,21,1,-0.00713742336193135
2019-11-01,1.249783815657754,2.0816681711721685e-17,1.665622602159077e-17,21,1,0.0021326740514791
2019-11-04,1.2494337591837894,0.06204487281537535,0.04965839313955072,20,1,-0.0002800936206558413
2019-11-05,1.2546260829626181,0.06204487281537535,0.049452879752719114,20,0,0.004155741543449887
2019-11-06,1.2461378211740743,0.06227204771176813,0.049972038929929304,20,0,-0.006765570956806521
2019-11-07,1.2535420730541498,0.06227204771176813,0.0496768708847941,20,0,0.005941760015837794
2019-11-08,1.2548310547017394,0.06227204771176813,0.04962584204338931,20,0,0.0010282715477185622
2019-11-11,1.2428523641606037,0.06227204771176813,0.05010413908157575,20,0,-0.009546058408622105
2019-11-12,1.2469090935077987,0.0,0.0,20,0,0.003264047656967417
2019-11-13,1.2432241663929098,0.0,0.0,20,0,-0.0029552492110892503
2019-11-14,1.2457463154650508,0.0,0.0,20,0,0.002028716252724383
2019-11-15,1.239464744956445,0.0,0.0,20,0,-0.0050424154826905765
2019-11-18,1.2437366169535868,0.0,0.0,20,0,0.0034465457888370743
2019-11-19,1.2541465992393053,0.0,0.0,20,0,0.00836992506598122
2019-11-20,1.24788649642867,0.0,0.0,20,0,-0.004991523968914224
2019-11-21,1.246253390046428,-4.8572031451373846e-17,-3.8974442789330616e-17,20,0,-0.0013086978558672913
2019-11-22,1.2418702413366838,-4.8572031451373846e-17,-3.9112002071241734e-17,20,0,-0.0035170606112301384
2019-11-25,1.2374936610724105,0.0002566606748446546,0.00020740362792826973,20,0,-0.0035241848291351907
2019-11-26,1.2382013148174644,0.0002566606748446546,0.00020728509312113876,20,0,0.0005718443393403216
2019-11-27,1.2368776315920167,0.0002566606748446546,0.00020750692573710794,20,0,-0.0010690371667412268
2019-11-28,1.2326770455560783,0.0002566606748446546,0.00020821404581998303,20,0,-0.0033961209489509203
2019-11-29,1.2337772328518894,0.0002566606748446546,0.0002080283766068374,20,0,0.0008925186850663458
2019-12-02,1.2344349521902287,0.0002566606748446546,0.00020791753699882495,20,0,0.0005330940795680306
2019-12-03,1.240327275202302,0.0002566606748446546,0.00020692979988107756,20,0,0.004773295669908473
2019-12-04,1.2444224302275533,0.0002566606748446546,0.00020624883368401033,20,0,0.003301672959327151
2019-12-05,1.2512628104846244,0.0002566606748446546,0.00020512131639655124,20,0,0.005496831374069977
2019-12-06,1.2533468776075727,0.0005414559998952102,0.0004320080973343614,20,0,0.0016655710578827865
2019-12-09,1.2587940602784466,0.0005414559998952102,0.00043013866761926054,20,0,0.004346109419661737
2019-12-10,1.2747545522898425,0.0005414559998952102,0.0004247531408478537,20,0,0.012679192343714618
2019-12-11,1.2756058299828417,2.7755575615628914e-17,2.1758740014540586e-17,20,0,0.0006677973351576494
2019-12-12,1.2744875503980186,2.7755575615628914e-17,2.1777831887773977e-17,20,0,-0.0008766654702715426
2019-12-13,1.280567491198264,2.7755575615628914e-17,2.1674434035223882e-17,20,0,0.00477049838450494
2019-12-16,1.2900425993556242,0.00034141536610987877,0.0002646543348881778,20,0,0.007399147817265028
2019-12-17,1.310735419782889,0.00034141536610987877,0.0002604761883725024,20,0,0.016040416368886534
2019-12-18,1.3225430656681527,0.0006616742355086286,0.000500304491161767,20,0,0.0090084129161776
2019-12-19,1.3206913457981124,0.0006616742355086286,0.0005010059599571083,20,0,-0.0014001206600442462
2019-12-20,1.3199602854088077,0.0006616742355086286,0.0005012834422542493,20,0,-0.0005535437115042896
2019-12-23,1.2977130690057144,0.0,0.0,20,0,-0.01685445891745385
2019-12-24,1.3064614876030312,0.0,0.0,20,0,0.006741412108933753
2019-12-25,1.3101172035459256,0.0,0.0,20,0,0.002798181176853154
2019-12-26,1.3177714889215446,0.0,0.0,20,0,0.005842443221798943
2019-12-27,1.313107909530461,0.0,0.0,20,0,-0.003538989445659002
2019-12-30,1.3113622335996358,0.0,0.0,20,0,-0.0013294230566697207
2019-12-31,1.3160856809913548,0.0,0.0,20,0,0.003601939472325233
2020-01-02,1.3311055303282529,0.0,0.0,20,0,0.011412516338285883
2020-01-03,1.34398048202419,0.0,0.0,20,0,0.009672374881322998
2020-01-06,1.3549569119693914,0.0,0.0,20,0,0.008167105171549505
2020-01-07,1.3748937203220162,0.0,0.0,20,0,0.014713979593378612
2020-01-08,1.3712166979293203,0.0,0.0,20,0,-0.00267440482005743
2020-01-09,1.390404621357198,0.0,0.0,20,0,0.013993356015029157
2020-01-10,1.3899380376627695,0.0,0.0,20,0,-0.0003355740388527595
2020-01-13,1.4003805532422695,-2.7755575615628914e-17,-1.9820023600989786e-17,20,0,0.007512936042141538
2020-01-14,1.4091225490811705,-2.7755575615628914e-17,-1.9697062994078943e-17,20,0,0.00624258585900872
2020-01-15,1.4110409335522296,-2.7755575615628914e-17,-1.967028379946112e-17,20,0,0.0013614035715416861
2020-01-16,1.3977758358672758,-2.7755575615628914e-17,-1.985695767762894e-17,20,0,-0.00940093045462509
2020-01-17,1.3916030006614781,-2.7755575615628914e-17,-1.994503863705073e-17,20,0,-0.004416183945523455
2020-01-20,1.405953459534045,-2.7755575615628914e-17,-1.9741461161045505e-17,20,0,0.010312178736137767
2020-01-21,1.4060826635852097,-4.662069341687669e-17,-3.315643853968294e-17,20,0,9.189781517204842e-05
2020-01-22,1.412577875956646,-4.662069341687669e-17,-3.3003981026747684e-17,20,0,0.0046193673669761015
2020-01-23,1.3861308598545616,-4.662069341687669e-17,-3.3633688396323796e-17,20,0,-0.018722518986200032
2020-02-03,1.2987084737166028,-4.662069341687669e-17,-3.5897735604557245e-17,20,0,-0.06306935994999163
2020-02-04,1.3460005882190151,-4.662069341687669e-17,-3.463645842723122e-17,20,0,0.03641472698416548
2020-02-05,1.3966827438218612,-4.662069341687669e-17,-3.337958718477794e-17,20,0,0.03765388815313009
2020-02-06,1.416994925015361,-4.662069341687669e-17,-3.2901101192279357e-17,20,0,0.014543160415884993
2020-02-07,1.4017333067347253,-4.662069341687669e-17,-3.325931772676323e-17,20,0,-0.010770411390478518
2020-02-10,1.4361364452202001,-4.662069341687669e-17,-3.246257942414965e-17,20,0,0.024543283890154033
2020-02-11,1.451209327475392,-1.3877787807814457e-17,-9.562912493097781e-18,20,0,0.010495438859836836
2020-02-12,1.4741575452851494,-1.3877787807814457e-17,-9.414046586947427e-18,20,0,0.015813168627905272
2020-02-13,1.4716922528878238,-1.3877787807814457e-17,-9.429816444696782e-18,20,0,-0.0016723398426514713
2020-02-14,1.4682419821652146,-1.3877787807814457e-17,-9.45197588434905e-18,20,0,-0.0023444240572979558
2020-02-17,1.500159339249887,-1.3877787807814457e-17,-9.250875853463445e-18,20,0,0.021738485530568896
2020-02-18,1.5139863905771156,-1.3877787807814457e-17,-9.166388743114389e-18,20,0,0.009217055125719131
2020-02-19,1.5218801085267717,-1.3877787807814457e-17,-9.118844336068362e-18,20,0,0.005213863214878156
2020-02-20,1.5409748612240763,-1.3877787807814457e-17,-9.00584958069375e-18,20,0,0.01254681797227053
2020-02-21,1.5697243184322403,-2.7755575615628914e-17,-1.7681815392495002e-17,20,0,0.018656668535998566
2020-02-24,1.5930144975308553,-2.7755575615628914e-17,-1.7423303842274864e-17,20,0,0.01483711427868828
2020-02-25,1.5959821191837857,-2.7755575615628914e-17,-1.7390906377963446e-17,20,0,0.0018628968270721913
2020-02-26,1.5647768274738252,-2.7755575615628914e-17,-1.77377215257191e-17,20,0,-0.019552406843956094
2020-02-27,1.5605876147022724,-2.7755575615628914e-17,-1.7785336340070915e-17,20,0,-0.0026771950466034644
2020-02-28,1.5222253569310047,-2.7755575615628914e-17,-1.8233552272173156e-17,20,0,-0.024581931453163786
2020-03-02,1.564592805080962,-2.7755575615628914e-17,-1.7739807779694258e-17,20,0,0.027832572855950533
2020-03-03,1.5695776650024555,-2.7755575615628914e-17,-1.7683467492247663e-17,20,0,0.003186042978917669
2020-03-04,1.5864104694979198,-2.7755575615628914e-17,-1.7495834873311967e-17,20,0,0.010724416427929873
2020-03-05,1.6179260819984629,-2.7755575615628914e-17,-1.7155033177625283e-17,20,0,0.019865988725173755
2020-03-06,1.6478800233372493,-2.7755575615628914e-17,-1.684320170313064e-17,20,0,0.018513788529688213
2020-03-09,1.699167893625577,0.0004014681794156063,0.0002362734023646003,20,0,0.031123546351669917
2020-03-10,1.6053891948221002,0.0004014681794156063,0.00025007529682551197,20,0,-0.055190955028804
2020-03-11,1.6091409539803807,-3.885780586188048e-16,-2.4148167856744667e-16,20,0,0.002336977955489594
2020-03-12,1.6043813805199088,-3.885780586188048e-16,-2.42198060471684e-16,20,0,-0.0029578350166892253
2020-03-13,1.6052755265814516,-3.885780586188048e-16,-2.420631550063617e-16,20,0,0.0005573151573556867
2020-03-16,1.5518408702596616,0.08303506683779316,0.05350746228503399,19,0,-0.03328690647616295
2020-03-17,1.6114730564442135,0.08303506683779316,0.05152743107043546,19,0,0.038426740349075894
2020-03-18,1.6319427249724732,0.08303506683779316,0.05088111584258801,19,0,0.012702457820440882
2020-03-19,1.791540450315947,0.08303506683779316,0.04634841866012543,19,0,0.0977961560177707
2020-03-20,1.8662562862138086,0.08303506683779316,0.0444928531258971,19,0,0.04170479984679387
2020-03-23,1.7470786183761624,2.7755575615628914e-17,1.5886849809556126e-17,20,0,-0.06385921843533582
2020-03-24,1.7672074853980786,2.7755575615628914e-17,1.5705895230166895e-17,20,0,0.011521443173876822
2020-03-25,1.8071724879798687,2.7755575615628914e-17,1.5358564719328606e-17,20,0,0.0226147766530016
2020-03-26,1.7964489577330078,2.7755575615628914e-17,1.5450244492698804e-17,20,0,-0.005933872011767982
2020-03-27,1.7854358639266081,0.0842738704163572,0.04720072679117045,19,0,-0.0061304796660058836
2020-03-30,1.7754944168021418,0.0842738704163572,0.04746501572679884,19,0,-0.0055680785433550595
2020-03-31,1.7802352327884305,5.551115123125783e-17,3.118191922553359e-17,20,0,0.0026701384929317395
2020-04-01,1.7913143021566797,5.551115123125783e-17,3.0989062703526873e-17,20,0,0.006223373835207102
2020-04-02,1.7856290179341887,5.551115123125783e-17,3.108772912722891e-17,20,0,-0.003173806079506014
2020-04-03,1.7705222582524691,5.551115123125783e-17,3.135298128702891e-17,20,0,-0.008460189395441575
2020-04-07,1.7904912629810052,5.551115123125783e-17,3.100330751619352e-17,20,0,0.011278595699918403
2020-04-08,1.7817374371580352,5.551115123125783e-17,3.115562937253035e-17,20,0,-0.004889063691042916
2020-04-09,1.780903960678932,5.551115123125783e-17,3.117021044194622e-17,20,0,-0.00046778860999441285
2020-04-10,1.7419033523371215,0.09569445751036175,0.05493672044546442,19,0,-0.021899332700087037
2020-04-13,1.7112975240777564,0.08652602593541092,0.05056164969445689,19,0,-0.017570336619595506
2020-04-14,1.7823505736626473,0.08652602593541092,0.048546019629350456,19,0,0.041519986200635906
2020-04-15,1.8188494462517388,0.08652602593541092,0.04757184609958929,19,1,0.020477942515028325
2020-04-16,1.8482344507841209,0.08652602593541092,0.046815503248898924,19,0,0.0161558201493468
2020-04-17,1.857509023781073,0.08652602593541092,0.04658175267395574,19,0,0.00501807170243862
2020-04-20,1.9419599023879832,0.08652602593541092,0.044556031166767075,19,0,0.04546458591894509
2020-04-21,1.9229574928222615,1.8041124150158794e-16,9.381967213263996e-17,20,0,-0.009785170920550423
2020-04-22,1.9488054775897337,1.8041124150158794e-16,9.257529475169531e-17,20,0,0.013441786864220262
2020-04-23,1.966906645663251,1.8041124150158794e-16,9.172333720025251e-17,20,0,0.009288340104577575
2020-04-24,1.9306158442769226,1.8041124150158794e-16,9.344750900931185e-17,20,0,-0.018450698443845504
2020-04-27,1.937145135734453,1.8041124150158794e-16,9.313253724439521e-17,20,0,0.003381973413761008
2020-04-28,1.9393565021166392,1.8041124150158794e-16,9.302634214219239e-17,20,0,0.001141559473987419
2020-04-29,1.9320757834914515,1.8041124150158794e-16,9.337689703639215e-17,20,0,-0.0037541930105380317
2020-04-30,1.9588327970114456,1.8041124150158794e-16,9.210139925002173e-17,20,0,0.013848842653387816
2020-05-06,1.9770234011505943,1.6653345369377348e-16,8.42344372842799e-17,20,0,0.009286450669450552
2020-05-07,1.981442182860597,1.6653345369377348e-16,8.404658744740665e-17,20,0,0.0022350679852505273
2020-05-08,1.9860394822600063,1.6653345369377348e-16,8.385203576329074e-17,20,0,0.00232017842315857
2020-05-11,1.9827308044154683,1.6653345369377348e-16,8.399196367096816e-17,20,0,-0.0016659678088437602
2020-05-12,1.9758355292165026,-2.7755575615628914e-17,-1.4047513168586003e-17,20,0,-0.0034776658453130604
2020-05-13,1.9653180367752887,-2.7755575615628914e-17,-1.41226890998113e-17,20,0,-0.005323060692903225
2020-05-14,1.9393978845132918,0.08682201392883071,0.044767509865887796,19,0,-0.01318878256698186
2020-05-15,1.9309085089986784,0.08682201392883071,0.04496433338203811,19,0,-0.004377325345357841
2020-05-18,1.9134576681763238,0.08682201392883071,0.045374410614256726,19,0,-0.009037632151408403
2020-05-19,1.9337863120498868,0.08682201392883071,0.0448974188036299,19,0,0.010624036377526958
2020-05-20,1.9085038223760038,0.08682201392883071,0.045492187603135684,19,0,-0.01307408658151199
2020-05-21,1.8943636229501761,-2.7755575615628914e-17,-1.4651662056518975e-17,20,0,-0.00740904957068611
2020-05-22,1.8780746357519025,-2.7755575615628914e-17,-1.477873940005411e-17,20,0,-0.008598659201925596
2020-05-25,1.867766617850653,-2.7755575615628914e-17,-1.4860301790578556e-17,20,0,-0.005488609294338698
2020-05-26,1.8888282651495323,-2.7755575615628914e-17,-1.4694599889117815e-17,20,0,0.011276380623568505
2020-05-27,1.9030099631275699,-2.7755575615628914e-17,-1.4585092119020238e-17,20,0,0.007508198728122473
2020-05-28,1.8951389241304692,-2.7755575615628914e-17,-1.464566806275892e-17,20,0,-0.00413609973127238
2020-05-29,1.9083149097458114,-2.7755575615628914e-17,-1.4544546853289518e-17,20,0,0.0069525170147552995
2020-06-01,1.9443705409735,-2.7755575615628914e-17,-1.427483858181289e-17,20,0,0.018893962963634214
2020-06-02,1.95051960735563,-2.7755575615628914e-17,-1.4229836762962804e-17,20,0,0.003162497195134062
2020-06-03,1.9512363195322424,-2.7755575615628914e-17,-1.4224609975629494e-17,20,0,0.0003674467941310322
2020-06-04,1.9590458238688229,0.0003655137072415328,0.0001865774157950516,20,0,0.004002336497330283
2020-06-05,1.9562427084886653,0.0003655137072415328,0.00018684476402415208,20,0,-0.0014308574848044264
2020-06-08,1.956862677259068,0.002070246747082738,0.0010579417611370075,20,0,0.00031691812458256585
2020-06-09,1.9502801004933101,0.002070246747082738,0.00106151252148811,20,0,-0.003363841950819957
2020-06-10,1.942860162743708,0.002070246747082738,0.0010655665223786022,20,0,-0.0038045497914506177
2020-06-11,1.9416293977239023,-8.326672684688674e-17,-4.288497431306774e-17,20,0,-0.0006334810108349354
2020-06-12,1.9420430659753793,-8.326672684688674e-17,-4.2875839524736046e-17,20,0,0.0002130521158991705
2020-06-15,1.9414580589663482,0.0004678937612551365,0.0002410012202397243,20,0,-0.00030123276835647417
2020-06-16,1.9521114358318457,0.0004678937612551365,0.00023968598957351773,20,0,0.0054873072412233714
2020-06-17,1.9596904054482471,0.0004678937612551365,0.00023875902027907997,20,0,0.003882447219603513
2020-06-18,1.9617607690656318,0.0004678937612551365,0.00023850704358716984,20,0,0.001056474845020805
2020-06-19,1.9637039412035449,0.0004678937612551365,0.00023827103029001745,20,0,0.0009905245168291277
2020-06-22,1.959558441432304,0.0004678937612551365,0.00023877509920711422,20,0,-0.0021110614916320936
2020-06-23,1.9513793621768472,-1.3877787807814457e-17,-7.111783632032057e-18,20,0,-0.004173939946123029
2020-06-24,1.943002537375072,-1.3877787807814457e-17,-7.142444510938652e-18,20,0,-0.004292771033732046
2020-06-29,1.9322406576709616,-1.3877787807814457e-17,-7.182225336538635e-18,20,0,-0.005538788291367447
2020-06-30,1.944310098060846,-1.3877787807814457e-17,-7.137641172390886e-18,20,0,0.006246344285308902
2020-07-01,1.948565725634463,-6.938893903907228e-17,-3.561026355242848e-17,20,0,0.0021887596931484676
2020-07-02,1.972704784420248,-6.938893903907228e-17,-3.5174517539108e-17,20,0,0.012388116278666983
2020-07-03,1.997501355442237,-6.938893903907228e-17,-3.47378683123396e-17,20,0,0.012569833670919017
2020-07-06,2.0476257275377394,0.0005433044164320584,0.00026533384940683445,20,0,0.02509353596128361
2020-07-07,2.0590416045131703,0.0005433044164320584,0.0002638627676299502,20,0,0.005575177544364207
2020-07-08,2.0802014105451727,0.0005433044164320584,0.0002611787559021368,20,0,0.010276531559936686
2020-07-09,2.095782222687084,0.0005433044164320584,0.0002592370574340814,20,0,0.007490049791778697
2020-07-10,2.096122743912773,0.0005433044164320584,0.0002591949436214253,20,0,0.00016247929866120003
2020-07-13,2.161710908411811,-1.942890293094024e-16,-8.987743391281897e-17,20,0,0.03129023082713478
2020-07-14,2.1802278094636875,-1.942890293094024e-16,-8.91140955390324e-17,20,0,0.008565854471947354
2020-07-15,2.157730933372992,-1.942890293094024e-16,-9.004321451965623e-17,20,0,-0.010318589641432618
2020-07-16,2.07425074633332,-1.942890293094024e-16,-9.366708902134884e-17,20,0,-0.038688877166521696
2020-07-17,2.084097077766284,-1.942890293094024e-16,-9.322455819459216e-17,20,0,0.0047469340196064636
2020-07-20,2.1284123879726584,0.0005450719484965068,0.0002560932042947256,20,0,0.021263553737079777
2020-07-21,2.139254096193611,-1.8041111674224835e-16,-8.433365492358062e-17,20,0,0.005093800563376494
2020-07-22,2.1681129725330828,-1.8041111674224835e-16,-8.321112369502946e-17,20,0,0.013490158270969443
2020-07-23,2.1727608138316996,-1.8041111674224835e-16,-8.30331233855835e-17,20,0,0.00214372652970507
2020-07-24,2.1290868121562663,-1.8041111674224835e-16,-8.473638355757515e-17,20,0,-0.02010069465419595
2020-07-27,2.130603342936928,-1.8041111674224835e-16,-8.467606949943148e-17,20,0,0.0007122916604447305
2020-07-28,2.1529905788825925,-1.8041111674224835e-16,-8.37955904274705e-17,20,0,0.010507463071378176
2020-07-29,2.167689750338132,0.0014262174742642874,0.000657943542908673,20,0,0.006827327346303758
2020-07-30,2.1710140505613946,0.0020023586262335855,0.0009223149088859203,20,0,0.0015335682713562004
2020-07-31,2.177616812619929,-1.3704315460216776e-16,-6.293263066668223e-17,20,0,0.0030413262672468466
2020-08-03,2.2059772580611035,-1.3704315460216776e-16,-6.212355730385857e-17,20,0,0.013023616127877613
2020-08-04,2.191209636394688,-1.3704315460216776e-16,-6.254223800678974e-17,20,0,-0.006694367139303714
2020-08-05,2.2008323679232404,-1.3704315460216776e-16,-6.22687836654661e-17,20,0,0.0043915157038034724
2020-08-06,2.1860447644647274,-1.3704315460216776e-16,-6.269000380498796e-17,20,0,-0.006719095772145023
2020-08-07,2.1817218783010257,-1.3704315460216776e-16,-6.281421842315094e-17,20,0,-0.001977492059619501
2020-08-10,2.2475993275646085,-1.3704315460216776e-16,-6.097312493444337e-17,20,0,0.03019516370018871
2020-08-11,2.259273654140684,-1.9949319973733282e-16,-8.82997061341868e-17,20,0,0.00519413154867121
2020-08-12,2.258418979989044,-1.9949319973733282e-16,-8.83331221996286e-17,20,0,-0.00037829598467353787
2020-08-13,2.2610546426397455,-1.9949319973733282e-16,-8.823015418346e-17,20,0,0.0011670388329425574
2020-08-14,2.2595719012452986,-1.9949319973733282e-16,-8.8288051213324e-17,20,0,-0.0006557742420217894
2020-08-17,2.2748812739773814,-1.9949319973733282e-16,-8.769389507019887e-17,20,0,0.00677534214496367
2020-08-18,2.2918914505824772,-1.9949319973733282e-16,-8.704304023064976e-17,20,0,0.0074773909301013575
2020-08-19,2.2838075466946437,-1.9949319973733282e-16,-8.7351143061971e-17,20,0,-0.003527175724565401
2020-08-20,2.2736381500973653,-1.9949319973733282e-16,-8.774184217870808e-17,20,0,-0.0044528255509079795
2020-08-21,2.287825722610176,-1.9401797876628102e-16,-8.480452721937504e-17,20,0,0.006240030988309719
2020-08-24,2.27851334812144,-1.9401797876628102e-16,-8.515112668804092e-17,20,0,-0.004070403788498211
2020-08-25,2.278738548622605,-1.9401797876628102e-16,-8.514271147234341e-17,20,0,9.883659507670117e-05
2020-08-26,2.2604474573620124,-1.9401797876628102e-16,-8.583166936014691e-17,20,0,-0.008026849447756335
2020-08-27,2.2579349909990984,-1.9401797876628102e-16,-8.592717661921316e-17,20,0,-0.0011114907160222343
2020-08-28,2.271083861021229,-1.9401797876628102e-16,-8.542968496065916e-17,20,0,0.005823405046888608
2020-08-31,2.275227838043365,-1.9401797876628102e-16,-8.527408794942105e-17,20,0,0.0018246693102177414
2020-09-01,2.286850262543574,-1.6653345369377348e-16,-7.282219409877097e-17,20,0,0.005108246438389141
2020-09-02,2.2969278779339684,-1.6653345369377348e-16,-7.2502691657679e-17,20,0,0.004406766614962088
2020-09-03,2.2945964056153842,-1.6653345369377348e-16,-7.257635952284651e-17,20,0,-0.0010150394102409477
2020-09-04,2.293549967043477,-1.6653345369377348e-16,-7.260947268938076e-17,20,0,-0.0004560447185162353
2020-09-07,2.281307136391527,-1.6653345369377348e-16,-7.299913765981941e-17,20,0,-0.00533793936381155
2020-09-08,2.298855896018999,-1.6653345369377348e-16,-7.24418846706158e-17,20,0,0.0076924142950913765
2020-09-09,2.2725716607917374,-1.6653345369377348e-16,-7.32797370340151e-17,20,0,-0.011433615857687651
2020-09-10,2.244620000825475,-1.6653345369377348e-16,-7.419227024286053e-17,20,0,-0.012299572527681879
2020-09-11,2.2570508146508708,-2.498001805406602e-16,-1.1067547922234098e-16,20,0,0.005538048231248149
2020-09-14,2.268720394763184,-2.498001805406602e-16,-1.1010619956397717e-16,20,0,0.005170277973612469
2020-09-15,2.259833608075975,-2.498001805406602e-16,-1.1053919175639679e-16,20,0,-0.003917092078742801
2020-09-16,2.2408772106125903,-2.498001805406602e-16,-1.1147428308772534e-16,20,0,-0.008388404082335987
2020-09-17,2.2460913008656185,-2.498001805406602e-16,-1.1121550599674644e-16,20,0,0.002326807657436536
2020-09-18,2.2584498525402648,-2.498001805406602e-16,-1.1060691928124477e-16,20,0,0.005502248136522114
2020-09-21,2.2459288180967296,-2.498001805406602e-16,-1.1122355193445032e-16,20,0,-0.005544083447082793
2020-09-22,2.231215793117486,-2.220446049250313e-16,-9.951731500375742e-17,20,0,-0.0065509756412100995
2020-09-23,2.2349076991493257,-2.220446049250313e-16,-9.935291959016844e-17,20,0,0.0016546611238714704
2020-09-24,2.1956167322609534,-2.220446049250313e-16,-1.0113085843373909e-16,20,0,-0.0175805769980244
2020-09-25,2.1882974693488135,-2.220446049250313e-16,-1.014691137905975e-16,20,0,-0.003333579492538652
2020-09-28,2.168330625033888,-2.220446049250313e-16,-1.0240348144396156e-16,20,0,-0.00912437390007459
2020-09-29,2.187115309874047,-2.220446049250313e-16,-1.0152395894381013e-16,20,0,0.008663201369424556
2020-09-30,2.175943554818999,-2.220446049250313e-16,-1.0204520445085791e-16,20,0,-0.005107986307174239
2020-10-09,2.1992572717222876,-8.326672684688674e-17,-3.7861294318549054e-17,20,0,0.010714302239897888
2020-10-12,2.24399118717955,-8.326672684688674e-17,-3.710653024067526e-17,20,0,0.020340464952620207
2020-10-13,2.255460354155725,5.746271514173174e-17,2.5477155932205006e-17,20,0,0.005111057049466572
2020-10-14,2.2503428713926623,5.746271514173174e-17,2.5535093283882546e-17,20,0,-0.0022689304884626615
2020-10-15,2.2487999179644778,5.746271514173174e-17,2.555261349962368e-17,20,0,-0.0006856525944554104
2020-10-16,2.2758555884200455,5.746271514173174e-17,2.524884067078428e-17,20,0,0.012031159481745934
2020-10-19,2.2746570182780057,5.746271514173174e-17,2.5262144877223293e-17,20,0,-0.0005266459559817305
2020-10-20,2.300480202921857,5.746271514173174e-17,2.4978574068469667e-17,20,0,0.011352561918719584
2020-10-21,2.297472673553587,1.3877787807814457e-16,6.040458268584828e-17,20,0,-0.0013073485111717575
2020-10-22,2.35991874991867,1.3877787807814457e-16,5.880621020657058e-17,20,0,0.02718033475823467
2020-10-23,2.341411550058258,1.3877787807814457e-16,5.927103164528746e-17,20,0,-0.00784230383399842
2020-10-26,2.420418295050216,1.3877787807814457e-16,5.733632007407437e-17,20,0,0.03374321143585046
2020-10-27,2.3722224009500015,1.3877787807814457e-16,5.850120883377897e-17,20,0,-0.019912216908447467
2020-10-28,2.3708754021037004,1.3877787807814457e-16,5.853444594979796e-17,20,0,-0.0005678214849339502
2020-10-29,2.348346139976571,1.3877787807814457e-16,5.909600621292103e-17,20,0,-0.009502507853065167
2020-10-30,2.2841422059021874,1.3877787807814457e-16,6.075710948273917e-17,20,0,-0.027340064133400732
2020-11-02,2.2518318446539767,-1.3877787807814457e-16,-6.162888157373474e-17,20,0,-0.01414551211598003
2020-11-03,2.2678967220676354,-1.3877787807814457e-16,-6.119232711427051e-17,20,0,0.007134137236667115
2020-11-04,2.272981253298346,-1.3877787807814457e-16,-6.105544331998453e-17,20,0,0.00224195889576273
2020-11-05,2.296494875460702,-1.3877787807814457e-16,-6.04303016571305e-17,20,0,0.010344837700810405
2020-11-06,2.290245850391311,-1.3877787807814457e-16,-6.059518809058557e-17,20,0,-0.0027211143104065583
2020-11-09,2.306909856429771,-1.3877787807814457e-16,-6.015747762806845e-17,20,0,0.007276077385147683
2020-11-10,2.2938942279907866,-1.3877787807814457e-16,-6.049881305978942e-17,20,0,-0.005642018652227687
2020-11-11,2.2797327254417663,-1.9428895683808103e-16,-8.522444524738388e-17,20,0,-0.006173563879370403
2020-11-12,2.2910138948779597,-1.9428895683808103e-16,-8.480479200604352e-17,20,0,0.0049484614184354125
2020-11-13,2.3430320562365368,-1.9428895683808103e-16,-8.292202247977563e-17,20,0,0.022705301558787916
2020-11-16,2.3149125693734285,-1.9428895683808103e-16,-8.392928502291934e-17,20,0,-0.012001324005901481
2020-11-17,2.2977575447384466,-1.9428895683808103e-16,-8.4555899852435e-17,20,0,-0.007410657690465228
2020-11-18,2.3184324417681794,-1.9428895683808103e-16,-8.380186255930076e-17,20,0,0.008997858402021386
2020-11-19,2.3038666001974013,-1.9428895683808103e-16,-8.433168692207866e-17,20,0,-0.006282624979000562
2020-11-20,2.3005265099675114,-1.9428895683808103e-16,-8.445412647769263e-17,20,0,-0.001449775880948856
2020-11-23,2.3011289825118997,4.163336342344337e-17,1.8092581398021687e-17,20,0,0.00026188463457299527
2020-11-24,2.3065677670924685,0.0009316627533363127,0.00040391735574745987,20,0,0.002363528781698987
2020-11-25,2.3138099719291256,0.0009316627533363127,0.00040265309798087883,20,0,0.0031398187991615867
2020-11-26,2.3118202831194985,0.0009316627533363127,0.00040299964497203733,20,0,-0.0008599188497611099
2020-11-27,2.3220317415116636,0.0009316627533363127,0.00040122739783470484,20,0,0.004417064106032598
2020-11-30,2.31245567088016,0.001884094502682955,0.0008147591871310712,20,0,-0.004124005051399426
2020-12-01,2.3223126596864287,4.0635897424756706e-16,1.749803036006512e-16,20,0,0.0042625633565192
2020-12-02,2.3542833007492043,4.0635897424756706e-16,1.7260411018429742e-16,20,0,0.013766725565321769
2020-12-03,2.3219218035577884,4.0635897424756706e-16,1.75009758565047e-16,20,0,-0.013745795665762728
2020-12-04,2.3120449874394957,4.0635897424756706e-16,1.7575738208173648e-16,20,0,-0.004253724696137051
2020-12-07,2.308248713247163,4.0635897424756706e-16,1.7604644244593364e-16,20,0,-0.0016419551578609193
2020-12-08,2.3076823276383065,4.0635897424756706e-16,1.760896503737743e-16,20,0,-0.0002453746017948566
2020-12-09,2.282064680775776,4.0635897424756706e-16,1.7806637019132494e-16,20,0,-0.011101028315603556
2020-12-10,2.275940966123709,0.0007374906325116278,0.0003240376808927923,20,0,-0.0026834097664512058
2020-12-11,2.2483545552082322,-2.7755575615628914e-16,-1.2344839274274658e-16,20,0,-0.012120881572100117
2020-12-14,2.2567469163495297,0.0024396528438805553,0.0010810484889581197,20,0,0.0037326680179765592
2020-12-15,2.231470265842772,0.0024396528438805553,0.0010932939063649848,20,0,-0.011200480799878343
2020-12-16,2.2035578808304455,0.0024396528438805553,0.0011071426192631407,20,0,-0.012508517563322719
2020-12-17,2.218796135522117,0.0024396528438805553,0.0010995389818932002,20,0,0.006915295860496551
2020-12-18,2.226831917245691,0.0035927994415157526,0.0016134129449516738,20,0,0.003621685469396896
2020-12-21,2.244934836259547,0.0035927994415157526,0.0016004025522192808,20,0,0.008129450127626558
2020-12-22,2.21887497094107,-1.1102230246251565e-16,-5.003540258756844e-17,20,0,-0.0116082947698819
2020-12-23,2.23279917789253,-1.1102230246251565e-16,-4.972337125603305e-17,20,0,0.006275345449299863
2020-12-24,2.1629603487751945,-1.1102230246251565e-16,-5.1328866257480646e-17,20,0,-0.031278598545192104
2020-12-25,2.186739482568312,-1.1102230246251565e-16,-5.0770703756681904e-17,20,0,0.010993790897083633
2020-12-28,2.188955509053775,0.0010316068454892294,0.0004712781238460002,20,0,0.0010133930004594394
2020-12-29,2.1664089949575103,0.0010316068454892294,0.0004761828666195426,20,1,-0.010300124421446566
2020-12-30,2.1944824753894325,0.0010316068454892294,0.00047009117505308884,20,1,0.012958532067243844
2020-12-31,2.2260314389037426,2.7755575615628914e-17,1.246863594581474e-17,21,1,0.014376493714633787
2021-01-04,2.239439243429726,2.7755575615628914e-17,1.2393984653551459e-17,21,0,0.0060231874050200584
2021-01-05,2.2343660564988816,2.7755575615628914e-17,1.2422125521867372e-17,21,0,-0.0022653827049465836
2021-01-06,2.2160995814014885,2.7755575615628914e-17,1.2524516429029758e-17,21,0,-0.008175238360904724
2021-01-07,2.1797975503248184,2.7755575615628914e-17,1.2733097902368488e-17,21,0,-0.016381046854271886
2021-01-08,2.1660173357051398,2.7755575615628914e-17,1.2814105943705745e-17,21,0,-0.006321786451051414
2021-01-11,2.1474793110745076,2.7755575615628914e-17,1.2924723173114623e-17,21,0,-0.008558576298096532
2021-01-12,2.142146658274131,1.3877787807814457e-17,6.478448968099789e-18,20,0,-0.0024832149827362926
2021-01-13,2.0963646098055406,1.3877787807814457e-17,6.619930398988068e-18,20,0,-0.02137204205498977
2021-01-14,2.1089285472370074,1.3877787807814457e-17,6.580492177412226e-18,20,0,0.0059932024098767744
2021-01-15,2.1405151251012255,1.3877787807814457e-17,6.483386940402102e-18,20,0,0.014977547677279546
2021-01-18,2.1603714977329416,1.3877787807814457e-17,6.4237969360258546e-18,20,0,0.009276445841875036
2021-01-19,2.1708674924416616,1.3877787807814457e-17,6.392738320571355e-18,20,0,0.004858421211228814
2021-01-20,2.17537867312087,1.3877787807814457e-17,6.379481411346616e-18,20,0,0.002078054369930582
2021-01-21,2.1710351396500767,-2.3331951125158527e-16,-1.0746924680785741e-16,20,0,-0.0019966792561048052
2021-01-22,2.1683595693264617,0.0013235864931328601,0.0006104091368683811,20,0,-0.001232393835894463
2021-01-25,2.1556585529236263,0.0013235864931328601,0.0006140056324494142,20,0,-0.005857430927279528
2021-01-26,2.1416520652350624,0.0013235864931328601,0.0006180212531336581,20,0,-0.006497544645726716
2021-01-27,2.1625483418425175,0.0013235864931328601,0.0006120494360857378,20,0,0.009757082836497899
2021-01-28,2.1309071747855066,0.0013235864931328601,0.0006211375646928825,20,0,-0.014631426472553333
2021-01-29,2.064689632490051,0.0013235864931328601,0.0006410583325962615,20,0,-0.03107481314953142
2021-02-01,2.054958938005989,0.10023711605296838,0.04877816008831426,19,0,-0.004712909064364612
2021-02-02,2.0450018868205952,0.10023711605296838,0.04901565944704775,19,0,-0.00484537720011835
2021-02-03,2.0256795804665924,0.10023711605296838,0.04948320406620276,19,0,-0.00944855184659199
2021-02-04,1.9959919490165599,0.10023711605296838,0.050219198580613494,19,0,-0.014655640376842971
2021-02-05,1.9771612221059662,0.10023711605296838,0.05069749241096342,19,0,-0.009434269972818154
2021-02-08,1.9695142612347827,0.10023711605296838,0.05089433370750255,19,0,-0.003867646596385499
2021-02-09,2.0082818088295658,0.10023711605296838,0.04991187771171764,19,0,0.019683811566044707
2021-02-10,2.0286632395747684,0.10023711605296838,0.04941042657921837,19,0,0.010148690614830036
2021-02-18,2.0575220313453366,5.2692225582795515e-17,2.5609555951311998e-17,20,1,0.014225521125239782
2021-02-19,2.0936495658474272,5.2692225582795515e-17,2.51676433546164e-17,20,1,0.017558759494044507
2021-02-22,2.116125236316281,5.2692225582795515e-17,2.49003341950221e-17,20,1,0.010735163532372916
2021-02-23,2.13407163036713,3.686287386450715e-17,1.7273494169530538e-17,20,0,0.008480780694289036
2021-02-24,2.1401409209765787,3.686287386450715e-17,1.7224507743016316e-17,20,0,0.002843995732422666
2021-02-25,2.119118705414448,3.686287386450715e-17,1.7395379395368826e-17,20,0,-0.009822818374286224
2021-02-26,2.130010015623333,3.686287386450715e-17,1.7306432173615616e-17,20,0,0.005139547011244305
2021-03-01,2.1498631252114904,3.686287386450715e-17,1.7146614327310167e-17,20,0,0.00932066489947836
2021-03-02,2.1374227966450525,3.686287386450715e-17,1.724641185747993e-17,20,0,-0.005786567721707381
2021-03-03,2.177983328750053,3.686287386450715e-17,1.692523233667853e-17,20,0,0.018976372933172225
2021-03-04,2.176291735037385,3.686287386450715e-17,1.6938388025387555e-17,20,0,-0.0007766789076566472
2021-03-05,2.2350147651110177,3.686287386450715e-17,1.6493346907565552e-17,20,0,0.026983069010563465
2021-03-08,2.2298529878251254,3.686287386450715e-17,1.65315265471654e-17,20,0,-0.0023095047811175773
2021-03-09,2.1944504257152353,3.686287386450715e-17,1.679822584850258e-17,20,0,-0.015876635053156507
2021-03-10,2.2182820714670872,3.686287386450715e-17,1.6617757650688422e-17,20,0,0.010859960868828678
2021-03-11,2.228842798383516,2.5370330836160804e-16,1.1382736752255841e-16,20,0,0.00476076827751859
2021-03-12,2.242257739103045,2.5370330836160804e-16,1.1314636312197333e-16,20,0,0.00601879178256004
2021-03-15,2.254456637483172,2.5370330836160804e-16,1.1253412646908883e-16,20,0,0.0054404532393348415
2021-03-16,2.2889534942099026,2.5370330836160804e-16,1.1083812275058081e-16,20,0,0.015301627963553166
2021-03-17,2.283520950137039,2.5370330836160804e-16,1.111018089614561e-16,20,0,-0.0023733745952486673
2021-03-18,2.2761398776233364,2.5370330836160804e-16,1.1146209020621173e-16,20,0,-0.003232320909190567
2021-03-19,2.2803343503754707,2.5370330836160804e-16,1.1125706557892894e-16,20,0,0.0018428009602442508
2021-03-22,2.315614390755557,2.5370330836160804e-16,1.0956198466137003e-16,20,0,0.015471433114304878
2021-03-23,2.297320397830645,5.551115123125783e-17,2.416343461873098e-17,20,0,-0.007900276055437194
2021-03-24,2.280479309925206,5.551115123125783e-17,2.434187891539277e-17,20,0,-0.007330752785437267
2021-03-25,2.275644846652793,5.551115123125783e-17,2.4393591694639096e-17,20,0,-0.0021199329682020096
2021-03-26,2.303194558928526,5.551115123125783e-17,2.4101807212102083e-17,20,0,0.012106332109008688
2021-03-29,2.3022052456361064,5.551115123125783e-17,2.4112164341767854e-17,20,0,-0.00042953960992331286
2021-03-30,2.3043464889789975,5.551115123125783e-17,2.408975885213058e-17,20,0,0.000930083600039433
2021-03-31,2.30148746983031,-3.608224830031759e-16,-1.5677794805886104e-16,20,0,-0.001240707142941111
2021-04-01,2.3036042141797695,-3.608224830031759e-16,-1.5663388735883685e-16,20,0,0.0009197288176483465
2021-04-02,2.3084484395235805,0.0006894021672838286,0.0002986430866205996,20,0,0.002102889599694402
2021-04-06,2.321089269063624,0.0006894021672838286,0.0002970166535481627,20,0,0.005475898583488625
2021-04-07,2.3253149695536486,0.0006894021672838286,0.0002964768972420805,20,0,0.0018205678456000296
2021-04-08,2.3338151779429146,0.0006894021672838286,0.00029539707077039646,20,0,0.003655508393728635
2021-04-09,2.350999307427446,0.0006894021672838286,0.0002932379286994342,20,0,0.0073631064048858
2021-04-12,2.320358481240802,0.0006894021672838286,0.0002971101977808074,20,0,-0.01303310727903717
2021-04-13,2.3036148384272277,-1.3877787807814457e-16,-6.024352498653548e-17,20,0,-0.007215972423632033
2021-04-14,2.3166469120010755,-1.3877787807814457e-16,-5.990463085212708e-17,20,0,0.005657227656488573
2021-04-15,2.29962738903495,-1.3877787807814457e-16,-6.034798452125907e-17,20,0,-0.007346619322071923
2021-04-16,2.3181244218887422,-1.3877787807814457e-16,-5.986644925860893e-17,20,0,0.008043491281235049
2021-04-19,2.335703540548794,-1.3877787807814457e-16,-5.941587862881669e-17,20,0,0.007583336983149724
2021-04-20,2.335592013098531,-1.3877787807814457e-16,-5.941871581160009e-17,20,0,-4.77489751276039e-05
2021-04-21,2.3361401555043795,-1.5265566588595902e-16,-6.534525145089175e-17,20,0,0.00023469099173767383
2021-04-22,2.350512967849784,-1.5265566588595902e-16,-6.494568120830504e-17,20,0,0.006152375880162708
2021-04-23,2.33870308981432,-1.5265566588595902e-16,-6.527364099821624e-17,20,0,-0.005024383271651223
2021-04-26,2.3403479099857676,-1.5265566588595902e-16,-6.522776602342315e-17,20,0,0.000703304399182203
2021-04-27,2.3299270248827773,-1.5265566588595902e-16,-6.551950522726754e-17,20,0,-0.004452707675865919
2021-04-28,2.3358202782480735,-1.5265566588595902e-16,-6.535420011014494e-17,20,0,0.002529372509249672
2021-04-29,2.346859618059577,-1.5265566588595902e-16,-6.504678196822752e-17,20,0,0.0047261083886913635
2021-04-30,2.3424319119657713,-1.5265566588595902e-16,-6.516973454218792e-17,20,0,-0.0018866514467817952
2021-05-06,2.4010151350508893,-6.591949208711867e-17,-2.7454842380958798e-17,20,0,0.0250095735060043
2021-05-07,2.400751022858373,-6.591949208711867e-17,-2.7457862751895804e-17,20,0,-0.0001100002197655936
2021-05-10,2.4450388763885798,-6.591949208711867e-17,-2.69605087770565e-17,20,0,0.01844749959847025
2021-05-11,2.4871798735982678,-4.163336342344337e-16,-1.673918475514652e-16,20,0,0.017235307633198804
2021-05-12,2.491968848217618,-4.163336342344337e-16,-1.6707016001914173e-16,20,0,0.0019254637230647909
2021-05-13,2.499318139680233,-4.163336342344337e-16,-1.665788871070652e-16,20,0,0.0029491907444474386
2021-05-14,2.5006372446402954,-4.163336342344337e-16,-1.6649101549086193e-16,20,0,0.0005277859345393932
2021-05-17,2.4760692252130556,-4.163336342344337e-16,-1.6814297031562592e-16,20,0,-0.009824703475043162
2021-05-18,2.488135928110863,-4.163336342344337e-16,-1.6732752802236907e-16,20,0,0.00487333018598024
2021-05-19,2.551238697890915,-4.163336342344337e-16,-1.6318882062216006e-16,20,0,0.025361464004887813
2021-05-20,2.5237858251985656,-4.163336342344337e-16,-1.6496393238981662e-16,20,0,-0.010760605314996341
2021-05-21,2.553185716834751,-1.942890293094024e-16,-7.609670852705044e-17,20,0,0.011649123052615673
2021-05-24,2.557448945258834,-1.942890293094024e-16,-7.596985647341587e-17,20,0,0.0016697682412887271
2021-05-25,2.5538593655381097,-1.942890293094024e-16,-7.607663598518661e-17,20,0,-0.0014035782522183737
2021-05-26,2.564119497003473,-1.942890293094024e-16,-7.577222104369781e-17,20,0,0.004017500573372912
2021-05-27,2.5714198029946522,-1.942890293094024e-16,-7.555710237711289e-17,20,0,0.002847100534788094
2021-05-28,2.563584817959786,-1.942890293094024e-16,-7.57880246240599e-17,20,0,-0.0030469490146033396
2021-05-31,2.579816002860803,-1.942890293094024e-16,-7.531119626126511e-17,20,0,0.006331440562178825
2021-06-01,2.5726594617090903,-6.505213034913027e-17,-2.528594682559125e-17,20,0,-0.002774050995798305
2021-06-02,2.5623536084898952,-6.505213034913027e-17,-2.5387647564954267e-17,20,0,-0.00400591425821617
2021-06-03,2.566092351445033,-6.505213034913027e-17,-2.5350658292753077e-17,20,0,0.0014591049973546877
2021-06-04,2.5745044211584847,-6.505213034913027e-17,-2.5267826232692144e-17,20,0,0.0032781632776055503
2021-06-07,2.578744920459422,-6.505213034913027e-17,-2.522627570994527e-17,20,0,0.0016471128447428374
2021-06-08,2.5772090587925502,-6.505213034913027e-17,-2.524130905375906e-17,20,0,-0.0005955849509140521
2021-06-09,2.579530073888974,-6.505213034913027e-17,-2.5218597374620173e-17,20,0,0.0009005924794907028
2021-06-10,2.5842382529887065,-6.505213034913027e-17,-2.5172652047038078e-17,20,0,0.0018252080669227677
2021-06-11,2.6089267281954376,1.3877787807814457e-16,5.3193474764289574e-17,20,0,0.009553482608725572
2021-06-15,2.583445442249082,0.0011565639175329665,0.00044768273353823615,20,0,-0.009766961130403429
2021-06-16,2.5506119258757622,0.0011565639175329665,0.0004534456636855314,20,0,-0.01270919673253701
2021-06-17,2.546258532835483,0.0011565639175329665,0.0004542209295004426,20,0,-0.0017068033737763777
2021-06-18,2.555557042998093,0.0011565639175329665,0.0004525682260553749,20,0,0.003651832695973356
2021-06-21,2.577130112171493,0.0011565639175329665,0.0004487797927123068,20,0,0.008441630850114512
2021-06-22,2.6181849077989128,2.0166160408230382e-17,7.70234384445517e-18,20,0,0.015930431852673177
2021-06-23,2.616937760476696,2.0166160408230382e-17,7.706014530722717e-18,20,0,-0.00047634042901323337
2021-06-24,2.630755585978783,2.0166160408230382e-17,7.665539328590833e-18,20,0,0.0052801506060924375
2021-06-25,2.633893858729162,2.0166160408230382e-17,7.656405872771363e-18,20,0,0.0011929168817905733
2021-06-28,2.6651560105248113,2.0166160408230382e-17,7.566596600196529e-18,20,0,0.011869176767333123
2021-06-29,2.652079554677662,2.0166160408230382e-17,7.603904782065035e-18,20,0,-0.004906450427483278
2021-06-30,2.6641493817711086,2.0166160408230382e-17,7.569455581662638e-18,20,0,0.00455108032945617
2021-07-01,2.6510822572958315,-6.106226635438361e-16,-2.303295802547772e-16,20,0,-0.004904801721962837
2021-07-02,2.6550132286863426,-6.106226635438361e-16,-2.2998855785210617e-16,20,0,0.001482779864597994
2021-07-05,2.6676976176441016,-6.106226635438361e-16,-2.288950065049312e-16,20,0,0.004777523825760799
2021-07-06,2.6741323846000937,-6.106226635438361e-16,-2.2834421626255887e-16,20,0,0.002412105072716164
2021-07-07,2.687738891425456,-6.106226635438361e-16,-2.2718823822205037e-16,20,0,0.005088194923976053
2021-07-08,2.7023266825480654,-6.106226635438361e-16,-2.259618230050819e-16,20,0,0.005427532848949035
2021-07-09,2.7175187644661425,-6.106226635438361e-16,-2.2469860062357038e-16,20,0,0.005621852463726595
2021-07-12,2.7454796799246437,-6.106226635438361e-16,-2.224101922912779e-16,20,0,0.010289134273556488
2021-07-13,2.762279439988458,-7.546047120499111e-17,-2.7318188780099095e-17,20,0,0.00611906188439737
2021-07-14,2.7805781713484365,-7.546047120499111e-17,-2.7138410271125982e-17,20,0,0.006624504058161174
2021-07-15,2.736201987041942,-7.546047120499111e-17,-2.75785455760779e-17,20,0,-0.015959337077358415
2021-07-16,2.7388664299993177,-7.546047120499111e-17,-2.755171642488966e-17,20,0,0.0009737742206146205
2021-07-19,2.7591214880339274,-7.546047120499111e-17,-2.7349455807675262e-17,20,0,0.0073954165171226105
2021-07-20,2.7731435048878446,0.0009988617528792654,0.00036019115170877634,20,0,0.005082058515628818
2021-07-21,2.802168397494744,-5.551115123125783e-17,-1.9810069687777197e-17,20,0,0.010466422872001058
2021-07-22,2.822442033160748,-5.551115123125783e-17,-1.966777371476889e-17,20,0,0.0072349811967509225
2021-07-23,2.824329030818268,0.0007989047139480643,0.00028286531251516564,20,0,0.0006685691452117393
2021-07-26,2.806379065594813,0.0007989047139480643,0.0002846745558154797,20,0,-0.006355479488257321
2021-07-27,2.7641364277567018,0.0007989047139480643,0.00028902506617462214,20,0,-0.01505236350854755
2021-07-28,2.7346648493672694,0.0007989047139480643,0.0002921398993858096,20,0,-0.010662128718932573
2021-07-29,2.7754156948328528,0.0031389881816636764,0.001130997488955513,20,0,0.01490158674289166
2021-07-30,2.8147118966145817,0.0031389881816636764,0.0011152076293986326,20,0,0.01415867246657454
2021-08-02,2.852254393313656,2.7755575615628914e-16,9.731101012831955e-17,20,0,0.013337953608761444
2021-08-03,2.8523853784754225,2.7755575615628914e-16,9.730654148305883e-17,20,0,4.5923379791590335e-05
2021-08-04,2.8714038079384827,2.7755575615628914e-16,9.666204223486059e-17,20,0,0.006667552570762902
2021-08-05,2.8591025907314225,2.7755575615628914e-16,9.707792824785771e-17,20,0,-0.004284042938527688
2021-08-06,2.906107361707376,2.7755575615628914e-16,9.550774338674862e-17,20,0,0.01644039326477209
2021-08-09,2.9087509442779407,2.7755575615628914e-16,9.542094234719319e-17,20,0,0.0009096644554149602
2021-08-10,2.9096982836490453,2.7755575615628914e-16,9.538987520321425e-17,20,0,0.00032568596942561534
2021-08-11,2.9366822185158146,-5.164054947548458e-16,-1.7584656981232197e-16,20,0,0.009273791381877894
2021-08-12,2.9632214979175373,0.15544149921865466,0.05245692882826824,19,0,0.009037164196518122
2021-08-13,2.9695503144609754,0.15544149921865466,0.052345130662273344,19,0,0.0021357892239530774
2021-08-16,3.005197422608224,0.15544149921865466,0.0517242221922799,19,0,0.012004210864404508
2021-08-17,2.948106482308227,0.15544149921865466,0.05272587681329318,19,0,-0.018997400926308416
2021-08-18,2.978174546973393,0.15544149921865466,0.05219354902372127,19,0,0.010199110800646505
2021-08-19,2.9429075219137686,0.15544149921865466,0.05281902270499186,19,0,-0.011841826092921504
2021-08-20,2.925264633856863,0.15544149921865466,0.053137585372476294,19,0,-0.0059950535059397625
2021-08-23,2.9649076174032674,-5.400411021150298e-16,-1.8214432684010905e-16,20,0,0.013551930682639268
2021-08-24,2.9874074003058695,-5.400411021150298e-16,-1.8077249927804857e-16,20,0,0.0075886961099678185
2021-08-25,3.0085850229111184,-5.400411021150298e-16,-1.7950003008141146e-16,20,0,0.007088963695772055
2021-08-26,3.0346653140776,-5.400411021150298e-16,-1.7795738449634526e-16,20,0,0.00866862361138998
2021-08-27,3.0346320256308337,-5.400411021150298e-16,-1.7795933660285123e-16,20,0,-1.0969396398219367e-05
2021-08-30,3.0354565713858244,-5.400411021150298e-16,-1.779109960609571e-16,20,0,0.00027171194003972055
2021-08-31,3.0285108798705753,-1.6653345369377348e-16,-5.498856048385415e-17,20,0,-0.0022881867527684285
2021-09-01,3.0228430689648347,-1.6653345369377348e-16,-5.509166367369592e-17,20,0,-0.0018714844128223662
2021-09-02,3.058126686251888,-1.6653345369377348e-16,-5.445603494532818e-17,20,0,0.011672328494094053
2021-09-03,3.0690172753489127,-1.6653345369377348e-16,-5.4262794488454125e-17,20,0,0.003561196187844118
2021-09-06,3.0874236241921276,-1.6653345369377348e-16,-5.393929501247162e-17,20,0,0.005997473194777836
2021-09-07,3.0989962818122465,-1.6653345369377348e-16,-5.37378681836905e-17,20,0,0.0037483219113305655
2021-09-08,3.1280610561054956,-1.6653345369377348e-16,-5.323855599580632e-17,20,0,0.00937877030180001
2021-09-09,3.1046999324219278,-1.6653345369377348e-16,-5.3639146235901565e-17,20,0,-0.007468244150148684
2021-09-10,3.0890944849025894,-1.6653345369377348e-16,-5.3910119780303483e-17,20,0,-0.005026394775344611
2021-09-13,3.1234512491396345,-5.37330596683816e-16,-1.7203104957435323e-16,20,0,0.011121953182383404
2021-09-14,3.1062919736872265,-5.37330596683816e-16,-1.7298135565987848e-16,20,0,-0.0054936908194531675
2021-09-15,3.1311214466018313,-5.37330596683816e-16,-1.7160963119682709e-16,20,0,0.007993283672278695
2021-09-16,3.0915824019372744,-5.37330596683816e-16,-1.7380439102872018e-16,20,0,-0.01262775824536233
2021-09-17,3.07964094075857,0.14053357464276983,0.045633103776102524,19,0,-0.0038625725037189085
2021-09-22,3.0718045337044972,0.14053357464276983,0.04574951729538952,19,1,-0.0025445846463330035
2021-09-23,3.13282065648264,-4.163336342344337e-17,-1.3289418063971475e-17,21,1,0.019863283001460896
2021-09-24,3.117314110979684,-4.163336342344337e-17,-1.3355523999587959e-17,21,1,-0.004949707373407608
2021-09-27,3.0691078097298914,-4.163336342344337e-17,-1.3565298453007904e-17,21,1,-0.01546404999098494
2021-09-28,3.073554003970918,-4.163336342344337e-17,-1.3545674931904436e-17,21,1,0.001448692752640035
2021-09-29,2.990053789569222,-4.163336342344337e-17,-1.392395132444808e-17,21,0,-0.02716731649869064
2021-09-30,3.0051564002099167,-4.163336342344337e-17,-1.3853975593594793e-17,21,0,0.005050949482373834
2021-10-08,3.059196089100431,-1.1102230246251565e-16,-3.6291332503357836e-17,20,0,0.017982321614522068
2021-10-11,3.060059814112335,-1.1102230246251565e-16,-3.628108900045181e-17,20,0,0.00028233725029314094
2021-10-12,3.0234736364887365,5.551115123125783e-17,1.8360057968200056e-17,20,0,-0.01195603349152563
2021-10-13,3.011649963901633,5.551115123125783e-17,1.8432139158477232e-17,20,0,-0.003910625329888728
2021-10-14,3.0193978694653345,5.551115123125783e-17,1.8384841491952024e-17,20,0,0.002572644781621225
2021-10-15,3.01788702678145,5.551115123125783e-17,1.8394045482365185e-17,20,0,-0.0005003788004103171
2021-10-18,3.0211264561175732,5.551115123125783e-17,1.837432230579146e-17,20,0,0.0010734097424376365
2021-10-19,3.047342270972995,5.551115123125783e-17,1.8216250849148463e-17,20,0,0.008677496700721266
2021-10-20,3.0475241922398526,5.551115123125783e-17,1.8215163434177218e-17,20,0,5.96983373315485e-05
2021-10-21,3.0461464484865424,5.551115123125783e-17,1.822340198345952e-17,20,0,-0.0004520862399775005
2021-10-22,3.033175275071162,5.551115123125783e-17,1.830133315654021e-17,20,0,-0.004258223836160369
2021-10-25,3.048879590255016,0.001018642775129928,0.00033410396999139155,20,0,0.005177516549381034
2021-10-26,3.049708290729931,0.001018642775129928,0.0003340131835645571,20,0,0.0002718049205892026
2021-10-27,3.020344945049455,0.001018642775129928,0.00033726041020564585,20,0,-0.009628247321139094
2021-10-28,3.049622950469894,0.001018642775129928,0.00033402253054692313,20,0,0.009693596576916708
2021-10-29,3.025835184122476,0.001018642775129928,0.0003366484666696561,20,0,-0.007800231941379132
2021-11-01,3.07331703732621,0.001018642775129928,0.0003314473458996436,20,0,0.015692147891228858
2021-11-02,3.055103627973752,0.001018642775129928,0.0003334233136325809,20,0,-0.005926303447139181
2021-11-03,3.0790322518322113,0.001018642775129928,0.0003308321225033527,20,0,0.007832344421760062
2021-11-04,3.097427475161982,0.001018642775129928,0.00032886735308521064,20,0,0.005974352272154482
2021-11-05,3.0869934979638187,0.001018642775129928,0.0003299789182587605,20,0,-0.003368594513296075
2021-11-08,3.1474807903684217,0.001018642775129928,0.0003236374875573722,20,0,0.01959424030031176
2021-11-09,3.147972158457238,0.001018642775129928,0.000323586970867349,20,0,0.00015611472207233135
2021-11-10,3.1581961017246654,0.002739785368385476,0.0008675159110256964,20,0,0.0032477870682432464
2021-11-11,3.1662103234806254,-2.7755575615628914e-16,-8.766181895685666e-17,20,0,0.0025375947211079275
2021-11-12,3.193113052295409,-2.7755575615628914e-16,-8.692324750505301e-17,20,0,0.008496823036446166
2021-11-15,3.2750905931807117,-2.7755575615628914e-16,-8.47475049191637e-17,20,0,0.025673234721950156
2021-11-16,3.2521632508742138,-2.7755575615628914e-16,-8.534496418089694e-17,20,0,-0.007000521559384243
2021-11-17,3.274123495381967,-2.7755575615628914e-16,-8.477253730586873e-17,20,0,0.006752503737888826
2021-11-18,3.2443109936596803,-2.7755575615628914e-16,-8.555152594763977e-17,20,0,-0.009105490909043557
2021-11-19,3.278465068171524,-2.7755575615628914e-16,-8.466027558167285e-17,20,0,0.010527373787097005
2021-11-22,3.3059722882074842,-2.7755575615628914e-16,-8.395586289284395e-17,20,0,0.008390273943440718
2021-11-23,3.314519189875849,1.6653345369377348e-16,5.024362332927427e-17,20,0,0.002585291382765531
2021-11-24,3.3427280024984816,1.6653345369377348e-16,4.981962444126476e-17,20,0,0.00851068013387768
2021-11-25,3.3778683592564938,1.6653345369377348e-16,4.930134510346322e-17,20,0,0.010512478649697732
2021-11-26,3.3688885756717544,1.6653345369377348e-16,4.943275800107661e-17,20,0,-0.0026584172708009612
2021-11-29,3.3527834511916947,0.001799385954144831,0.0005366842148738438,20,0,-0.004780545309916673
2021-11-30,3.4123456098785736,0.001799385954144831,0.0005273164444233599,20,0,0.017764988271374405
2021-12-01,3.458783044730412,5.551115123125783e-17,1.6049330216253713e-17,20,0,0.013608655206965192
2021-12-02,3.475273311336351,5.551115123125783e-17,1.59731757068373e-17,20,0,0.004767649890923931
2021-12-03,3.4522787370606185,5.551115123125783e-17,1.6079568151707766e-17,20,0,-0.006616623274124711
2021-12-06,3.390364681707493,5.551115123125783e-17,1.6373209504796012e-17,20,0,-0.01793425736122367
2021-12-07,3.315094817951653,5.551115123125783e-17,1.6744966367374474e-17,20,0,-0.02220111133234548
2021-12-08,3.3485927459566085,5.551115123125783e-17,1.6577456693796812e-17,20,0,0.010104666636851611
2021-12-09,3.3737236284506613,5.551115123125783e-17,1.645397114426667e-17,20,0,0.0075049085991116815
2021-12-10,3.384123781695908,5.551115123125783e-17,1.6403404488780005e-17,20,0,0.0030826927130434
2021-12-13,3.377149959168082,-2.220446049250313e-16,-6.574911022894855e-17,20,0,-0.002060746880934494
2021-12-14,3.364086166660985,-2.220446049250313e-16,-6.600443446590464e-17,20,0,-0.003868289138784675
2021-12-15,3.363154342359528,-2.220446049250313e-16,-6.602272221894189e-17,20,0,-0.0002769918055879339
2021-12-16,3.3782720950977962,-2.220446049250313e-16,-6.572727082795958e-17,20,0,0.004495111196015422
2021-12-17,3.377300885334667,-2.220446049250313e-16,-6.574617200653363e-17,20,0,-0.0002874871341886909
2021-12-20,3.367818266256145,-2.220446049250313e-16,-6.59312906369703e-17,20,0,-0.0028077507454838946
2021-12-21,3.3974346360878243,1.1102230246251565e-16,3.267827474389877e-17,20,0,0.00879393348756996
2021-12-22,3.4026049792611306,1.1102230246251565e-16,3.262861928998409e-17,20,0,0.0015218374235625998
2021-12-23,3.413278454583527,1.1102230246251565e-16,3.252658812920146e-17,20,0,0.0031368540831071545
2021-12-24,3.4180050349451583,1.1102230246251565e-16,3.2481608811994335e-17,20,0,0.0013847626042007288
2021-12-27,3.4228577335437316,0.003673322272234045,0.0010731741013468895,20,0,0.0014197458894764647
2021-12-28,3.3985708702355475,0.003673322272234045,0.0010808432168958875,20,0,-0.007095493064223746
2021-12-29,3.3849061710129824,0.003673322272234045,0.001085206527640543,20,0,-0.00402071922119962
2021-12-30,3.3921203479566313,0.003673322272234045,0.0010828985694587181,20,0,0.0021312782627265214
2021-12-31,3.411463752098939,-2.6020852139652106e-18,-7.627474313230649e-19,20,0,0.005702452200423869
2022-01-04,3.4760176009848456,-2.6020852139652106e-18,-7.485822894648096e-19,20,1,0.018922624883875416
2022-01-05,3.458328527993956,-2.6020852139652106e-18,-7.524112278235696e-19,20,0,-0.005088890512486954
2022-01-06,3.4817953114861546,-2.6020852139652106e-18,-7.473400878509851e-19,20,0,0.006785585378093373
2022-01-07,3.4680706347414527,-2.6020852139652106e-18,-7.5029764039370495e-19,20,0,-0.003941839056255114
2022-01-10,3.4974300826183096,-2.6020852139652106e-18,-7.439992087038922e-19,20,0,0.008465642995488132
2022-01-11,3.49087897845581,-6.106226635438361e-16,-1.7491945934314372e-16,20,0,-0.001873119407034718
2022-01-12,3.520637730579968,-6.106226635438361e-16,-1.7344092470520844e-16,20,0,0.008524716069453042
2022-01-13,3.5071804748031794,-6.106226635438361e-16,-1.7410642763632055e-16,20,0,-0.0038223915116002427
2022-01-14,3.4595751514448905,-6.106226635438361e-16,-1.7650221105583146e-16,20,0,-0.013573673696093635
2022-01-17,3.522306938090809,-6.106226635438361e-16,-1.733587317279087e-16,20,0,0.0181328006763255
2022-01-18,3.5469693080471996,-6.106226635438361e-16,-1.7215335417717985e-16,20,0,0.007001766282684674
2022-01-19,3.584290874469285,-6.106226635438361e-16,-1.7036080076348411e-16,20,0,0.010522100187732697
2022-01-20,3.568572009425122,-6.106226635438361e-16,-1.7111120692845545e-16,20,0,-0.004385488118759495
2022-01-21,3.5819713951696723,-3.7990444123892075e-16,-1.0606015496137854e-16,20,0,0.003754831262802183
2022-01-24,3.6021935473189077,0.0012988810509225659,0.0003605805834307031,20,0,0.005645537029275394
2022-01-25,3.5088057566604345,0.0012988810509225659,0.00037017753076157685,20,0,-0.02592525621727937
2022-01-26,3.554742076415968,0.17955303548331625,0.05051084765743363,19,0,0.013091724917612346
2022-01-27,3.4710896386580545,0.17955303548331625,0.05172814711657305,19,0,-0.02353263217404933
2022-01-28,3.4846165626113654,0.17955303548331625,0.051527343757087445,19,0,0.0038970252460954757
2022-02-07,3.5395197566546845,0.17955303548331625,0.05072807833484667,19,0,0.015755878173917326
2022-02-08,3.5619152882383798,0.17955303548331625,0.050409125696001034,19,0,0.006327279722507351
2022-02-09,3.5824536623287107,0.17955303548331625,0.0501201278250731,19,0,0.005766104027838503
2022-02-10,3.59320338775278,0.17955303548331625,0.04997018429163016,19,0,0.003000660004931266
2022-02-11,3.5511745068552636,-8.32662373559596e-17,-2.3447520586561058e-17,20,0,-0.01169677203377062
2022-02-14,3.4909700649082454,0.0013465585897282466,0.00038572619205877917,20,0,-0.016953388753720322
2022-02-15,3.415747955307288,0.0013465585897282466,0.00039422071164120986,20,0,-0.021547623784317516
2022-02-16,3.4486834290180433,0.0013465585897282466,0.0003904558413213524,20,0,0.009642243555933572
2022-02-17,3.430066629781083,0.0013465585897282466,0.0003925750532181901,20,0,-0.005398233737638591
2022-02-18,3.4674330506051527,0.0013465585897282466,0.00038834451021144844,20,0,0.010893788621958889
2022-02-21,3.5036592128029094,0.17342308905836334,0.04949770469246801,19,0,0.010447544817465015
2022-02-22,3.4763800176390944,-5.551115123125783e-17,-1.5968090643023825e-17,20,0,-0.007785915669004773
2022-02-23,3.5406784447585586,-5.551115123125783e-17,-1.5678111440318373e-17,20,0,0.01849579930652423
2022-02-24,3.502185813576852,-5.551115123125783e-17,-1.585043004173533e-17,20,0,-0.010871541085209047
2022-02-25,3.5523348087527298,-5.551115123125783e-17,-1.5626666465807738e-17,20,0,0.01431934164699844
2022-02-28,3.599100352895036,-5.551115123125783e-17,-1.5423618623639072e-17,20,0,0.013164734367683728
2022-03-01,3.6116623345188668,1.734723475976807e-17,4.803116446952954e-18,20,0,0.0034903115757043413
2022-03-02,3.613509816099439,1.734723475976807e-17,4.800660754394557e-18,20,0,0.000511532200260012
2022-03-03,3.577168978975857,1.734723475976807e-17,4.849431173568597e-18,20,0,-0.010056936046408671
2022-03-04,3.519691834143955,1.734723475976807e-17,4.928623179871994e-18,20,0,-0.016067774592062434
2022-03-07,3.4536650706774226,0.0023098677791678693,0.0006688163825668243,20,0,-0.018759245575427297
2022-03-08,3.3424832641630986,0.0023098677791678693,0.0006910633791149949,20,0,-0.0321924113192934
2022-03-09,3.324454171832398,0.0023098677791678693,0.0006948111358366835,20,0,-0.0053939214966316484
2022-03-10,3.3894496632739215,0.0023098677791678693,0.0006814875595280953,20,0,0.01955072564760285
2022-03-11,3.376605620901371,-3.608224830031759e-16,-1.0685952803302383e-16,20,0,-0.003789418238518527
2022-03-14,3.359004383703225,-3.608224830031759e-16,-1.0741947368504991e-16,20,0,-0.005212701503898853
2022-03-15,3.298827976136641,0.0021996945634230247,0.0006668109338635944,20,0,-0.01791495356735462
2022-03-16,3.373787236099058,0.0021996945634230247,0.0006519956385769073,20,0,0.022722997532658384
2022-03-17,3.3992633535227283,0.0021996945634230247,0.0006471091923911794,20,0,0.007551192662974993
2022-03-18,3.4553073272021813,0.0021996945634230247,0.0006366132893898481,20,0,0.01648709377617763
2022-03-21,3.4695337153969272,0.0021996945634230247,0.0006340029363776831,20,0,0.0041172569753051835
2022-03-22,3.4799126061843544,3.2612801348363973e-16,9.371729994140047e-17,20,0,0.0029914367862655666
2022-03-23,3.4679133232199377,3.2612801348363973e-16,9.404156998388637e-17,20,0,-0.0034481564114834384
2022-03-24,3.4097049432547313,3.2612801348363973e-16,9.564698966953266e-17,20,0,-0.01678484279738579
2022-03-25,3.401934620890531,3.2612801348363973e-16,9.586545593232729e-17,20,0,-0.00227888409510979
2022-03-28,3.410119903033994,3.2612801348363973e-16,9.56353508841383e-17,20,0,0.0024060668577223776
2022-03-29,3.3809756012249523,3.2612801348363973e-16,9.645973587194216e-17,20,0,-0.008546415562429965
2022-03-30,3.4098110159865613,3.2612801348363973e-16,9.564401427370045e-17,20,0,0.008528726072782655
2022-03-31,3.4031292025025373,-3.608224830031759e-16,-1.0602667766414515e-16,20,0,-0.001959584696247685
2022-04-01,3.4102950932939544,-3.608224830031759e-16,-1.0580388885193588e-16,20,0,0.0021056769711087497
2022-04-06,3.4626401536862566,0.16439932278824468,0.04747802702317435,19,0,0.0153491293158865
2022-04-07,3.4015013049441447,0.16439932278824468,0.048331400769797514,19,0,-0.017656714538189733
2022-04-08,3.3921916767852753,0.16439932278824468,0.048464042852685504,19,0,-0.002736917415065432
2022-04-11,3.3412472399029807,0.16439932278824468,0.04920298049928754,19,0,-0.015018148069561255
2022-04-12,3.3552653891138977,-2.220446049250313e-16,-6.61779558914926e-17,20,0,0.0041954839628461915
2022-04-13,3.3103149365466447,-2.220446049250313e-16,-6.7076580078109e-17,20,0,-0.013396988719012848
2022-04-14,3.3204982359339947,-2.220446049250313e-16,-6.687086971530171e-17,20,0,0.0030762328003670625
2022-04-15,3.3406129008830137,-2.220446049250313e-16,-6.646822350064533e-17,20,0,0.006057724931560093
2022-04-18,3.4195698393775045,-2.220446049250313e-16,-6.493349027942419e-17,20,0,0.023635464759661495
2022-04-19,3.459303571278351,-2.220446049250313e-16,-6.418766099876483e-17,20,0,0.011619511741886246
2022-04-20,3.41179224485124,-2.220446049250313e-16,-6.508151405177746e-17,20,0,-0.013734361685278085
2022-04-21,3.3531017172591775,-2.40692882291782e-16,-7.178215950112129e-17,20,0,-0.017202257165755852
2022-04-22,3.3383334841484524,-2.40692882291782e-16,-7.209971185763016e-17,20,0,-0.004404349869468471
2022-04-25,3.172515561688068,-2.40692882291782e-16,-7.586814866991902e-17,20,0,-0.04967086818849731
2022-04-26,3.1628831504621853,-2.40692882291782e-16,-7.609920153281984e-17,20,0,-0.003036206139445108
2022-04-27,3.254702532742477,-2.40692882291782e-16,-7.395234429887189e-17,20,0,0.02903027962537097
2022-04-28,3.2551918920060388,-2.40692882291782e-16,-7.394122690059081e-17,20,0,0.00015035452814471384
2022-04-29,3.35204349899236,-2.40692882291782e-16,-7.180482066063146e-17,20,0,0.029752963941746424
2022-05-05,3.4040325225289645,-2.40692882291782e-16,-7.07081617754238e-17,20,0,0.015509650621250204
2022-05-06,3.37178598937582,-2.40692882291782e-16,-7.138438888179219e-17,20,0,-0.009473039091056457
2022-05-09,3.4817418669921514,-2.40692882291782e-16,-6.913001925088565e-17,20,0,0.03261057432553316
2022-05-10,3.5111018110336123,-2.40692882291782e-16,-6.855195185038677e-17,20,0,0.008432544732796199
2022-05-11,3.5549155006524,-8.326672684688674e-16,-2.342298342438958e-16,20,0,0.012478615539174509
2022-05-12,3.5488883867049967,-8.326672684688674e-16,-2.3462762920024267e-16,20,0,-0.0016954310014674068
2022-05-13,3.556686796020689,-8.326672684688674e-16,-2.3411318348314407e-16,20,0,0.002197423098710738
2022-05-16,3.5642965865174396,-8.326672684688674e-16,-2.3361335070110984e-16,20,0,0.0021395728477595632
2022-05-17,3.5670056007805147,-8.326672684688674e-16,-2.3343592964548955e-16,20,0,0.0007600417634499035
2022-05-18,3.5800873880026347,-8.326672684688674e-16,-2.325829451144824e-16,20,0,0.0036674422992937217
2022-05-19,3.6008577829687898,-8.326672684688674e-16,-2.312413648789985e-16,20,0,0.00580164468492006
2022-05-20,3.632642595636116,-8.326672684688674e-16,-2.2921805450091577e-16,20,0,0.008827011390913908
2022-05-23,3.683917900568496,-1.1188966420050406e-16,-3.037246410492412e-17,20,0,0.014115152697371514
2022-05-24,3.5654257242809964,-1.1188966420050406e-16,-3.1381852506005497e-17,20,0,-0.03216471688177791
2022-05-25,3.5920459351931817,0.16309763463470223,0.04540521963729586,19,0,0.007466208237321581
2022-05-26,3.6041078315166195,0.16309763463470223,0.04525326162787706,19,0,0.003357946012121138
2022-05-27,3.599780551303783,0.16309763463470223,0.04530766037269435,19,0,-0.0012006522599007363
2022-05-30,3.6208377692079887,0.16309763463470223,0.045044170722505945,19,0,0.005849583774371725
2022-05-31,3.6271188465681217,-2.220446049250313e-16,-6.121790167838688e-17,20,0,0.0017347027844074603
2022-06-01,3.6268136757743092,0.18354363405116852,0.050607406516956714,19,0,-8.413586836319986e-05
2022-06-02,3.6615337218049255,0.18354363405116852,0.050127527969534055,19,0,0.009573154050491306
2022-06-06,3.7983316543612586,0.18354363405116852,0.04832217161458848,19,0,0.037360828262124945
2022-06-07,3.74388166231559,0.18354363405116852,0.04902495607664235,19,0,-0.014335238994506727
2022-06-08,3.7848033068652085,0.37580882311057395,0.09929414890039304,18,0,0.010930271905097655
2022-06-09,3.734199282640324,0.37580882311057395,0.1006397341613896,18,0,-0.013370318117481683
2022-06-10,3.7760058178382274,0.37580882311057395,0.09952548837059934,18,0,0.01119558224764683
2022-06-13,3.7721455699253643,5.551115123125783e-17,1.4716068137411827e-17,20,0,-0.001022309842486746
2022-06-14,3.7594118638425993,5.551115123125783e-17,1.476591372314241e-17,20,0,-0.00337571969233863
2022-06-15,3.7844830184604263,5.551115123125783e-17,1.466809362348267e-17,20,0,0.006668903415174343
2022-06-16,3.8068907701121164,5.551115123125783e-17,1.45817557117939e-17,20,0,0.005920954471822615
2022-06-17,3.8262321136272797,0.190079185826595,0.04967790248522047,19,0,0.005080614255342564
2022-06-20,3.796400355032174,0.190079185826595,0.05006826679242161,19,0,-0.007796641110417335
2022-06-21,3.796634014952886,-6.765421556309548e-17,-1.7819525215399257e-17,20,0,6.154775546840519e-05
2022-06-22,3.7886545433133128,-6.765421556309548e-17,-1.7857055793724984e-17,20,0,-0.0021017226332974426
2022-06-23,3.8068029098234364,-6.765421556309548e-17,-1.7771924936937004e-17,20,0,0.004790187730933093
2022-06-24,3.821264003719955,-6.765421556309548e-17,-1.7704669318119582e-17,20,0,0.003798750352743907
2022-06-27,3.850391499418576,-6.765421556309548e-17,-1.7570736786976473e-17,20,0,0.007622476664858935
2022-06-28,3.8876318026306538,-6.765421556309548e-17,-1.740242363418154e-17,20,0,0.009671822519268902
2022-06-29,3.8313373508060233,-6.765421556309548e-17,-1.7658120225007757e-17,20,0,-0.01448039698269199
2022-06-30,3.8708238564699102,-6.765421556309548e-17,-1.7477988684505613e-17,20,0,0.010306193907873906
2022-07-01,3.9091846715187724,-5.273559366969494e-16,-1.3490177134355342e-16,20,0,0.009910245588867106
2022-07-04,3.9192511482808876,-5.273559366969494e-16,-1.3455528026782999e-16,20,0,0.002575083452940108
2022-07-05,3.940568327402087,0.0026065044031725187,0.0006614539291318211,20,0,0.005439094948163747
2022-07-06,3.8971099687630386,0.0026065044031725187,0.0006688300879535703,20,0,-0.01102844945914172
2022-07-07,3.94306920397658,0.0026065044031725187,0.0006610344045049634,20,0,0.01179315841275308
2022-07-08,3.958513651658822,0.0026065044031725187,0.0006584553275647435,20,0,0.003916859401469797
2022-07-11,3.95557448353078,0.22279064408924587,0.056323207922602696,19,0,-0.0007424928613826154
2022-07-12,3.8913166080331005,-7.771561172376096e-16,-1.997154679301281e-16,20,0,-0.016244890790255595
2022-07-13,3.928238634732327,0.0009382933483403169,0.0002388585408341041,20,0,0.009488312162265533
2022-07-14,3.961591266346764,0.0009382933483403169,0.0002368475910957813,20,0,0.0084904800129868
2022-07-15,3.9610342762420414,0.0009382933483403169,0.00023688089597409529,20,0,-0.0001405975698336448
2022-07-18,4.0337340095041245,0.0009382933483403169,0.0002326116065485595,20,0,0.01835372485871445
2022-07-19,4.075321458846359,0.0009382933483403169,0.00023023787394821333,20,0,0.010309913654258818
2022-07-20,4.084123450080472,0.0009382933483403169,0.00022974167157504237,20,0,0.0021598274695624475
2022-07-21,4.074725990067205,-1.94288466870232e-16,-4.768135755480029e-17,20,0,-0.002300973545028895
2022-07-22,4.048637781747984,-1.94288466870232e-16,-4.798860193078293e-17,20,0,-0.006402444822747655
2022-07-25,4.05035233600098,-1.94288466870232e-16,-4.7968287880371947e-17,20,0,0.00042348916979584317
2022-07-26,4.071015534705609,-1.94288466870232e-16,-4.7724815887808145e-17,20,0,0.005101580551639007
2022-07-27,4.116036918123788,-1.94288466870232e-16,-4.72027998618619e-17,20,0,0.011059005556321111
2022-07-28,4.1435172442382004,-1.94288466870232e-16,-4.688974497219755e-17,20,0,0.006676404187098139
2022-07-29,4.1413818112009535,-1.94288466870232e-16,-4.691392287104544e-17,20,0,-0.0005153672378741536
2022-08-01,4.1669708953489675,0.0023273797341810437,0.0005585303551744954,20,0,0.006178875871527767
2022-08-02,4.093867105916045,0.0023273797341810437,0.0005685039777714691,20,0,-0.017543628517904475
2022-08-03,4.068588273946433,0.0023273797341810437,0.000572036189821572,20,0,-0.006174805218538193
2022-08-04,4.099660134057795,0.0023273797341810437,0.0005677006527556787,20,0,0.007637012648916475
2022-08-05,4.098256490034068,0.0023273797341810437,0.00056789508900691,20,0,-0.00034238058225044554
2022-08-08,4.117511401946494,0.003144431640367939,0.000763672843475662,20,0,0.004698317921108641
2022-08-09,4.147502200965012,0.003144431640367939,0.0007581506863664387,20,0,0.0072837197255459785
2022-08-10,4.17788008057751,0.003144431640367939,0.0007526380795336956,20,0,0.0073243793831936355
2022-08-11,4.218128785942629,1.3877864385568821e-16,3.290052316993807e-17,20,0,0.00963376271909544
2022-08-12,4.249876428615934,1.3877864385568821e-16,3.2654748011316774e-17,20,0,0.007526475431264057
2022-08-15,4.277868680650394,1.3877864385568821e-16,3.244107152784053e-17,20,0,0.0065866037529884736
2022-08-16,4.305151580712221,1.3877864385568821e-16,3.2235483757979415e-17,20,0,0.006377685267720645
2022-08-17,4.344693146344681,1.3877864385568821e-16,3.194210481180859e-17,20,0,0.009184709270078306
2022-08-18,4.321966773111353,1.3877864385568821e-16,3.211006727749146e-17,20,0,-0.005230835059651495
2022-08-19,4.275817714587008,1.3877864385568821e-16,3.2456632419628895e-17,20,0,-0.010677791141629478
2022-08-22,4.294203662103553,0.0008549610138159585,0.00019909652198404313,20,0,0.004299983943146346
2022-08-23,4.3149496513034515,-5.533767888366015e-16,-1.2824640692376062e-16,20,0,0.004831160986373817
2022-08-24,4.22355346015455,-5.533767888366015e-16,-1.3102161344877402e-16,20,0,-0.02118128797199126
2022-08-25,4.15817267415067,-5.533767888366015e-16,-1.3308172416135455e-16,20,0,-0.015480042248947279
2022-08-26,4.159175355133465,-5.533767888366015e-16,-1.330496412356348e-16,20,0,0.00024113500361067075
2022-08-29,4.168769998753398,-5.533767888366015e-16,-1.3274342048183988e-16,20,0,0.002306862010059474
2022-08-30,4.169164997885406,-5.533767888366015e-16,-1.3273084397409873e-16,20,0,9.47519609202363e-05
2022-08-31,4.042840097559229,-1.1102230246251565e-15,-2.746146268054054e-16,20,0,-0.03029980832858581
2022-09-01,3.998785279263611,-1.1102230246251565e-15,-2.776400699438424e-16,20,0,-0.010896997465275726
2022-09-02,4.058281926635626,0.17965381355781826,0.044268440883493236,19,0,0.014878680203346928
2022-09-05,4.107820134474368,0.17965381355781826,0.0437345861494996,19,0,0.012206694540763285
2022-09-06,4.147918192033053,0.17965381355781826,0.043311802509239716,19,0,0.009761395641977533
2022-09-07,4.1878542381549995,0.17965381355781826,0.04289877425078828,19,0,0.009627973424994662
2022-09-08,4.146077510471347,0.17965381355781826,0.043331031102067916,19,0,-0.009975688098938673
2022-09-09,4.173944540370927,0.17965381355781826,0.04304173469967881,19,0,0.00672129978978897
2022-09-13,4.207893027952463,0.17965381355781826,0.0426944820993315,19,0,0.00813343044048187
2022-09-14,4.1783478099974785,-4.996003610813204e-16,-1.1956887837004213e-16,20,0,-0.0070213804768133325
2022-09-15,4.098162567434892,-4.996003610813204e-16,-1.2190838036813864e-16,20,0,-0.019190657697458313
2022-09-16,4.043447650230475,-4.996003610813204e-16,-1.2355801392725918e-16,20,0,-0.013351085103162186
2022-09-19,4.031185256921472,-4.996003610813204e-16,-1.239338629311356e-16,20,0,-0.0030326578627285494
2022-09-20,4.0697476415330796,-4.996003610813204e-16,-1.2275954311828542e-16,20,0,0.009566016482471573
2022-09-21,4.10381093336478,-2.7755575615628914e-17,-6.763366067859192e-18,20,0,0.008369878142829856
2022-09-22,4.096671138196146,-2.7755575615628914e-17,-6.775153454922013e-18,20,0,-0.001739796322142051
2022-09-23,4.047366777070573,-2.7755575615628914e-17,-6.857687267897675e-18,20,0,-0.012035225543459926
2022-09-26,3.9977890181093136,-2.7755575615628914e-17,-6.94273146729375e-18,20,0,-0.012249386253336492
2022-09-27,4.061741441547551,-2.7755575615628914e-17,-6.833417639960325e-18,20,0,0.01599694810019825
2022-09-28,3.9815484287599974,-2.7755575615628914e-17,-6.97105061315882e-18,20,0,-0.01974350508066791
2022-09-29,3.955963895692931,-2.7755575615628914e-17,-7.016134713931007e-18,20,0,-0.006425774676570795
2022-09-30,3.9325318438220713,-2.7755575615628914e-17,-7.057940461240604e-18,20,0,-0.005923221871759643
2022-10-10,3.8757384772497527,-2.25730892311482e-16,-5.824203403725579e-17,20,0,-0.014441934313015103
2022-10-11,3.925635023919928,-1.4582519219930035e-17,-3.7146905229535874e-18,20,1,0.012874074699070537
2022-10-12,4.013756735138817,-1.4582519219930035e-17,-3.63313478673632e-18,20,1,0.022447759580791482
2022-10-13,4.099420649103325,-1.4582519219930035e-17,-3.557214657422312e-18,20,1,0.021342577444854793
2022-10-14,4.158634575982714,-1.4582519219930035e-17,-3.506564222821642e-18,20,1,0.014444462266232971
2022-10-17,4.184614871293534,-1.4582519219930035e-17,-3.4847936234147004e-18,20,1,0.0062473138324927735
2022-10-18,4.207051399440843,-1.4582519219930035e-17,-3.4662089514447553e-18,20,1,0.005361670987030109
2022-10-19,4.197157823142926,-1.4582519219930035e-17,-3.474379528814172e-18,20,0,-0.0023516651827053536
2022-10-20,4.168539786812422,-1.4582519219930035e-17,-3.498231986669107e-18,20,0,-0.006818432266879615
2022-10-21,4.141490419969224,-2.7755575615628914e-16,-6.701832625713322e-17,20,0,-0.0064889309510183235
2022-10-24,4.107005197005239,-2.7755575615628914e-16,-6.758105793454516e-17,20,0,-0.008326766324921575
2022-10-25,4.0601896661183545,-2.7755575615628914e-16,-6.83602932327148e-17,20,0,-0.011398946103360563
2022-10-26,4.143374551187571,-2.7755575615628914e-16,-6.698785077895899e-17,20,0,0.020487930838152923
2022-10-27,4.125011914703379,-2.7755575615628914e-16,-6.728604956677989e-17,20,0,-0.004431807034903312
2022-10-28,4.05497082846299,-2.7755575615628914e-16,-6.844827445071778e-17,20,0,-0.0169796082262772
2022-10-31,4.060010335462237,-2.7755575615628914e-16,-6.836331270686017e-17,20,0,0.0012427973498287948
2022-11-01,4.135183068114358,-2.419939248987646e-16,-5.852072832391281e-17,20,0,0.018515404257847257
2022-11-02,4.171135122480505,-2.419939248987646e-16,-5.801632356490403e-17,20,0,0.008694186877327592
2022-11-03,4.187286004459056,-2.419939248987646e-16,-5.779254740207963e-17,20,0,0.0038720591647833924
2022-11-04,4.282095398411725,-2.419939248987646e-16,-5.651296909184291e-17,20,0,0.022642206396149334
2022-11-07,4.326929830966305,0.20592593973155313,0.047591698450438015,19,0,0.010470208713988516
2022-11-08,4.277671641472807,0.20592593973155313,0.04813972576461072,19,0,-0.011384097135334836
2022-11-09,4.293047013881371,0.20592593973155313,0.04796731530442155,19,0,0.00359433207997939
2022-11-10,4.256360378515219,0.20592593973155313,0.04838075760008553,19,0,-0.008545593665181817
2022-11-11,4.289059484254369,-5.117434254131581e-16,-1.1931366941676308e-16,20,0,0.007682410047843868
2022-11-14,4.242323738777534,-5.117434254131581e-16,-1.2062809368731058e-16,20,0,-0.010896502053283963
2022-11-15,4.275911425652823,-5.117434254131581e-16,-1.1968054865285893e-16,20,0,0.007917285182240219
2022-11-16,4.277685954317707,-5.117434254131581e-16,-1.1963090111760705e-16,20,0,0.00041500594568866234
2022-11-17,4.211384371359402,-5.117434254131581e-16,-1.2151430035534167e-16,20,0,-0.015499404039088671
2022-11-18,4.22425391447982,-5.117434254131581e-16,-1.2114409686856497e-16,20,0,0.0030558937360221083
2022-11-21,4.276015753563646,0.2638048092945315,0.0616940686139137,19,0,0.01225348668232229
2022-11-22,4.27673521940408,-6.106226635438361e-16,-1.4277775738216502e-16,20,0,0.00016825612483639674
2022-11-23,4.260094962074551,-6.106226635438361e-16,-1.4333545824210439e-16,20,0,-0.003890878550074861
2022-11-24,4.280314642871937,-6.106226635438361e-16,-1.4265835913738584e-16,20,0,0.004746298140626326
2022-11-25,4.266872734172092,-6.106226635438361e-16,-1.4310777508162923e-16,20,0,-0.003140402008116272
2022-11-28,4.244744227984615,0.0053768941500144645,0.0012667180544273663,20,0,-0.0051861181633697795
2022-11-29,4.290878803081104,0.0053768941500144645,0.0012530985834774773,20,0,0.010868634861986415
2022-11-30,4.294212571632222,0.0053768941500144645,0.0012521257530506266,20,0,0.0007769430701991542
2022-12-01,4.366860723039075,2.7755575615628914e-16,6.355956229424392e-17,20,0,0.016917688678657727
2022-12-02,4.362103778070838,0.21800417168727118,0.04997684208780668,19,0,-0.0010893283001079945
2022-12-05,4.386979846154745,0.22006000290362956,0.050162072911393824,19,0,0.005702768514807666
2022-12-06,4.3844034063443935,0.22006000290362956,0.050191550025984064,19,0,-0.0005872923744132397
2022-12-07,4.360922997187976,0.22006000290362956,0.05046179513959071,19,0,-0.00535543994935328
2022-12-08,4.3284653157438235,0.22006000290362956,0.05084019088779817,19,0,-0.007442846724210028
2022-12-09,4.319874606802711,0.22006000290362956,0.05094129411929936,19,0,-0.001984700884599011
2022-12-12,4.327237497147484,0.22006000290362956,0.05085461638024101,19,0,0.0017044222378999052
2022-12-13,4.27240973482101,-3.3306690738754696e-16,-7.795762299504745e-17,20,0,-0.012670384364763199
2022-12-14,4.237292523369864,-3.3306690738754696e-16,-7.860370874811899e-17,20,0,-0.00821953268314446
2022-12-15,4.2648716903268395,-3.3306690738754696e-16,-7.809541096933265e-17,20,0,0.006508676662012158
2022-12-16,4.184065421605329,-3.3306690738754696e-16,-7.960365668942073e-17,20,0,-0.018946940163472537
2022-12-19,4.122855822808663,0.18903316611704696,0.04585005497191255,19,0,-0.014629216474626894
2022-12-20,4.119557331323716,0.18903316611704696,0.045886766687212456,19,0,-0.00080005016588236
2022-12-21,4.119042075086418,-1.609823385706477e-15,-3.9082470058835283e-16,20,0,-0.00012507563212682538
2022-12-22,4.099751630789392,-1.609823385706477e-15,-3.926636368936602e-16,20,0,-0.004683235554621468
2022-12-23,4.051789703084744,-1.609823385706477e-15,-3.9731168290419225e-16,20,0,-0.011698739832054939
2022-12-26,4.118268956242751,-1.609823385706477e-15,-3.9089806974996073e-16,20,0,0.016407379955429402
2022-12-27,4.156528436331297,0.0024985359313906127,0.0006011112325255523,20,0,0.00929018490415734
2022-12-28,4.140946272959946,0.20454652793976752,0.04939608351729659,19,0,-0.003748840795879338
2022-12-29,4.150594879482548,0.20454652793976752,0.04928125579080081,19,0,0.0023300487102686507
2022-12-30,4.124192454992725,0.20454652793976752,0.04959674655632149,19,0,-0.006361118166539614
2023-01-03,4.186271469599112,-2.220446049250313e-16,-5.304113852566156e-17,20,0,0.01505240487291859
2023-01-04,4.216268413110459,-2.220446049250313e-16,-5.266377354785693e-17,20,0,0.007165551429042738
2023-01-05,4.251576181898128,0.0008554410116378426,0.00020120561764364967,20,0,0.008374174821953684
2023-01-06,4.261319827500211,0.0008554410116378426,0.00020074555449166182,20,0,0.002291772553334015
2023-01-09,4.306081834912666,0.0008554410116378426,0.00019865879108523543,20,0,0.01050425906161423
2023-01-10,4.283227543497512,0.0008554410116378426,0.00019971878751492237,20,0,-0.005307444747068457
2023-01-11,4.272558811100063,-4.996003610813204e-16,-1.1693235439693983e-16,20,0,-0.0024908161635367465
2023-01-12,4.293372681903924,-4.996003610813204e-16,-1.163654772358987e-16,20,0,0.0048715235352143615
2023-01-13,4.287912453650654,-4.996003610813204e-16,-1.1651365704912406e-16,20,0,-0.001271780639096165
2023-01-16,4.329873046089805,0.0010253589471746023,0.0002368103951917429,20,0,0.009785785715710205
2023-01-17,4.3373878396435845,0.0010253589471746023,0.00023640010648871533,20,0,0.001735569027957018
2023-01-18,4.370408623258676,0.0010253589471746023,0.0002346139767613014,20,0,0.007613057636506992
2023-01-19,4.383694383600564,0.0010253589471746023,0.00023390292694912274,20,0,0.003039935504241642
2023-01-20,4.426932333191567,0.0010253589471746023,0.00023161839169910618,20,0,0.009863358575532999
2023-01-30,4.506464323843986,5.551115123125783e-17,1.2318116208652721e-17,20,0,0.017965485954261506
2023-01-31,4.502040860156126,-1.942890293094024e-16,-4.3155767649488783e-17,20,0,-0.0009815818721685687
2023-02-01,4.548487641423111,-1.942890293094024e-16,-4.2715083479618755e-17,20,0,0.010316828014167445
2023-02-02,4.565116688182279,-1.942890293094024e-16,-4.255948808764485e-17,20,0,0.0036559507401376923
2023-02-03,4.56791883649728,-1.942890293094024e-16,-4.253338035629042e-17,20,0,0.0006138174566829857
2023-02-06,4.548559526199051,-1.942890293094024e-16,-4.271440841662629e-17,20,0,-0.004238102950418043
2023-02-07,4.635216328627408,-1.942890293094024e-16,-4.191584934438988e-17,20,0,0.01905148254721656
2023-02-08,4.628216200174888,-1.942890293094024e-16,-4.197924662682368e-17,20,0,-0.001510205340209514
2023-02-09,4.612555093805607,-1.942890293094024e-16,-4.212177965534141e-17,20,0,-0.0033838320622725515
2023-02-10,4.610991829150321,-1.942890293094024e-16,-4.2136060203169893e-17,20,0,-0.00033891511830075327
2023-02-13,4.620328893067064,-2.220446049250313e-16,-4.8058181584911766e-17,20,0,0.0020249578100994814
2023-02-14,4.614559388910762,-2.220446049250313e-16,-4.811826790194232e-17,20,0,-0.001248721528235519
2023-02-15,4.603789296736485,-2.220446049250313e-16,-4.8230835647155566e-17,20,0,-0.0023339372769063393
2023-02-16,4.536102541284719,-2.220446049250313e-16,-4.895052589841667e-17,20,0,-0.014702400802692583
2023-02-17,4.502818443260292,-2.220446049250313e-16,-4.931236018573705e-17,20,0,-0.0073375982402285045
2023-02-20,4.544309485988053,-2.220446049250313e-16,-4.886212209130668e-17,20,0,0.009214460509697764
2023-02-21,4.555184739906978,-4.996003610813204e-16,-1.096772995185971e-16,20,0,0.0023931587301564416
2023-02-22,4.549622174107582,-4.996003610813204e-16,-1.0981139575163032e-16,20,0,-0.0012211504290184916
2023-02-23,4.523606409620857,0.22002453334924157,0.048639185955986555,19,0,-0.005718225270393562
2023-02-24,4.5217833662013645,0.22002453334924157,0.04865879577377423,19,0,-0.0004030066399268728
2023-02-27,4.506359288865496,0.22002453334924157,0.04882534197681209,19,0,-0.003411060656102638
2023-02-28,4.527396792552689,0.22222142659231395,0.049083708977718854,19,0,0.004668403546777444
2023-03-01,4.568065552209822,4.996003610813204e-16,1.0936803672610096e-16,20,0,0.008982813197206507
2023-03-02,4.561373161730452,4.996003610813204e-16,1.0952850016151423e-16,20,0,-0.0014650381880207952
2023-03-03,4.564414621107627,0.21749269385871867,0.0476496356954401,19,0,0.0006667859149724897
2023-03-06,4.565773658065635,0.21749269385871867,0.04763545242206838,19,0,0.0002977461669944059
2023-03-07,4.526497115017332,0.21749269385871867,0.0480487865853607,19,0,-0.008602385047913996
2023-03-08,4.532084234571039,0.21749269385871867,0.04798955240056439,19,0,0.0012343141753412556
2023-03-09,4.544406983125328,0.21749269385871867,0.0478594225091042,19,0,0.002719002541984983
2023-03-10,4.5210479447719685,0.21749269385871867,0.0481066992687441,19,0,-0.005140173061105369
2023-03-13,4.565770256601301,4.718447854656915e-16,1.0334396146706834e-16,20,0,0.009892023348491152
2023-03-14,4.5220720881936085,4.718447854656915e-16,1.0434260583717831e-16,20,0,-0.009570820683435066
2023-03-15,4.553882870303391,4.718447854656915e-16,1.0361372896581683e-16,20,0,0.007034558823782344
2023-03-16,4.539808472686959,4.718447854656915e-16,1.0393495415158397e-16,20,0,-0.0030906367197570672
2023-03-17,4.582718251984925,4.718447854656915e-16,1.0296177061754126e-16,20,0,0.009451891980934102
2023-03-20,4.584910709782295,0.002530806933987637,0.0005519860896282988,20,0,0.000478418632090305
2023-03-21,4.620656909478444,-8.881784197001252e-16,-1.92219079905757e-16,20,0,0.007796487643670247
2023-03-22,4.658640073259384,-8.881784197001252e-16,-1.9065186529396715e-16,20,0,0.008220295192881366
2023-03-23,4.668884861579898,-8.881784197001252e-16,-1.9023352385682426e-16,20,0,0.0021990941904526107
2023-03-24,4.679134396566185,-8.881784197001252e-16,-1.8981682175060438e-16,20,0,0.0021952854461306792
2023-03-27,4.67050248458646,0.002669973574105022,0.0005716673062302052,20,0,-0.0018447668410762619
2023-03-28,4.628573537027666,0.002669973574105022,0.0005768458797825648,20,0,-0.008977395408131583
2023-03-29,4.62414898909077,0.004976901923249864,0.0010762849412921825,20,0,-0.000955920415112943
2023-03-30,4.611844128790051,0.004976901923249864,0.0010791565769061645,20,0,-0.0026609999655609062
2023-03-31,4.641002659442629,-6.106226635438361e-16,-1.3157128068036275e-16,20,0,0.006322531689775035
2023-04-03,4.683875399780454,-6.106226635438361e-16,-1.3036697423088104e-16,20,0,0.009237818524106212
2023-04-04,4.671836795435078,-6.106226635438361e-16,-1.3070290985774262e-16,20,0,-0.0025702230136054327
2023-04-06,4.665281821445714,0.23419181113787801,0.05019885616798704,19,0,-0.0014030828293848385
2023-04-07,4.6885821348255785,0.23419181113787801,0.049949388621852574,19,0,0.004994406398506346
2023-04-10,4.660012678087397,0.45344103407501835,0.09730467820553733,18,0,-0.0060934107405253846
2023-04-11,4.645428943635359,-3.885780586188048e-16,-8.364740120526232e-17,20,0,-0.0031295482350540693
2023-04-12,4.693578994898329,-3.885780586188048e-16,-8.278928703259677e-17,20,0,0.010365038804207583
2023-04-13,4.674387900825914,-3.885780586188048e-16,-8.31291854384073e-17,20,0,-0.004088797502561414
2023-04-14,4.688182220344755,0.0017058670816590537,0.0003638653536665666,20,0,0.002951042962524353
2023-04-17,4.677441797496428,0.217955998373504,0.04659726572977639,19,0,-0.0022909567810137643
2023-04-18,4.663326189576957,0.217955998373504,0.046738312850741474,19,0,-0.0030178051444758047
2023-04-19,4.659033299539978,0.217955998373504,0.046781378101552626,19,0,-0.0009205639628158124
2023-04-20,4.652081378446702,0.217955998373504,0.046851286691437455,19,0,-0.0014921380995412958
2023-04-21,4.578787693088019,-7.494005416219807e-16,-1.636678946161339e-16,20,0,-0.015755030790788882
2023-04-24,4.592502005455255,-7.494005416219807e-16,-1.631791430317933e-16,20,0,0.002995184159322095
2023-04-25,4.528236611141926,-7.494005416219807e-16,-1.6549500522522333e-16,20,0,-0.013993547359803182
2023-04-26,4.596514306433398,-7.494005416219807e-16,-1.6303670382861656e-16,20,0,0.015078208396502868
2023-04-27,4.559383507615825,-7.494005416219807e-16,-1.6436444540587775e-16,20,0,-0.008078033993194178
2023-04-28,4.6312306579467934,-7.494005416219807e-16,-1.618145579374402e-16,20,0,0.015758084445179232
2023-05-04,4.633383888310251,-7.494005416219807e-16,-1.6173935932929563e-16,20,0,0.0004649369730189701
2023-05-05,4.620680421543222,-7.494005416219807e-16,-1.6218402340227087e-16,20,0,-0.0027417255019770437
2023-05-08,4.627125315405769,-7.494005416219807e-16,-1.6195812530231052e-16,20,1,0.0013947932500373295
2023-05-09,4.545491855451437,-7.494005416219807e-16,-1.6486676589756066e-16,20,1,-0.017642370670735485
2023-05-10,4.570898226518612,-7.494005416219807e-16,-1.63950388847917e-16,20,0,0.005589355756232539
2023-05-11,4.5767876783371655,-6.383777298902553e-16,-1.3948161347134857e-16,20,0,0.001288467064172405
2023-05-12,4.501892737076433,-6.383777298902553e-16,-1.4180207463246298e-16,20,0,-0.01636408470841355
2023-05-15,4.53269363824036,-6.383777298902553e-16,-1.4083849049592514e-16,20,0,0.0068417669995242125
2023-05-16,4.5556781209570385,-6.383777298902553e-16,-1.4012792671931517e-16,20,0,0.005070822021318255
2023-05-17,4.60874418512122,-6.383777298902553e-16,-1.38514463864404e-16,20,0,0.011648334837368601
2023-05-18,4.630751486659119,-6.383777298902553e-16,-1.3785618419156766e-16,20,0,0.004775118916113152
2023-05-19,4.619247433843792,-6.383777298902553e-16,-1.3819950955929745e-16,20,0,-0.0024842734161981683
2023-05-22,4.613847113309267,-6.383777298902553e-16,-1.3836126646866306e-16,20,0,-0.001169090985461918
2023-05-23,4.582474959860801,1.6653345369377348e-16,3.6341377782200075e-17,20,0,-0.00679956502198964
2023-05-24,4.577915022657839,0.21314521420241878,0.046559451878744405,19,0,-0.0009950817501248599
2023-05-25,4.577162080627697,0.21314521420241878,0.046567110897062385,19,0,-0.00016447269694075395
2023-05-26,4.5877617890474065,0.21314521420241878,0.04645952078664394,19,0,0.00231578175144187
2023-05-29,4.5622381234226586,0.21314521420241878,0.046719440861301226,19,0,-0.005563424344673273
2023-05-30,4.5683753183002835,0.21314521420241878,0.04665667756074864,19,0,0.0013452158154825256
2023-05-31,4.5605815435422965,6.106226635438361e-16,1.3389140347867853e-16,20,0,-0.0017060276827007836
2023-06-01,4.570113660996444,6.106226635438361e-16,1.336121393993293e-16,20,0,0.002090110079852714
2023-06-02,4.620753624721944,6.106226635438361e-16,1.32147851440701e-16,20,0,0.011080679274497074
2023-06-05,4.620115227888774,6.106226635438361e-16,1.3216611132507806e-16,20,0,-0.00013815859598198532
2023-06-06,4.586422816040926,6.106226635438361e-16,1.3313701942354618e-16,20,0,-0.007292547953018036
2023-06-07,4.588460663310055,6.106226635438361e-16,1.330778900267047e-16,20,0,0.00044432171887898164
2023-06-08,4.584215282186638,6.106226635438361e-16,1.3320113170003077e-16,20,0,-0.0009252299267517028
2023-06-09,4.602590052759064,6.106226635438361e-16,1.326693571541947e-16,20,0,0.004008269560076494
2023-06-12,4.638004003932459,6.106226635438361e-16,1.3165634678756268e-16,20,0,0.007694352694341378
2023-06-13,4.638505778392793,-3.0531133177191805e-16,-6.582105237297044e-17,20,0,0.00010818758670949613
2023-06-14,4.655978034335574,-3.0531133177191805e-16,-6.557404900117558e-17,20,0,0.003766785421324803
2023-06-15,4.690900025169812,-3.0531133177191805e-16,-6.508587480733309e-17,20,0,0.007500462969693089
2023-06-16,4.741551796304357,-3.0531133177191805e-16,-6.439059297209042e-17,20,0,0.010797879055781223
2023-06-19,4.73609313398777,-3.0531133177191805e-16,-6.44648074128659e-17,20,0,-0.0011512396259895086
2023-06-20,4.740320915291779,-3.0531133177191805e-16,-6.440731275956775e-17,20,0,0.0008926727546105795
2023-06-21,4.700394820228735,1.3400738851920835e-16,2.850981537603838e-17,20,0,-0.00842265656197383
2023-06-26,4.658785458028037,1.3400738851920835e-16,2.876444724199229e-17,20,0,-0.008852312155061326
2023-06-27,4.716948368736792,1.3400738851920835e-16,2.840976369539864e-17,20,0,0.012484565179649687
2023-06-28,4.730998168049327,1.3400738851920835e-16,2.832539429506098e-17,20,0,0.0029785781429483293
2023-06-29,4.7948744007526285,1.3400738851920835e-16,2.7948049796293696e-17,20,0,0.013501639703580537
2023-06-30,4.805416192556335,1.3400738851920835e-16,2.788673928530642e-17,20,0,0.0021985543150100373
2023-07-03,4.814137512540805,1.2576745200831851e-17,2.612460730103677e-18,20,0,0.001814893785470728
2023-07-04,4.830521649215636,1.2576745200831851e-17,2.6035998002149562e-18,20,0,0.003403337904692272
2023-07-05,4.82242030535683,1.2576745200831851e-17,2.607973673895944e-18,20,0,-0.0016771157334781739
2023-07-06,4.823463150106801,1.2576745200831851e-17,2.6074098234902815e-18,20,0,0.00021624924497198883
2023-07-07,4.805329119884314,1.2576745200831851e-17,2.6172494926080378e-18,20,0,-0.0037595457160453094
2023-07-10,4.78691554527941,1.2576745200831851e-17,2.6273171276719807e-18,20,0,-0.003831907065160234
2023-07-11,4.809249540737244,0.0,0.0,20,0,0.00466563390278707
2023-07-12,4.784532732004304,0.0,0.0,20,0,-0.0051394315315879124
2023-07-13,4.838331264163198,0.0,0.0,20,0,0.011244260447635712
2023-07-14,4.804208483936129,0.0,0.0,20,0,-0.007052592797812562
2023-07-17,4.79400444459469,0.0,0.0,20,0,-0.0021239792934796276
2023-07-18,4.806360079774077,0.0,0.0,20,0,0.0025773099132850863
2023-07-19,4.807419274995815,0.0,0.0,20,0,0.00022037367241689587
2023-07-20,4.791927640096825,0.0,0.0,20,0,-0.003222443064112346
2023-07-21,4.787747374329884,-3.885780586188048e-16,-8.116093608075803e-17,20,0,-0.0008723557784892089
2023-07-24,4.83456578695111,-3.885780586188048e-16,-8.037496555897717e-17,20,0,0.009778797618322344
2023-07-25,4.916042441073341,-3.885780586188048e-16,-7.904286085332592e-17,20,0,0.016852941445567593
2023-07-26,4.896411989409513,-3.885780586188048e-16,-7.935975556371956e-17,20,0,-0.0039931412104616815
2023-07-27,4.88059739218212,0.0019273777367862313,0.0003949061112628466,20,0,-0.003229833858261588
2023-07-28,4.90361439369931,0.0019273777367862313,0.00039305246743355943,20,0,0.004716021353053712
2023-07-31,4.9244828124005275,0.0019273777367862313,0.00039138683394991815,20,0,0.004255721805538348
2023-08-01,4.901465625326982,8.392530833712097e-22,1.7122492485402715e-22,20,0,-0.004674031355249131
2023-08-02,4.903531298479915,8.392530833712097e-22,1.7115279423858813e-22,20,0,0.00042143989386733693
2023-08-03,4.89980427253404,8.392530833712097e-22,1.7128298125614143e-22,20,0,-0.0007600697780861809
2023-08-04,4.8967154891948415,8.392530833712097e-22,1.7139102429436976e-22,20,0,-0.000630389127278641
2023-08-07,4.870759161434122,8.392530833712097e-22,1.7230436889926298e-22,20,0,-0.005300762892595068
2023-08-08,4.870581572758698,8.392530833712097e-22,1.723106513737859e-22,20,0,-3.646016350589143e-05
2023-08-09,4.8715229667405175,8.392530833712097e-22,1.7227735332483607e-22,20,0,0.00019328163747123206
2023-08-10,4.876085015413559,8.392530833712097e-22,1.7211617121487565e-22,20,0,0.0009364727836014275
2023-08-11,4.881350416118706,9.540979117872439e-17,1.954577791909217e-17,20,0,0.0010798418584792024
2023-08-14,4.882308661328184,0.001949240652307838,0.0003992456822214854,20,0,0.00019630740016407522
2023-08-15,4.874036299123816,0.001949240652307838,0.00039992329409984994,20,0,-0.0016943546134008391
2023-08-16,4.853499310982601,0.001949240652307838,0.0004016155205579313,20,0,-0.004213548459806704
2023-08-17,4.8926335584127365,0.001949240652307838,0.00039840315630345485,20,0,0.008063099409859165
2023-08-18,4.876190019195703,0.001949240652307838,0.0003997466556131775,20,0,-0.003360876922564371
2023-08-21,4.844698878183107,0.006385419782121524,0.0013180220159557633,20,0,-0.006458144758228812
2023-08-22,4.83033432872031,1.0093922225840046e-16,2.089694323190711e-17,20,0,-0.0029650035686394904
2023-08-23,4.796351368575101,0.0013176896200569302,0.0002747274998846444,20,0,-0.007035322574496128
2023-08-24,4.799891431949274,0.0013176896200569302,0.0002745248801433423,20,0,0.0007380742364639925
2023-08-25,4.748435572773515,0.0013176896200569302,0.000277499736463157,20,0,-0.010720213135083978
2023-08-28,4.766029772047742,0.0013176896200569302,0.00027647532287461565,20,0,0.0037052622920923373
2023-08-29,4.843415163883573,0.0013176896200569302,0.00027205795404091964,20,0,0.01623686706484473
2023-08-30,4.87013595598518,0.0013176896200569302,0.0002705652638788345,20,0,0.005516931998904351
2023-08-31,4.860714831709806,5.551115123125783e-17,1.1420367816914537e-17,20,0,-0.0019344684338424845
2023-09-01,4.866897585513891,5.551115123125783e-17,1.1405859740398966e-17,20,0,0.0012719844751540865
2023-09-04,4.90471244567483,5.551115123125783e-17,1.1317921661281031e-17,20,0,0.0077698080751675835
2023-09-05,4.9007834323164,5.551115123125783e-17,1.1326995366742818e-17,20,0,-0.000801069053884107
2023-09-06,4.910191564656,5.551115123125783e-17,1.1305292370023214e-17,20,0,0.0019197200752765209
2023-09-07,4.841273896861608,5.551115123125783e-17,1.1466228189907484e-17,20,0,-0.014035637283577262
2023-09-08,4.833999833217314,5.551115123125783e-17,1.1483482239657393e-17,20,0,-0.001502510248182709
2023-09-11,4.8478498115005015,5.551115123125783e-17,1.145067470934626e-17,20,0,0.002865117658469085
2023-09-12,4.838413344766709,-2.2659825404947043e-16,-4.683317399795164e-17,20,0,-0.0019465262127978944
2023-09-13,4.813325153862428,-2.2659825404947043e-16,-4.7077279594884176e-17,20,0,-0.005185210339959001
2023-09-14,4.780825213194275,-2.2659825404947043e-16,-4.739730986694458e-17,20,0,-0.0067520767098134815
2023-09-15,4.78358873960884,-2.2659825404947043e-16,-4.736992797336496e-17,20,0,0.0005780438086167017
2023-09-18,4.816272682508494,-2.2659825404947043e-16,-4.7048468595314176e-17,20,0,0.006832515226283142
2023-09-19,4.802374550519434,-2.2659825404947043e-16,-4.718462745163455e-17,20,0,-0.0028856613620600324
2023-09-20,4.796264595653283,-2.2659825404947043e-16,-4.724473588359365e-17,20,0,-0.001272277870431826
2023-09-21,4.770760538262596,7.681572392059799e-17,1.6101358117750456e-17,20,0,-0.005317483404439383
2023-09-22,4.813178104051681,7.681572392059799e-17,1.5959460103073133e-17,20,0,0.008891153821049214
2023-09-25,4.8100751066826595,0.002651106596469134,0.0005511570064230264,20,0,-0.0006446878345118812
2023-09-26,4.826614300001815,0.002651106596469134,0.000549268375653745,20,0,0.0034384480392368744
2023-09-27,4.874814696338923,0.002651106596469134,0.0005438374095450571,20,0,0.00998637830602922
2023-09-28,4.882290427921021,0.002651106596469134,0.000543004689214695,20,0,0.0015335416929205259
2023-10-09,4.873530356105032,0.002651106596469134,0.00054398072911316,20,0,-0.0017942545502600549
2023-10-10,4.858409909195559,0.002651106596469134,0.0005456737175369578,20,0,-0.0031025654514559298
2023-10-11,4.847203866719087,-5.828670879282072e-16,-1.202481067343121e-16,20,0,-0.0023065247037434844
2023-10-12,4.839173920304658,-5.828670879282072e-16,-1.2044764199992048e-16,20,0,-0.001656614129552647
2023-10-13,4.848841375581414,0.22181117579443643,0.045745191193811645,19,0,0.001997749086097622
2023-10-16,4.836477861424983,0.22181117579443643,0.04586212987007939,19,0,-0.0025497872994346693
2023-10-17,4.794040371105009,0.22181117579443643,0.04626810761364318,19,0,-0.008774461816200896
2023-10-18,4.738494500189929,0.22181117579443643,0.0468104744630485,19,0,-0.011586442043723721
2023-10-19,4.687949962239153,0.22181117579443643,0.04731517562710728,19,0,-0.01066679257488845
2023-10-20,4.659176428249807,0.22181117579443643,0.047607378516412724,19,0,-0.006137764741755647
2023-10-23,4.617072723285216,-1.1102230246251565e-16,-2.4046037200713447e-17,20,0,-0.009036726900768288
2023-10-24,4.711833755582982,-1.1102230246251565e-16,-2.3562440489537002e-17,20,0,0.020524050188739595
2023-10-25,4.784289829351103,-1.1102230246251565e-16,-2.32055971570547e-17,20,0,0.015377468205933331
2023-10-26,4.760192827409892,-1.1102230246251565e-16,-2.3323068305811663e-17,20,0,-0.005036693595228847
2023-10-27,4.811153854033996,-1.1102230246251565e-16,-2.3076024137001366e-17,20,0,0.01070566434423914
2023-10-30,4.8191451478320015,0.0010712238401454656,0.0002222850334000376,20,0,0.001660993192164284
2023-10-31,4.775935251746666,-1.0408340855860843e-17,-2.1793303944089862e-18,20,0,-0.008966298951334717
2023-11-01,4.770730526006794,-1.0408340855860843e-17,-2.1817079793380936e-18,20,0,-0.001089781470125284
2023-11-02,4.7687607078434295,-1.0408340855860843e-17,-2.1826091711294513e-18,20,0,-0.0004128965475258539
2023-11-03,4.824831003009233,-1.0408340855860843e-17,-2.15724464740199e-18,20,0,0.011757833659714167
2023-11-06,4.905643038660709,0.0010853716472750978,0.00022124961778128386,20,0,0.016749195070474565
2023-11-07,4.9587708062336215,0.004410454751785789,0.0008894250055359386,20,0,0.01082992935976379
2023-11-08,4.989406744048963,0.004410454751785789,0.0008839637612319922,20,0,0.0061781314387083786
2023-11-09,4.938438751062906,0.004410454751785789,0.0008930868588451202,20,0,-0.010215241129989727
2023-11-10,4.9156764844807705,0.004410454751785789,0.0008972223387177713,20,0,-0.004609202974773408
2023-11-13,4.957132834579693,-1.6653345369377348e-16,-3.3594712760585843e-17,20,0,0.008433498467566691
2023-11-14,5.026779565067486,-1.6653345369377348e-16,-3.312925333966534e-17,20,0,0.014049801127368422
2023-11-15,5.069505444962047,-1.6653345369377348e-16,-3.2850039417409137e-17,20,0,0.00849965257905394
2023-11-16,4.995620524893784,-1.6653345369377348e-16,-3.333588947837752e-17,20,0,-0.014574384201853086
2023-11-17,5.049458552448901,-1.6653345369377348e-16,-3.2980457600351544e-17,20,0,0.010777045071144853
2023-11-20,5.078456358450701,-1.6653345369377348e-16,-3.2792140355140966e-17,20,0,0.005742755525290244
2023-11-21,5.041956103863922,-4.996003610813204e-16,-9.908859791509288e-17,20,0,-0.007187273456833343
2023-11-22,4.973137177745882,-4.996003610813204e-16,-1.0045979896089829e-16,20,0,-0.013649251342212176
2023-11-23,4.986951000953502,-4.996003610813204e-16,-1.0018152594356696e-16,20,0,0.0027776879490544193
2023-11-24,4.9429350039086914,-4.996003610813204e-16,-1.0107362542421757e-16,20,0,-0.008826234113067155
2023-11-27,4.972299322461329,-4.996003610813204e-16,-1.0047672689865624e-16,20,0,0.005940664509935356
2023-11-28,5.012553583158175,-4.996003610813204e-16,-9.966982951762198e-17,20,0,0.008095703433420587
2023-11-29,5.00629624510606,-4.996003610813204e-16,-9.979440620792433e-17,20,0,-0.0012483333989963263
2023-11-30,4.9961877933732,-4.996003610813204e-16,-9.999631353808918e-17,20,0,-0.002019147736760707
2023-12-01,5.008404843310297,-1.1102230246251565e-16,-2.216719812712577e-17,20,0,0.002445274365647565
2023-12-04,5.0238324858955865,-1.1102230246251565e-16,-2.2099125075171368e-17,20,0,0.0030803505443248724
2023-12-05,4.939525591615204,-1.1102230246251565e-16,-2.2476308787826693e-17,20,0,-0.01678139040604454
2023-12-06,4.938292299867456,-1.1102230246251565e-16,-2.248192203314808e-17,20,0,-0.00024967817756449406
2023-12-07,4.944330296813915,0.2339239730178018,0.04731155868946305,19,0,0.0012226892577056336
2023-12-08,4.928212967048855,0.2339239730178018,0.04746628739096105,19,0,-0.003259759926525496
2023-12-11,4.944170653779498,0.2339239730178018,0.047313086339158233,19,0,0.0032380270165555114
2023-12-12,4.943023123571391,1.6653345369377348e-16,3.369060785891108e-17,20,0,-0.000232097613222515
2023-12-13,4.927171035035659,1.6653345369377348e-16,3.379899997576768e-17,20,0,-0.003206962245460465
2023-12-14,4.923473205978146,0.0035402042360535443,0.0007190461058577473,20,0,-0.0007504974012915167
2023-12-15,4.915213682552954,0.2479210444124074,0.0504395252016058,19,0,-0.0016775806589468534
2023-12-18,4.8757537935059085,0.7260180765071798,0.1489037607834453,17,0,-0.008028112630608986
2023-12-19,4.85835229332041,0.7260180765071798,0.1494370997972622,17,0,-0.003568986647495609
2023-12-20,4.852717311977218,0.7260180765071798,0.14961062634233005,17,0,-0.0011598544121511623
2023-12-21,4.892661808369024,4.996003610813204e-16,1.021121795556646e-16,20,0,0.008231366845379062
2023-12-22,4.882379190941811,4.996003610813204e-16,1.0232723464171318e-16,20,0,-0.0021016407489321542
2023-12-25,4.871261949804651,4.996003610813204e-16,1.0256076684633138e-16,20,0,-0.0022770130508882325
2023-12-26,4.815793347882344,4.996003610813204e-16,1.0374206802312448e-16,20,0,-0.011386905999693164
2023-12-27,4.8623556571911895,0.00271089381894138,0.0005575268470812288,20,0,0.009668668471690234
2023-12-28,4.92987001582232,0.00271089381894138,0.0005498915407994166,20,0,0.013885113181977937
2023-12-29,5.0081670746661855,0.00271089381894138,0.0005412946050970298,20,0,0.015882175106559204
2024-01-02,5.027307919172021,0.00271089381894138,0.0005392336937634515,20,0,0.0038219261099852186
2024-01-03,4.96888730796939,0.00271089381894138,0.0005455736165707543,20,0,-0.011620655058712237
2024-01-04,4.954326740343903,0.00271089381894138,0.0005471770355528074,20,0,-0.002930347726368132
2024-01-05,4.921843543621794,0.00271089381894138,0.0005507882960754454,20,0,-0.006556530972734009
2024-01-08,4.866269856157365,0.00271089381894138,0.000557078398665303,20,0,-0.011291234061360234
2024-01-09,4.880080868710837,0.00271089381894138,0.0005555018229969439,20,0,0.002838110701155694
2024-01-10,4.852887455638415,0.00271089381894138,0.0005586146070195135,20,0,-0.0055723283699611326
2024-01-11,4.902520090162697,-3.330664941178731e-16,-6.79378132047226e-17,20,0,0.010227443965677763
2024-01-12,4.884807226582512,-3.330664941178731e-16,-6.818416340062854e-17,20,0,-0.003613011931501653
2024-01-15,4.875536164484805,-3.330664941178731e-16,-6.831381880500686e-17,20,0,-0.0018979381719007593
2024-01-16,4.845317459690567,-3.330664941178731e-16,-6.873987037768697e-17,20,0,-0.0061980270014940775
2024-01-17,4.76226198816909,-3.330664941178731e-16,-6.993871713595593e-17,20,0,-0.017141389024029174
2024-01-18,4.755735689240021,-3.330664941178731e-16,-7.003469407928724e-17,20,0,-0.0013704199696031871
2024-01-19,4.730779262051906,-3.330664941178731e-16,-7.040415028229629e-17,20,0,-0.005247648065173194
2024-01-22,4.5978355188365345,-3.330664941178731e-16,-7.243984539102312e-17,20,0,-0.0281018698720068
2024-01-23,4.637812661939416,1.6653345369377348e-16,3.590775777996461e-17,20,0,0.008694774517074899
2024-01-24,4.622081738262614,0.003707669230356651,0.0008021643580345509,20,0,-0.0033918842401503557
2024-01-25,4.732370052997038,0.003707669230356651,0.0007834698446729799,20,0,0.023861177923668597
2024-01-26,4.745908804688094,0.003707669230356651,0.0007812348241277096,20,0,0.002860881870909715
2024-01-29,4.658256361026589,0.003707669230356651,0.0007959349900484123,20,0,-0.018469053508765376
2024-01-30,4.554296515072971,0.003707669230356651,0.0008141036092150986,20,0,-0.0223173303262999
2024-01-31,4.454268451612297,-8.326672684688674e-17,-1.8693692971456843e-17,20,0,-0.021963449926815204
2024-02-01,4.452517286295011,-8.326672684688674e-17,-1.870104516004561e-17,20,0,-0.00039314319204353243
2024-02-02,4.381213341945481,-8.326672684688674e-17,-1.9005403377574873e-17,20,0,-0.0160142992749307
2024-02-05,4.267623746333005,-8.326672684688674e-17,-1.9511262425239445e-17,20,0,-0.025926515498566505
2024-02-06,4.391429344960123,-8.326672684688674e-17,-1.896119015155027e-17,20,0,0.02901042968783263
2024-02-07,4.35488888091948,-8.326672684688674e-17,-1.9120287365244097e-17,20,0,-0.008320858920929486
2024-02-08,4.4372122943439845,-8.326672684688674e-17,-1.8765549476419007e-17,20,0,0.018903677148961462
2024-02-19,4.490395908182123,0.0009597851451368775,0.0002137417645931879,20,0,0.011985816839534591
2024-02-20,4.520011478653196,-4.2500725161431774e-17,-9.402791422577424e-18,20,0,0.006595313882481912
2024-02-21,4.577329964346624,0.0,0.0,20,0,0.01268104870178477
2024-02-22,4.60290428440718,0.0,0.0,20,0,0.0055871698697183
2024-02-23,4.6103269299315945,0.0,0.0,20,1,0.001612600450884738
2024-02-26,4.627958908036472,0.0,0.0,20,1,0.0038244528799911137
2024-02-27,4.682428620970728,0.0,0.0,20,1,0.01176970539640454
2024-02-28,4.528942653224752,0.003250222003186937,0.0007176558088834873,20,1,-0.03277913667676069
2024-02-29,4.609920666955787,0.003250222003186937,0.000705049444014241,20,1,0.01788011461646044
2024-03-01,4.618827162180739,-1.6653345369377348e-16,-3.6055355146726506e-17,21,1,0.0019320278738836905
2024-03-04,4.610332765680659,-1.6653345369377348e-16,-3.6121786031032157e-17,21,1,-0.0018390808319549423
2024-03-05,4.58320691435425,0.003652754685091245,0.000796986641308098,21,1,-0.005883707902460844
2024-03-06,4.609637066690787,0.003652754685091245,0.0007924169803922376,21,1,0.005766737751629947
2024-03-07,4.584151874283005,0.003652754685091245,0.0007968223534615249,21,1,-0.005528676561531887
2024-03-08,4.690078802096084,0.003652754685091245,0.0007788258660939258,21,0,0.023107202971901275
2024-03-11,4.787303478347418,0.22906873695920602,0.0478492199199957,20,0,0.020729859849664356
2024-03-12,4.81120776195552,2.7755575615628914e-16,5.768941394529933e-17,20,0,0.004993266818412279
2024-03-13,4.810795300242372,2.7755575615628914e-16,5.769436004527269e-17,20,0,-8.572934979222957e-05
2024-03-14,4.837351083434577,2.7755575615628914e-16,5.737763320648234e-17,20,0,0.00552004014614127
2024-03-15,4.878681580383007,0.0030417317907037496,0.0006234741375486438,20,0,0.008544034996749605
2024-03-18,4.929645885356037,0.00663027813959351,0.0013449806119521397,20,0,0.010446327380322584
2024-03-19,4.9290707152963,0.00663027813959351,0.00134513755686602,20,0,-0.00011667573556262134
2024-03-20,4.959245916791641,0.00663027813959351,0.001336952885748996,20,0,0.006121884476459005
2024-03-21,4.955852783309685,-2.7755575615628914e-16,-5.600564994405022e-17,20,0,-0.0006842035137776259
2024-03-22,4.931397851644094,-2.7755575615628914e-16,-5.628338343533852e-17,20,0,-0.004934555713186128
2024-03-25,4.922026828751198,-2.7755575615628914e-16,-5.639054109477695e-17,20,0,-0.00190027719823338
2024-03-26,4.918588819846517,-2.7755575615628914e-16,-5.64299571121601e-17,20,0,-0.000698494547936801
2024-03-27,4.825070939550386,-2.7755575615628914e-16,-5.752366330642024e-17,20,0,-0.019013152699161484
2024-03-28,4.866597901442727,-2.7755575615628914e-16,-5.703281055416687e-17,20,0,0.008606497689381154
2024-03-29,4.915389701943889,-2.7755575615628914e-16,-5.646668382092353e-17,20,0,0.010025854095465192
2024-04-01,4.997340129979804,-2.7755575615628914e-16,-5.554069743846129e-17,20,0,0.01667221380300865
2024-04-02,4.986032176149141,-2.7755575615628914e-16,-5.566665965053068e-17,20,0,-0.0022627945139904737
2024-04-03,4.9855443171601905,-2.7755575615628914e-16,-5.567210689531836e-17,20,0,-9.784513451083221e-05
2024-04-08,4.940589961417637,-2.7755575615628914e-16,-5.617866658107531e-17,20,0,-0.009016940354500735
2024-04-09,4.996982216323585,0.0033695453380419333,0.0006743160556054568,20,0,0.011414073085669774
2024-04-10,4.976050618636437,0.0033695453380419333,0.0006771525445143629,20,0,-0.004188847744698965
2024-04-11,5.007174558877475,-3.3306690738754696e-16,-6.651793411057253e-17,20,0,0.006254747514921055
2024-04-12,5.019755723646505,-3.3306690738754696e-16,-6.635121821139074e-17,20,0,0.0025126275549400834
2024-04-15,4.863292503341433,0.003013838590139779,0.0006197115612661698,20,0,-0.03116948889923521
2024-04-16,4.714470243148336,0.003013838590139779,0.0006392740721017108,20,0,-0.030601132893167682
2024-04-17,4.855921876173689,0.003013838590139779,0.0006206521989012286,20,0,0.030003717433772836
2024-04-18,4.865369196482631,0.003013838590139779,0.0006194470488115481,20,0,0.0019455255973737096
2024-04-19,4.820988764855372,0.003013838590139779,0.000625149473923363,20,0,-0.00912169864916812
2024-04-22,4.756855954635545,0.003013838590139779,0.0006335778545496633,20,0,-0.013302833370479994
2024-04-23,4.78832005478125,-1.222980050563649e-16,-2.5540900285946313e-17,20,0,0.006614474023549866
2024-04-24,4.855868127102761,-1.222980050563649e-16,-2.5185610864052363e-17,20,0,0.014106841553764182
2024-04-25,4.875883168115532,-1.222980050563649e-16,-2.5082226304374628e-17,20,0,0.00412182548802309
2024-04-26,4.932663161243256,-1.222980050563649e-16,-2.4793504250863997e-17,20,0,0.011645068425556238
2024-04-29,4.975863268323886,-1.222980050563649e-16,-2.457824873020694e-17,20,0,0.008757968194556875
2024-04-30,4.982052949709081,-1.222980050563649e-16,-2.4547712818569362e-17,20,0,0.0012439412120903715
2024-05-06,5.080718449173204,0.24919767795589012,0.04904772434230096,19,0,0.01980418523449945
2024-05-07,5.129572734626662,0.24919767795589012,0.0485805915712446,19,0,0.009615625416403262
2024-05-08,5.138323093821367,0.24919767795589012,0.048497860762306014,19,0,0.0017058651173103012
2024-05-09,5.207160884844376,0.24919767795589012,0.04785672720064953,19,0,0.013396937048544721
2024-05-10,5.224916119269673,0.24919767795589012,0.04769410116209147,19,0,0.003409772583938153
2024-05-13,5.182680906010453,2.220446049250313e-16,4.284358017633731e-17,20,0,-0.008083424172773745
2024-05-14,5.184087367491051,2.220446049250313e-16,4.2831956559500366e-17,20,0,0.0002713772092290956
2024-05-15,5.175065321833221,2.220446049250313e-16,4.290662844162399e-17,20,0,-0.0017403344153507083
2024-05-16,5.177158912859178,2.220446049250313e-16,4.2889277432359756e-17,20,0,0.0004045535458507832
2024-05-17,5.237190111932371,2.220446049250313e-16,4.2397659848002594e-17,20,0,0.011595394324112052
2024-05-20,5.262436717566703,2.220446049250313e-16,4.21942565473172e-17,20,0,0.004820639521336156
2024-05-21,5.2118071960586505,-2.7755575615628914e-16,-5.3255184951236575e-17,20,0,-0.009620927381234767
2024-05-22,5.23669723756633,-2.7755575615628914e-16,-5.300206285847426e-17,20,0,0.004775702663464276
2024-05-23,5.189874138588564,-2.7755575615628914e-16,-5.348024802616371e-17,20,0,-0.008941341623088683
2024-05-24,5.216669897132873,-2.7755575615628914e-16,-5.3205543311996064e-17,20,0,0.005163084465781731
2024-05-27,5.209113962706651,-2.7755575615628914e-16,-5.328271912332504e-17,20,0,-0.0014484210377918583
2024-05-28,5.203172926902076,-2.7755575615628914e-16,-5.33435578743187e-17,20,0,-0.0011405079341914037
2024-05-29,5.190133273320391,-2.7755575615628914e-16,-5.3477577846227964e-17,20,0,-0.0025060965231938903
2024-05-30,5.195578073095916,-2.7755575615628914e-16,-5.34215350537309e-17,20,0,0.0010490674302168213
2024-05-31,5.221412220334486,-1.1102230246251565e-16,-2.126288785056e-17,20,0,0.004972333564256415
2024-06-03,5.199792963969421,-1.1102230246251565e-16,-2.1351292874892346e-17,20,0,-0.004140499821268628
2024-06-04,5.154610602707187,-1.1102230246251565e-16,-2.1538446066945786e-17,20,0,-0.008689261587011887
2024-06-05,5.125289763888575,-1.1102230246251565e-16,-2.166166355017607e-17,20,0,-0.0056882742613405535
2024-06-06,5.062963480349701,-1.1102230246251565e-16,-2.192832377587035e-17,20,0,-0.012160538508087515
2024-06-07,5.123679711850166,-1.1102230246251565e-16,-2.166847045605538e-17,20,0,0.01199223177021036
2024-06-11,5.16060651127505,-1.1102230246251565e-16,-2.1513421381760214e-17,20,0,0.0072070858253452386
2024-06-12,5.172211878088883,-4.13433393423035e-16,-7.993357642104124e-17,20,0,0.0022488377651885827
2024-06-13,5.148547278486219,-4.13433393423035e-16,-8.030098026886394e-17,20,0,-0.004575334530071196
2024-06-14,5.072752887566242,-4.13433393423035e-16,-8.150079504885722e-17,20,0,-0.0147215101309629
2024-06-17,5.050718900181991,0.24721159299413709,0.04894582293725144,19,0,-0.004343595651634891
2024-06-18,5.08880487919107,0.24721159299413709,0.04857949928578014,19,0,0.007540704553505639
2024-06-19,5.043234259840544,0.24721159299413709,0.049018463203799975,19,0,-0.00895507303431331
2024-06-20,4.945087518467544,0.24721159299413709,0.04999134839796458,19,0,-0.019461071272168784
2024-06-21,4.89096444634102,-1.5246593050577406e-15,-3.1172978699494613e-16,20,0,-0.010944815824674547
2024-06-24,4.728304732815475,0.004437648942755147,0.0009385285410978035,20,0,-0.033257185839335346
2024-06-25,4.798400755823498,0.004437648942755147,0.000924818323556962,20,0,0.014824768488701956
2024-06-26,4.95873561742977,0.004437648942755147,0.0008949154149612206,20,0,0.03341422898278856
2024-06-27,4.922108063294833,0.004437648942755147,0.0009015748711101253,20,0,-0.007386470455531646
2024-06-28,4.973822033845829,0.004437648942755147,0.0008922009900148949,20,0,0.010506467937312802
2024-07-01,4.967642150580652,0.004437648942755147,0.0008933109125496177,20,0,-0.0012424817822440648
2024-07-02,5.03866750639504,0.004437648942755147,0.0008807187489793513,20,0,0.0142975990744596
2024-07-03,5.047037142043463,0.004437648942755147,0.0008792582297023508,20,0,0.0016610811564368166
2024-07-04,4.900913178532665,0.004437648942755147,0.000905473894578108,20,0,-0.02895242483823579
2024-07-05,4.92637278289191,0.004437648942755147,0.0009007943853063695,20,0,0.005194869493049703
2024-07-08,4.8226842995615,0.004437648942755147,0.0009201616085794043,20,0,-0.021047632385940207
2024-07-09,4.889792511317466,0.004437648942755147,0.0009075331790631549,20,0,0.013915116061415711
2024-07-10,4.8677750762234275,0.004437648942755147,0.0009116380426923945,20,0,-0.004502734020529253
2024-07-11,5.005305458703089,-3.3306690738754696e-16,-6.654277349016118e-17,20,0,0.02825323280679637
2024-07-12,4.965412940663932,-3.3306690738754696e-16,-6.70773833652216e-17,20,0,-0.007970046657151064
2024-07-15,4.878468354855121,-3.3306690738754696e-16,-6.827284367973281e-17,20,0,-0.01751004132945
2024-07-16,4.8935481014238,-3.3306690738754696e-16,-6.806245703207446e-17,20,0,0.003091082174115467
2024-07-17,4.803620093348389,0.003906335079274782,0.0008132064991325846,20,0,-0.018376851767176072
2024-07-18,4.762593928861638,0.003906335079274782,0.0008202116614650118,20,0,-0.008540676341903142
2024-07-19,4.797738769233347,0.003906335079274782,0.0008142033710391018,20,0,0.00737934850139732
2024-07-22,4.77077399157818,0.003906335079274782,0.0008188053104528979,20,0,-0.005620309681737101
2024-07-23,4.694295508846527,5.551115123125783e-17,1.1825235783866942e-17,20,0,-0.01603062372408748
2024-07-24,4.614904441269264,5.551115123125783e-17,1.2028667535310931e-17,20,0,-0.016912243259430193
2024-07-25,4.6365308056974595,5.551115123125783e-17,1.1972561718568685e-17,20,0,0.0046861998343452616
2024-07-26,4.741475934646116,0.21632062829399945,0.04562305730866157,19,0,0.022634407781718657
2024-07-29,4.736924152478371,0.21632062829399945,0.0456668971954765,19,0,-0.000959992675378718
2024-07-30,4.734527313520317,0.21632062829399945,0.04569001591273028,19,0,-0.0005059905712866408
2024-07-31,4.8459820381285645,-1.1102230246251565e-16,-2.2910176222070886e-17,20,0,0.023540834644668385
2024-08-01,4.855314882318247,-1.1102230246251565e-16,-2.2866138479880897e-17,20,0,0.0019258932691559316
2024-08-02,4.796200219971216,-1.1102230246251565e-16,-2.3147970762401145e-17,20,0,-0.01217524790458191
2024-08-05,4.7149183942106045,0.0021668666519583063,0.0004595767033039167,20,0,-0.016947129400928018
2024-08-06,4.738655426706738,0.0021668666519583063,0.00045727457619011377,20,0,0.005034452457391314
2024-08-07,4.768924642068895,0.0021668666519583063,0.0004543721728884896,20,0,0.00638772238883667
2024-08-08,4.769952562805033,0.0021668666519583063,0.0004542742560701803,20,0,0.00021554560268577383
2024-08-09,4.761377687313701,0.0021668666519583063,0.00045509236911235677,20,0,-0.0017976856957020448
2024-08-12,4.737107609227086,0.0021668666519583063,0.0004574239875272447,20,0,-0.005097280594076881
2024-08-13,4.762985042556928,-1.196959198423997e-16,-2.5130442101523577e-17,20,0,0.005462707513639309
2024-08-14,4.784457546347204,-1.196959198423997e-16,-2.5017657421536555e-17,20,0,0.004508203069801819
2024-08-15,4.715766160362691,-1.196959198423997e-16,-2.5382072768678982e-17,20,0,-0.014357194168638232
2024-08-16,4.606442167844637,0.0018682346276998833,0.00040556997344743257,20,0,-0.023182657663764483
2024-08-19,4.623739667278752,0.0018682346276998833,0.0004040527283404368,20,0,0.003755067100344789
2024-08-20,4.536341924282718,0.0018682346276998833,0.00041183725981927316,20,0,-0.01890196016322665
2024-08-21,4.579172851465564,-4.4251711669995863e-16,-9.663691043205131e-17,20,0,0.009441732545241832
2024-08-22,4.546194680116335,-4.4251711669995863e-16,-9.733791617754364e-17,20,0,-0.007201774735075661
2024-08-23,4.537169858014405,0.0022919240450234267,0.0005051439811042115,20,0,-0.0019851376232086215
2024-08-26,4.6317681862193725,0.005361405585035069,0.001157528911094157,20,0,0.020849633398200895
2024-08-27,4.602532274055295,0.005361405585035069,0.0011648816924669015,20,0,-0.006312041317409034
2024-08-28,4.628673865031526,0.005361405585035069,0.0011583027323525963,20,0,0.005679827846855501
2024-08-29,4.703939898321382,0.005361405585035069,0.0011397691511637522,20,0,0.016260820158117584
2024-08-30,4.782314298005609,0.00644376330425227,0.0013474152685739502,20,0,0.01666143730114311
2024-09-02,4.736770106191077,-2.532683387239163e-16,-5.34685731091083e-17,20,0,-0.009523462695357643
2024-09-03,4.747588408235235,-2.532683387239163e-16,-5.3346734583097676e-17,20,0,0.002283898479687352
2024-09-04,4.756245897517196,-2.532683387239163e-16,-5.324963094446498e-17,20,0,0.0018235551479028889
2024-09-05,4.808044579127443,-2.532683387239163e-16,-5.2675954757865217e-17,20,0,0.010890665185600668
2024-09-06,4.756362853037236,-2.532683387239163e-16,-5.324832157458058e-17,20,0,-0.010749011420269738
2024-09-09,4.746801343692307,-2.532683387239163e-16,-5.3355579976075236e-17,20,0,-0.0020102565006837603
2024-09-10,4.756524883267822,-2.532683387239163e-16,-5.324650767934513e-17,20,0,0.002048440385742367
2024-09-11,4.724799397308607,2.9143401744423035e-16,6.168177586761466e-17,20,0,-0.006669887520365236
2024-09-12,4.7141812748607785,2.9143401744423035e-16,6.18207065982708e-17,20,0,-0.002247317093266865
2024-09-13,4.663345039843248,2.9143401744423035e-16,6.249462884565507e-17,20,0,-0.010783682691334673
2024-09-18,4.62151148093201,2.9143401744423035e-16,6.306032531708815e-17,20,0,-0.008970719205595112
2024-09-19,4.682238540124457,2.9143401744423035e-16,6.224245410539973e-17,20,0,0.013140086191065992
2024-09-20,4.6360321585608135,2.9143401744423035e-16,6.286281187805687e-17,20,0,-0.009868438177097927
2024-09-23,4.631236062682049,-3.0531133177191805e-16,-6.59243725950574e-17,20,0,-0.001034526015939674
2024-09-24,4.7769309673176865,-3.0531133177191805e-16,-6.391369979193034e-17,20,0,0.03145918339374432
2024-09-25,4.834499946817837,-3.0531133177191805e-16,-6.315261870524582e-17,20,0,0.012051457283770661
2024-09-26,4.939736434744099,-3.0531133177191805e-16,-6.18072109322437e-17,20,0,0.02176781240747161
2024-09-27,5.087300290635851,-3.0531133177191805e-16,-6.001441124556809e-17,20,0,0.029872819702251308
2024-09-30,5.342823931732489,-3.0531133177191805e-16,-5.714418735728699e-17,20,0,0.050227748805585115
2024-10-08,5.734440308191822,1.2212453270876722e-15,2.1296678689689843e-16,20,0,0.07329763837685466
2024-10-09,5.315384253614824,1.2212453270876722e-15,2.297567341922914e-16,20,0,-0.07307706280913995
2024-10-10,5.330082900152337,1.2212453270876722e-15,2.2912313935169157e-16,20,0,0.0027653027205918335
2024-10-11,5.19340951698182,4.440892098500626e-16,8.551014673461523e-17,20,0,-0.0256418869520042
2024-10-14,5.3741562973521635,0.005684759606557826,0.0010577957342548254,20,0,0.03480310570143241
2024-10-15,5.375621980827077,0.005684759606557826,0.0010575073222844412,20,0,0.00027272810722611673
2024-10-16,5.376558028464669,0.005684759606557826,0.0010573232124458567,20,0,0.00017412824802987004
2024-10-17,5.409347395686316,0.005684759606557826,0.0010509141289559508,20,0,0.006098579620651856
2024-10-18,5.4768728061258765,0.005684759606557826,0.0010379572080256143,20,0,0.012483097405318944
2024-10-21,5.540837540994853,0.005684759606557826,0.0010259747853096468,20,0,0.011679061598332652
2024-10-22,5.518343253039393,4.916958496175433e-16,8.910207775616841e-17,20,0,-0.004059727033870364
2024-10-23,5.5498165947480995,4.916958496175433e-16,8.859677454617955e-17,20,0,0.0057034041315520145
2024-10-24,5.482264848261518,4.916958496175433e-16,8.968845235075885e-17,20,0,-0.012171888085546367
2024-10-25,5.528911437257286,4.916958496175433e-16,8.893176445261668e-17,20,1,0.008508634713363161
2024-10-28,5.57553946974631,4.916958496175433e-16,8.818803136190796e-17,20,1,0.008433492382390995
2024-10-29,5.488376614041096,4.916958496175433e-16,8.958857676778621e-17,20,1,-0.015633080202942296
2024-10-30,5.49398799411375,4.916958496175433e-16,8.949707391868083e-17,20,1,0.0010224116286587925
2024-10-31,5.548517025767967,1.1102230246251565e-16,2.0009365015357255e-17,21,1,0.009925218568485938
2024-11-01,5.45940916541317,1.1102230246251565e-16,2.0335955613268904e-17,21,0,-0.01605976154366462
2024-11-04,5.586553068898757,0.0012957853040039843,0.0002319471932018028,21,0,0.023288949341089493
2024-11-05,5.675380874340017,0.0012957853040039843,0.00022831688880346196,21,0,0.0159002884866124
2024-11-06,5.6765394862681156,0.0012957853040039843,0.0002282702881110165,21,0,0.00020414699096882316
2024-11-07,5.718801499003832,0.22753360306107975,0.039786938417204064,20,0,0.0074450310506868345
2024-11-08,5.770227902853852,0.5157485294375097,0.08938096347675101,19,0,0.008992514228545634
2024-11-11,5.900313147897537,0.5157485294375097,0.08741036560428776,19,0,0.02254421267821094
2024-11-12,5.877993165610091,-3.3306690738754696e-16,-5.66633709845386e-17,20,0,-0.0037828470672609527
2024-11-13,5.851362467774904,0.29725742177998665,0.05080140282149102,19,0,-0.004530576522441931
2024-11-14,5.749900356424882,0.29725742177998665,0.05169783880651673,19,0,-0.017339912184350714
2024-11-15,5.716493483393069,0.5629553014488695,0.09847912939712178,18,0,-0.005809991645243762
2024-11-18,5.625808810998226,0.5629553014488695,0.10006655404789351,18,0,-0.015863688580821544
2024-11-19,5.700185636220624,0.5629553014488695,0.09876087155332085,18,0,0.01322064572777415
2024-11-20,5.777525988139228,0.5629553014488695,0.09743881768850007,18,0,0.013568040912064427
2024-11-21,5.776171219150176,0.0,0.0,20,0,-0.00023448946691595474
2024-11-22,5.687078831065204,0.0,0.0,20,0,-0.015424125204183237
2024-11-25,5.721391139940239,0.0,0.0,20,0,0.006033380210523243
2024-11-26,5.720395463347254,0.0,0.0,20,0,-0.00017402700997559695
2024-11-27,5.76088372750312,0.0,0.0,20,0,0.007077878516492442
2024-11-28,5.787378415772012,0.0,0.0,20,0,0.004599066657499762
2024-11-29,5.834567554610254,0.0,0.0,20,0,0.008153802196455562
2024-12-02,5.901017416102368,0.0,0.0,20,0,0.011388995134627988
2024-12-03,5.89744544172239,0.0,0.0,20,0,-0.0006053150038553001
2024-12-04,5.800380535030929,0.0,0.0,20,0,-0.0164588053676189
2024-12-05,5.8531359910793705,0.2746167309274795,0.04691787980768199,19,0,0.009095171554664105
2024-12-06,5.844042021443254,0.2746167309274795,0.046990889168805075,19,0,-0.0015536918414292833
2024-12-09,5.872709515572637,0.2746167309274795,0.04676150424251013,19,0,0.004905422312877716
2024-12-10,5.904201036397686,0.2746167309274795,0.04651209015996357,19,0,0.005362349481366824
2024-12-11,5.926427900706729,-3.3306690738754696e-16,-5.620027999460326e-17,20,0,0.003764584602052201
2024-12-12,5.971985713698509,-3.3306690738754696e-16,-5.577155126536218e-17,20,0,0.0076872297706258585
2024-12-13,5.910299823148342,-3.3306690738754696e-16,-5.635363980741783e-17,20,0,-0.010329209329599132
2024-12-16,5.854026490113017,0.004167464121659798,0.0007118970385081639,20,0,-0.009521231531253949
2024-12-17,5.733522720501441,0.004167464121659798,0.0007268592669491192,20,0,-0.020584766709733304
2024-12-18,5.740174600575567,0.004167464121659798,0.0007260169614425886,20,0,0.0011601733172417195
2024-12-19,5.707273741933403,0.004167464121659798,0.0007302022489371646,20,0,-0.005731682558726359
2024-12-20,5.783788481258935,0.004167464121659798,0.0007205422769459027,20,0,0.013406530470643219
2024-12-23,5.710218489490163,-4.996003610813204e-16,-8.74923371147445e-17,20,0,-0.012720034974854078
2024-12-24,5.760715311696444,0.003774528955882607,0.0006552187969120566,20,0,0.008843238187684399
2024-12-25,5.731588790673098,0.003774528955882607,0.0006585484572837507,20,0,-0.005056059785528366
2024-12-26,5.811555153497214,0.003774528955882607,0.0006494869025911613,20,0,0.013951866706530591
2024-12-27,5.863492497959949,0.003774528955882607,0.0006437339106677219,20,0,0.00893690984442963
2024-12-30,5.8202310823484575,0.003774528955882607,0.0006485187447848872,20,0,-0.007378096864035011
2024-12-31,5.7387313667509146,1.1275702593849246e-17,1.9648423794810223e-18,20,0,-0.014002831579095654
2025-01-02,5.7073246224373095,1.1275702593849246e-17,1.9756546788176146e-18,20,0,-0.005472767813382906
2025-01-03,5.6523265919498025,1.1275702593849246e-17,1.9948781108841817e-18,20,0,-0.009636394304836315
2025-01-06,5.635651067230102,1.1275702593849246e-17,2.000780825380519e-18,20,1,-0.0029502054505220476
2025-01-07,5.6664331288648695,1.1275702593849246e-17,1.9899118788520947e-18,20,0,0.005462024044348368
2025-01-08,5.602568362455775,0.19211882278777404,0.034291205454128997,19,0,-0.01127071739076324
2025-01-09,5.636283875874606,0.19211882278777404,0.034086079945354446,19,0,0.006017867384674247
2025-01-10,5.582382545756737,0.19211882278777404,0.03441520197031406,19,0,-0.00956327454488004
2025-01-13,5.571547582173215,0.0,0.0,20,0,-0.0019409210126162257
2025-01-14,5.683313628838687,0.0,0.0,20,0,0.020060143975630718
2025-01-15,5.668661911299913,0.0,0.0,20,0,-0.002578023754386316
2025-01-16,5.653676551042416,0.0,0.0,20,0,-0.002643544542253462
2025-01-17,5.707447634660117,0.0,0.0,20,0,0.009510817099677604
2025-01-20,5.748037624398988,0.0,0.0,20,0,0.007111758589317008
2025-01-21,5.741589544431058,-3.3306690738754696e-16,-5.800952938382694e-17,20,0,-0.001121788058686235
2025-01-22,5.717551977782746,-3.3306690738754696e-16,-5.825341136937238e-17,20,0,-0.004186570019033664
2025-01-23,5.717334301076155,-3.3306690738754696e-16,-5.825562925800138e-17,20,0,-3.807166203928514e-05
2025-01-24,5.769067455862698,-3.3306690738754696e-16,-5.773323157264775e-17,20,0,0.009048474702066267
2025-01-27,5.709593712979692,-3.3306690738754696e-16,-5.833460735225025e-17,20,0,-0.010309073925382384
2025-02-05,5.774055105795801,-3.3306690738754696e-16,-5.768336139591492e-17,20,0,0.011290013975875146
2025-02-06,5.882235246062995,-3.3306690738754696e-16,-5.662250716859208e-17,20,0,0.018735557296397642
2025-02-07,5.878048111292798,-3.3306690738754696e-16,-5.666284131762463e-17,20,0,-0.0007118271532917664
2025-02-10,5.8916629942806145,0.0034240409090359972,0.000581167136063267,20,0,0.002316225170335029
2025-02-11,5.89102888661914,-1.1102230246251565e-16,-1.8845995258093416e-17,20,0,-0.00010762795870877806
2025-02-12,5.893421785926278,-1.1102230246251565e-16,-1.8838343240193883e-17,20,0,0.00040619378264672434
2025-02-13,5.882313090034115,0.26912284728758795,0.045751193989238534,19,0,-0.001884931419415925
2025-02-14,5.897233427075975,0.26912284728758795,0.04563544085807489,19,0,0.0025364744809552864
2025-02-17,5.945063320596231,0.26912284728758795,0.045268289465518696,19,0,0.008110564743910809
2025-02-18,5.900540456109357,0.26912284728758795,0.04560986392508182,19,0,-0.007489047985852038
2025-02-19,5.9499976219066,0.26912284728758795,0.04523074871437529,19,0,0.00838180267809796
2025-02-20,6.069432118688725,0.26912284728758795,0.04434069646465225,19,0,0.020073032692045523
2025-02-21,6.13634045088247,-6.188626000547259e-16,-1.008520640287693e-16,20,0,0.0110238208262885
2025-02-24,6.125561941726967,0.002294474123160961,0.00037457365462769033,20,0,-0.001756504425036054
2025-02-25,6.217341173737027,0.002294474123160961,0.0003690442681275335,20,0,0.014982989786596512
2025-02-26,6.2693134221544025,0.002294474123160961,0.000365984912327526,20,0,0.008359240222639563
2025-02-27,6.219033482925641,0.002294474123160961,0.00036894384464409793,20,0,-0.008020007270825302
2025-02-28,6.071003918306629,0.002294474123160961,0.0003779398191857786,20,0,-0.023802664035404764
2025-03-03,6.040518874250549,-6.106226635438361e-16,-1.0108778339337553e-16,20,0,-0.005021417292147556
2025-03-04,6.097562076720799,-6.106226635438361e-16,-1.001420987373075e-16,20,0,0.009443427569345575
2025-03-05,6.172398675390159,-6.106226635438361e-16,-9.892793639180127e-17,20,0,0.012273199965453507
2025-03-06,6.310986453238339,-6.106226635438361e-16,-9.675550218151854e-17,20,0,0.022452823470515693
2025-03-07,6.2970194635455705,0.002288053865142567,0.00036335505684688895,20,0,-0.0022131230666169177
2025-03-10,6.336398752410343,0.002288053865142567,0.00036109688713517276,20,0,0.006253639375381592
2025-03-11,6.285361086648922,-1.0495077029659683e-16,-1.669765171002323e-17,20,0,-0.008054680230155431
2025-03-12,6.346309739470621,-1.0495077029659683e-16,-1.6537290898970734e-17,20,0,0.00969692146266099
2025-03-13,6.270925543886709,0.3042288952267587,0.04851419349466525,19,0,-0.011878429934653711
2025-03-14,6.315515377162071,0.3042288952267587,0.0481716656611905,19,0,0.007110566528545581
2025-03-17,6.329303508190915,0.6049345043330981,0.09557678874938401,18,0,0.0021832154947645233
2025-03-18,6.339175637547849,0.6049345043330981,0.09542794503909689,18,0,0.001559749717193748
2025-03-19,6.325297130145025,0.9074816057061638,0.14346861294172233,17,0,-0.002189323690705014
2025-03-20,6.298723552366477,1.2015519396439123,0.1907611803652631,16,0,-0.004201158812272121
2025-03-21,6.217226719079658,1.6653345369377348e-16,2.6785810011191868e-17,20,0,-0.012938626788311702
2025-03-24,6.144464012579401,1.6653345369377348e-16,2.7103007414940324e-17,20,0,-0.011703402463506873
2025-03-25,6.152875804610259,1.6653345369377348e-16,2.706595403225796e-17,20,0,0.0013690033847764127
2025-03-26,6.197631061802173,1.6653345369377348e-16,2.687050133076947e-17,20,0,0.00727387625122855
2025-03-27,6.215195655531113,0.0014624989287750348,0.0002353101993617059,20,0,0.002834081853822612
2025-03-28,6.150015181419174,0.0014624989287750348,0.00023780411684082208,20,0,-0.010487276302224458
2025-03-31,6.129839510203588,0.0024981153178990265,0.0004075335600125781,20,0,-0.003280588847413113
2025-04-01,6.175439368423561,0.0,0.0,20,0,0.00743899708044049
2025-04-02,6.163606780420427,0.0,0.0,20,0,-0.001916072249634082
2025-04-03,6.124244762537773,0.0,0.0,20,0,-0.006386198744490423
2025-04-07,5.768921077862278,0.0,0.0,20,0,-0.05801918415296248
2025-04-08,5.817938809348552,0.0,0.0,20,0,0.008496862901171243
2025-04-09,5.9268704262595024,0.0,0.0,20,0,0.01872340367965264
2025-04-10,6.030644431332455,0.0,0.0,20,0,0.017509072682468707
2025-04-11,5.982795114634668,-5.551115123125783e-16,-9.27846435781673e-17,20,0,-0.007934362113803828
2025-04-14,6.030365916730281,-5.551115123125783e-16,-9.205270790823996e-17,20,0,0.007951267122493944
2025-04-15,6.0102995366468575,-5.551115123125783e-16,-9.236004111406978e-17,20,0,-0.0033275559660073117
2025-04-16,5.935939832529905,-5.551115123125783e-16,-9.351703824059637e-17,20,0,-0.012372046295455963
2025-04-17,5.927188056847838,0.29523571041804886,0.04981041728159025,19,0,-0.001474370685852655
2025-04-18,5.908821915296776,0.29523571041804886,0.04996524089746922,19,0,-0.003098626427053053
2025-04-21,5.962747069326774,0.29743117135983105,0.0498815676569378,19,0,0.00912621074099329
2025-04-22,5.988552356094943,-4.996003610813204e-16,-8.342589850998703e-17,20,0,0.004327751364956445
2025-04-23,6.000289602291625,-4.996003610813204e-16,-8.32627080017127e-17,20,0,0.001959947162311515
2025-04-24,5.953642544666393,-4.996003610813204e-16,-8.391507507095643e-17,20,0,-0.007774134369683772
2025-04-25,5.984188885683214,-4.996003610813204e-16,-8.34867298852451e-17,20,0,0.005130697852222532
2025-04-28,5.936663123147208,0.5623589838180445,0.09472644348394837,18,0,-0.00794188877455193
2025-04-29,5.987551864062718,0.5623589838180445,0.0939213549352821,18,0,0.008571943507640345
2025-04-30,5.96811349276779,0.5623589838180445,0.09422726033938796,18,0,-0.003246463953255674
2025-05-06,6.052271241122337,-4.440892098500626e-16,-7.33756291080752e-17,20,0,0.014101231227678701
2025-05-07,6.068372637716889,-4.440892098500626e-16,-7.318093933287901e-17,20,0,0.002660389125515472
2025-05-08,6.13943991595807,-4.440892098500626e-16,-7.233383108705963e-17,20,0,0.01171109331676079
2025-05-09,6.106903902396834,-4.440892098500626e-16,-7.271920713796836e-17,20,0,-0.0052995084252989155
2025-05-12,6.149342924586687,-4.440892098500626e-16,-7.221734342940566e-17,20,0,0.006949351564742523
2025-05-13,6.1572879148483,-1.0321604682062002e-16,-1.6763232164556496e-17,20,0,0.0012920063751604705
2025-05-14,6.1528520277211864,-1.0321604682062002e-16,-1.6775317585339013e-17,20,0,-0.0007204287323346881
2025-05-15,6.1240463926519695,-1.0321604682062002e-16,-1.6854223531759227e-17,20,0,-0.004681672001770165
2025-05-16,6.153161484479627,-1.0321604682062002e-16,-1.6774473915720578e-17,20,0,0.004754224569982313
2025-05-19,6.184612914327259,-1.0321604682062002e-16,-1.6689168465420042e-17,20,0,0.005111426041225053
2025-05-20,6.309374938272623,-1.0321604682062002e-16,-1.635915567396577e-17,20,0,0.02017297212835123
2025-05-21,6.288299332207066,2.7755575615628914e-17,4.413844530821224e-18,20,0,-0.003340363549757197
2025-05-22,6.235466684323478,2.7755575615628914e-17,4.451242708971394e-18,20,0,-0.008401738704293615
2025-05-23,6.2085564835381915,2.7755575615628914e-17,4.470536056041694e-18,20,0,-0.004315667478897889
2025-05-26,6.193456295665183,2.7755575615628914e-17,4.481435613754975e-18,20,0,-0.0024321576058856653
2025-05-27,6.182386277088257,2.7755575615628914e-17,4.4894599547249686e-18,20,0,-0.0017873733257266489
2025-05-28,6.160017935059736,2.7755575615628914e-17,4.505762143590213e-18,20,0,-0.0036180757762447335
2025-05-29,6.22093193809401,0.3076895552413853,0.04946036354412459,19,0,0.009888608065178106
2025-05-30,6.201163350846508,0.3076895552413853,0.04961803742831307,19,0,-0.0031777533405322744
2025-06-03,6.225945181461171,-8.881784197001252e-16,-1.4265760359484536e-16,20,0,0.00399631959562563
2025-06-04,6.262036939139107,-8.881784197001252e-16,-1.4183538492863478e-16,20,0,0.00579699252499144
2025-06-05,6.288084794235729,0.005714751108896504,0.0009088222083352313,20,0,0.004159645711097282
2025-06-06,6.28675730605451,0.005714751108896504,0.0009090141118367761,20,0,-0.00021111168577681028
2025-06-09,6.350167962325789,0.005714751108896504,0.0008999370005330444,20,0,0.010086385267363607
2025-06-10,6.32080745285006,0.005714751108896504,0.0009041172589935035,20,0,-0.004623579982438009
2025-06-11,6.354692691070232,0.0,0.0,20,0,0.0053609034087716
2025-06-12,6.338067258345733,0.0,0.0,20,0,-0.0026162449598643445
2025-06-13,6.29194712929846,0.0,0.0,20,0,-0.007276686593463255
2025-06-16,6.345312877471257,0.0,0.0,20,0,0.00848159513678981
2025-06-17,6.365004085315048,0.0,0.0,20,0,0.0031032682271199263
2025-06-18,6.305009511115025,0.0,0.0,20,0,-0.009425692960423837
2025-06-19,6.23330117422708,0.0,0.0,20,0,-0.011373232151598134
2025-06-20,6.224591834036744,0.0,0.0,20,0,-0.0013972275599880568
2025-06-23,6.28878131968672,0.0,0.0,20,0,0.010312240121349125
2025-06-24,6.44253084156063,0.0,0.0,20,0,0.024448222009660903
2025-06-25,6.508484617570542,0.307344347692,0.04722210556698282,19,0,0.010237246453590254
2025-06-26,6.407826156115416,0.307344347692,0.04796390229761161,19,0,-0.015465729331738065
2025-06-27,6.511442245837343,0.3098049171927906,0.04757854028281426,19,0,0.01617024045245663
2025-06-30,6.518732996968185,0.3098049171927906,0.04752532698254071,19,0,0.0011196829911994666
2025-07-01,6.547568686947555,1.1102230246251565e-16,1.6956263885224506e-17,20,0,0.0044235114389223895
2025-07-02,6.476442107230102,1.1102230246251565e-16,1.7142483577298367e-17,20,0,-0.010863052091265923
2025-07-03,6.529222396464428,1.1102230246251565e-16,1.7003908845658895e-17,20,0,0.008149580952079294
2025-07-04,6.49123013001802,1.1102230246251565e-16,1.7103430357383962e-17,20,0,-0.005818804160657942
2025-07-07,6.454518255241799,0.29256923691824777,0.04532781926531054,19,0,-0.005655611346522926
2025-07-08,6.510523351395607,0.29256923691824777,0.04493789840344127,19,0,0.008676882447164136
2025-07-09,6.476656599548049,0.29256923691824777,0.04517288085625285,19,0,-0.005201847842278062
2025-07-10,6.4830250673245695,0.29256923691824777,0.045128506195794484,19,0,0.0009832955752147043
2025-07-11,6.470179175797619,1.1102230246251565e-16,1.715907696618452e-17,20,0,-0.00198146565739743
2025-07-14,6.476025379317743,1.1102230246251565e-16,1.714358668467911e-17,20,0,0.0009035613019794386
2025-07-15,6.468469028213304,1.1102230246251565e-16,1.7163613519408288e-17,20,0,-0.0011668192543795586
2025-07-16,6.555562667382725,0.5846891615569048,0.0891897753439277,18,0,0.01346433580953188
2025-07-17,6.660153556925305,0.5846891615569048,0.08778914128022441,18,0,0.015954525164250777
2025-07-18,6.688892618900521,0.5846891615569048,0.08741195215255412,18,0,0.004315074979815314
2025-07-21,6.689426322229264,0.5846891615569048,0.08740497815394968,18,0,7.978948970333022e-05
2025-07-22,6.706547616410946,-2.0469737016526324e-16,-3.0522018462132146e-17,20,0,0.002559456275762706
2025-07-23,6.676622433499612,-2.0469737016526324e-16,-3.0658820714228894e-17,20,0,-0.004462084610881822
2025-07-24,6.7584086432768,-2.0469737016526324e-16,-3.0287806045716724e-17,20,0,0.012249638285194875
2025-07-25,6.754045719544277,-2.0469737016526324e-16,-3.030737111727384e-17,20,0,-0.0006455548876677097
2025-07-28,6.743081998589074,-2.0469737016526324e-16,-3.0356648518895994e-17,20,0,-0.0016232820165071882
2025-07-29,6.826181464561151,-2.0469737016526324e-16,-2.998709765158917e-17,20,0,0.012323662383086242
2025-07-30,6.8252148332292375,-2.0469737016526324e-16,-2.999134461946512e-17,20,0,-0.00014160645112237802
2025-07-31,6.751272338353748,-6.106226635438361e-16,-9.044556832271594e-17,20,0,-0.010833724165793757
2025-08-01,6.80131604432462,0.32932848735396086,0.048421288645859956,19,0,0.0074124851528467595
2025-08-04,6.866390231123241,0.6521914078957504,0.09498315504114035,18,0,0.009567881623869345
2025-08-05,6.953635760305216,0.6521914078957504,0.09379142514463883,18,0,0.01270617110960548
2025-08-06,7.017464138863262,0.6521914078957504,0.09293833142429096,18,0,0.009179137469697451
2025-08-07,6.976536887145005,0.6521914078957504,0.09348354612694457,18,0,-0.005832199624875689
2025-08-08,7.036139605841619,0.6521914078957504,0.09269165258663728,18,0,0.008543310192545395
2025-08-11,7.153562366255617,0.6521914078957504,0.09117015753888316,18,0,0.016688520551313424
2025-08-12,7.084111623039074,3.95516952522712e-16,5.5831552856452e-17,20,0,-0.009708553537486786
2025-08-13,7.086660340010169,0.3557728667633658,0.05020317747624056,19,0,0.00035977933532360673
2025-08-14,7.001150978005887,0.3557728667633658,0.050816339753424276,19,1,-0.012066242475529565
2025-08-15,7.128988004505224,0.3557728667633658,0.04990510105200515,19,1,0.018259430042422586
2025-08-18,7.219221239294542,0.6950049576954577,0.09627145846597897,18,1,0.012657229151219473
2025-08-19,7.263667948254627,0.6950049576954577,0.09568236910698252,18,1,0.006156717945996704
2025-08-20,7.243570706982867,0.6950049576954577,0.09594783923700319,18,1,-0.0027668171803735264
2025-08-21,7.3795548293039,-8.881784197001252e-16,-1.203566394239943e-16,21,1,0.018773078613002703
2025-08-22,7.395404907637439,-8.881784197001252e-16,-1.2009868706213487e-16,21,1,0.002147836651419599
2025-08-25,7.405881946866158,0.28803409279249675,0.03889261196154768,20,1,0.0014166958211982994
2025-08-26,7.384391144656604,0.5878156411888327,0.07960245193866526,19,1,-0.002901855898290173
2025-08-27,7.165623564154751,0.5878156411888327,0.0820327269393994,19,1,-0.02962567613447109
2025-08-28,7.13700513764265,0.9358998953797942,0.1311334204375985,18,0,-0.0039938501172823715
2025-08-29,7.044719179587046,0.9358998953797942,0.13285127079184095,18,1,-0.01293062794208466
2025-09-01,7.059107878451616,0.9408710654354392,0.13328469852507976,18,1,0.002042480118478407
2025-09-02,6.976857786525278,0.9408710654354392,0.13485599022135528,18,1,-0.011651626996296849
2025-09-03,6.98161909201176,0.9408710654354392,0.13476402150211353,18,1,0.0006824426743623491
2025-09-04,6.9974860666034395,0.9408710654354392,0.13445844071428575,18,1,0.002272678354772184
2025-09-05,7.124388953579149,0.9408710654354392,0.1320634052360048,18,0,0.018135496915295368
2025-09-08,7.200243446061803,0.9408710654354392,0.1306721185864975,18,0,0.01064715766880564
2025-09-09,7.230433750110093,0.9408710654354392,0.1301265038796757,18,0,0.004192956012452953
2025-09-10,7.103286188314816,0.9490479213318027,0.13360688224740597,18,0,-0.017585053150281693
2025-09-11,7.178415701274417,-1.6653345369377348e-15,-2.319919333512658e-16,20,0,0.010576726175441475
2025-09-12,7.204865799808218,-1.6653345369377348e-15,-2.3114025759953275e-16,20,0,0.003684670773399734
2025-09-15,7.139693338999676,-1.6653345369377348e-15,-2.332501492523572e-16,20,0,-0.009045617589473642
2025-09-16,7.131410511849202,-1.6653345369377348e-15,-2.335210592870368e-16,20,0,-0.001160109651380914
2025-09-17,7.203181539408817,0.3336866927540185,0.04632490392313575,19,0,0.010064071818662423
2025-09-18,7.156381740046741,0.6639405076909876,0.09277600494333763,18,0,-0.006497101191471177
2025-09-19,7.110489596797731,0.6639405076909876,0.09337479489316725,18,0,-0.006412757859492024
2025-09-22,7.100111326562311,0.6639405076909876,0.093511281324155,18,0,-0.0014595718190901774
2025-09-23,7.0791209230606205,-1.1102230246251565e-16,-1.568306342964908e-17,20,0,-0.0029563485044470372
2025-09-24,7.175398532217356,-1.1102230246251565e-16,-1.5472632211859503e-17,20,0,0.013600221016582204
2025-09-25,7.194059132587448,-1.1102230246251565e-16,-1.5432497900887404e-17,20,0,0.0026006360881987156
2025-09-26,7.149937949848473,-1.1102230246251565e-16,-1.552772950496284e-17,20,0,-0.00613300251302018
2025-09-29,7.22474185550173,0.0026506086098633842,0.0003668793519376631,20,0,0.010462175501095405
2025-09-30,7.24001494231362,0.0026506086098633842,0.0003661054059946947,20,0,0.002113997581831839
2025-10-09,7.223057861185916,-4.440892098500626e-16,-6.148216148681799e-17,20,0,-0.0023421334434823304
2025-10-10,7.2285068630871745,-4.440892098500626e-16,-6.143581492850648e-17,20,0,0.0007543899005073573
2025-10-13,7.209461463756959,-1.1102230246251565e-16,-1.5399527831675273e-17,20,0,-0.002634762571433913
2025-10-14,7.129800585472044,-1.1102230246251565e-16,-1.5571585927485683e-17,20,0,-0.011049490823327512
2025-10-15,7.174041553575629,0.34835170792190023,0.04855724703020121,19,0,0.006205077908312262
2025-10-16,7.1032468873262475,0.34835170792190023,0.04904119390013547,19,0,-0.009868170642822194
2025-10-17,7.037159086134495,0.34835170792190023,0.04950175257630129,19,0,-0.009303886270610628
2025-10-20,7.073414664005262,0.34835170792190023,0.04924802580775732,19,0,0.0051520190785798725
2025-10-21,7.159994177082517,-8.400398432417688e-16,-1.1732409586736004e-16,20,0,0.012240129723743554
2025-10-22,7.104416355388001,-8.400398432417688e-16,-1.1824192181595341e-16,20,0,-0.007762271912511776
2025-10-23,7.0865814205281685,-8.400398432417688e-16,-1.1853950351976058e-16,20,0,-0.0025104011318687336
2025-10-24,7.1264293287303975,-8.400398432417688e-16,-1.178766819247228e-16,20,0,0.005623008590122103
2025-10-27,7.164735349564,-8.400398432417688e-16,-1.1724645813929308e-16,20,0,0.005375205319046783
2025-10-28,7.13100204723332,-8.400398432417688e-16,-1.178010941067794e-16,20,0,-0.004708241223834286
2025-10-29,7.142783598040227,-8.400398432417688e-16,-1.1760678896561438e-16,20,0,0.0016521592237486171
2025-10-30,7.062687289196189,-8.400398432417688e-16,-1.1894054045501632e-16,20,0,-0.011213598696454108
2025-10-31,7.095094685780655,-1.1102230246251565e-16,-1.564775487563492e-17,20,0,0.004588536240878183
2025-11-03,7.099218592941227,-1.1102230246251565e-16,-1.563866515857188e-17,20,0,0.0005812335625114962
2025-11-04,7.039734394577389,0.3337579091409408,0.04741058262056448,19,0,-0.008378978275578652
2025-11-05,7.082659001766195,0.3337579091409408,0.047123249765054616,19,0,0.006097475385132389
2025-11-06,7.123945143291389,0.3337579091409408,0.04685015148596985,19,0,0.005829186681852061
2025-11-07,7.124716490784085,0.3337579091409408,0.04684507931966992,19,0,0.00010827532738955092
2025-11-10,7.138513997751423,0.3337579091409408,0.04675453592247237,19,0,0.001936569263518928
2025-11-11,7.1294265363049405,-2.7755575615628914e-16,-3.8931007247623806e-17,20,0,-0.0012730186491677342
2025-11-12,7.115516139216857,-2.7755575615628914e-16,-3.900711497603845e-17,20,0,-0.0019511242618530655
2025-11-13,7.179388453011508,-2.7755575615628914e-16,-3.866008337240256e-17,20,0,0.008976483581088601
2025-11-14,7.118157516826421,-2.7755575615628914e-16,-3.8992640370795754e-17,20,0,-0.008528711962841662
2025-11-17,7.096963670751332,0.3339002033002916,0.0470483179555212,19,0,-0.0029774342623057892
2025-11-18,7.08179594532746,0.3339002033002916,0.047149085610211285,19,0,-0.0021372133390484827
2025-11-19,7.061828699664005,0.3339002033002916,0.04728239914912949,19,0,-0.0028195172266477497
2025-11-20,7.0594039413120555,0.3339002033002916,0.047298639669319326,19,0,-0.00034336125316447585
2025-11-21,6.990939388393313,3.3285006695304986e-16,4.761163678598948e-17,20,0,-0.009698347550008313
2025-11-24,7.06119524831484,0.35606351365339595,0.050425388497559356,19,0,0.010049559296447352
2025-11-25,7.06699820224118,0.35606351365339595,0.05038398248643623,19,0,0.0008218090170675207
2025-11-26,6.976959337752804,0.35606351365339595,0.05103419647678207,19,0,-0.012740751010778761
2025-11-27,6.961868781200969,0.35606351365339595,0.05114481827277023,19,0,-0.0021629130716269707
2025-11-28,7.05132590407324,0.6748399085478245,0.09570397365380591,18,0,0.012849584742796516
2025-12-01,7.009470916049802,0.6748399085478245,0.09627544170311382,18,0,-0.00593576138627494
2025-12-02,6.971008604422752,0.6802029984641068,0.09757598032981231,18,0,-0.005487191841966443
2025-12-03,6.956508953383822,0.6802029984641068,0.0977793607428966,18,0,-0.0020799932781220276
2025-12-04,6.967369669671771,1.0060685669676683,0.14439718497311535,17,0,0.0015612308358585736
2025-12-05,7.038375105894712,1.0060685669676683,0.14294045881770007,17,0,0.010191139495873136
2025-12-08,7.105914766698539,1.0060685669676683,0.14158185117594582,17,0,0.009595916640939173
2025-12-09,7.05060770136209,1.0060685669676683,0.14269246135667263,17,0,-0.007783243558681874
2025-12-10,7.125253419126768,1.0060685669676683,0.14119758383147676,17,0,0.010587132475156302
2025-12-11,7.006709553549551,-9.992007221626409e-16,-1.4260627110716366e-16,20,0,-0.016637143776388696
2025-12-12,7.027373625522731,-9.992007221626409e-16,-1.4218693574703955e-16,20,0,0.002949183466968819
2025-12-15,6.9944685431995115,0.3298539921507054,0.04715926451215674,19,0,-0.004682415376878746
2025-12-16,6.942792219127731,0.3298539921507054,0.04751027853634184,19,0,-0.0073881702022984275
2025-12-17,7.007521417835805,0.3298539921507054,0.0470714211891167,19,0,0.009323222799285436
2025-12-18,7.0976537394881385,0.3298539921507054,0.04647366640549775,19,0,0.01286222563985695
2025-12-19,7.110609597899426,0.3298539921507054,0.04638898924336232,19,0,0.0018253720013428065
2025-12-22,7.120461301405811,0.3298539921507054,0.04632480652420391,19,0,0.0013854935179249406
2025-12-23,7.058906222870517,-5.551115123125783e-16,-7.86398763188047e-17,20,0,-0.008644816105262909
2025-12-24,7.111236480204041,0.7048380355666495,0.09911610133184964,18,0,0.007413366275355271
2025-12-25,7.201865136456955,0.7048380355666495,0.09786881900893289,18,0,0.012744430100897652
2025-12-26,7.175006454630569,0.7048380355666495,0.09823517790869228,18,0,-0.003729406385357348
2025-12-29,7.1462464282480225,0.7048380355666495,0.09863052479977912,18,0,-0.004008362440424795
2025-12-30,7.159951028948097,0.7074755548348073,0.0988101108477478,18,0,0.0019177341332510256
2025-12-31,7.187950915299047,0.0,0.0,20,0,0.003910625399216494
2026-01-05,7.297519304719019,0.3594229905361099,0.04925276323745867,19,0,0.015243341351533601
2026-01-06,7.369931433469773,0.3594229905361099,0.0487688377810176,19,0,0.009922841684560924
2026-01-07,7.473864038164078,0.3594229905361099,0.04809065146231916,19,0,0.014102248525991179
2026-01-08,7.520752478559616,0.3594229905361099,0.047790828319475155,19,0,0.006273654451848465
2026-01-09,7.528744106269138,0.3594229905361099,0.04774009920682795,19,0,0.0010626101220994055
2026-01-12,7.759008176466905,0.6986350034133907,0.09004179239459403,18,0,0.030584658868406445
2026-01-13,7.672232930735989,-5.551115123125783e-16,-7.235331843076967e-17,20,0,-0.011183806455328349
2026-01-14,7.677810941842065,-5.551115123125783e-16,-7.230075297730574e-17,20,0,0.0007270388107911696
2026-01-15,7.699589859285725,-5.551115123125783e-16,-7.209624440490325e-17,20,0,0.002836605069938658
2026-01-16,7.697201015709934,-5.551115123125783e-16,-7.211861963583898e-17,20,0,-0.00031025595121925154
2026-01-19,7.781087866700274,0.35016369447183415,0.045001894397104156,19,0,0.010898357834117522
2026-01-20,7.698324494137435,0.35016369447183415,0.04548570208212151,19,0,-0.010636478340905309
2026-01-21,7.802669291930754,-1.887379141862766e-15,-2.418889063790807e-16,20,0,0.013554221814471523
2026-01-22,7.854479892987739,0.39896281445390364,0.05079430081807027,19,0,0.006640112392122699
2026-01-23,7.866964678677757,0.39896281445390364,0.05071369082604798,19,0,0.0015895114457118442
2026-01-26,7.737486602850341,0.7777884546262901,0.10052210679625187,18,0,-0.01645845394200729
2026-01-27,7.737270721773118,0.7777884546262901,0.10052491150885406,18,0,-2.7900672182501474e-05
2026-01-28,7.792969600365977,0.7777884546262901,0.099806427397043,18,0,0.007198775976148708
2026-01-29,7.736909572889161,0.7777884546262901,0.1005296038810809,18,0,-0.007193666901277651
2026-01-30,7.674305025938228,0.7777884546262901,0.10134969251254135,18,0,-0.008091673601861027
2026-02-02,7.518811813407869,0.0,0.0,20,0,-0.020261536647919298
2026-02-03,7.766593038959854,0.0,0.0,20,0,0.03295483803838928
2026-02-04,7.700347196919378,0.0,0.0,20,0,-0.008529588419035727
2026-02-05,7.640099674104814,0.0,0.0,20,0,-0.007824000824101396
2026-02-06,7.757173341368511,0.3484755649995414,0.04492300863526453,19,0,0.015323578520906489
2026-02-09,7.8573119134838745,0.7206969245476104,0.09172308958625248,18,0,0.012909157460918141
2026-02-10,7.929577797736208,0.7206969245476104,0.09088717494560178,18,0,0.009197278286524169
2026-02-11,7.920885237197386,1.1102230246251565e-16,1.4016400836252768e-17,20,0,-0.0010962198443028592
2026-02-12,7.876359019597793,1.1102230246251565e-16,1.4095637614571945e-17,20,0,-0.005621368857926856
2026-02-13,7.836132134146057,0.7900156781280832,0.10081704399618004,18,0,-0.005107294544553387
2026-02-24,7.890390587144441,0.797266350960883,0.10104269771636444,18,0,0.006924137070373204
2026-02-25,7.897612492069215,2.220446049250313e-16,2.8115408947705216e-17,20,0,0.000915278508080597
2026-02-26,7.840934146544414,2.220446049250313e-16,2.83186417300659e-17,20,0,-0.0071766430147994775
2026-02-27,7.851980536452815,2.220446049250313e-16,2.827880225812957e-17,20,0,0.00140881044298391
2026-03-02,7.785054497929416,0.36975625573451215,0.04749565411942279,19,0,-0.008523459554273582
2026-03-03,7.639381037880521,0.36975625573451215,0.048401336954007695,19,0,-0.01871193837983265
2026-03-04,7.661258290613427,0.7139145923905944,0.0931850311410702,18,0,0.0028637467648786608
2026-03-05,7.691559191446952,0.7139145923905944,0.09281792866971245,18,0,0.003955081487156065
2026-03-06,7.7237164000703675,0.7139145923905944,0.09243148704736107,18,0,0.004180843938531131
2026-03-09,7.6955166934366135,0.7139145923905944,0.0927701960544743,18,0,-0.003651054126417308
2026-03-10,7.739127623907892,0.7139145923905944,0.092247424656127,18,0,0.005667056834334883
2026-03-11,7.7238372957665815,-5.551115123125783e-16,-7.186991272030467e-17,20,0,-0.001975717275171429
2026-03-12,7.573267305093144,-5.551115123125783e-16,-7.329881409827656e-17,20,0,-0.01949419503644445
2026-03-13,7.451244057478121,0.3663159706870684,0.04916171955466029,19,0,-0.016112365072993073
2026-03-16,7.473397690482983,1.0332826943301003,0.13826143571162242,17,0,0.002973145535694721
2026-03-17,7.326247297719453,1.0332826943301003,0.14103846790044136,17,0,-0.01968989191501469
2026-03-18,7.45375080757529,1.4245543483422947,0.19111912715065707,16,0,0.017403659018652817
2026-03-19,7.369804110045303,1.4245543483422947,0.193296094044152,16,0,-0.011262342905892564
2026-03-20,7.322919500055091,1.4245543483422947,0.19453366220010715,16,0,-0.006361717257356458
2026-03-23,7.285549481065192,-9.992007221626409e-16,-1.3714829948784476e-16,20,0,-0.005103158513434236
2026-03-24,7.515894828734982,-9.992007221626409e-16,-1.329450111971323e-16,20,0,0.031616743290049376
2026-03-25,7.5419486439621,-9.992007221626409e-16,-1.3248574994773753e-16,20,0,0.0034664954500838174
2026-03-26,7.4252345848525305,-9.992007221626409e-16,-1.3456823629532312e-16,20,0,-0.015475318729862741
2026-03-27,7.536410766586227,-9.992007221626409e-16,-1.3258310263457805e-16,20,0,0.014972750081256203
2026-03-30,7.497139955043377,-9.992007221626409e-16,-1.332775869404001e-16,20,0,-0.005210810923014453
2026-03-31,7.3966044363824635,-8.881784197001252e-16,-1.2007921031052407e-16,20,0,-0.01340984952445523
2026-04-01,7.537111677275127,0.35325163770789286,0.04686830351379417,19,0,0.01899618157238958
2026-04-02,7.483641592516893,0.35325163770789286,0.04720317419545042,19,0,-0.0070942407446940026
2026-04-03,7.491542928144135,0.7121497936929495,0.09506049695284453,18,0,0.001055814275652045
2026-04-07,7.569826992811011,0.7121497936929495,0.09407742004794444,18,0,0.010449658423871577
2026-04-08,7.715389966449847,0.7121497936929495,0.09230250146651206,18,0,0.01922936597851921
2026-04-09,7.6602578859084955,0.7121497936929495,0.09296681708366396,18,0,-0.007145728314588373
2026-04-10,7.6304315413195445,0.7121497936929495,0.09333021203802008,18,0,-0.0038936475812150206
2026-04-13,7.603005932679936,3.5041414214731503e-16,4.608889500416314e-17,20,0,-0.003594240835671725
2026-04-14,7.669773035998491,3.5041414214731503e-16,4.568768078307239e-17,20,0,0.008781671868960395
2026-04-15,7.7104175840342055,3.5041414214731503e-16,4.5446843614917824e-17,20,0,0.00529931561793906
2026-04-16,7.773673745567995,0.741549109706418,0.0953923632477112,18,0,0.008203986469523139
2026-04-17,7.8607203703191075,0.741549109706418,0.09433602453362867,18,0,0.011197617445771968
2026-04-20,8.042122791871966,0.741549109706418,0.09220813072586864,18,0,0.02307707347507315
2026-04-21,8.131922878782346,-1.6653345369377348e-16,-2.047897602771041e-17,20,0,0.01116621683532859
2026-04-22,8.27174545994994,0.39274560054549545,0.04748037792592717,19,0,0.017194282736302968
2026-04-23,8.227700731263559,0.3977105106319593,0.048337989387574797,19,0,-0.005324720024284746
2026-04-24,8.401162273429259,0.8740212529937769,0.1040357541667876,18,0,0.021082626584433495
2026-04-27,8.47440287952991,0.8740212529937769,0.1031366180506939,18,0,0.008717913512073405
2026-04-28,8.53735648653067,0.8810624654675162,0.10320085226118442,18,0,0.007428677618434465
2026-04-29,8.48587903520479,0.8810624654675162,0.1038268942807589,18,0,-0.006029671058845443
2026-04-30,8.426495628616605,0.8883049279322066,0.10541807259894603,18,0,-0.006997908683570198
2026-05-06,8.594466463367542,0.0,0.0,20,0,0.01993365239287659
2026-05-07,8.668083164868875,0.0,0.0,20,0,0.008565592967883617
2026-05-08,8.67102760186963,0.0,0.0,20,0,0.00033968721166499627
2026-05-11,8.708599108308354,0.42996295595201145,0.04937222974724023,19,0,0.004332993523238571
2026-05-12,8.509667595473337,5.551115123125783e-16,6.523304301661163e-17,20,0,-0.02284311292332064
2026-05-13,8.530204426174471,5.551115123125783e-16,6.50759916854101e-17,20,0,0.002413352868455121
2026-05-14,8.394937651209059,5.551115123125783e-16,6.612455450846973e-17,20,0,-0.015857389601397265
2026-05-15,8.358198700524643,5.551115123125783e-16,6.64152088508896e-17,20,0,-0.004376322042025538
2026-05-18,8.4431289277969,5.551115123125783e-16,6.574713202412577e-17,20,0,0.010161307515568652
2026-05-19,8.575918588557906,5.551115123125783e-16,6.472910237898185e-17,20,0,0.015727541518859134
2026-05-20,8.504595654136748,0.43414783371704097,0.0510486155218756,19,0,-0.008316652459401608
2026-05-21,8.427885040095857,-1.0495077029659683e-16,-1.2452800411644336e-17,20,0,-0.0090199013757436
2026-05-22,8.495961055287587,-1.0495077029659683e-16,-1.2353019230388205e-17,20,0,0.008077473158195403
2026-05-25,8.524110539316393,0.38320403444912465,0.044955310314389284,19,0,0.003313278373761719
2026-05-26,8.422886278206716,0.38320403444912465,0.045495572632937305,19,0,-0.011875052610215708
2026-05-27,8.351539677150535,0.38320403444912465,0.045884238028294944,19,0,-0.008470564447816686
2026-05-28,8.304018631116119,0.38320403444912465,0.04614681776040516,19,0,-0.005690094027144821
2026-05-29,8.159173245526361,1.1499127820626773,0.1409349633179035,17,0,-0.017442805950242612
2026-06-01,8.238089278593304,1.1499127820626773,0.139584889550873,17,0,0.009672062437234397
2026-06-02,8.255574701692582,1.5359246159598852,0.18604696480367203,16,0,0.002122509541710782
2026-06-03,8.25375560174101,1.5359246159598852,0.18608796892846016,16,0,-0.0002203480699167759
2026-06-04,8.178280485196606,1.5359246159598852,0.18780532396021896,16,0,-0.009144336249607976
2026-06-05,8.169482753032096,1.5359246159598852,0.18800757188572656,16,0,-0.0010757435111737879
2026-06-08,8.101139719032696,1.5359246159598852,0.18959364598433068,16,0,-0.008365650074239284
2026-06-09,8.269647513415064,1.5359246159598852,0.1857303607521724,16,0,0.0208005046483124
2026-06-10,8.141988525309364,1.5359246159598852,0.1886424441873708,16,0,-0.01543705313903787
2026-06-11,8.1799896377559,6.262351748276274e-16,7.655696431901946e-17,20,0,0.004667301154799075
2026-06-12,8.250401140440903,6.262351748276274e-16,7.590360325124278e-17,20,1,0.008607774068564611
2026-06-15,8.345689726056516,6.262351748276274e-16,7.503695864374464e-17,20,1,0.011549570014061317
2026-06-16,8.35669849344712,6.262351748276274e-16,7.493810807206791e-17,20,1,0.0013190961744278251
2026-06-17,8.2888728626286,6.262351748276274e-16,7.55513065776513e-17,20,1,-0.008116319007046346
2026-06-18,8.19859432761251,6.262351748276274e-16,7.638323715060452e-17,20,1,-0.010891533325733782
2026-06-22,8.211004369875884,6.262351748276274e-16,7.626779217474627e-17,20,1,0.0015136792683567712
2026-06-23,8.191456446020412,1.1102230246251565e-16,1.3553426450366187e-17,21,1,-0.002380698264780823
2026-06-24,8.10003174866325,1.1102230246251565e-16,1.3706403370682798e-17,21,1,-0.01116098192789372
2026-06-25,7.975962413032727,1.1102230246251565e-16,1.3919612043445083e-17,21,1,-0.01531714189280775
2026-06-26,7.848725152253122,0.2976846448461074,0.037927770315750134,20,1,-0.015952590319595727
2026-06-29,7.8946336650232505,0.666670586343486,0.08444604457039395,19,0,0.005849168097948887
2026-06-30,8.034380058026223,0.666670586343486,0.08297722805351886,19,0,0.01770144112222849
2026-07-01,8.115278458369012,-6.661338147750939e-16,-8.208391347164836e-17,20,0,0.01006902832060752
2026-07-02,8.212554740381796,-6.661338147750939e-16,-8.111164379820327e-17,20,0,0.011986807663077359
2026-07-03,8.339326322459062,-6.661338147750939e-16,-7.987861237437073e-17,20,0,0.01543631501826348
2026-07-06,8.23877029120666,0.31808669660122496,0.03860851624188658,19,0,-0.012058052097276728
2026-07-07,8.155079948170924,0.31808669660122496,0.039004730624690884,19,0,-0.010158110989580527
2026-07-08,8.081781533368053,0.31808669660122496,0.0393584873938882,19,0,-0.008988068206407962
2026-07-09,8.070328589694824,0.31808669660122496,0.03941434268331982,19,0,-0.0014171310652164593
2026-07-10,8.036789085934831,0.31808669660122496,0.039578828459976366,19,0,-0.004155903119337667
2026-07-13,7.877717811779476,7.771561172376096e-16,9.865244424921333e-17,20,0,-0.019792888982708923
2026-07-14,7.967908343105623,7.771561172376096e-16,9.753577523391795e-17,20,0,0.011448814679714037
2026-07-15,7.971215104859637,0.3689826119285912,0.046289380862855105,19,0,0.0004150100141244728
2026-07-16,7.935433432040911,0.3689826119285912,0.0464981043680298,19,0,-0.004488860524778926
2026-07-17,7.887530895841141,0.7231925536508703,0.09168807871575985,18,0,-0.00603653683318095
