date,return,index
2018-01-03,0.009895765687997845,1009.8957656879979
2018-01-04,0.005319921698459395,1015.2683320850638
2018-01-05,0.009945152351659214,1025.3653303254646
2018-01-08,0.000951608524524049,1026.3410767145538
2018-01-09,-0.005471640854604573,1020.7253069484434
2018-01-10,-0.004425553727395126,1016.2080322616312
2018-01-11,0.0011857574341732624,1017.413008490552
2018-01-12,-0.0007705961735708834,1016.6289939192678
2018-01-15,-0.011854253291377535,1004.5776163219906
2018-01-16,0.0020706640293716135,1006.6577590568204
2018-01-17,-0.0003062503953774768,1006.3494697200995
2018-01-18,0.0064485655231819854,1012.838980214809
2018-01-19,0.005541341366415523,1018.4514667533915
2018-01-22,0.011117823718809051,1029.774430626918
2018-01-23,0.0054059542541237795,1035.3413440909535
2018-01-24,0.009730606186113462,1045.415842978504
2018-01-25,0.0064494464063768525,1052.1581964301713
2018-01-26,-0.001821611776316857,1050.2415726690058
2018-01-29,-0.019096159410894296,1030.1859921773703
2018-01-30,-0.0043060127876460965,1025.7499981214005
2018-01-31,-0.005113192504747988,1020.505140919261
2018-02-01,-0.012267124606359968,1007.9864771941735
2018-02-02,0.006119563460292275,1014.1549144084796
2018-02-05,0.004086441153864631,1018.2991987871123
2018-02-06,-0.013876174889485986,1004.169101014919
2018-02-07,-0.00036180584677700505,1003.805786763019
2018-02-08,-0.0006054761480648926,1003.1980063018444
2018-02-09,-0.021418348624218198,981.7111616637509
2018-02-12,0.01824788764514739,999.625316641778
2018-02-13,0.006778146928117583,1006.4009239110421
2018-02-14,0.002613731069784416,1009.031385274528
2018-02-22,0.008036699027516045,1017.1406668272971
2018-02-23,-0.0008950936145999872,1016.2302307112701
2018-02-26,0.010912873495814157,1027.3202226616443
2018-02-27,-0.002513178793921748,1024.738383263484
2018-02-28,-0.002334239285246042,1022.3463986721708
2018-03-01,0.00356089781174884,1025.9868697260517
2018-03-02,-0.005741422505574093,1020.096245621783
2018-03-05,-0.0005908979464646646,1019.4934728450487
2018-03-06,0.002775794286651014,1022.3233770022499
2018-03-07,-0.0016766944298540589,1020.6092530905206
2018-03-08,0.0009871163824813941,1021.6167132043586
2018-03-09,0.004943232776895194,1026.6668024264943
2018-03-12,0.010836211012174055,1037.7919805367817
2018-03-13,-0.0003350179134309576,1037.444301632887
2018-03-14,-0.0048552101168597385,1032.4072915639204
2018-03-15,-0.0014939944908890985,1030.8648807579702
2018-03-16,-0.00010568267005722876,1030.7559362049035
2018-03-19,0.0009271806465003535,1031.711633160218
2018-03-20,-0.0013157192485473246,1030.3541903055188
2018-03-21,-0.0012537154967357561,1029.0624192900061
2018-03-22,-0.0018971403575705997,1027.1101434439117
2018-03-23,-0.016093144930458544,1010.5807110459249
2018-03-26,0.006275850079319423,1016.9229640815012
2018-03-27,0.008240623335431737,1025.3030431896477
2018-03-28,-0.0028941812243988107,1022.3356303727294
2018-03-29,0.000842804561572399,1023.1972595054655
2018-03-30,0.007495944665279441,1030.8670895443838
2018-04-02,0.006638191819353141,1037.7101830250378
2018-04-03,-0.0016786890583634399,1035.9681902950415
2018-04-04,-0.00019925962724257109,1035.761763659608
2018-04-09,0.0011613486227136254,1036.9646441572936
2018-04-10,-0.0009062127505746994,1036.024933574863
2018-04-11,0.0020506033261900873,1038.1494097496675
2018-04-12,-0.003023834421375794,1035.0102178299355
2018-04-13,-0.002678739276049106,1032.2376953083224
2018-04-16,-0.003245676356631807,1028.887385826236
2018-04-17,-0.004988609604426858,1023.7546683314296
2018-04-18,0.005557506628021528,1029.4441916861495
2018-04-19,0.0022272367991924198,1031.7370076725879
2018-04-20,-0.006768254998012575,1024.7539485137734
2018-04-23,-0.013705525212870205,1010.7091574354297
2018-04-24,0.012319976448309587,1023.1610704511249
2018-04-25,-0.0004421163806064541,1022.7087141818796
2018-04-26,-0.006348697197720507,1016.2158462340686
2018-04-27,0.0015485222729168264,1017.7894791060531
2018-05-02,-0.002163261853968479,1015.5877339505325
2018-05-03,0.004825989922493319,1020.4889501199858
2018-05-04,0.0035443482935146944,1024.1059183888942
2018-05-07,0.010755176335134977,1035.1203581270222
2018-05-08,0.00468977364669396,1039.974838303723
2018-05-09,-0.0004513533829097749,1039.5054421423133
2018-05-10,0.00214109280785524,1041.7311197682106
2018-05-11,-0.0043281334206828215,1037.2223684933765
2018-05-14,-0.004159972009488945,1032.9075524728285
2018-05-15,0.004864291210082998,1037.9319156011502
2018-05-16,-0.0029040426227411303,1034.9177170787411
2018-05-17,-0.001026877912719409,1033.854982933591
2018-05-18,0.0016772896423235563,1035.58905718813
2018-05-21,0.00415005168596395,1039.8868053008796
2018-05-22,0.001943378501712592,1041.907698962516
2018-05-23,-0.006454012423616321,1035.1832137291503
2018-05-24,-0.00238321482161714,1032.7161497511017
2018-05-25,-0.007868577611375728,1024.590142576264
2018-05-28,-0.004959356796704252,1019.5088344888424
2018-05-29,-0.009269724629127663,1010.0582683361679
2018-05-30,-0.014105234051933972,995.811160055195
2018-05-31,0.004300053437557252,1000.0932012571484
2018-06-01,-0.0037500967584501903,996.342754984966
2018-06-04,-0.008778714553882606,987.5961463411239
2018-06-05,0.009869019887913158,997.3427523505909
2018-06-06,0.004331858745362369,1001.6631002744847
2018-06-07,0.002597252939765216,1004.2646727063271
2018-06-08,-0.005522360978368533,998.7187606658197
2018-06-11,-0.0010167039789314113,997.7033593280173
2018-06-12,0.004013846916056908,1001.7079878799957
2018-06-13,-0.0041164981721654335,997.5844587788441
2018-06-14,-0.0043007745930961835,993.2940728840605
2018-06-15,-0.011062745531249838,982.3055133180454
2018-06-19,-0.0336193385522872,949.2810517040277
2018-06-20,0.004635218234149814,953.6811765442192
2018-06-21,-0.004229029192368827,949.648031008401
2018-06-22,0.005554233644970104,954.9225980531074
2018-06-25,0.002710773571101121,957.511176994357
2018-06-26,0.0014109080988066727,958.8621372686764
2018-06-27,-0.006548324740337268,952.5831966126273
2018-06-28,0.00016382935895059488,952.7392577070754
2018-06-29,0.016031121770152736,968.0127367625823
2018-07-02,-0.007299714143484418,960.9465204969634
2018-07-03,0.005981637017620695,966.6945537759219
2018-07-04,-0.0028058690346612187,963.9821354615065
2018-07-05,-0.0017047139336060899,962.3388216834379
2018-07-06,0.00021260006295377006,962.5434149775107
2018-07-09,0.0095438031216179,971.729739826066
2018-07-10,0.0025919726093805977,974.2484366954156
2018-07-11,-0.005110583049543703,969.2694591487956
2018-07-12,0.01309961905860841,981.9665198287881
2018-07-13,0.0021511709396063346,984.0788976699101
2018-07-16,-0.002257772117111767,981.8570717737128
2018-07-17,0.003176920804756536,984.976353932328
2018-07-18,0.002699773697924585,987.6355671857523
2018-07-19,0.0019873616343836654,989.5983562207301
2018-07-20,0.008550911094809377,998.0603237843432
2018-07-23,0.002206313337015491,1000.2623575878547
2018-07-24,0.003669997171258833,1003.9333176107187
2018-07-25,-0.0003002762848305288,1003.6318602438889
2018-07-26,-0.007354571907658866,996.2505775589078
2018-07-27,-0.0033545268366659306,992.9086282604425
2018-07-30,-0.006551651907916993,986.4034365517127
2018-07-31,0.0006102207747397115,987.0053604209713
2018-08-01,-0.004183187884258178,982.8765315555604
2018-08-02,-0.0068846260163355905,976.1097942155673
2018-08-03,-0.002504903855957617,973.6647330281987
2018-08-06,-0.007749918979047268,966.1189102344745
2018-08-07,0.008903740731373375,974.7209825268793
2018-08-08,-0.004630165900047949,970.2078626715221
2018-08-09,0.009992526578702674,979.9026905261337
2018-08-10,0.0012866781866663886,981.1635099430893
2018-08-13,0.0003701749092024999,981.5267120562952
2018-08-14,-0.004424702705507336,977.183748157932
2018-08-15,-0.006276009544129137,971.0509336281249
2018-08-16,-0.0017874956186293217,969.3151843387988
2018-08-17,-0.0036526064435286314,965.7746574506727
2018-08-20,-0.0013988691310861784,964.4236650947796
2018-08-21,0.005875400946057585,970.0900408090778
2018-08-22,-0.002656810387400757,967.5126955119422
2018-08-23,0.0016660897853763542,969.1246585311566
2018-08-24,0.0015356606654395467,970.6129051491704
2018-08-27,0.0068877244949686065,977.2982194310989
2018-08-28,0.0037292533861466985,980.9428121251874
2018-08-29,-0.0024767357722425905,978.5132759718726
2018-08-30,-0.0043531344400519765,974.2536761301914
2018-08-31,-0.0010684847470351542,973.2127009375033
2018-09-03,-0.000947562335886261,972.2905212372889
2018-09-04,0.0027751761419317887,974.9887986948529
2018-09-05,-0.0034159896250831093,971.658247073939
2018-09-06,-0.0007508501454810745,970.9286773377656
2018-09-07,-0.0001977188966864126,970.7367063909212
2018-09-10,-0.0047639053737320676,966.1122085788666
2018-09-11,-5.652820016618746e-05,966.057595994557
2018-09-12,-0.0010173063058228884,965.0748195103637
2018-09-13,0.00018177808181078317,965.2502489598581
2018-09-14,-0.001148146782378157,964.141999992325
2018-09-17,-0.005034520736546601,959.2880071003882
2018-09-18,0.0022474324444059467,961.4439420910751
2018-09-19,0.004818003885783826,966.0761827400332
2018-09-20,-0.0007967315239356456,965.3064793907209
2018-09-21,0.006119432656910518,971.2136073846318
2018-09-25,-0.0007014672611682045,970.5323328354505
2018-09-26,0.001410495569760107,971.9012643912237
2018-09-27,-0.0043297898011440345,967.6931362089435
2018-09-28,0.002093718805231772,969.7192135259178
2018-10-08,-0.01122954718712803,958.8297058593639
2018-10-09,-0.0024825307794666272,956.4493816023011
2018-10-10,-0.0006198911638516201,955.8564870819745
2018-10-11,-0.01609337820613064,940.4735271245808
2018-10-12,0.0014245046507616462,941.813236037888
2018-10-15,-0.002529439862109757,939.4309760959912
2018-10-16,-0.004978743873141874,934.7537898795136
2018-10-17,-0.0008987593250623969,933.9136711942219
2018-10-18,-0.006807583389742811,927.5559759987464
2018-10-19,0.007045682113847863,934.0912405484333
2018-10-22,0.012021213733173795,945.3201509973517
2018-10-23,-0.003477072735980024,942.0332040735462
2018-10-24,0.0009182487305456936,942.8982248673186
2018-10-25,-0.0016365248179843063,941.35514852149
2018-10-26,0.003163382223629015,944.3330146644445
2018-10-29,-0.002079716684669142,942.3690695379629
2018-10-30,0.001563588929473399,943.8425473825707
2018-10-31,0.003672029923359125,947.3083654594989
2018-11-01,0.0032778932247187593,950.4135411323581
2018-11-02,0.012896194063185994,962.6702585990807
2018-11-05,0.0032264679166378917,965.7762833027521
2018-11-06,-0.003356887378086306,962.534281087278
2018-11-07,0.00017804171204502186,962.7056523385847
2018-11-08,-0.0011899210430029118,961.5601086246493
2018-11-09,-0.0036864386224038487,958.0153763024525
2018-11-12,0.005861992125919209,963.6312548948472
2018-11-13,0.005356058477925086,968.7925202472203
2018-11-14,0.0033424506450273296,972.0306614314181
2018-11-15,0.008334767397673469,980.1323108978556
2018-11-16,0.004818891947615185,984.8554625984387
2018-11-19,0.0008767811723639248,985.7189653255448
2018-11-20,-0.011007043566790577,974.8691137295947
2018-11-21,0.0006717983587120058,975.5240292001573
2018-11-22,-0.0002430133765857153,975.2869638118809
2018-11-23,-0.005319245819997742,970.0991727063263
2018-11-26,-0.00024305821965474642,969.8633821285198
2018-11-27,0.0017329030807195448,971.5440613712874
2018-11-28,0.004877863843712714,976.2831210208243
2018-11-29,-0.003925313192584471,972.4509040061836
2018-11-30,0.0007671369056921571,973.1969069836204
2018-12-03,0.010237624606311915,983.1601315853425
2018-12-04,0.0008682637694607622,984.0137739071763
2018-12-05,0.00028297899949249395,984.2922291404034
2018-12-06,-0.002578816442090157,981.7539201560745
2018-12-07,0.00019493258631798088,981.9452959868585
2018-12-10,-0.004456074561890539,977.5696745322433
2018-12-11,-0.000458090991435125,977.1218586708399
2018-12-12,0.00041135808960934286,977.5238056519382
2018-12-13,0.004951430752851964,982.3639470848881
2018-12-14,-0.0037247671451099418,978.7048701302458
2018-12-17,-0.0022112234619540345,976.5407349590851
2018-12-18,-0.004075113427808663,972.5612206972513
2018-12-19,-0.004113172990978382,968.5609081522064
2018-12-20,-0.003350226819424685,965.3160094214686
2018-12-21,-0.005153356185231876,960.3413921936132
2018-12-24,0.0010235827101953195,961.3243810385476
2018-12-25,-0.003582223067213407,957.8807026657165
2018-12-26,-0.0002307580980342683,957.6596639366257
2018-12-27,-0.0010634779508181965,956.6412139996412
2018-12-28,0.0014506443359579967,958.0289601582739
2019-01-02,-0.0024188353679251875,955.7116458259464
2019-01-03,0.0019491512336960184,957.5744723594657
2019-01-04,0.008588633126126607,965.7987281935054
2019-01-07,0.011973219570940758,977.3624484275016
2019-01-08,0.0022996389068292464,979.6100291399794
2019-01-09,0.006216658372514563,985.6999300294317
2019-01-10,0.0023650829224849852,988.031192100639
2019-01-11,0.0038004061501616167,991.7861119196497
2019-01-14,-0.002813893654716634,988.995331272483
2019-01-15,0.005170300847376555,994.1087346718125
2019-01-16,0.0013798809610352475,995.4804863879849
2019-01-17,-0.0031063283788111437,992.3881971025651
2019-01-18,0.0019142832729672921,994.2879092285687
2019-01-21,0.0025165209711341284,996.7900556034875
2019-01-22,-0.0032291646833433538,993.5712563592249
2019-01-23,0.0012495421329237171,994.8127655061078
2019-01-24,0.005243374973876927,1000.0289418644559
2019-01-25,0.004782895416874609,1004.8119757072416
2019-01-28,-0.00398379254266378,1000.8090132516398
2019-01-29,-0.004632748163385719,996.1725171335984
2019-01-30,-0.0013118567380796587,994.8656815047069
2019-01-31,-0.0005381132307729398,994.3303311186473
2019-02-01,0.0106097998832332,1004.8799769496453
2019-02-11,0.010364048615375944,1015.2946018833693
2019-02-12,0.006100017266255292,1021.4879164851935
2019-02-13,0.009162208762310666,1030.8470020242087
2019-02-14,0.00434855814152189,1035.3297001475246
2019-02-15,-0.0028876199808608913,1032.3400614186
2019-02-18,0.01618684498645812,1049.0503899660937
2019-02-19,-0.004656994632614896,1044.164967930679
2019-02-20,0.0030849352652977677,1047.386149263037
2019-02-21,0.0044576740929278625,1052.0550553658982
2019-02-22,0.012737272395587234,1065.4553671812484
2019-02-25,0.027013342680856714,1094.2368781260734
2019-02-26,-0.005937734918880392,1087.7395896052974
2019-02-27,-0.003296792701474811,1084.1535376651816
2019-02-28,0.0015454643609737358,1085.8290583194666
2019-03-01,0.003707057345059822,1089.854288905589
2019-03-04,0.01181483888615245,1102.7307417383909
2019-03-05,0.0173327987839253,1121.8441517977913
2019-03-06,0.01184429570780079,1135.1316056697513
2019-03-07,0.0002873579436142148,1135.4577947536882
2019-03-08,-0.0205621690160771,1112.1103196673405
2019-03-11,0.022427680824507516,1137.0523749584806
2019-03-12,0.012367671954360547,1151.1150657268938
2019-03-13,-0.010674483381021603,1138.8275070881484
2019-03-14,-0.019114441651661904,1117.0594551526044
2019-03-15,0.010773498873746113,1129.0940939345983
2019-03-18,0.019029857303634788,1150.5805934245504
2019-03-19,0.008266999152692453,1160.0924422154956
2019-03-20,-0.0021771862244003826,1157.5667049312733
2019-03-21,0.01160825382524425,1171.0040330617671
2019-03-22,-0.0004529640618689841,1170.4736103184862
2019-03-25,-0.00992919581812237,1158.8517486416895
2019-03-26,-0.02181847349588909,1133.567372478286
2019-03-27,0.0033484439240884355,1137.3630592592058
2019-03-28,-0.004211230598887683,1132.573361142009
2019-03-29,0.017667609978214788,1152.5832255583816
2019-04-01,0.027150702065412563,1183.8766693211094
2019-04-02,0.0036092562815874868,1188.1495836264814
2019-04-03,0.0037286846008522073,1192.5798186824586
2019-04-04,0.0064643949688353184,1200.2891256622838
2019-04-08,-0.001953223705568221,1197.9446924885044
2019-04-09,-0.0070625842265828595,1189.4841071990163
2019-04-10,-0.00573429398729403,1182.663255635123
2019-04-11,-0.014666802184883724,1165.3173676133922
2019-04-12,0.0018924943288461764,1167.5227241229063
2019-04-15,-0.007086806705651118,1159.248716252592
2019-04-16,0.005514259017421278,1165.6411139396218
2019-04-17,0.005365767529535636,1171.8956731798908
2019-04-18,-0.0003541395280492508,1171.4806585992678
2019-04-19,0.002521116568043642,1174.434097896805
2019-04-22,-0.004902041527909555,1168.6769731771221
2019-04-23,-0.014064409007923157,1152.2402222282174
2019-04-24,-0.0021916050061635923,1149.7149667888789
2019-04-25,-0.01748847273938872,1129.6082079341243
2019-04-26,-0.007183336307999423,1121.493852280257
2019-04-29,-0.013552502058131573,1106.294804539047
2019-04-30,0.007572382475146396,1114.6720919292839
2019-05-06,-0.032767643883409796,1078.1469137741697
2019-05-07,0.00578027789497751,1084.3789025473968
2019-05-08,0.004050135788993412,1088.7707843494336
2019-05-09,0.0004020039521512695,1089.208474507729
2019-05-10,0.018778002021766778,1109.6616334441608
2019-05-13,-0.00471641877112743,1104.4280044865848
2019-05-14,0.0019558873862102924,1106.5881412895376
2019-05-15,0.01272044747145683,1120.6644376133481
2019-05-16,0.0022252768641141236,1123.1582262588047
2019-05-17,-0.015616230973818708,1105.6187279774026
2019-05-20,-0.006579388686711754,1098.3444326267315
2019-05-21,0.006232083814400192,1105.189407187941
2019-05-22,-0.0005970361359581109,1104.529569174772
2019-05-23,-0.008520667150228822,1095.118240358248
2019-05-24,-0.0017514569823265055,1093.2001878696994
2019-05-27,0.004606480770431126,1098.235993513353
2019-05-28,0.0013511197308084047,1099.719841833273
2019-05-29,0.00032190983985418907,1100.073852471442
2019-05-30,-0.0060472669033990924,1093.4214122720966
2019-05-31,-0.0016264943495851668,1091.6429685233206
2019-06-03,-0.008240060671660627,1082.6477642308967
2019-06-04,-0.009003829109858016,1072.899788775592
2019-06-05,-0.0008902480057116843,1071.9446418783061
2019-06-06,-0.009091843103541521,1062.1986893786666
2019-06-10,0.004865470112269116,1067.3667853551299
2019-06-11,0.017709270353682,1086.2690723235244
2019-06-12,-0.0034926555407805127,1082.4751086292952
2019-06-13,0.00037200980867193104,1082.8777999873485
2019-06-14,-0.007208851304933586,1075.071494945826
2019-06-17,-0.0018176870309421942,1073.1173514321272
2019-06-18,-0.0005762260096984217,1072.4989933027732
2019-06-19,0.00632314533587455,1079.280560310006
2019-06-20,0.011589631373574367,1091.7890241526638
2019-06-21,0.009825216780633111,1102.5160879936798
2019-06-24,-0.0005809692819218219,1101.8755600137306
2019-06-25,-0.004705464288894605,1096.6907239152804
2019-06-26,0.0031727608512624908,1100.1702613100613
2019-06-27,0.005955972662460915,1106.7228453104765
2019-06-28,-0.0001361664610347145,1106.5721467772842
2019-07-01,0.015627195699276984,1123.864766270342
2019-07-02,-0.00044676435063818775,1123.3626635578341
2019-07-03,-0.003973790621355517,1118.8986555410072
2019-07-04,-0.00022877750523449969,1118.6426766979823
2019-07-05,-0.0004122165324167189,1118.1815536927804
2019-07-08,-0.011621157227221629,1105.1869900487377
2019-07-09,-0.0005711349294817077,1104.555779155112
2019-07-10,-0.002560738405343182,1101.727300750586
2019-07-11,-0.00014734182495622285,1101.5649702394892
2019-07-12,0.0019288395203143998,1103.689712288281
2019-07-15,0.001908065777923999,1105.795624857745
2019-07-16,0.0010046863446430336,1106.9066026220055
2019-07-17,0.0024303080888353405,1109.596726691943
2019-07-18,-0.005817930931908523,1103.1411695737777
2019-07-19,0.0017790126185126952,1105.1036716344502
2019-07-22,-0.008009384045954773,1096.2524719177354
2019-07-23,0.0022953322324036985,1098.7687355513804
2019-07-24,0.0031562949646359462,1102.2367737787006
2019-07-25,0.0045730834278420295,1107.2773945024262
2019-07-26,0.00461387464387351,1112.3862335966553
2019-07-29,0.0020147424634919617,1114.6274053772863
2019-07-30,0.00472481257654005,1119.893810960369
2019-07-31,0.000981038214875292,1120.9924695855234
2019-08-01,-0.002125044353104121,1118.6103108681584
2019-08-02,-0.004029969048019262,1114.1023459385647
2019-08-05,-0.005681101537781516,1107.7730173878072
2019-08-06,-0.007720647710478994,1099.2202921773815
2019-08-07,0.0042467199194035615,1103.888372887984
2019-08-08,0.0026015136924715477,1106.760153605012
2019-08-09,-0.0010455168855992743,1105.6030171761095
2019-08-12,0.004511668988876772,1110.5911320227115
2019-08-13,-0.00038354136373776554,1110.1651743853804
2019-08-14,0.00166148012021812,1112.00969175278
2019-08-15,0.0015361188234345655,1113.7178707721234
2019-08-16,0.004486467876458291,1118.7145302227798
2019-08-19,0.012876216473413351,1133.1193406858813
2019-08-20,0.0006121938144178499,1133.8130293372465
2019-08-21,0.0004831599092211815,1134.360842337575
2019-08-22,-0.0002434303424729588,1134.0847044892366
2019-08-23,0.002194470047442258,1136.5734194045008
2019-08-26,-0.0018277666415482251,1134.4960284228428
2019-08-27,0.007299725555051898,1142.777538073626
2019-08-28,0.001569671361621247,1144.571323247844
2019-08-29,-0.0002239236035271438,1144.3150267126484
2019-08-30,-0.0025657819803195786,1141.3789638373005
2019-09-02,0.006867419585529744,1149.2172920880685
2019-09-03,0.0030784209993883036,1152.7550667328928
2019-09-04,0.0018973253677056561,1154.9422181637563
2019-09-05,0.008085182626570325,1164.2801369207468
2019-09-06,0.004897903930327632,1169.9826691793733
2019-09-09,0.010444739899412725,1182.2028338457726
2019-09-10,0.001609808784905187,1184.1059543532376
2019-09-11,-0.0041208560616214415,1179.2264241536388
2019-09-12,0.0009738845271802525,1180.3748545221642
2019-09-16,-0.000508341171794422,1179.7748213854597
2019-09-17,-0.011946250757501936,1165.680935531802
2019-09-18,0.00011072920668134163,1165.810010457037
2019-09-19,0.004250857755486319,1170.7657029814118
2019-09-20,0.004095295270638769,1175.5603342278578
2019-09-23,-0.004644054669033932,1170.1009677689558
2019-09-24,0.001653958250685872,1172.0362659187326
2019-09-25,-0.0063388253466235295,1164.606932729165
2019-09-26,-0.00857800576572176,1154.6169277454148
2019-09-27,0.0023707281062718645,1157.354210547998
2019-09-30,-0.0016246733333125708,1155.4738880249238
2019-10-08,-3.0062683856509985e-05,1155.4391513787236
2019-10-09,0.0016420370432085466,1157.336425266461
2019-10-10,0.006657794103933868,1165.041732894868
2019-10-11,0.00285251652641155,1168.3650336919095
2019-10-14,0.00638143239378704,1175.8208761656792
2019-10-15,-0.004648348663211832,1170.355250767778
2019-10-16,-0.0022830295680321164,1167.6832951251733
2019-10-17,-0.00030630632770785673,1167.3256263431178
2019-10-18,-0.004047698399834714,1162.6006442732826
2019-10-21,-0.004797229117763183,1157.0233826102444
2019-10-22,0.0027138188040605835,1160.1633344227098
2019-10-23,-0.0015949338343027536,1158.3129506673215
2019-10-24,-0.002878179540450862,1154.9791180312716
2019-10-25,0.004559334279401029,1160.245053916104
2019-10-28,0.008405959442791808,1169.9980267830226
2019-10-29,-0.0032928082630110174,1166.1454476127249
2019-10-30,-0.008635931579835374,1156.0746953150049
2019-10-31,-0.004068878007528453,1151.3707684121778
2019-11-01,0.0035374554757916024,1155.4436912415638
2019-11-04,0.0030959921234079545,1159.020935808689
2019-11-05,0.0037067719638516406,1163.3171621190618
2019-11-06,-0.0015702827105138755,1161.490425292542
2019-11-07,0.00456879531765965,1166.7970373091252
2019-11-08,-0.0007248754881939092,1165.9512547370825
2019-11-11,-0.006897200656114271,1157.9094549779124
2019-11-12,-0.0008546350393606014,1156.9198649852815
2019-11-13,-0.0017283545867352473,1154.920297230149
2019-11-14,0.0014148929411110286,1156.5543858062456
2019-11-15,-0.003957293341128733,1151.9775608366415
2019-11-18,0.0020520455118595844,1154.3414712201193
2019-11-19,0.0059842826660813486,1161.2493768770805
2019-11-20,-0.00085517049189121,1160.2563106762482
2019-11-21,-0.002721960230222941,1157.0981391417224
2019-11-22,-0.0031116060376226882,1153.497705585847
2019-11-25,-0.0010647314742586512,1152.2695402732243
2019-11-26,0.000923121452726948,1153.3332250051744
2019-11-27,-0.0004995124950239659,1152.757120648358
2019-11-28,-0.0021691322864339983,1150.256637959543
2019-11-29,-0.0011387678630863309,1148.946762665933
2019-12-02,-0.0005041702943879334,1148.3674978383635
2019-12-03,0.0014542234018689371,1150.0374807276658
2019-12-04,0.001469858093043681,1151.7278726260167
2019-12-05,0.00486110302405765,1157.3265404705305
2019-12-06,0.003447162410831714,1161.3160330178985
2019-12-09,0.0016156037291865555,1163.1922595316062
2019-12-10,0.004381965682168543,1168.2893280946378
2019-12-11,0.0023013344358143064,1170.9779525563763
2019-12-12,0.00012018748162067987,1171.1186894475275
2019-12-13,0.005477932191226126,1177.5339982161986
2019-12-16,0.01053267037795353,1189.9365756782436
2019-12-17,0.008458783144416894,1200.001991127516
2019-12-18,0.00325176282718586,1203.9041129948134
2019-12-19,-0.0006213008908909142,1203.1561262968623
2019-12-20,-0.0011871292288054528,1201.7278244925192
2019-12-23,-0.007488994356975453,1192.7280915962745
2019-12-24,0.00914560064839777,1203.6363064041395
2019-12-25,0.001634810073140819,1205.6040231622471
2019-12-26,0.006171338486435016,1213.0442136697893
2019-12-27,-0.0018494708288025554,1210.800723782559
2019-12-30,0.0034427004329897985,1214.9691479585895
2019-12-31,0.006082638728444629,1222.359366351828
2020-01-02,0.012482961053546284,1237.6180307154352
2020-01-03,0.0017364876635822348,1239.7671391579995
2020-01-06,0.005786559589398322,1246.941125585715
2020-01-07,0.00722831900019632,1255.9544138159124
2020-01-08,-0.005715319219202883,1248.7762334161876
2020-01-09,0.01032809211781678,1261.6737093894503
2020-01-10,-0.0029293731050585676,1257.9777963578053
2020-01-13,0.006801082605777216,1266.5334072670685
2020-01-14,0.003559496634209479,1271.0416286673494
2020-01-15,-0.005240093659913252,1264.3812514874837
2020-01-16,-0.0033465472262955626,1260.149939917338
2020-01-17,0.0002021578974016559,1260.4046891796027
2020-01-20,0.011114605193687425,1274.4135896841062
2020-01-21,-0.00195861701543366,1271.917501542651
2020-01-22,0.004972185769061027,1278.2417116432412
2020-01-23,-0.018919907633687054,1254.057496525425
2020-02-03,-0.04947151879794841,1192.0173675123592
2020-02-04,0.02821222723293986,1225.6468323502288
2020-02-05,0.017137951207701885,1246.6519079609213
2020-02-06,0.014994109030897113,1265.3443425924634
2020-02-07,-0.0009500664226886089,1264.1421814194273
2020-02-10,0.008912740015850585,1275.409152025489
2020-02-11,0.00032449036813279045,1275.8230100107496
2020-02-12,0.014305203188311065,1294.073917401276
2020-02-13,-0.0022785529353835077,1291.1253014781782
2020-02-14,0.0009279936250260548,1292.3234575270599
2020-02-17,0.017836346763744633,1315.3737868464339
2020-02-18,0.008748413458112801,1326.88122058573
2020-02-19,0.0025018472907646157,1330.2008747726188
2020-02-20,0.01054409375934123,1344.226637514979
2020-02-21,0.009371384631101761,1356.8239023665046
2020-02-24,0.008890694521340102,1368.8870092016975
2020-02-25,-0.0010700127194368785,1367.42228269038
2020-02-26,-0.01714593965272945,1343.976542751573
2020-02-27,-0.001398481344988327,1342.0970166284333
2020-02-28,-0.02274813380009703,1311.5668141214585
2020-03-02,0.013339881019427787,1329.0629593708686
2020-03-03,0.007391965449990842,1338.8873468474007
2020-03-04,0.0005650339018755519,1339.6438635891616
2020-03-05,0.011986004149834702,1355.700840497442
2020-03-06,0.0019381436902464852,1358.3283835273141
2020-03-09,-0.015042041262844445,1337.8963519338033
2020-03-10,0.005019531422097278,1344.6119647118444
2020-03-11,0.0012233023430405058,1346.256831678757
2020-03-12,-0.006603542187932967,1337.3667678949732
2020-03-13,-0.0038220495557944544,1332.2552858338058
2020-03-16,-0.01871260430007204,1307.3253198433185
2020-03-17,0.004955786655527801,1313.8041452178318
2020-03-18,0.006687694617498391,1322.5904661282518
2020-03-19,0.013240792296164358,1340.1026117831434
2020-03-20,0.020272987915990016,1367.2704958380098
2020-03-23,-0.043889439615139914,1307.2617599733649
2020-03-24,0.01947608824241808,1332.722105366545
2020-03-25,0.027469406056291147,1369.3311900390538
2020-03-26,-0.0035612083436245483,1364.4547163799014
2020-03-27,-0.006871869803972213,1355.0783612155228
2020-03-30,-0.00021667773868241016,1354.7847459004772
2020-03-31,0.007402996221155612,1364.8142122548577
2020-04-01,0.005700295692905369,1372.5940568305898
2020-04-02,-0.00949712114285758,1359.5583647929034
2020-04-03,-0.014074580331164422,1340.4231513727193
2020-04-07,0.011628373926665474,1356.0100929968405
2020-04-08,-0.005227015387535311,1348.9222073750927
2020-04-09,-0.000700969801016815,1347.976653643802
2020-04-10,-0.019881327460583405,1321.1770883834881
2020-04-13,-0.014067732844249023,1302.5911220641665
2020-04-14,0.01866429389635475,1326.9030655931547
2020-04-15,0.010526710200262048,1340.870989628493
2020-04-16,0.00966380449770231,1353.8289047289031
2020-04-17,0.001872033297814103,1356.363317518099
2020-04-20,0.013902698697495724,1375.2204280458889
2020-04-21,0.001127721556974253,1376.7712937681874
2020-04-22,0.010189295968989608,1390.7996239620002
2020-04-23,0.002976525952120883,1394.939375136923
2020-04-24,-0.01377756281405081,1375.7205102741812
2020-04-27,0.007722288986027786,1386.344221618524
2020-04-28,-0.0005564427473869072,1385.5728004310226
2020-04-29,-0.004755085279190404,1378.9842836044463
2020-04-30,0.005148105941310644,1386.0834407878442
2020-05-06,0.007424644838132034,1396.37461805171
2020-05-07,-0.01984861051498441,1368.6585221249914
2020-05-08,0.005968430064236939,1376.8272647961162
2020-05-11,0.003047486597088786,1381.0231274320888
2020-05-12,-0.000716409773821469,1380.033748965723
2020-05-13,-0.001448066637852159,1378.0353681347356
2020-05-14,-0.009507780727978045,1364.9333100191118
2020-05-15,-0.004274461539326624,1359.0989550816894
2020-05-18,-0.010489019297586371,1344.843339914508
2020-05-19,0.0002078629038816384,1345.1228829564084
2020-05-20,-0.008099658941494134,1334.227846370062
2020-05-21,-0.001923104762580057,1331.6619864443408
2020-05-22,-0.010976685001285914,1317.0447522909546
2020-05-25,-0.006828976077735175,1308.0506851842533
2020-05-26,0.012398678270046164,1324.2687847907664
2020-05-27,0.0006680908658161183,1325.1535166697706
2020-05-28,-0.0035265105267520544,1320.4803488436721
2020-05-29,0.008661089644812742,1331.9171475192206
2020-06-01,0.01609123158842699,1353.3493347965496
2020-06-02,0.0014385583336271374,1355.2962067604299
2020-06-03,-0.0004859957090721005,1354.6375386194227
2020-06-04,-0.0008502312561835801,1353.485783443289
2020-06-05,-0.0024247125973606153,1350.2039694138255
2020-06-08,0.0003084010730811839,1350.6203737668711
2020-06-09,0.0006487381299731442,1351.4965727024523
2020-06-10,-0.001883924776090624,1348.9504548243365
2020-06-11,-0.0018440095824450514,1346.462977259397
2020-06-12,7.193497866660498e-05,1346.5598350449416
2020-06-15,0.0010352311784185629,1347.953835769786
2020-06-16,0.008106490417758854,1358.8810106230349
2020-06-17,0.0016842095608180004,1361.1696510131403
2020-06-18,0.00029957716864525887,1361.5774263632366
2020-06-19,0.0021232146635791504,1364.4683475204895
2020-06-22,-0.0018218633113264231,1361.9824726986758
2020-06-23,-0.006083947292910103,1353.6962431209097
2020-06-24,-0.0015923486757368176,1351.5406867008262
2020-06-29,-0.004783653345577452,1345.0753845732058
2020-06-30,0.006177538888457893,1353.3846400693144
2020-07-01,0.003000399933019117,1357.4453352527273
2020-07-02,0.012388004093714745,1374.2613736228323
2020-07-03,0.011536729012168115,1390.1158546822087
2020-07-06,0.02996860333451974,1431.7756853202065
2020-07-07,0.006750548767441939,1441.4409569079983
2020-07-08,0.009113394016704869,1454.577376300117
2020-07-09,0.013887216263921804,1474.777406897405
2020-07-10,-0.009644271367922364,1460.5542533780056
2020-07-13,0.02464576068069699,1496.550723967934
2020-07-14,-0.008201051595750943,1484.2774342650146
2020-07-15,-0.014877738720200706,1462.1947424097298
2020-07-16,-0.03476522223941736,1411.361217232548
2020-07-17,0.0022944304563783094,1414.5994873943173
2020-07-20,0.021934922906473947,1445.6286180938494
2020-07-21,0.0035958013994618443,1450.8268115018934
2020-07-22,0.007341480232252096,1461.4780278589558
2020-07-23,0.00033233096027533845,1461.9637222553756
2020-07-24,-0.02454853627832162,1426.0746527819995
2020-07-27,-0.0031335874117539996,1421.6059232018204
2020-07-28,0.009932036253459677,1435.7253647691937
2020-07-29,0.014199210546869142,1456.111531511032
2020-07-30,0.001502423051241053,1458.299227041152
2020-07-31,0.007341984315062451,1469.0060370927558
2020-08-03,0.017815125786343748,1495.1765644244615
2020-08-04,-0.003003841217105098,1490.6852914333938
2020-08-05,0.008596144959553067,1503.4994382876287
2020-08-06,-0.0026255600110878367,1499.5519102857677
2020-08-07,-0.0011097621104859332,1497.8877643930257
2020-08-10,0.015219673490042452,1520.6851270918173
2020-08-11,-0.01053198574278352,1504.6692930140234
2020-08-12,-0.001473941292765499,1502.4514988110939
2020-08-13,0.0072768575715877176,1513.384624376161
2020-08-14,-0.003166615589261882,1508.592317032062
2020-08-17,0.0118090733945459,1526.4073944263419
2020-08-18,0.004923665401408284,1533.9229137027326
2020-08-19,-0.005027840198424137,1526.210594415934
2020-08-20,-0.005584056478908521,1517.6881482580072
2020-08-21,0.0011853686878487229,1519.487168266871
2020-08-24,-0.00017228822995314408,1519.2253785122139
2020-08-25,0.0002089726040527683,1519.5428549957046
2020-08-26,-0.010403062657039427,1503.7349554651278
2020-08-27,0.004825170218340187,1510.9907325885151
2020-08-28,0.004321291532084267,1517.5201640463079
2020-08-31,0.0038197662107820633,1523.3167362931126
2020-09-01,0.004246403053908277,1529.7853531341773
2020-09-02,0.004297192790720115,1536.3591357250145
2020-09-03,-0.0025991061091968303,1532.3659753094314
2020-09-04,-0.0025228872392214254,1528.499988744506
2020-09-07,-0.01116929658328423,1511.4277190426722
2020-09-08,-0.003392884498862208,1506.2996193635815
2020-09-09,-0.017525976853978577,1479.9002470994587
2020-09-10,-0.014002624241360563,1459.1777600246282
2020-09-11,0.0060199704671735875,1467.9619670463328
2020-09-14,0.005586462570838718,1476.1626816306518
2020-09-15,0.00208739166141356,1479.2440113031776
2020-09-16,-0.0031668870184842816,1474.5594126466108
2020-09-17,0.000409441855358412,1475.1631589883611
2020-09-18,0.005387234165035988,1483.1102083574656
2020-09-21,-0.00010447688761500245,1482.9552576189064
2020-09-22,-0.006767053949229074,1472.9200193863064
2020-09-23,-0.0005018326072519417,1472.1808600927043
2020-09-24,-0.015748387971902335,1448.9963847431552
2020-09-25,-0.004198424835082943,1442.9128823355043
2020-09-28,-0.008470252717407499,1430.6910455729196
2020-09-29,0.008635782363678946,1443.0461820721516
2020-09-30,0.0021214104816080783,1446.107475368244
2020-10-09,0.014918720249607,1467.6815482441284
2020-10-12,0.01641492719458929,1491.7734340033976
2020-10-13,0.0050456175174178955,1499.3003521740238
2020-10-14,-0.0012018456467281114,1497.4984245726255
2020-10-15,-0.0007958692626331572,1496.3066116056664
2020-10-16,-0.0010565313236747893,1494.7257168006834
2020-10-19,0.0027859719031323245,1498.8899806505792
2020-10-20,0.013858390859822689,1519.6621838583071
2020-10-21,0.0017097753826266389,1522.2604648501767
2020-10-22,0.022229833436754914,1556.1000614311533
2020-10-23,-0.019874512839674178,1525.173330780422
2020-10-26,0.023677142506730427,1561.2850770807747
2020-10-27,0.0072362265036209255,1572.5828895352545
2020-10-28,-0.007027475865345238,1561.5316012327908
2020-10-29,-0.0001690218142437731,1561.2676683285513
2020-10-30,-0.01757386779982853,1533.8301567251988
2020-11-02,-0.015464980255596785,1510.1095036360045
2020-11-03,-0.0024097595573941283,1506.470502826906
2020-11-04,0.0033015836099334005,1511.4442411478876
2020-11-05,0.00962415417887153,1525.9906135574624
2020-11-06,-0.007497518983454119,1514.5494699637425
2020-11-09,0.011930408940465487,1532.6186645009752
2020-11-10,-0.004692165369514734,1525.4273642787316
2020-11-11,-0.005309404680246034,1517.3282530914548
2020-11-12,0.006467754435113872,1527.1419596299108
2020-11-13,0.00946233321070201,1541.5922857119735
2020-11-16,-0.0028164251906346543,1537.2505063648064
2020-11-17,-0.009651140946873733,1522.4142850572266
2020-11-18,-0.0012077693982072615,1520.575559672341
2020-11-19,-0.0028190362280604373,1516.2890020821214
2020-11-20,0.0021369000076501467,1519.5291600622704
2020-11-23,0.004583890991568492,1526.4945160905056
2020-11-24,0.003992277379075926,1532.5887056163772
2020-11-25,-0.003071341780014279,1527.8816018932398
2020-11-26,-0.003300139052354386,1522.839380151458
2020-11-27,-0.003348793896725826,1517.7397049295132
2020-11-30,3.485731629006292e-05,1517.7926092624539
2020-12-01,0.005076796551930284,1525.4981335477028
2020-12-02,-0.0003203972757745017,1525.0093681015148
2020-12-03,-0.0040679490218604375,1518.8057077342182
2020-12-04,0.0021190861782464515,1522.0241879169198
2020-12-07,0.0005563746287858936,1522.8710035594754
2020-12-08,-0.001297472420310547,1520.8951204326663
2020-12-09,-0.0029662958708278637,1516.3836955169647
2020-12-10,0.0012043281080671374,1518.2099190240906
2020-12-11,-0.012844645268165979,1498.709051171615
2020-12-14,-0.000611124770739354,1497.7931529463128
2020-12-15,-0.007680199345564017,1486.2898029532646
2020-12-16,-0.00673494785221972,1476.2797186370883
2020-12-17,0.005370598024917056,1484.208223578226
2020-12-18,0.0023629138448112074,1487.7152797383014
2020-12-21,0.008704640210615544,1500.6653059842586
2020-12-22,-0.002507634111520244,1496.9021864729975
2020-12-23,-0.0011988822959502585,1495.107576942866
2020-12-24,-0.015192896779237318,1472.3925618525172
2020-12-25,0.005720949110253083,1480.8160447691907
2020-12-28,-0.005208514577308343,1473.1031928136983
2020-12-29,-0.00047358462973209013,1472.4055537835725
2020-12-30,0.009603864093257785,1486.546336612268
2020-12-31,0.01008031077160063,1501.531185661704
2021-01-04,0.015673381586685544,1525.0652568988883
2021-01-05,0.007052400181730769,1535.820627393793
2021-01-06,-0.003529486236739132,1530.3999696273067
2021-01-07,-0.009228780045497365,1516.2762449259806
2021-01-08,-0.005204809899293118,1508.3843153163268
2021-01-11,-0.006213991561589349,1499.0112279093175
2021-01-12,0.0040297533731977735,1505.0518734614461
2021-01-13,-0.010521781077205871,1489.2160471390464
2021-01-14,0.003012648363289594,1493.702531426044
2021-01-15,0.00516877941516801,1501.4231503228634
2021-01-18,0.009023344719192411,1514.9710089776022
2021-01-19,-6.62830835319221e-05,1514.8705920276657
2021-01-20,0.0018483867324243651,1517.6706587313097
2021-01-21,0.0046681020821379895,1524.755300293333
2021-01-22,-0.0027704244607307887,1520.5310809127711
2021-01-25,-0.003853326138194509,1514.671978754753
2021-01-26,-0.009115569505417993,1500.8648810545048
2021-01-27,-0.011376571504527828,1483.7901844165535
2021-01-28,-0.012593651643156682,1465.1038477224763
2021-01-29,-0.021364686205763803,1433.8023637570284
2021-02-01,0.0020958887061586938,1436.8074539380902
2021-02-02,0.0025965005313097144,1440.5381252556301
2021-02-03,-0.007484031006629692,1429.757093259985
2021-02-04,-0.017840479497777863,1404.2495411508778
2021-02-05,-0.016065212886498734,1381.6899733265207
2021-02-08,0.0008456816820910428,1382.8584432272917
2021-02-09,0.018639544157123968,1408.6342942428785
2021-02-10,0.0076297548909237374,1419.3818286389007
2021-02-18,0.013671719551888848,1438.7872189370992
2021-02-19,0.015168895146392776,1460.6120313991262
2021-02-22,0.012238712732724154,1478.4880424653809
2021-02-23,-0.007031892591401908,1468.0914733530922
2021-02-24,-0.007714771837329891,1456.7654825998436
2021-02-25,-0.006329155975278496,1447.5453866410674
2021-02-26,-0.0025302574086198174,1443.8827242022053
2021-03-01,0.012096900695838013,1461.3492301333154
2021-03-02,-0.00027639444051755284,1460.9453213304519
2021-03-03,0.009591184870795294,1474.9575179934557
2021-03-04,-0.007148813766641627,1464.4133213836126
2021-03-05,0.00323432271303471,1469.149706650234
2021-03-08,-0.005282914725801761,1461.3883140305643
2021-03-09,-0.004881583230324524,1454.2544253438004
2021-03-10,0.00963601182410363,1468.2676381816686
2021-03-11,0.00793836864214482,1479.923287958886
2021-03-12,0.0030460557694757446,1484.4312168285546
2021-03-15,0.002330483090391476,1487.8906586782227
2021-03-16,0.0029833968772695965,1492.3296270230421
2021-03-17,0.0025989254061210675,1496.2080804050197
2021-03-18,-0.0004969117821215719,1495.4645969813612
2021-03-19,-0.0023342091373285924,1491.9738698545357
2021-03-22,0.008973929922853069,1505.3627388093382
2021-03-23,-0.005529129013979055,1497.0393940136246
2021-03-24,-0.010428637857899829,1481.427312314447
2021-03-25,-0.0030983924259051433,1476.8372691504428
2021-03-26,0.0070859068549034235,1487.3020004794928
2021-03-29,0.0034059297330047986,1492.3676465848837
2021-03-30,-0.0028575401724999826,1488.1031460826282
2021-03-31,-0.0020351938402511753,1485.0745677260625
2021-04-01,0.0013082488745876355,1487.0174148579688
2021-04-02,0.0011053136451505646,1488.661035497188
2021-04-06,0.003623692856336821,1494.0554858570263
2021-04-07,0.0008337759143776362,1495.3011933358778
2021-04-08,0.0014096060588637603,1497.4089789578302
2021-04-09,0.0001941274160627871,1497.6996670937046
2021-04-12,-0.007914478412716532,1485.846155409759
2021-04-13,-0.0010900486143181672,1484.2265108669646
2021-04-14,0.0043056287600287185,1490.6170392185504
2021-04-15,-0.003044425714316659,1486.078966374155
2021-04-16,0.005327111547037218,1493.9954747957358
2021-04-19,0.013220712437470658,1513.7471593508926
2021-04-20,0.002454544432257998,1517.4627190127237
2021-04-21,-0.0018037528391334303,1514.7255913250253
2021-04-22,0.0014462378154728088,1516.9162447552637
2021-04-23,-0.0018542640063818892,1514.103481561918
2021-04-26,-0.0006712743725584271,1513.087102697344
2021-04-27,-0.0021204365216242003,1509.8786975443861
2021-04-28,0.0025720887750773163,1513.7622395940684
2021-04-29,0.0013229293303374317,1515.7648400599846
2021-04-30,-0.0011555450806944325,1514.0133054555636
2021-05-06,0.006458660722994965,1523.7918037256013
2021-05-07,0.0006950034371306553,1524.850844266662
2021-05-10,0.015004689473063342,1547.7307576776218
2021-05-11,0.0059612113951079074,1556.9571079068487
2021-05-12,0.001828575483582791,1559.804121503357
2021-05-13,-0.0032739251365584364,1554.6974395818597
2021-05-14,0.003828123772829076,1560.6490138098795
2021-05-17,-0.0032225523970087285,1555.6197405895373
2021-05-18,0.004798245981190638,1563.083986758082
2021-05-19,0.0016609226827670213,1565.6801484067585
2021-05-20,-0.002930482735766402,1561.0919497621203
2021-05-21,0.002589285674008164,1565.1340627834488
2021-05-24,0.004403162639284995,1572.0256026141694
2021-05-25,0.0032827897848519793,1577.186232203957
2021-05-26,0.0047299446353074185,1584.646235761851
2021-05-27,0.005035292700959665,1592.6253933863857
2021-05-28,-0.0011758031481411183,1590.7527794350324
2021-05-31,0.005607874916809553,1599.6735220456712
2021-06-01,0.001672065789212939,1602.3482814157935
2021-06-02,-0.003230459128969823,1597.1719607823047
2021-06-03,0.0008058067663076615,1598.45897275526
2021-06-04,0.00031085898946223915,1598.9558680962277
2021-06-07,0.0008259593035222098,1600.2765405714033
2021-06-08,-0.0016233847421988942,1597.6786760521406
2021-06-09,-0.00015698296085406592,1597.4278677230805
2021-06-10,0.0048341456937900824,1605.1500667709745
2021-06-11,-0.0006250316516142632,1604.1467971736515
2021-06-15,-0.007274130847411658,1592.4780234725542
2021-06-16,-0.011476501810860474,1574.201946552416
2021-06-17,-0.0008177054944607264,1572.9147129713292
2021-06-18,0.004402969463851114,1579.8402084217842
2021-06-21,0.008112904939221729,1592.6573018518704
2021-06-22,0.007372252452660329,1604.398773551695
2021-06-23,0.007024579513212974,1615.6690003074104
2021-06-24,0.0015469475585137376,1618.1683555228021
2021-06-25,0.0024886762702278956,1622.1954527104253
2021-06-28,0.005127128727423446,1630.5126576175128
2021-06-29,-0.004560562274074094,1623.0766031037822
2021-06-30,0.0011756928085358959,1624.9848425937541
2021-07-01,-0.004274975705379343,1618.038071870056
2021-07-02,-0.003553565110947423,1612.288268229674
2021-07-05,0.006127878199821394,1622.1681743603863
2021-07-06,0.0006705020691098394,1623.2558414777388
2021-07-07,0.010701277509711128,1640.6267527066518
2021-07-08,0.003779732132031362,1646.8278823605276
2021-07-09,0.006089964481443001,1656.857005671153
2021-07-12,0.01280686227739255,1678.0761451561164
2021-07-13,0.01013197144217174,1695.0783647366277
2021-07-14,0.0004162985264992314,1695.7840233621685
2021-07-15,-0.0041778011184933845,1688.6993749726428
2021-07-16,0.0013074495313090656,1690.9072641789724
2021-07-19,-0.0018815039970477767,1687.7258154027825
2021-07-20,0.00033106463278499454,1688.2845617301004
2021-07-21,0.014066208384976747,1712.0323241885353
2021-07-22,0.007869017220365279,1725.5043360293969
2021-07-23,-0.0010146683573700303,1723.7535213791232
2021-07-26,-0.006500219753166493,1712.5487446898642
2021-07-27,-0.012351910293855524,1691.3954962216
2021-07-28,-0.01168937167373956,1671.6241456189766
2021-07-29,0.020522631744655444,1705.9302723749893
2021-07-30,0.006647451625163514,1717.2703613365038
2021-08-02,0.013695100054507699,1740.7885507556482
2021-08-03,-0.00517800582791773,1731.774737494663
2021-08-04,0.013475669762959922,1755.1115619609777
2021-08-05,-0.0022792997692611936,1751.1111365827724
2021-08-06,0.003918515665975025,1757.9728930043354
2021-08-09,0.00021304230170853273,1758.3474155958024
2021-08-10,0.0031294785246045614,1763.8501260717032
2021-08-11,0.006818552719117181,1775.8770311449446
2021-08-12,0.004096171035113831,1783.1513272018442
2021-08-13,0.0022164274081111616,1787.1035526762641
2021-08-16,-0.0006234962979624668,1785.989300227095
2021-08-17,-0.015401911282821847,1758.4816514729282
2021-08-18,0.0022828943275396835,1762.4960792601585
2021-08-19,0.0008705629069707133,1764.0304429704436
2021-08-20,-0.003277541759134629,1758.2487595292234
2021-08-23,0.015297356579318782,1785.145317758887
2021-08-24,0.007038167947445821,1797.7094703158705
2021-08-25,0.00751889293207013,1811.2262553461442
2021-08-26,-0.0007633852827069885,1809.8435918791604
2021-08-27,0.0019734645442321345,1813.4152540383398
2021-08-30,0.0074380018453832596,1826.903440044323
2021-08-31,-0.0009177112024700787,1825.226870291563
2021-09-01,-0.003414279167272884,1818.9950362127797
2021-09-02,0.0148420088043887,1845.9925765553892
2021-09-03,-0.00042745942144217135,1845.2034896366283
2021-09-06,0.007094489916260301,1858.2942671873038
2021-09-07,0.011655240252945426,1879.953133332043
2021-09-08,0.004189932495306928,1887.8300100550452
2021-09-09,-0.0009524875352928707,1886.031875501716
2021-09-10,-0.003008162403919069,1880.3583853212388
2021-09-13,0.00416014330124867,1888.1809456618794
2021-09-14,-0.006077785648841123,1876.7049866079203
2021-09-15,0.0006224320634431553,1877.8731079652089
2021-09-16,-0.019831671683399554,1840.6317450249578
2021-09-17,-0.0052936183753246125,1830.8881429972878
2021-09-22,0.0041917201361185595,1838.5627136932703
2021-09-23,0.007434291216662312,1852.2311243269628
2021-09-24,-0.007175071495061571,1838.9412335845388
2021-09-27,-0.022218104213520544,1798.0834456142175
2021-09-28,0.0034206598437733536,1804.2340774523836
2021-09-29,-0.018037475388789064,1771.6902496847217
2021-09-30,0.015668405654071703,1799.4498112101455
2021-10-08,0.004373169950936609,1807.3191110527484
2021-10-11,-0.0015617149320554522,1804.4965938100281
2021-10-12,-0.016667711157844104,1774.419765799089
2021-10-13,-0.0020714499403707777,1770.7441440810317
2021-10-14,0.006370173356457701,1782.02409124876
2021-10-15,0.0025561715594618725,1786.579250549086
2021-10-18,0.007455181048167076,1799.898522318828
2021-10-19,0.008255490505967715,1814.7575674815366
2021-10-20,0.002731067565984834,1819.713793014211
2021-10-21,-0.00047078699472906247,1818.8570954263307
2021-10-22,-0.004715847569386076,1810.2796426138038
2021-10-25,0.007536170561088612,1823.922218763808
2021-10-26,0.0038489403377679893,1830.9423865645592
2021-10-27,-0.003695663844070651,1824.1758389859563
2021-10-28,-0.008215971667729421,1809.1884619758912
2021-10-29,0.005557842482312686,1819.2436464683706
2021-11-01,0.01161688459653183,1840.3775899623677
2021-11-02,-0.004029747253178708,1832.961333424405
2021-11-03,0.002697382175992485,1837.9055306544676
2021-11-04,0.013133783036356185,1862.0441831354026
2021-11-05,-0.005065662614399461,1852.6116955305336
2021-11-08,0.006287850700451539,1864.26064127794
2021-11-09,0.008990987447089597,1881.0221853017736
2021-11-10,0.0029189635203731882,1886.5128204416822
2021-11-11,0.010106967013362299,1905.5797432881711
2021-11-12,0.008759705394120297,1922.2720604443787
2021-11-15,0.005122695203654337,1932.1192743085355
2021-11-16,-0.00781676224984936,1917.0163573029142
2021-11-17,0.007210647813116986,1930.83928710741
2021-11-18,-0.0011281462088362185,1928.6610180857879
2021-11-19,0.011073483982167426,1950.0180149765915
2021-11-22,0.012471403197198675,1974.3374758831656
2021-11-23,0.000759200168705405,1975.8363932279372
2021-11-24,0.0015199554443796526,1978.8395765110276
2021-11-25,-0.0011653202046257773,1976.5335947708063
2021-11-26,0.0016709405660079353,1979.8362649343867
2021-11-29,0.006568047558361202,1992.8399236802436
2021-11-30,0.004997902447587388,2002.7999432124552
2021-12-01,0.006397359455502375,2015.6125743666453
2021-12-02,0.00011611749503032001,2015.8466222497325
2021-12-03,0.003683720857052568,2023.2724384967328
2021-12-06,-0.015637224988710584,1991.6340721625022
2021-12-07,-0.025069418390532918,1941.7049643266196
2021-12-08,0.011794864570951203,1964.6071114175957
2021-12-09,0.006730185109055628,1977.829280944003
2021-12-10,0.006758053103495369,1991.1955562542707
2021-12-13,0.003897697593935594,1998.956634382938
2021-12-14,-0.00412400691952852,1990.7129233909056
2021-12-15,0.00026807184151748643,1991.2465774702118
2021-12-16,0.0040804757539328875,1999.3718108496805
2021-12-17,-0.0018005427441452043,1995.7718564428067
2021-12-20,-0.007961889120349014,1979.8817422122959
2021-12-21,0.007781990915778277,1995.2891639445074
2021-12-22,0.006503532829137157,2008.2655925258423
2021-12-23,0.006154873709901343,2020.6262136237792
2021-12-24,-0.005736351918033557,2009.0351905676296
2021-12-27,-0.002277400164097722,2004.4598134949529
2021-12-28,0.0010650316986022476,2006.5946267348993
2021-12-29,-0.0022953280680826442,2001.988833766891
2021-12-30,0.004200538232434795,2010.3982644040364
2021-12-31,0.00879959520930468,2028.0889553402806
2022-01-04,0.007760468368042193,2043.8278755257743
2022-01-05,-0.009325906764078264,2024.767327316797
2022-01-06,0.0055518021131343515,2036.0084348432
2022-01-07,-0.006283591734867208,2023.2149890698993
2022-01-10,0.004938318077863878,2033.2062682258286
2022-01-11,-0.007242376724971801,2018.481022471763
2022-01-12,0.009528878214776148,2037.7148823137334
2022-01-13,-0.007065326717659431,2023.3177609127497
2022-01-14,-0.008411089780278484,2006.2994535716805
2022-01-17,0.011596137342064545,2029.5647775846066
2022-01-18,-0.0008885550674835031,2027.7613975166978
2022-01-19,-0.0002984745402675819,2027.1561623658015
2022-01-20,-0.00665285844948385,2013.669779362583
2022-01-21,-0.005256193493796711,2003.0855413696424
2022-01-24,0.0038655186096712437,2010.82850580657
2022-01-25,-0.016318229666639032,1978.0153444285938
2022-01-26,0.004144720070130189,1986.2136643256724
2022-01-27,-0.012582338963098419,1961.222450747989
2022-01-28,0.0010764273389516168,1963.3335642117397
2022-02-07,0.011181486683490689,1985.2865523152236
2022-02-08,0.0011780778800194371,1987.6253744880064
2022-02-09,0.013398366999366492,2014.2563087126498
2022-02-10,0.0018344827696159106,2017.951427204573
2022-02-11,-0.01076283579251749,1996.2325473562942
2022-02-14,-0.03103454767600218,1934.2803731929778
2022-02-15,-0.015809089970721932,1903.7011607445684
2022-02-16,0.006558149210880468,1916.1859170096575
2022-02-17,0.0018402793472379643,1919.712234378199
2022-02-18,0.008030668035442898,1935.1288060560687
2022-02-21,0.011797295891455282,1957.9580931691905
2022-02-22,-0.005985060147293272,1946.2395962156932
2022-02-23,0.017457839256253344,1980.2167342405824
2022-02-24,-0.008842325226361756,1962.707013857743
2022-02-25,0.009573715128017718,1981.4974116881797
2022-02-28,0.005003230653376515,1991.411300277924
2022-03-01,0.003387982060735884,1998.1581660388124
2022-03-02,-0.0017592752289946108,1994.6428558736868
2022-03-03,-0.010310447487850012,1974.077195451186
2022-03-04,-0.015530948588938576,1943.4179040180377
2022-03-07,-0.02414414884834112,1896.495732868895
2022-03-08,-0.02631212140478554,1846.594906901991
2022-03-09,-0.008614455040496146,1830.6874980984744
2022-03-10,0.02004154007884882,1867.3772949634624
2022-03-11,-0.0006365183223685525,1866.188675100443
2022-03-14,-0.0075646975401830185,1852.0715222203933
2022-03-15,-0.019430294228283157,1816.0852276118267
2022-03-16,0.017052164767495968,1847.0534121448788
2022-03-17,0.016042078954737995,1876.6839888161253
2022-03-18,0.008253093898115346,1892.1724379929144
2022-03-21,0.004943622220409078,1901.526623702222
2022-03-22,-0.0034545660883654617,1894.9576743118562
2022-03-23,-0.002059334587335776,1891.0553224316084
2022-03-24,-0.013490089027506882,1865.5448177760652
2022-03-25,-0.010345016113252514,1846.2457265761768
2022-03-28,-0.006946749417634611,1833.4203201502735
2022-03-29,-0.0030187794685411487,1827.8856285305978
2022-03-30,0.014632326533892808,1854.6318479138672
2022-03-31,-0.0012799814843597829,1852.2579534882336
2022-04-01,0.0072109295319031826,1865.6144550657443
2022-04-06,0.002754358041399283,1870.7530252422055
2022-04-07,-0.008441906657657445,1854.9603028235806
2022-04-08,-0.0026354289616571233,1850.071686718795
2022-04-11,-0.015186324906508472,1821.975896983951
2022-04-12,0.0023413092669343164,1826.2417060356904
2022-04-13,-0.006702102738956065,1814.0020464956729
2022-04-14,0.005967337691543195,1824.8268092802628
2022-04-15,-0.0021912389029380406,1820.8281777846435
2022-04-18,0.008473820951063896,1836.2575497458427
2022-04-19,0.00906349572073801,1852.900462190137
2022-04-20,-0.004070765542155765,1845.3577388356089
2022-04-21,-0.014142783280815885,1819.2592442596804
2022-04-22,-0.0089469964872094,1802.982338191966
2022-04-25,-0.030139573742727212,1748.6412190531944
2022-04-26,-0.006042155383444043,1738.07565709778
2022-04-27,0.016776706195048046,1767.2348417416745
2022-04-28,-0.0003551781459220945,1766.607158547176
2022-04-29,0.021469850672364624,1804.5359504379144
2022-05-05,0.012257707997365596,1826.655425189131
2022-05-06,-0.004341313414973733,1818.725341487223
2022-05-09,0.0074392823087917935,1832.2553527447003
2022-05-10,0.006746975069134851,1844.6175339299577
2022-05-11,0.01146213522490508,1865.760789542094
2022-05-12,0.0021363310463786045,1869.7466722419088
2022-05-13,0.006258683677836707,1881.4488252211586
2022-05-16,0.006666439716686239,1893.9913903945255
2022-05-17,0.0030373752004296934,1899.7441528735376
2022-05-18,0.0026366258271676673,1904.7530673720148
2022-05-19,0.002258073721989277,1909.054140220326
2022-05-20,0.004107733732942898,1916.8960263101233
2022-05-23,0.004900835639299843,1926.2904186726964
2022-05-24,-0.02066119448644558,1886.4909576951231
2022-05-25,0.006317975416255975,1898.40976118883
2022-05-26,0.002062406059217463,1902.3250529831832
2022-05-27,-0.00012415428744602596,1902.0888711717394
2022-05-30,0.0012762512905612122,1904.5164145483348
2022-05-31,0.0022487347335751673,1908.7991667603935
2022-06-01,0.003922318885418061,1916.286085780648
2022-06-02,0.005348825592235489,1926.5359658383163
2022-06-06,0.011614038274726415,1948.9108282831996
2022-06-07,0.0008615899334698914,1950.5899902340789
2022-06-08,0.0019940524792945342,1954.4795690401922
2022-06-09,-0.0042328210080017185,1946.2066068606487
2022-06-10,0.008332664240576498,1962.4236930584102
2022-06-13,0.0029621590377263535,1968.2367041366517
2022-06-14,-0.0027627786761332753,1962.7989017408802
2022-06-15,0.006899952162835104,1976.3421202681575
2022-06-16,0.0072908888361695135,1990.7514109692722
2022-06-17,0.004837585396270443,2000.3818409225821
2022-06-20,-0.011249929558491387,1977.877686122118
2022-06-21,0.0014905884204692162,1980.8258876981558
2022-06-22,0.0014052471439653783,1983.6094376195365
2022-06-23,0.007776940198368925,1999.035849592824
2022-06-24,0.007255826743052764,2013.5405073706206
2022-06-27,0.010028257841072797,2033.7328107519777
2022-06-28,0.0077379067846513,2049.4696456664633
2022-06-29,-0.013299346426916402,2022.213038857295
2022-06-30,0.006472696569205469,2035.3022102561092
2022-07-01,-0.0002437432016941583,2034.806119178966
2022-07-04,0.0066541457134999035,2048.3460155947037
2022-07-05,-0.0025113309007342563,2043.2019409503446
2022-07-06,-0.007265689222892045,2028.3566706277893
2022-07-07,0.005961804918262822,2040.4493374027295
2022-07-08,-0.0028556279703257767,2034.6225732028095
2022-07-11,-0.009216057890981087,2015.8713737818755
2022-07-12,-0.01135452280482048,1992.9821162966844
2022-07-13,0.006677060001759436,2006.2893774696308
2022-07-14,0.006469937947468888,2019.2699452465254
2022-07-15,-0.0027292880109931377,2013.7587759940052
2022-07-18,0.011683908719930827,2037.2873497166788
2022-07-19,0.0052519066997962546,2047.9869927980658
2022-07-20,0.006993561747749614,2062.309716290787
2022-07-21,-0.0029775986893633578,2056.1689855824984
2022-07-22,-0.0032656436751375213,2049.454270339717
2022-07-25,-0.004352398159470557,2040.534229345571
2022-07-26,0.007248444830944265,2055.324929132636
2022-07-27,0.008603078018116156,2073.007049850543
2022-07-28,0.007127101855861585,2087.781582242747
2022-07-29,-0.0009632314641982221,2085.7705653323574
2022-08-01,0.006440470179885636,2099.203908460464
2022-08-02,-0.013453920732318249,2070.961385475064
2022-08-03,-0.003529061369874998,2063.6528356510817
2022-08-04,0.002569643366310444,2068.9556874705804
2022-08-05,0.001854762678697997,2072.793109263581
2022-08-08,0.009737177852573425,2092.976264420069
2022-08-09,0.0022280035195812358,2097.6394229035973
2022-08-10,0.00047512363154497423,2098.6360609638787
2022-08-11,0.005292926317204906,2109.74398700119
2022-08-12,-0.001291110522630786,2107.0200743395158
2022-08-15,0.004805167417544046,2117.144658548843
2022-08-16,0.005022839367018674,2127.7787360854754
2022-08-17,0.0007777753417987231,2129.4336699192063
2022-08-18,-0.007640709819976283,2113.1632851664667
2022-08-19,-0.014427183986055055,2082.6762896587934
2022-08-22,0.003489677388657315,2089.9441580147086
2022-08-23,0.00249444325717302,2095.1574051275365
2022-08-24,-0.022269807660925473,2048.4986526959824
2022-08-25,-0.012192611143940353,2023.522105194775
2022-08-26,-0.0017039649900531806,2020.074094370924
2022-08-29,-0.0017650109058000882,2016.5086415638355
2022-08-30,-0.002465608364333631,2011.5367209904446
2022-08-31,-0.01951344340720854,1972.2847130238758
2022-09-01,-0.002800586786372303,1966.7611585176173
2022-09-02,0.00873315624402605,1983.9371910096334
2022-09-05,0.006827134581913529,1997.4817972147196
2022-09-06,0.01182438673470535,2021.100794480521
2022-09-07,0.005714298149527284,2032.6499670104292
2022-09-08,-0.007287003605340417,2017.8380393724292
2022-09-09,-0.0021074063286720575,2013.5856347180204
2022-09-13,0.001919269022130372,2017.4502472501415
2022-09-14,-0.004946906494668051,2007.4701095193502
2022-09-15,-0.014140713221524527,1979.0830503998545
2022-09-16,-0.011675940975746557,1955.9753935172855
2022-09-19,-0.004471231319060014,1947.22977507848
2022-09-20,0.007550981275718458,1961.933270649619
2022-09-21,0.0035114264999088363,1968.8224551272308
2022-09-22,-0.0010353791607883207,1966.7839773859
2022-09-23,-0.00928793537067159,1948.5166149158672
2022-09-26,-0.005982252853095487,1936.8600958369827
2022-09-27,0.006322622721073321,1949.106131486462
2022-09-28,-0.011803185020450241,1926.1004711920334
2022-09-29,-0.00464405871807855,1917.1555475068988
2022-09-30,-0.005308198475585493,1906.9789053521622
2022-10-10,-0.006992254279684974,1893.6448239399447
2022-10-11,0.0061677078652479025,1905.3242720145452
2022-10-12,0.015616810237277443,1935.079359611075
2022-10-13,0.010176803993865816,1954.7722829664121
2022-10-14,0.01266450402061806,1979.528504403433
2022-10-17,0.0030019157211065416,1985.4708821411805
2022-10-18,0.0017029661219824523,1988.8520717896497
2022-10-19,-0.003231099344372254,1982.4258931644367
2022-10-20,-0.006632843354526555,1969.2767727531198
2022-10-21,-0.002141045144644327,1965.0604622803558
2022-10-24,-0.00949282326596559,1946.4064906049919
2022-10-25,-0.005997843561995097,1934.7322489662913
2022-10-26,0.010744986574084894,1955.5209210058833
2022-10-27,-0.0007600421083506257,1954.034642762158
2022-10-28,-0.015517502229721276,1923.7129058361436
2022-10-31,-0.0021693741624023524,1919.5396527623425
2022-11-01,0.010300251326432034,1939.311393616847
2022-11-02,0.01102896644158357,1960.6999938968274
2022-11-03,0.0013199247144827916,1963.2879702764583
2022-11-04,0.013912978188240126,1990.603152984149
2022-11-07,0.0005404860717446807,1991.6790462627077
2022-11-08,-0.0036361134507119862,1984.4370752930904
2022-11-09,-0.0010629279461250938,1982.3277616684347
2022-11-10,-0.004351281664900492,1973.7020952252635
2022-11-11,0.0066721633803877925,1986.8709580688205
2022-11-14,-0.006211499257148467,1974.529510588726
2022-11-15,0.004968050569110097,1984.339073047531
2022-11-16,-0.009319407149440696,1965.8462093032574
2022-11-17,-0.012177252492887449,1941.907603650386
2022-11-18,-0.0032197641017544447,1935.6551192592285
2022-11-21,0.003705231327235219,1942.827169245831
2022-11-22,-0.0036917658098390145,1935.6547063279831
2022-11-23,-0.0007392790492554217,1934.2237173570022
2022-11-24,0.006293356825643249,1946.3964773909524
2022-11-25,-0.0034496057066706336,1939.682176995101
2022-11-28,-0.002559818926213756,1934.7169418475894
2022-11-29,0.011087774716357386,1956.1686474387152
2022-11-30,0.0026468708893921697,1961.3463732863622
2022-12-01,0.007856624214357389,1976.755934695466
2022-12-02,0.003177259096987932,1983.036600471502
2022-12-05,0.003964483537393506,1990.89831642812
2022-12-06,-0.0021350324611018254,1986.6476838957929
2022-12-07,-0.0037760267864177773,1979.1460490262275
2022-12-08,-0.004932158217014893,1969.3845875778504
2022-12-09,0.00016111830586845223,1969.7018914862047
2022-12-12,-0.0021791448635970056,1965.409625726555
2022-12-13,-0.008483670446268443,1948.7357381699671
2022-12-14,-0.007383018370655899,1934.3481864155046
2022-12-15,0.0013111370359389471,1936.8843819631152
2022-12-16,-0.010357770670135224,1916.8225777201746
2022-12-19,-0.01092000830482654,1895.8908592525913
2022-12-20,-0.0027819472695344927,1890.616590853358
2022-12-21,-0.0010882757618709841,1888.5590786425412
2022-12-22,-0.0052556350869220544,1878.6335012851023
2022-12-23,-0.005557848805204179,1868.1923403245685
2022-12-26,0.011363128274759845,1889.4208495296002
2022-12-27,0.007850132184497004,1904.2530529505523
2022-12-28,-0.004285419334674305,1896.0925300993254
2022-12-29,-0.004262649551737829,1888.0101521258441
2022-12-30,-0.0006633822335937406,1886.7576797340794
2023-01-03,0.010203359461634077,1906.0089465574047
2023-01-04,0.0035553033704850273,1912.7853865892746
2023-01-05,0.009700664095335439,1931.3406751110433
2023-01-06,0.005373462710730984,1941.7186622104705
2023-01-09,0.0036497917760719726,1948.805531015252
2023-01-10,-0.002384273526612775,1944.1590455791359
2023-01-11,-0.0025662798297386613,1939.169789434662
2023-01-12,0.0010365082581145248,1941.179754935297
2023-01-13,0.001325474841094863,1943.7527398625068
2023-01-16,0.008242917675927842,1959.7749336795525
2023-01-17,0.00393446639034364,1967.4856022887523
2023-01-18,0.003658608439910549,1974.6838617186886
2023-01-19,0.002277771208820513,1979.1817397654338
2023-01-20,0.00587305529218459,1990.8055835563584
2023-01-30,0.007495343169651926,2005.7273545891726
2023-01-31,-0.0017283160036723967,2002.2608239032324
2023-02-01,0.009901015160381228,2022.0852386757363
2023-02-02,0.003938362084566153,2030.0489425114977
2023-02-03,-0.0029821165625348654,2023.9950999372777
2023-02-06,-0.008924538552902818,2005.9318776370012
2023-02-07,0.004145923429959171,2014.2483176073983
2023-02-08,-0.0025939013161316985,2009.0235562453404
2023-02-09,0.007725616175005337,2024.5445011274367
2023-02-10,-0.000923920031487081,2022.673983908208
2023-02-13,0.005625085522030942,2034.0516980508787
2023-02-14,-0.00016729952642074254,2033.7114021650798
2023-02-15,-0.0025692688274303144,2028.4862508555075
2023-02-16,-0.01093866890908294,2006.2973113707724
2023-02-17,-0.008680647457555337,1988.8813517157214
2023-02-20,0.009415110046663698,2007.6068885118823
2023-02-21,0.0025069132378288143,2012.6397847970493
2023-02-22,-0.0006824531765826588,2011.266252382598
2023-02-23,-0.0020524924048347646,2007.138143675482
2023-02-24,-0.002379526738694283,2002.362104794353
2023-02-27,-0.0038606936174115933,1994.6315981966266
2023-02-28,0.0023621806893695486,1999.3432784402926
2023-03-01,0.00814936051244554,2015.6366476044375
2023-03-02,-0.0008492343877553419,2013.9248996500721
2023-03-03,0.0007486533281642125,2015.4326312288679
2023-03-06,0.0016601749906619502,2018.7786020785982
2023-03-07,-0.008404689470908472,2001.8113948176128
2023-03-08,0.0005377503224300388,2002.8878695406197
2023-03-09,0.0013904505615523726,2005.672786103549
2023-03-10,-0.006598409972138521,1992.4385347908765
2023-03-13,0.0025456864770861953,1997.5106586253194
2023-03-14,-0.002917341875385426,1991.6832371343828
2023-03-15,0.00378702931191208,1999.2257999334547
2023-03-16,-0.007494208152853433,1984.2431856441985
2023-03-17,0.003778294586021088,1991.7402409298675
2023-03-20,0.0005632505258242121,1992.8620896678763
2023-03-21,0.00729899418975192,2007.407978481339
2023-03-22,0.0036770562077253115,2014.7893304500508
2023-03-23,0.0002665317900481765,2015.3263358568654
2023-03-24,0.0002610216333710264,2015.8523796288264
2023-03-27,-0.0005651827681812784,2014.713054600663
2023-03-28,-0.003943676044988302,2006.7676789897093
2023-03-29,-0.0029462372548415758,2000.8552652920578
2023-03-30,-0.0018509153056180954,1997.151851657202
2023-03-31,0.004769222924817341,2006.6767140524667
2023-04-03,0.005961517793244581,2018.6395529885801
2023-04-04,-0.002061517885834404,2014.4780914450414
2023-04-06,0.0016704668966391295,2017.8432104108053
2023-04-07,0.005375256471473162,2028.6896351859837
2023-04-10,-0.0048128260156426045,2018.9259049320963
2023-04-11,-0.00375914131244436,2011.3364771561019
2023-04-12,0.00245596345871337,2016.2762460471745
2023-04-13,-0.0036987844008395474,2008.818474920512
2023-04-14,0.004980669761597819,2018.8237363550875
2023-04-17,0.0014202981699404159,2021.6910680132648
2023-04-18,-0.0008120442497095675,2020.0493654067957
2023-04-19,-0.004204281162783249,2011.5565099119235
2023-04-20,-0.006722487575750587,1998.0338462661205
2023-04-21,-0.013938664020771194,1970.1839237808879
2023-04-24,-0.008223992278221827,1953.9811464050372
2023-04-25,-0.005725025151871923,1942.7945551955847
2023-04-26,0.0094686479713953,1961.190192919475
2023-04-27,0.004368210117323016,1969.7570837621804
2023-04-28,0.005401515697300725,1980.396757569991
2023-05-04,-0.002967532818977571,1974.5198651973053
2023-05-05,-0.010427541626669777,1953.9304771102738
2023-05-08,0.0023979977553097312,1958.6159980084155
2023-05-09,-0.007119162418698498,1944.6722926027323
2023-05-10,0.0014444253403590164,1947.4812265408616
2023-05-11,0.0028951664071070527,1953.1195087664144
2023-05-12,-0.017232873893026815,1919.461646573832
2023-05-15,0.005229388242356145,1929.499256740079
2023-05-16,0.002471167809795341,1934.267373192359
2023-05-17,0.004867056517821332,1943.6815618182638
2023-05-18,0.0018545143621345515,1947.2861471900717
2023-05-19,0.0013048625630790603,1949.8270879831427
2023-05-22,0.00107090445289653,1951.915166494042
2023-05-23,-0.004428549245240403,1943.2710140566917
2023-05-24,-0.0026871807863128733,1938.0490935251198
2023-05-25,-0.0005451024202840911,1936.9926582736098
2023-05-26,0.004727669793067864,1946.1501199535244
2023-05-29,-0.0019184408097378124,1942.4165461415294
2023-05-30,0.0007118574723435026,1943.7992698743037
2023-05-31,0.00024126181329484355,1944.2682344108346
2023-06-01,0.003484733454908999,1951.0434909726032
2023-06-02,0.009555280426375136,1969.6862586529005
2023-06-05,-0.0002516799585951793,1969.1905280968772
2023-06-06,-0.006312169694667312,1956.7606633223982
2023-06-07,-0.0004948889162220144,1955.7922841584204
2023-06-08,0.000711161280892564,1957.1831679043826
2023-06-09,0.004391398799427745,1965.777939718178
2023-06-12,0.005768007903676273,1977.116562411345
2023-06-13,0.0022384297233886425,1981.5421988912508
2023-06-14,0.0022216742978534024,1985.9445402646393
2023-06-15,0.004653834459875713,1995.1867974015247
2023-06-16,0.002641360596719126,2000.4568051912752
2023-06-19,-0.002352845953550979,1995.7500384919274
2023-06-20,-0.0013329943692431984,1993.0897149282007
2023-06-21,-0.007108723285186475,1978.9213916622248
2023-06-26,-0.007700879928212244,1963.6819556376633
2023-06-27,0.007207447717188788,1977.8350906661092
2023-06-28,-0.0013674015505189103,1975.1305958964613
2023-06-29,0.004033742446294664,1983.097764018104
2023-06-30,0.003955538036601144,1990.9419826539765
2023-07-03,0.003576164429004462,1998.0619185525552
2023-07-04,0.002514809434203251,2003.086663515454
2023-07-05,-0.0017996073892115085,1999.4818939545605
2023-07-06,0.00020582767252349643,1999.8934426590458
2023-07-07,-0.0015747167961305804,1996.7441768644192
2023-07-10,-0.002830655406232079,1991.0920821653156
2023-07-11,0.0037968182900430013,1998.6518970000404
2023-07-12,-0.0033514029129322,1991.953609210497
2023-07-13,0.004786910552802297,2001.488912963119
2023-07-14,-0.00302606415881152,1995.4322790993426
2023-07-17,-0.004241690092724831,1986.9682737703838
2023-07-18,0.003184743492697027,1993.2962580504693
2023-07-19,0.0005035189992758129,1994.2999205875833
2023-07-20,-0.004013713003801828,1986.29537306284
2023-07-21,-0.0013880226672787486,1983.5383500611179
2023-07-24,-0.0014233943262881013,1980.714992827666
2023-07-25,0.009931372336462425,2000.386210913851
2023-07-26,-0.0019496158341237102,1996.4862262826907
2023-07-27,-0.002404531701214868,1991.6856118605551
2023-07-28,0.0061619983871669835,2003.9583753885836
2023-07-31,0.004355415621039651,2012.6864470006644
2023-08-01,-0.0026941323511416753,2007.2640033310956
2023-08-02,0.0015300467721258044,2010.3352111401964
2023-08-03,0.0019071597594994293,2014.1692415579882
2023-08-04,0.0021470443474894815,2018.4937522429625
2023-08-07,-0.004471009918599327,2009.4690466560535
2023-08-08,-0.0013639420401101842,2006.7282473450189
2023-08-09,-0.0021474524665887774,2002.4188938204848
2023-08-10,-0.0006163417954204608,2001.1847193642836
2023-08-11,-0.0034019724046631247,1994.3767441723728
2023-08-14,-0.0020454296208933702,1990.2973869046216
2023-08-15,-0.004069495767946403,1982.1978801116586
2023-08-16,-0.0024913823425514936,1977.2594673137055
2023-08-17,0.005404765722757305,1987.9460915076402
2023-08-18,-0.0024783839754584785,1983.019197770372
2023-08-21,-0.0023401839704293675,1978.3785680306962
2023-08-22,-0.005162354530329081,1968.165476467317
2023-08-23,-0.008158902934756764,1952.1074053852808
2023-08-24,0.0033414832777616103,1958.6303396367703
2023-08-25,-0.008513916107658316,1941.9547252391887
2023-08-28,0.0032980079833431607,1948.3593074263183
2023-08-29,0.012908123399580132,1973.5089697932974
2023-08-30,0.0014308835126447524,1976.3328312402311
2023-08-31,-0.00022422286234859875,1975.889692235857
2023-09-01,0.001752021961785686,1979.35149437072
2023-09-04,0.006819971714716183,1992.8506155758093
2023-09-05,-0.0014606039661913346,1989.9398500626726
2023-09-06,-1.3671065519433215e-05,1989.9126454646027
2023-09-07,-0.016198370470867838,1957.6793032287026
2023-09-08,-0.0022895867700983416,1953.1970265959346
2023-09-11,0.0027332562750382507,1958.5356146252639
2023-09-12,-0.00038936460882720844,1957.7730301718013
2023-09-13,-0.007044059937686245,1943.9823596028855
2023-09-14,-0.0048438592230303805,1934.5659827209147
2023-09-15,0.0014424307348780553,1937.356460153041
2023-09-18,0.0034140405781631637,1943.9706737223698
2023-09-19,-0.004787453487361786,1934.6640045411286
2023-09-20,-0.002673118560745111,1929.4924182817842
2023-09-21,-0.0024978350689661985,1924.6728644540958
2023-09-22,0.009579912646697615,1943.1110623690354
2023-09-25,-0.0017162376849339453,1939.7762219377857
2023-09-26,-0.0005559767822349769,1938.6977513956567
2023-09-27,0.0019994017038795363,1942.5739869831048
2023-09-28,0.005683598616851852,1953.614797808654
2023-10-09,-0.0014832917193324821,1950.717017156299
2023-10-10,-0.002817600421478234,1945.2206760665747
2023-10-11,-0.0019502344900852718,1941.4270396132827
2023-10-12,0.0009829031235490686,1943.3352743146613
2023-10-13,-0.002755405991135788,1937.980596657029
2023-10-16,-0.007713209146137597,1923.0325469938568
2023-10-17,-0.004385013514266112,1914.6000232869153
2023-10-18,-0.010884179073547022,1893.7611737792433
2023-10-19,-0.009414403234488446,1875.9325424594672
2023-10-20,-0.004335754718978374,1867.7989590860136
2023-10-23,-0.011945020594037601,1845.4880620542092
2023-10-24,0.014858182336199026,1872.9086601794893
2023-10-25,0.00795067694999628,1887.7995518934265
2023-10-26,0.0014030172647562014,1890.448167257132
2023-10-27,0.010926059888995336,1911.1033171496247
2023-10-30,0.003707488281550624,1918.1887103027898
2023-10-31,-0.00822308040330188,1902.415290309264
2023-11-01,-0.002594634243858376,1897.4792184509877
2023-11-02,-0.003640755847597168,1890.570959890718
2023-11-03,0.007258510293113002,1904.2936886629457
2023-11-06,0.011779397306390153,1926.7251206097578
2023-11-07,0.003633810684403605,1933.7264749389383
2023-11-08,0.000590389097248237,1934.8681259668026
2023-11-09,-0.0022260864445521338,1930.560942259592
2023-11-10,-0.0017245985846213023,1927.231499591046
2023-11-13,0.0021151633951532493,1931.3079091129673
2023-11-14,0.0037308869090994273,1938.5134005085172
2023-11-15,0.004461157164900711,1947.1614134544518
2023-11-16,-0.007863694170601385,1931.84953159825
2023-11-17,0.00027631843854027653,1932.3833372443162
2023-11-20,0.006255827795344946,1944.4719946367104
2023-11-21,-0.0038993733143624127,1936.889772430299
2023-11-22,-0.009549179538939663,1918.394064246226
2023-11-23,0.0011158697677162762,1920.5347421850847
2023-11-24,-0.005493575880471506,1909.9841388478092
2023-11-27,0.0028606711194579327,1915.4479753124335
2023-11-28,0.004143966385782059,1923.3855273358427
2023-11-29,-0.002667704456247669,1918.2545031934865
2023-11-30,-0.0028197407512062936,1912.8455227996471
2023-12-01,0.0020588858754542433,1916.7838534284651
2023-12-04,0.00048099759303836786,1917.7058218483392
2023-12-05,-0.006488320948900404,1905.2631309906124
2023-12-06,0.001413234521255549,1907.9557146194038
2023-12-07,0.00037053165713134246,1908.662672612075
2023-12-08,0.00035721830492328174,1909.3444818566556
2023-12-11,0.0022440636275223415,1913.6291723608006
2023-12-12,0.00041697048788232776,1914.4270992504255
2023-12-13,-0.004255643460997841,1906.2799800839434
2023-12-14,-0.001978374717898117,1902.5086439661102
2023-12-15,-0.0038227709448937844,1895.235789199547
2023-12-18,-0.006905278256070709,1882.1486587142604
2023-12-19,-0.0030731414087459817,1876.36454973375
2023-12-20,-0.004153915652600272,1868.5702896606267
2023-12-21,0.005378060271191383,1878.6195732993792
2023-12-22,-0.002273871179508943,1874.3478343943923
2023-12-25,-0.0025402533251416403,1869.5865160755998
2023-12-26,-0.008782174243427294,1853.1674815282618
2023-12-27,0.004718871911609832,1861.9123415043541
2023-12-28,0.013770920587079976,1887.5525884993147
2023-12-29,0.00925957454169837,1905.0305223938997
2024-01-02,0.0015776678895483309,1908.03602787769
2024-01-03,-0.007183773960264304,1894.3291283453761
2024-01-04,-0.0033920794578938297,1887.9034134226258
2024-01-05,-0.006842905357226471,1874.9846690409902
2024-01-08,-0.010138046214477558,1855.9759878148157
2024-01-09,0.003162697240815263,1861.8458779504967
2024-01-10,-0.0025521680993554293,1857.094134294875
2024-01-11,0.007553698897836012,1871.122064210276
2024-01-12,-0.00022250937614014574,1870.7057220070867
2024-01-15,-0.00317566310164909,1864.764990871665
2024-01-16,-0.005495719454483757,1854.5167656332912
2024-01-17,-0.012797520723811864,1830.7835488924427
2024-01-18,-0.001702678608152453,1827.6663129075862
2024-01-19,-0.0021290277595494354,1823.7751605922124
2024-01-22,-0.022065684800502052,1783.5323127515996
2024-01-23,0.0013347091172522326,1785.9128095903432
2024-01-24,-0.0035531724335308994,1779.567153426617
2024-01-25,0.01757867979782087,1810.849594595423
2024-01-26,0.0011840145917642497,1812.9936669389147
2024-01-29,-0.013587770107990784,1788.3591257853054
2024-01-30,-0.011542646168500767,1767.7167291741562
2024-01-31,-0.014061779582151794,1742.8594861648269
2024-02-01,0.000795753160589015,1744.2463721094052
2024-02-02,-0.010014263148276137,1726.7790299436756
2024-02-05,-0.01724544939009083,1696.9999495749116
2024-02-06,0.019541699598735574,1730.1622128085744
2024-02-07,-0.003449793998514499,1724.1935095903707
2024-02-08,0.0148034066540251,1749.7174472630675
2024-02-19,0.008807208629565558,1765.1275738639042
2024-02-20,0.008903467707600648,1780.8433302175972
2024-02-21,0.00783080283544991,1794.7887632173572
2024-02-22,0.0029409407480790167,1800.0671306252973
2024-02-23,0.004001915288003052,1807.2708467947784
2024-02-26,0.0014770960986603364,1809.9403595118015
2024-02-27,0.005578691892298817,1820.0374591209545
2024-02-28,-0.021977532984443545,1780.037525830201
2024-02-29,0.012289625842721686,1801.913521008658
2024-03-01,0.0038548521123771607,1808.8596311514393
2024-03-04,-0.002825040029482259,1803.7495302857221
2024-03-05,-0.007940544540360214,1789.4267768008344
2024-03-06,0.0011448338390052761,1791.4753731273381
2024-03-07,-0.003944264871649129,1784.4093197446873
2024-03-08,0.004105423342920463,1791.735075419292
2024-03-11,0.0070010328549504775,1804.2790715496697
2024-03-12,0.0029572747709465637,1809.6148205277104
2024-03-13,0.0008365955414446615,1811.1287362182961
2024-03-14,-0.001979208748374078,1807.5441343791413
2024-03-15,0.004847676968825164,1816.3065244495062
2024-03-18,0.00820067389715457,1831.2014619537906
2024-03-19,0.0019975398016668223,1834.8593597589136
2024-03-20,0.005703339049307303,1845.3241847954137
2024-03-21,1.7027124730045575e-05,1845.3556053604755
2024-03-22,-0.004289140789467782,1837.4406153624507
2024-03-25,-0.005109422368271628,1828.052355181947
2024-03-26,-0.0033362275688743922,1821.9535565172432
2024-03-27,-0.011121043848526985,1801.6915311252353
2024-03-28,0.006941502678573204,1814.1979777145038
2024-03-29,0.004369600667648945,1822.1252984091727
2024-04-01,0.009939992712026094,1840.2372105957584
2024-04-02,-0.0005546712492242306,1839.216483923288
2024-04-03,-0.00031087637896198795,1838.6447149626388
2024-04-08,-0.007301911838871702,1825.2190933509742
2024-04-09,0.006464124090479445,1837.0175360627072
2024-04-10,-0.0048712958891327495,1828.0688800910202
2024-04-11,0.0031576832855126956,1833.8413426384498
2024-04-12,0.002053532199680553,1837.6071948846634
2024-04-15,-0.014347216517357689,1811.2426465857986
2024-04-16,-0.015842944078905925,1782.5472306226102
2024-04-17,0.01606642551103935,1811.1863929233182
2024-04-18,0.0019034746640646891,1814.6339403341462
2024-04-19,-0.0035878366329632864,1808.123330207597
2024-04-22,-0.005769366198385983,1797.691604583784
2024-04-23,0.0012024375104989016,1799.8532164014446
2024-04-24,0.00790513615045929,1814.0813011279397
2024-04-25,0.001296339410159485,1816.4329662118253
2024-04-26,0.008739151489855648,1832.3070490747182
2024-04-29,0.005777012047107951,1842.8923089712234
2024-04-30,0.000860010895813673,1844.47721643675
2024-05-06,0.012613062913737953,1867.741723610623
2024-05-07,0.005494264220628562,1878.003590136032
2024-05-08,-0.0031386897669555274,1872.1091194853666
2024-05-09,0.01000191121487031,1890.8337886830082
2024-05-10,-0.0005882543765341876,1889.7214974315166
2024-05-13,-0.0035311742706596572,1883.0485615010741
2024-05-14,0.0026460212307226304,1888.0311479732877
2024-05-15,-0.002794809634106647,1882.7544603314386
2024-05-16,0.0014950548749583508,1885.569281565707
2024-05-17,0.0012612736518423727,1887.947500419269
2024-05-20,0.005582302297166931,1898.48659408779
2024-05-21,-0.0036769685576871825,1891.5059185741386
2024-05-22,0.0001523603645393732,1891.794109105421
2024-05-23,-0.008497188558817263,1875.7191778458925
2024-05-24,-0.0009925109711420672,1873.8575059830991
2024-05-27,0.0030442006533411086,1879.561904227081
2024-05-28,-0.001621873620324809,1876.5134923568476
2024-05-29,-0.00027825676545685155,1875.991339782128
2024-05-30,0.0016627537016100345,1879.1106513265395
2024-05-31,0.0013390677346257157,1881.6269077695222
2024-06-03,-0.01067308920648242,1861.5441359295803
2024-06-04,-0.0008237461385235552,1860.0106961359172
2024-06-05,-0.0030085849789050737,1854.41469589492
2024-06-06,-0.009448469008822048,1836.8933161112527
2024-06-07,0.0040141868188407126,1844.2669490484031
2024-06-11,0.004177435269286352,1851.9712548473371
2024-06-12,0.004377006593869065,1860.0773452414599
2024-06-13,-0.004163951353152464,1852.3320736627734
2024-06-14,-0.0015687119967530672,1849.426298116848
2024-06-17,-0.004150681530955651,1841.7499185383908
2024-06-18,0.0011643676156606827,1843.8943924996827
2024-06-19,-0.004925046583202255,1834.8131267221163
2024-06-20,-0.014722792872127192,1807.7995530983267
2024-06-21,-0.008353265321290378,1792.698523783586
2024-06-24,-0.02182095097666726,1753.5801371801606
2024-06-25,0.006254781324265775,1764.5483974727986
2024-06-26,0.02323731403984801,1805.5517627233846
2024-06-27,-0.006117866294895931,1794.5056384505292
2024-06-28,0.003981577676349994,1801.6506020406682
2024-07-01,0.004712567446598568,1810.14100201799
2024-07-02,0.0028596565232166357,1815.3173835423527
2024-07-03,-0.006489313850670965,1803.5372193019675
2024-07-04,-0.010688836811367192,1784.2595042816215
2024-07-05,0.004617568650580025,1792.498445033092
2024-07-08,-0.013207457876134405,1768.824097327281
2024-07-09,0.009236107514462539,1785.1611468643675
2024-07-10,-0.0030996407099478708,1779.6277886997295
2024-07-11,0.011475878297988237,1800.0505806185656
2024-07-12,-0.004785970942675878,1791.4355908443783
2024-07-15,-0.007599568614917607,1777.8214531525512
2024-07-16,-0.0005891020953415312,1776.7741348093557
2024-07-17,-0.008634294949425511,1761.4329428709016
2024-07-18,-0.002088707773121548,1757.7538241912946
2024-07-19,0.0019443697173736067,1761.1715474976497
2024-07-22,-0.004617290474185975,1753.0397068879813
2024-07-23,-0.01371469430732889,1728.9973031994032
2024-07-24,-0.013506062508298932,1705.645357545712
2024-07-25,0.0011858490035991744,1707.6679953934513
2024-07-26,0.01486607106760342,1733.054309172842
2024-07-29,-0.0018875123753011771,1729.7831477172094
2024-07-30,-0.0006311227212500006,1728.6914422698499
2024-07-31,0.01478417760235887,1754.2487235720455
2024-08-01,0.0011106159892751968,1756.19702025361
2024-08-02,-0.005567084982584902,1746.420122195696
2024-08-05,-0.012302770728871685,1724.934315836034
2024-08-06,0.004321151290511604,1732.3880179809569
2024-08-07,0.0025286470394573213,1736.768615813816
2024-08-08,-0.002038033309963145,1733.229023523089
2024-08-09,-0.0008669515327208795,1731.7263979645893
2024-08-12,-0.0038091587196340485,1725.129977255762
2024-08-13,0.0004196051351607288,1725.8538506530383
2024-08-14,-0.004162209373282569,1718.6704855789344
2024-08-15,-0.005106561010306833,1709.893989887712
2024-08-16,-0.015960614659959904,1682.6030308057327
2024-08-19,0.003930646462170555,1689.2167484560066
2024-08-20,-0.012086291014038927,1668.8003832483787
2024-08-21,0.0035282466414431816,1674.688322595814
2024-08-22,-0.0047757461490200576,1666.6904362883681
2024-08-23,0.0013354595303507722,1668.9162339156537
2024-08-26,0.011732047734570622,1688.496038836952
2024-08-27,-0.004502763996676406,1680.8931396647465
2024-08-28,0.0020884124781344222,1684.4035378720328
2024-08-29,0.010336586886726637,1701.814521393557
2024-08-30,0.0119296246665461,1722.1165298858598
2024-09-02,-0.008447619156870586,1707.5687452976326
2024-09-03,0.0026316749409438767,1712.0625111745712
2024-09-04,0.001528807213822782,1714.6799246921707
2024-09-05,0.008565347416050912,1729.3667539544872
2024-09-06,-0.005270176530368257,1720.2526858753972
2024-09-09,-0.003690465737965381,1713.904152277531
2024-09-10,-0.005354527826123596,1704.7270048028524
2024-09-11,-0.002643725801993885,1700.2201740348994
2024-09-12,-0.0020739928879590862,1696.6939294859867
2024-09-13,-0.006978151513618491,1684.8541421737968
2024-09-18,-0.005061379779173121,1676.3264554877424
2024-09-19,0.007944192996504887,1689.643516375284
2024-09-20,-0.0048081675043471295,1681.5194273259178
2024-09-23,-0.0008111154915659785,1680.1555208690447
2024-09-24,0.022232820123656703,1717.510116344295
2024-09-25,0.005232422341177859,1726.496854648254
2024-09-26,0.015784923939379955,1753.7494761804553
2024-09-27,0.017347281057652854,1784.172261248469
2024-09-30,0.030824889514262245,1839.1691740758647
2024-10-08,0.03510413829320767,1903.7316231072282
2024-10-09,-0.04301714470381274,1821.8385243988
2024-10-10,0.001243555378424762,1824.1040814944374
2024-10-11,-0.01694808232288057,1793.1890153557672
2024-10-14,0.018546569944742578,1826.4465208532072
2024-10-15,-0.0006613315458089091,1825.238634152234
2024-10-16,0.004282982831712655,1833.0560998860865
2024-10-17,0.00046115548170130584,1833.901423754815
2024-10-18,0.01395025154631516,1859.4848099273404
2024-10-21,0.010952716105718551,1879.8512191533707
2024-10-22,0.002700808431271515,1884.928337175596
2024-10-23,0.004483459765644699,1893.3793375364462
2024-10-24,-0.007981324213965394,1878.267663183545
2024-10-25,0.011284937696806269,1899.463796740497
2024-10-28,0.00814743303091855,1914.9395508190944
2024-10-29,-0.013365566534014366,1889.3452988440065
2024-10-30,-0.003326951978183056,1883.0595377645468
2024-10-31,0.0054884578899439046,1893.3946307418246
2024-11-01,-0.00885084668411317,1876.6364851526057
2024-11-04,0.008646358397950428,1892.8625567859049
2024-11-05,0.011910695730518273,1915.4078667594724
2024-11-06,0.001970763663559602,1919.182682984178
2024-11-07,0.010350645610022545,1939.0474627966396
2024-11-08,-0.0008288841963517917,1937.4402169987516
2024-11-11,0.015071260130421142,1966.639882496279
2024-11-12,-0.004683802014969901,1957.4285306519228
2024-11-13,-0.0003344811858502719,1956.7738076357732
2024-11-14,-0.012919380900761442,1931.4935014782934
2024-11-15,-0.007350555183306496,1917.2959519094795
2024-11-18,-0.011234564448901455,1895.7559669701345
2024-11-19,0.010820112867701287,1916.2682605023695
2024-11-20,0.011097572746645879,1937.534186925383
2024-11-21,0.00028855290982566655,1938.0932680529072
2024-11-22,-0.011916981562542193,1914.9970463110337
2024-11-25,0.0027618624040366053,1920.2860046570813
2024-11-26,-0.00397547213255405,1912.6519611590336
2024-11-27,0.00878030262612528,1929.445624196462
2024-11-28,0.0030855285437804895,1935.3989837435925
2024-11-29,0.008937946208154947,1952.6974757516105
2024-12-02,0.009159530707813696,1970.5832682438277
2024-12-03,0.0011595508171319809,1972.8682596827464
2024-12-04,-0.007180511304888236,1958.7020568410392
2024-12-05,0.006789462834228375,1972.0005916592881
2024-12-06,0.005489934159728835,1982.8267450704438
2024-12-09,0.0013982527610084318,1985.5992380413397
2024-12-10,0.0067054317095293055,1998.913538134519
2024-12-11,0.01112814947968916,2021.1577467838545
2024-12-12,0.009022686383760622,2039.394019265193
2024-12-13,-0.007510380746356754,2024.0773936886685
2024-12-16,-0.010564406680654162,2002.6942169486226
2024-12-17,-0.01202199272050424,1978.6178416510704
2024-12-18,0.006739668482982582,1991.9530699583133
2024-12-19,-0.000998214383044637,1989.964673753531
2024-12-20,0.0080395995297459,2005.963192808851
2024-12-23,-0.01126587108953022,1983.364270068324
2024-12-24,0.004289903918391378,1991.8727122220878
2024-12-25,-0.005660216183581999,1980.5982820607328
2024-12-26,0.006381871115421806,1993.2382050282702
2024-12-27,0.003638184050384112,2000.48997247442
2024-12-30,-0.003293657118308912,1993.9010444364742
2024-12-31,-0.010829631933731283,1972.3078300129446
2025-01-02,-0.006325765760883709,1959.831472671926
2025-01-03,-0.006454597922445369,1947.1815485200746
2025-01-06,-0.003970555971428437,1939.4501551951428
2025-01-07,0.011598320734745895,1961.9445201441488
2025-01-08,-0.0012573153948435096,1959.4777370951426
2025-01-09,0.004787947271513656,1968.859613180059
2025-01-10,-0.004999283077106402,1959.0167266346896
2025-01-13,-0.0005414863918376738,1957.9559457358343
2025-01-14,0.014751954597238602,1986.8396229507227
2025-01-15,0.0009490689173769505,1988.7252706806785
2025-01-16,-0.001776035616221094,1985.1932237690705
2025-01-17,0.00399933979018867,1993.1326860201034
2025-01-20,0.006242994128623355,2005.575801676494
2025-01-21,0.003135502287483078,2011.8642891903712
2025-01-22,-0.001673755857622584,2008.496919551597
2025-01-23,-0.0013175717204612506,2005.8505808097627
2025-01-24,0.006832751873730662,2019.5560601242141
2025-01-27,-0.008433789372738795,2002.5235496866883
2025-02-05,0.0069606277780285015,2016.4623707327935
2025-02-06,0.011593141424638322,2039.8395041741603
2025-02-07,0.0045809117979627055,2049.1838290247824
2025-02-10,0.0037870111307131797,2056.9441109941768
2025-02-11,-0.0028513796320502,2051.078982451822
2025-02-12,0.005095897491922749,2061.531070694234
2025-02-13,-0.0041196945233628384,2053.038192432553
2025-02-14,0.0021819591651078877,2057.5178379328477
2025-02-17,0.0040213826378886165,2065.791904443457
2025-02-18,-0.009125874876038992,2046.9397460035718
2025-02-19,0.012525330214102365,2072.5783422506374
2025-02-20,0.00593314537008,2084.87525084609
2025-02-21,0.010038555221183684,2105.8043861809874
2025-02-24,-0.001374822903280375,2102.909278081038
2025-02-25,0.0010003677252143563,2105.0129606518835
2025-02-26,0.008345844825919562,2122.5810721780335
2025-02-27,-0.006100598729071998,2109.632056786752
2025-02-28,-0.01860089129676389,2070.3910202222933
2025-03-03,-0.0035524332075727474,2063.0360944093954
2025-03-04,0.006212156995676073,2075.851998515613
2025-03-05,0.00492239500150775,2086.070162016976
2025-03-06,0.01286794791857451,2112.913604216303
2025-03-07,0.0009075919519407058,2114.831267598636
2025-03-10,0.0023994677666852493,2119.905737057217
2025-03-11,-0.005132324339167888,2109.0256932461766
2025-03-12,0.004026066970738693,2117.5167719301935
2025-03-13,-0.009481573686513345,2097.4393806247094
2025-03-14,0.008811042948585741,2115.9200090894487
2025-03-17,0.003621720233393788,2123.5832793986106
2025-03-18,0.002727185041596731,2129.374683952771
2025-03-19,-0.007894511433939209,2112.5643111631653
2025-03-20,-0.002240967019695671,2107.8301242148627
2025-03-21,-0.01380036442764008,2078.7413003491397
2025-03-24,-0.008998341646206736,2060.036075934518
2025-03-25,0.0018299722296873685,2063.8058847456323
2025-03-26,0.005952257281103839,2076.0901883498946
2025-03-27,-7.5939309265824e-05,2075.932531495018
2025-03-28,-0.005984813251569411,2063.5084629711623
2025-03-31,-0.004060590150477987,2055.1294008309937
2025-04-01,0.004630473545894373,2064.6456231549314
2025-04-02,0.003839072713718111,2072.5719478302826
2025-04-03,-0.006960058729503006,2058.1467253522633
2025-04-07,-0.0536887179939209,1947.6474662247138
2025-04-08,0.011105322294863672,1969.2767190539137
2025-04-09,0.01428479025712305,1997.4074239438344
2025-04-10,0.013581429980190924,2024.5350730140408
2025-04-11,-0.002690193646166554,2019.088681624177
2025-04-14,0.004229445191110267,2027.6283065390976
2025-04-15,-0.0052282775833422555,2017.0273029166692
2025-04-16,-0.00861311825261379,1999.6544082378973
2025-04-17,0.0023016979238451914,2004.2570086377464
2025-04-18,-0.0005747518489381703,2003.1050582162848
2025-04-21,0.008324911902137966,2019.7807313566623
2025-04-22,0.002774033289373199,2025.3836703426798
2025-04-23,0.006959054049661777,2039.478424775897
2025-04-24,-0.00510672247965492,2029.0633744573229
2025-04-25,0.0025211951147758372,2034.1790391245752
2025-04-28,-0.00860559591757545,2016.673716289867
2025-04-29,0.0063672157362204464,2029.5143129110497
2025-04-30,0.003713205966194089,2037.0503175662277
2025-05-06,0.012756087855109701,2063.035110382382
2025-05-07,0.00036808415859131735,2063.7944809251308
2025-05-08,0.007343513321274405,2078.949983188177
2025-05-09,-0.0058152589742758625,2066.8603506413715
2025-05-12,0.00793804547006329,2083.2671820850337
2025-05-13,0.00043458494502696696,2084.1725386388366
2025-05-14,-0.0022843059791209396,2079.4116508473044
2025-05-15,-0.0046990650300894315,2069.6403602756473
2025-05-16,0.002813892126491016,2075.464104990095
2025-05-19,0.0019154666993550676,2079.43958736891
2025-05-20,0.0040225082710102725,2087.804150308168
2025-05-21,-0.0015758012332467248,2084.5141859533346
2025-05-22,-0.00660490084433335,2070.7461764465065
2025-05-23,-0.0021430575180282465,2066.3084482851446
2025-05-26,-0.0007019410875337504,2064.858021485775
2025-05-27,-0.0039042289028629828,2056.796343117982
2025-05-28,-9.003398687372968e-05,2056.6111615430236
2025-05-29,0.008083791123888488,2073.236376595995
2025-05-30,-0.003122662974309473,2066.762358125807
2025-06-03,0.003209954794400964,2073.3965718661602
2025-06-04,0.007080253297135666,2088.076744780386
2025-06-05,0.004808257214558409,2098.116754853028
2025-06-06,0.00033254492329988364,2098.8144729283445
2025-06-09,0.005975782611831992,2111.3565319611307
2025-06-10,-0.0051152404227169605,2100.556435682076
2025-06-11,0.003204598660688012,2107.2878760225626
2025-06-12,5.2884278117386757e-05,2107.399318420671
2025-06-13,-0.007423436041270129,2091.755174366959
2025-06-16,0.004207374220152327,2100.5559711624605
2025-06-17,-0.0009710579569126562,2098.516209572723
2025-06-18,0.0002533670051695005,2099.0479043400414
2025-06-19,-0.005985788472015319,2086.4834475920347
2025-06-20,-0.002585084916352087,2081.089710703446
2025-06-23,0.005455658325453317,2092.4434251096604
2025-06-24,0.009849645222109819,2113.053250494327
2025-06-25,0.00853633217975733,2131.0909749540624
2025-06-26,-0.0017965266156872144,2127.262413297107
2025-06-27,0.0034742625491181235,2134.6530814317716
2025-06-30,0.0061727219499439125,2147.829701363041
2025-07-01,0.004878754355520035,2158.3084348734806
2025-07-02,-0.0062485175408648706,2144.822206759577
2025-07-03,0.0064211325008048945,2158.5943943398493
2025-07-04,-0.002520772824110363,2153.1530682523203
2025-07-07,-0.0013333006138127913,2150.282267944787
2025-07-08,0.008196557411459042,2167.9071800048387
2025-07-09,-0.003761188833366997,2159.753271727628
2025-07-10,0.002743528612705215,2165.678616624997
2025-07-11,0.002400422039952926,2170.8771593077986
2025-07-14,-0.0020662269754025252,2166.3916343609517
2025-07-15,-0.004288706235339775,2157.10061705048
2025-07-16,0.006022402042872351,2170.0915442132864
2025-07-17,0.011032990124374269,2194.0341427895796
2025-07-18,0.002350825892753112,2199.1919350620337
2025-07-21,0.010098508837225942,2221.4004942530137
2025-07-22,0.004706129587177747,2231.854692843989
2025-07-23,-0.0028389636685630685,2225.518538457493
2025-07-24,0.009928722626727721,2247.6150947264778
2025-07-25,0.0016933154002849657,2251.421015980291
2025-07-28,-0.005993524081002487,2237.9270699045383
2025-07-29,0.003147441219275618,2244.970813810088
2025-07-30,-0.0014737444148960747,2241.6623006116306
2025-07-31,-0.008839066307852908,2221.8480988967103
2025-08-01,0.0037370936267051096,2230.151353266604
2025-08-04,0.011365446700982124,2255.498019607279
2025-08-05,0.008099042408636868,2273.7653937206746
2025-08-06,0.007585140962239151,2291.012224747107
2025-08-07,-0.0014501873952922453,2287.689827696319
2025-08-08,0.0014333366715139914,2290.9688574194056
2025-08-11,0.010873528748473738,2315.8797731524137
2025-08-12,-0.0035672637877743082,2307.6184191008083
2025-08-13,0.009734689881003237,2330.082368774446
2025-08-14,-0.0067452002156306035,2314.3654966781514
2025-08-15,0.013051606717385162,2344.5716849410805
2025-08-18,0.01174808117026077,2372.1159034052635
2025-08-19,0.0036593084187726992,2380.7962071008988
2025-08-20,0.00332081602117188,2388.7023932885845
2025-08-21,0.003991829413034326,2398.2376857610993
2025-08-22,0.008934764701721899,2419.665375182177
2025-08-25,0.005417341887156569,2432.7735297720537
2025-08-26,-0.0006637685046576821,2431.158731324026
2025-08-27,-0.03230167027175825,2352.6282436064917
2025-08-28,9.91492172982515e-05,2352.861504855439
2025-08-29,-0.006919743201608259,2336.5803074528894
2025-09-01,-0.003622359425835644,2328.1163737519655
2025-09-02,-0.01269199681031256,2298.5679281622693
2025-09-03,0.0010614053946487645,2301.007640561187
2025-09-04,-0.005779388566029119,2287.709223312982
2025-09-05,0.02642762234207442,2348.1679386951782
2025-09-08,0.008931799108011921,2369.141302995478
2025-09-09,-0.012405476338779704,2339.7509766179414
2025-09-10,-0.007698762803240117,2321.7377888303104
2025-09-11,0.015607472419435522,2357.974247334641
2025-09-12,0.003168690175387838,2365.4459371659873
2025-09-15,-0.008235790122117292,2345.9646208822733
2025-09-16,0.0017526439010240016,2350.0762614670803
2025-09-17,0.007560885883336964,2367.844919897172
2025-09-18,-0.006920571073151994,2351.458080838822
2025-09-19,-0.007149510201613078,2334.646307301199
2025-09-22,-0.003981003551122743,2325.3520720612173
2025-09-23,-0.002384724491474755,2319.806748023672
2025-09-24,0.014210596793672274,2352.7725863590763
2025-09-25,0.0033225681746477465,2360.589833676697
2025-09-26,-0.004674943115975121,2349.554210484109
2025-09-29,0.011018176708720444,2375.442013961941
2025-09-30,0.006530735593219457,2390.9553976721513
2025-10-09,0.005276187527438577,2403.570526720011
2025-10-10,-0.005034970566349136,2391.4686198638315
2025-10-13,-0.003933999117588288,2382.060584423547
2025-10-14,-0.012718292180142924,2351.7648419200464
2025-10-15,0.006333566968004794,2366.6599020393455
2025-10-16,-0.0118817391474409,2338.5398664326062
2025-10-17,-0.010357114459143413,2314.3193413686936
2025-10-20,0.003707638530492037,2322.900000930615
2025-10-21,0.012892922517796081,2352.8489706592018
2025-10-22,-0.004393969933701937,2342.510623023584
2025-10-23,0.0001246326759444495,2342.8025763909595
2025-10-24,0.010165336474709711,2366.6179528737903
2025-10-27,0.006647007085402021,2382.348879174982
2025-10-28,-0.0030663385178507953,2375.0437910438095
2025-10-29,0.006602754209042559,2390.7256214317845
2025-10-30,-0.009094269195711375,2368.9837190573994
2025-10-31,0.004879398868098204,2380.542935534711
2025-11-03,0.0007020762759045923,2382.2142582535225
2025-11-04,-0.00905735425064677,2360.6376998155783
2025-11-05,0.006986582425298757,2377.1304896816077
2025-11-06,0.006474317641664104,2392.5207875474916
2025-11-07,-0.0012142030227479726,2389.6157815752636
2025-11-10,0.005152809597286451,2401.9290167083914
2025-11-11,-0.0006171924201632128,2400.446564325509
2025-11-12,-0.0030606676975564505,2393.099595066368
2025-11-13,0.011360075406084904,2420.2853869205933
2025-11-14,-0.006835095034463902,2403.7425062904667
2025-11-17,-0.001736542252970455,2399.568305863032
2025-11-18,-0.005306232583206623,2386.835638332832
2025-11-19,0.0009155922587026082,2389.0210065660845
2025-11-20,-0.0018898386961764767,2384.506142221898
2025-11-21,-0.01180415978558042,2356.3590507094127
2025-11-24,0.006029906598492597,2370.567675697703
2025-11-25,0.003066714824920587,2377.8375307322426
2025-11-26,-0.0089008536422959,2356.6727468860367
2025-11-27,-0.005005107638129022,2344.8773461200267
2025-11-28,0.008066583480208571,2363.7924949833537
2025-12-01,0.0005915592546161135,2365.1908183097535
2025-12-02,-0.005859390381232693,2351.3322419791693
2025-12-03,-0.0023957209215628044,2345.6991061335148
2025-12-04,-0.0016920713769714114,2341.7300158170387
2025-12-05,0.011405816584520077,2368.4393588679136
2025-12-08,0.006047343697480404,2382.762125697628
2025-12-09,-0.006965517253102446,2366.164955001042
2025-12-10,0.00383591441975228,2375.241361271443
2025-12-11,-0.005673196065554857,2361.7661513259345
2025-12-12,0.003725025658995437,2370.5637908401704
2025-12-15,-0.002216586772550787,2365.3092304979064
2025-12-16,-0.008821216851268831,2344.4443248553766
2025-12-17,0.00932598953425849,2366.3085880926296
2025-12-18,0.0027617117562065766,2372.843650339178
2025-12-19,0.005016128073559741,2384.7461379878123
2025-12-22,0.006117764142721107,2399.335452400286
2025-12-23,-0.004043780446860285,2389.6330666124113
2025-12-24,0.010169668015818867,2413.9348415794834
2025-12-25,0.009939206009242233,2437.9274372628292
2025-12-26,-0.0022747964665518613,2432.3816485428342
2025-12-29,-0.003652089867507916,2423.4983721702783
2025-12-30,0.001718717655059799,2427.6636816095356
2025-12-31,0.002066210202126393,2432.6797450758095
2026-01-05,0.01614111443629794,2471.945907227942
2026-01-06,0.013669510699986408,2505.736198256582
2026-01-07,0.005096922350260215,2518.507741089332
2026-01-08,0.007011783954987232,2536.1669732588134
2026-01-09,0.011252464972586331,2564.705103290038
2026-01-12,0.017147785081627783,2608.6841151990097
2026-01-13,-0.012966987641003205,2574.8573405179422
2026-01-14,0.003484734670337081,2583.830035163617
2026-01-15,0.001187170757636682,2586.897482624067
2026-01-16,0.007040814390251483,2605.1113476458318
2026-01-19,0.0059133046172169515,2620.5161646062297
2026-01-20,-0.009145288719414304,2596.5507876870133
2026-01-21,0.013077063196143834,2630.506046429594
2026-01-22,0.010873169828700074,2659.1079854078457
2026-01-23,0.011773205002799356,2690.4142088446333
2026-01-26,-0.014974620390544577,2650.126277373857
2026-01-27,0.002855218191898659,2657.6929661318436
2026-01-28,0.006255704591397897,2674.3187082226004
2026-01-29,-0.006983544605367956,2655.642484234758
2026-01-30,-0.016575968825887997,2611.622637203379
2026-02-02,-0.025611325600625092,2544.735519496
2026-02-03,0.029671926386591024,2620.2427245038293
2026-02-04,-0.00453938157055624,2608.3484429698324
2026-02-05,-0.008210804198896474,2586.93180462211
2026-02-06,0.009551356264664029,2611.6405119204464
2026-02-09,0.0146503356006175,2649.9019218882495
2026-02-10,-0.0003481083027476446,2648.979469027773
2026-02-11,0.0005290349185898687,2650.380871665516
2026-02-12,0.00435143461252368,2661.913830726852
2026-02-13,-0.006056919867806369,2645.7908319591343
2026-02-24,0.00981218818867987,2671.7518295102013
2026-02-25,0.002267621303247414,2677.810350875789
2026-02-26,-0.010094140593304931,2650.7801567118413
2026-02-27,-0.0019281561039136824,2645.669038772544
2026-03-02,-0.0040859484434419835,2634.858971481709
2026-03-03,-0.02309825235903049,2573.9983340279687
2026-03-04,-0.0021732616295463093,2568.4043622141094
2026-03-05,0.00017409876130735274,2568.851518232107
2026-03-06,0.0038691050238333978,2578.790674546781
2026-03-09,-0.004397664649640702,2567.450017958503
2026-03-10,0.012195975868102657,2598.7625764200848
2026-03-11,0.0004912870689482572,2600.0393148691464
2026-03-12,-0.014485322738736078,2562.376906259865
2026-03-13,-0.01266042526006622,2529.9361249500425
2026-03-16,-0.0011363755859586347,2527.0611673036146
2026-03-17,-0.019756530941896215,2477.1352051597164
2026-03-18,0.014171422669017228,2512.2397351603377
2026-03-19,-0.020102402337636348,2461.7376812355474
2026-03-20,-0.010025975657060284,2437.0563591694117
2026-03-23,-0.014614817131572509,2401.4392261408148
2026-03-24,0.02744283966323194,2467.341537784793
2026-03-25,0.011531713010669601,2495.794212297832
2026-03-26,-0.01604937812997061,2455.7382672500717
2026-03-27,0.0072309442171711175,2473.4955736725296
2026-03-30,-0.008542876346920312,2452.3648068419907
2026-03-31,-0.014524251650632224,2416.7460432482635
2026-04-01,0.02225560411233337,2470.532186426845
2026-04-02,-0.01521405794737919,2432.945366581682
2026-04-03,0.002047238301171662,2437.9261855208056
2026-04-07,0.005822046418111239,2452.1199049368365
2026-04-08,0.033717967156332344,2534.8004033548855
2026-04-09,-0.0031718057824216598,2526.76050877824
2026-04-10,-0.0012262101915207694,2523.662169290844
2026-04-13,-0.005802392841236303,2509.018889986052
2026-04-14,0.010120549789872237,2534.411540585885
2026-04-15,0.0023951578685436304,2540.4818563294475
2026-04-16,0.016556311971341078,2582.542866500369
2026-04-17,0.002745166702406315,2589.632377185023
2026-04-20,0.0031220665446780008,2597.717381792848
2026-04-21,-0.0037208781489025387,2588.0515919499107
2026-04-22,0.007829545032434467,2608.3148584353457
2026-04-23,-0.006888734523866318,2590.346869820929
2026-04-24,-0.004331670547286393,2579.12634057767
2026-04-27,0.006070076758291576,2594.781835434308
2026-04-28,-0.010290082137787959,2568.081317218049
2026-04-29,0.00932570942113964,2592.030497352282
2026-04-30,-0.0010810586220280285,2589.22836043456
2026-05-06,0.01605891533798738,2630.808559465494
2026-05-07,0.006864212793559159,2648.866989236782
2026-05-08,0.0030696928067176776,2656.9981971795946
2026-05-11,0.005349892420443512,2671.212851695818
2026-05-12,-0.014095750629744374,2633.5601014593453
2026-05-13,0.005580466769476803,2648.256596090959
2026-05-14,-0.014552319756294525,2609.7183193079272
2026-05-15,-0.0053647788615592325,2595.71775763388
2026-05-18,0.0006108424581523403,2597.303332249623
2026-05-19,0.01819215938965552,2644.5538884531916
2026-05-20,-0.0036648319081792995,2634.8620429798884
2026-05-21,-0.013977856717804512,2598.032318871934
2026-05-22,0.007827861634236082,2618.3693563853367
2026-05-25,0.0017739384992212256,2623.01418259181
2026-05-26,-0.006733629888714297,2605.3517758933885
2026-05-27,-0.010730294817403844,2577.3955832350057
2026-05-28,0.010763374623277835,2605.137057449746
2026-05-29,-0.01605380118349122,2563.314705073702
2026-06-01,0.008880680949028387,2586.078685141415
2026-06-02,0.003955172563134371,2596.307072602993
2026-06-03,-0.002959662836781522,2588.6228790473365
2026-06-04,-0.005766852794469211,2573.6946719634757
2026-06-05,-0.0029353918900371662,2566.139869495962
2026-06-08,-0.011598698789405308,2536.3759860981945
2026-06-09,0.014959797272152624,2574.31965665618
2026-06-10,-0.014868256758515826,2536.0440110225218
2026-06-11,0.002091141672185141,2541.3472383364665
2026-06-12,0.009478430840252596,2565.4352223761057
2026-06-15,0.018288648820669877,2612.3535662303198
2026-06-16,0.007726809285688791,2632.5387240233704
2026-06-17,-0.004158729979079728,2621.590706310686
2026-06-18,-0.007667964112866042,2601.4884428560727
2026-06-22,-0.0004861700038245659,2600.2236772098595
2026-06-23,-0.007450634890464468,2580.850359957428
2026-06-24,0.0009975672220471328,2583.42493168153
2026-06-25,-0.01098090064096002,2555.056599193356
2026-06-26,-0.010592752511158064,2527.991516986099
2026-06-29,-0.0011447395233322374,2525.0976251819566
2026-06-30,0.017351995793011995,2568.913108551058
2026-07-01,0.00803861034001179,2589.5636000280488
2026-07-02,-0.0029867192953447162,2581.8293004573225
2026-07-03,0.008282642727743433,2603.21367013703
2026-07-06,-0.0006792583010574069,2601.4454156421634
2026-07-07,-0.010616589609799193,2573.8269372719974
2026-07-08,-0.005366850989689574,2560.0135916264094
2026-07-09,0.0067508167121406336,2577.295774164068
2026-07-10,-0.0010391365624327614,2574.6176118929307
2026-07-13,-0.017523131872040784,2529.502247959652
2026-07-14,0.012862242962090485,2562.0373204460625
2026-07-15,-0.0028435010617952044,2554.7521646050154
2026-07-16,-0.004722701791053262,2542.686831981538
2026-07-17,-0.011808267445172639,2512.662105840181
